date,region,district,confirmed,suspected,deaths,cfr,rainfall,temperature,humidity,created_at
2024-01-26,Adamawa,District1,0,3,0,0.0,17.68,21.6,78.1,2026-08-14 10:21:17
2024-01-26,Adamawa,District2,0,0,0,0.0,3.86,21.5,80.7,2026-08-14 10:21:17
2024-01-26,Adamawa,District3,0,5,0,0.0,10.57,20.4,61.5,2026-08-14 10:21:17
2024-01-26,Adamawa,District4,0,2,0,0.0,10.66,23.7,71.2,2026-08-14 10:21:17
2024-01-26,Adamawa,District5,0,1,0,0.0,6.21,34.1,59.2,2026-08-14 10:21:17
2024-01-26,Adamawa,District6,1,1,0,0.0,9.29,21.1,51.0,2026-08-14 10:21:17
2024-01-26,Adamawa,District7,1,5,0,0.0,0.63,27.0,67.6,2026-08-14 10:21:17
2024-01-26,Adamawa,District8,1,0,0,0.0,15.38,26.9,78.2,2026-08-14 10:21:17
2024-01-26,Adamawa,District9,0,4,0,0.0,2.71,32.9,82.4,2026-08-14 10:21:17
2024-01-26,Adamawa,District10,0,2,0,0.0,17.82,32.2,73.7,2026-08-14 10:21:17
2024-01-26,Centre,District1,1,4,1,100.0,14.35,32.0,72.7,2026-08-14 10:21:17
2024-01-26,Centre,District2,0,0,0,0.0,9.13,33.5,71.9,2026-08-14 10:21:17
2024-01-26,Centre,District3,0,4,0,0.0,10.71,29.7,86.2,2026-08-14 10:21:17
2024-01-26,Centre,District4,0,4,0,0.0,10.23,32.7,79.6,2026-08-14 10:21:17
2024-01-26,Centre,District5,0,2,0,0.0,6.56,30.3,66.4,2026-08-14 10:21:17
2024-01-26,Centre,District6,0,5,0,0.0,12.86,34.6,78.9,2026-08-14 10:21:17
2024-01-26,Centre,District7,2,0,0,0.0,11.08,27.2,70.2,2026-08-14 10:21:17
2024-01-26,Centre,District8,0,0,0,0.0,9.93,21.0,60.4,2026-08-14 10:21:17
2024-01-26,Centre,District9,0,4,0,0.0,9.21,28.0,71.0,2026-08-14 10:21:17
2024-01-26,Centre,District10,0,3,0,0.0,1.54,32.7,89.7,2026-08-14 10:21:17
2024-01-26,East,District1,1,1,0,0.0,13.79,26.6,69.7,2026-08-14 10:21:17
2024-01-26,East,District2,0,2,0,0.0,2.01,21.5,52.1,2026-08-14 10:21:17
2024-01-26,East,District3,0,5,0,0.0,10.62,25.0,52.7,2026-08-14 10:21:17
2024-01-26,East,District4,0,0,0,0.0,1.89,31.8,77.4,2026-08-14 10:21:17
2024-01-26,East,District5,0,0,0,0.0,15.66,23.8,66.0,2026-08-14 10:21:17
2024-01-26,East,District6,0,2,0,0.0,6.04,20.1,66.6,2026-08-14 10:21:17
2024-01-26,East,District7,1,3,0,0.0,13.9,21.5,74.9,2026-08-14 10:21:17
2024-01-26,East,District8,0,2,0,0.0,15.67,29.5,74.4,2026-08-14 10:21:17
2024-01-26,East,District9,0,2,0,0.0,7.35,28.9,79.7,2026-08-14 10:21:17
2024-01-26,East,District10,0,0,0,0.0,15.84,26.6,79.3,2026-08-14 10:21:17
2024-01-26,Far North,District1,1,0,0,0.0,4.6,33.2,80.9,2026-08-14 10:21:17
2024-01-26,Far North,District2,0,4,0,0.0,7.12,28.6,63.3,2026-08-14 10:21:17
2024-01-26,Far North,District3,1,2,1,100.0,7.53,26.0,56.1,2026-08-14 10:21:17
2024-01-26,Far North,District4,0,1,0,0.0,14.49,27.9,84.2,2026-08-14 10:21:17
2024-01-26,Far North,District5,2,3,1,50.0,2.3,34.7,80.9,2026-08-14 10:21:17
2024-01-26,Far North,District6,1,2,1,100.0,10.84,26.3,77.0,2026-08-14 10:21:17
2024-01-26,Far North,District7,0,3,0,0.0,7.13,25.8,76.5,2026-08-14 10:21:17
2024-01-26,Far North,District8,3,1,0,0.0,15.71,33.0,54.4,2026-08-14 10:21:17
2024-01-26,Far North,District9,0,2,0,0.0,5.49,32.4,68.8,2026-08-14 10:21:17
2024-01-26,Far North,District10,2,5,0,0.0,3.04,30.4,67.6,2026-08-14 10:21:17
2024-01-26,Littoral,District1,0,5,0,0.0,3.58,24.0,50.1,2026-08-14 10:21:17
2024-01-26,Littoral,District2,1,0,0,0.0,5.44,33.4,61.1,2026-08-14 10:21:17
2024-01-26,Littoral,District3,0,5,0,0.0,14.4,34.7,62.2,2026-08-14 10:21:17
2024-01-26,Littoral,District4,0,3,0,0.0,1.45,21.7,53.2,2026-08-14 10:21:17
2024-01-26,Littoral,District5,0,0,0,0.0,18.29,31.2,77.6,2026-08-14 10:21:17
2024-01-26,Littoral,District6,0,3,0,0.0,6.51,27.2,63.5,2026-08-14 10:21:17
2024-01-26,Littoral,District7,1,3,1,100.0,1.74,25.3,52.2,2026-08-14 10:21:17
2024-01-26,Littoral,District8,3,1,1,33.33,7.01,29.2,67.8,2026-08-14 10:21:17
2024-01-26,Littoral,District9,0,3,0,0.0,10.96,22.3,82.0,2026-08-14 10:21:17
2024-01-26,Littoral,District10,0,5,0,0.0,5.05,27.9,63.1,2026-08-14 10:21:17
2024-01-26,North,District1,0,4,0,0.0,12.22,27.4,78.3,2026-08-14 10:21:17
2024-01-26,North,District2,0,5,0,0.0,4.1,32.5,68.5,2026-08-14 10:21:17
2024-01-26,North,District3,0,2,0,0.0,15.18,24.6,77.9,2026-08-14 10:21:17
2024-01-26,North,District4,0,2,0,0.0,11.05,26.7,88.8,2026-08-14 10:21:17
2024-01-26,North,District5,0,3,0,0.0,14.1,31.0,67.5,2026-08-14 10:21:17
2024-01-26,North,District6,0,3,0,0.0,15.48,34.0,69.8,2026-08-14 10:21:17
2024-01-26,North,District7,0,4,0,0.0,11.76,28.4,83.7,2026-08-14 10:21:17
2024-01-26,North,District8,1,2,0,0.0,9.41,24.0,76.3,2026-08-14 10:21:17
2024-01-26,North,District9,2,0,0,0.0,12.75,20.5,80.3,2026-08-14 10:21:17
2024-01-26,North,District10,1,4,0,0.0,9.97,23.1,50.2,2026-08-14 10:21:17
2024-01-26,North-West,District1,0,3,0,0.0,19.48,33.7,83.5,2026-08-14 10:21:17
2024-01-26,North-West,District2,3,3,0,0.0,13.42,25.9,73.0,2026-08-14 10:21:17
2024-01-26,North-West,District3,0,1,0,0.0,15.58,20.7,63.5,2026-08-14 10:21:17
2024-01-26,North-West,District4,0,1,0,0.0,16.6,22.1,53.1,2026-08-14 10:21:17
2024-01-26,North-West,District5,0,2,0,0.0,16.52,22.9,62.5,2026-08-14 10:21:17
2024-01-26,North-West,District6,0,5,0,0.0,5.78,31.4,79.1,2026-08-14 10:21:17
2024-01-26,North-West,District7,0,3,0,0.0,13.9,33.5,86.8,2026-08-14 10:21:17
2024-01-26,North-West,District8,1,1,0,0.0,16.49,27.6,69.7,2026-08-14 10:21:17
2024-01-26,North-West,District9,1,2,0,0.0,14.01,29.5,59.8,2026-08-14 10:21:17
2024-01-26,North-West,District10,0,0,0,0.0,13.44,34.4,75.3,2026-08-14 10:21:17
2024-01-26,South,District1,0,0,0,0.0,15.61,22.3,77.7,2026-08-14 10:21:17
2024-01-26,South,District2,0,2,0,0.0,17.13,26.9,52.8,2026-08-14 10:21:17
2024-01-26,South,District3,0,0,0,0.0,15.99,23.6,62.8,2026-08-14 10:21:17
2024-01-26,South,District4,0,0,0,0.0,15.12,32.2,69.3,2026-08-14 10:21:17
2024-01-26,South,District5,0,0,0,0.0,5.87,29.0,59.4,2026-08-14 10:21:17
2024-01-26,South,District6,2,3,1,50.0,16.61,30.4,74.7,2026-08-14 10:21:17
2024-01-26,South,District7,2,0,0,0.0,6.69,21.9,69.7,2026-08-14 10:21:17
2024-01-26,South,District8,3,3,0,0.0,15.55,30.0,63.3,2026-08-14 10:21:17
2024-01-26,South,District9,0,4,0,0.0,4.02,24.4,55.4,2026-08-14 10:21:17
2024-01-26,South,District10,0,4,0,0.0,6.5,31.8,54.7,2026-08-14 10:21:17
2024-01-26,South-West,District1,0,0,0,0.0,12.51,29.3,61.7,2026-08-14 10:21:17
2024-01-26,South-West,District2,1,2,0,0.0,15.12,31.1,51.1,2026-08-14 10:21:17
2024-01-26,South-West,District3,0,5,0,0.0,13.16,32.9,70.7,2026-08-14 10:21:17
2024-01-26,South-West,District4,3,1,0,0.0,19.51,25.5,88.9,2026-08-14 10:21:17
2024-01-26,South-West,District5,1,5,0,0.0,16.37,20.5,52.0,2026-08-14 10:21:17
2024-01-26,South-West,District6,2,2,1,50.0,9.34,31.1,69.8,2026-08-14 10:21:17
2024-01-26,South-West,District7,2,3,1,50.0,9.17,22.3,55.0,2026-08-14 10:21:17
2024-01-26,South-West,District8,1,2,0,0.0,19.07,32.8,67.7,2026-08-14 10:21:17
2024-01-26,South-West,District9,3,0,0,0.0,11.29,28.1,57.5,2026-08-14 10:21:17
2024-01-26,South-West,District10,0,5,0,0.0,9.16,32.5,64.8,2026-08-14 10:21:17
2024-01-26,West,District1,0,2,0,0.0,1.52,22.9,56.7,2026-08-14 10:21:17
2024-01-26,West,District2,1,2,0,0.0,7.88,21.9,81.5,2026-08-14 10:21:17
2024-01-26,West,District3,0,4,0,0.0,3.1,31.2,63.1,2026-08-14 10:21:17
2024-01-26,West,District4,0,3,0,0.0,13.26,25.2,57.3,2026-08-14 10:21:17
2024-01-26,West,District5,0,1,0,0.0,10.06,32.1,85.9,2026-08-14 10:21:17
2024-01-26,West,District6,0,2,0,0.0,4.69,21.8,76.0,2026-08-14 10:21:17
2024-01-26,West,District7,0,1,0,0.0,18.17,30.0,65.2,2026-08-14 10:21:17
2024-01-26,West,District8,0,1,0,0.0,12.99,27.4,71.3,2026-08-14 10:21:17
2024-01-26,West,District9,0,0,0,0.0,17.86,32.8,51.6,2026-08-14 10:21:17
2024-01-26,West,District10,1,2,0,0.0,0.62,31.2,60.7,2026-08-14 10:21:17
2024-01-24,Adamawa,District1,1,2,0,0.0,9.47,29.0,67.7,2026-08-14 10:21:17
2024-01-24,Adamawa,District2,0,5,0,0.0,13.05,21.0,85.5,2026-08-14 10:21:17
2024-01-24,Adamawa,District3,1,3,0,0.0,19.47,21.6,76.4,2026-08-14 10:21:17
2024-01-24,Adamawa,District4,0,4,0,0.0,12.23,32.7,69.7,2026-08-14 10:21:17
2024-01-24,Adamawa,District5,3,5,0,0.0,11.19,26.8,70.6,2026-08-14 10:21:17
2024-01-24,Adamawa,District6,2,1,0,0.0,8.4,20.2,67.1,2026-08-14 10:21:17
2024-01-24,Adamawa,District7,0,3,0,0.0,10.32,30.8,84.8,2026-08-14 10:21:17
2024-01-24,Adamawa,District8,3,5,1,33.33,19.04,25.6,50.7,2026-08-14 10:21:17
2024-01-24,Adamawa,District9,0,5,0,0.0,19.82,28.2,75.8,2026-08-14 10:21:17
2024-01-24,Adamawa,District10,0,2,0,0.0,9.55,25.4,57.3,2026-08-14 10:21:17
2024-01-24,Centre,District1,2,0,0,0.0,12.38,22.9,73.8,2026-08-14 10:21:17
2024-01-24,Centre,District2,0,5,0,0.0,10.45,22.7,65.6,2026-08-14 10:21:17
2024-01-24,Centre,District3,0,0,0,0.0,1.11,24.1,74.4,2026-08-14 10:21:17
2024-01-24,Centre,District4,2,2,1,50.0,3.27,33.5,72.6,2026-08-14 10:21:17
2024-01-24,Centre,District5,0,5,0,0.0,9.46,24.3,59.6,2026-08-14 10:21:17
2024-01-24,Centre,District6,0,4,0,0.0,2.78,20.4,63.7,2026-08-14 10:21:17
2024-01-24,Centre,District7,2,2,1,50.0,0.31,33.6,53.9,2026-08-14 10:21:17
2024-01-24,Centre,District8,0,0,0,0.0,7.01,33.1,73.3,2026-08-14 10:21:17
2024-01-24,Centre,District9,0,5,0,0.0,7.73,20.2,65.6,2026-08-14 10:21:17
2024-01-24,Centre,District10,1,2,1,100.0,12.69,20.0,56.5,2026-08-14 10:21:17
2024-01-24,East,District1,0,1,0,0.0,3.52,22.9,55.4,2026-08-14 10:21:17
2024-01-24,East,District2,0,3,0,0.0,5.83,28.8,78.0,2026-08-14 10:21:17
2024-01-24,East,District3,0,0,0,0.0,4.33,20.4,86.7,2026-08-14 10:21:17
2024-01-24,East,District4,1,5,0,0.0,18.51,30.0,64.6,2026-08-14 10:21:17
2024-01-24,East,District5,0,0,0,0.0,8.41,24.9,64.8,2026-08-14 10:21:17
2024-01-24,East,District6,0,3,0,0.0,1.59,27.5,78.4,2026-08-14 10:21:17
2024-01-24,East,District7,1,1,1,100.0,15.44,23.8,88.8,2026-08-14 10:21:17
2024-01-24,East,District8,1,1,1,100.0,10.47,34.6,79.9,2026-08-14 10:21:17
2024-01-24,East,District9,2,2,1,50.0,17.2,30.9,66.1,2026-08-14 10:21:17
2024-01-24,East,District10,0,2,0,0.0,16.42,22.4,53.1,2026-08-14 10:21:17
2024-01-24,Far North,District1,0,4,0,0.0,5.68,24.9,71.6,2026-08-14 10:21:17
2024-01-24,Far North,District2,0,1,0,0.0,15.74,25.6,69.1,2026-08-14 10:21:17
2024-01-24,Far North,District3,0,5,0,0.0,2.67,25.7,61.3,2026-08-14 10:21:17
2024-01-24,Far North,District4,0,2,0,0.0,12.42,31.4,60.3,2026-08-14 10:21:17
2024-01-24,Far North,District5,2,5,1,50.0,14.35,33.5,60.9,2026-08-14 10:21:17
2024-01-24,Far North,District6,0,2,0,0.0,15.65,30.4,58.9,2026-08-14 10:21:17
2024-01-24,Far North,District7,2,5,1,50.0,15.69,23.2,55.3,2026-08-14 10:21:17
2024-01-24,Far North,District8,0,4,0,0.0,16.92,31.2,86.8,2026-08-14 10:21:17
2024-01-24,Far North,District9,0,5,0,0.0,10.16,33.5,74.5,2026-08-14 10:21:17
2024-01-24,Far North,District10,2,0,1,50.0,8.29,34.2,74.3,2026-08-14 10:21:17
2024-01-24,Littoral,District1,0,3,0,0.0,9.98,25.5,53.5,2026-08-14 10:21:17
2024-01-24,Littoral,District2,0,0,0,0.0,15.56,28.9,86.5,2026-08-14 10:21:17
2024-01-24,Littoral,District3,2,3,0,0.0,18.64,34.7,67.0,2026-08-14 10:21:17
2024-01-24,Littoral,District4,0,1,0,0.0,4.61,27.7,54.5,2026-08-14 10:21:17
2024-01-24,Littoral,District5,2,5,0,0.0,3.65,34.2,82.2,2026-08-14 10:21:17
2024-01-24,Littoral,District6,0,4,0,0.0,1.07,24.5,59.8,2026-08-14 10:21:17
2024-01-24,Littoral,District7,0,1,0,0.0,0.64,24.1,66.0,2026-08-14 10:21:17
2024-01-24,Littoral,District8,0,5,0,0.0,8.25,34.3,60.1,2026-08-14 10:21:17
2024-01-24,Littoral,District9,1,1,0,0.0,9.32,22.9,59.6,2026-08-14 10:21:17
2024-01-24,Littoral,District10,0,3,0,0.0,18.9,21.2,58.8,2026-08-14 10:21:17
2024-01-24,North,District1,0,0,0,0.0,17.28,25.8,55.7,2026-08-14 10:21:17
2024-01-24,North,District2,0,4,0,0.0,13.25,22.4,85.2,2026-08-14 10:21:17
2024-01-24,North,District3,0,2,0,0.0,11.35,24.2,54.5,2026-08-14 10:21:17
2024-01-24,North,District4,2,2,0,0.0,14.01,32.9,74.8,2026-08-14 10:21:17
2024-01-24,North,District5,0,5,0,0.0,0.41,30.1,77.4,2026-08-14 10:21:17
2024-01-24,North,District6,2,3,0,0.0,15.19,27.1,68.7,2026-08-14 10:21:17
2024-01-24,North,District7,1,3,1,100.0,0.68,21.7,54.4,2026-08-14 10:21:17
2024-01-24,North,District8,0,3,0,0.0,12.92,20.0,58.3,2026-08-14 10:21:17
2024-01-24,North,District9,2,4,1,50.0,12.88,24.2,52.6,2026-08-14 10:21:17
2024-01-24,North,District10,0,2,0,0.0,18.02,24.0,65.8,2026-08-14 10:21:17
2024-01-24,North-West,District1,0,2,0,0.0,10.8,27.8,56.6,2026-08-14 10:21:17
2024-01-24,North-West,District2,1,5,1,100.0,19.2,34.5,82.3,2026-08-14 10:21:17
2024-01-24,North-West,District3,1,1,1,100.0,18.76,24.8,65.8,2026-08-14 10:21:17
2024-01-24,North-West,District4,0,1,0,0.0,11.04,20.5,86.2,2026-08-14 10:21:17
2024-01-24,North-West,District5,0,5,0,0.0,19.94,21.4,53.1,2026-08-14 10:21:17
2024-01-24,North-West,District6,0,0,0,0.0,10.6,20.0,53.7,2026-08-14 10:21:17
2024-01-24,North-West,District7,0,3,0,0.0,14.18,22.5,83.1,2026-08-14 10:21:17
2024-01-24,North-West,District8,0,1,0,0.0,16.26,34.8,67.0,2026-08-14 10:21:17
2024-01-24,North-West,District9,1,4,1,100.0,5.59,25.6,60.5,2026-08-14 10:21:17
2024-01-24,North-West,District10,0,5,0,0.0,4.65,32.6,52.7,2026-08-14 10:21:17
2024-01-24,South,District1,0,1,0,0.0,10.65,26.0,85.3,2026-08-14 10:21:17
2024-01-24,South,District2,0,2,0,0.0,14.42,28.5,74.0,2026-08-14 10:21:17
2024-01-24,South,District3,0,4,0,0.0,9.77,22.7,76.6,2026-08-14 10:21:17
2024-01-24,South,District4,0,1,0,0.0,19.61,31.6,81.8,2026-08-14 10:21:17
2024-01-24,South,District5,0,2,0,0.0,18.14,31.0,70.5,2026-08-14 10:21:17
2024-01-24,South,District6,3,4,0,0.0,12.26,26.4,81.4,2026-08-14 10:21:17
2024-01-24,South,District7,1,1,0,0.0,18.37,26.5,81.0,2026-08-14 10:21:17
2024-01-24,South,District8,0,2,0,0.0,16.2,25.5,81.3,2026-08-14 10:21:17
2024-01-24,South,District9,0,0,0,0.0,1.2,32.1,54.4,2026-08-14 10:21:17
2024-01-24,South,District10,0,0,0,0.0,17.6,25.2,80.2,2026-08-14 10:21:17
2024-01-24,South-West,District1,1,4,1,100.0,9.12,27.0,71.7,2026-08-14 10:21:17
2024-01-24,South-West,District2,0,3,0,0.0,14.58,20.5,53.9,2026-08-14 10:21:17
2024-01-24,South-West,District3,2,1,0,0.0,0.8,20.3,54.7,2026-08-14 10:21:17
2024-01-24,South-West,District4,0,1,0,0.0,16.05,32.8,83.4,2026-08-14 10:21:17
2024-01-24,South-West,District5,2,0,1,50.0,1.19,23.3,58.4,2026-08-14 10:21:17
2024-01-24,South-West,District6,0,0,0,0.0,0.57,27.7,65.7,2026-08-14 10:21:17
2024-01-24,South-West,District7,0,5,0,0.0,5.59,22.4,89.7,2026-08-14 10:21:17
2024-01-24,South-West,District8,0,3,0,0.0,4.35,30.7,57.1,2026-08-14 10:21:17
2024-01-24,South-West,District9,1,4,0,0.0,19.87,34.6,89.4,2026-08-14 10:21:17
2024-01-24,South-West,District10,0,4,0,0.0,2.03,22.3,76.9,2026-08-14 10:21:17
2024-01-24,West,District1,3,3,1,33.33,5.86,34.9,83.3,2026-08-14 10:21:17
2024-01-24,West,District2,0,0,0,0.0,18.51,24.7,61.3,2026-08-14 10:21:17
2024-01-24,West,District3,0,2,0,0.0,9.12,32.5,65.7,2026-08-14 10:21:17
2024-01-24,West,District4,2,4,0,0.0,16.16,34.4,55.3,2026-08-14 10:21:17
2024-01-24,West,District5,0,2,0,0.0,7.6,34.0,76.0,2026-08-14 10:21:17
2024-01-24,West,District6,0,5,0,0.0,11.95,29.6,67.0,2026-08-14 10:21:17
2024-01-24,West,District7,0,1,0,0.0,18.16,21.8,61.5,2026-08-14 10:21:17
2024-01-24,West,District8,0,2,0,0.0,6.82,22.3,67.5,2026-08-14 10:21:17
2024-01-24,West,District9,0,4,0,0.0,17.72,34.2,75.8,2026-08-14 10:21:17
2024-01-24,West,District10,0,0,0,0.0,4.31,23.3,73.0,2026-08-14 10:21:17
2024-01-03,Adamawa,District1,0,2,0,0.0,13.1,21.7,86.3,2026-08-14 10:21:17
2024-01-03,Adamawa,District2,0,1,0,0.0,12.6,22.1,85.2,2026-08-14 10:21:17
2024-01-03,Adamawa,District3,0,1,0,0.0,17.83,25.0,55.8,2026-08-14 10:21:17
2024-01-03,Adamawa,District4,0,1,0,0.0,6.31,23.6,82.3,2026-08-14 10:21:17
2024-01-03,Adamawa,District5,0,5,0,0.0,14.17,24.3,63.7,2026-08-14 10:21:17
2024-01-03,Adamawa,District6,0,3,0,0.0,13.39,31.4,89.0,2026-08-14 10:21:17
2024-01-03,Adamawa,District7,2,5,1,50.0,8.01,29.4,70.4,2026-08-14 10:21:17
2024-01-03,Adamawa,District8,0,2,0,0.0,4.26,35.0,50.0,2026-08-14 10:21:17
2024-01-03,Adamawa,District9,0,2,0,0.0,6.47,22.6,75.6,2026-08-14 10:21:17
2024-01-03,Adamawa,District10,1,0,1,100.0,10.14,30.4,77.7,2026-08-14 10:21:17
2024-01-03,Centre,District1,0,0,0,0.0,10.01,31.1,73.5,2026-08-14 10:21:17
2024-01-03,Centre,District2,3,5,1,33.33,2.23,27.3,66.1,2026-08-14 10:21:17
2024-01-03,Centre,District3,3,2,1,33.33,4.5,29.3,89.1,2026-08-14 10:21:17
2024-01-03,Centre,District4,0,1,0,0.0,8.07,25.7,70.3,2026-08-14 10:21:17
2024-01-03,Centre,District5,0,2,0,0.0,19.86,24.1,57.9,2026-08-14 10:21:17
2024-01-03,Centre,District6,2,4,1,50.0,5.76,28.6,51.4,2026-08-14 10:21:17
2024-01-03,Centre,District7,0,5,0,0.0,5.37,28.6,56.9,2026-08-14 10:21:17
2024-01-03,Centre,District8,2,5,0,0.0,17.78,23.1,80.3,2026-08-14 10:21:17
2024-01-03,Centre,District9,1,5,1,100.0,13.0,21.7,86.0,2026-08-14 10:21:17
2024-01-03,Centre,District10,0,3,0,0.0,10.77,21.9,55.6,2026-08-14 10:21:17
2024-01-03,East,District1,0,2,0,0.0,9.43,33.5,79.8,2026-08-14 10:21:17
2024-01-03,East,District2,3,3,0,0.0,6.72,22.7,89.6,2026-08-14 10:21:17
2024-01-03,East,District3,0,3,0,0.0,15.71,32.9,55.4,2026-08-14 10:21:17
2024-01-03,East,District4,1,5,0,0.0,0.67,22.8,80.8,2026-08-14 10:21:17
2024-01-03,East,District5,0,1,0,0.0,7.39,26.3,78.4,2026-08-14 10:21:17
2024-01-03,East,District6,0,2,0,0.0,18.43,31.8,68.7,2026-08-14 10:21:17
2024-01-03,East,District7,0,3,0,0.0,1.99,25.1,56.9,2026-08-14 10:21:17
2024-01-03,East,District8,0,4,0,0.0,3.49,31.6,54.8,2026-08-14 10:21:17
2024-01-03,East,District9,0,4,0,0.0,4.24,28.4,89.9,2026-08-14 10:21:17
2024-01-03,East,District10,0,4,0,0.0,15.33,23.9,80.2,2026-08-14 10:21:17
2024-01-03,Far North,District1,0,0,0,0.0,6.58,22.4,82.5,2026-08-14 10:21:17
2024-01-03,Far North,District2,0,2,0,0.0,7.26,32.9,73.3,2026-08-14 10:21:17
2024-01-03,Far North,District3,1,3,1,100.0,2.48,25.3,52.0,2026-08-14 10:21:17
2024-01-03,Far North,District4,0,1,0,0.0,5.28,24.8,79.7,2026-08-14 10:21:17
2024-01-03,Far North,District5,0,5,0,0.0,1.76,32.4,67.1,2026-08-14 10:21:17
2024-01-03,Far North,District6,3,3,0,0.0,15.97,33.3,56.5,2026-08-14 10:21:17
2024-01-03,Far North,District7,0,0,0,0.0,1.73,30.0,66.8,2026-08-14 10:21:17
2024-01-03,Far North,District8,0,2,0,0.0,11.52,33.9,58.3,2026-08-14 10:21:17
2024-01-03,Far North,District9,0,4,0,0.0,14.87,21.5,72.4,2026-08-14 10:21:17
2024-01-03,Far North,District10,0,0,0,0.0,2.51,20.7,69.2,2026-08-14 10:21:17
2024-01-03,Littoral,District1,0,5,0,0.0,5.28,22.0,51.8,2026-08-14 10:21:17
2024-01-03,Littoral,District2,2,5,0,0.0,9.36,28.0,86.8,2026-08-14 10:21:17
2024-01-03,Littoral,District3,0,1,0,0.0,9.12,25.8,86.4,2026-08-14 10:21:17
2024-01-03,Littoral,District4,0,1,0,0.0,9.75,33.7,82.6,2026-08-14 10:21:17
2024-01-03,Littoral,District5,0,5,0,0.0,4.27,28.7,76.3,2026-08-14 10:21:17
2024-01-03,Littoral,District6,0,3,0,0.0,6.54,30.7,86.9,2026-08-14 10:21:17
2024-01-03,Littoral,District7,0,1,0,0.0,13.5,24.0,61.7,2026-08-14 10:21:17
2024-01-03,Littoral,District8,0,0,0,0.0,19.07,21.6,53.6,2026-08-14 10:21:17
2024-01-03,Littoral,District9,0,0,0,0.0,8.93,22.9,70.0,2026-08-14 10:21:17
2024-01-03,Littoral,District10,0,2,0,0.0,2.21,34.5,73.8,2026-08-14 10:21:17
2024-01-03,North,District1,2,4,0,0.0,0.91,27.0,84.0,2026-08-14 10:21:17
2024-01-03,North,District2,0,0,0,0.0,4.77,31.1,58.0,2026-08-14 10:21:17
2024-01-03,North,District3,1,5,1,100.0,9.53,24.4,70.3,2026-08-14 10:21:17
2024-01-03,North,District4,0,2,0,0.0,19.09,25.3,65.1,2026-08-14 10:21:17
2024-01-03,North,District5,0,4,0,0.0,11.73,29.1,81.4,2026-08-14 10:21:17
2024-01-03,North,District6,2,0,1,50.0,9.42,30.1,83.4,2026-08-14 10:21:17
2024-01-03,North,District7,0,3,0,0.0,10.98,33.6,54.8,2026-08-14 10:21:17
2024-01-03,North,District8,0,4,0,0.0,17.9,28.2,53.4,2026-08-14 10:21:17
2024-01-03,North,District9,0,3,0,0.0,18.49,20.9,61.6,2026-08-14 10:21:17
2024-01-03,North,District10,0,5,0,0.0,3.4,21.9,81.0,2026-08-14 10:21:17
2024-01-03,North-West,District1,0,4,0,0.0,15.23,28.2,88.9,2026-08-14 10:21:17
2024-01-03,North-West,District2,0,5,0,0.0,19.94,31.4,89.8,2026-08-14 10:21:17
2024-01-03,North-West,District3,1,0,1,100.0,5.3,31.1,72.3,2026-08-14 10:21:17
2024-01-03,North-West,District4,0,3,0,0.0,16.69,26.7,51.4,2026-08-14 10:21:17
2024-01-03,North-West,District5,0,3,0,0.0,3.4,27.5,60.2,2026-08-14 10:21:17
2024-01-03,North-West,District6,0,1,0,0.0,3.74,23.7,85.4,2026-08-14 10:21:17
2024-01-03,North-West,District7,0,5,0,0.0,4.72,24.6,59.4,2026-08-14 10:21:17
2024-01-03,North-West,District8,0,3,0,0.0,18.89,33.8,79.2,2026-08-14 10:21:17
2024-01-03,North-West,District9,0,1,0,0.0,10.43,33.2,79.1,2026-08-14 10:21:17
2024-01-03,North-West,District10,2,3,0,0.0,16.49,25.3,50.9,2026-08-14 10:21:17
2024-01-03,South,District1,0,4,0,0.0,14.99,20.0,54.1,2026-08-14 10:21:17
2024-01-03,South,District2,1,1,1,100.0,8.49,22.7,75.7,2026-08-14 10:21:17
2024-01-03,South,District3,0,1,0,0.0,3.07,23.5,50.6,2026-08-14 10:21:17
2024-01-03,South,District4,0,1,0,0.0,8.32,32.2,77.8,2026-08-14 10:21:17
2024-01-03,South,District5,0,0,0,0.0,1.6,25.2,53.7,2026-08-14 10:21:17
2024-01-03,South,District6,0,3,0,0.0,1.3,29.9,60.0,2026-08-14 10:21:17
2024-01-03,South,District7,1,4,1,100.0,7.81,30.3,58.7,2026-08-14 10:21:17
2024-01-03,South,District8,1,2,1,100.0,9.07,22.4,83.9,2026-08-14 10:21:17
2024-01-03,South,District9,0,3,0,0.0,7.26,29.7,54.3,2026-08-14 10:21:17
2024-01-03,South,District10,0,5,0,0.0,7.94,25.2,70.3,2026-08-14 10:21:17
2024-01-03,South-West,District1,2,1,0,0.0,16.57,20.6,85.4,2026-08-14 10:21:17
2024-01-03,South-West,District2,2,5,0,0.0,8.03,27.3,69.2,2026-08-14 10:21:17
2024-01-03,South-West,District3,2,3,1,50.0,18.0,26.1,51.6,2026-08-14 10:21:17
2024-01-03,South-West,District4,0,1,0,0.0,15.03,33.2,79.9,2026-08-14 10:21:17
2024-01-03,South-West,District5,1,5,0,0.0,4.88,23.4,52.2,2026-08-14 10:21:17
2024-01-03,South-West,District6,0,3,0,0.0,4.04,34.1,64.6,2026-08-14 10:21:17
2024-01-03,South-West,District7,0,1,0,0.0,10.64,20.1,85.0,2026-08-14 10:21:17
2024-01-03,South-West,District8,0,2,0,0.0,13.09,26.1,69.5,2026-08-14 10:21:17
2024-01-03,South-West,District9,0,5,0,0.0,13.48,22.4,89.5,2026-08-14 10:21:17
2024-01-03,South-West,District10,2,1,1,50.0,10.64,21.5,72.9,2026-08-14 10:21:17
2024-01-03,West,District1,0,1,0,0.0,3.48,25.6,73.5,2026-08-14 10:21:17
2024-01-03,West,District2,3,5,1,33.33,4.23,27.0,84.2,2026-08-14 10:21:17
2024-01-03,West,District3,1,3,0,0.0,4.6,28.2,53.1,2026-08-14 10:21:17
2024-01-03,West,District4,2,0,1,50.0,11.42,29.6,55.2,2026-08-14 10:21:17
2024-01-03,West,District5,0,5,0,0.0,8.95,32.3,78.3,2026-08-14 10:21:17
2024-01-03,West,District6,0,5,0,0.0,12.31,23.8,61.8,2026-08-14 10:21:17
2024-01-03,West,District7,1,3,0,0.0,15.9,33.7,76.3,2026-08-14 10:21:17
2024-01-03,West,District8,0,5,0,0.0,19.95,24.5,71.3,2026-08-14 10:21:17
2024-01-03,West,District9,0,4,0,0.0,13.02,33.5,80.5,2026-08-14 10:21:17
2024-01-03,West,District10,0,0,0,0.0,14.44,30.9,74.2,2026-08-14 10:21:17
2024-01-13,Adamawa,District1,0,5,0,0.0,18.27,24.0,78.6,2026-08-14 10:21:17
2024-01-13,Adamawa,District2,0,3,0,0.0,15.0,32.9,74.4,2026-08-14 10:21:17
2024-01-13,Adamawa,District3,1,2,0,0.0,18.89,25.0,56.5,2026-08-14 10:21:17
2024-01-13,Adamawa,District4,0,5,0,0.0,15.65,31.3,76.8,2026-08-14 10:21:17
2024-01-13,Adamawa,District5,0,5,0,0.0,4.75,31.3,80.3,2026-08-14 10:21:17
2024-01-13,Adamawa,District6,0,2,0,0.0,16.94,23.7,81.0,2026-08-14 10:21:17
2024-01-13,Adamawa,District7,1,0,1,100.0,4.03,20.9,68.9,2026-08-14 10:21:17
2024-01-13,Adamawa,District8,0,3,0,0.0,5.31,31.9,78.9,2026-08-14 10:21:17
2024-01-13,Adamawa,District9,2,0,0,0.0,4.53,25.0,54.4,2026-08-14 10:21:17
2024-01-13,Adamawa,District10,0,4,0,0.0,2.54,25.2,52.1,2026-08-14 10:21:17
2024-01-13,Centre,District1,0,2,0,0.0,14.68,33.0,82.5,2026-08-14 10:21:17
2024-01-13,Centre,District2,0,1,0,0.0,10.67,31.3,89.5,2026-08-14 10:21:17
2024-01-13,Centre,District3,0,4,0,0.0,2.05,31.8,50.8,2026-08-14 10:21:17
2024-01-13,Centre,District4,0,0,0,0.0,17.47,29.7,89.1,2026-08-14 10:21:17
2024-01-13,Centre,District5,0,4,0,0.0,19.61,33.3,75.9,2026-08-14 10:21:17
2024-01-13,Centre,District6,0,0,0,0.0,1.48,24.7,71.6,2026-08-14 10:21:17
2024-01-13,Centre,District7,0,3,0,0.0,2.37,26.1,61.9,2026-08-14 10:21:17
2024-01-13,Centre,District8,0,2,0,0.0,12.93,22.3,60.7,2026-08-14 10:21:17
2024-01-13,Centre,District9,1,4,0,0.0,5.19,25.1,88.4,2026-08-14 10:21:17
2024-01-13,Centre,District10,1,1,1,100.0,3.42,31.4,78.5,2026-08-14 10:21:17
2024-01-13,East,District1,0,5,0,0.0,8.01,32.2,53.4,2026-08-14 10:21:17
2024-01-13,East,District2,2,4,0,0.0,17.13,21.2,52.0,2026-08-14 10:21:17
2024-01-13,East,District3,0,0,0,0.0,4.14,25.6,79.7,2026-08-14 10:21:17
2024-01-13,East,District4,0,3,0,0.0,0.69,23.7,77.7,2026-08-14 10:21:17
2024-01-13,East,District5,0,0,0,0.0,4.62,32.2,51.9,2026-08-14 10:21:17
2024-01-13,East,District6,0,3,0,0.0,14.25,22.1,79.6,2026-08-14 10:21:17
2024-01-13,East,District7,0,0,0,0.0,14.25,22.8,83.4,2026-08-14 10:21:17
2024-01-13,East,District8,0,1,0,0.0,19.41,34.3,53.4,2026-08-14 10:21:17
2024-01-13,East,District9,0,3,0,0.0,2.09,29.1,85.5,2026-08-14 10:21:17
2024-01-13,East,District10,0,2,0,0.0,16.66,29.7,58.9,2026-08-14 10:21:17
2024-01-13,Far North,District1,0,0,0,0.0,15.37,31.2,77.5,2026-08-14 10:21:17
2024-01-13,Far North,District2,0,0,0,0.0,14.52,22.6,74.1,2026-08-14 10:21:17
2024-01-13,Far North,District3,0,5,0,0.0,5.43,21.3,64.5,2026-08-14 10:21:17
2024-01-13,Far North,District4,2,2,0,0.0,14.36,31.0,69.6,2026-08-14 10:21:17
2024-01-13,Far North,District5,0,3,0,0.0,13.67,23.4,75.4,2026-08-14 10:21:17
2024-01-13,Far North,District6,0,3,0,0.0,10.18,25.6,79.0,2026-08-14 10:21:17
2024-01-13,Far North,District7,2,2,0,0.0,0.39,31.3,89.8,2026-08-14 10:21:17
2024-01-13,Far North,District8,0,4,0,0.0,6.33,26.5,85.1,2026-08-14 10:21:17
2024-01-13,Far North,District9,1,1,0,0.0,5.83,31.0,87.2,2026-08-14 10:21:17
2024-01-13,Far North,District10,1,0,1,100.0,18.57,27.7,67.3,2026-08-14 10:21:17
2024-01-13,Littoral,District1,0,3,0,0.0,14.42,32.6,59.8,2026-08-14 10:21:17
2024-01-13,Littoral,District2,1,1,1,100.0,10.29,29.6,74.0,2026-08-14 10:21:17
2024-01-13,Littoral,District3,0,2,0,0.0,1.86,25.9,83.6,2026-08-14 10:21:17
2024-01-13,Littoral,District4,0,1,0,0.0,0.29,22.3,86.8,2026-08-14 10:21:17
2024-01-13,Littoral,District5,0,3,0,0.0,16.09,25.7,83.7,2026-08-14 10:21:17
2024-01-13,Littoral,District6,0,3,0,0.0,15.88,23.3,54.8,2026-08-14 10:21:17
2024-01-13,Littoral,District7,0,4,0,0.0,13.97,33.8,76.2,2026-08-14 10:21:17
2024-01-13,Littoral,District8,3,5,1,33.33,5.1,30.7,55.1,2026-08-14 10:21:17
2024-01-13,Littoral,District9,0,0,0,0.0,13.83,28.5,77.0,2026-08-14 10:21:17
2024-01-13,Littoral,District10,3,1,0,0.0,0.21,25.3,79.8,2026-08-14 10:21:17
2024-01-13,North,District1,0,5,0,0.0,16.8,20.2,64.0,2026-08-14 10:21:17
2024-01-13,North,District2,0,1,0,0.0,2.1,26.6,80.3,2026-08-14 10:21:17
2024-01-13,North,District3,1,5,1,100.0,15.35,22.9,56.3,2026-08-14 10:21:17
2024-01-13,North,District4,0,2,0,0.0,5.05,25.8,65.0,2026-08-14 10:21:17
2024-01-13,North,District5,1,2,1,100.0,18.81,29.8,58.9,2026-08-14 10:21:17
2024-01-13,North,District6,0,3,0,0.0,14.93,24.1,85.1,2026-08-14 10:21:17
2024-01-13,North,District7,0,1,0,0.0,0.34,21.8,71.7,2026-08-14 10:21:17
2024-01-13,North,District8,1,1,1,100.0,3.27,30.1,54.6,2026-08-14 10:21:17
2024-01-13,North,District9,0,2,0,0.0,3.86,30.3,84.8,2026-08-14 10:21:17
2024-01-13,North,District10,0,2,0,0.0,18.08,32.7,88.2,2026-08-14 10:21:17
2024-01-13,North-West,District1,1,5,0,0.0,19.72,29.4,63.1,2026-08-14 10:21:17
2024-01-13,North-West,District2,0,0,0,0.0,3.95,31.9,69.9,2026-08-14 10:21:17
2024-01-13,North-West,District3,0,5,0,0.0,11.78,34.0,71.3,2026-08-14 10:21:17
2024-01-13,North-West,District4,1,2,1,100.0,3.39,20.2,71.8,2026-08-14 10:21:17
2024-01-13,North-West,District5,0,1,0,0.0,8.24,22.7,84.9,2026-08-14 10:21:17
2024-01-13,North-West,District6,0,3,0,0.0,7.83,20.8,76.2,2026-08-14 10:21:17
2024-01-13,North-West,District7,2,1,0,0.0,19.66,21.6,82.8,2026-08-14 10:21:17
2024-01-13,North-West,District8,0,2,0,0.0,5.51,34.3,84.6,2026-08-14 10:21:17
2024-01-13,North-West,District9,0,2,0,0.0,13.12,22.3,88.4,2026-08-14 10:21:17
2024-01-13,North-West,District10,0,3,0,0.0,3.7,28.6,66.7,2026-08-14 10:21:17
2024-01-13,South,District1,0,3,0,0.0,11.69,26.9,60.5,2026-08-14 10:21:17
2024-01-13,South,District2,0,0,0,0.0,10.49,25.7,89.8,2026-08-14 10:21:17
2024-01-13,South,District3,1,5,1,100.0,14.83,26.8,63.0,2026-08-14 10:21:17
2024-01-13,South,District4,0,1,0,0.0,19.06,21.7,84.3,2026-08-14 10:21:17
2024-01-13,South,District5,2,0,0,0.0,3.93,23.5,78.9,2026-08-14 10:21:17
2024-01-13,South,District6,0,5,0,0.0,2.27,33.6,88.4,2026-08-14 10:21:17
2024-01-13,South,District7,0,0,0,0.0,15.15,22.6,57.6,2026-08-14 10:21:17
2024-01-13,South,District8,0,5,0,0.0,5.29,24.2,51.3,2026-08-14 10:21:17
2024-01-13,South,District9,0,0,0,0.0,1.79,28.8,55.2,2026-08-14 10:21:17
2024-01-13,South,District10,0,2,0,0.0,8.35,34.1,78.7,2026-08-14 10:21:17
2024-01-13,South-West,District1,2,2,1,50.0,4.28,25.2,71.1,2026-08-14 10:21:17
2024-01-13,South-West,District2,2,4,0,0.0,1.83,32.8,78.0,2026-08-14 10:21:17
2024-01-13,South-West,District3,0,2,0,0.0,7.13,27.8,80.9,2026-08-14 10:21:17
2024-01-13,South-West,District4,0,1,0,0.0,17.03,34.9,81.7,2026-08-14 10:21:17
2024-01-13,South-West,District5,0,0,0,0.0,3.8,21.0,83.8,2026-08-14 10:21:17
2024-01-13,South-West,District6,1,5,1,100.0,2.99,33.9,79.7,2026-08-14 10:21:17
2024-01-13,South-West,District7,0,2,0,0.0,1.86,29.8,50.3,2026-08-14 10:21:17
2024-01-13,South-West,District8,0,2,0,0.0,12.9,20.8,72.6,2026-08-14 10:21:17
2024-01-13,South-West,District9,0,3,0,0.0,18.25,27.6,53.1,2026-08-14 10:21:17
2024-01-13,South-West,District10,1,2,1,100.0,12.19,26.5,64.5,2026-08-14 10:21:17
2024-01-13,West,District1,1,3,1,100.0,0.62,22.0,79.0,2026-08-14 10:21:17
2024-01-13,West,District2,3,3,0,0.0,16.11,27.1,53.5,2026-08-14 10:21:17
2024-01-13,West,District3,0,1,0,0.0,7.26,28.7,74.7,2026-08-14 10:21:17
2024-01-13,West,District4,0,2,0,0.0,9.11,20.7,77.6,2026-08-14 10:21:17
2024-01-13,West,District5,1,4,0,0.0,1.62,21.7,56.6,2026-08-14 10:21:17
2024-01-13,West,District6,0,0,0,0.0,12.18,28.1,79.7,2026-08-14 10:21:17
2024-01-13,West,District7,1,2,0,0.0,9.72,25.3,73.3,2026-08-14 10:21:17
2024-01-13,West,District8,0,1,0,0.0,12.99,28.4,53.9,2026-08-14 10:21:17
2024-01-13,West,District9,1,1,0,0.0,2.8,32.6,82.7,2026-08-14 10:21:17
2024-01-13,West,District10,0,5,0,0.0,8.11,32.4,73.9,2026-08-14 10:21:17
2024-02-28,Adamawa,District1,0,4,0,0.0,6.35,25.2,85.4,2026-08-14 10:21:17
2024-02-28,Adamawa,District2,1,2,1,100.0,19.31,21.8,66.7,2026-08-14 10:21:17
2024-02-28,Adamawa,District3,0,2,0,0.0,16.81,21.5,68.9,2026-08-14 10:21:17
2024-02-28,Adamawa,District4,2,3,0,0.0,4.85,22.7,81.1,2026-08-14 10:21:17
2024-02-28,Adamawa,District5,0,5,0,0.0,16.69,28.8,88.2,2026-08-14 10:21:17
2024-02-28,Adamawa,District6,1,0,0,0.0,9.75,34.7,62.7,2026-08-14 10:21:17
2024-02-28,Adamawa,District7,0,3,0,0.0,5.39,29.1,52.7,2026-08-14 10:21:17
2024-02-28,Adamawa,District8,3,4,0,0.0,5.97,21.2,87.4,2026-08-14 10:21:17
2024-02-28,Adamawa,District9,2,3,0,0.0,11.94,32.0,58.3,2026-08-14 10:21:17
2024-02-28,Adamawa,District10,0,5,0,0.0,5.93,27.7,60.3,2026-08-14 10:21:17
2024-02-28,Centre,District1,0,0,0,0.0,13.05,34.7,77.9,2026-08-14 10:21:17
2024-02-28,Centre,District2,0,0,0,0.0,10.01,26.9,63.3,2026-08-14 10:21:17
2024-02-28,Centre,District3,0,4,0,0.0,6.91,30.4,72.8,2026-08-14 10:21:17
2024-02-28,Centre,District4,0,5,0,0.0,4.39,27.3,84.7,2026-08-14 10:21:17
2024-02-28,Centre,District5,0,1,0,0.0,11.53,26.5,86.2,2026-08-14 10:21:17
2024-02-28,Centre,District6,0,0,0,0.0,18.91,22.8,67.1,2026-08-14 10:21:17
2024-02-28,Centre,District7,0,3,0,0.0,16.67,33.1,87.1,2026-08-14 10:21:17
2024-02-28,Centre,District8,1,5,0,0.0,6.0,20.9,66.7,2026-08-14 10:21:17
2024-02-28,Centre,District9,0,4,0,0.0,19.43,25.9,73.3,2026-08-14 10:21:17
2024-02-28,Centre,District10,2,3,1,50.0,3.47,20.6,59.2,2026-08-14 10:21:17
2024-02-28,East,District1,0,5,0,0.0,1.7,22.4,78.7,2026-08-14 10:21:17
2024-02-28,East,District2,2,0,0,0.0,7.86,29.8,79.7,2026-08-14 10:21:17
2024-02-28,East,District3,0,0,0,0.0,9.87,31.1,83.0,2026-08-14 10:21:17
2024-02-28,East,District4,0,5,0,0.0,11.07,29.5,56.1,2026-08-14 10:21:17
2024-02-28,East,District5,0,2,0,0.0,0.26,31.8,53.3,2026-08-14 10:21:17
2024-02-28,East,District6,1,3,0,0.0,13.39,27.4,76.8,2026-08-14 10:21:17
2024-02-28,East,District7,0,4,0,0.0,15.98,31.3,75.0,2026-08-14 10:21:17
2024-02-28,East,District8,0,0,0,0.0,1.4,28.9,68.1,2026-08-14 10:21:17
2024-02-28,East,District9,1,4,1,100.0,13.95,34.4,82.9,2026-08-14 10:21:17
2024-02-28,East,District10,0,1,0,0.0,14.14,33.8,62.3,2026-08-14 10:21:17
2024-02-28,Far North,District1,2,3,0,0.0,15.78,22.7,65.2,2026-08-14 10:21:17
2024-02-28,Far North,District2,0,0,0,0.0,19.7,29.6,68.8,2026-08-14 10:21:17
2024-02-28,Far North,District3,0,5,0,0.0,15.88,23.3,68.9,2026-08-14 10:21:17
2024-02-28,Far North,District4,0,4,0,0.0,17.84,28.2,66.6,2026-08-14 10:21:17
2024-02-28,Far North,District5,2,1,1,50.0,10.51,27.5,80.4,2026-08-14 10:21:17
2024-02-28,Far North,District6,0,2,0,0.0,16.75,25.0,73.5,2026-08-14 10:21:17
2024-02-28,Far North,District7,0,2,0,0.0,14.53,32.8,52.4,2026-08-14 10:21:17
2024-02-28,Far North,District8,0,2,0,0.0,11.14,34.6,68.1,2026-08-14 10:21:17
2024-02-28,Far North,District9,2,0,0,0.0,14.57,24.7,68.7,2026-08-14 10:21:17
2024-02-28,Far North,District10,0,4,0,0.0,7.39,20.5,63.7,2026-08-14 10:21:17
2024-02-28,Littoral,District1,0,4,0,0.0,14.86,33.3,55.2,2026-08-14 10:21:17
2024-02-28,Littoral,District2,0,3,0,0.0,7.91,30.9,77.7,2026-08-14 10:21:17
2024-02-28,Littoral,District3,1,0,1,100.0,15.01,27.1,51.5,2026-08-14 10:21:17
2024-02-28,Littoral,District4,0,0,0,0.0,7.34,27.8,67.4,2026-08-14 10:21:17
2024-02-28,Littoral,District5,0,2,0,0.0,11.29,29.9,87.9,2026-08-14 10:21:17
2024-02-28,Littoral,District6,0,4,0,0.0,1.95,32.5,73.4,2026-08-14 10:21:17
2024-02-28,Littoral,District7,0,5,0,0.0,18.99,33.1,87.7,2026-08-14 10:21:17
2024-02-28,Littoral,District8,0,2,0,0.0,3.55,34.1,54.0,2026-08-14 10:21:17
2024-02-28,Littoral,District9,1,0,1,100.0,15.04,24.8,83.4,2026-08-14 10:21:17
2024-02-28,Littoral,District10,0,1,0,0.0,19.2,24.2,61.1,2026-08-14 10:21:17
2024-02-28,North,District1,1,4,1,100.0,2.14,20.9,85.5,2026-08-14 10:21:17
2024-02-28,North,District2,1,1,0,0.0,12.75,32.8,59.4,2026-08-14 10:21:17
2024-02-28,North,District3,0,3,0,0.0,12.56,22.3,72.6,2026-08-14 10:21:17
2024-02-28,North,District4,2,5,0,0.0,17.97,29.7,84.6,2026-08-14 10:21:17
2024-02-28,North,District5,2,4,0,0.0,8.21,31.1,79.1,2026-08-14 10:21:17
2024-02-28,North,District6,0,1,0,0.0,6.4,22.7,78.2,2026-08-14 10:21:17
2024-02-28,North,District7,0,3,0,0.0,9.48,20.7,74.8,2026-08-14 10:21:17
2024-02-28,North,District8,0,1,0,0.0,5.06,28.0,79.4,2026-08-14 10:21:17
2024-02-28,North,District9,0,2,0,0.0,15.21,21.0,68.4,2026-08-14 10:21:17
2024-02-28,North,District10,0,4,0,0.0,14.68,21.2,74.5,2026-08-14 10:21:17
2024-02-28,North-West,District1,1,5,1,100.0,5.63,21.3,77.3,2026-08-14 10:21:17
2024-02-28,North-West,District2,0,4,0,0.0,10.08,21.6,65.8,2026-08-14 10:21:17
2024-02-28,North-West,District3,1,5,1,100.0,2.75,33.2,79.9,2026-08-14 10:21:17
2024-02-28,North-West,District4,0,1,0,0.0,13.23,31.9,72.4,2026-08-14 10:21:17
2024-02-28,North-West,District5,0,0,0,0.0,10.85,27.5,60.1,2026-08-14 10:21:17
2024-02-28,North-West,District6,0,3,0,0.0,15.6,24.3,60.1,2026-08-14 10:21:17
2024-02-28,North-West,District7,0,3,0,0.0,4.09,23.6,80.1,2026-08-14 10:21:17
2024-02-28,North-West,District8,0,0,0,0.0,5.28,24.6,62.7,2026-08-14 10:21:17
2024-02-28,North-West,District9,0,5,0,0.0,0.13,31.1,87.4,2026-08-14 10:21:17
2024-02-28,North-West,District10,0,0,0,0.0,10.73,23.1,79.8,2026-08-14 10:21:17
2024-02-28,South,District1,0,1,0,0.0,15.8,32.8,65.0,2026-08-14 10:21:17
2024-02-28,South,District2,3,0,0,0.0,17.33,25.1,56.9,2026-08-14 10:21:17
2024-02-28,South,District3,2,3,1,50.0,8.11,22.5,82.3,2026-08-14 10:21:17
2024-02-28,South,District4,0,0,0,0.0,12.51,30.6,59.1,2026-08-14 10:21:17
2024-02-28,South,District5,0,5,0,0.0,8.91,32.1,79.2,2026-08-14 10:21:17
2024-02-28,South,District6,0,3,0,0.0,9.71,25.2,81.1,2026-08-14 10:21:17
2024-02-28,South,District7,1,3,0,0.0,10.59,20.7,54.3,2026-08-14 10:21:17
2024-02-28,South,District8,0,2,0,0.0,9.7,28.1,89.0,2026-08-14 10:21:17
2024-02-28,South,District9,2,5,0,0.0,9.91,26.7,77.1,2026-08-14 10:21:17
2024-02-28,South,District10,0,3,0,0.0,0.16,32.0,66.8,2026-08-14 10:21:17
2024-02-28,South-West,District1,1,2,0,0.0,17.57,31.2,56.8,2026-08-14 10:21:17
2024-02-28,South-West,District2,0,0,0,0.0,19.66,30.5,76.4,2026-08-14 10:21:17
2024-02-28,South-West,District3,1,5,1,100.0,15.67,29.2,88.1,2026-08-14 10:21:17
2024-02-28,South-West,District4,0,3,0,0.0,8.86,26.9,62.5,2026-08-14 10:21:17
2024-02-28,South-West,District5,0,3,0,0.0,6.45,24.4,79.7,2026-08-14 10:21:17
2024-02-28,South-West,District6,1,5,1,100.0,0.27,28.7,75.0,2026-08-14 10:21:17
2024-02-28,South-West,District7,2,1,1,50.0,18.88,26.5,54.8,2026-08-14 10:21:17
2024-02-28,South-West,District8,0,4,0,0.0,13.23,32.1,66.0,2026-08-14 10:21:17
2024-02-28,South-West,District9,3,4,0,0.0,15.59,26.1,80.6,2026-08-14 10:21:17
2024-02-28,South-West,District10,0,3,0,0.0,11.28,34.0,81.0,2026-08-14 10:21:17
2024-02-28,West,District1,0,4,0,0.0,17.58,27.0,81.3,2026-08-14 10:21:17
2024-02-28,West,District2,0,2,0,0.0,17.32,34.7,55.2,2026-08-14 10:21:17
2024-02-28,West,District3,0,1,0,0.0,2.1,32.6,51.0,2026-08-14 10:21:17
2024-02-28,West,District4,0,5,0,0.0,6.47,21.2,67.1,2026-08-14 10:21:17
2024-02-28,West,District5,3,1,1,33.33,5.88,25.0,78.8,2026-08-14 10:21:17
2024-02-28,West,District6,0,1,0,0.0,15.03,27.3,79.7,2026-08-14 10:21:17
2024-02-28,West,District7,0,3,0,0.0,8.35,28.4,85.8,2026-08-14 10:21:17
2024-02-28,West,District8,0,5,0,0.0,6.81,23.5,59.7,2026-08-14 10:21:17
2024-02-28,West,District9,0,2,0,0.0,3.39,29.4,88.0,2026-08-14 10:21:17
2024-02-28,West,District10,0,2,0,0.0,15.06,34.9,72.3,2026-08-14 10:21:17
2024-02-19,Adamawa,District1,0,1,0,0.0,7.61,31.1,53.3,2026-08-14 10:21:17
2024-02-19,Adamawa,District2,1,5,1,100.0,3.07,23.1,74.3,2026-08-14 10:21:17
2024-02-19,Adamawa,District3,0,4,0,0.0,14.08,24.2,82.4,2026-08-14 10:21:17
2024-02-19,Adamawa,District4,2,4,1,50.0,17.43,22.1,66.7,2026-08-14 10:21:17
2024-02-19,Adamawa,District5,0,3,0,0.0,17.03,21.5,54.7,2026-08-14 10:21:17
2024-02-19,Adamawa,District6,2,5,1,50.0,3.66,23.8,66.2,2026-08-14 10:21:17
2024-02-19,Adamawa,District7,0,1,0,0.0,2.8,30.4,83.1,2026-08-14 10:21:17
2024-02-19,Adamawa,District8,0,0,0,0.0,14.82,34.2,75.6,2026-08-14 10:21:17
2024-02-19,Adamawa,District9,0,2,0,0.0,5.48,26.5,57.2,2026-08-14 10:21:17
2024-02-19,Adamawa,District10,0,2,0,0.0,2.02,24.2,57.6,2026-08-14 10:21:17
2024-02-19,Centre,District1,3,0,0,0.0,13.86,24.8,54.2,2026-08-14 10:21:17
2024-02-19,Centre,District2,0,3,0,0.0,11.91,26.7,85.5,2026-08-14 10:21:17
2024-02-19,Centre,District3,2,1,1,50.0,5.07,21.0,86.7,2026-08-14 10:21:17
2024-02-19,Centre,District4,0,1,0,0.0,11.45,26.2,73.5,2026-08-14 10:21:17
2024-02-19,Centre,District5,0,3,0,0.0,12.9,30.3,72.4,2026-08-14 10:21:17
2024-02-19,Centre,District6,0,4,0,0.0,4.44,34.0,84.3,2026-08-14 10:21:17
2024-02-19,Centre,District7,0,3,0,0.0,3.21,28.6,56.2,2026-08-14 10:21:17
2024-02-19,Centre,District8,3,4,1,33.33,15.72,32.2,77.8,2026-08-14 10:21:17
2024-02-19,Centre,District9,0,5,0,0.0,9.0,29.5,85.2,2026-08-14 10:21:17
2024-02-19,Centre,District10,0,5,0,0.0,7.44,26.4,62.6,2026-08-14 10:21:17
2024-02-19,East,District1,0,1,0,0.0,0.82,25.4,68.3,2026-08-14 10:21:17
2024-02-19,East,District2,0,2,0,0.0,13.24,29.6,53.6,2026-08-14 10:21:17
2024-02-19,East,District3,1,0,0,0.0,13.28,32.5,65.3,2026-08-14 10:21:17
2024-02-19,East,District4,2,5,0,0.0,10.08,30.7,58.2,2026-08-14 10:21:17
2024-02-19,East,District5,0,1,0,0.0,5.95,28.3,89.3,2026-08-14 10:21:17
2024-02-19,East,District6,0,2,0,0.0,7.63,22.0,74.8,2026-08-14 10:21:17
2024-02-19,East,District7,1,3,1,100.0,13.97,30.4,55.5,2026-08-14 10:21:17
2024-02-19,East,District8,0,0,0,0.0,17.4,23.4,53.5,2026-08-14 10:21:17
2024-02-19,East,District9,0,3,0,0.0,4.0,24.1,64.8,2026-08-14 10:21:17
2024-02-19,East,District10,2,4,0,0.0,18.57,22.7,55.1,2026-08-14 10:21:17
2024-02-19,Far North,District1,0,5,0,0.0,19.24,25.4,58.2,2026-08-14 10:21:17
2024-02-19,Far North,District2,0,4,0,0.0,3.48,32.9,65.6,2026-08-14 10:21:17
2024-02-19,Far North,District3,0,5,0,0.0,8.8,20.4,83.9,2026-08-14 10:21:17
2024-02-19,Far North,District4,0,0,0,0.0,7.44,25.2,54.3,2026-08-14 10:21:17
2024-02-19,Far North,District5,0,5,0,0.0,16.87,30.8,84.0,2026-08-14 10:21:17
2024-02-19,Far North,District6,0,0,0,0.0,2.95,20.0,76.5,2026-08-14 10:21:17
2024-02-19,Far North,District7,3,5,1,33.33,18.62,33.5,59.2,2026-08-14 10:21:17
2024-02-19,Far North,District8,0,2,0,0.0,15.08,31.7,61.9,2026-08-14 10:21:17
2024-02-19,Far North,District9,3,3,0,0.0,15.31,22.1,59.6,2026-08-14 10:21:17
2024-02-19,Far North,District10,0,0,0,0.0,6.49,21.8,75.3,2026-08-14 10:21:17
2024-02-19,Littoral,District1,0,4,0,0.0,2.87,29.7,88.4,2026-08-14 10:21:17
2024-02-19,Littoral,District2,0,5,0,0.0,17.83,32.3,65.3,2026-08-14 10:21:17
2024-02-19,Littoral,District3,1,5,1,100.0,7.79,26.9,63.3,2026-08-14 10:21:17
2024-02-19,Littoral,District4,0,4,0,0.0,16.78,33.8,81.0,2026-08-14 10:21:17
2024-02-19,Littoral,District5,0,5,0,0.0,6.59,32.9,76.4,2026-08-14 10:21:17
2024-02-19,Littoral,District6,0,2,0,0.0,8.03,34.7,84.2,2026-08-14 10:21:17
2024-02-19,Littoral,District7,0,5,0,0.0,11.99,20.9,60.2,2026-08-14 10:21:17
2024-02-19,Littoral,District8,1,5,1,100.0,14.38,27.4,66.6,2026-08-14 10:21:17
2024-02-19,Littoral,District9,2,0,1,50.0,19.49,30.9,69.0,2026-08-14 10:21:17
2024-02-19,Littoral,District10,0,5,0,0.0,11.76,30.9,67.4,2026-08-14 10:21:17
2024-02-19,North,District1,0,1,0,0.0,14.04,21.4,86.8,2026-08-14 10:21:17
2024-02-19,North,District2,0,4,0,0.0,4.83,22.4,83.9,2026-08-14 10:21:17
2024-02-19,North,District3,3,4,0,0.0,6.49,25.0,63.3,2026-08-14 10:21:17
2024-02-19,North,District4,0,4,0,0.0,1.75,25.2,52.8,2026-08-14 10:21:17
2024-02-19,North,District5,2,4,0,0.0,5.95,24.0,70.4,2026-08-14 10:21:17
2024-02-19,North,District6,0,2,0,0.0,10.31,23.5,89.5,2026-08-14 10:21:17
2024-02-19,North,District7,0,4,0,0.0,5.41,22.3,70.0,2026-08-14 10:21:17
2024-02-19,North,District8,0,4,0,0.0,11.18,22.1,86.7,2026-08-14 10:21:17
2024-02-19,North,District9,0,5,0,0.0,13.01,34.2,82.4,2026-08-14 10:21:17
2024-02-19,North,District10,0,5,0,0.0,3.2,24.8,74.1,2026-08-14 10:21:17
2024-02-19,North-West,District1,1,2,0,0.0,6.74,26.7,89.0,2026-08-14 10:21:17
2024-02-19,North-West,District2,1,3,1,100.0,15.41,33.5,69.4,2026-08-14 10:21:17
2024-02-19,North-West,District3,0,0,0,0.0,17.39,33.5,89.1,2026-08-14 10:21:17
2024-02-19,North-West,District4,0,2,0,0.0,17.71,29.5,55.4,2026-08-14 10:21:17
2024-02-19,North-West,District5,0,4,0,0.0,7.21,21.0,55.4,2026-08-14 10:21:17
2024-02-19,North-West,District6,0,4,0,0.0,16.48,26.7,58.3,2026-08-14 10:21:17
2024-02-19,North-West,District7,0,4,0,0.0,1.1,31.5,76.7,2026-08-14 10:21:17
2024-02-19,North-West,District8,0,2,0,0.0,11.47,29.0,86.0,2026-08-14 10:21:17
2024-02-19,North-West,District9,1,5,1,100.0,5.02,29.7,71.6,2026-08-14 10:21:17
2024-02-19,North-West,District10,0,5,0,0.0,5.34,28.6,83.7,2026-08-14 10:21:17
2024-02-19,South,District1,2,5,0,0.0,0.06,31.1,68.8,2026-08-14 10:21:17
2024-02-19,South,District2,0,3,0,0.0,3.6,28.8,79.9,2026-08-14 10:21:17
2024-02-19,South,District3,0,0,0,0.0,14.03,29.4,77.3,2026-08-14 10:21:17
2024-02-19,South,District4,0,0,0,0.0,13.82,30.1,83.9,2026-08-14 10:21:17
2024-02-19,South,District5,0,5,0,0.0,6.01,24.0,85.2,2026-08-14 10:21:17
2024-02-19,South,District6,2,4,0,0.0,17.79,27.2,84.5,2026-08-14 10:21:17
2024-02-19,South,District7,1,1,1,100.0,19.64,23.1,89.1,2026-08-14 10:21:17
2024-02-19,South,District8,0,1,0,0.0,5.82,21.4,70.9,2026-08-14 10:21:17
2024-02-19,South,District9,0,0,0,0.0,14.68,24.5,74.2,2026-08-14 10:21:17
2024-02-19,South,District10,1,2,0,0.0,8.29,32.6,70.1,2026-08-14 10:21:17
2024-02-19,South-West,District1,1,2,1,100.0,9.42,34.7,86.3,2026-08-14 10:21:17
2024-02-19,South-West,District2,1,0,0,0.0,17.51,27.5,75.9,2026-08-14 10:21:17
2024-02-19,South-West,District3,0,4,0,0.0,3.08,29.1,55.2,2026-08-14 10:21:17
2024-02-19,South-West,District4,0,2,0,0.0,14.47,25.9,56.4,2026-08-14 10:21:17
2024-02-19,South-West,District5,0,0,0,0.0,16.79,27.0,78.8,2026-08-14 10:21:17
2024-02-19,South-West,District6,0,5,0,0.0,4.75,26.1,80.3,2026-08-14 10:21:17
2024-02-19,South-West,District7,0,5,0,0.0,18.13,23.1,88.6,2026-08-14 10:21:17
2024-02-19,South-West,District8,0,5,0,0.0,19.05,24.1,78.3,2026-08-14 10:21:17
2024-02-19,South-West,District9,1,4,1,100.0,17.04,27.1,72.9,2026-08-14 10:21:17
2024-02-19,South-West,District10,0,2,0,0.0,4.73,32.9,79.9,2026-08-14 10:21:17
2024-02-19,West,District1,0,2,0,0.0,8.37,33.2,60.7,2026-08-14 10:21:17
2024-02-19,West,District2,1,2,0,0.0,16.78,31.0,81.8,2026-08-14 10:21:17
2024-02-19,West,District3,0,1,0,0.0,15.75,24.0,76.8,2026-08-14 10:21:17
2024-02-19,West,District4,0,0,0,0.0,16.7,30.3,61.2,2026-08-14 10:21:17
2024-02-19,West,District5,1,1,1,100.0,11.54,22.0,58.0,2026-08-14 10:21:17
2024-02-19,West,District6,0,5,0,0.0,12.34,20.5,60.5,2026-08-14 10:21:17
2024-02-19,West,District7,0,0,0,0.0,16.88,34.9,53.4,2026-08-14 10:21:17
2024-02-19,West,District8,0,1,0,0.0,8.07,34.3,57.2,2026-08-14 10:21:17
2024-02-19,West,District9,0,1,0,0.0,17.52,32.9,53.6,2026-08-14 10:21:17
2024-02-19,West,District10,1,3,0,0.0,16.84,21.7,66.9,2026-08-14 10:21:17
2024-02-23,Adamawa,District1,0,0,0,0.0,5.51,24.3,54.3,2026-08-14 10:21:17
2024-02-23,Adamawa,District2,2,2,0,0.0,12.81,25.5,65.2,2026-08-14 10:21:17
2024-02-23,Adamawa,District3,0,2,0,0.0,7.38,24.8,80.6,2026-08-14 10:21:17
2024-02-23,Adamawa,District4,0,1,0,0.0,19.07,21.0,57.2,2026-08-14 10:21:17
2024-02-23,Adamawa,District5,0,5,0,0.0,18.03,23.0,85.3,2026-08-14 10:21:17
2024-02-23,Adamawa,District6,3,4,1,33.33,4.17,27.6,52.2,2026-08-14 10:21:17
2024-02-23,Adamawa,District7,0,4,0,0.0,11.62,21.8,60.3,2026-08-14 10:21:17
2024-02-23,Adamawa,District8,0,1,0,0.0,13.18,28.9,56.7,2026-08-14 10:21:17
2024-02-23,Adamawa,District9,1,0,0,0.0,7.09,26.5,57.8,2026-08-14 10:21:17
2024-02-23,Adamawa,District10,2,2,0,0.0,14.55,34.2,50.4,2026-08-14 10:21:17
2024-02-23,Centre,District1,3,0,1,33.33,19.97,29.5,54.8,2026-08-14 10:21:17
2024-02-23,Centre,District2,1,4,0,0.0,11.76,29.4,56.4,2026-08-14 10:21:17
2024-02-23,Centre,District3,0,2,0,0.0,18.87,28.7,78.2,2026-08-14 10:21:17
2024-02-23,Centre,District4,0,4,0,0.0,2.58,29.4,82.0,2026-08-14 10:21:17
2024-02-23,Centre,District5,2,0,1,50.0,19.1,27.5,87.4,2026-08-14 10:21:17
2024-02-23,Centre,District6,0,0,0,0.0,8.73,26.2,74.4,2026-08-14 10:21:17
2024-02-23,Centre,District7,0,1,0,0.0,19.24,32.2,66.2,2026-08-14 10:21:17
2024-02-23,Centre,District8,0,4,0,0.0,18.53,30.5,74.2,2026-08-14 10:21:17
2024-02-23,Centre,District9,0,0,0,0.0,0.07,30.5,60.9,2026-08-14 10:21:17
2024-02-23,Centre,District10,0,4,0,0.0,4.05,28.5,74.1,2026-08-14 10:21:17
2024-02-23,East,District1,3,1,0,0.0,14.94,25.4,64.2,2026-08-14 10:21:17
2024-02-23,East,District2,3,3,0,0.0,12.97,24.0,75.8,2026-08-14 10:21:17
2024-02-23,East,District3,0,3,0,0.0,19.3,34.7,65.1,2026-08-14 10:21:17
2024-02-23,East,District4,1,0,0,0.0,12.76,29.5,74.9,2026-08-14 10:21:17
2024-02-23,East,District5,1,4,1,100.0,4.42,32.4,75.9,2026-08-14 10:21:17
2024-02-23,East,District6,0,2,0,0.0,1.57,29.1,86.4,2026-08-14 10:21:17
2024-02-23,East,District7,0,0,0,0.0,5.72,29.7,70.5,2026-08-14 10:21:17
2024-02-23,East,District8,1,4,0,0.0,5.18,27.2,69.2,2026-08-14 10:21:17
2024-02-23,East,District9,0,0,0,0.0,6.25,28.5,53.0,2026-08-14 10:21:17
2024-02-23,East,District10,0,2,0,0.0,19.01,29.4,88.4,2026-08-14 10:21:17
2024-02-23,Far North,District1,0,5,0,0.0,2.48,26.3,52.2,2026-08-14 10:21:17
2024-02-23,Far North,District2,0,4,0,0.0,13.43,31.3,53.0,2026-08-14 10:21:17
2024-02-23,Far North,District3,0,2,0,0.0,16.13,31.2,68.5,2026-08-14 10:21:17
2024-02-23,Far North,District4,0,3,0,0.0,10.17,26.2,52.8,2026-08-14 10:21:17
2024-02-23,Far North,District5,0,2,0,0.0,19.28,28.9,84.3,2026-08-14 10:21:17
2024-02-23,Far North,District6,0,5,0,0.0,18.65,22.6,66.7,2026-08-14 10:21:17
2024-02-23,Far North,District7,1,3,1,100.0,8.32,31.5,61.5,2026-08-14 10:21:17
2024-02-23,Far North,District8,0,5,0,0.0,9.29,32.2,62.9,2026-08-14 10:21:17
2024-02-23,Far North,District9,0,0,0,0.0,17.86,32.0,54.0,2026-08-14 10:21:17
2024-02-23,Far North,District10,3,2,1,33.33,0.62,33.0,88.3,2026-08-14 10:21:17
2024-02-23,Littoral,District1,0,1,0,0.0,18.87,21.2,64.7,2026-08-14 10:21:17
2024-02-23,Littoral,District2,0,5,0,0.0,5.77,22.3,60.7,2026-08-14 10:21:17
2024-02-23,Littoral,District3,0,0,0,0.0,18.39,29.2,77.9,2026-08-14 10:21:17
2024-02-23,Littoral,District4,0,0,0,0.0,8.18,34.5,66.0,2026-08-14 10:21:17
2024-02-23,Littoral,District5,0,4,0,0.0,13.45,23.2,67.1,2026-08-14 10:21:17
2024-02-23,Littoral,District6,2,3,0,0.0,2.67,27.2,69.4,2026-08-14 10:21:17
2024-02-23,Littoral,District7,1,1,0,0.0,13.04,24.9,89.2,2026-08-14 10:21:17
2024-02-23,Littoral,District8,3,4,1,33.33,8.81,21.1,54.9,2026-08-14 10:21:17
2024-02-23,Littoral,District9,0,1,0,0.0,11.76,23.8,76.7,2026-08-14 10:21:17
2024-02-23,Littoral,District10,3,0,1,33.33,9.91,27.9,73.2,2026-08-14 10:21:17
2024-02-23,North,District1,1,0,1,100.0,8.57,23.9,54.9,2026-08-14 10:21:17
2024-02-23,North,District2,2,3,0,0.0,10.57,28.6,84.1,2026-08-14 10:21:17
2024-02-23,North,District3,1,5,0,0.0,5.87,24.7,83.7,2026-08-14 10:21:17
2024-02-23,North,District4,0,4,0,0.0,14.39,21.6,68.0,2026-08-14 10:21:17
2024-02-23,North,District5,0,3,0,0.0,18.07,26.5,77.3,2026-08-14 10:21:17
2024-02-23,North,District6,3,1,1,33.33,15.58,34.4,63.2,2026-08-14 10:21:17
2024-02-23,North,District7,0,4,0,0.0,17.86,34.8,75.9,2026-08-14 10:21:17
2024-02-23,North,District8,1,3,0,0.0,15.1,26.7,82.5,2026-08-14 10:21:17
2024-02-23,North,District9,0,4,0,0.0,5.67,28.2,75.8,2026-08-14 10:21:17
2024-02-23,North,District10,0,2,0,0.0,14.73,29.1,56.9,2026-08-14 10:21:17
2024-02-23,North-West,District1,0,4,0,0.0,19.81,23.1,75.7,2026-08-14 10:21:17
2024-02-23,North-West,District2,2,0,0,0.0,14.36,26.9,52.6,2026-08-14 10:21:17
2024-02-23,North-West,District3,3,5,0,0.0,19.66,31.2,50.9,2026-08-14 10:21:17
2024-02-23,North-West,District4,0,5,0,0.0,0.94,29.5,72.5,2026-08-14 10:21:17
2024-02-23,North-West,District5,2,2,1,50.0,1.43,26.0,66.6,2026-08-14 10:21:17
2024-02-23,North-West,District6,3,5,1,33.33,1.85,34.3,82.1,2026-08-14 10:21:17
2024-02-23,North-West,District7,0,1,0,0.0,9.3,20.8,53.7,2026-08-14 10:21:17
2024-02-23,North-West,District8,0,3,0,0.0,19.9,31.4,62.2,2026-08-14 10:21:17
2024-02-23,North-West,District9,0,4,0,0.0,8.64,25.7,67.5,2026-08-14 10:21:17
2024-02-23,North-West,District10,0,0,0,0.0,17.02,30.9,57.6,2026-08-14 10:21:17
2024-02-23,South,District1,0,0,0,0.0,13.49,22.6,79.4,2026-08-14 10:21:17
2024-02-23,South,District2,0,4,0,0.0,14.35,21.8,51.0,2026-08-14 10:21:17
2024-02-23,South,District3,0,4,0,0.0,7.28,25.6,80.0,2026-08-14 10:21:17
2024-02-23,South,District4,0,5,0,0.0,14.55,20.3,65.8,2026-08-14 10:21:17
2024-02-23,South,District5,0,1,0,0.0,16.15,34.5,64.9,2026-08-14 10:21:17
2024-02-23,South,District6,0,0,0,0.0,16.26,22.6,59.1,2026-08-14 10:21:17
2024-02-23,South,District7,2,1,1,50.0,6.0,22.0,79.9,2026-08-14 10:21:17
2024-02-23,South,District8,0,0,0,0.0,12.31,20.4,62.0,2026-08-14 10:21:17
2024-02-23,South,District9,0,2,0,0.0,10.05,31.8,60.9,2026-08-14 10:21:17
2024-02-23,South,District10,0,5,0,0.0,19.88,30.5,55.8,2026-08-14 10:21:17
2024-02-23,South-West,District1,0,2,0,0.0,0.49,21.7,79.3,2026-08-14 10:21:17
2024-02-23,South-West,District2,1,2,1,100.0,19.73,27.7,81.2,2026-08-14 10:21:17
2024-02-23,South-West,District3,1,0,1,100.0,6.05,21.7,61.5,2026-08-14 10:21:17
2024-02-23,South-West,District4,0,2,0,0.0,6.92,20.5,50.9,2026-08-14 10:21:17
2024-02-23,South-West,District5,0,2,0,0.0,5.07,25.3,78.1,2026-08-14 10:21:17
2024-02-23,South-West,District6,0,2,0,0.0,1.61,33.7,52.9,2026-08-14 10:21:17
2024-02-23,South-West,District7,0,1,0,0.0,8.86,24.1,54.9,2026-08-14 10:21:17
2024-02-23,South-West,District8,0,2,0,0.0,14.12,23.4,56.7,2026-08-14 10:21:17
2024-02-23,South-West,District9,0,3,0,0.0,5.64,31.3,81.5,2026-08-14 10:21:17
2024-02-23,South-West,District10,0,5,0,0.0,9.14,30.4,71.6,2026-08-14 10:21:17
2024-02-23,West,District1,0,3,0,0.0,17.39,34.8,77.1,2026-08-14 10:21:17
2024-02-23,West,District2,1,0,0,0.0,6.86,25.8,59.1,2026-08-14 10:21:17
2024-02-23,West,District3,0,5,0,0.0,8.35,31.2,69.3,2026-08-14 10:21:17
2024-02-23,West,District4,0,5,0,0.0,14.68,20.9,82.9,2026-08-14 10:21:17
2024-02-23,West,District5,1,4,0,0.0,16.57,24.7,74.9,2026-08-14 10:21:17
2024-02-23,West,District6,3,3,0,0.0,6.73,32.8,79.1,2026-08-14 10:21:17
2024-02-23,West,District7,0,5,0,0.0,0.17,30.3,85.3,2026-08-14 10:21:17
2024-02-23,West,District8,0,4,0,0.0,17.33,23.3,79.5,2026-08-14 10:21:17
2024-02-23,West,District9,0,0,0,0.0,16.21,32.7,67.2,2026-08-14 10:21:17
2024-02-23,West,District10,2,1,1,50.0,13.48,23.3,82.8,2026-08-14 10:21:17
2024-02-08,Adamawa,District1,2,1,0,0.0,11.17,33.1,50.6,2026-08-14 10:21:17
2024-02-08,Adamawa,District2,0,0,0,0.0,18.37,32.1,75.9,2026-08-14 10:21:17
2024-02-08,Adamawa,District3,0,1,0,0.0,17.69,28.2,57.2,2026-08-14 10:21:17
2024-02-08,Adamawa,District4,2,2,0,0.0,0.6,30.7,61.8,2026-08-14 10:21:17
2024-02-08,Adamawa,District5,0,0,0,0.0,7.57,24.5,82.9,2026-08-14 10:21:17
2024-02-08,Adamawa,District6,1,3,1,100.0,11.74,23.8,75.4,2026-08-14 10:21:17
2024-02-08,Adamawa,District7,1,4,1,100.0,6.96,26.6,69.5,2026-08-14 10:21:17
2024-02-08,Adamawa,District8,0,2,0,0.0,13.54,24.9,64.3,2026-08-14 10:21:17
2024-02-08,Adamawa,District9,2,3,1,50.0,2.18,33.0,67.6,2026-08-14 10:21:17
2024-02-08,Adamawa,District10,0,4,0,0.0,0.53,20.1,66.8,2026-08-14 10:21:17
2024-02-08,Centre,District1,0,3,0,0.0,4.27,33.7,64.5,2026-08-14 10:21:17
2024-02-08,Centre,District2,0,5,0,0.0,5.68,34.9,65.8,2026-08-14 10:21:17
2024-02-08,Centre,District3,0,2,0,0.0,14.05,22.8,59.1,2026-08-14 10:21:17
2024-02-08,Centre,District4,0,5,0,0.0,14.23,24.7,51.8,2026-08-14 10:21:17
2024-02-08,Centre,District5,2,4,1,50.0,6.57,31.8,56.5,2026-08-14 10:21:17
2024-02-08,Centre,District6,0,4,0,0.0,11.03,32.8,55.7,2026-08-14 10:21:17
2024-02-08,Centre,District7,0,3,0,0.0,3.7,24.4,87.4,2026-08-14 10:21:17
2024-02-08,Centre,District8,0,2,0,0.0,12.37,21.2,89.7,2026-08-14 10:21:17
2024-02-08,Centre,District9,0,1,0,0.0,3.95,23.9,86.1,2026-08-14 10:21:17
2024-02-08,Centre,District10,0,2,0,0.0,8.27,20.1,57.9,2026-08-14 10:21:17
2024-02-08,East,District1,0,3,0,0.0,8.15,31.2,65.3,2026-08-14 10:21:17
2024-02-08,East,District2,0,0,0,0.0,16.89,28.5,89.8,2026-08-14 10:21:17
2024-02-08,East,District3,0,5,0,0.0,4.99,31.8,53.0,2026-08-14 10:21:17
2024-02-08,East,District4,0,3,0,0.0,1.33,26.5,81.3,2026-08-14 10:21:17
2024-02-08,East,District5,1,2,1,100.0,7.41,27.7,86.6,2026-08-14 10:21:17
2024-02-08,East,District6,0,4,0,0.0,16.56,24.3,52.9,2026-08-14 10:21:17
2024-02-08,East,District7,1,5,0,0.0,12.21,33.9,74.7,2026-08-14 10:21:17
2024-02-08,East,District8,0,4,0,0.0,16.66,30.8,64.6,2026-08-14 10:21:17
2024-02-08,East,District9,1,5,1,100.0,1.54,23.9,58.7,2026-08-14 10:21:17
2024-02-08,East,District10,0,0,0,0.0,9.26,23.3,64.0,2026-08-14 10:21:17
2024-02-08,Far North,District1,0,5,0,0.0,14.32,21.4,71.3,2026-08-14 10:21:17
2024-02-08,Far North,District2,3,0,0,0.0,2.88,32.4,83.6,2026-08-14 10:21:17
2024-02-08,Far North,District3,0,2,0,0.0,4.05,26.5,55.7,2026-08-14 10:21:17
2024-02-08,Far North,District4,3,0,1,33.33,5.16,21.9,89.7,2026-08-14 10:21:17
2024-02-08,Far North,District5,1,0,0,0.0,14.79,21.0,75.7,2026-08-14 10:21:17
2024-02-08,Far North,District6,0,2,0,0.0,3.57,23.3,54.8,2026-08-14 10:21:17
2024-02-08,Far North,District7,0,5,0,0.0,4.67,25.7,67.9,2026-08-14 10:21:17
2024-02-08,Far North,District8,0,0,0,0.0,3.64,27.7,72.4,2026-08-14 10:21:17
2024-02-08,Far North,District9,0,2,0,0.0,12.05,29.0,80.2,2026-08-14 10:21:17
2024-02-08,Far North,District10,0,4,0,0.0,14.32,24.9,82.2,2026-08-14 10:21:17
2024-02-08,Littoral,District1,1,0,1,100.0,0.83,20.9,83.9,2026-08-14 10:21:17
2024-02-08,Littoral,District2,1,5,0,0.0,17.7,24.2,77.4,2026-08-14 10:21:17
2024-02-08,Littoral,District3,2,0,0,0.0,4.33,22.3,81.9,2026-08-14 10:21:17
2024-02-08,Littoral,District4,0,3,0,0.0,15.87,25.7,73.2,2026-08-14 10:21:17
2024-02-08,Littoral,District5,3,1,1,33.33,10.72,26.3,75.2,2026-08-14 10:21:17
2024-02-08,Littoral,District6,0,2,0,0.0,15.79,22.0,56.8,2026-08-14 10:21:17
2024-02-08,Littoral,District7,0,1,0,0.0,3.25,26.1,54.9,2026-08-14 10:21:17
2024-02-08,Littoral,District8,0,0,0,0.0,13.8,27.9,54.8,2026-08-14 10:21:17
2024-02-08,Littoral,District9,0,4,0,0.0,14.87,30.9,83.2,2026-08-14 10:21:17
2024-02-08,Littoral,District10,0,3,0,0.0,1.68,33.4,78.6,2026-08-14 10:21:17
2024-02-08,North,District1,0,2,0,0.0,16.91,33.3,82.1,2026-08-14 10:21:17
2024-02-08,North,District2,0,2,0,0.0,11.62,29.1,58.7,2026-08-14 10:21:17
2024-02-08,North,District3,3,5,0,0.0,14.99,23.8,77.4,2026-08-14 10:21:17
2024-02-08,North,District4,0,4,0,0.0,19.37,29.7,78.1,2026-08-14 10:21:17
2024-02-08,North,District5,0,4,0,0.0,8.09,34.4,50.5,2026-08-14 10:21:17
2024-02-08,North,District6,0,3,0,0.0,19.25,33.9,81.5,2026-08-14 10:21:17
2024-02-08,North,District7,1,4,0,0.0,3.59,25.5,74.0,2026-08-14 10:21:17
2024-02-08,North,District8,0,0,0,0.0,16.89,24.5,53.7,2026-08-14 10:21:17
2024-02-08,North,District9,0,4,0,0.0,9.58,23.9,54.2,2026-08-14 10:21:17
2024-02-08,North,District10,2,5,0,0.0,19.18,29.1,87.4,2026-08-14 10:21:17
2024-02-08,North-West,District1,0,5,0,0.0,18.9,26.3,75.3,2026-08-14 10:21:17
2024-02-08,North-West,District2,0,2,0,0.0,8.6,25.5,77.7,2026-08-14 10:21:17
2024-02-08,North-West,District3,1,5,0,0.0,0.77,30.4,81.6,2026-08-14 10:21:17
2024-02-08,North-West,District4,0,2,0,0.0,12.65,31.5,52.4,2026-08-14 10:21:17
2024-02-08,North-West,District5,0,3,0,0.0,3.3,28.6,84.3,2026-08-14 10:21:17
2024-02-08,North-West,District6,0,3,0,0.0,12.06,29.9,77.7,2026-08-14 10:21:17
2024-02-08,North-West,District7,1,3,0,0.0,4.59,32.4,87.2,2026-08-14 10:21:17
2024-02-08,North-West,District8,0,5,0,0.0,11.29,27.5,54.4,2026-08-14 10:21:17
2024-02-08,North-West,District9,1,0,1,100.0,4.02,32.7,77.8,2026-08-14 10:21:17
2024-02-08,North-West,District10,0,2,0,0.0,17.22,22.5,87.7,2026-08-14 10:21:17
2024-02-08,South,District1,3,4,0,0.0,9.23,33.5,74.8,2026-08-14 10:21:17
2024-02-08,South,District2,0,5,0,0.0,4.87,21.7,86.1,2026-08-14 10:21:17
2024-02-08,South,District3,0,2,0,0.0,9.7,30.6,82.8,2026-08-14 10:21:17
2024-02-08,South,District4,0,4,0,0.0,9.55,33.7,60.0,2026-08-14 10:21:17
2024-02-08,South,District5,1,5,0,0.0,17.14,34.5,80.3,2026-08-14 10:21:17
2024-02-08,South,District6,0,1,0,0.0,5.75,34.7,80.7,2026-08-14 10:21:17
2024-02-08,South,District7,0,5,0,0.0,6.07,22.1,75.5,2026-08-14 10:21:17
2024-02-08,South,District8,0,4,0,0.0,1.76,20.0,52.8,2026-08-14 10:21:17
2024-02-08,South,District9,3,2,1,33.33,9.82,30.0,89.9,2026-08-14 10:21:17
2024-02-08,South,District10,0,2,0,0.0,7.16,33.9,77.4,2026-08-14 10:21:17
2024-02-08,South-West,District1,0,1,0,0.0,15.33,30.7,52.2,2026-08-14 10:21:17
2024-02-08,South-West,District2,0,0,0,0.0,13.37,25.7,58.4,2026-08-14 10:21:17
2024-02-08,South-West,District3,2,3,1,50.0,8.94,21.5,51.0,2026-08-14 10:21:17
2024-02-08,South-West,District4,0,1,0,0.0,13.75,22.3,59.1,2026-08-14 10:21:17
2024-02-08,South-West,District5,0,3,0,0.0,14.87,20.5,71.6,2026-08-14 10:21:17
2024-02-08,South-West,District6,0,3,0,0.0,15.65,34.6,63.3,2026-08-14 10:21:17
2024-02-08,South-West,District7,1,4,1,100.0,0.03,31.5,51.0,2026-08-14 10:21:17
2024-02-08,South-West,District8,0,1,0,0.0,1.67,33.1,88.6,2026-08-14 10:21:17
2024-02-08,South-West,District9,0,0,0,0.0,18.83,29.5,65.4,2026-08-14 10:21:17
2024-02-08,South-West,District10,0,3,0,0.0,10.93,26.9,85.7,2026-08-14 10:21:17
2024-02-08,West,District1,0,4,0,0.0,15.53,25.3,51.6,2026-08-14 10:21:17
2024-02-08,West,District2,3,2,1,33.33,15.22,26.9,52.1,2026-08-14 10:21:17
2024-02-08,West,District3,0,2,0,0.0,9.78,33.4,72.2,2026-08-14 10:21:17
2024-02-08,West,District4,2,1,0,0.0,4.34,27.5,80.4,2026-08-14 10:21:17
2024-02-08,West,District5,0,3,0,0.0,8.9,21.4,62.2,2026-08-14 10:21:17
2024-02-08,West,District6,1,4,1,100.0,11.56,34.6,84.0,2026-08-14 10:21:17
2024-02-08,West,District7,0,5,0,0.0,10.46,27.9,68.0,2026-08-14 10:21:17
2024-02-08,West,District8,0,0,0,0.0,0.86,33.6,67.6,2026-08-14 10:21:17
2024-02-08,West,District9,0,5,0,0.0,14.33,21.8,88.4,2026-08-14 10:21:17
2024-02-08,West,District10,0,0,0,0.0,11.35,34.7,83.7,2026-08-14 10:21:17
2024-03-23,Adamawa,District1,0,5,0,0.0,6.58,23.4,55.3,2026-08-14 10:21:17
2024-03-23,Adamawa,District2,0,5,0,0.0,11.62,25.5,50.5,2026-08-14 10:21:17
2024-03-23,Adamawa,District3,0,4,0,0.0,5.61,34.3,78.7,2026-08-14 10:21:17
2024-03-23,Adamawa,District4,0,3,0,0.0,9.14,24.5,61.3,2026-08-14 10:21:17
2024-03-23,Adamawa,District5,0,4,0,0.0,11.53,23.2,75.6,2026-08-14 10:21:17
2024-03-23,Adamawa,District6,0,0,0,0.0,7.29,29.1,67.4,2026-08-14 10:21:17
2024-03-23,Adamawa,District7,0,2,0,0.0,3.35,21.4,60.5,2026-08-14 10:21:17
2024-03-23,Adamawa,District8,1,3,1,100.0,17.72,20.9,71.6,2026-08-14 10:21:17
2024-03-23,Adamawa,District9,0,2,0,0.0,15.66,22.9,71.5,2026-08-14 10:21:17
2024-03-23,Adamawa,District10,0,5,0,0.0,16.04,32.3,65.6,2026-08-14 10:21:17
2024-03-23,Centre,District1,0,1,0,0.0,0.04,27.6,80.3,2026-08-14 10:21:17
2024-03-23,Centre,District2,1,1,1,100.0,12.03,22.9,72.1,2026-08-14 10:21:17
2024-03-23,Centre,District3,2,0,0,0.0,8.68,22.9,82.3,2026-08-14 10:21:17
2024-03-23,Centre,District4,0,3,0,0.0,0.9,26.8,54.2,2026-08-14 10:21:17
2024-03-23,Centre,District5,0,4,0,0.0,9.73,21.5,60.5,2026-08-14 10:21:17
2024-03-23,Centre,District6,0,3,0,0.0,5.99,26.8,79.3,2026-08-14 10:21:17
2024-03-23,Centre,District7,1,3,1,100.0,5.7,30.4,56.4,2026-08-14 10:21:17
2024-03-23,Centre,District8,2,0,0,0.0,14.72,23.8,61.4,2026-08-14 10:21:17
2024-03-23,Centre,District9,3,0,0,0.0,3.38,26.3,60.1,2026-08-14 10:21:17
2024-03-23,Centre,District10,0,1,0,0.0,7.59,26.7,67.0,2026-08-14 10:21:17
2024-03-23,East,District1,1,0,0,0.0,16.18,24.0,58.4,2026-08-14 10:21:17
2024-03-23,East,District2,0,3,0,0.0,2.31,23.0,68.5,2026-08-14 10:21:17
2024-03-23,East,District3,0,5,0,0.0,5.75,26.7,88.7,2026-08-14 10:21:17
2024-03-23,East,District4,0,0,0,0.0,7.63,22.3,87.9,2026-08-14 10:21:17
2024-03-23,East,District5,2,2,1,50.0,16.23,29.0,56.7,2026-08-14 10:21:17
2024-03-23,East,District6,0,2,0,0.0,15.88,29.3,52.7,2026-08-14 10:21:17
2024-03-23,East,District7,0,0,0,0.0,8.8,27.9,74.8,2026-08-14 10:21:17
2024-03-23,East,District8,0,1,0,0.0,8.74,31.1,85.8,2026-08-14 10:21:17
2024-03-23,East,District9,0,4,0,0.0,19.78,31.6,82.4,2026-08-14 10:21:17
2024-03-23,East,District10,1,4,0,0.0,5.5,30.7,53.5,2026-08-14 10:21:17
2024-03-23,Far North,District1,0,4,0,0.0,0.92,22.4,74.8,2026-08-14 10:21:17
2024-03-23,Far North,District2,1,2,1,100.0,13.71,24.9,65.2,2026-08-14 10:21:17
2024-03-23,Far North,District3,2,1,1,50.0,18.95,23.4,75.0,2026-08-14 10:21:17
2024-03-23,Far North,District4,0,3,0,0.0,2.38,33.0,75.9,2026-08-14 10:21:17
2024-03-23,Far North,District5,1,2,1,100.0,11.94,20.6,88.2,2026-08-14 10:21:17
2024-03-23,Far North,District6,0,5,0,0.0,2.04,21.1,70.9,2026-08-14 10:21:17
2024-03-23,Far North,District7,0,2,0,0.0,14.4,22.6,78.4,2026-08-14 10:21:17
2024-03-23,Far North,District8,0,4,0,0.0,13.4,24.3,87.8,2026-08-14 10:21:17
2024-03-23,Far North,District9,0,3,0,0.0,4.13,27.3,75.4,2026-08-14 10:21:17
2024-03-23,Far North,District10,0,0,0,0.0,17.28,30.3,81.6,2026-08-14 10:21:17
2024-03-23,Littoral,District1,0,3,0,0.0,18.97,31.8,78.9,2026-08-14 10:21:17
2024-03-23,Littoral,District2,0,1,0,0.0,9.36,34.6,71.5,2026-08-14 10:21:17
2024-03-23,Littoral,District3,0,4,0,0.0,7.58,33.4,59.0,2026-08-14 10:21:17
2024-03-23,Littoral,District4,0,0,0,0.0,7.29,32.7,84.1,2026-08-14 10:21:17
2024-03-23,Littoral,District5,0,0,0,0.0,1.25,29.5,65.9,2026-08-14 10:21:17
2024-03-23,Littoral,District6,0,2,0,0.0,19.49,23.4,80.7,2026-08-14 10:21:17
2024-03-23,Littoral,District7,0,2,0,0.0,18.76,32.2,73.4,2026-08-14 10:21:17
2024-03-23,Littoral,District8,0,1,0,0.0,16.84,20.9,68.1,2026-08-14 10:21:17
2024-03-23,Littoral,District9,0,0,0,0.0,1.95,34.3,50.7,2026-08-14 10:21:17
2024-03-23,Littoral,District10,0,0,0,0.0,3.65,21.2,59.1,2026-08-14 10:21:17
2024-03-23,North,District1,0,2,0,0.0,1.32,25.2,67.2,2026-08-14 10:21:17
2024-03-23,North,District2,0,5,0,0.0,5.76,20.4,53.1,2026-08-14 10:21:17
2024-03-23,North,District3,0,5,0,0.0,2.57,30.3,58.5,2026-08-14 10:21:17
2024-03-23,North,District4,0,0,0,0.0,4.86,23.4,59.7,2026-08-14 10:21:17
2024-03-23,North,District5,0,4,0,0.0,16.55,31.1,70.6,2026-08-14 10:21:17
2024-03-23,North,District6,1,1,1,100.0,14.37,26.4,82.1,2026-08-14 10:21:17
2024-03-23,North,District7,1,0,0,0.0,3.59,34.0,74.1,2026-08-14 10:21:17
2024-03-23,North,District8,1,3,1,100.0,8.82,22.7,60.8,2026-08-14 10:21:17
2024-03-23,North,District9,0,1,0,0.0,0.98,34.2,78.1,2026-08-14 10:21:17
2024-03-23,North,District10,1,0,0,0.0,3.62,21.0,53.5,2026-08-14 10:21:17
2024-03-23,North-West,District1,0,0,0,0.0,5.17,34.2,52.4,2026-08-14 10:21:17
2024-03-23,North-West,District2,0,1,0,0.0,4.98,28.7,84.6,2026-08-14 10:21:17
2024-03-23,North-West,District3,3,3,0,0.0,12.77,21.2,59.1,2026-08-14 10:21:17
2024-03-23,North-West,District4,1,5,1,100.0,10.2,24.2,83.5,2026-08-14 10:21:17
2024-03-23,North-West,District5,0,3,0,0.0,14.54,22.4,75.8,2026-08-14 10:21:17
2024-03-23,North-West,District6,0,3,0,0.0,12.89,34.5,56.5,2026-08-14 10:21:17
2024-03-23,North-West,District7,0,5,0,0.0,5.67,34.7,86.5,2026-08-14 10:21:17
2024-03-23,North-West,District8,0,4,0,0.0,15.96,29.2,73.1,2026-08-14 10:21:17
2024-03-23,North-West,District9,2,0,0,0.0,10.77,21.8,71.3,2026-08-14 10:21:17
2024-03-23,North-West,District10,0,0,0,0.0,12.29,33.7,59.7,2026-08-14 10:21:17
2024-03-23,South,District1,0,4,0,0.0,5.84,23.8,81.5,2026-08-14 10:21:17
2024-03-23,South,District2,0,0,0,0.0,2.06,25.5,75.1,2026-08-14 10:21:17
2024-03-23,South,District3,1,2,0,0.0,8.97,27.3,63.9,2026-08-14 10:21:17
2024-03-23,South,District4,0,4,0,0.0,12.06,21.5,55.4,2026-08-14 10:21:17
2024-03-23,South,District5,0,3,0,0.0,3.66,22.9,75.0,2026-08-14 10:21:17
2024-03-23,South,District6,0,0,0,0.0,18.31,31.3,67.3,2026-08-14 10:21:17
2024-03-23,South,District7,0,5,0,0.0,17.81,22.6,65.3,2026-08-14 10:21:17
2024-03-23,South,District8,0,2,0,0.0,9.75,24.8,64.9,2026-08-14 10:21:17
2024-03-23,South,District9,0,3,0,0.0,19.63,33.0,81.3,2026-08-14 10:21:17
2024-03-23,South,District10,0,3,0,0.0,11.63,27.5,80.9,2026-08-14 10:21:17
2024-03-23,South-West,District1,0,0,0,0.0,11.61,24.2,67.0,2026-08-14 10:21:17
2024-03-23,South-West,District2,1,0,1,100.0,12.71,28.0,61.1,2026-08-14 10:21:17
2024-03-23,South-West,District3,2,3,1,50.0,10.63,24.6,84.8,2026-08-14 10:21:17
2024-03-23,South-West,District4,0,5,0,0.0,1.27,31.6,70.1,2026-08-14 10:21:17
2024-03-23,South-West,District5,0,3,0,0.0,15.84,33.4,67.5,2026-08-14 10:21:17
2024-03-23,South-West,District6,1,5,1,100.0,4.39,34.5,66.3,2026-08-14 10:21:17
2024-03-23,South-West,District7,0,1,0,0.0,6.55,27.8,64.1,2026-08-14 10:21:17
2024-03-23,South-West,District8,0,2,0,0.0,19.59,30.1,82.3,2026-08-14 10:21:17
2024-03-23,South-West,District9,0,3,0,0.0,19.94,24.4,66.6,2026-08-14 10:21:17
2024-03-23,South-West,District10,0,1,0,0.0,19.52,24.2,76.3,2026-08-14 10:21:17
2024-03-23,West,District1,0,3,0,0.0,6.47,32.9,67.5,2026-08-14 10:21:17
2024-03-23,West,District2,0,0,0,0.0,8.38,27.8,84.0,2026-08-14 10:21:17
2024-03-23,West,District3,0,2,0,0.0,1.16,22.9,61.6,2026-08-14 10:21:17
2024-03-23,West,District4,2,3,0,0.0,2.59,25.3,74.6,2026-08-14 10:21:17
2024-03-23,West,District5,1,0,0,0.0,5.48,21.9,64.7,2026-08-14 10:21:17
2024-03-23,West,District6,0,0,0,0.0,2.24,29.1,87.9,2026-08-14 10:21:17
2024-03-23,West,District7,0,0,0,0.0,5.38,21.6,89.6,2026-08-14 10:21:17
2024-03-23,West,District8,0,5,0,0.0,10.94,22.6,71.2,2026-08-14 10:21:17
2024-03-23,West,District9,0,5,0,0.0,12.03,22.5,56.1,2026-08-14 10:21:17
2024-03-23,West,District10,0,0,0,0.0,0.58,28.0,89.6,2026-08-14 10:21:17
2024-03-22,Adamawa,District1,0,3,0,0.0,11.86,31.5,79.8,2026-08-14 10:21:17
2024-03-22,Adamawa,District2,0,0,0,0.0,17.51,29.3,83.8,2026-08-14 10:21:17
2024-03-22,Adamawa,District3,0,3,0,0.0,11.19,20.7,87.8,2026-08-14 10:21:17
2024-03-22,Adamawa,District4,0,1,0,0.0,14.46,31.3,89.7,2026-08-14 10:21:17
2024-03-22,Adamawa,District5,0,1,0,0.0,2.82,29.4,56.2,2026-08-14 10:21:17
2024-03-22,Adamawa,District6,0,5,0,0.0,8.37,25.6,78.1,2026-08-14 10:21:17
2024-03-22,Adamawa,District7,0,2,0,0.0,2.58,28.8,59.5,2026-08-14 10:21:17
2024-03-22,Adamawa,District8,0,4,0,0.0,19.78,22.5,73.3,2026-08-14 10:21:17
2024-03-22,Adamawa,District9,0,5,0,0.0,7.23,27.9,52.9,2026-08-14 10:21:17
2024-03-22,Adamawa,District10,1,1,1,100.0,15.39,27.8,55.1,2026-08-14 10:21:17
2024-03-22,Centre,District1,0,5,0,0.0,14.79,27.1,83.1,2026-08-14 10:21:17
2024-03-22,Centre,District2,3,2,0,0.0,6.74,28.1,79.1,2026-08-14 10:21:17
2024-03-22,Centre,District3,0,4,0,0.0,5.08,32.0,56.3,2026-08-14 10:21:17
2024-03-22,Centre,District4,0,4,0,0.0,16.24,26.8,64.7,2026-08-14 10:21:17
2024-03-22,Centre,District5,1,2,1,100.0,2.73,31.2,56.8,2026-08-14 10:21:17
2024-03-22,Centre,District6,0,0,0,0.0,9.79,27.4,78.1,2026-08-14 10:21:17
2024-03-22,Centre,District7,0,5,0,0.0,11.89,23.1,59.3,2026-08-14 10:21:17
2024-03-22,Centre,District8,0,0,0,0.0,18.66,33.9,57.4,2026-08-14 10:21:17
2024-03-22,Centre,District9,1,4,0,0.0,11.56,22.2,74.3,2026-08-14 10:21:17
2024-03-22,Centre,District10,0,2,0,0.0,5.36,32.5,77.5,2026-08-14 10:21:17
2024-03-22,East,District1,0,2,0,0.0,18.78,21.1,50.2,2026-08-14 10:21:17
2024-03-22,East,District2,0,1,0,0.0,14.56,22.5,83.3,2026-08-14 10:21:17
2024-03-22,East,District3,1,1,0,0.0,14.37,27.8,61.7,2026-08-14 10:21:17
2024-03-22,East,District4,1,1,1,100.0,3.03,26.3,58.5,2026-08-14 10:21:17
2024-03-22,East,District5,0,0,0,0.0,3.75,25.3,68.0,2026-08-14 10:21:17
2024-03-22,East,District6,1,0,0,0.0,4.71,31.8,79.4,2026-08-14 10:21:17
2024-03-22,East,District7,0,2,0,0.0,5.47,31.4,81.8,2026-08-14 10:21:17
2024-03-22,East,District8,0,0,0,0.0,15.62,27.4,69.1,2026-08-14 10:21:17
2024-03-22,East,District9,0,0,0,0.0,7.23,24.6,67.6,2026-08-14 10:21:17
2024-03-22,East,District10,0,1,0,0.0,3.47,23.3,85.7,2026-08-14 10:21:17
2024-03-22,Far North,District1,1,0,0,0.0,17.62,21.2,68.9,2026-08-14 10:21:17
2024-03-22,Far North,District2,0,4,0,0.0,3.2,30.1,86.6,2026-08-14 10:21:17
2024-03-22,Far North,District3,0,0,0,0.0,5.49,31.7,69.3,2026-08-14 10:21:17
2024-03-22,Far North,District4,0,5,0,0.0,8.06,31.9,52.9,2026-08-14 10:21:17
2024-03-22,Far North,District5,1,0,1,100.0,3.67,32.1,53.4,2026-08-14 10:21:17
2024-03-22,Far North,District6,2,0,1,50.0,12.2,23.1,73.5,2026-08-14 10:21:17
2024-03-22,Far North,District7,1,1,0,0.0,15.35,30.4,77.3,2026-08-14 10:21:17
2024-03-22,Far North,District8,0,3,0,0.0,16.59,28.5,73.6,2026-08-14 10:21:17
2024-03-22,Far North,District9,0,1,0,0.0,5.52,34.1,70.1,2026-08-14 10:21:17
2024-03-22,Far North,District10,1,3,1,100.0,5.69,31.7,50.1,2026-08-14 10:21:17
2024-03-22,Littoral,District1,0,0,0,0.0,4.76,22.2,79.4,2026-08-14 10:21:17
2024-03-22,Littoral,District2,0,1,0,0.0,17.25,31.9,60.3,2026-08-14 10:21:17
2024-03-22,Littoral,District3,0,4,0,0.0,3.14,22.3,51.7,2026-08-14 10:21:17
2024-03-22,Littoral,District4,0,2,0,0.0,16.95,26.6,51.5,2026-08-14 10:21:17
2024-03-22,Littoral,District5,3,0,1,33.33,6.05,29.0,78.2,2026-08-14 10:21:17
2024-03-22,Littoral,District6,1,3,0,0.0,3.15,21.6,62.0,2026-08-14 10:21:17
2024-03-22,Littoral,District7,0,5,0,0.0,18.9,23.5,81.0,2026-08-14 10:21:17
2024-03-22,Littoral,District8,0,5,0,0.0,17.39,30.5,73.9,2026-08-14 10:21:17
2024-03-22,Littoral,District9,0,5,0,0.0,3.3,27.3,82.5,2026-08-14 10:21:17
2024-03-22,Littoral,District10,1,5,0,0.0,6.8,34.9,68.5,2026-08-14 10:21:17
2024-03-22,North,District1,0,0,0,0.0,8.72,31.8,73.9,2026-08-14 10:21:17
2024-03-22,North,District2,0,0,0,0.0,1.47,30.9,52.1,2026-08-14 10:21:17
2024-03-22,North,District3,0,3,0,0.0,11.21,24.8,70.9,2026-08-14 10:21:17
2024-03-22,North,District4,0,2,0,0.0,14.76,22.1,81.1,2026-08-14 10:21:17
2024-03-22,North,District5,1,4,1,100.0,16.28,35.0,55.3,2026-08-14 10:21:17
2024-03-22,North,District6,0,5,0,0.0,7.9,22.4,77.6,2026-08-14 10:21:17
2024-03-22,North,District7,0,5,0,0.0,13.99,20.5,50.7,2026-08-14 10:21:17
2024-03-22,North,District8,0,0,0,0.0,1.8,23.3,84.3,2026-08-14 10:21:17
2024-03-22,North,District9,0,0,0,0.0,8.83,24.7,69.7,2026-08-14 10:21:17
2024-03-22,North,District10,2,4,0,0.0,10.29,20.5,65.5,2026-08-14 10:21:17
2024-03-22,North-West,District1,0,1,0,0.0,9.87,32.5,50.3,2026-08-14 10:21:17
2024-03-22,North-West,District2,2,4,0,0.0,9.35,22.6,75.9,2026-08-14 10:21:17
2024-03-22,North-West,District3,0,4,0,0.0,11.59,22.1,63.2,2026-08-14 10:21:17
2024-03-22,North-West,District4,1,0,1,100.0,0.61,31.5,57.4,2026-08-14 10:21:17
2024-03-22,North-West,District5,3,0,0,0.0,5.31,20.1,74.3,2026-08-14 10:21:17
2024-03-22,North-West,District6,0,5,0,0.0,13.02,30.8,51.2,2026-08-14 10:21:17
2024-03-22,North-West,District7,0,5,0,0.0,17.07,26.9,64.3,2026-08-14 10:21:17
2024-03-22,North-West,District8,0,4,0,0.0,6.46,32.3,83.6,2026-08-14 10:21:17
2024-03-22,North-West,District9,0,4,0,0.0,7.55,21.5,60.5,2026-08-14 10:21:17
2024-03-22,North-West,District10,1,3,0,0.0,4.19,26.1,69.7,2026-08-14 10:21:17
2024-03-22,South,District1,0,0,0,0.0,17.73,34.9,51.6,2026-08-14 10:21:17
2024-03-22,South,District2,1,1,1,100.0,7.78,32.4,58.8,2026-08-14 10:21:17
2024-03-22,South,District3,0,5,0,0.0,0.16,33.1,53.6,2026-08-14 10:21:17
2024-03-22,South,District4,2,3,1,50.0,6.99,23.4,60.8,2026-08-14 10:21:17
2024-03-22,South,District5,2,0,0,0.0,16.36,32.5,85.8,2026-08-14 10:21:17
2024-03-22,South,District6,0,3,0,0.0,2.43,34.2,55.4,2026-08-14 10:21:17
2024-03-22,South,District7,0,3,0,0.0,9.14,34.3,59.3,2026-08-14 10:21:17
2024-03-22,South,District8,0,5,0,0.0,14.8,24.4,60.2,2026-08-14 10:21:17
2024-03-22,South,District9,1,4,0,0.0,0.69,28.5,59.7,2026-08-14 10:21:17
2024-03-22,South,District10,0,0,0,0.0,15.46,20.4,74.6,2026-08-14 10:21:17
2024-03-22,South-West,District1,0,0,0,0.0,8.24,28.8,73.3,2026-08-14 10:21:17
2024-03-22,South-West,District2,0,1,0,0.0,2.27,34.3,64.1,2026-08-14 10:21:17
2024-03-22,South-West,District3,0,2,0,0.0,13.53,20.6,60.3,2026-08-14 10:21:17
2024-03-22,South-West,District4,0,2,0,0.0,2.07,33.3,76.3,2026-08-14 10:21:17
2024-03-22,South-West,District5,0,1,0,0.0,10.75,28.0,82.0,2026-08-14 10:21:17
2024-03-22,South-West,District6,0,0,0,0.0,8.37,25.7,63.4,2026-08-14 10:21:17
2024-03-22,South-West,District7,1,1,1,100.0,11.94,29.3,78.1,2026-08-14 10:21:17
2024-03-22,South-West,District8,1,3,1,100.0,9.65,27.8,54.6,2026-08-14 10:21:17
2024-03-22,South-West,District9,3,5,0,0.0,3.21,26.9,59.8,2026-08-14 10:21:17
2024-03-22,South-West,District10,3,5,0,0.0,1.69,20.5,61.5,2026-08-14 10:21:17
2024-03-22,West,District1,0,1,0,0.0,19.6,34.5,82.9,2026-08-14 10:21:17
2024-03-22,West,District2,0,2,0,0.0,0.31,29.3,78.3,2026-08-14 10:21:17
2024-03-22,West,District3,0,0,0,0.0,7.96,34.9,83.4,2026-08-14 10:21:17
2024-03-22,West,District4,0,4,0,0.0,6.35,33.1,84.3,2026-08-14 10:21:17
2024-03-22,West,District5,0,4,0,0.0,13.46,21.2,69.2,2026-08-14 10:21:17
2024-03-22,West,District6,1,4,0,0.0,19.74,24.6,79.6,2026-08-14 10:21:17
2024-03-22,West,District7,0,1,0,0.0,14.17,21.1,63.0,2026-08-14 10:21:17
2024-03-22,West,District8,0,4,0,0.0,13.32,23.1,60.6,2026-08-14 10:21:17
2024-03-22,West,District9,0,1,0,0.0,15.77,27.1,66.2,2026-08-14 10:21:17
2024-03-22,West,District10,0,5,0,0.0,12.53,21.3,52.8,2026-08-14 10:21:17
2024-03-16,Adamawa,District1,2,2,1,50.0,12.06,25.3,56.8,2026-08-14 10:21:17
2024-03-16,Adamawa,District2,1,3,0,0.0,2.76,28.8,68.0,2026-08-14 10:21:17
2024-03-16,Adamawa,District3,0,0,0,0.0,5.66,21.3,60.1,2026-08-14 10:21:17
2024-03-16,Adamawa,District4,0,2,0,0.0,5.06,31.9,88.4,2026-08-14 10:21:17
2024-03-16,Adamawa,District5,0,5,0,0.0,14.46,26.8,56.6,2026-08-14 10:21:17
2024-03-16,Adamawa,District6,0,0,0,0.0,13.07,21.9,80.3,2026-08-14 10:21:17
2024-03-16,Adamawa,District7,0,1,0,0.0,5.76,25.0,80.1,2026-08-14 10:21:17
2024-03-16,Adamawa,District8,0,4,0,0.0,14.62,34.1,61.0,2026-08-14 10:21:17
2024-03-16,Adamawa,District9,0,0,0,0.0,7.37,30.3,77.2,2026-08-14 10:21:17
2024-03-16,Adamawa,District10,0,2,0,0.0,15.72,26.2,65.0,2026-08-14 10:21:17
2024-03-16,Centre,District1,0,3,0,0.0,14.49,27.6,62.8,2026-08-14 10:21:17
2024-03-16,Centre,District2,1,3,1,100.0,14.98,22.7,83.3,2026-08-14 10:21:17
2024-03-16,Centre,District3,0,0,0,0.0,13.34,21.3,78.5,2026-08-14 10:21:17
2024-03-16,Centre,District4,1,1,0,0.0,5.17,25.5,66.8,2026-08-14 10:21:17
2024-03-16,Centre,District5,1,5,1,100.0,12.15,23.6,85.5,2026-08-14 10:21:17
2024-03-16,Centre,District6,3,0,1,33.33,15.6,22.8,56.5,2026-08-14 10:21:17
2024-03-16,Centre,District7,1,5,1,100.0,18.46,26.0,81.6,2026-08-14 10:21:17
2024-03-16,Centre,District8,0,2,0,0.0,11.52,34.3,61.6,2026-08-14 10:21:17
2024-03-16,Centre,District9,0,3,0,0.0,9.66,28.5,55.3,2026-08-14 10:21:17
2024-03-16,Centre,District10,0,2,0,0.0,0.22,33.3,72.8,2026-08-14 10:21:17
2024-03-16,East,District1,0,5,0,0.0,1.88,34.6,51.9,2026-08-14 10:21:17
2024-03-16,East,District2,1,2,0,0.0,2.9,33.6,79.7,2026-08-14 10:21:17
2024-03-16,East,District3,0,4,0,0.0,10.48,33.3,76.4,2026-08-14 10:21:17
2024-03-16,East,District4,1,3,0,0.0,9.71,21.7,87.0,2026-08-14 10:21:17
2024-03-16,East,District5,0,1,0,0.0,19.02,20.6,59.5,2026-08-14 10:21:17
2024-03-16,East,District6,0,0,0,0.0,1.54,21.8,81.7,2026-08-14 10:21:17
2024-03-16,East,District7,0,3,0,0.0,13.36,30.8,68.5,2026-08-14 10:21:17
2024-03-16,East,District8,0,1,0,0.0,1.53,27.4,72.6,2026-08-14 10:21:17
2024-03-16,East,District9,3,2,1,33.33,19.52,29.9,87.8,2026-08-14 10:21:17
2024-03-16,East,District10,0,3,0,0.0,16.41,29.0,83.2,2026-08-14 10:21:17
2024-03-16,Far North,District1,0,4,0,0.0,17.06,27.0,78.3,2026-08-14 10:21:17
2024-03-16,Far North,District2,0,2,0,0.0,10.54,22.6,89.4,2026-08-14 10:21:17
2024-03-16,Far North,District3,0,3,0,0.0,17.33,20.8,89.6,2026-08-14 10:21:17
2024-03-16,Far North,District4,0,2,0,0.0,19.97,34.6,74.9,2026-08-14 10:21:17
2024-03-16,Far North,District5,0,3,0,0.0,18.19,20.6,75.9,2026-08-14 10:21:17
2024-03-16,Far North,District6,0,3,0,0.0,18.62,29.8,53.1,2026-08-14 10:21:17
2024-03-16,Far North,District7,0,1,0,0.0,3.71,21.0,87.7,2026-08-14 10:21:17
2024-03-16,Far North,District8,0,2,0,0.0,3.2,33.3,69.3,2026-08-14 10:21:17
2024-03-16,Far North,District9,0,1,0,0.0,4.48,24.7,83.4,2026-08-14 10:21:17
2024-03-16,Far North,District10,0,0,0,0.0,6.46,30.0,61.2,2026-08-14 10:21:17
2024-03-16,Littoral,District1,2,3,0,0.0,3.9,25.9,56.6,2026-08-14 10:21:17
2024-03-16,Littoral,District2,1,0,1,100.0,5.34,23.0,51.0,2026-08-14 10:21:17
2024-03-16,Littoral,District3,0,3,0,0.0,15.2,32.3,73.4,2026-08-14 10:21:17
2024-03-16,Littoral,District4,0,2,0,0.0,5.04,22.0,54.1,2026-08-14 10:21:17
2024-03-16,Littoral,District5,0,5,0,0.0,16.4,27.1,61.6,2026-08-14 10:21:17
2024-03-16,Littoral,District6,0,4,0,0.0,1.0,32.7,78.5,2026-08-14 10:21:17
2024-03-16,Littoral,District7,2,0,1,50.0,9.23,29.6,55.6,2026-08-14 10:21:17
2024-03-16,Littoral,District8,0,0,0,0.0,16.32,31.1,56.0,2026-08-14 10:21:17
2024-03-16,Littoral,District9,0,1,0,0.0,14.78,34.1,70.4,2026-08-14 10:21:17
2024-03-16,Littoral,District10,2,3,1,50.0,11.55,33.2,77.2,2026-08-14 10:21:17
2024-03-16,North,District1,0,3,0,0.0,14.58,28.8,79.5,2026-08-14 10:21:17
2024-03-16,North,District2,0,2,0,0.0,0.95,27.1,82.6,2026-08-14 10:21:17
2024-03-16,North,District3,0,1,0,0.0,3.19,27.2,89.6,2026-08-14 10:21:17
2024-03-16,North,District4,0,3,0,0.0,13.69,31.1,73.0,2026-08-14 10:21:17
2024-03-16,North,District5,0,5,0,0.0,3.22,34.8,81.7,2026-08-14 10:21:17
2024-03-16,North,District6,0,3,0,0.0,16.01,32.0,56.1,2026-08-14 10:21:17
2024-03-16,North,District7,2,1,0,0.0,1.8,33.0,65.5,2026-08-14 10:21:17
2024-03-16,North,District8,0,3,0,0.0,4.44,26.2,69.6,2026-08-14 10:21:17
2024-03-16,North,District9,0,0,0,0.0,2.3,20.4,52.0,2026-08-14 10:21:17
2024-03-16,North,District10,0,5,0,0.0,14.28,28.5,82.3,2026-08-14 10:21:17
2024-03-16,North-West,District1,2,5,0,0.0,17.05,22.6,84.2,2026-08-14 10:21:17
2024-03-16,North-West,District2,0,4,0,0.0,13.61,22.8,58.0,2026-08-14 10:21:17
2024-03-16,North-West,District3,2,1,0,0.0,13.51,25.2,88.6,2026-08-14 10:21:17
2024-03-16,North-West,District4,0,5,0,0.0,0.44,28.5,87.4,2026-08-14 10:21:17
2024-03-16,North-West,District5,0,0,0,0.0,0.08,26.1,65.8,2026-08-14 10:21:17
2024-03-16,North-West,District6,2,4,0,0.0,9.5,30.3,57.9,2026-08-14 10:21:17
2024-03-16,North-West,District7,0,4,0,0.0,18.53,30.9,61.7,2026-08-14 10:21:17
2024-03-16,North-West,District8,0,1,0,0.0,0.12,24.7,69.7,2026-08-14 10:21:17
2024-03-16,North-West,District9,0,5,0,0.0,3.38,22.7,78.6,2026-08-14 10:21:17
2024-03-16,North-West,District10,0,3,0,0.0,6.03,24.0,65.4,2026-08-14 10:21:17
2024-03-16,South,District1,0,2,0,0.0,19.99,22.8,81.9,2026-08-14 10:21:17
2024-03-16,South,District2,2,0,0,0.0,5.1,23.0,65.0,2026-08-14 10:21:17
2024-03-16,South,District3,1,2,1,100.0,13.6,33.0,57.4,2026-08-14 10:21:17
2024-03-16,South,District4,1,5,1,100.0,0.78,25.0,72.9,2026-08-14 10:21:17
2024-03-16,South,District5,2,5,1,50.0,4.6,32.7,71.9,2026-08-14 10:21:17
2024-03-16,South,District6,0,0,0,0.0,3.17,33.1,79.4,2026-08-14 10:21:17
2024-03-16,South,District7,0,1,0,0.0,7.79,25.2,62.1,2026-08-14 10:21:17
2024-03-16,South,District8,0,3,0,0.0,13.85,21.1,56.4,2026-08-14 10:21:17
2024-03-16,South,District9,0,2,0,0.0,15.72,21.3,81.4,2026-08-14 10:21:17
2024-03-16,South,District10,0,4,0,0.0,12.42,34.2,66.7,2026-08-14 10:21:17
2024-03-16,South-West,District1,0,4,0,0.0,11.58,32.3,77.8,2026-08-14 10:21:17
2024-03-16,South-West,District2,0,3,0,0.0,17.99,21.7,83.5,2026-08-14 10:21:17
2024-03-16,South-West,District3,0,4,0,0.0,17.64,31.1,76.4,2026-08-14 10:21:17
2024-03-16,South-West,District4,2,2,0,0.0,19.66,32.4,81.1,2026-08-14 10:21:17
2024-03-16,South-West,District5,0,2,0,0.0,3.85,21.5,59.5,2026-08-14 10:21:17
2024-03-16,South-West,District6,2,4,0,0.0,1.46,22.9,72.1,2026-08-14 10:21:17
2024-03-16,South-West,District7,0,1,0,0.0,5.82,27.3,81.4,2026-08-14 10:21:17
2024-03-16,South-West,District8,0,5,0,0.0,3.29,28.1,80.3,2026-08-14 10:21:17
2024-03-16,South-West,District9,0,3,0,0.0,9.1,22.2,76.6,2026-08-14 10:21:17
2024-03-16,South-West,District10,1,4,0,0.0,2.33,22.9,58.8,2026-08-14 10:21:17
2024-03-16,West,District1,0,1,0,0.0,9.59,24.4,80.6,2026-08-14 10:21:17
2024-03-16,West,District2,0,3,0,0.0,4.89,25.6,69.8,2026-08-14 10:21:17
2024-03-16,West,District3,0,2,0,0.0,2.41,23.7,89.2,2026-08-14 10:21:17
2024-03-16,West,District4,0,1,0,0.0,13.3,23.6,58.3,2026-08-14 10:21:17
2024-03-16,West,District5,0,4,0,0.0,2.92,27.4,65.5,2026-08-14 10:21:17
2024-03-16,West,District6,1,1,1,100.0,14.52,33.2,61.7,2026-08-14 10:21:17
2024-03-16,West,District7,3,5,0,0.0,10.03,28.2,71.3,2026-08-14 10:21:17
2024-03-16,West,District8,0,1,0,0.0,9.56,21.0,86.0,2026-08-14 10:21:17
2024-03-16,West,District9,2,1,1,50.0,16.49,29.2,76.2,2026-08-14 10:21:17
2024-03-16,West,District10,1,2,1,100.0,6.21,25.6,65.4,2026-08-14 10:21:17
2024-03-17,Adamawa,District1,0,3,0,0.0,6.78,32.1,81.4,2026-08-14 10:21:17
2024-03-17,Adamawa,District2,0,3,0,0.0,7.75,25.2,58.4,2026-08-14 10:21:17
2024-03-17,Adamawa,District3,0,5,0,0.0,6.94,33.6,86.2,2026-08-14 10:21:17
2024-03-17,Adamawa,District4,1,4,1,100.0,18.07,22.1,77.9,2026-08-14 10:21:17
2024-03-17,Adamawa,District5,0,3,0,0.0,7.62,29.1,57.6,2026-08-14 10:21:17
2024-03-17,Adamawa,District6,0,2,0,0.0,14.38,25.0,56.4,2026-08-14 10:21:17
2024-03-17,Adamawa,District7,0,1,0,0.0,13.97,24.2,58.6,2026-08-14 10:21:17
2024-03-17,Adamawa,District8,0,1,0,0.0,2.09,29.8,81.2,2026-08-14 10:21:17
2024-03-17,Adamawa,District9,0,1,0,0.0,6.59,32.4,59.5,2026-08-14 10:21:17
2024-03-17,Adamawa,District10,3,5,1,33.33,16.41,32.2,73.3,2026-08-14 10:21:17
2024-03-17,Centre,District1,1,5,1,100.0,19.36,21.6,54.5,2026-08-14 10:21:17
2024-03-17,Centre,District2,0,4,0,0.0,11.94,32.3,75.8,2026-08-14 10:21:17
2024-03-17,Centre,District3,0,5,0,0.0,17.03,29.4,83.0,2026-08-14 10:21:17
2024-03-17,Centre,District4,2,5,0,0.0,3.61,23.8,86.6,2026-08-14 10:21:17
2024-03-17,Centre,District5,0,1,0,0.0,2.86,27.5,52.4,2026-08-14 10:21:17
2024-03-17,Centre,District6,3,1,1,33.33,11.6,27.1,73.2,2026-08-14 10:21:17
2024-03-17,Centre,District7,0,2,0,0.0,2.06,24.3,65.5,2026-08-14 10:21:17
2024-03-17,Centre,District8,0,5,0,0.0,6.87,25.2,74.5,2026-08-14 10:21:17
2024-03-17,Centre,District9,0,5,0,0.0,14.62,24.5,67.1,2026-08-14 10:21:17
2024-03-17,Centre,District10,0,3,0,0.0,16.36,25.7,56.9,2026-08-14 10:21:17
2024-03-17,East,District1,0,5,0,0.0,12.9,26.4,76.9,2026-08-14 10:21:17
2024-03-17,East,District2,0,5,0,0.0,9.52,25.8,80.6,2026-08-14 10:21:17
2024-03-17,East,District3,1,0,1,100.0,16.42,31.9,85.5,2026-08-14 10:21:17
2024-03-17,East,District4,0,4,0,0.0,16.97,32.2,50.4,2026-08-14 10:21:17
2024-03-17,East,District5,0,5,0,0.0,2.31,31.6,78.2,2026-08-14 10:21:17
2024-03-17,East,District6,0,5,0,0.0,17.62,30.2,79.3,2026-08-14 10:21:17
2024-03-17,East,District7,1,3,1,100.0,17.44,25.8,77.2,2026-08-14 10:21:17
2024-03-17,East,District8,1,3,0,0.0,4.34,22.1,63.8,2026-08-14 10:21:17
2024-03-17,East,District9,0,4,0,0.0,5.82,30.1,87.7,2026-08-14 10:21:17
2024-03-17,East,District10,0,1,0,0.0,7.56,29.3,87.9,2026-08-14 10:21:17
2024-03-17,Far North,District1,0,1,0,0.0,1.1,25.5,51.4,2026-08-14 10:21:17
2024-03-17,Far North,District2,0,4,0,0.0,16.53,23.8,73.8,2026-08-14 10:21:17
2024-03-17,Far North,District3,0,3,0,0.0,16.58,32.1,60.2,2026-08-14 10:21:17
2024-03-17,Far North,District4,1,0,0,0.0,3.79,28.1,59.1,2026-08-14 10:21:17
2024-03-17,Far North,District5,1,1,0,0.0,10.59,33.7,65.4,2026-08-14 10:21:17
2024-03-17,Far North,District6,0,5,0,0.0,17.69,34.2,50.6,2026-08-14 10:21:17
2024-03-17,Far North,District7,0,5,0,0.0,11.74,28.2,51.8,2026-08-14 10:21:17
2024-03-17,Far North,District8,0,5,0,0.0,5.99,29.7,67.1,2026-08-14 10:21:17
2024-03-17,Far North,District9,0,1,0,0.0,16.09,23.3,71.9,2026-08-14 10:21:17
2024-03-17,Far North,District10,0,2,0,0.0,19.98,28.5,80.3,2026-08-14 10:21:17
2024-03-17,Littoral,District1,0,2,0,0.0,18.13,29.0,70.1,2026-08-14 10:21:17
2024-03-17,Littoral,District2,0,0,0,0.0,15.79,33.5,52.9,2026-08-14 10:21:17
2024-03-17,Littoral,District3,0,1,0,0.0,17.25,27.6,51.3,2026-08-14 10:21:17
2024-03-17,Littoral,District4,0,4,0,0.0,13.42,24.6,89.3,2026-08-14 10:21:17
2024-03-17,Littoral,District5,0,0,0,0.0,3.63,21.7,76.5,2026-08-14 10:21:17
2024-03-17,Littoral,District6,0,4,0,0.0,11.91,26.7,68.2,2026-08-14 10:21:17
2024-03-17,Littoral,District7,1,0,0,0.0,8.4,25.6,76.8,2026-08-14 10:21:17
2024-03-17,Littoral,District8,0,2,0,0.0,17.94,32.6,55.7,2026-08-14 10:21:17
2024-03-17,Littoral,District9,3,1,0,0.0,7.02,34.4,69.2,2026-08-14 10:21:17
2024-03-17,Littoral,District10,0,4,0,0.0,7.3,26.7,89.8,2026-08-14 10:21:17
2024-03-17,North,District1,1,3,0,0.0,15.15,26.1,75.1,2026-08-14 10:21:17
2024-03-17,North,District2,0,2,0,0.0,2.52,27.8,70.4,2026-08-14 10:21:17
2024-03-17,North,District3,0,2,0,0.0,16.3,33.8,57.9,2026-08-14 10:21:17
2024-03-17,North,District4,0,2,0,0.0,11.61,27.9,52.9,2026-08-14 10:21:17
2024-03-17,North,District5,0,2,0,0.0,6.35,34.8,88.2,2026-08-14 10:21:17
2024-03-17,North,District6,0,2,0,0.0,18.14,26.9,85.2,2026-08-14 10:21:17
2024-03-17,North,District7,0,0,0,0.0,3.21,26.8,51.5,2026-08-14 10:21:17
2024-03-17,North,District8,0,5,0,0.0,17.14,34.7,60.1,2026-08-14 10:21:17
2024-03-17,North,District9,0,1,0,0.0,0.63,21.4,55.8,2026-08-14 10:21:17
2024-03-17,North,District10,0,0,0,0.0,14.28,26.0,76.6,2026-08-14 10:21:17
2024-03-17,North-West,District1,0,0,0,0.0,12.66,27.9,57.9,2026-08-14 10:21:17
2024-03-17,North-West,District2,2,0,0,0.0,13.64,30.1,57.3,2026-08-14 10:21:17
2024-03-17,North-West,District3,2,2,1,50.0,6.8,24.1,75.6,2026-08-14 10:21:17
2024-03-17,North-West,District4,2,0,1,50.0,2.49,28.5,73.3,2026-08-14 10:21:17
2024-03-17,North-West,District5,0,1,0,0.0,17.45,22.6,77.5,2026-08-14 10:21:17
2024-03-17,North-West,District6,0,2,0,0.0,1.15,28.5,64.9,2026-08-14 10:21:17
2024-03-17,North-West,District7,0,5,0,0.0,9.02,23.7,88.4,2026-08-14 10:21:17
2024-03-17,North-West,District8,0,4,0,0.0,12.48,27.9,86.5,2026-08-14 10:21:17
2024-03-17,North-West,District9,0,5,0,0.0,18.55,33.9,86.7,2026-08-14 10:21:17
2024-03-17,North-West,District10,0,5,0,0.0,3.52,25.1,64.6,2026-08-14 10:21:17
2024-03-17,South,District1,0,0,0,0.0,14.66,33.6,70.1,2026-08-14 10:21:17
2024-03-17,South,District2,0,3,0,0.0,18.72,33.1,86.2,2026-08-14 10:21:17
2024-03-17,South,District3,2,4,0,0.0,10.62,24.2,53.3,2026-08-14 10:21:17
2024-03-17,South,District4,1,0,0,0.0,5.03,23.9,67.1,2026-08-14 10:21:17
2024-03-17,South,District5,1,1,1,100.0,7.64,24.6,67.3,2026-08-14 10:21:17
2024-03-17,South,District6,2,4,1,50.0,18.76,30.4,80.7,2026-08-14 10:21:17
2024-03-17,South,District7,0,1,0,0.0,19.89,27.8,62.2,2026-08-14 10:21:17
2024-03-17,South,District8,1,1,1,100.0,18.11,32.0,76.6,2026-08-14 10:21:17
2024-03-17,South,District9,2,5,0,0.0,4.04,28.1,54.6,2026-08-14 10:21:17
2024-03-17,South,District10,0,4,0,0.0,19.06,24.5,56.9,2026-08-14 10:21:17
2024-03-17,South-West,District1,0,4,0,0.0,19.51,30.0,51.5,2026-08-14 10:21:17
2024-03-17,South-West,District2,0,5,0,0.0,8.31,29.9,59.5,2026-08-14 10:21:17
2024-03-17,South-West,District3,1,3,0,0.0,3.46,21.4,85.2,2026-08-14 10:21:17
2024-03-17,South-West,District4,0,1,0,0.0,6.07,32.7,68.3,2026-08-14 10:21:17
2024-03-17,South-West,District5,0,4,0,0.0,16.5,24.9,59.2,2026-08-14 10:21:17
2024-03-17,South-West,District6,3,1,0,0.0,2.69,27.4,87.0,2026-08-14 10:21:17
2024-03-17,South-West,District7,0,4,0,0.0,0.99,25.8,80.6,2026-08-14 10:21:17
2024-03-17,South-West,District8,0,1,0,0.0,1.2,31.0,68.0,2026-08-14 10:21:17
2024-03-17,South-West,District9,2,0,1,50.0,4.74,29.3,86.9,2026-08-14 10:21:17
2024-03-17,South-West,District10,0,1,0,0.0,12.08,28.0,85.2,2026-08-14 10:21:17
2024-03-17,West,District1,0,5,0,0.0,6.93,34.8,55.6,2026-08-14 10:21:17
2024-03-17,West,District2,0,1,0,0.0,10.21,26.3,66.3,2026-08-14 10:21:17
2024-03-17,West,District3,0,3,0,0.0,12.72,29.5,79.9,2026-08-14 10:21:17
2024-03-17,West,District4,0,4,0,0.0,12.55,34.4,57.0,2026-08-14 10:21:17
2024-03-17,West,District5,0,2,0,0.0,12.15,29.0,66.3,2026-08-14 10:21:17
2024-03-17,West,District6,0,3,0,0.0,6.39,25.7,89.4,2026-08-14 10:21:17
2024-03-17,West,District7,0,1,0,0.0,4.9,25.2,76.1,2026-08-14 10:21:17
2024-03-17,West,District8,0,5,0,0.0,3.47,25.0,88.4,2026-08-14 10:21:17
2024-03-17,West,District9,0,2,0,0.0,5.79,26.7,89.5,2026-08-14 10:21:17
2024-03-17,West,District10,0,4,0,0.0,6.71,25.8,67.1,2026-08-14 10:21:17
2024-04-25,Adamawa,District1,0,3,0,0.0,10.3,27.7,77.9,2026-08-14 10:21:17
2024-04-25,Adamawa,District2,0,5,0,0.0,7.59,20.1,77.2,2026-08-14 10:21:17
2024-04-25,Adamawa,District3,0,2,0,0.0,1.12,28.7,52.7,2026-08-14 10:21:17
2024-04-25,Adamawa,District4,2,2,1,50.0,12.85,31.6,59.9,2026-08-14 10:21:17
2024-04-25,Adamawa,District5,2,4,1,50.0,0.36,24.0,60.5,2026-08-14 10:21:17
2024-04-25,Adamawa,District6,3,1,1,33.33,12.77,20.3,84.4,2026-08-14 10:21:17
2024-04-25,Adamawa,District7,0,0,0,0.0,14.87,32.7,68.6,2026-08-14 10:21:17
2024-04-25,Adamawa,District8,0,2,0,0.0,18.8,21.7,60.0,2026-08-14 10:21:17
2024-04-25,Adamawa,District9,3,5,0,0.0,5.58,24.5,65.1,2026-08-14 10:21:17
2024-04-25,Adamawa,District10,1,2,1,100.0,2.91,29.5,53.5,2026-08-14 10:21:17
2024-04-25,Centre,District1,0,5,0,0.0,6.13,22.5,64.5,2026-08-14 10:21:17
2024-04-25,Centre,District2,0,4,0,0.0,7.28,33.8,63.3,2026-08-14 10:21:17
2024-04-25,Centre,District3,0,5,0,0.0,19.78,34.1,55.2,2026-08-14 10:21:17
2024-04-25,Centre,District4,0,3,0,0.0,3.33,28.1,66.0,2026-08-14 10:21:17
2024-04-25,Centre,District5,1,3,1,100.0,6.49,20.3,51.2,2026-08-14 10:21:17
2024-04-25,Centre,District6,2,4,1,50.0,12.91,34.0,66.0,2026-08-14 10:21:17
2024-04-25,Centre,District7,0,2,0,0.0,15.11,29.3,88.6,2026-08-14 10:21:17
2024-04-25,Centre,District8,0,4,0,0.0,7.86,20.4,59.5,2026-08-14 10:21:17
2024-04-25,Centre,District9,0,0,0,0.0,19.36,21.3,55.6,2026-08-14 10:21:17
2024-04-25,Centre,District10,1,2,1,100.0,11.14,22.6,55.5,2026-08-14 10:21:17
2024-04-25,East,District1,0,0,0,0.0,9.27,33.2,72.0,2026-08-14 10:21:17
2024-04-25,East,District2,0,5,0,0.0,7.93,22.7,58.5,2026-08-14 10:21:17
2024-04-25,East,District3,0,5,0,0.0,11.06,30.5,69.1,2026-08-14 10:21:17
2024-04-25,East,District4,0,2,0,0.0,14.21,26.8,54.9,2026-08-14 10:21:17
2024-04-25,East,District5,0,4,0,0.0,16.5,21.0,81.3,2026-08-14 10:21:17
2024-04-25,East,District6,0,0,0,0.0,7.92,28.0,53.5,2026-08-14 10:21:17
2024-04-25,East,District7,0,4,0,0.0,17.29,23.5,69.9,2026-08-14 10:21:17
2024-04-25,East,District8,0,3,0,0.0,7.03,31.1,73.7,2026-08-14 10:21:17
2024-04-25,East,District9,0,0,0,0.0,4.37,26.3,74.6,2026-08-14 10:21:17
2024-04-25,East,District10,0,4,0,0.0,3.01,34.2,85.6,2026-08-14 10:21:17
2024-04-25,Far North,District1,0,4,0,0.0,10.41,23.0,62.9,2026-08-14 10:21:17
2024-04-25,Far North,District2,0,2,0,0.0,19.23,24.0,70.8,2026-08-14 10:21:17
2024-04-25,Far North,District3,2,1,1,50.0,17.61,28.0,58.1,2026-08-14 10:21:17
2024-04-25,Far North,District4,0,1,0,0.0,7.39,20.7,74.7,2026-08-14 10:21:17
2024-04-25,Far North,District5,0,4,0,0.0,8.36,27.3,65.4,2026-08-14 10:21:17
2024-04-25,Far North,District6,0,2,0,0.0,13.02,27.0,88.0,2026-08-14 10:21:17
2024-04-25,Far North,District7,0,4,0,0.0,9.5,24.9,71.6,2026-08-14 10:21:17
2024-04-25,Far North,District8,0,4,0,0.0,15.67,22.7,57.4,2026-08-14 10:21:17
2024-04-25,Far North,District9,0,1,0,0.0,19.14,28.0,65.7,2026-08-14 10:21:17
2024-04-25,Far North,District10,0,0,0,0.0,10.56,31.1,82.3,2026-08-14 10:21:17
2024-04-25,Littoral,District1,0,2,0,0.0,8.19,20.2,52.7,2026-08-14 10:21:17
2024-04-25,Littoral,District2,0,5,0,0.0,11.66,30.4,83.5,2026-08-14 10:21:17
2024-04-25,Littoral,District3,3,4,1,33.33,5.95,24.6,60.2,2026-08-14 10:21:17
2024-04-25,Littoral,District4,0,4,0,0.0,12.43,21.7,74.4,2026-08-14 10:21:17
2024-04-25,Littoral,District5,0,4,0,0.0,1.51,33.2,70.0,2026-08-14 10:21:17
2024-04-25,Littoral,District6,0,5,0,0.0,4.15,26.4,69.6,2026-08-14 10:21:17
2024-04-25,Littoral,District7,1,0,0,0.0,11.72,21.3,52.7,2026-08-14 10:21:17
2024-04-25,Littoral,District8,1,4,1,100.0,5.66,20.4,66.8,2026-08-14 10:21:17
2024-04-25,Littoral,District9,0,5,0,0.0,11.99,24.9,85.9,2026-08-14 10:21:17
2024-04-25,Littoral,District10,0,4,0,0.0,9.8,22.0,77.8,2026-08-14 10:21:17
2024-04-25,North,District1,0,1,0,0.0,18.99,31.3,57.4,2026-08-14 10:21:17
2024-04-25,North,District2,0,3,0,0.0,19.02,29.3,78.0,2026-08-14 10:21:17
2024-04-25,North,District3,0,0,0,0.0,18.88,21.4,67.7,2026-08-14 10:21:17
2024-04-25,North,District4,0,4,0,0.0,19.58,27.4,70.5,2026-08-14 10:21:17
2024-04-25,North,District5,0,4,0,0.0,18.65,32.0,77.0,2026-08-14 10:21:17
2024-04-25,North,District6,2,4,1,50.0,18.45,23.0,54.9,2026-08-14 10:21:17
2024-04-25,North,District7,0,1,0,0.0,6.53,28.6,53.7,2026-08-14 10:21:17
2024-04-25,North,District8,0,3,0,0.0,5.84,33.0,71.0,2026-08-14 10:21:17
2024-04-25,North,District9,3,3,0,0.0,2.7,22.9,73.5,2026-08-14 10:21:17
2024-04-25,North,District10,2,0,1,50.0,13.82,32.9,81.7,2026-08-14 10:21:17
2024-04-25,North-West,District1,0,4,0,0.0,17.29,29.7,73.7,2026-08-14 10:21:17
2024-04-25,North-West,District2,1,2,1,100.0,10.26,22.1,70.4,2026-08-14 10:21:17
2024-04-25,North-West,District3,0,2,0,0.0,15.72,32.0,86.0,2026-08-14 10:21:17
2024-04-25,North-West,District4,0,2,0,0.0,18.05,34.9,89.9,2026-08-14 10:21:17
2024-04-25,North-West,District5,0,5,0,0.0,10.39,34.7,61.0,2026-08-14 10:21:17
2024-04-25,North-West,District6,2,5,0,0.0,12.34,24.1,67.2,2026-08-14 10:21:17
2024-04-25,North-West,District7,0,1,0,0.0,6.03,22.9,87.9,2026-08-14 10:21:17
2024-04-25,North-West,District8,0,0,0,0.0,12.56,26.5,52.2,2026-08-14 10:21:17
2024-04-25,North-West,District9,0,3,0,0.0,19.57,25.9,86.3,2026-08-14 10:21:17
2024-04-25,North-West,District10,0,5,0,0.0,14.71,33.5,85.8,2026-08-14 10:21:17
2024-04-25,South,District1,0,1,0,0.0,16.07,22.5,68.7,2026-08-14 10:21:17
2024-04-25,South,District2,0,3,0,0.0,15.07,28.4,78.8,2026-08-14 10:21:17
2024-04-25,South,District3,0,0,0,0.0,3.59,29.1,83.4,2026-08-14 10:21:17
2024-04-25,South,District4,2,0,0,0.0,0.78,30.0,56.9,2026-08-14 10:21:17
2024-04-25,South,District5,0,0,0,0.0,14.08,31.7,76.0,2026-08-14 10:21:17
2024-04-25,South,District6,0,1,0,0.0,0.99,32.8,53.4,2026-08-14 10:21:17
2024-04-25,South,District7,2,2,0,0.0,2.1,31.1,53.6,2026-08-14 10:21:17
2024-04-25,South,District8,0,0,0,0.0,10.42,24.5,64.4,2026-08-14 10:21:17
2024-04-25,South,District9,0,1,0,0.0,0.62,22.7,88.6,2026-08-14 10:21:17
2024-04-25,South,District10,1,4,1,100.0,4.72,30.3,88.7,2026-08-14 10:21:17
2024-04-25,South-West,District1,2,4,1,50.0,9.6,23.0,75.2,2026-08-14 10:21:17
2024-04-25,South-West,District2,0,4,0,0.0,15.81,22.9,56.1,2026-08-14 10:21:17
2024-04-25,South-West,District3,1,4,1,100.0,12.11,24.6,68.9,2026-08-14 10:21:17
2024-04-25,South-West,District4,0,2,0,0.0,6.36,34.6,59.3,2026-08-14 10:21:17
2024-04-25,South-West,District5,3,3,0,0.0,18.44,27.0,87.2,2026-08-14 10:21:17
2024-04-25,South-West,District6,0,0,0,0.0,12.15,29.3,80.4,2026-08-14 10:21:17
2024-04-25,South-West,District7,0,1,0,0.0,6.7,31.5,53.3,2026-08-14 10:21:17
2024-04-25,South-West,District8,0,4,0,0.0,2.62,24.1,55.3,2026-08-14 10:21:17
2024-04-25,South-West,District9,2,5,0,0.0,10.39,21.2,65.4,2026-08-14 10:21:17
2024-04-25,South-West,District10,0,1,0,0.0,9.74,30.1,79.3,2026-08-14 10:21:17
2024-04-25,West,District1,0,5,0,0.0,15.42,34.9,81.3,2026-08-14 10:21:17
2024-04-25,West,District2,0,2,0,0.0,1.22,30.5,65.6,2026-08-14 10:21:17
2024-04-25,West,District3,1,1,0,0.0,5.37,31.9,54.6,2026-08-14 10:21:17
2024-04-25,West,District4,0,5,0,0.0,10.25,26.6,82.6,2026-08-14 10:21:17
2024-04-25,West,District5,1,4,0,0.0,5.54,25.2,58.2,2026-08-14 10:21:17
2024-04-25,West,District6,3,4,0,0.0,17.49,31.8,78.1,2026-08-14 10:21:17
2024-04-25,West,District7,3,4,1,33.33,3.42,33.0,88.0,2026-08-14 10:21:17
2024-04-25,West,District8,0,3,0,0.0,4.93,34.7,50.6,2026-08-14 10:21:17
2024-04-25,West,District9,0,3,0,0.0,11.39,26.7,85.5,2026-08-14 10:21:17
2024-04-25,West,District10,0,5,0,0.0,3.05,34.4,78.5,2026-08-14 10:21:17
2024-04-29,Adamawa,District1,0,1,0,0.0,8.23,27.5,82.8,2026-08-14 10:21:17
2024-04-29,Adamawa,District2,0,0,0,0.0,10.17,34.9,63.5,2026-08-14 10:21:17
2024-04-29,Adamawa,District3,0,1,0,0.0,5.41,20.4,66.1,2026-08-14 10:21:17
2024-04-29,Adamawa,District4,0,1,0,0.0,15.1,32.5,78.2,2026-08-14 10:21:17
2024-04-29,Adamawa,District5,0,0,0,0.0,7.51,29.6,57.1,2026-08-14 10:21:17
2024-04-29,Adamawa,District6,0,1,0,0.0,3.19,29.4,64.1,2026-08-14 10:21:17
2024-04-29,Adamawa,District7,0,4,0,0.0,7.24,23.0,77.2,2026-08-14 10:21:17
2024-04-29,Adamawa,District8,2,4,0,0.0,13.61,21.5,84.9,2026-08-14 10:21:17
2024-04-29,Adamawa,District9,0,1,0,0.0,0.66,22.5,89.2,2026-08-14 10:21:17
2024-04-29,Adamawa,District10,0,0,0,0.0,15.26,32.5,88.4,2026-08-14 10:21:17
2024-04-29,Centre,District1,0,1,0,0.0,7.68,34.4,61.8,2026-08-14 10:21:17
2024-04-29,Centre,District2,0,2,0,0.0,4.08,24.7,85.0,2026-08-14 10:21:17
2024-04-29,Centre,District3,1,2,0,0.0,12.24,23.7,64.9,2026-08-14 10:21:17
2024-04-29,Centre,District4,0,1,0,0.0,3.55,26.1,59.0,2026-08-14 10:21:17
2024-04-29,Centre,District5,0,3,0,0.0,16.14,24.6,65.1,2026-08-14 10:21:17
2024-04-29,Centre,District6,2,1,0,0.0,14.82,22.8,76.5,2026-08-14 10:21:17
2024-04-29,Centre,District7,1,3,0,0.0,13.41,25.6,84.9,2026-08-14 10:21:17
2024-04-29,Centre,District8,0,0,0,0.0,4.96,27.1,72.1,2026-08-14 10:21:17
2024-04-29,Centre,District9,1,2,1,100.0,0.96,21.6,62.1,2026-08-14 10:21:17
2024-04-29,Centre,District10,0,2,0,0.0,18.62,30.0,83.9,2026-08-14 10:21:17
2024-04-29,East,District1,0,1,0,0.0,19.83,24.2,61.0,2026-08-14 10:21:17
2024-04-29,East,District2,0,5,0,0.0,4.4,32.0,79.3,2026-08-14 10:21:17
2024-04-29,East,District3,0,0,0,0.0,4.3,22.9,66.3,2026-08-14 10:21:17
2024-04-29,East,District4,0,4,0,0.0,8.21,33.4,74.8,2026-08-14 10:21:17
2024-04-29,East,District5,0,1,0,0.0,17.36,29.9,81.7,2026-08-14 10:21:17
2024-04-29,East,District6,2,5,1,50.0,15.15,28.6,53.1,2026-08-14 10:21:17
2024-04-29,East,District7,0,4,0,0.0,16.59,29.8,80.7,2026-08-14 10:21:17
2024-04-29,East,District8,0,4,0,0.0,2.3,26.4,65.4,2026-08-14 10:21:17
2024-04-29,East,District9,1,5,1,100.0,10.12,28.5,75.2,2026-08-14 10:21:17
2024-04-29,East,District10,0,3,0,0.0,13.47,21.9,82.6,2026-08-14 10:21:17
2024-04-29,Far North,District1,0,0,0,0.0,19.26,29.5,59.7,2026-08-14 10:21:17
2024-04-29,Far North,District2,1,0,0,0.0,14.2,21.5,61.0,2026-08-14 10:21:17
2024-04-29,Far North,District3,1,4,1,100.0,9.45,25.8,79.6,2026-08-14 10:21:17
2024-04-29,Far North,District4,2,0,0,0.0,18.32,27.2,65.5,2026-08-14 10:21:17
2024-04-29,Far North,District5,0,4,0,0.0,13.0,27.7,57.8,2026-08-14 10:21:17
2024-04-29,Far North,District6,0,0,0,0.0,17.01,33.7,69.9,2026-08-14 10:21:17
2024-04-29,Far North,District7,0,4,0,0.0,8.94,31.9,62.3,2026-08-14 10:21:17
2024-04-29,Far North,District8,1,2,1,100.0,7.06,21.7,76.1,2026-08-14 10:21:17
2024-04-29,Far North,District9,0,5,0,0.0,4.71,21.7,70.4,2026-08-14 10:21:17
2024-04-29,Far North,District10,1,3,1,100.0,3.35,27.4,71.8,2026-08-14 10:21:17
2024-04-29,Littoral,District1,3,0,1,33.33,17.63,31.6,60.2,2026-08-14 10:21:17
2024-04-29,Littoral,District2,2,0,0,0.0,19.28,24.2,56.9,2026-08-14 10:21:17
2024-04-29,Littoral,District3,0,5,0,0.0,14.28,29.6,81.8,2026-08-14 10:21:17
2024-04-29,Littoral,District4,2,1,0,0.0,10.97,20.9,51.0,2026-08-14 10:21:17
2024-04-29,Littoral,District5,0,1,0,0.0,18.87,28.7,73.7,2026-08-14 10:21:17
2024-04-29,Littoral,District6,0,0,0,0.0,3.13,21.2,89.4,2026-08-14 10:21:17
2024-04-29,Littoral,District7,1,3,0,0.0,4.41,26.0,52.0,2026-08-14 10:21:17
2024-04-29,Littoral,District8,0,2,0,0.0,0.41,34.9,70.7,2026-08-14 10:21:17
2024-04-29,Littoral,District9,1,4,0,0.0,3.43,28.2,75.5,2026-08-14 10:21:17
2024-04-29,Littoral,District10,1,2,1,100.0,17.03,28.8,82.9,2026-08-14 10:21:17
2024-04-29,North,District1,1,0,1,100.0,13.37,27.1,65.1,2026-08-14 10:21:17
2024-04-29,North,District2,0,3,0,0.0,15.56,30.1,66.4,2026-08-14 10:21:17
2024-04-29,North,District3,0,2,0,0.0,16.71,33.3,58.1,2026-08-14 10:21:17
2024-04-29,North,District4,3,1,0,0.0,8.42,25.2,67.0,2026-08-14 10:21:17
2024-04-29,North,District5,3,2,1,33.33,6.06,33.2,83.2,2026-08-14 10:21:17
2024-04-29,North,District6,2,0,0,0.0,19.37,29.1,74.6,2026-08-14 10:21:17
2024-04-29,North,District7,0,1,0,0.0,2.56,26.1,63.2,2026-08-14 10:21:17
2024-04-29,North,District8,0,5,0,0.0,4.8,33.0,87.9,2026-08-14 10:21:17
2024-04-29,North,District9,0,3,0,0.0,12.69,31.3,54.8,2026-08-14 10:21:17
2024-04-29,North,District10,0,2,0,0.0,2.86,28.6,58.9,2026-08-14 10:21:17
2024-04-29,North-West,District1,0,0,0,0.0,13.3,26.8,59.3,2026-08-14 10:21:17
2024-04-29,North-West,District2,2,3,1,50.0,8.47,21.7,58.2,2026-08-14 10:21:17
2024-04-29,North-West,District3,0,2,0,0.0,2.48,22.5,69.1,2026-08-14 10:21:17
2024-04-29,North-West,District4,0,0,0,0.0,1.52,24.6,70.1,2026-08-14 10:21:17
2024-04-29,North-West,District5,2,1,1,50.0,9.41,27.0,66.2,2026-08-14 10:21:17
2024-04-29,North-West,District6,1,2,0,0.0,10.67,27.1,76.5,2026-08-14 10:21:17
2024-04-29,North-West,District7,0,1,0,0.0,7.0,29.3,78.4,2026-08-14 10:21:17
2024-04-29,North-West,District8,3,2,0,0.0,1.03,30.1,50.8,2026-08-14 10:21:17
2024-04-29,North-West,District9,0,2,0,0.0,2.72,34.5,55.9,2026-08-14 10:21:17
2024-04-29,North-West,District10,0,3,0,0.0,2.6,31.2,62.2,2026-08-14 10:21:17
2024-04-29,South,District1,0,4,0,0.0,5.41,26.1,79.6,2026-08-14 10:21:17
2024-04-29,South,District2,2,1,0,0.0,4.29,30.5,86.3,2026-08-14 10:21:17
2024-04-29,South,District3,1,2,0,0.0,0.63,20.6,71.7,2026-08-14 10:21:17
2024-04-29,South,District4,0,0,0,0.0,12.59,22.5,62.1,2026-08-14 10:21:17
2024-04-29,South,District5,0,2,0,0.0,9.1,21.5,57.0,2026-08-14 10:21:17
2024-04-29,South,District6,1,2,1,100.0,7.69,34.1,81.6,2026-08-14 10:21:17
2024-04-29,South,District7,0,5,0,0.0,19.34,20.8,66.0,2026-08-14 10:21:17
2024-04-29,South,District8,0,3,0,0.0,13.65,21.9,52.2,2026-08-14 10:21:17
2024-04-29,South,District9,1,2,1,100.0,17.94,34.9,50.4,2026-08-14 10:21:17
2024-04-29,South,District10,0,2,0,0.0,7.87,22.2,80.8,2026-08-14 10:21:17
2024-04-29,South-West,District1,2,1,0,0.0,9.08,23.0,59.8,2026-08-14 10:21:17
2024-04-29,South-West,District2,0,5,0,0.0,10.75,31.8,79.0,2026-08-14 10:21:17
2024-04-29,South-West,District3,0,3,0,0.0,16.12,25.9,87.1,2026-08-14 10:21:17
2024-04-29,South-West,District4,0,4,0,0.0,19.38,27.9,62.5,2026-08-14 10:21:17
2024-04-29,South-West,District5,0,3,0,0.0,6.6,32.3,61.3,2026-08-14 10:21:17
2024-04-29,South-West,District6,0,0,0,0.0,18.31,28.2,52.9,2026-08-14 10:21:17
2024-04-29,South-West,District7,0,5,0,0.0,16.08,26.9,75.5,2026-08-14 10:21:17
2024-04-29,South-West,District8,2,0,1,50.0,13.45,34.7,87.2,2026-08-14 10:21:17
2024-04-29,South-West,District9,0,4,0,0.0,19.61,20.9,89.3,2026-08-14 10:21:17
2024-04-29,South-West,District10,0,0,0,0.0,15.59,24.4,86.4,2026-08-14 10:21:17
2024-04-29,West,District1,0,3,0,0.0,14.56,24.0,83.5,2026-08-14 10:21:17
2024-04-29,West,District2,3,4,0,0.0,12.07,23.1,54.8,2026-08-14 10:21:17
2024-04-29,West,District3,1,1,1,100.0,9.37,22.2,61.6,2026-08-14 10:21:17
2024-04-29,West,District4,0,4,0,0.0,3.38,25.2,84.3,2026-08-14 10:21:17
2024-04-29,West,District5,0,2,0,0.0,9.75,31.5,61.1,2026-08-14 10:21:17
2024-04-29,West,District6,0,0,0,0.0,17.65,22.7,80.6,2026-08-14 10:21:17
2024-04-29,West,District7,2,3,0,0.0,2.61,26.2,78.3,2026-08-14 10:21:17
2024-04-29,West,District8,0,2,0,0.0,16.45,21.1,51.4,2026-08-14 10:21:17
2024-04-29,West,District9,2,0,1,50.0,3.58,34.9,61.3,2026-08-14 10:21:17
2024-04-29,West,District10,0,4,0,0.0,15.23,34.8,77.7,2026-08-14 10:21:17
2024-04-21,Adamawa,District1,0,4,0,0.0,2.52,30.7,55.9,2026-08-14 10:21:17
2024-04-21,Adamawa,District2,0,2,0,0.0,2.55,33.7,78.3,2026-08-14 10:21:17
2024-04-21,Adamawa,District3,0,0,0,0.0,11.08,32.2,72.2,2026-08-14 10:21:17
2024-04-21,Adamawa,District4,2,3,0,0.0,4.8,34.9,59.4,2026-08-14 10:21:17
2024-04-21,Adamawa,District5,1,3,1,100.0,11.33,32.0,65.8,2026-08-14 10:21:17
2024-04-21,Adamawa,District6,0,3,0,0.0,8.99,22.3,75.9,2026-08-14 10:21:17
2024-04-21,Adamawa,District7,0,2,0,0.0,1.58,33.6,63.2,2026-08-14 10:21:17
2024-04-21,Adamawa,District8,2,4,0,0.0,10.54,34.4,67.6,2026-08-14 10:21:17
2024-04-21,Adamawa,District9,0,0,0,0.0,2.8,24.2,75.9,2026-08-14 10:21:17
2024-04-21,Adamawa,District10,3,2,0,0.0,16.0,24.1,53.0,2026-08-14 10:21:17
2024-04-21,Centre,District1,1,5,0,0.0,6.97,24.0,68.9,2026-08-14 10:21:17
2024-04-21,Centre,District2,0,2,0,0.0,11.24,27.3,56.9,2026-08-14 10:21:17
2024-04-21,Centre,District3,0,1,0,0.0,10.82,22.3,78.8,2026-08-14 10:21:17
2024-04-21,Centre,District4,2,0,0,0.0,6.04,28.8,76.8,2026-08-14 10:21:17
2024-04-21,Centre,District5,0,3,0,0.0,13.91,25.5,82.4,2026-08-14 10:21:17
2024-04-21,Centre,District6,0,3,0,0.0,12.99,24.1,74.3,2026-08-14 10:21:17
2024-04-21,Centre,District7,0,2,0,0.0,8.5,26.9,68.3,2026-08-14 10:21:17
2024-04-21,Centre,District8,0,0,0,0.0,16.83,30.6,54.1,2026-08-14 10:21:17
2024-04-21,Centre,District9,0,5,0,0.0,3.54,25.3,73.4,2026-08-14 10:21:17
2024-04-21,Centre,District10,2,0,0,0.0,2.45,24.3,60.9,2026-08-14 10:21:17
2024-04-21,East,District1,2,3,0,0.0,12.65,26.9,79.4,2026-08-14 10:21:17
2024-04-21,East,District2,0,4,0,0.0,8.69,26.0,51.1,2026-08-14 10:21:17
2024-04-21,East,District3,0,1,0,0.0,11.07,33.7,73.0,2026-08-14 10:21:17
2024-04-21,East,District4,2,4,1,50.0,6.29,29.6,63.4,2026-08-14 10:21:17
2024-04-21,East,District5,1,0,1,100.0,2.32,24.1,75.6,2026-08-14 10:21:17
2024-04-21,East,District6,0,1,0,0.0,3.37,28.5,64.8,2026-08-14 10:21:17
2024-04-21,East,District7,0,3,0,0.0,2.2,32.9,78.7,2026-08-14 10:21:17
2024-04-21,East,District8,0,3,0,0.0,16.18,22.1,76.9,2026-08-14 10:21:17
2024-04-21,East,District9,3,3,0,0.0,12.64,27.4,57.9,2026-08-14 10:21:17
2024-04-21,East,District10,0,5,0,0.0,10.94,33.4,88.4,2026-08-14 10:21:17
2024-04-21,Far North,District1,0,3,0,0.0,6.12,32.2,76.7,2026-08-14 10:21:17
2024-04-21,Far North,District2,2,0,1,50.0,12.85,34.0,56.9,2026-08-14 10:21:17
2024-04-21,Far North,District3,0,0,0,0.0,7.61,27.1,80.3,2026-08-14 10:21:17
2024-04-21,Far North,District4,3,3,1,33.33,2.5,20.1,81.3,2026-08-14 10:21:17
2024-04-21,Far North,District5,2,5,0,0.0,17.01,28.7,63.4,2026-08-14 10:21:17
2024-04-21,Far North,District6,0,4,0,0.0,5.13,28.7,70.6,2026-08-14 10:21:17
2024-04-21,Far North,District7,1,5,1,100.0,10.04,30.9,87.4,2026-08-14 10:21:17
2024-04-21,Far North,District8,0,3,0,0.0,4.66,26.7,66.1,2026-08-14 10:21:17
2024-04-21,Far North,District9,0,5,0,0.0,18.79,25.4,55.4,2026-08-14 10:21:17
2024-04-21,Far North,District10,0,4,0,0.0,4.77,26.3,54.6,2026-08-14 10:21:17
2024-04-21,Littoral,District1,0,0,0,0.0,10.69,21.0,68.9,2026-08-14 10:21:17
2024-04-21,Littoral,District2,2,4,1,50.0,8.7,27.0,50.6,2026-08-14 10:21:17
2024-04-21,Littoral,District3,1,2,1,100.0,12.86,31.6,52.8,2026-08-14 10:21:17
2024-04-21,Littoral,District4,0,0,0,0.0,11.32,28.2,80.0,2026-08-14 10:21:17
2024-04-21,Littoral,District5,0,3,0,0.0,1.05,20.3,54.1,2026-08-14 10:21:17
2024-04-21,Littoral,District6,0,3,0,0.0,18.2,27.6,71.1,2026-08-14 10:21:17
2024-04-21,Littoral,District7,0,1,0,0.0,2.22,20.8,52.9,2026-08-14 10:21:17
2024-04-21,Littoral,District8,0,4,0,0.0,3.14,23.5,69.8,2026-08-14 10:21:17
2024-04-21,Littoral,District9,0,1,0,0.0,11.1,27.0,85.8,2026-08-14 10:21:17
2024-04-21,Littoral,District10,0,5,0,0.0,9.66,30.1,63.6,2026-08-14 10:21:17
2024-04-21,North,District1,0,2,0,0.0,3.48,33.9,64.5,2026-08-14 10:21:17
2024-04-21,North,District2,0,1,0,0.0,18.45,31.1,76.9,2026-08-14 10:21:17
2024-04-21,North,District3,0,1,0,0.0,14.23,23.9,82.8,2026-08-14 10:21:17
2024-04-21,North,District4,0,4,0,0.0,18.53,33.4,54.8,2026-08-14 10:21:17
2024-04-21,North,District5,0,5,0,0.0,10.19,29.2,72.1,2026-08-14 10:21:17
2024-04-21,North,District6,1,3,0,0.0,1.57,27.1,53.4,2026-08-14 10:21:17
2024-04-21,North,District7,0,3,0,0.0,12.63,20.7,74.0,2026-08-14 10:21:17
2024-04-21,North,District8,3,2,1,33.33,13.41,20.9,64.7,2026-08-14 10:21:17
2024-04-21,North,District9,0,5,0,0.0,4.66,21.3,86.2,2026-08-14 10:21:17
2024-04-21,North,District10,1,0,1,100.0,14.47,34.0,82.4,2026-08-14 10:21:17
2024-04-21,North-West,District1,0,0,0,0.0,17.69,31.1,85.9,2026-08-14 10:21:17
2024-04-21,North-West,District2,1,4,1,100.0,13.88,24.7,58.8,2026-08-14 10:21:17
2024-04-21,North-West,District3,0,3,0,0.0,10.84,22.2,73.0,2026-08-14 10:21:17
2024-04-21,North-West,District4,0,3,0,0.0,15.5,31.4,84.6,2026-08-14 10:21:17
2024-04-21,North-West,District5,0,5,0,0.0,18.91,21.3,66.4,2026-08-14 10:21:17
2024-04-21,North-West,District6,2,3,0,0.0,0.16,32.1,54.1,2026-08-14 10:21:17
2024-04-21,North-West,District7,0,5,0,0.0,0.53,20.1,59.9,2026-08-14 10:21:17
2024-04-21,North-West,District8,1,2,1,100.0,1.55,34.0,63.6,2026-08-14 10:21:17
2024-04-21,North-West,District9,0,0,0,0.0,15.96,33.8,82.7,2026-08-14 10:21:17
2024-04-21,North-West,District10,0,5,0,0.0,11.45,20.5,72.1,2026-08-14 10:21:17
2024-04-21,South,District1,0,3,0,0.0,9.69,22.1,54.9,2026-08-14 10:21:17
2024-04-21,South,District2,0,2,0,0.0,10.28,33.9,82.7,2026-08-14 10:21:17
2024-04-21,South,District3,0,5,0,0.0,5.91,25.6,58.2,2026-08-14 10:21:17
2024-04-21,South,District4,3,5,0,0.0,15.4,22.4,65.3,2026-08-14 10:21:17
2024-04-21,South,District5,0,4,0,0.0,12.98,32.4,50.9,2026-08-14 10:21:17
2024-04-21,South,District6,1,2,1,100.0,1.61,34.4,87.0,2026-08-14 10:21:17
2024-04-21,South,District7,0,1,0,0.0,15.26,27.6,83.3,2026-08-14 10:21:17
2024-04-21,South,District8,0,4,0,0.0,1.77,26.6,62.8,2026-08-14 10:21:17
2024-04-21,South,District9,0,4,0,0.0,12.08,22.3,87.9,2026-08-14 10:21:17
2024-04-21,South,District10,0,3,0,0.0,3.87,28.2,80.4,2026-08-14 10:21:17
2024-04-21,South-West,District1,0,0,0,0.0,8.05,32.0,60.5,2026-08-14 10:21:17
2024-04-21,South-West,District2,1,5,1,100.0,8.21,24.7,73.5,2026-08-14 10:21:17
2024-04-21,South-West,District3,0,0,0,0.0,4.06,32.4,81.7,2026-08-14 10:21:17
2024-04-21,South-West,District4,1,5,0,0.0,17.39,32.0,83.2,2026-08-14 10:21:17
2024-04-21,South-West,District5,0,4,0,0.0,18.39,30.5,66.1,2026-08-14 10:21:17
2024-04-21,South-West,District6,0,4,0,0.0,7.31,31.4,86.6,2026-08-14 10:21:17
2024-04-21,South-West,District7,3,2,1,33.33,4.74,20.2,79.9,2026-08-14 10:21:17
2024-04-21,South-West,District8,3,3,0,0.0,2.77,28.2,72.9,2026-08-14 10:21:17
2024-04-21,South-West,District9,1,2,1,100.0,19.21,27.4,67.4,2026-08-14 10:21:17
2024-04-21,South-West,District10,0,2,0,0.0,9.52,22.4,75.8,2026-08-14 10:21:17
2024-04-21,West,District1,0,3,0,0.0,14.52,27.1,82.8,2026-08-14 10:21:17
2024-04-21,West,District2,0,3,0,0.0,1.22,34.8,64.6,2026-08-14 10:21:17
2024-04-21,West,District3,0,4,0,0.0,5.81,24.6,66.8,2026-08-14 10:21:17
2024-04-21,West,District4,1,4,1,100.0,16.0,23.7,76.8,2026-08-14 10:21:17
2024-04-21,West,District5,0,3,0,0.0,18.54,31.4,56.8,2026-08-14 10:21:17
2024-04-21,West,District6,2,5,1,50.0,7.05,31.4,77.6,2026-08-14 10:21:17
2024-04-21,West,District7,1,2,1,100.0,2.53,21.5,80.7,2026-08-14 10:21:17
2024-04-21,West,District8,0,1,0,0.0,14.83,34.9,62.6,2026-08-14 10:21:17
2024-04-21,West,District9,0,4,0,0.0,16.02,21.3,67.2,2026-08-14 10:21:17
2024-04-21,West,District10,0,5,0,0.0,12.56,30.9,79.7,2026-08-14 10:21:17
2024-04-16,Adamawa,District1,0,3,0,0.0,7.41,23.0,56.8,2026-08-14 10:21:17
2024-04-16,Adamawa,District2,0,4,0,0.0,18.74,27.9,67.4,2026-08-14 10:21:17
2024-04-16,Adamawa,District3,0,0,0,0.0,7.33,30.9,81.3,2026-08-14 10:21:17
2024-04-16,Adamawa,District4,0,5,0,0.0,1.37,26.5,54.2,2026-08-14 10:21:17
2024-04-16,Adamawa,District5,1,1,1,100.0,5.71,27.8,88.4,2026-08-14 10:21:17
2024-04-16,Adamawa,District6,0,1,0,0.0,8.4,22.1,77.5,2026-08-14 10:21:17
2024-04-16,Adamawa,District7,1,0,1,100.0,13.85,23.6,55.3,2026-08-14 10:21:17
2024-04-16,Adamawa,District8,2,2,0,0.0,10.15,31.0,73.2,2026-08-14 10:21:17
2024-04-16,Adamawa,District9,3,3,1,33.33,13.83,24.3,63.5,2026-08-14 10:21:17
2024-04-16,Adamawa,District10,0,1,0,0.0,7.36,30.1,58.0,2026-08-14 10:21:17
2024-04-16,Centre,District1,0,4,0,0.0,15.42,31.6,72.2,2026-08-14 10:21:17
2024-04-16,Centre,District2,0,1,0,0.0,12.15,33.4,79.8,2026-08-14 10:21:17
2024-04-16,Centre,District3,3,5,1,33.33,13.46,28.7,76.2,2026-08-14 10:21:17
2024-04-16,Centre,District4,1,3,1,100.0,8.37,22.2,77.5,2026-08-14 10:21:17
2024-04-16,Centre,District5,1,3,0,0.0,5.49,33.6,51.1,2026-08-14 10:21:17
2024-04-16,Centre,District6,1,4,1,100.0,0.14,21.8,54.1,2026-08-14 10:21:17
2024-04-16,Centre,District7,1,2,0,0.0,2.49,20.6,88.8,2026-08-14 10:21:17
2024-04-16,Centre,District8,0,2,0,0.0,6.46,33.2,81.6,2026-08-14 10:21:17
2024-04-16,Centre,District9,0,2,0,0.0,18.05,21.0,78.1,2026-08-14 10:21:17
2024-04-16,Centre,District10,2,1,0,0.0,13.73,22.4,67.5,2026-08-14 10:21:17
2024-04-16,East,District1,0,0,0,0.0,2.33,28.3,59.3,2026-08-14 10:21:17
2024-04-16,East,District2,0,3,0,0.0,4.67,26.3,82.2,2026-08-14 10:21:17
2024-04-16,East,District3,2,0,1,50.0,4.75,22.1,70.4,2026-08-14 10:21:17
2024-04-16,East,District4,0,4,0,0.0,1.88,34.4,88.4,2026-08-14 10:21:17
2024-04-16,East,District5,0,4,0,0.0,13.45,23.4,50.9,2026-08-14 10:21:17
2024-04-16,East,District6,0,0,0,0.0,18.96,29.8,82.6,2026-08-14 10:21:17
2024-04-16,East,District7,0,4,0,0.0,19.52,23.0,50.6,2026-08-14 10:21:17
2024-04-16,East,District8,1,1,0,0.0,19.4,34.8,81.6,2026-08-14 10:21:17
2024-04-16,East,District9,0,0,0,0.0,18.06,27.6,67.5,2026-08-14 10:21:17
2024-04-16,East,District10,0,4,0,0.0,4.18,27.6,55.7,2026-08-14 10:21:17
2024-04-16,Far North,District1,0,5,0,0.0,2.15,26.7,54.4,2026-08-14 10:21:17
2024-04-16,Far North,District2,3,5,0,0.0,10.13,33.3,70.9,2026-08-14 10:21:17
2024-04-16,Far North,District3,1,0,1,100.0,13.49,33.4,84.5,2026-08-14 10:21:17
2024-04-16,Far North,District4,1,3,0,0.0,15.76,30.8,69.5,2026-08-14 10:21:17
2024-04-16,Far North,District5,2,2,1,50.0,18.13,25.3,62.1,2026-08-14 10:21:17
2024-04-16,Far North,District6,3,0,1,33.33,0.14,27.4,84.1,2026-08-14 10:21:17
2024-04-16,Far North,District7,0,2,0,0.0,5.51,24.9,74.0,2026-08-14 10:21:17
2024-04-16,Far North,District8,0,2,0,0.0,0.45,21.8,65.7,2026-08-14 10:21:17
2024-04-16,Far North,District9,0,4,0,0.0,16.17,26.3,75.2,2026-08-14 10:21:17
2024-04-16,Far North,District10,0,3,0,0.0,15.77,24.0,64.8,2026-08-14 10:21:17
2024-04-16,Littoral,District1,0,5,0,0.0,14.29,32.6,52.5,2026-08-14 10:21:17
2024-04-16,Littoral,District2,0,3,0,0.0,14.85,22.9,80.7,2026-08-14 10:21:17
2024-04-16,Littoral,District3,1,5,1,100.0,12.0,29.3,78.6,2026-08-14 10:21:17
2024-04-16,Littoral,District4,0,0,0,0.0,1.76,28.9,75.7,2026-08-14 10:21:17
2024-04-16,Littoral,District5,1,3,0,0.0,10.45,23.8,86.9,2026-08-14 10:21:17
2024-04-16,Littoral,District6,1,2,1,100.0,7.05,26.4,71.1,2026-08-14 10:21:17
2024-04-16,Littoral,District7,0,4,0,0.0,12.76,32.8,78.9,2026-08-14 10:21:17
2024-04-16,Littoral,District8,1,1,1,100.0,15.54,25.2,88.3,2026-08-14 10:21:17
2024-04-16,Littoral,District9,0,3,0,0.0,14.89,31.3,69.7,2026-08-14 10:21:17
2024-04-16,Littoral,District10,0,3,0,0.0,6.28,25.6,74.9,2026-08-14 10:21:17
2024-04-16,North,District1,2,5,1,50.0,7.78,26.8,64.4,2026-08-14 10:21:17
2024-04-16,North,District2,0,1,0,0.0,8.54,34.9,51.1,2026-08-14 10:21:17
2024-04-16,North,District3,0,1,0,0.0,4.53,29.2,67.5,2026-08-14 10:21:17
2024-04-16,North,District4,0,1,0,0.0,10.49,28.4,77.3,2026-08-14 10:21:17
2024-04-16,North,District5,1,0,0,0.0,0.66,33.3,62.9,2026-08-14 10:21:17
2024-04-16,North,District6,2,0,1,50.0,10.04,33.3,87.4,2026-08-14 10:21:17
2024-04-16,North,District7,0,0,0,0.0,14.58,33.2,73.9,2026-08-14 10:21:17
2024-04-16,North,District8,1,5,1,100.0,7.26,27.9,55.7,2026-08-14 10:21:17
2024-04-16,North,District9,3,1,0,0.0,16.17,30.7,74.9,2026-08-14 10:21:17
2024-04-16,North,District10,0,5,0,0.0,5.94,26.1,77.8,2026-08-14 10:21:17
2024-04-16,North-West,District1,0,1,0,0.0,3.85,31.8,83.4,2026-08-14 10:21:17
2024-04-16,North-West,District2,0,1,0,0.0,19.15,32.7,58.8,2026-08-14 10:21:17
2024-04-16,North-West,District3,2,1,1,50.0,17.12,27.3,58.2,2026-08-14 10:21:17
2024-04-16,North-West,District4,1,1,0,0.0,9.49,24.2,79.8,2026-08-14 10:21:17
2024-04-16,North-West,District5,2,1,0,0.0,3.34,22.2,67.1,2026-08-14 10:21:17
2024-04-16,North-West,District6,0,1,0,0.0,15.0,34.8,83.1,2026-08-14 10:21:17
2024-04-16,North-West,District7,0,3,0,0.0,9.08,23.4,71.4,2026-08-14 10:21:17
2024-04-16,North-West,District8,1,3,0,0.0,18.44,30.7,57.9,2026-08-14 10:21:17
2024-04-16,North-West,District9,0,1,0,0.0,7.55,31.8,51.2,2026-08-14 10:21:17
2024-04-16,North-West,District10,0,3,0,0.0,3.01,25.2,88.5,2026-08-14 10:21:17
2024-04-16,South,District1,0,5,0,0.0,12.29,32.5,59.6,2026-08-14 10:21:17
2024-04-16,South,District2,0,4,0,0.0,12.02,25.1,81.6,2026-08-14 10:21:17
2024-04-16,South,District3,1,3,0,0.0,0.09,24.8,78.4,2026-08-14 10:21:17
2024-04-16,South,District4,0,4,0,0.0,18.15,28.3,88.7,2026-08-14 10:21:17
2024-04-16,South,District5,0,4,0,0.0,17.92,23.2,52.4,2026-08-14 10:21:17
2024-04-16,South,District6,0,0,0,0.0,3.8,23.3,61.7,2026-08-14 10:21:17
2024-04-16,South,District7,0,5,0,0.0,2.36,34.8,65.3,2026-08-14 10:21:17
2024-04-16,South,District8,2,0,1,50.0,8.82,27.8,80.3,2026-08-14 10:21:17
2024-04-16,South,District9,0,1,0,0.0,11.25,30.5,71.1,2026-08-14 10:21:17
2024-04-16,South,District10,0,1,0,0.0,1.35,30.4,85.5,2026-08-14 10:21:17
2024-04-16,South-West,District1,0,2,0,0.0,4.1,25.5,61.0,2026-08-14 10:21:17
2024-04-16,South-West,District2,1,0,0,0.0,10.47,30.6,87.4,2026-08-14 10:21:17
2024-04-16,South-West,District3,1,2,0,0.0,3.28,23.9,89.6,2026-08-14 10:21:17
2024-04-16,South-West,District4,0,1,0,0.0,19.76,30.1,58.4,2026-08-14 10:21:17
2024-04-16,South-West,District5,0,5,0,0.0,17.47,31.2,60.3,2026-08-14 10:21:17
2024-04-16,South-West,District6,1,1,0,0.0,10.34,28.3,72.4,2026-08-14 10:21:17
2024-04-16,South-West,District7,0,3,0,0.0,5.67,21.9,64.1,2026-08-14 10:21:17
2024-04-16,South-West,District8,3,2,1,33.33,0.34,22.9,78.5,2026-08-14 10:21:17
2024-04-16,South-West,District9,1,3,0,0.0,15.94,20.7,71.7,2026-08-14 10:21:17
2024-04-16,South-West,District10,0,5,0,0.0,19.5,25.1,71.6,2026-08-14 10:21:17
2024-04-16,West,District1,1,5,0,0.0,18.54,29.2,80.9,2026-08-14 10:21:17
2024-04-16,West,District2,1,4,0,0.0,0.82,26.2,75.7,2026-08-14 10:21:17
2024-04-16,West,District3,0,3,0,0.0,18.58,25.9,60.3,2026-08-14 10:21:17
2024-04-16,West,District4,3,3,1,33.33,4.83,31.1,84.5,2026-08-14 10:21:17
2024-04-16,West,District5,2,0,1,50.0,10.37,26.5,62.3,2026-08-14 10:21:17
2024-04-16,West,District6,1,1,0,0.0,18.51,27.4,83.1,2026-08-14 10:21:17
2024-04-16,West,District7,0,2,0,0.0,7.64,24.7,56.9,2026-08-14 10:21:17
2024-04-16,West,District8,0,1,0,0.0,7.46,23.4,67.9,2026-08-14 10:21:17
2024-04-16,West,District9,0,0,0,0.0,19.88,25.0,58.0,2026-08-14 10:21:17
2024-04-16,West,District10,0,4,0,0.0,11.94,32.8,51.4,2026-08-14 10:21:17
2024-05-29,Adamawa,District1,0,2,0,0.0,16.3,25.6,64.1,2026-08-14 10:21:17
2024-05-29,Adamawa,District2,1,4,0,0.0,13.63,24.6,61.7,2026-08-14 10:21:17
2024-05-29,Adamawa,District3,0,0,0,0.0,16.68,26.8,66.7,2026-08-14 10:21:17
2024-05-29,Adamawa,District4,0,5,0,0.0,0.25,32.1,60.5,2026-08-14 10:21:17
2024-05-29,Adamawa,District5,2,3,0,0.0,11.28,28.5,88.9,2026-08-14 10:21:17
2024-05-29,Adamawa,District6,0,0,0,0.0,2.69,20.6,53.3,2026-08-14 10:21:17
2024-05-29,Adamawa,District7,0,2,0,0.0,11.87,24.2,83.4,2026-08-14 10:21:17
2024-05-29,Adamawa,District8,0,5,0,0.0,7.53,30.7,61.7,2026-08-14 10:21:17
2024-05-29,Adamawa,District9,2,1,0,0.0,7.94,30.2,72.4,2026-08-14 10:21:17
2024-05-29,Adamawa,District10,2,1,0,0.0,18.28,26.0,77.7,2026-08-14 10:21:17
2024-05-29,Centre,District1,1,2,0,0.0,0.08,29.5,72.4,2026-08-14 10:21:17
2024-05-29,Centre,District2,0,2,0,0.0,16.23,32.7,73.9,2026-08-14 10:21:17
2024-05-29,Centre,District3,0,4,0,0.0,15.74,33.8,75.1,2026-08-14 10:21:17
2024-05-29,Centre,District4,3,3,1,33.33,10.54,31.8,70.0,2026-08-14 10:21:17
2024-05-29,Centre,District5,0,2,0,0.0,13.83,31.6,79.7,2026-08-14 10:21:17
2024-05-29,Centre,District6,0,4,0,0.0,0.18,29.9,75.0,2026-08-14 10:21:17
2024-05-29,Centre,District7,0,3,0,0.0,12.53,25.1,52.5,2026-08-14 10:21:17
2024-05-29,Centre,District8,0,1,0,0.0,0.04,32.7,69.5,2026-08-14 10:21:17
2024-05-29,Centre,District9,2,1,1,50.0,10.85,28.8,67.6,2026-08-14 10:21:17
2024-05-29,Centre,District10,1,3,1,100.0,14.2,27.4,78.8,2026-08-14 10:21:17
2024-05-29,East,District1,1,3,0,0.0,15.0,25.5,59.1,2026-08-14 10:21:17
2024-05-29,East,District2,0,0,0,0.0,3.92,20.4,80.6,2026-08-14 10:21:17
2024-05-29,East,District3,0,0,0,0.0,2.8,34.4,78.9,2026-08-14 10:21:17
2024-05-29,East,District4,0,5,0,0.0,16.09,27.2,86.9,2026-08-14 10:21:17
2024-05-29,East,District5,0,3,0,0.0,0.56,29.4,71.9,2026-08-14 10:21:17
2024-05-29,East,District6,1,1,1,100.0,0.84,24.4,80.2,2026-08-14 10:21:17
2024-05-29,East,District7,0,3,0,0.0,1.43,34.1,67.6,2026-08-14 10:21:17
2024-05-29,East,District8,3,0,1,33.33,5.97,32.5,62.1,2026-08-14 10:21:17
2024-05-29,East,District9,0,0,0,0.0,8.6,32.4,89.3,2026-08-14 10:21:17
2024-05-29,East,District10,1,1,1,100.0,7.37,25.4,70.8,2026-08-14 10:21:17
2024-05-29,Far North,District1,0,3,0,0.0,18.92,25.2,62.6,2026-08-14 10:21:17
2024-05-29,Far North,District2,0,5,0,0.0,17.41,25.3,69.3,2026-08-14 10:21:17
2024-05-29,Far North,District3,0,0,0,0.0,19.88,28.8,68.7,2026-08-14 10:21:17
2024-05-29,Far North,District4,0,0,0,0.0,4.14,23.1,67.5,2026-08-14 10:21:17
2024-05-29,Far North,District5,0,0,0,0.0,0.47,31.3,82.2,2026-08-14 10:21:17
2024-05-29,Far North,District6,1,2,0,0.0,8.29,25.8,51.3,2026-08-14 10:21:17
2024-05-29,Far North,District7,0,1,0,0.0,14.69,26.4,53.3,2026-08-14 10:21:17
2024-05-29,Far North,District8,1,3,0,0.0,13.02,22.1,61.0,2026-08-14 10:21:17
2024-05-29,Far North,District9,0,2,0,0.0,19.06,31.0,77.2,2026-08-14 10:21:17
2024-05-29,Far North,District10,0,1,0,0.0,15.3,22.5,52.4,2026-08-14 10:21:17
2024-05-29,Littoral,District1,0,1,0,0.0,13.83,31.4,52.0,2026-08-14 10:21:17
2024-05-29,Littoral,District2,0,1,0,0.0,10.31,27.4,76.8,2026-08-14 10:21:17
2024-05-29,Littoral,District3,0,3,0,0.0,18.47,31.4,68.3,2026-08-14 10:21:17
2024-05-29,Littoral,District4,0,2,0,0.0,13.01,32.4,56.4,2026-08-14 10:21:17
2024-05-29,Littoral,District5,1,2,1,100.0,4.87,32.5,83.3,2026-08-14 10:21:17
2024-05-29,Littoral,District6,0,0,0,0.0,19.49,29.7,66.7,2026-08-14 10:21:17
2024-05-29,Littoral,District7,0,4,0,0.0,16.24,28.8,86.8,2026-08-14 10:21:17
2024-05-29,Littoral,District8,0,3,0,0.0,10.12,34.7,73.8,2026-08-14 10:21:17
2024-05-29,Littoral,District9,0,4,0,0.0,10.95,31.3,73.6,2026-08-14 10:21:17
2024-05-29,Littoral,District10,0,1,0,0.0,7.22,23.0,73.8,2026-08-14 10:21:17
2024-05-29,North,District1,0,5,0,0.0,12.61,32.1,52.0,2026-08-14 10:21:17
2024-05-29,North,District2,0,1,0,0.0,15.52,33.6,54.3,2026-08-14 10:21:17
2024-05-29,North,District3,1,5,1,100.0,1.86,23.9,71.8,2026-08-14 10:21:17
2024-05-29,North,District4,1,4,0,0.0,19.16,27.8,58.1,2026-08-14 10:21:17
2024-05-29,North,District5,1,1,0,0.0,16.95,32.9,57.8,2026-08-14 10:21:17
2024-05-29,North,District6,3,3,1,33.33,9.03,24.7,63.5,2026-08-14 10:21:17
2024-05-29,North,District7,0,1,0,0.0,7.64,34.0,70.7,2026-08-14 10:21:17
2024-05-29,North,District8,0,4,0,0.0,13.3,30.2,82.2,2026-08-14 10:21:17
2024-05-29,North,District9,0,2,0,0.0,8.65,29.9,58.8,2026-08-14 10:21:17
2024-05-29,North,District10,0,0,0,0.0,15.56,26.5,50.0,2026-08-14 10:21:17
2024-05-29,North-West,District1,0,0,0,0.0,4.01,28.4,61.3,2026-08-14 10:21:17
2024-05-29,North-West,District2,0,1,0,0.0,14.65,25.8,67.2,2026-08-14 10:21:17
2024-05-29,North-West,District3,1,3,0,0.0,13.49,34.9,84.5,2026-08-14 10:21:17
2024-05-29,North-West,District4,1,1,0,0.0,14.78,23.6,57.6,2026-08-14 10:21:17
2024-05-29,North-West,District5,0,5,0,0.0,7.31,30.4,58.5,2026-08-14 10:21:17
2024-05-29,North-West,District6,0,4,0,0.0,16.37,24.2,56.0,2026-08-14 10:21:17
2024-05-29,North-West,District7,0,0,0,0.0,17.08,25.2,54.8,2026-08-14 10:21:17
2024-05-29,North-West,District8,0,5,0,0.0,0.71,27.0,67.1,2026-08-14 10:21:17
2024-05-29,North-West,District9,1,2,0,0.0,19.08,27.1,51.8,2026-08-14 10:21:17
2024-05-29,North-West,District10,0,3,0,0.0,13.3,20.6,61.9,2026-08-14 10:21:17
2024-05-29,South,District1,1,3,0,0.0,17.0,29.2,84.7,2026-08-14 10:21:17
2024-05-29,South,District2,1,1,0,0.0,14.02,33.2,50.4,2026-08-14 10:21:17
2024-05-29,South,District3,0,2,0,0.0,1.72,30.6,63.0,2026-08-14 10:21:17
2024-05-29,South,District4,2,4,1,50.0,6.16,21.7,84.0,2026-08-14 10:21:17
2024-05-29,South,District5,0,1,0,0.0,13.43,29.1,53.5,2026-08-14 10:21:17
2024-05-29,South,District6,0,1,0,0.0,5.22,33.3,73.6,2026-08-14 10:21:17
2024-05-29,South,District7,2,5,1,50.0,15.87,34.3,61.9,2026-08-14 10:21:17
2024-05-29,South,District8,0,4,0,0.0,0.76,26.9,83.9,2026-08-14 10:21:17
2024-05-29,South,District9,0,2,0,0.0,0.44,23.9,71.7,2026-08-14 10:21:17
2024-05-29,South,District10,0,5,0,0.0,19.84,25.4,70.1,2026-08-14 10:21:17
2024-05-29,South-West,District1,0,5,0,0.0,2.93,29.3,74.7,2026-08-14 10:21:17
2024-05-29,South-West,District2,3,5,1,33.33,6.38,32.5,82.6,2026-08-14 10:21:17
2024-05-29,South-West,District3,1,4,0,0.0,15.38,32.2,56.9,2026-08-14 10:21:17
2024-05-29,South-West,District4,2,5,0,0.0,1.37,28.7,50.4,2026-08-14 10:21:17
2024-05-29,South-West,District5,0,2,0,0.0,4.21,22.2,88.7,2026-08-14 10:21:17
2024-05-29,South-West,District6,1,3,1,100.0,13.75,20.9,62.5,2026-08-14 10:21:17
2024-05-29,South-West,District7,0,4,0,0.0,11.41,30.1,59.4,2026-08-14 10:21:17
2024-05-29,South-West,District8,0,4,0,0.0,16.02,20.7,88.3,2026-08-14 10:21:17
2024-05-29,South-West,District9,3,1,1,33.33,0.03,32.9,53.7,2026-08-14 10:21:17
2024-05-29,South-West,District10,0,2,0,0.0,16.94,26.3,71.4,2026-08-14 10:21:17
2024-05-29,West,District1,0,0,0,0.0,13.16,24.3,59.7,2026-08-14 10:21:17
2024-05-29,West,District2,0,1,0,0.0,2.68,21.5,59.0,2026-08-14 10:21:17
2024-05-29,West,District3,2,0,0,0.0,7.55,25.2,86.4,2026-08-14 10:21:17
2024-05-29,West,District4,0,3,0,0.0,9.35,26.3,81.2,2026-08-14 10:21:17
2024-05-29,West,District5,1,1,1,100.0,17.55,29.1,75.1,2026-08-14 10:21:17
2024-05-29,West,District6,0,4,0,0.0,5.07,22.6,87.5,2026-08-14 10:21:17
2024-05-29,West,District7,0,2,0,0.0,19.49,32.1,61.4,2026-08-14 10:21:17
2024-05-29,West,District8,3,1,1,33.33,17.52,27.2,64.4,2026-08-14 10:21:17
2024-05-29,West,District9,2,5,1,50.0,18.35,22.9,77.4,2026-08-14 10:21:17
2024-05-29,West,District10,0,2,0,0.0,12.0,23.1,83.3,2026-08-14 10:21:17
2024-05-12,Adamawa,District1,0,4,0,0.0,4.43,33.9,70.9,2026-08-14 10:21:17
2024-05-12,Adamawa,District2,0,0,0,0.0,8.16,30.6,83.0,2026-08-14 10:21:17
2024-05-12,Adamawa,District3,2,4,1,50.0,11.7,33.0,78.1,2026-08-14 10:21:17
2024-05-12,Adamawa,District4,0,3,0,0.0,16.29,28.4,53.0,2026-08-14 10:21:17
2024-05-12,Adamawa,District5,1,4,1,100.0,15.14,20.4,85.3,2026-08-14 10:21:17
2024-05-12,Adamawa,District6,0,4,0,0.0,16.63,33.8,70.2,2026-08-14 10:21:17
2024-05-12,Adamawa,District7,1,5,1,100.0,10.6,25.8,59.5,2026-08-14 10:21:17
2024-05-12,Adamawa,District8,0,0,0,0.0,2.38,33.2,55.1,2026-08-14 10:21:17
2024-05-12,Adamawa,District9,0,3,0,0.0,3.86,28.8,51.7,2026-08-14 10:21:17
2024-05-12,Adamawa,District10,0,5,0,0.0,2.35,33.8,75.5,2026-08-14 10:21:17
2024-05-12,Centre,District1,0,1,0,0.0,15.79,23.6,50.8,2026-08-14 10:21:17
2024-05-12,Centre,District2,0,2,0,0.0,0.53,26.4,81.8,2026-08-14 10:21:17
2024-05-12,Centre,District3,0,3,0,0.0,4.86,21.9,58.1,2026-08-14 10:21:17
2024-05-12,Centre,District4,0,1,0,0.0,7.04,29.7,87.2,2026-08-14 10:21:17
2024-05-12,Centre,District5,0,1,0,0.0,2.68,20.7,88.8,2026-08-14 10:21:17
2024-05-12,Centre,District6,1,3,0,0.0,8.65,23.0,71.8,2026-08-14 10:21:17
2024-05-12,Centre,District7,2,3,0,0.0,11.28,20.8,87.6,2026-08-14 10:21:17
2024-05-12,Centre,District8,0,5,0,0.0,19.64,33.0,50.2,2026-08-14 10:21:17
2024-05-12,Centre,District9,0,4,0,0.0,11.53,22.1,73.6,2026-08-14 10:21:17
2024-05-12,Centre,District10,0,0,0,0.0,10.95,24.1,55.7,2026-08-14 10:21:17
2024-05-12,East,District1,2,3,1,50.0,10.22,20.2,83.8,2026-08-14 10:21:17
2024-05-12,East,District2,0,5,0,0.0,17.31,24.6,80.9,2026-08-14 10:21:17
2024-05-12,East,District3,0,2,0,0.0,16.57,30.7,86.6,2026-08-14 10:21:17
2024-05-12,East,District4,0,3,0,0.0,8.53,24.7,52.3,2026-08-14 10:21:17
2024-05-12,East,District5,0,5,0,0.0,3.01,28.0,82.0,2026-08-14 10:21:17
2024-05-12,East,District6,1,3,0,0.0,5.41,24.1,63.5,2026-08-14 10:21:17
2024-05-12,East,District7,0,4,0,0.0,18.19,23.4,75.1,2026-08-14 10:21:17
2024-05-12,East,District8,0,5,0,0.0,2.71,29.7,51.8,2026-08-14 10:21:17
2024-05-12,East,District9,0,5,0,0.0,6.52,21.5,59.0,2026-08-14 10:21:17
2024-05-12,East,District10,2,2,1,50.0,9.7,25.3,53.7,2026-08-14 10:21:17
2024-05-12,Far North,District1,0,5,0,0.0,18.67,28.2,61.9,2026-08-14 10:21:17
2024-05-12,Far North,District2,3,0,0,0.0,5.48,30.0,56.0,2026-08-14 10:21:17
2024-05-12,Far North,District3,0,0,0,0.0,18.02,30.5,72.0,2026-08-14 10:21:17
2024-05-12,Far North,District4,0,0,0,0.0,9.0,21.3,85.4,2026-08-14 10:21:17
2024-05-12,Far North,District5,0,3,0,0.0,13.62,25.8,72.2,2026-08-14 10:21:17
2024-05-12,Far North,District6,0,1,0,0.0,18.88,32.8,68.1,2026-08-14 10:21:17
2024-05-12,Far North,District7,0,5,0,0.0,17.35,33.2,73.9,2026-08-14 10:21:17
2024-05-12,Far North,District8,0,4,0,0.0,15.14,29.0,85.1,2026-08-14 10:21:17
2024-05-12,Far North,District9,1,1,0,0.0,8.87,27.0,73.4,2026-08-14 10:21:17
2024-05-12,Far North,District10,0,2,0,0.0,6.26,27.3,60.8,2026-08-14 10:21:17
2024-05-12,Littoral,District1,2,5,1,50.0,10.92,24.5,71.6,2026-08-14 10:21:17
2024-05-12,Littoral,District2,3,4,1,33.33,3.61,24.6,79.7,2026-08-14 10:21:17
2024-05-12,Littoral,District3,0,3,0,0.0,18.53,34.4,72.1,2026-08-14 10:21:17
2024-05-12,Littoral,District4,0,3,0,0.0,16.21,27.3,76.9,2026-08-14 10:21:17
2024-05-12,Littoral,District5,0,0,0,0.0,15.26,23.8,64.2,2026-08-14 10:21:17
2024-05-12,Littoral,District6,0,5,0,0.0,11.93,25.2,87.8,2026-08-14 10:21:17
2024-05-12,Littoral,District7,0,1,0,0.0,6.95,32.9,61.2,2026-08-14 10:21:17
2024-05-12,Littoral,District8,0,0,0,0.0,15.29,34.6,59.6,2026-08-14 10:21:17
2024-05-12,Littoral,District9,0,4,0,0.0,4.9,24.2,72.1,2026-08-14 10:21:17
2024-05-12,Littoral,District10,1,1,1,100.0,8.74,31.0,52.1,2026-08-14 10:21:17
2024-05-12,North,District1,0,5,0,0.0,13.88,31.3,65.8,2026-08-14 10:21:17
2024-05-12,North,District2,0,5,0,0.0,16.51,30.5,54.6,2026-08-14 10:21:17
2024-05-12,North,District3,0,2,0,0.0,0.68,26.2,51.4,2026-08-14 10:21:17
2024-05-12,North,District4,0,3,0,0.0,4.3,34.8,57.8,2026-08-14 10:21:17
2024-05-12,North,District5,1,1,1,100.0,19.08,24.5,67.4,2026-08-14 10:21:17
2024-05-12,North,District6,0,2,0,0.0,5.18,31.3,51.1,2026-08-14 10:21:17
2024-05-12,North,District7,0,2,0,0.0,18.63,31.0,69.2,2026-08-14 10:21:17
2024-05-12,North,District8,0,2,0,0.0,8.33,34.0,80.9,2026-08-14 10:21:17
2024-05-12,North,District9,0,1,0,0.0,8.83,29.8,56.9,2026-08-14 10:21:17
2024-05-12,North,District10,0,4,0,0.0,3.42,29.9,84.2,2026-08-14 10:21:17
2024-05-12,North-West,District1,0,4,0,0.0,7.74,29.8,64.2,2026-08-14 10:21:17
2024-05-12,North-West,District2,0,5,0,0.0,17.04,31.9,61.1,2026-08-14 10:21:17
2024-05-12,North-West,District3,0,3,0,0.0,19.31,30.9,85.9,2026-08-14 10:21:17
2024-05-12,North-West,District4,0,5,0,0.0,2.66,20.3,61.8,2026-08-14 10:21:17
2024-05-12,North-West,District5,0,5,0,0.0,2.59,20.2,57.0,2026-08-14 10:21:17
2024-05-12,North-West,District6,0,1,0,0.0,7.64,22.2,61.1,2026-08-14 10:21:17
2024-05-12,North-West,District7,1,3,0,0.0,19.51,25.7,83.2,2026-08-14 10:21:17
2024-05-12,North-West,District8,1,2,1,100.0,7.64,30.4,62.7,2026-08-14 10:21:17
2024-05-12,North-West,District9,0,4,0,0.0,15.84,31.1,56.0,2026-08-14 10:21:17
2024-05-12,North-West,District10,1,5,1,100.0,10.19,24.7,61.0,2026-08-14 10:21:17
2024-05-12,South,District1,1,4,0,0.0,0.18,26.7,71.3,2026-08-14 10:21:17
2024-05-12,South,District2,0,2,0,0.0,1.11,20.2,72.0,2026-08-14 10:21:17
2024-05-12,South,District3,0,5,0,0.0,6.01,25.4,71.7,2026-08-14 10:21:17
2024-05-12,South,District4,1,2,1,100.0,13.45,22.7,80.9,2026-08-14 10:21:17
2024-05-12,South,District5,0,0,0,0.0,14.45,29.4,74.6,2026-08-14 10:21:17
2024-05-12,South,District6,0,1,0,0.0,12.65,34.4,69.0,2026-08-14 10:21:17
2024-05-12,South,District7,0,5,0,0.0,4.13,31.0,73.6,2026-08-14 10:21:17
2024-05-12,South,District8,0,1,0,0.0,11.23,31.4,55.6,2026-08-14 10:21:17
2024-05-12,South,District9,0,3,0,0.0,6.58,29.9,51.9,2026-08-14 10:21:17
2024-05-12,South,District10,0,4,0,0.0,7.91,20.3,67.2,2026-08-14 10:21:17
2024-05-12,South-West,District1,0,3,0,0.0,10.91,26.6,51.1,2026-08-14 10:21:17
2024-05-12,South-West,District2,1,1,1,100.0,9.08,25.5,88.9,2026-08-14 10:21:17
2024-05-12,South-West,District3,0,1,0,0.0,17.18,32.7,62.0,2026-08-14 10:21:17
2024-05-12,South-West,District4,0,4,0,0.0,12.44,32.0,56.9,2026-08-14 10:21:17
2024-05-12,South-West,District5,1,0,1,100.0,7.49,28.0,61.5,2026-08-14 10:21:17
2024-05-12,South-West,District6,0,0,0,0.0,14.66,29.4,68.1,2026-08-14 10:21:17
2024-05-12,South-West,District7,0,4,0,0.0,1.16,34.4,56.0,2026-08-14 10:21:17
2024-05-12,South-West,District8,0,4,0,0.0,7.69,28.8,79.1,2026-08-14 10:21:17
2024-05-12,South-West,District9,0,1,0,0.0,19.89,30.4,69.1,2026-08-14 10:21:17
2024-05-12,South-West,District10,0,5,0,0.0,6.64,34.1,62.5,2026-08-14 10:21:17
2024-05-12,West,District1,0,4,0,0.0,0.83,33.0,64.1,2026-08-14 10:21:17
2024-05-12,West,District2,1,2,1,100.0,12.01,33.3,54.7,2026-08-14 10:21:17
2024-05-12,West,District3,1,1,1,100.0,15.49,33.6,68.3,2026-08-14 10:21:17
2024-05-12,West,District4,0,1,0,0.0,10.36,23.5,75.1,2026-08-14 10:21:17
2024-05-12,West,District5,0,5,0,0.0,17.14,21.3,60.8,2026-08-14 10:21:17
2024-05-12,West,District6,3,1,1,33.33,17.27,21.5,89.7,2026-08-14 10:21:17
2024-05-12,West,District7,1,0,1,100.0,0.34,28.8,63.7,2026-08-14 10:21:17
2024-05-12,West,District8,0,5,0,0.0,2.13,32.7,89.0,2026-08-14 10:21:17
2024-05-12,West,District9,3,0,1,33.33,4.14,27.1,60.4,2026-08-14 10:21:17
2024-05-12,West,District10,0,1,0,0.0,7.12,28.7,60.7,2026-08-14 10:21:17
2024-05-07,Adamawa,District1,0,2,0,0.0,8.86,34.9,72.9,2026-08-14 10:21:17
2024-05-07,Adamawa,District2,1,2,1,100.0,18.79,31.0,88.8,2026-08-14 10:21:17
2024-05-07,Adamawa,District3,0,2,0,0.0,7.34,27.4,51.7,2026-08-14 10:21:17
2024-05-07,Adamawa,District4,0,4,0,0.0,5.85,20.8,53.8,2026-08-14 10:21:17
2024-05-07,Adamawa,District5,0,0,0,0.0,12.86,32.1,61.7,2026-08-14 10:21:17
2024-05-07,Adamawa,District6,0,0,0,0.0,1.65,23.6,64.2,2026-08-14 10:21:17
2024-05-07,Adamawa,District7,1,5,0,0.0,0.29,31.1,85.8,2026-08-14 10:21:17
2024-05-07,Adamawa,District8,0,1,0,0.0,5.62,28.7,87.5,2026-08-14 10:21:17
2024-05-07,Adamawa,District9,2,3,1,50.0,3.97,31.5,83.0,2026-08-14 10:21:17
2024-05-07,Adamawa,District10,0,1,0,0.0,3.52,24.4,80.9,2026-08-14 10:21:17
2024-05-07,Centre,District1,0,4,0,0.0,8.24,21.2,72.1,2026-08-14 10:21:17
2024-05-07,Centre,District2,0,3,0,0.0,7.41,22.6,81.9,2026-08-14 10:21:17
2024-05-07,Centre,District3,0,1,0,0.0,16.26,25.5,73.4,2026-08-14 10:21:17
2024-05-07,Centre,District4,0,5,0,0.0,14.33,22.8,54.9,2026-08-14 10:21:17
2024-05-07,Centre,District5,0,0,0,0.0,16.0,31.2,80.9,2026-08-14 10:21:17
2024-05-07,Centre,District6,1,1,0,0.0,18.39,24.1,68.0,2026-08-14 10:21:17
2024-05-07,Centre,District7,2,3,0,0.0,3.9,22.3,64.2,2026-08-14 10:21:17
2024-05-07,Centre,District8,0,1,0,0.0,8.2,27.9,51.2,2026-08-14 10:21:17
2024-05-07,Centre,District9,0,5,0,0.0,11.71,28.6,79.1,2026-08-14 10:21:17
2024-05-07,Centre,District10,1,2,1,100.0,7.1,25.0,67.7,2026-08-14 10:21:17
2024-05-07,East,District1,0,0,0,0.0,4.52,22.4,74.6,2026-08-14 10:21:17
2024-05-07,East,District2,0,2,0,0.0,14.09,23.9,81.5,2026-08-14 10:21:17
2024-05-07,East,District3,1,5,1,100.0,0.85,33.5,78.6,2026-08-14 10:21:17
2024-05-07,East,District4,0,0,0,0.0,5.54,26.3,77.1,2026-08-14 10:21:17
2024-05-07,East,District5,0,1,0,0.0,3.51,27.9,55.5,2026-08-14 10:21:17
2024-05-07,East,District6,0,4,0,0.0,11.37,29.2,69.9,2026-08-14 10:21:17
2024-05-07,East,District7,3,4,1,33.33,14.38,22.8,71.5,2026-08-14 10:21:17
2024-05-07,East,District8,0,0,0,0.0,9.65,21.8,64.6,2026-08-14 10:21:17
2024-05-07,East,District9,0,2,0,0.0,7.33,27.6,86.4,2026-08-14 10:21:17
2024-05-07,East,District10,0,0,0,0.0,11.53,20.4,70.5,2026-08-14 10:21:17
2024-05-07,Far North,District1,0,0,0,0.0,2.34,34.3,72.7,2026-08-14 10:21:17
2024-05-07,Far North,District2,0,3,0,0.0,17.32,26.8,73.4,2026-08-14 10:21:17
2024-05-07,Far North,District3,0,5,0,0.0,8.47,24.6,55.8,2026-08-14 10:21:17
2024-05-07,Far North,District4,1,5,0,0.0,9.21,30.9,73.6,2026-08-14 10:21:17
2024-05-07,Far North,District5,1,0,0,0.0,16.13,33.9,69.4,2026-08-14 10:21:17
2024-05-07,Far North,District6,0,2,0,0.0,19.25,26.1,51.2,2026-08-14 10:21:17
2024-05-07,Far North,District7,0,1,0,0.0,15.19,33.6,68.6,2026-08-14 10:21:17
2024-05-07,Far North,District8,0,5,0,0.0,17.2,27.9,54.1,2026-08-14 10:21:17
2024-05-07,Far North,District9,0,2,0,0.0,0.79,29.1,71.4,2026-08-14 10:21:17
2024-05-07,Far North,District10,0,1,0,0.0,7.38,30.4,79.9,2026-08-14 10:21:17
2024-05-07,Littoral,District1,0,4,0,0.0,0.73,25.0,83.7,2026-08-14 10:21:17
2024-05-07,Littoral,District2,0,3,0,0.0,19.87,20.5,83.8,2026-08-14 10:21:17
2024-05-07,Littoral,District3,0,3,0,0.0,11.43,24.6,63.0,2026-08-14 10:21:17
2024-05-07,Littoral,District4,0,0,0,0.0,3.74,32.6,84.3,2026-08-14 10:21:17
2024-05-07,Littoral,District5,2,5,1,50.0,0.72,31.4,62.3,2026-08-14 10:21:17
2024-05-07,Littoral,District6,0,5,0,0.0,2.48,25.6,73.1,2026-08-14 10:21:17
2024-05-07,Littoral,District7,0,1,0,0.0,14.69,24.0,65.9,2026-08-14 10:21:17
2024-05-07,Littoral,District8,0,1,0,0.0,4.68,23.7,87.2,2026-08-14 10:21:17
2024-05-07,Littoral,District9,0,4,0,0.0,9.58,34.8,89.0,2026-08-14 10:21:17
2024-05-07,Littoral,District10,0,3,0,0.0,15.75,20.5,63.7,2026-08-14 10:21:17
2024-05-07,North,District1,0,4,0,0.0,15.15,32.1,60.8,2026-08-14 10:21:17
2024-05-07,North,District2,1,2,1,100.0,12.57,32.1,72.1,2026-08-14 10:21:17
2024-05-07,North,District3,0,3,0,0.0,13.01,32.7,60.2,2026-08-14 10:21:17
2024-05-07,North,District4,0,0,0,0.0,18.17,24.3,79.7,2026-08-14 10:21:17
2024-05-07,North,District5,0,1,0,0.0,5.88,25.5,60.0,2026-08-14 10:21:17
2024-05-07,North,District6,0,1,0,0.0,11.5,28.5,55.0,2026-08-14 10:21:17
2024-05-07,North,District7,0,2,0,0.0,17.94,23.0,52.5,2026-08-14 10:21:17
2024-05-07,North,District8,0,1,0,0.0,3.11,22.0,72.2,2026-08-14 10:21:17
2024-05-07,North,District9,1,5,0,0.0,6.84,26.3,53.7,2026-08-14 10:21:17
2024-05-07,North,District10,0,0,0,0.0,3.43,30.0,70.8,2026-08-14 10:21:17
2024-05-07,North-West,District1,0,1,0,0.0,1.22,34.8,86.0,2026-08-14 10:21:17
2024-05-07,North-West,District2,0,0,0,0.0,18.67,30.8,85.3,2026-08-14 10:21:17
2024-05-07,North-West,District3,0,4,0,0.0,19.53,24.1,86.7,2026-08-14 10:21:17
2024-05-07,North-West,District4,0,5,0,0.0,5.06,22.0,89.3,2026-08-14 10:21:17
2024-05-07,North-West,District5,0,2,0,0.0,19.4,22.0,72.2,2026-08-14 10:21:17
2024-05-07,North-West,District6,0,5,0,0.0,18.92,29.0,71.7,2026-08-14 10:21:17
2024-05-07,North-West,District7,0,3,0,0.0,7.26,29.0,86.7,2026-08-14 10:21:17
2024-05-07,North-West,District8,0,3,0,0.0,16.18,24.4,63.5,2026-08-14 10:21:17
2024-05-07,North-West,District9,1,0,0,0.0,17.18,34.8,64.4,2026-08-14 10:21:17
2024-05-07,North-West,District10,0,4,0,0.0,12.04,26.1,69.4,2026-08-14 10:21:17
2024-05-07,South,District1,0,1,0,0.0,8.03,27.1,66.9,2026-08-14 10:21:17
2024-05-07,South,District2,0,3,0,0.0,17.68,29.3,53.2,2026-08-14 10:21:17
2024-05-07,South,District3,0,3,0,0.0,12.49,20.2,78.5,2026-08-14 10:21:17
2024-05-07,South,District4,0,1,0,0.0,14.11,28.0,85.8,2026-08-14 10:21:17
2024-05-07,South,District5,0,2,0,0.0,9.03,23.5,86.3,2026-08-14 10:21:17
2024-05-07,South,District6,3,3,1,33.33,7.63,28.8,71.7,2026-08-14 10:21:17
2024-05-07,South,District7,0,5,0,0.0,9.67,20.5,66.5,2026-08-14 10:21:17
2024-05-07,South,District8,0,4,0,0.0,0.62,31.1,57.5,2026-08-14 10:21:17
2024-05-07,South,District9,0,4,0,0.0,15.4,34.5,86.8,2026-08-14 10:21:17
2024-05-07,South,District10,0,1,0,0.0,11.27,27.1,63.4,2026-08-14 10:21:17
2024-05-07,South-West,District1,1,2,1,100.0,15.34,29.9,58.4,2026-08-14 10:21:17
2024-05-07,South-West,District2,0,2,0,0.0,9.59,30.9,65.6,2026-08-14 10:21:17
2024-05-07,South-West,District3,0,3,0,0.0,6.02,23.8,80.3,2026-08-14 10:21:17
2024-05-07,South-West,District4,1,4,0,0.0,11.67,22.2,65.7,2026-08-14 10:21:17
2024-05-07,South-West,District5,0,3,0,0.0,4.19,22.6,66.1,2026-08-14 10:21:17
2024-05-07,South-West,District6,0,0,0,0.0,10.88,28.0,65.0,2026-08-14 10:21:17
2024-05-07,South-West,District7,0,0,0,0.0,2.35,26.0,70.4,2026-08-14 10:21:17
2024-05-07,South-West,District8,0,4,0,0.0,4.55,31.8,54.6,2026-08-14 10:21:17
2024-05-07,South-West,District9,3,4,1,33.33,8.03,33.3,62.0,2026-08-14 10:21:17
2024-05-07,South-West,District10,0,5,0,0.0,8.29,24.6,76.7,2026-08-14 10:21:17
2024-05-07,West,District1,0,4,0,0.0,7.84,21.5,60.8,2026-08-14 10:21:17
2024-05-07,West,District2,0,2,0,0.0,10.02,28.0,74.7,2026-08-14 10:21:17
2024-05-07,West,District3,0,3,0,0.0,16.77,23.2,80.5,2026-08-14 10:21:17
2024-05-07,West,District4,0,3,0,0.0,8.13,28.8,66.4,2026-08-14 10:21:17
2024-05-07,West,District5,0,5,0,0.0,8.79,28.4,56.3,2026-08-14 10:21:17
2024-05-07,West,District6,3,3,0,0.0,8.06,22.0,57.3,2026-08-14 10:21:17
2024-05-07,West,District7,0,5,0,0.0,6.75,25.7,63.9,2026-08-14 10:21:17
2024-05-07,West,District8,0,4,0,0.0,7.08,33.6,53.9,2026-08-14 10:21:17
2024-05-07,West,District9,0,0,0,0.0,9.95,22.6,59.3,2026-08-14 10:21:17
2024-05-07,West,District10,0,1,0,0.0,1.43,27.5,88.5,2026-08-14 10:21:17
2024-05-08,Adamawa,District1,0,4,0,0.0,6.8,26.5,75.6,2026-08-14 10:21:17
2024-05-08,Adamawa,District2,0,4,0,0.0,8.59,28.3,52.1,2026-08-14 10:21:17
2024-05-08,Adamawa,District3,0,3,0,0.0,10.69,31.5,64.9,2026-08-14 10:21:17
2024-05-08,Adamawa,District4,0,4,0,0.0,10.16,30.4,61.6,2026-08-14 10:21:17
2024-05-08,Adamawa,District5,0,5,0,0.0,8.04,24.9,68.6,2026-08-14 10:21:17
2024-05-08,Adamawa,District6,3,0,0,0.0,0.13,23.5,69.1,2026-08-14 10:21:17
2024-05-08,Adamawa,District7,0,0,0,0.0,6.66,25.4,57.9,2026-08-14 10:21:17
2024-05-08,Adamawa,District8,0,4,0,0.0,4.89,24.4,53.0,2026-08-14 10:21:17
2024-05-08,Adamawa,District9,0,5,0,0.0,13.19,20.8,64.6,2026-08-14 10:21:17
2024-05-08,Adamawa,District10,1,5,0,0.0,15.17,22.4,69.8,2026-08-14 10:21:17
2024-05-08,Centre,District1,2,0,0,0.0,13.44,22.4,55.0,2026-08-14 10:21:17
2024-05-08,Centre,District2,2,5,0,0.0,14.96,31.4,89.7,2026-08-14 10:21:17
2024-05-08,Centre,District3,0,3,0,0.0,19.92,21.8,80.8,2026-08-14 10:21:17
2024-05-08,Centre,District4,1,1,1,100.0,14.35,30.6,69.0,2026-08-14 10:21:17
2024-05-08,Centre,District5,0,3,0,0.0,7.85,33.0,59.1,2026-08-14 10:21:17
2024-05-08,Centre,District6,1,0,1,100.0,3.82,20.3,76.1,2026-08-14 10:21:17
2024-05-08,Centre,District7,2,1,1,50.0,0.2,30.6,55.1,2026-08-14 10:21:17
2024-05-08,Centre,District8,0,5,0,0.0,0.08,24.9,59.5,2026-08-14 10:21:17
2024-05-08,Centre,District9,0,4,0,0.0,12.04,27.5,85.7,2026-08-14 10:21:17
2024-05-08,Centre,District10,0,0,0,0.0,18.17,20.6,79.2,2026-08-14 10:21:17
2024-05-08,East,District1,2,3,1,50.0,13.39,27.4,65.6,2026-08-14 10:21:17
2024-05-08,East,District2,0,4,0,0.0,11.15,20.4,85.2,2026-08-14 10:21:17
2024-05-08,East,District3,0,5,0,0.0,11.63,34.5,56.0,2026-08-14 10:21:17
2024-05-08,East,District4,0,0,0,0.0,11.29,23.9,73.1,2026-08-14 10:21:17
2024-05-08,East,District5,2,2,0,0.0,1.89,32.6,51.9,2026-08-14 10:21:17
2024-05-08,East,District6,0,1,0,0.0,16.54,30.9,54.7,2026-08-14 10:21:17
2024-05-08,East,District7,0,3,0,0.0,14.04,22.3,78.1,2026-08-14 10:21:17
2024-05-08,East,District8,0,4,0,0.0,9.88,22.2,59.9,2026-08-14 10:21:17
2024-05-08,East,District9,0,0,0,0.0,0.65,22.1,57.4,2026-08-14 10:21:17
2024-05-08,East,District10,0,0,0,0.0,9.03,23.8,88.1,2026-08-14 10:21:17
2024-05-08,Far North,District1,0,5,0,0.0,0.98,27.4,80.7,2026-08-14 10:21:17
2024-05-08,Far North,District2,0,4,0,0.0,7.91,28.5,64.7,2026-08-14 10:21:17
2024-05-08,Far North,District3,0,0,0,0.0,1.98,25.7,72.7,2026-08-14 10:21:17
2024-05-08,Far North,District4,0,3,0,0.0,15.56,32.7,55.0,2026-08-14 10:21:17
2024-05-08,Far North,District5,0,5,0,0.0,8.59,34.1,61.9,2026-08-14 10:21:17
2024-05-08,Far North,District6,0,3,0,0.0,9.81,33.4,85.8,2026-08-14 10:21:17
2024-05-08,Far North,District7,2,5,0,0.0,18.66,33.0,63.1,2026-08-14 10:21:17
2024-05-08,Far North,District8,0,2,0,0.0,19.67,32.1,54.8,2026-08-14 10:21:17
2024-05-08,Far North,District9,0,0,0,0.0,12.23,23.8,63.9,2026-08-14 10:21:17
2024-05-08,Far North,District10,0,4,0,0.0,17.39,28.3,87.8,2026-08-14 10:21:17
2024-05-08,Littoral,District1,1,5,1,100.0,13.2,23.7,78.0,2026-08-14 10:21:17
2024-05-08,Littoral,District2,2,0,1,50.0,10.42,31.8,68.4,2026-08-14 10:21:17
2024-05-08,Littoral,District3,0,1,0,0.0,1.12,34.4,53.1,2026-08-14 10:21:17
2024-05-08,Littoral,District4,0,1,0,0.0,5.76,24.1,57.4,2026-08-14 10:21:17
2024-05-08,Littoral,District5,0,5,0,0.0,11.72,25.9,67.4,2026-08-14 10:21:17
2024-05-08,Littoral,District6,2,3,1,50.0,6.89,21.7,61.2,2026-08-14 10:21:17
2024-05-08,Littoral,District7,0,4,0,0.0,17.35,30.5,65.8,2026-08-14 10:21:17
2024-05-08,Littoral,District8,0,4,0,0.0,7.32,28.3,50.5,2026-08-14 10:21:17
2024-05-08,Littoral,District9,0,5,0,0.0,17.19,31.1,78.4,2026-08-14 10:21:17
2024-05-08,Littoral,District10,0,3,0,0.0,7.05,21.3,72.6,2026-08-14 10:21:17
2024-05-08,North,District1,0,2,0,0.0,7.18,24.6,74.8,2026-08-14 10:21:17
2024-05-08,North,District2,3,2,1,33.33,3.59,23.3,59.2,2026-08-14 10:21:17
2024-05-08,North,District3,0,3,0,0.0,3.9,26.2,59.3,2026-08-14 10:21:17
2024-05-08,North,District4,0,2,0,0.0,1.85,30.5,88.7,2026-08-14 10:21:17
2024-05-08,North,District5,0,0,0,0.0,18.03,24.3,82.6,2026-08-14 10:21:17
2024-05-08,North,District6,0,3,0,0.0,18.94,24.9,61.4,2026-08-14 10:21:17
2024-05-08,North,District7,0,4,0,0.0,4.04,30.2,83.5,2026-08-14 10:21:17
2024-05-08,North,District8,0,5,0,0.0,15.71,26.3,87.7,2026-08-14 10:21:17
2024-05-08,North,District9,0,4,0,0.0,10.06,27.9,59.8,2026-08-14 10:21:17
2024-05-08,North,District10,0,3,0,0.0,12.94,28.7,81.3,2026-08-14 10:21:17
2024-05-08,North-West,District1,1,4,0,0.0,19.58,20.2,65.8,2026-08-14 10:21:17
2024-05-08,North-West,District2,2,4,0,0.0,5.09,30.2,71.8,2026-08-14 10:21:17
2024-05-08,North-West,District3,0,0,0,0.0,15.56,31.0,51.9,2026-08-14 10:21:17
2024-05-08,North-West,District4,0,1,0,0.0,3.47,34.4,89.2,2026-08-14 10:21:17
2024-05-08,North-West,District5,0,1,0,0.0,10.42,29.9,65.6,2026-08-14 10:21:17
2024-05-08,North-West,District6,0,0,0,0.0,4.34,28.7,72.7,2026-08-14 10:21:17
2024-05-08,North-West,District7,1,1,0,0.0,13.88,24.8,83.2,2026-08-14 10:21:17
2024-05-08,North-West,District8,1,0,1,100.0,13.75,22.1,59.9,2026-08-14 10:21:17
2024-05-08,North-West,District9,0,0,0,0.0,12.47,33.3,80.9,2026-08-14 10:21:17
2024-05-08,North-West,District10,0,2,0,0.0,10.51,31.5,76.4,2026-08-14 10:21:17
2024-05-08,South,District1,0,4,0,0.0,0.34,24.7,56.7,2026-08-14 10:21:17
2024-05-08,South,District2,3,5,1,33.33,17.44,23.4,61.5,2026-08-14 10:21:17
2024-05-08,South,District3,1,5,0,0.0,8.61,29.6,50.2,2026-08-14 10:21:17
2024-05-08,South,District4,0,2,0,0.0,4.43,34.7,60.5,2026-08-14 10:21:17
2024-05-08,South,District5,0,0,0,0.0,8.46,20.3,66.2,2026-08-14 10:21:17
2024-05-08,South,District6,3,3,0,0.0,4.06,25.8,74.3,2026-08-14 10:21:17
2024-05-08,South,District7,0,0,0,0.0,3.98,29.5,69.6,2026-08-14 10:21:17
2024-05-08,South,District8,0,0,0,0.0,5.68,31.0,52.5,2026-08-14 10:21:17
2024-05-08,South,District9,0,3,0,0.0,19.3,28.2,55.3,2026-08-14 10:21:17
2024-05-08,South,District10,2,3,1,50.0,15.57,24.7,64.7,2026-08-14 10:21:17
2024-05-08,South-West,District1,0,1,0,0.0,9.73,33.6,79.5,2026-08-14 10:21:17
2024-05-08,South-West,District2,0,4,0,0.0,19.78,28.1,66.2,2026-08-14 10:21:17
2024-05-08,South-West,District3,2,4,1,50.0,2.82,20.3,52.9,2026-08-14 10:21:17
2024-05-08,South-West,District4,0,2,0,0.0,1.85,25.8,53.5,2026-08-14 10:21:17
2024-05-08,South-West,District5,0,4,0,0.0,13.44,23.3,67.7,2026-08-14 10:21:17
2024-05-08,South-West,District6,0,4,0,0.0,13.81,20.1,83.5,2026-08-14 10:21:17
2024-05-08,South-West,District7,1,2,0,0.0,18.35,34.9,77.8,2026-08-14 10:21:17
2024-05-08,South-West,District8,0,3,0,0.0,11.33,29.5,67.2,2026-08-14 10:21:17
2024-05-08,South-West,District9,0,3,0,0.0,13.43,22.4,50.4,2026-08-14 10:21:17
2024-05-08,South-West,District10,2,5,1,50.0,3.44,21.9,67.5,2026-08-14 10:21:17
2024-05-08,West,District1,1,1,1,100.0,3.66,31.3,76.1,2026-08-14 10:21:17
2024-05-08,West,District2,0,4,0,0.0,9.48,24.3,60.2,2026-08-14 10:21:17
2024-05-08,West,District3,0,1,0,0.0,14.65,26.5,51.5,2026-08-14 10:21:17
2024-05-08,West,District4,0,4,0,0.0,2.41,29.3,89.6,2026-08-14 10:21:17
2024-05-08,West,District5,0,0,0,0.0,16.77,22.5,75.2,2026-08-14 10:21:17
2024-05-08,West,District6,0,0,0,0.0,10.43,28.5,85.8,2026-08-14 10:21:17
2024-05-08,West,District7,0,4,0,0.0,13.95,30.2,61.3,2026-08-14 10:21:17
2024-05-08,West,District8,0,5,0,0.0,10.12,20.9,61.2,2026-08-14 10:21:17
2024-05-08,West,District9,0,4,0,0.0,18.41,32.2,62.5,2026-08-14 10:21:17
2024-05-08,West,District10,2,1,1,50.0,19.15,21.3,54.3,2026-08-14 10:21:17
2024-06-22,Adamawa,District1,0,4,0,0.0,18.72,23.3,72.1,2026-08-14 10:21:17
2024-06-22,Adamawa,District2,0,4,0,0.0,12.37,30.9,85.4,2026-08-14 10:21:17
2024-06-22,Adamawa,District3,2,3,0,0.0,14.16,31.9,85.1,2026-08-14 10:21:17
2024-06-22,Adamawa,District4,0,2,0,0.0,15.85,30.1,71.0,2026-08-14 10:21:17
2024-06-22,Adamawa,District5,0,2,0,0.0,15.76,31.2,71.8,2026-08-14 10:21:17
2024-06-22,Adamawa,District6,1,0,1,100.0,15.18,22.7,53.4,2026-08-14 10:21:17
2024-06-22,Adamawa,District7,0,2,0,0.0,5.98,27.4,60.9,2026-08-14 10:21:17
2024-06-22,Adamawa,District8,0,4,0,0.0,16.62,29.5,86.4,2026-08-14 10:21:17
2024-06-22,Adamawa,District9,1,4,0,0.0,17.21,24.5,65.7,2026-08-14 10:21:17
2024-06-22,Adamawa,District10,0,3,0,0.0,1.44,29.8,82.4,2026-08-14 10:21:17
2024-06-22,Centre,District1,0,1,0,0.0,10.6,34.0,56.7,2026-08-14 10:21:17
2024-06-22,Centre,District2,1,3,1,100.0,6.72,23.6,67.8,2026-08-14 10:21:17
2024-06-22,Centre,District3,0,5,0,0.0,12.41,21.0,78.7,2026-08-14 10:21:17
2024-06-22,Centre,District4,0,5,0,0.0,0.58,27.2,84.0,2026-08-14 10:21:17
2024-06-22,Centre,District5,2,0,0,0.0,15.61,26.7,87.1,2026-08-14 10:21:17
2024-06-22,Centre,District6,1,1,1,100.0,5.44,31.5,85.9,2026-08-14 10:21:17
2024-06-22,Centre,District7,0,0,0,0.0,3.32,28.5,62.7,2026-08-14 10:21:17
2024-06-22,Centre,District8,1,3,1,100.0,15.54,21.9,84.4,2026-08-14 10:21:17
2024-06-22,Centre,District9,0,0,0,0.0,1.52,32.4,81.5,2026-08-14 10:21:17
2024-06-22,Centre,District10,2,3,0,0.0,11.27,23.5,62.2,2026-08-14 10:21:17
2024-06-22,East,District1,0,2,0,0.0,4.08,28.6,71.8,2026-08-14 10:21:17
2024-06-22,East,District2,0,0,0,0.0,2.48,22.9,57.7,2026-08-14 10:21:17
2024-06-22,East,District3,2,2,0,0.0,3.38,25.6,86.2,2026-08-14 10:21:17
2024-06-22,East,District4,0,4,0,0.0,18.55,24.8,88.6,2026-08-14 10:21:17
2024-06-22,East,District5,0,3,0,0.0,11.49,30.6,85.3,2026-08-14 10:21:17
2024-06-22,East,District6,0,3,0,0.0,2.85,31.9,76.7,2026-08-14 10:21:17
2024-06-22,East,District7,1,4,0,0.0,15.7,34.9,57.5,2026-08-14 10:21:17
2024-06-22,East,District8,0,2,0,0.0,8.7,24.0,77.8,2026-08-14 10:21:17
2024-06-22,East,District9,0,4,0,0.0,3.27,27.3,77.9,2026-08-14 10:21:17
2024-06-22,East,District10,0,3,0,0.0,9.81,22.2,66.8,2026-08-14 10:21:17
2024-06-22,Far North,District1,0,5,0,0.0,7.27,25.2,67.6,2026-08-14 10:21:17
2024-06-22,Far North,District2,0,1,0,0.0,0.91,23.7,54.4,2026-08-14 10:21:17
2024-06-22,Far North,District3,3,2,1,33.33,0.89,26.0,85.9,2026-08-14 10:21:17
2024-06-22,Far North,District4,0,3,0,0.0,18.33,24.5,84.8,2026-08-14 10:21:17
2024-06-22,Far North,District5,0,2,0,0.0,14.32,28.0,82.4,2026-08-14 10:21:17
2024-06-22,Far North,District6,1,5,0,0.0,15.37,24.1,78.6,2026-08-14 10:21:17
2024-06-22,Far North,District7,0,4,0,0.0,3.98,23.9,86.5,2026-08-14 10:21:17
2024-06-22,Far North,District8,0,5,0,0.0,19.25,27.5,77.2,2026-08-14 10:21:17
2024-06-22,Far North,District9,0,1,0,0.0,8.89,29.9,85.5,2026-08-14 10:21:17
2024-06-22,Far North,District10,1,3,1,100.0,2.15,20.0,59.3,2026-08-14 10:21:17
2024-06-22,Littoral,District1,3,1,0,0.0,6.79,26.9,79.5,2026-08-14 10:21:17
2024-06-22,Littoral,District2,0,5,0,0.0,5.64,27.8,69.1,2026-08-14 10:21:17
2024-06-22,Littoral,District3,0,5,0,0.0,14.18,30.0,54.8,2026-08-14 10:21:17
2024-06-22,Littoral,District4,2,0,0,0.0,9.79,24.8,72.6,2026-08-14 10:21:17
2024-06-22,Littoral,District5,0,4,0,0.0,3.4,26.3,76.2,2026-08-14 10:21:17
2024-06-22,Littoral,District6,0,3,0,0.0,6.29,21.7,64.2,2026-08-14 10:21:17
2024-06-22,Littoral,District7,0,0,0,0.0,4.81,32.7,64.3,2026-08-14 10:21:17
2024-06-22,Littoral,District8,0,3,0,0.0,7.42,26.0,65.3,2026-08-14 10:21:17
2024-06-22,Littoral,District9,0,5,0,0.0,5.29,25.8,56.3,2026-08-14 10:21:17
2024-06-22,Littoral,District10,1,0,0,0.0,14.71,27.3,89.9,2026-08-14 10:21:17
2024-06-22,North,District1,0,4,0,0.0,0.26,21.0,76.8,2026-08-14 10:21:17
2024-06-22,North,District2,0,3,0,0.0,0.68,29.7,62.6,2026-08-14 10:21:17
2024-06-22,North,District3,1,4,1,100.0,5.4,26.2,70.1,2026-08-14 10:21:17
2024-06-22,North,District4,2,2,0,0.0,4.98,24.6,64.3,2026-08-14 10:21:17
2024-06-22,North,District5,1,2,0,0.0,0.46,33.0,71.2,2026-08-14 10:21:17
2024-06-22,North,District6,0,3,0,0.0,0.08,22.3,80.4,2026-08-14 10:21:17
2024-06-22,North,District7,0,2,0,0.0,17.9,26.5,74.1,2026-08-14 10:21:17
2024-06-22,North,District8,0,0,0,0.0,8.42,29.4,74.6,2026-08-14 10:21:17
2024-06-22,North,District9,1,1,1,100.0,2.85,26.1,82.6,2026-08-14 10:21:17
2024-06-22,North,District10,0,3,0,0.0,12.75,32.9,63.9,2026-08-14 10:21:17
2024-06-22,North-West,District1,1,0,1,100.0,0.27,26.1,72.9,2026-08-14 10:21:17
2024-06-22,North-West,District2,0,1,0,0.0,14.93,28.5,71.5,2026-08-14 10:21:17
2024-06-22,North-West,District3,0,3,0,0.0,4.86,27.4,57.5,2026-08-14 10:21:17
2024-06-22,North-West,District4,0,1,0,0.0,9.13,30.6,81.2,2026-08-14 10:21:17
2024-06-22,North-West,District5,2,0,1,50.0,12.01,34.3,73.1,2026-08-14 10:21:17
2024-06-22,North-West,District6,2,5,0,0.0,15.65,32.2,86.1,2026-08-14 10:21:17
2024-06-22,North-West,District7,0,4,0,0.0,11.44,24.0,61.9,2026-08-14 10:21:17
2024-06-22,North-West,District8,1,5,0,0.0,12.92,29.7,58.9,2026-08-14 10:21:17
2024-06-22,North-West,District9,0,2,0,0.0,7.6,26.6,76.6,2026-08-14 10:21:17
2024-06-22,North-West,District10,0,5,0,0.0,7.78,25.8,69.8,2026-08-14 10:21:17
2024-06-22,South,District1,1,4,0,0.0,14.1,28.5,87.8,2026-08-14 10:21:17
2024-06-22,South,District2,0,4,0,0.0,15.01,27.1,73.6,2026-08-14 10:21:17
2024-06-22,South,District3,0,0,0,0.0,5.89,25.2,58.2,2026-08-14 10:21:17
2024-06-22,South,District4,0,0,0,0.0,10.86,20.4,61.0,2026-08-14 10:21:17
2024-06-22,South,District5,0,5,0,0.0,18.43,32.5,65.4,2026-08-14 10:21:17
2024-06-22,South,District6,0,3,0,0.0,17.88,32.3,57.7,2026-08-14 10:21:17
2024-06-22,South,District7,0,0,0,0.0,17.39,30.1,73.2,2026-08-14 10:21:17
2024-06-22,South,District8,0,5,0,0.0,14.16,34.5,77.7,2026-08-14 10:21:17
2024-06-22,South,District9,2,3,0,0.0,19.21,21.1,73.9,2026-08-14 10:21:17
2024-06-22,South,District10,1,2,1,100.0,15.21,34.1,85.9,2026-08-14 10:21:17
2024-06-22,South-West,District1,0,2,0,0.0,2.05,20.9,80.9,2026-08-14 10:21:17
2024-06-22,South-West,District2,3,3,1,33.33,18.5,25.1,67.5,2026-08-14 10:21:17
2024-06-22,South-West,District3,0,2,0,0.0,16.38,34.5,75.5,2026-08-14 10:21:17
2024-06-22,South-West,District4,0,3,0,0.0,5.07,22.9,58.5,2026-08-14 10:21:17
2024-06-22,South-West,District5,1,3,1,100.0,0.3,33.1,62.1,2026-08-14 10:21:17
2024-06-22,South-West,District6,0,3,0,0.0,9.45,27.2,84.4,2026-08-14 10:21:17
2024-06-22,South-West,District7,0,0,0,0.0,6.16,28.3,63.6,2026-08-14 10:21:17
2024-06-22,South-West,District8,0,2,0,0.0,2.88,32.8,74.7,2026-08-14 10:21:17
2024-06-22,South-West,District9,0,1,0,0.0,1.19,25.7,65.3,2026-08-14 10:21:17
2024-06-22,South-West,District10,0,2,0,0.0,7.58,21.8,68.3,2026-08-14 10:21:17
2024-06-22,West,District1,0,0,0,0.0,9.51,34.4,74.5,2026-08-14 10:21:17
2024-06-22,West,District2,0,3,0,0.0,3.9,33.8,81.7,2026-08-14 10:21:17
2024-06-22,West,District3,1,2,0,0.0,12.57,22.4,71.2,2026-08-14 10:21:17
2024-06-22,West,District4,1,4,0,0.0,7.66,33.6,50.8,2026-08-14 10:21:17
2024-06-22,West,District5,1,2,1,100.0,13.31,32.9,69.0,2026-08-14 10:21:17
2024-06-22,West,District6,0,1,0,0.0,17.35,28.5,56.0,2026-08-14 10:21:17
2024-06-22,West,District7,0,0,0,0.0,5.73,23.2,65.3,2026-08-14 10:21:17
2024-06-22,West,District8,0,5,0,0.0,17.02,32.3,54.8,2026-08-14 10:21:17
2024-06-22,West,District9,0,1,0,0.0,7.6,20.7,56.2,2026-08-14 10:21:17
2024-06-22,West,District10,0,4,0,0.0,18.93,28.1,57.8,2026-08-14 10:21:17
2024-06-20,Adamawa,District1,2,0,0,0.0,9.47,22.4,64.5,2026-08-14 10:21:17
2024-06-20,Adamawa,District2,0,3,0,0.0,1.33,21.5,86.7,2026-08-14 10:21:17
2024-06-20,Adamawa,District3,1,3,1,100.0,16.41,31.2,78.7,2026-08-14 10:21:17
2024-06-20,Adamawa,District4,0,4,0,0.0,13.98,21.2,74.2,2026-08-14 10:21:17
2024-06-20,Adamawa,District5,0,3,0,0.0,18.58,34.9,77.7,2026-08-14 10:21:17
2024-06-20,Adamawa,District6,0,3,0,0.0,14.15,23.3,75.1,2026-08-14 10:21:17
2024-06-20,Adamawa,District7,0,1,0,0.0,13.5,22.5,80.2,2026-08-14 10:21:17
2024-06-20,Adamawa,District8,0,0,0,0.0,0.4,31.6,73.9,2026-08-14 10:21:17
2024-06-20,Adamawa,District9,2,5,0,0.0,17.91,27.7,70.9,2026-08-14 10:21:17
2024-06-20,Adamawa,District10,0,0,0,0.0,16.43,24.3,57.3,2026-08-14 10:21:17
2024-06-20,Centre,District1,2,2,0,0.0,8.02,31.6,63.6,2026-08-14 10:21:17
2024-06-20,Centre,District2,2,5,1,50.0,19.2,25.4,52.3,2026-08-14 10:21:17
2024-06-20,Centre,District3,0,0,0,0.0,7.96,25.7,80.1,2026-08-14 10:21:17
2024-06-20,Centre,District4,0,5,0,0.0,14.39,23.6,85.5,2026-08-14 10:21:17
2024-06-20,Centre,District5,1,2,0,0.0,3.44,33.0,57.4,2026-08-14 10:21:17
2024-06-20,Centre,District6,3,1,0,0.0,11.4,29.8,63.2,2026-08-14 10:21:17
2024-06-20,Centre,District7,1,3,1,100.0,11.63,30.9,88.8,2026-08-14 10:21:17
2024-06-20,Centre,District8,0,4,0,0.0,8.76,26.5,75.2,2026-08-14 10:21:17
2024-06-20,Centre,District9,2,0,1,50.0,19.03,29.1,84.7,2026-08-14 10:21:17
2024-06-20,Centre,District10,2,5,1,50.0,12.7,21.1,57.2,2026-08-14 10:21:17
2024-06-20,East,District1,0,1,0,0.0,17.07,24.5,56.5,2026-08-14 10:21:17
2024-06-20,East,District2,0,4,0,0.0,2.46,23.2,55.9,2026-08-14 10:21:17
2024-06-20,East,District3,0,3,0,0.0,1.77,32.6,63.2,2026-08-14 10:21:17
2024-06-20,East,District4,0,3,0,0.0,16.5,25.8,81.6,2026-08-14 10:21:17
2024-06-20,East,District5,0,0,0,0.0,2.02,24.0,86.0,2026-08-14 10:21:17
2024-06-20,East,District6,0,2,0,0.0,15.43,21.7,63.9,2026-08-14 10:21:17
2024-06-20,East,District7,1,4,1,100.0,3.72,30.9,52.5,2026-08-14 10:21:17
2024-06-20,East,District8,0,4,0,0.0,9.53,25.1,76.8,2026-08-14 10:21:17
2024-06-20,East,District9,0,1,0,0.0,6.67,25.5,75.8,2026-08-14 10:21:17
2024-06-20,East,District10,0,0,0,0.0,3.12,24.5,51.5,2026-08-14 10:21:17
2024-06-20,Far North,District1,3,1,1,33.33,2.89,24.1,66.8,2026-08-14 10:21:17
2024-06-20,Far North,District2,0,5,0,0.0,8.29,29.5,85.2,2026-08-14 10:21:17
2024-06-20,Far North,District3,0,5,0,0.0,7.9,26.5,77.0,2026-08-14 10:21:17
2024-06-20,Far North,District4,3,2,1,33.33,0.69,21.8,69.2,2026-08-14 10:21:17
2024-06-20,Far North,District5,3,4,0,0.0,2.7,24.9,88.4,2026-08-14 10:21:17
2024-06-20,Far North,District6,1,4,0,0.0,7.08,34.5,70.3,2026-08-14 10:21:17
2024-06-20,Far North,District7,2,3,0,0.0,19.41,30.3,63.1,2026-08-14 10:21:17
2024-06-20,Far North,District8,0,5,0,0.0,13.93,22.3,85.9,2026-08-14 10:21:17
2024-06-20,Far North,District9,0,5,0,0.0,2.49,24.5,61.4,2026-08-14 10:21:17
2024-06-20,Far North,District10,0,0,0,0.0,14.63,21.4,89.5,2026-08-14 10:21:17
2024-06-20,Littoral,District1,1,3,1,100.0,9.77,33.3,52.1,2026-08-14 10:21:17
2024-06-20,Littoral,District2,0,2,0,0.0,19.78,32.8,75.8,2026-08-14 10:21:17
2024-06-20,Littoral,District3,0,2,0,0.0,13.0,32.9,56.5,2026-08-14 10:21:17
2024-06-20,Littoral,District4,0,4,0,0.0,19.43,29.1,80.1,2026-08-14 10:21:17
2024-06-20,Littoral,District5,0,4,0,0.0,4.39,30.9,72.0,2026-08-14 10:21:17
2024-06-20,Littoral,District6,0,1,0,0.0,12.35,20.6,75.2,2026-08-14 10:21:17
2024-06-20,Littoral,District7,1,0,1,100.0,2.09,30.1,50.0,2026-08-14 10:21:17
2024-06-20,Littoral,District8,0,4,0,0.0,17.41,34.2,59.5,2026-08-14 10:21:17
2024-06-20,Littoral,District9,0,2,0,0.0,16.21,32.0,70.7,2026-08-14 10:21:17
2024-06-20,Littoral,District10,0,4,0,0.0,11.63,32.4,60.6,2026-08-14 10:21:17
2024-06-20,North,District1,0,0,0,0.0,16.56,23.5,75.3,2026-08-14 10:21:17
2024-06-20,North,District2,1,2,0,0.0,14.15,22.7,71.2,2026-08-14 10:21:17
2024-06-20,North,District3,0,0,0,0.0,6.37,26.2,66.4,2026-08-14 10:21:17
2024-06-20,North,District4,0,1,0,0.0,0.39,21.3,66.4,2026-08-14 10:21:17
2024-06-20,North,District5,0,1,0,0.0,0.74,27.0,60.2,2026-08-14 10:21:17
2024-06-20,North,District6,0,5,0,0.0,18.42,33.4,74.4,2026-08-14 10:21:17
2024-06-20,North,District7,0,0,0,0.0,15.58,31.7,61.8,2026-08-14 10:21:17
2024-06-20,North,District8,0,5,0,0.0,3.08,26.0,66.7,2026-08-14 10:21:17
2024-06-20,North,District9,0,3,0,0.0,12.0,33.5,65.2,2026-08-14 10:21:17
2024-06-20,North,District10,3,5,0,0.0,8.35,20.9,77.9,2026-08-14 10:21:17
2024-06-20,North-West,District1,1,4,0,0.0,19.49,23.8,76.7,2026-08-14 10:21:17
2024-06-20,North-West,District2,0,4,0,0.0,19.58,22.0,83.0,2026-08-14 10:21:17
2024-06-20,North-West,District3,0,1,0,0.0,18.34,23.7,56.1,2026-08-14 10:21:17
2024-06-20,North-West,District4,0,4,0,0.0,4.44,33.6,71.3,2026-08-14 10:21:17
2024-06-20,North-West,District5,0,5,0,0.0,10.73,30.7,85.5,2026-08-14 10:21:17
2024-06-20,North-West,District6,1,0,0,0.0,2.55,34.8,60.6,2026-08-14 10:21:17
2024-06-20,North-West,District7,0,3,0,0.0,17.58,29.1,75.0,2026-08-14 10:21:17
2024-06-20,North-West,District8,0,3,0,0.0,9.94,22.9,74.9,2026-08-14 10:21:17
2024-06-20,North-West,District9,0,3,0,0.0,19.93,21.8,58.9,2026-08-14 10:21:17
2024-06-20,North-West,District10,0,3,0,0.0,2.69,29.2,67.2,2026-08-14 10:21:17
2024-06-20,South,District1,1,1,1,100.0,8.87,20.3,87.6,2026-08-14 10:21:17
2024-06-20,South,District2,0,0,0,0.0,9.33,31.6,65.9,2026-08-14 10:21:17
2024-06-20,South,District3,3,5,0,0.0,1.65,21.5,74.2,2026-08-14 10:21:17
2024-06-20,South,District4,1,2,0,0.0,7.53,26.9,54.4,2026-08-14 10:21:17
2024-06-20,South,District5,0,0,0,0.0,15.14,32.9,71.5,2026-08-14 10:21:17
2024-06-20,South,District6,0,3,0,0.0,1.87,27.7,72.6,2026-08-14 10:21:17
2024-06-20,South,District7,0,3,0,0.0,13.52,21.8,85.9,2026-08-14 10:21:17
2024-06-20,South,District8,0,4,0,0.0,14.85,22.0,80.3,2026-08-14 10:21:17
2024-06-20,South,District9,1,0,0,0.0,18.21,23.3,58.6,2026-08-14 10:21:17
2024-06-20,South,District10,2,5,0,0.0,12.02,22.0,85.9,2026-08-14 10:21:17
2024-06-20,South-West,District1,2,0,0,0.0,0.09,26.6,58.5,2026-08-14 10:21:17
2024-06-20,South-West,District2,0,5,0,0.0,16.06,22.5,73.9,2026-08-14 10:21:17
2024-06-20,South-West,District3,0,0,0,0.0,10.65,26.8,71.3,2026-08-14 10:21:17
2024-06-20,South-West,District4,0,2,0,0.0,9.21,21.5,69.0,2026-08-14 10:21:17
2024-06-20,South-West,District5,1,0,1,100.0,6.3,34.7,52.0,2026-08-14 10:21:17
2024-06-20,South-West,District6,0,5,0,0.0,11.09,21.6,81.1,2026-08-14 10:21:17
2024-06-20,South-West,District7,0,5,0,0.0,19.0,22.6,52.4,2026-08-14 10:21:17
2024-06-20,South-West,District8,0,2,0,0.0,19.15,23.2,82.2,2026-08-14 10:21:17
2024-06-20,South-West,District9,3,1,1,33.33,18.78,29.7,80.7,2026-08-14 10:21:17
2024-06-20,South-West,District10,0,1,0,0.0,19.43,20.5,64.0,2026-08-14 10:21:17
2024-06-20,West,District1,0,3,0,0.0,16.26,20.8,71.6,2026-08-14 10:21:17
2024-06-20,West,District2,3,2,1,33.33,19.02,34.2,80.4,2026-08-14 10:21:17
2024-06-20,West,District3,0,3,0,0.0,3.0,20.4,67.5,2026-08-14 10:21:17
2024-06-20,West,District4,1,0,1,100.0,3.22,22.2,77.8,2026-08-14 10:21:17
2024-06-20,West,District5,2,2,1,50.0,18.44,29.0,88.4,2026-08-14 10:21:17
2024-06-20,West,District6,0,2,0,0.0,17.59,31.8,55.5,2026-08-14 10:21:17
2024-06-20,West,District7,0,2,0,0.0,18.04,26.1,60.7,2026-08-14 10:21:17
2024-06-20,West,District8,1,5,1,100.0,3.75,30.8,88.7,2026-08-14 10:21:17
2024-06-20,West,District9,0,2,0,0.0,11.65,24.7,78.4,2026-08-14 10:21:17
2024-06-20,West,District10,0,4,0,0.0,11.18,29.6,84.6,2026-08-14 10:21:17
2024-06-06,Adamawa,District1,0,5,0,0.0,14.33,33.3,89.6,2026-08-14 10:21:17
2024-06-06,Adamawa,District2,0,4,0,0.0,8.51,20.1,70.4,2026-08-14 10:21:17
2024-06-06,Adamawa,District3,1,5,1,100.0,3.61,30.8,65.8,2026-08-14 10:21:17
2024-06-06,Adamawa,District4,0,5,0,0.0,8.55,27.1,70.0,2026-08-14 10:21:17
2024-06-06,Adamawa,District5,0,5,0,0.0,14.1,27.4,87.3,2026-08-14 10:21:17
2024-06-06,Adamawa,District6,0,2,0,0.0,14.9,31.4,74.9,2026-08-14 10:21:17
2024-06-06,Adamawa,District7,0,5,0,0.0,4.96,26.4,57.5,2026-08-14 10:21:17
2024-06-06,Adamawa,District8,0,4,0,0.0,8.26,23.5,61.8,2026-08-14 10:21:17
2024-06-06,Adamawa,District9,2,1,1,50.0,14.5,30.3,77.5,2026-08-14 10:21:17
2024-06-06,Adamawa,District10,0,4,0,0.0,19.98,34.8,82.1,2026-08-14 10:21:17
2024-06-06,Centre,District1,0,4,0,0.0,17.97,22.8,55.1,2026-08-14 10:21:17
2024-06-06,Centre,District2,0,3,0,0.0,6.35,28.8,89.9,2026-08-14 10:21:17
2024-06-06,Centre,District3,0,4,0,0.0,12.61,33.3,77.2,2026-08-14 10:21:17
2024-06-06,Centre,District4,1,5,1,100.0,5.49,32.9,51.2,2026-08-14 10:21:17
2024-06-06,Centre,District5,0,3,0,0.0,12.25,27.3,67.2,2026-08-14 10:21:17
2024-06-06,Centre,District6,0,0,0,0.0,19.62,25.5,69.3,2026-08-14 10:21:17
2024-06-06,Centre,District7,3,1,0,0.0,16.12,21.5,53.0,2026-08-14 10:21:17
2024-06-06,Centre,District8,0,3,0,0.0,14.15,27.0,86.7,2026-08-14 10:21:17
2024-06-06,Centre,District9,2,2,1,50.0,5.88,27.7,60.1,2026-08-14 10:21:17
2024-06-06,Centre,District10,2,4,1,50.0,6.67,27.9,82.9,2026-08-14 10:21:17
2024-06-06,East,District1,0,5,0,0.0,3.33,24.9,86.6,2026-08-14 10:21:17
2024-06-06,East,District2,1,2,1,100.0,14.42,28.2,58.4,2026-08-14 10:21:17
2024-06-06,East,District3,0,0,0,0.0,12.44,26.1,82.6,2026-08-14 10:21:17
2024-06-06,East,District4,2,2,0,0.0,19.28,34.2,50.1,2026-08-14 10:21:17
2024-06-06,East,District5,0,0,0,0.0,12.97,33.6,76.9,2026-08-14 10:21:17
2024-06-06,East,District6,3,0,0,0.0,9.38,32.0,80.1,2026-08-14 10:21:17
2024-06-06,East,District7,0,2,0,0.0,16.79,29.4,55.5,2026-08-14 10:21:17
2024-06-06,East,District8,2,4,1,50.0,4.27,20.5,73.5,2026-08-14 10:21:17
2024-06-06,East,District9,1,3,1,100.0,11.64,20.6,69.1,2026-08-14 10:21:17
2024-06-06,East,District10,0,3,0,0.0,8.74,32.6,53.8,2026-08-14 10:21:17
2024-06-06,Far North,District1,0,1,0,0.0,6.35,20.7,51.6,2026-08-14 10:21:17
2024-06-06,Far North,District2,1,4,0,0.0,10.31,23.8,55.9,2026-08-14 10:21:17
2024-06-06,Far North,District3,0,2,0,0.0,4.71,28.8,85.8,2026-08-14 10:21:17
2024-06-06,Far North,District4,0,2,0,0.0,7.18,32.6,76.8,2026-08-14 10:21:17
2024-06-06,Far North,District5,0,5,0,0.0,8.52,21.3,51.8,2026-08-14 10:21:17
2024-06-06,Far North,District6,0,5,0,0.0,19.23,25.5,66.0,2026-08-14 10:21:17
2024-06-06,Far North,District7,0,1,0,0.0,19.53,21.3,78.6,2026-08-14 10:21:17
2024-06-06,Far North,District8,0,4,0,0.0,16.37,29.8,80.2,2026-08-14 10:21:17
2024-06-06,Far North,District9,0,4,0,0.0,2.55,30.0,70.1,2026-08-14 10:21:17
2024-06-06,Far North,District10,0,0,0,0.0,5.67,33.7,59.5,2026-08-14 10:21:17
2024-06-06,Littoral,District1,2,2,1,50.0,12.78,25.8,86.6,2026-08-14 10:21:17
2024-06-06,Littoral,District2,0,2,0,0.0,4.72,20.9,75.4,2026-08-14 10:21:17
2024-06-06,Littoral,District3,1,1,1,100.0,19.27,20.3,82.5,2026-08-14 10:21:17
2024-06-06,Littoral,District4,0,1,0,0.0,5.32,22.3,56.5,2026-08-14 10:21:17
2024-06-06,Littoral,District5,0,1,0,0.0,12.43,32.5,73.4,2026-08-14 10:21:17
2024-06-06,Littoral,District6,0,3,0,0.0,9.02,24.2,60.1,2026-08-14 10:21:17
2024-06-06,Littoral,District7,0,3,0,0.0,11.84,30.4,79.9,2026-08-14 10:21:17
2024-06-06,Littoral,District8,0,4,0,0.0,19.63,25.8,63.0,2026-08-14 10:21:17
2024-06-06,Littoral,District9,0,2,0,0.0,1.52,22.8,65.3,2026-08-14 10:21:17
2024-06-06,Littoral,District10,3,1,0,0.0,17.39,25.7,54.5,2026-08-14 10:21:17
2024-06-06,North,District1,0,0,0,0.0,0.26,32.7,63.1,2026-08-14 10:21:17
2024-06-06,North,District2,0,5,0,0.0,16.93,26.2,67.5,2026-08-14 10:21:17
2024-06-06,North,District3,0,4,0,0.0,9.15,22.6,78.3,2026-08-14 10:21:17
2024-06-06,North,District4,3,2,0,0.0,16.76,21.7,51.0,2026-08-14 10:21:17
2024-06-06,North,District5,0,0,0,0.0,16.17,28.1,52.8,2026-08-14 10:21:17
2024-06-06,North,District6,0,1,0,0.0,4.0,23.1,81.7,2026-08-14 10:21:17
2024-06-06,North,District7,0,2,0,0.0,7.48,23.6,70.0,2026-08-14 10:21:17
2024-06-06,North,District8,0,0,0,0.0,9.72,24.2,84.6,2026-08-14 10:21:17
2024-06-06,North,District9,2,4,1,50.0,4.5,23.1,81.4,2026-08-14 10:21:17
2024-06-06,North,District10,0,1,0,0.0,1.22,25.7,61.4,2026-08-14 10:21:17
2024-06-06,North-West,District1,0,5,0,0.0,5.24,30.8,59.5,2026-08-14 10:21:17
2024-06-06,North-West,District2,0,0,0,0.0,1.86,29.6,58.4,2026-08-14 10:21:17
2024-06-06,North-West,District3,1,1,1,100.0,6.25,34.5,85.6,2026-08-14 10:21:17
2024-06-06,North-West,District4,0,2,0,0.0,2.3,34.7,54.3,2026-08-14 10:21:17
2024-06-06,North-West,District5,2,0,0,0.0,12.87,26.2,62.2,2026-08-14 10:21:17
2024-06-06,North-West,District6,2,2,0,0.0,8.75,27.2,83.2,2026-08-14 10:21:17
2024-06-06,North-West,District7,0,1,0,0.0,16.11,24.8,81.8,2026-08-14 10:21:17
2024-06-06,North-West,District8,2,2,1,50.0,11.64,20.5,70.8,2026-08-14 10:21:17
2024-06-06,North-West,District9,2,5,1,50.0,2.94,27.7,54.0,2026-08-14 10:21:17
2024-06-06,North-West,District10,0,2,0,0.0,18.85,22.7,86.3,2026-08-14 10:21:17
2024-06-06,South,District1,0,4,0,0.0,12.24,21.7,61.2,2026-08-14 10:21:17
2024-06-06,South,District2,0,2,0,0.0,2.47,25.1,68.7,2026-08-14 10:21:17
2024-06-06,South,District3,0,2,0,0.0,1.74,30.4,85.6,2026-08-14 10:21:17
2024-06-06,South,District4,0,2,0,0.0,1.97,25.9,60.6,2026-08-14 10:21:17
2024-06-06,South,District5,1,1,1,100.0,13.82,24.1,57.2,2026-08-14 10:21:17
2024-06-06,South,District6,0,3,0,0.0,13.37,22.1,83.9,2026-08-14 10:21:17
2024-06-06,South,District7,1,0,1,100.0,4.31,20.2,85.0,2026-08-14 10:21:17
2024-06-06,South,District8,1,0,1,100.0,3.7,32.5,67.3,2026-08-14 10:21:17
2024-06-06,South,District9,0,5,0,0.0,18.55,34.0,53.4,2026-08-14 10:21:17
2024-06-06,South,District10,0,5,0,0.0,8.02,34.1,85.0,2026-08-14 10:21:17
2024-06-06,South-West,District1,3,0,1,33.33,18.06,23.6,51.3,2026-08-14 10:21:17
2024-06-06,South-West,District2,0,2,0,0.0,16.4,27.8,80.8,2026-08-14 10:21:17
2024-06-06,South-West,District3,1,1,1,100.0,2.88,28.3,51.1,2026-08-14 10:21:17
2024-06-06,South-West,District4,0,4,0,0.0,6.83,23.3,70.4,2026-08-14 10:21:17
2024-06-06,South-West,District5,0,0,0,0.0,13.02,27.1,69.9,2026-08-14 10:21:17
2024-06-06,South-West,District6,0,3,0,0.0,13.06,34.0,88.5,2026-08-14 10:21:17
2024-06-06,South-West,District7,0,4,0,0.0,7.19,24.6,84.1,2026-08-14 10:21:17
2024-06-06,South-West,District8,0,3,0,0.0,16.79,31.2,54.8,2026-08-14 10:21:17
2024-06-06,South-West,District9,0,3,0,0.0,16.99,20.2,73.3,2026-08-14 10:21:17
2024-06-06,South-West,District10,0,3,0,0.0,2.94,30.3,61.2,2026-08-14 10:21:17
2024-06-06,West,District1,0,3,0,0.0,6.14,23.0,75.0,2026-08-14 10:21:17
2024-06-06,West,District2,0,4,0,0.0,2.66,30.2,87.0,2026-08-14 10:21:17
2024-06-06,West,District3,0,3,0,0.0,8.37,30.2,80.3,2026-08-14 10:21:17
2024-06-06,West,District4,0,2,0,0.0,7.53,24.1,88.0,2026-08-14 10:21:17
2024-06-06,West,District5,0,1,0,0.0,17.29,23.0,85.9,2026-08-14 10:21:17
2024-06-06,West,District6,3,2,0,0.0,11.9,20.9,56.3,2026-08-14 10:21:17
2024-06-06,West,District7,0,4,0,0.0,15.38,25.4,67.5,2026-08-14 10:21:17
2024-06-06,West,District8,0,5,0,0.0,7.87,21.8,70.4,2026-08-14 10:21:17
2024-06-06,West,District9,0,3,0,0.0,11.82,29.4,65.1,2026-08-14 10:21:17
2024-06-06,West,District10,0,5,0,0.0,9.22,29.1,69.2,2026-08-14 10:21:17
2024-06-10,Adamawa,District1,2,4,0,0.0,17.8,23.4,53.4,2026-08-14 10:21:17
2024-06-10,Adamawa,District2,0,0,0,0.0,1.08,24.2,50.3,2026-08-14 10:21:17
2024-06-10,Adamawa,District3,0,4,0,0.0,9.37,23.0,80.4,2026-08-14 10:21:17
2024-06-10,Adamawa,District4,0,1,0,0.0,6.97,20.7,57.7,2026-08-14 10:21:17
2024-06-10,Adamawa,District5,0,4,0,0.0,5.08,24.0,59.8,2026-08-14 10:21:17
2024-06-10,Adamawa,District6,1,0,1,100.0,0.69,26.4,61.8,2026-08-14 10:21:17
2024-06-10,Adamawa,District7,0,5,0,0.0,7.28,26.6,76.4,2026-08-14 10:21:17
2024-06-10,Adamawa,District8,0,0,0,0.0,6.91,27.9,84.9,2026-08-14 10:21:17
2024-06-10,Adamawa,District9,0,5,0,0.0,17.84,22.9,74.0,2026-08-14 10:21:17
2024-06-10,Adamawa,District10,0,2,0,0.0,19.83,32.1,82.8,2026-08-14 10:21:17
2024-06-10,Centre,District1,1,3,1,100.0,17.58,24.4,77.7,2026-08-14 10:21:17
2024-06-10,Centre,District2,0,0,0,0.0,10.92,24.6,59.9,2026-08-14 10:21:17
2024-06-10,Centre,District3,2,5,0,0.0,3.56,29.1,77.5,2026-08-14 10:21:17
2024-06-10,Centre,District4,1,4,1,100.0,10.61,30.1,56.5,2026-08-14 10:21:17
2024-06-10,Centre,District5,2,2,0,0.0,18.29,32.8,86.7,2026-08-14 10:21:17
2024-06-10,Centre,District6,0,4,0,0.0,7.86,23.6,65.3,2026-08-14 10:21:17
2024-06-10,Centre,District7,0,0,0,0.0,2.75,20.2,72.3,2026-08-14 10:21:17
2024-06-10,Centre,District8,0,4,0,0.0,1.78,22.1,84.9,2026-08-14 10:21:17
2024-06-10,Centre,District9,1,1,1,100.0,1.59,23.0,55.6,2026-08-14 10:21:17
2024-06-10,Centre,District10,2,5,0,0.0,9.86,20.5,84.1,2026-08-14 10:21:17
2024-06-10,East,District1,0,0,0,0.0,17.93,34.1,57.9,2026-08-14 10:21:17
2024-06-10,East,District2,0,5,0,0.0,10.6,28.2,61.0,2026-08-14 10:21:17
2024-06-10,East,District3,2,2,0,0.0,1.05,21.8,77.9,2026-08-14 10:21:17
2024-06-10,East,District4,1,0,0,0.0,15.72,24.8,86.1,2026-08-14 10:21:17
2024-06-10,East,District5,0,0,0,0.0,7.13,24.3,81.3,2026-08-14 10:21:17
2024-06-10,East,District6,3,5,0,0.0,19.08,25.7,55.6,2026-08-14 10:21:17
2024-06-10,East,District7,0,4,0,0.0,5.96,24.6,70.4,2026-08-14 10:21:17
2024-06-10,East,District8,0,2,0,0.0,14.61,27.8,76.7,2026-08-14 10:21:17
2024-06-10,East,District9,0,4,0,0.0,12.96,27.4,74.8,2026-08-14 10:21:17
2024-06-10,East,District10,0,3,0,0.0,15.73,25.1,68.8,2026-08-14 10:21:17
2024-06-10,Far North,District1,0,3,0,0.0,13.72,25.6,83.0,2026-08-14 10:21:17
2024-06-10,Far North,District2,0,1,0,0.0,1.52,30.2,54.8,2026-08-14 10:21:17
2024-06-10,Far North,District3,0,1,0,0.0,8.08,27.3,73.1,2026-08-14 10:21:17
2024-06-10,Far North,District4,1,5,1,100.0,16.16,24.4,57.8,2026-08-14 10:21:17
2024-06-10,Far North,District5,0,5,0,0.0,9.92,26.7,59.3,2026-08-14 10:21:17
2024-06-10,Far North,District6,0,3,0,0.0,3.22,23.8,83.5,2026-08-14 10:21:17
2024-06-10,Far North,District7,0,3,0,0.0,17.66,32.1,86.5,2026-08-14 10:21:17
2024-06-10,Far North,District8,0,4,0,0.0,2.56,30.6,87.7,2026-08-14 10:21:17
2024-06-10,Far North,District9,0,2,0,0.0,18.46,23.0,77.7,2026-08-14 10:21:17
2024-06-10,Far North,District10,0,2,0,0.0,14.07,31.9,52.8,2026-08-14 10:21:17
2024-06-10,Littoral,District1,2,3,0,0.0,4.47,28.8,85.7,2026-08-14 10:21:17
2024-06-10,Littoral,District2,0,4,0,0.0,19.83,26.5,65.9,2026-08-14 10:21:17
2024-06-10,Littoral,District3,0,3,0,0.0,13.99,24.0,73.0,2026-08-14 10:21:17
2024-06-10,Littoral,District4,0,4,0,0.0,3.11,20.4,68.5,2026-08-14 10:21:17
2024-06-10,Littoral,District5,0,1,0,0.0,1.11,20.4,76.3,2026-08-14 10:21:17
2024-06-10,Littoral,District6,0,3,0,0.0,17.14,21.8,85.3,2026-08-14 10:21:17
2024-06-10,Littoral,District7,0,2,0,0.0,7.52,34.8,71.5,2026-08-14 10:21:17
2024-06-10,Littoral,District8,0,3,0,0.0,6.53,20.5,67.1,2026-08-14 10:21:17
2024-06-10,Littoral,District9,2,0,1,50.0,14.81,33.6,51.4,2026-08-14 10:21:17
2024-06-10,Littoral,District10,0,1,0,0.0,8.98,32.3,62.3,2026-08-14 10:21:17
2024-06-10,North,District1,0,2,0,0.0,10.43,28.9,83.8,2026-08-14 10:21:17
2024-06-10,North,District2,3,2,0,0.0,13.61,33.7,67.5,2026-08-14 10:21:17
2024-06-10,North,District3,0,5,0,0.0,12.47,21.9,52.6,2026-08-14 10:21:17
2024-06-10,North,District4,0,1,0,0.0,11.03,20.6,59.3,2026-08-14 10:21:17
2024-06-10,North,District5,2,0,0,0.0,11.29,23.1,70.3,2026-08-14 10:21:17
2024-06-10,North,District6,1,2,0,0.0,11.48,33.5,71.7,2026-08-14 10:21:17
2024-06-10,North,District7,0,5,0,0.0,14.69,24.7,79.4,2026-08-14 10:21:17
2024-06-10,North,District8,3,5,1,33.33,1.93,26.0,53.3,2026-08-14 10:21:17
2024-06-10,North,District9,0,4,0,0.0,10.36,23.5,67.4,2026-08-14 10:21:17
2024-06-10,North,District10,0,1,0,0.0,12.85,22.6,74.9,2026-08-14 10:21:17
2024-06-10,North-West,District1,0,0,0,0.0,15.59,34.3,58.1,2026-08-14 10:21:17
2024-06-10,North-West,District2,0,5,0,0.0,11.15,20.5,74.3,2026-08-14 10:21:17
2024-06-10,North-West,District3,0,0,0,0.0,14.98,34.4,54.5,2026-08-14 10:21:17
2024-06-10,North-West,District4,2,3,0,0.0,6.78,22.5,61.6,2026-08-14 10:21:17
2024-06-10,North-West,District5,2,0,0,0.0,5.2,30.9,55.3,2026-08-14 10:21:17
2024-06-10,North-West,District6,0,3,0,0.0,12.26,21.9,82.1,2026-08-14 10:21:17
2024-06-10,North-West,District7,0,4,0,0.0,5.12,30.6,69.0,2026-08-14 10:21:17
2024-06-10,North-West,District8,0,3,0,0.0,8.74,32.0,77.1,2026-08-14 10:21:17
2024-06-10,North-West,District9,0,5,0,0.0,12.37,22.7,88.5,2026-08-14 10:21:17
2024-06-10,North-West,District10,0,1,0,0.0,0.98,34.7,70.4,2026-08-14 10:21:17
2024-06-10,South,District1,2,1,0,0.0,10.07,27.0,57.7,2026-08-14 10:21:17
2024-06-10,South,District2,0,1,0,0.0,5.09,22.6,61.1,2026-08-14 10:21:17
2024-06-10,South,District3,0,3,0,0.0,18.23,22.6,70.1,2026-08-14 10:21:17
2024-06-10,South,District4,0,2,0,0.0,10.14,34.6,53.2,2026-08-14 10:21:17
2024-06-10,South,District5,1,0,1,100.0,18.39,24.7,77.4,2026-08-14 10:21:17
2024-06-10,South,District6,0,5,0,0.0,17.85,30.4,87.9,2026-08-14 10:21:17
2024-06-10,South,District7,0,0,0,0.0,9.36,26.3,59.1,2026-08-14 10:21:17
2024-06-10,South,District8,0,4,0,0.0,13.0,24.9,80.7,2026-08-14 10:21:17
2024-06-10,South,District9,0,3,0,0.0,18.45,22.5,58.9,2026-08-14 10:21:17
2024-06-10,South,District10,0,0,0,0.0,7.73,20.0,52.5,2026-08-14 10:21:17
2024-06-10,South-West,District1,0,2,0,0.0,6.55,34.6,50.7,2026-08-14 10:21:17
2024-06-10,South-West,District2,1,5,1,100.0,6.88,24.1,79.5,2026-08-14 10:21:17
2024-06-10,South-West,District3,0,1,0,0.0,15.04,27.1,61.4,2026-08-14 10:21:17
2024-06-10,South-West,District4,1,1,0,0.0,11.96,21.5,83.9,2026-08-14 10:21:17
2024-06-10,South-West,District5,0,5,0,0.0,7.99,24.0,89.3,2026-08-14 10:21:17
2024-06-10,South-West,District6,0,2,0,0.0,0.55,33.2,52.0,2026-08-14 10:21:17
2024-06-10,South-West,District7,0,2,0,0.0,14.68,21.7,87.8,2026-08-14 10:21:17
2024-06-10,South-West,District8,0,3,0,0.0,19.95,34.0,88.6,2026-08-14 10:21:17
2024-06-10,South-West,District9,0,1,0,0.0,18.19,33.3,54.9,2026-08-14 10:21:17
2024-06-10,South-West,District10,0,0,0,0.0,1.48,33.2,72.7,2026-08-14 10:21:17
2024-06-10,West,District1,0,2,0,0.0,7.65,34.7,62.9,2026-08-14 10:21:17
2024-06-10,West,District2,0,3,0,0.0,18.11,22.3,50.5,2026-08-14 10:21:17
2024-06-10,West,District3,1,1,1,100.0,5.8,23.9,59.3,2026-08-14 10:21:17
2024-06-10,West,District4,0,1,0,0.0,13.19,20.1,56.7,2026-08-14 10:21:17
2024-06-10,West,District5,2,1,1,50.0,3.45,20.6,81.1,2026-08-14 10:21:17
2024-06-10,West,District6,0,4,0,0.0,4.14,32.9,58.3,2026-08-14 10:21:17
2024-06-10,West,District7,1,1,0,0.0,9.13,23.1,67.8,2026-08-14 10:21:17
2024-06-10,West,District8,0,0,0,0.0,14.53,20.1,88.2,2026-08-14 10:21:17
2024-06-10,West,District9,0,5,0,0.0,19.29,28.8,89.9,2026-08-14 10:21:17
2024-06-10,West,District10,1,2,0,0.0,5.49,27.8,85.0,2026-08-14 10:21:17
2024-07-08,Adamawa,District1,3,0,1,33.33,18.19,27.4,82.8,2026-08-14 10:21:17
2024-07-08,Adamawa,District2,0,0,0,0.0,15.22,22.7,83.6,2026-08-14 10:21:17
2024-07-08,Adamawa,District3,0,1,0,0.0,16.59,33.7,67.7,2026-08-14 10:21:17
2024-07-08,Adamawa,District4,0,4,0,0.0,8.44,34.3,65.8,2026-08-14 10:21:17
2024-07-08,Adamawa,District5,1,4,1,100.0,4.17,29.0,76.8,2026-08-14 10:21:17
2024-07-08,Adamawa,District6,0,2,0,0.0,9.73,27.7,62.3,2026-08-14 10:21:17
2024-07-08,Adamawa,District7,1,5,0,0.0,3.32,34.2,61.8,2026-08-14 10:21:17
2024-07-08,Adamawa,District8,1,0,0,0.0,9.07,27.0,73.3,2026-08-14 10:21:17
2024-07-08,Adamawa,District9,0,1,0,0.0,2.66,26.0,74.7,2026-08-14 10:21:17
2024-07-08,Adamawa,District10,1,5,0,0.0,7.74,21.0,63.2,2026-08-14 10:21:17
2024-07-08,Centre,District1,1,0,0,0.0,17.2,20.2,66.2,2026-08-14 10:21:17
2024-07-08,Centre,District2,1,0,0,0.0,12.6,31.7,55.9,2026-08-14 10:21:17
2024-07-08,Centre,District3,0,0,0,0.0,18.47,30.6,75.2,2026-08-14 10:21:17
2024-07-08,Centre,District4,2,5,0,0.0,12.39,27.0,74.6,2026-08-14 10:21:17
2024-07-08,Centre,District5,2,0,1,50.0,11.0,30.1,66.6,2026-08-14 10:21:17
2024-07-08,Centre,District6,0,4,0,0.0,13.11,30.6,71.6,2026-08-14 10:21:17
2024-07-08,Centre,District7,1,5,1,100.0,13.63,27.4,77.5,2026-08-14 10:21:17
2024-07-08,Centre,District8,0,4,0,0.0,9.25,23.3,62.4,2026-08-14 10:21:17
2024-07-08,Centre,District9,0,0,0,0.0,10.85,22.7,79.7,2026-08-14 10:21:17
2024-07-08,Centre,District10,0,5,0,0.0,9.04,27.6,56.8,2026-08-14 10:21:17
2024-07-08,East,District1,1,3,1,100.0,3.2,33.3,78.8,2026-08-14 10:21:17
2024-07-08,East,District2,1,0,0,0.0,4.78,33.5,81.1,2026-08-14 10:21:17
2024-07-08,East,District3,1,3,0,0.0,1.38,27.3,82.3,2026-08-14 10:21:17
2024-07-08,East,District4,0,3,0,0.0,2.5,33.6,73.9,2026-08-14 10:21:17
2024-07-08,East,District5,0,1,0,0.0,15.8,23.2,65.6,2026-08-14 10:21:17
2024-07-08,East,District6,0,5,0,0.0,18.55,31.5,61.4,2026-08-14 10:21:17
2024-07-08,East,District7,0,3,0,0.0,2.55,24.9,65.6,2026-08-14 10:21:17
2024-07-08,East,District8,0,3,0,0.0,15.65,27.4,59.3,2026-08-14 10:21:17
2024-07-08,East,District9,0,2,0,0.0,4.38,30.8,60.4,2026-08-14 10:21:17
2024-07-08,East,District10,2,4,1,50.0,4.75,32.0,57.3,2026-08-14 10:21:17
2024-07-08,Far North,District1,0,0,0,0.0,15.41,26.1,86.0,2026-08-14 10:21:17
2024-07-08,Far North,District2,0,3,0,0.0,1.24,25.8,61.6,2026-08-14 10:21:17
2024-07-08,Far North,District3,0,4,0,0.0,16.59,32.8,80.2,2026-08-14 10:21:17
2024-07-08,Far North,District4,0,3,0,0.0,3.96,30.0,59.0,2026-08-14 10:21:17
2024-07-08,Far North,District5,0,3,0,0.0,8.11,26.9,54.9,2026-08-14 10:21:17
2024-07-08,Far North,District6,0,1,0,0.0,18.96,21.0,52.4,2026-08-14 10:21:17
2024-07-08,Far North,District7,0,4,0,0.0,5.86,27.4,53.8,2026-08-14 10:21:17
2024-07-08,Far North,District8,1,2,1,100.0,4.11,33.2,52.9,2026-08-14 10:21:17
2024-07-08,Far North,District9,2,4,1,50.0,14.91,25.9,71.8,2026-08-14 10:21:17
2024-07-08,Far North,District10,3,3,0,0.0,14.21,27.2,52.4,2026-08-14 10:21:17
2024-07-08,Littoral,District1,1,5,1,100.0,3.07,22.8,88.2,2026-08-14 10:21:17
2024-07-08,Littoral,District2,2,4,0,0.0,12.79,22.4,81.3,2026-08-14 10:21:17
2024-07-08,Littoral,District3,1,5,1,100.0,15.38,24.1,69.3,2026-08-14 10:21:17
2024-07-08,Littoral,District4,0,3,0,0.0,3.14,20.8,55.8,2026-08-14 10:21:17
2024-07-08,Littoral,District5,2,3,1,50.0,5.54,22.7,83.8,2026-08-14 10:21:17
2024-07-08,Littoral,District6,0,0,0,0.0,14.95,30.8,66.5,2026-08-14 10:21:17
2024-07-08,Littoral,District7,0,0,0,0.0,4.88,22.9,72.1,2026-08-14 10:21:17
2024-07-08,Littoral,District8,3,3,1,33.33,5.19,30.5,83.4,2026-08-14 10:21:17
2024-07-08,Littoral,District9,0,4,0,0.0,4.25,21.3,55.7,2026-08-14 10:21:17
2024-07-08,Littoral,District10,1,5,0,0.0,10.67,33.4,78.1,2026-08-14 10:21:17
2024-07-08,North,District1,0,2,0,0.0,1.12,34.9,73.0,2026-08-14 10:21:17
2024-07-08,North,District2,0,0,0,0.0,13.53,21.3,55.5,2026-08-14 10:21:17
2024-07-08,North,District3,1,2,0,0.0,6.81,27.5,61.7,2026-08-14 10:21:17
2024-07-08,North,District4,0,1,0,0.0,3.22,26.3,78.7,2026-08-14 10:21:17
2024-07-08,North,District5,0,2,0,0.0,12.59,32.4,66.0,2026-08-14 10:21:17
2024-07-08,North,District6,0,2,0,0.0,18.19,33.8,64.8,2026-08-14 10:21:17
2024-07-08,North,District7,0,0,0,0.0,0.82,29.4,81.3,2026-08-14 10:21:17
2024-07-08,North,District8,3,1,1,33.33,3.02,28.9,71.8,2026-08-14 10:21:17
2024-07-08,North,District9,0,2,0,0.0,4.65,22.5,80.1,2026-08-14 10:21:17
2024-07-08,North,District10,0,5,0,0.0,0.52,22.2,79.7,2026-08-14 10:21:17
2024-07-08,North-West,District1,0,0,0,0.0,14.88,32.7,70.4,2026-08-14 10:21:17
2024-07-08,North-West,District2,0,5,0,0.0,13.83,33.4,87.7,2026-08-14 10:21:17
2024-07-08,North-West,District3,1,5,1,100.0,7.34,21.2,85.4,2026-08-14 10:21:17
2024-07-08,North-West,District4,0,0,0,0.0,0.48,23.7,61.1,2026-08-14 10:21:17
2024-07-08,North-West,District5,0,1,0,0.0,17.7,20.8,56.3,2026-08-14 10:21:17
2024-07-08,North-West,District6,1,1,1,100.0,12.49,28.7,76.1,2026-08-14 10:21:17
2024-07-08,North-West,District7,0,4,0,0.0,14.1,20.5,84.3,2026-08-14 10:21:17
2024-07-08,North-West,District8,0,4,0,0.0,19.08,22.0,89.3,2026-08-14 10:21:17
2024-07-08,North-West,District9,0,0,0,0.0,16.84,29.2,69.5,2026-08-14 10:21:17
2024-07-08,North-West,District10,3,5,0,0.0,11.46,32.3,82.9,2026-08-14 10:21:17
2024-07-08,South,District1,1,1,1,100.0,1.54,33.3,75.6,2026-08-14 10:21:17
2024-07-08,South,District2,0,3,0,0.0,15.37,21.7,78.4,2026-08-14 10:21:17
2024-07-08,South,District3,2,4,1,50.0,16.6,28.9,82.5,2026-08-14 10:21:17
2024-07-08,South,District4,0,1,0,0.0,4.29,33.0,50.6,2026-08-14 10:21:17
2024-07-08,South,District5,0,2,0,0.0,7.65,32.4,81.6,2026-08-14 10:21:17
2024-07-08,South,District6,0,5,0,0.0,9.42,34.3,71.3,2026-08-14 10:21:17
2024-07-08,South,District7,1,3,1,100.0,15.53,26.6,72.6,2026-08-14 10:21:17
2024-07-08,South,District8,0,3,0,0.0,10.47,24.1,65.9,2026-08-14 10:21:17
2024-07-08,South,District9,0,5,0,0.0,7.95,32.3,73.8,2026-08-14 10:21:17
2024-07-08,South,District10,0,0,0,0.0,0.4,33.7,62.0,2026-08-14 10:21:17
2024-07-08,South-West,District1,0,4,0,0.0,4.34,32.1,83.9,2026-08-14 10:21:17
2024-07-08,South-West,District2,0,2,0,0.0,0.07,32.3,83.7,2026-08-14 10:21:17
2024-07-08,South-West,District3,0,2,0,0.0,5.29,33.2,86.2,2026-08-14 10:21:17
2024-07-08,South-West,District4,0,2,0,0.0,11.17,32.9,63.9,2026-08-14 10:21:17
2024-07-08,South-West,District5,0,1,0,0.0,4.4,23.6,71.2,2026-08-14 10:21:17
2024-07-08,South-West,District6,0,0,0,0.0,15.97,27.0,69.4,2026-08-14 10:21:17
2024-07-08,South-West,District7,0,5,0,0.0,15.96,30.9,81.6,2026-08-14 10:21:17
2024-07-08,South-West,District8,1,1,1,100.0,18.97,27.8,59.6,2026-08-14 10:21:17
2024-07-08,South-West,District9,0,1,0,0.0,3.7,29.9,56.1,2026-08-14 10:21:17
2024-07-08,South-West,District10,1,0,0,0.0,12.46,34.0,59.1,2026-08-14 10:21:17
2024-07-08,West,District1,0,3,0,0.0,16.26,34.8,57.5,2026-08-14 10:21:17
2024-07-08,West,District2,0,5,0,0.0,13.72,23.6,67.1,2026-08-14 10:21:17
2024-07-08,West,District3,0,0,0,0.0,5.4,20.4,57.8,2026-08-14 10:21:17
2024-07-08,West,District4,0,4,0,0.0,7.51,30.4,69.2,2026-08-14 10:21:17
2024-07-08,West,District5,0,5,0,0.0,13.63,27.3,83.9,2026-08-14 10:21:17
2024-07-08,West,District6,1,1,0,0.0,0.78,24.1,62.6,2026-08-14 10:21:17
2024-07-08,West,District7,1,3,1,100.0,16.88,32.8,67.2,2026-08-14 10:21:17
2024-07-08,West,District8,0,5,0,0.0,7.28,31.6,74.8,2026-08-14 10:21:17
2024-07-08,West,District9,1,2,0,0.0,15.33,32.3,58.8,2026-08-14 10:21:17
2024-07-08,West,District10,0,3,0,0.0,6.34,24.1,75.2,2026-08-14 10:21:17
2024-07-31,Adamawa,District1,1,1,1,100.0,19.55,26.5,74.6,2026-08-14 10:21:17
2024-07-31,Adamawa,District2,2,3,1,50.0,8.04,21.0,72.5,2026-08-14 10:21:17
2024-07-31,Adamawa,District3,1,4,0,0.0,3.57,29.7,76.2,2026-08-14 10:21:17
2024-07-31,Adamawa,District4,0,2,0,0.0,2.83,22.9,84.8,2026-08-14 10:21:17
2024-07-31,Adamawa,District5,1,3,1,100.0,7.78,30.5,73.3,2026-08-14 10:21:17
2024-07-31,Adamawa,District6,2,1,0,0.0,11.01,32.9,79.5,2026-08-14 10:21:17
2024-07-31,Adamawa,District7,0,5,0,0.0,5.57,20.3,88.1,2026-08-14 10:21:17
2024-07-31,Adamawa,District8,0,1,0,0.0,16.3,34.2,68.0,2026-08-14 10:21:17
2024-07-31,Adamawa,District9,0,5,0,0.0,19.06,20.5,61.5,2026-08-14 10:21:17
2024-07-31,Adamawa,District10,0,4,0,0.0,10.36,34.0,66.1,2026-08-14 10:21:17
2024-07-31,Centre,District1,0,2,0,0.0,0.04,27.6,67.0,2026-08-14 10:21:17
2024-07-31,Centre,District2,2,0,1,50.0,6.26,20.0,67.7,2026-08-14 10:21:17
2024-07-31,Centre,District3,0,5,0,0.0,8.53,32.0,81.6,2026-08-14 10:21:17
2024-07-31,Centre,District4,1,0,1,100.0,2.45,24.5,66.4,2026-08-14 10:21:17
2024-07-31,Centre,District5,0,1,0,0.0,9.5,33.1,73.6,2026-08-14 10:21:17
2024-07-31,Centre,District6,0,5,0,0.0,13.17,23.2,87.6,2026-08-14 10:21:17
2024-07-31,Centre,District7,0,0,0,0.0,0.3,34.0,77.1,2026-08-14 10:21:17
2024-07-31,Centre,District8,0,0,0,0.0,5.19,30.5,76.2,2026-08-14 10:21:17
2024-07-31,Centre,District9,2,3,0,0.0,13.72,29.9,82.4,2026-08-14 10:21:17
2024-07-31,Centre,District10,0,1,0,0.0,0.05,29.1,80.9,2026-08-14 10:21:17
2024-07-31,East,District1,1,2,0,0.0,8.27,29.9,52.5,2026-08-14 10:21:17
2024-07-31,East,District2,0,0,0,0.0,6.43,34.5,80.1,2026-08-14 10:21:17
2024-07-31,East,District3,0,0,0,0.0,11.86,23.3,81.3,2026-08-14 10:21:17
2024-07-31,East,District4,0,3,0,0.0,4.01,31.1,67.1,2026-08-14 10:21:17
2024-07-31,East,District5,0,1,0,0.0,11.25,29.8,71.3,2026-08-14 10:21:17
2024-07-31,East,District6,0,4,0,0.0,14.29,22.5,54.9,2026-08-14 10:21:17
2024-07-31,East,District7,0,5,0,0.0,12.52,26.8,74.6,2026-08-14 10:21:17
2024-07-31,East,District8,0,2,0,0.0,6.16,27.6,52.1,2026-08-14 10:21:17
2024-07-31,East,District9,0,0,0,0.0,3.52,31.9,63.8,2026-08-14 10:21:17
2024-07-31,East,District10,0,1,0,0.0,12.78,25.6,81.0,2026-08-14 10:21:17
2024-07-31,Far North,District1,0,5,0,0.0,2.03,28.8,77.9,2026-08-14 10:21:17
2024-07-31,Far North,District2,0,5,0,0.0,17.36,25.8,60.6,2026-08-14 10:21:17
2024-07-31,Far North,District3,0,5,0,0.0,19.12,30.0,61.7,2026-08-14 10:21:17
2024-07-31,Far North,District4,0,2,0,0.0,7.94,23.7,58.6,2026-08-14 10:21:17
2024-07-31,Far North,District5,0,2,0,0.0,19.79,34.8,63.6,2026-08-14 10:21:17
2024-07-31,Far North,District6,0,3,0,0.0,7.28,20.8,54.4,2026-08-14 10:21:17
2024-07-31,Far North,District7,0,4,0,0.0,4.2,27.5,71.7,2026-08-14 10:21:17
2024-07-31,Far North,District8,0,3,0,0.0,11.8,34.5,88.8,2026-08-14 10:21:17
2024-07-31,Far North,District9,0,5,0,0.0,10.24,33.4,50.2,2026-08-14 10:21:17
2024-07-31,Far North,District10,0,5,0,0.0,4.66,22.4,80.4,2026-08-14 10:21:17
2024-07-31,Littoral,District1,0,5,0,0.0,13.68,25.2,82.4,2026-08-14 10:21:17
2024-07-31,Littoral,District2,0,5,0,0.0,18.65,26.1,53.3,2026-08-14 10:21:17
2024-07-31,Littoral,District3,0,4,0,0.0,19.42,21.8,60.9,2026-08-14 10:21:17
2024-07-31,Littoral,District4,0,0,0,0.0,4.87,27.3,54.8,2026-08-14 10:21:17
2024-07-31,Littoral,District5,0,0,0,0.0,15.48,29.7,57.6,2026-08-14 10:21:17
2024-07-31,Littoral,District6,0,0,0,0.0,4.74,33.3,75.3,2026-08-14 10:21:17
2024-07-31,Littoral,District7,2,0,0,0.0,16.85,26.9,67.9,2026-08-14 10:21:17
2024-07-31,Littoral,District8,2,4,1,50.0,3.33,34.4,77.0,2026-08-14 10:21:17
2024-07-31,Littoral,District9,3,4,1,33.33,9.33,28.3,89.0,2026-08-14 10:21:17
2024-07-31,Littoral,District10,1,2,1,100.0,5.48,22.0,61.7,2026-08-14 10:21:17
2024-07-31,North,District1,0,4,0,0.0,18.42,26.8,84.7,2026-08-14 10:21:17
2024-07-31,North,District2,0,0,0,0.0,9.99,25.8,54.2,2026-08-14 10:21:17
2024-07-31,North,District3,2,4,0,0.0,17.39,20.7,86.2,2026-08-14 10:21:17
2024-07-31,North,District4,0,3,0,0.0,5.86,29.3,85.6,2026-08-14 10:21:17
2024-07-31,North,District5,0,0,0,0.0,0.51,20.2,85.9,2026-08-14 10:21:17
2024-07-31,North,District6,0,2,0,0.0,13.74,23.2,59.0,2026-08-14 10:21:17
2024-07-31,North,District7,2,0,0,0.0,16.15,25.9,88.2,2026-08-14 10:21:17
2024-07-31,North,District8,0,3,0,0.0,3.65,33.9,52.9,2026-08-14 10:21:17
2024-07-31,North,District9,1,0,0,0.0,5.97,22.8,79.9,2026-08-14 10:21:17
2024-07-31,North,District10,0,3,0,0.0,9.03,20.2,72.6,2026-08-14 10:21:17
2024-07-31,North-West,District1,0,2,0,0.0,16.16,25.4,77.6,2026-08-14 10:21:17
2024-07-31,North-West,District2,1,3,0,0.0,19.44,26.9,75.1,2026-08-14 10:21:17
2024-07-31,North-West,District3,0,1,0,0.0,1.5,24.5,87.3,2026-08-14 10:21:17
2024-07-31,North-West,District4,0,3,0,0.0,0.87,32.8,50.2,2026-08-14 10:21:17
2024-07-31,North-West,District5,1,0,1,100.0,7.07,26.8,50.1,2026-08-14 10:21:17
2024-07-31,North-West,District6,0,4,0,0.0,13.1,20.1,74.7,2026-08-14 10:21:17
2024-07-31,North-West,District7,0,3,0,0.0,10.07,31.8,89.6,2026-08-14 10:21:17
2024-07-31,North-West,District8,0,5,0,0.0,0.55,26.8,59.7,2026-08-14 10:21:17
2024-07-31,North-West,District9,0,2,0,0.0,16.77,27.5,53.7,2026-08-14 10:21:17
2024-07-31,North-West,District10,0,1,0,0.0,0.55,27.8,51.3,2026-08-14 10:21:17
2024-07-31,South,District1,0,0,0,0.0,4.39,33.2,83.1,2026-08-14 10:21:17
2024-07-31,South,District2,1,1,1,100.0,6.46,22.8,62.3,2026-08-14 10:21:17
2024-07-31,South,District3,0,3,0,0.0,2.91,33.9,75.5,2026-08-14 10:21:17
2024-07-31,South,District4,0,4,0,0.0,5.1,22.8,67.2,2026-08-14 10:21:17
2024-07-31,South,District5,0,2,0,0.0,0.7,30.5,63.2,2026-08-14 10:21:17
2024-07-31,South,District6,0,5,0,0.0,18.79,24.3,87.2,2026-08-14 10:21:17
2024-07-31,South,District7,0,4,0,0.0,18.2,33.6,86.5,2026-08-14 10:21:17
2024-07-31,South,District8,1,2,0,0.0,18.45,28.2,50.9,2026-08-14 10:21:17
2024-07-31,South,District9,1,4,0,0.0,7.81,26.9,72.8,2026-08-14 10:21:17
2024-07-31,South,District10,2,0,0,0.0,10.82,29.8,83.9,2026-08-14 10:21:17
2024-07-31,South-West,District1,0,0,0,0.0,19.91,25.6,58.3,2026-08-14 10:21:17
2024-07-31,South-West,District2,0,1,0,0.0,3.7,23.4,89.2,2026-08-14 10:21:17
2024-07-31,South-West,District3,0,1,0,0.0,0.04,27.1,76.8,2026-08-14 10:21:17
2024-07-31,South-West,District4,0,5,0,0.0,3.86,27.8,81.8,2026-08-14 10:21:17
2024-07-31,South-West,District5,0,2,0,0.0,5.38,33.1,83.0,2026-08-14 10:21:17
2024-07-31,South-West,District6,1,1,1,100.0,0.56,31.3,64.7,2026-08-14 10:21:17
2024-07-31,South-West,District7,0,4,0,0.0,12.95,23.9,53.9,2026-08-14 10:21:17
2024-07-31,South-West,District8,0,2,0,0.0,0.23,29.4,53.2,2026-08-14 10:21:17
2024-07-31,South-West,District9,0,2,0,0.0,5.36,33.3,75.1,2026-08-14 10:21:17
2024-07-31,South-West,District10,0,1,0,0.0,4.01,29.6,87.4,2026-08-14 10:21:17
2024-07-31,West,District1,0,1,0,0.0,12.18,34.6,68.5,2026-08-14 10:21:17
2024-07-31,West,District2,0,3,0,0.0,15.65,26.4,53.1,2026-08-14 10:21:17
2024-07-31,West,District3,1,5,1,100.0,13.71,20.3,56.9,2026-08-14 10:21:17
2024-07-31,West,District4,0,4,0,0.0,12.36,33.3,69.2,2026-08-14 10:21:17
2024-07-31,West,District5,0,1,0,0.0,9.99,23.6,68.6,2026-08-14 10:21:17
2024-07-31,West,District6,0,1,0,0.0,13.28,22.3,71.0,2026-08-14 10:21:17
2024-07-31,West,District7,0,2,0,0.0,0.65,31.5,55.0,2026-08-14 10:21:17
2024-07-31,West,District8,0,0,0,0.0,17.24,24.3,73.1,2026-08-14 10:21:17
2024-07-31,West,District9,0,1,0,0.0,4.77,28.7,68.6,2026-08-14 10:21:17
2024-07-31,West,District10,0,5,0,0.0,3.43,29.3,53.3,2026-08-14 10:21:17
2024-07-16,Adamawa,District1,1,0,1,100.0,7.68,23.2,62.2,2026-08-14 10:21:17
2024-07-16,Adamawa,District2,1,5,0,0.0,0.56,26.9,74.0,2026-08-14 10:21:17
2024-07-16,Adamawa,District3,0,5,0,0.0,17.85,28.0,54.5,2026-08-14 10:21:17
2024-07-16,Adamawa,District4,0,0,0,0.0,10.77,25.9,55.3,2026-08-14 10:21:17
2024-07-16,Adamawa,District5,0,0,0,0.0,7.66,24.2,82.9,2026-08-14 10:21:17
2024-07-16,Adamawa,District6,2,5,1,50.0,15.77,31.5,72.1,2026-08-14 10:21:17
2024-07-16,Adamawa,District7,0,3,0,0.0,18.94,34.1,84.1,2026-08-14 10:21:17
2024-07-16,Adamawa,District8,2,3,0,0.0,4.57,27.6,70.1,2026-08-14 10:21:17
2024-07-16,Adamawa,District9,0,5,0,0.0,19.04,25.5,68.1,2026-08-14 10:21:17
2024-07-16,Adamawa,District10,0,5,0,0.0,19.54,21.1,69.3,2026-08-14 10:21:17
2024-07-16,Centre,District1,0,4,0,0.0,2.56,34.9,55.8,2026-08-14 10:21:17
2024-07-16,Centre,District2,1,1,1,100.0,18.33,24.4,56.6,2026-08-14 10:21:17
2024-07-16,Centre,District3,0,4,0,0.0,19.85,34.0,78.4,2026-08-14 10:21:17
2024-07-16,Centre,District4,0,4,0,0.0,19.63,25.7,76.0,2026-08-14 10:21:17
2024-07-16,Centre,District5,2,1,0,0.0,1.2,29.1,64.2,2026-08-14 10:21:17
2024-07-16,Centre,District6,0,5,0,0.0,9.01,22.4,73.8,2026-08-14 10:21:17
2024-07-16,Centre,District7,0,3,0,0.0,12.42,20.1,56.3,2026-08-14 10:21:17
2024-07-16,Centre,District8,0,0,0,0.0,5.07,20.8,74.4,2026-08-14 10:21:17
2024-07-16,Centre,District9,0,2,0,0.0,16.31,27.7,55.9,2026-08-14 10:21:17
2024-07-16,Centre,District10,0,0,0,0.0,17.71,23.7,78.4,2026-08-14 10:21:17
2024-07-16,East,District1,1,0,1,100.0,5.67,30.8,73.0,2026-08-14 10:21:17
2024-07-16,East,District2,0,0,0,0.0,8.23,27.6,87.0,2026-08-14 10:21:17
2024-07-16,East,District3,0,2,0,0.0,18.16,30.8,82.6,2026-08-14 10:21:17
2024-07-16,East,District4,0,3,0,0.0,7.44,20.6,55.0,2026-08-14 10:21:17
2024-07-16,East,District5,1,1,0,0.0,10.45,20.7,72.0,2026-08-14 10:21:17
2024-07-16,East,District6,2,1,0,0.0,9.83,31.2,58.9,2026-08-14 10:21:17
2024-07-16,East,District7,0,3,0,0.0,15.4,27.9,55.0,2026-08-14 10:21:17
2024-07-16,East,District8,0,1,0,0.0,14.01,31.6,79.9,2026-08-14 10:21:17
2024-07-16,East,District9,0,4,0,0.0,18.05,31.1,83.4,2026-08-14 10:21:17
2024-07-16,East,District10,0,4,0,0.0,1.1,29.7,74.4,2026-08-14 10:21:17
2024-07-16,Far North,District1,0,3,0,0.0,18.46,26.3,66.5,2026-08-14 10:21:17
2024-07-16,Far North,District2,0,4,0,0.0,2.9,30.1,64.4,2026-08-14 10:21:17
2024-07-16,Far North,District3,1,4,1,100.0,4.43,31.5,56.4,2026-08-14 10:21:17
2024-07-16,Far North,District4,0,1,0,0.0,8.88,21.8,83.1,2026-08-14 10:21:17
2024-07-16,Far North,District5,0,1,0,0.0,18.19,22.3,69.6,2026-08-14 10:21:17
2024-07-16,Far North,District6,0,0,0,0.0,7.19,30.4,76.2,2026-08-14 10:21:17
2024-07-16,Far North,District7,0,2,0,0.0,11.78,23.7,53.2,2026-08-14 10:21:17
2024-07-16,Far North,District8,1,5,1,100.0,19.78,24.3,61.9,2026-08-14 10:21:17
2024-07-16,Far North,District9,1,4,1,100.0,15.38,33.9,82.7,2026-08-14 10:21:17
2024-07-16,Far North,District10,1,5,0,0.0,2.87,32.4,84.6,2026-08-14 10:21:17
2024-07-16,Littoral,District1,0,2,0,0.0,18.89,25.5,59.6,2026-08-14 10:21:17
2024-07-16,Littoral,District2,3,0,0,0.0,17.56,20.3,50.8,2026-08-14 10:21:17
2024-07-16,Littoral,District3,0,1,0,0.0,5.23,26.8,81.7,2026-08-14 10:21:17
2024-07-16,Littoral,District4,0,2,0,0.0,17.1,30.7,52.8,2026-08-14 10:21:17
2024-07-16,Littoral,District5,1,1,1,100.0,16.8,34.3,83.1,2026-08-14 10:21:17
2024-07-16,Littoral,District6,0,3,0,0.0,15.08,33.1,87.6,2026-08-14 10:21:17
2024-07-16,Littoral,District7,0,1,0,0.0,6.73,21.5,83.2,2026-08-14 10:21:17
2024-07-16,Littoral,District8,2,0,1,50.0,12.13,20.8,79.3,2026-08-14 10:21:17
2024-07-16,Littoral,District9,0,0,0,0.0,9.39,27.7,80.9,2026-08-14 10:21:17
2024-07-16,Littoral,District10,1,2,0,0.0,2.57,28.1,61.1,2026-08-14 10:21:17
2024-07-16,North,District1,0,2,0,0.0,16.37,34.1,73.2,2026-08-14 10:21:17
2024-07-16,North,District2,0,2,0,0.0,17.67,21.4,87.5,2026-08-14 10:21:17
2024-07-16,North,District3,0,0,0,0.0,15.12,27.1,75.2,2026-08-14 10:21:17
2024-07-16,North,District4,0,1,0,0.0,16.33,22.5,66.9,2026-08-14 10:21:17
2024-07-16,North,District5,0,1,0,0.0,11.77,29.4,54.2,2026-08-14 10:21:17
2024-07-16,North,District6,2,5,1,50.0,1.53,28.8,56.5,2026-08-14 10:21:17
2024-07-16,North,District7,3,3,0,0.0,1.74,33.3,55.2,2026-08-14 10:21:17
2024-07-16,North,District8,0,4,0,0.0,18.81,27.5,81.2,2026-08-14 10:21:17
2024-07-16,North,District9,0,1,0,0.0,6.2,22.4,82.8,2026-08-14 10:21:17
2024-07-16,North,District10,3,0,1,33.33,15.19,23.9,66.4,2026-08-14 10:21:17
2024-07-16,North-West,District1,1,1,1,100.0,4.46,24.1,89.9,2026-08-14 10:21:17
2024-07-16,North-West,District2,0,0,0,0.0,19.32,33.5,79.8,2026-08-14 10:21:17
2024-07-16,North-West,District3,0,3,0,0.0,5.55,20.6,53.0,2026-08-14 10:21:17
2024-07-16,North-West,District4,2,5,1,50.0,3.43,24.6,80.7,2026-08-14 10:21:17
2024-07-16,North-West,District5,0,3,0,0.0,4.46,28.8,71.4,2026-08-14 10:21:17
2024-07-16,North-West,District6,0,5,0,0.0,1.29,27.4,60.3,2026-08-14 10:21:17
2024-07-16,North-West,District7,3,0,1,33.33,13.71,22.6,83.2,2026-08-14 10:21:17
2024-07-16,North-West,District8,1,0,1,100.0,2.54,34.8,68.5,2026-08-14 10:21:17
2024-07-16,North-West,District9,0,4,0,0.0,9.74,26.1,68.1,2026-08-14 10:21:17
2024-07-16,North-West,District10,0,5,0,0.0,15.51,26.4,81.8,2026-08-14 10:21:17
2024-07-16,South,District1,0,3,0,0.0,3.73,26.3,71.4,2026-08-14 10:21:17
2024-07-16,South,District2,0,5,0,0.0,19.48,35.0,80.2,2026-08-14 10:21:17
2024-07-16,South,District3,0,5,0,0.0,12.88,26.0,66.6,2026-08-14 10:21:17
2024-07-16,South,District4,0,2,0,0.0,0.52,23.0,53.7,2026-08-14 10:21:17
2024-07-16,South,District5,0,3,0,0.0,7.47,33.7,68.7,2026-08-14 10:21:17
2024-07-16,South,District6,0,1,0,0.0,19.65,31.6,64.9,2026-08-14 10:21:17
2024-07-16,South,District7,0,1,0,0.0,5.68,31.8,52.9,2026-08-14 10:21:17
2024-07-16,South,District8,3,0,0,0.0,9.09,20.5,80.1,2026-08-14 10:21:17
2024-07-16,South,District9,2,1,1,50.0,10.02,23.0,87.2,2026-08-14 10:21:17
2024-07-16,South,District10,1,5,1,100.0,17.63,22.4,59.5,2026-08-14 10:21:17
2024-07-16,South-West,District1,0,4,0,0.0,9.74,33.0,74.0,2026-08-14 10:21:17
2024-07-16,South-West,District2,2,3,1,50.0,16.03,21.9,53.6,2026-08-14 10:21:17
2024-07-16,South-West,District3,0,5,0,0.0,4.82,27.3,72.9,2026-08-14 10:21:17
2024-07-16,South-West,District4,0,5,0,0.0,8.29,21.3,62.1,2026-08-14 10:21:17
2024-07-16,South-West,District5,0,3,0,0.0,10.21,32.7,62.5,2026-08-14 10:21:17
2024-07-16,South-West,District6,0,2,0,0.0,18.39,29.9,72.9,2026-08-14 10:21:17
2024-07-16,South-West,District7,2,5,0,0.0,2.04,25.6,73.6,2026-08-14 10:21:17
2024-07-16,South-West,District8,0,0,0,0.0,5.59,22.6,55.8,2026-08-14 10:21:17
2024-07-16,South-West,District9,0,3,0,0.0,13.58,23.4,58.6,2026-08-14 10:21:17
2024-07-16,South-West,District10,1,1,1,100.0,12.89,32.2,55.9,2026-08-14 10:21:17
2024-07-16,West,District1,1,0,1,100.0,2.58,33.1,78.1,2026-08-14 10:21:17
2024-07-16,West,District2,3,0,1,33.33,18.98,21.9,85.3,2026-08-14 10:21:17
2024-07-16,West,District3,0,4,0,0.0,3.25,30.5,58.2,2026-08-14 10:21:17
2024-07-16,West,District4,0,1,0,0.0,16.89,34.3,88.1,2026-08-14 10:21:17
2024-07-16,West,District5,0,0,0,0.0,19.85,33.4,86.8,2026-08-14 10:21:17
2024-07-16,West,District6,0,0,0,0.0,5.26,34.1,68.5,2026-08-14 10:21:17
2024-07-16,West,District7,0,0,0,0.0,13.07,30.8,67.5,2026-08-14 10:21:17
2024-07-16,West,District8,0,0,0,0.0,14.23,30.2,63.7,2026-08-14 10:21:17
2024-07-16,West,District9,0,2,0,0.0,0.44,23.6,53.5,2026-08-14 10:21:17
2024-07-16,West,District10,0,4,0,0.0,1.09,21.6,58.8,2026-08-14 10:21:17
2024-07-14,Adamawa,District1,1,5,1,100.0,3.95,20.7,87.9,2026-08-14 10:21:17
2024-07-14,Adamawa,District2,0,4,0,0.0,13.27,32.7,82.7,2026-08-14 10:21:17
2024-07-14,Adamawa,District3,0,3,0,0.0,16.35,21.7,57.9,2026-08-14 10:21:17
2024-07-14,Adamawa,District4,0,1,0,0.0,3.08,33.7,88.3,2026-08-14 10:21:17
2024-07-14,Adamawa,District5,0,4,0,0.0,12.79,26.0,65.8,2026-08-14 10:21:17
2024-07-14,Adamawa,District6,0,5,0,0.0,7.36,29.0,87.0,2026-08-14 10:21:17
2024-07-14,Adamawa,District7,0,0,0,0.0,4.31,28.0,73.0,2026-08-14 10:21:17
2024-07-14,Adamawa,District8,0,2,0,0.0,15.62,32.0,53.3,2026-08-14 10:21:17
2024-07-14,Adamawa,District9,2,0,1,50.0,16.64,28.8,71.0,2026-08-14 10:21:17
2024-07-14,Adamawa,District10,0,4,0,0.0,3.85,28.9,84.2,2026-08-14 10:21:17
2024-07-14,Centre,District1,1,1,0,0.0,10.03,23.4,63.0,2026-08-14 10:21:17
2024-07-14,Centre,District2,0,5,0,0.0,12.98,33.2,74.1,2026-08-14 10:21:17
2024-07-14,Centre,District3,1,0,1,100.0,15.63,34.5,82.4,2026-08-14 10:21:17
2024-07-14,Centre,District4,0,5,0,0.0,12.05,20.0,67.5,2026-08-14 10:21:17
2024-07-14,Centre,District5,0,3,0,0.0,14.89,20.9,54.1,2026-08-14 10:21:17
2024-07-14,Centre,District6,0,5,0,0.0,15.98,28.8,79.2,2026-08-14 10:21:17
2024-07-14,Centre,District7,0,0,0,0.0,2.94,29.2,74.2,2026-08-14 10:21:17
2024-07-14,Centre,District8,0,5,0,0.0,11.53,30.0,51.9,2026-08-14 10:21:17
2024-07-14,Centre,District9,2,1,1,50.0,0.14,22.0,81.8,2026-08-14 10:21:17
2024-07-14,Centre,District10,0,2,0,0.0,14.1,31.0,67.9,2026-08-14 10:21:17
2024-07-14,East,District1,0,4,0,0.0,5.64,29.0,81.9,2026-08-14 10:21:17
2024-07-14,East,District2,0,0,0,0.0,18.17,22.9,58.3,2026-08-14 10:21:17
2024-07-14,East,District3,1,1,1,100.0,15.63,20.7,80.1,2026-08-14 10:21:17
2024-07-14,East,District4,0,1,0,0.0,12.98,31.3,67.3,2026-08-14 10:21:17
2024-07-14,East,District5,0,1,0,0.0,0.36,32.9,71.3,2026-08-14 10:21:17
2024-07-14,East,District6,0,2,0,0.0,16.36,29.1,72.6,2026-08-14 10:21:17
2024-07-14,East,District7,1,1,1,100.0,5.31,31.5,87.9,2026-08-14 10:21:17
2024-07-14,East,District8,0,0,0,0.0,10.14,24.7,62.8,2026-08-14 10:21:17
2024-07-14,East,District9,0,3,0,0.0,1.86,28.2,77.0,2026-08-14 10:21:17
2024-07-14,East,District10,0,3,0,0.0,10.54,28.7,82.8,2026-08-14 10:21:17
2024-07-14,Far North,District1,0,0,0,0.0,0.79,23.6,83.7,2026-08-14 10:21:17
2024-07-14,Far North,District2,0,0,0,0.0,9.64,27.0,81.1,2026-08-14 10:21:17
2024-07-14,Far North,District3,0,2,0,0.0,19.13,24.4,79.7,2026-08-14 10:21:17
2024-07-14,Far North,District4,1,3,0,0.0,0.27,34.8,70.6,2026-08-14 10:21:17
2024-07-14,Far North,District5,0,1,0,0.0,6.14,31.6,79.5,2026-08-14 10:21:17
2024-07-14,Far North,District6,0,5,0,0.0,13.73,24.3,81.3,2026-08-14 10:21:17
2024-07-14,Far North,District7,0,0,0,0.0,5.46,28.5,76.7,2026-08-14 10:21:17
2024-07-14,Far North,District8,0,2,0,0.0,16.16,24.7,85.3,2026-08-14 10:21:17
2024-07-14,Far North,District9,0,2,0,0.0,11.61,22.7,74.0,2026-08-14 10:21:17
2024-07-14,Far North,District10,0,1,0,0.0,11.87,34.0,74.7,2026-08-14 10:21:17
2024-07-14,Littoral,District1,2,3,0,0.0,8.16,25.1,64.5,2026-08-14 10:21:17
2024-07-14,Littoral,District2,0,3,0,0.0,2.12,21.7,65.3,2026-08-14 10:21:17
2024-07-14,Littoral,District3,0,3,0,0.0,10.59,29.1,78.5,2026-08-14 10:21:17
2024-07-14,Littoral,District4,0,0,0,0.0,4.59,31.4,69.9,2026-08-14 10:21:17
2024-07-14,Littoral,District5,0,0,0,0.0,17.14,28.4,86.6,2026-08-14 10:21:17
2024-07-14,Littoral,District6,2,3,1,50.0,12.22,20.2,66.7,2026-08-14 10:21:17
2024-07-14,Littoral,District7,0,4,0,0.0,8.23,24.7,81.3,2026-08-14 10:21:17
2024-07-14,Littoral,District8,0,3,0,0.0,2.58,23.7,63.8,2026-08-14 10:21:17
2024-07-14,Littoral,District9,0,3,0,0.0,2.42,21.2,54.0,2026-08-14 10:21:17
2024-07-14,Littoral,District10,0,5,0,0.0,5.3,28.9,67.4,2026-08-14 10:21:17
2024-07-14,North,District1,0,2,0,0.0,9.75,21.6,65.1,2026-08-14 10:21:17
2024-07-14,North,District2,0,0,0,0.0,2.27,24.3,63.5,2026-08-14 10:21:17
2024-07-14,North,District3,2,2,0,0.0,18.44,26.1,75.1,2026-08-14 10:21:17
2024-07-14,North,District4,1,3,0,0.0,16.47,31.5,81.6,2026-08-14 10:21:17
2024-07-14,North,District5,1,5,0,0.0,13.0,29.8,73.8,2026-08-14 10:21:17
2024-07-14,North,District6,1,5,1,100.0,1.22,22.3,57.7,2026-08-14 10:21:17
2024-07-14,North,District7,0,1,0,0.0,13.81,24.8,66.7,2026-08-14 10:21:17
2024-07-14,North,District8,1,5,0,0.0,8.97,20.4,55.2,2026-08-14 10:21:17
2024-07-14,North,District9,0,0,0,0.0,8.84,23.4,86.0,2026-08-14 10:21:17
2024-07-14,North,District10,2,0,0,0.0,19.53,21.2,80.4,2026-08-14 10:21:17
2024-07-14,North-West,District1,0,2,0,0.0,6.53,28.8,83.3,2026-08-14 10:21:17
2024-07-14,North-West,District2,1,1,1,100.0,0.47,31.4,68.4,2026-08-14 10:21:17
2024-07-14,North-West,District3,0,5,0,0.0,13.14,27.1,52.5,2026-08-14 10:21:17
2024-07-14,North-West,District4,0,3,0,0.0,9.72,23.4,61.1,2026-08-14 10:21:17
2024-07-14,North-West,District5,0,1,0,0.0,17.55,30.5,56.3,2026-08-14 10:21:17
2024-07-14,North-West,District6,2,5,1,50.0,17.84,21.1,59.5,2026-08-14 10:21:17
2024-07-14,North-West,District7,2,0,0,0.0,10.54,29.6,65.5,2026-08-14 10:21:17
2024-07-14,North-West,District8,0,2,0,0.0,5.42,22.1,52.8,2026-08-14 10:21:17
2024-07-14,North-West,District9,0,0,0,0.0,19.71,30.6,78.9,2026-08-14 10:21:17
2024-07-14,North-West,District10,0,4,0,0.0,13.32,27.9,88.8,2026-08-14 10:21:17
2024-07-14,South,District1,0,4,0,0.0,12.6,23.6,72.5,2026-08-14 10:21:17
2024-07-14,South,District2,2,0,0,0.0,10.87,33.6,89.5,2026-08-14 10:21:17
2024-07-14,South,District3,0,1,0,0.0,0.96,33.3,78.5,2026-08-14 10:21:17
2024-07-14,South,District4,0,2,0,0.0,9.69,31.4,50.2,2026-08-14 10:21:17
2024-07-14,South,District5,0,5,0,0.0,9.49,21.3,85.3,2026-08-14 10:21:17
2024-07-14,South,District6,0,1,0,0.0,18.09,21.8,73.3,2026-08-14 10:21:17
2024-07-14,South,District7,0,4,0,0.0,11.93,21.3,53.7,2026-08-14 10:21:17
2024-07-14,South,District8,0,4,0,0.0,5.79,33.4,82.1,2026-08-14 10:21:17
2024-07-14,South,District9,0,1,0,0.0,6.09,26.3,52.5,2026-08-14 10:21:17
2024-07-14,South,District10,0,5,0,0.0,6.29,24.9,70.9,2026-08-14 10:21:17
2024-07-14,South-West,District1,1,2,0,0.0,2.75,29.2,81.7,2026-08-14 10:21:17
2024-07-14,South-West,District2,0,3,0,0.0,16.98,24.7,71.8,2026-08-14 10:21:17
2024-07-14,South-West,District3,2,1,1,50.0,12.31,33.0,76.9,2026-08-14 10:21:17
2024-07-14,South-West,District4,3,1,1,33.33,9.19,20.2,59.9,2026-08-14 10:21:17
2024-07-14,South-West,District5,0,3,0,0.0,6.46,27.4,60.4,2026-08-14 10:21:17
2024-07-14,South-West,District6,0,4,0,0.0,0.51,29.3,61.0,2026-08-14 10:21:17
2024-07-14,South-West,District7,2,5,0,0.0,9.85,23.6,61.5,2026-08-14 10:21:17
2024-07-14,South-West,District8,0,2,0,0.0,11.97,26.0,58.5,2026-08-14 10:21:17
2024-07-14,South-West,District9,0,1,0,0.0,1.97,24.6,75.8,2026-08-14 10:21:17
2024-07-14,South-West,District10,1,2,0,0.0,11.74,29.1,76.1,2026-08-14 10:21:17
2024-07-14,West,District1,2,1,1,50.0,0.39,24.6,52.8,2026-08-14 10:21:17
2024-07-14,West,District2,0,4,0,0.0,5.3,32.2,87.0,2026-08-14 10:21:17
2024-07-14,West,District3,2,5,0,0.0,17.56,22.1,71.0,2026-08-14 10:21:17
2024-07-14,West,District4,0,1,0,0.0,18.31,28.7,56.6,2026-08-14 10:21:17
2024-07-14,West,District5,0,5,0,0.0,6.51,21.7,63.2,2026-08-14 10:21:17
2024-07-14,West,District6,0,5,0,0.0,17.89,25.0,54.6,2026-08-14 10:21:17
2024-07-14,West,District7,0,4,0,0.0,6.63,29.6,74.6,2026-08-14 10:21:17
2024-07-14,West,District8,0,2,0,0.0,11.11,28.5,68.4,2026-08-14 10:21:17
2024-07-14,West,District9,0,2,0,0.0,1.89,33.4,59.7,2026-08-14 10:21:17
2024-07-14,West,District10,0,2,0,0.0,14.98,32.4,76.6,2026-08-14 10:21:17
2024-08-09,Adamawa,District1,0,1,0,0.0,12.33,24.5,64.3,2026-08-14 10:21:17
2024-08-09,Adamawa,District2,0,2,0,0.0,6.04,22.7,64.5,2026-08-14 10:21:17
2024-08-09,Adamawa,District3,0,3,0,0.0,18.49,30.0,86.3,2026-08-14 10:21:17
2024-08-09,Adamawa,District4,1,5,0,0.0,14.97,26.0,52.6,2026-08-14 10:21:17
2024-08-09,Adamawa,District5,0,3,0,0.0,7.39,32.7,72.8,2026-08-14 10:21:17
2024-08-09,Adamawa,District6,0,3,0,0.0,12.23,33.8,79.0,2026-08-14 10:21:17
2024-08-09,Adamawa,District7,0,1,0,0.0,14.53,22.5,82.5,2026-08-14 10:21:17
2024-08-09,Adamawa,District8,0,3,0,0.0,10.45,23.1,58.3,2026-08-14 10:21:17
2024-08-09,Adamawa,District9,0,0,0,0.0,8.14,25.9,62.5,2026-08-14 10:21:17
2024-08-09,Adamawa,District10,0,4,0,0.0,15.74,22.7,88.5,2026-08-14 10:21:17
2024-08-09,Centre,District1,0,2,0,0.0,8.1,33.5,74.2,2026-08-14 10:21:17
2024-08-09,Centre,District2,0,5,0,0.0,5.59,27.1,72.0,2026-08-14 10:21:17
2024-08-09,Centre,District3,2,5,1,50.0,10.57,21.3,60.0,2026-08-14 10:21:17
2024-08-09,Centre,District4,1,3,0,0.0,9.66,30.0,77.9,2026-08-14 10:21:17
2024-08-09,Centre,District5,0,3,0,0.0,9.81,31.9,80.7,2026-08-14 10:21:17
2024-08-09,Centre,District6,3,5,0,0.0,1.31,23.4,87.9,2026-08-14 10:21:17
2024-08-09,Centre,District7,0,1,0,0.0,12.71,23.3,73.9,2026-08-14 10:21:17
2024-08-09,Centre,District8,0,4,0,0.0,19.48,23.6,69.9,2026-08-14 10:21:17
2024-08-09,Centre,District9,2,5,0,0.0,15.7,20.8,53.7,2026-08-14 10:21:17
2024-08-09,Centre,District10,0,4,0,0.0,13.16,34.5,85.9,2026-08-14 10:21:17
2024-08-09,East,District1,0,3,0,0.0,6.13,29.7,81.7,2026-08-14 10:21:17
2024-08-09,East,District2,0,2,0,0.0,12.71,33.2,65.1,2026-08-14 10:21:17
2024-08-09,East,District3,0,5,0,0.0,7.7,20.1,88.1,2026-08-14 10:21:17
2024-08-09,East,District4,0,0,0,0.0,5.85,25.6,69.7,2026-08-14 10:21:17
2024-08-09,East,District5,1,3,1,100.0,8.25,33.0,89.9,2026-08-14 10:21:17
2024-08-09,East,District6,0,1,0,0.0,6.79,31.9,66.9,2026-08-14 10:21:17
2024-08-09,East,District7,0,2,0,0.0,18.66,29.8,63.5,2026-08-14 10:21:17
2024-08-09,East,District8,1,4,0,0.0,10.87,26.8,51.8,2026-08-14 10:21:17
2024-08-09,East,District9,0,3,0,0.0,0.09,20.5,68.8,2026-08-14 10:21:17
2024-08-09,East,District10,0,2,0,0.0,12.38,30.4,53.1,2026-08-14 10:21:17
2024-08-09,Far North,District1,0,3,0,0.0,4.97,29.8,75.2,2026-08-14 10:21:17
2024-08-09,Far North,District2,0,0,0,0.0,5.31,21.4,72.6,2026-08-14 10:21:17
2024-08-09,Far North,District3,0,4,0,0.0,16.83,24.4,78.3,2026-08-14 10:21:17
2024-08-09,Far North,District4,0,0,0,0.0,2.95,31.2,64.8,2026-08-14 10:21:17
2024-08-09,Far North,District5,0,2,0,0.0,2.17,23.5,61.5,2026-08-14 10:21:17
2024-08-09,Far North,District6,0,5,0,0.0,18.9,33.0,62.2,2026-08-14 10:21:17
2024-08-09,Far North,District7,0,1,0,0.0,12.14,25.8,69.4,2026-08-14 10:21:17
2024-08-09,Far North,District8,3,4,1,33.33,6.25,32.7,56.6,2026-08-14 10:21:17
2024-08-09,Far North,District9,0,4,0,0.0,7.54,20.6,77.5,2026-08-14 10:21:17
2024-08-09,Far North,District10,1,5,1,100.0,5.26,32.7,89.2,2026-08-14 10:21:17
2024-08-09,Littoral,District1,0,3,0,0.0,10.5,31.1,70.4,2026-08-14 10:21:17
2024-08-09,Littoral,District2,0,0,0,0.0,0.21,23.8,62.3,2026-08-14 10:21:17
2024-08-09,Littoral,District3,0,1,0,0.0,18.11,25.3,60.5,2026-08-14 10:21:17
2024-08-09,Littoral,District4,1,4,1,100.0,15.36,28.9,64.5,2026-08-14 10:21:17
2024-08-09,Littoral,District5,0,4,0,0.0,10.17,21.9,56.2,2026-08-14 10:21:17
2024-08-09,Littoral,District6,0,3,0,0.0,2.78,22.3,54.6,2026-08-14 10:21:17
2024-08-09,Littoral,District7,0,1,0,0.0,8.67,25.0,55.9,2026-08-14 10:21:17
2024-08-09,Littoral,District8,0,2,0,0.0,8.94,25.5,86.3,2026-08-14 10:21:17
2024-08-09,Littoral,District9,0,1,0,0.0,12.87,29.4,72.9,2026-08-14 10:21:17
2024-08-09,Littoral,District10,0,2,0,0.0,13.78,27.5,80.3,2026-08-14 10:21:17
2024-08-09,North,District1,0,4,0,0.0,11.48,20.0,54.0,2026-08-14 10:21:17
2024-08-09,North,District2,0,4,0,0.0,6.24,29.1,53.8,2026-08-14 10:21:17
2024-08-09,North,District3,3,3,0,0.0,0.92,34.4,58.0,2026-08-14 10:21:17
2024-08-09,North,District4,1,3,0,0.0,6.21,29.8,72.4,2026-08-14 10:21:17
2024-08-09,North,District5,0,4,0,0.0,9.8,21.5,74.3,2026-08-14 10:21:17
2024-08-09,North,District6,0,0,0,0.0,1.82,23.0,85.3,2026-08-14 10:21:17
2024-08-09,North,District7,0,1,0,0.0,7.79,32.2,75.3,2026-08-14 10:21:17
2024-08-09,North,District8,0,4,0,0.0,2.58,30.0,53.0,2026-08-14 10:21:17
2024-08-09,North,District9,1,2,0,0.0,7.01,24.8,59.6,2026-08-14 10:21:17
2024-08-09,North,District10,0,4,0,0.0,4.3,20.6,59.0,2026-08-14 10:21:17
2024-08-09,North-West,District1,0,2,0,0.0,4.88,24.0,56.1,2026-08-14 10:21:17
2024-08-09,North-West,District2,0,4,0,0.0,1.81,33.5,55.2,2026-08-14 10:21:17
2024-08-09,North-West,District3,0,4,0,0.0,15.75,20.4,78.2,2026-08-14 10:21:17
2024-08-09,North-West,District4,0,5,0,0.0,1.36,22.7,69.6,2026-08-14 10:21:17
2024-08-09,North-West,District5,2,4,1,50.0,5.35,27.5,74.1,2026-08-14 10:21:17
2024-08-09,North-West,District6,0,1,0,0.0,12.3,29.2,53.5,2026-08-14 10:21:17
2024-08-09,North-West,District7,1,0,0,0.0,15.18,24.5,51.3,2026-08-14 10:21:17
2024-08-09,North-West,District8,0,0,0,0.0,7.54,26.0,84.6,2026-08-14 10:21:17
2024-08-09,North-West,District9,0,4,0,0.0,18.62,29.2,52.7,2026-08-14 10:21:17
2024-08-09,North-West,District10,1,5,1,100.0,2.59,21.7,66.6,2026-08-14 10:21:17
2024-08-09,South,District1,0,4,0,0.0,4.32,29.2,60.5,2026-08-14 10:21:17
2024-08-09,South,District2,0,0,0,0.0,16.04,35.0,55.9,2026-08-14 10:21:17
2024-08-09,South,District3,1,3,1,100.0,18.63,21.5,89.0,2026-08-14 10:21:17
2024-08-09,South,District4,2,1,1,50.0,13.1,24.1,68.1,2026-08-14 10:21:17
2024-08-09,South,District5,3,0,0,0.0,11.5,27.9,83.1,2026-08-14 10:21:17
2024-08-09,South,District6,0,1,0,0.0,10.85,25.7,69.5,2026-08-14 10:21:17
2024-08-09,South,District7,0,4,0,0.0,12.86,27.3,65.6,2026-08-14 10:21:17
2024-08-09,South,District8,0,2,0,0.0,8.95,28.0,57.8,2026-08-14 10:21:17
2024-08-09,South,District9,0,2,0,0.0,17.25,22.0,89.6,2026-08-14 10:21:17
2024-08-09,South,District10,0,1,0,0.0,12.98,28.0,82.4,2026-08-14 10:21:17
2024-08-09,South-West,District1,0,3,0,0.0,11.78,21.2,69.8,2026-08-14 10:21:17
2024-08-09,South-West,District2,0,4,0,0.0,19.99,27.8,68.7,2026-08-14 10:21:17
2024-08-09,South-West,District3,1,1,1,100.0,4.3,31.4,60.7,2026-08-14 10:21:17
2024-08-09,South-West,District4,0,3,0,0.0,14.41,34.7,86.3,2026-08-14 10:21:17
2024-08-09,South-West,District5,0,1,0,0.0,11.73,26.1,68.5,2026-08-14 10:21:17
2024-08-09,South-West,District6,0,3,0,0.0,19.14,33.1,54.7,2026-08-14 10:21:17
2024-08-09,South-West,District7,1,3,0,0.0,8.65,34.4,71.6,2026-08-14 10:21:17
2024-08-09,South-West,District8,0,0,0,0.0,18.41,25.7,69.8,2026-08-14 10:21:17
2024-08-09,South-West,District9,0,1,0,0.0,14.34,28.3,65.0,2026-08-14 10:21:17
2024-08-09,South-West,District10,0,4,0,0.0,5.21,33.0,60.2,2026-08-14 10:21:17
2024-08-09,West,District1,0,5,0,0.0,8.85,32.1,89.7,2026-08-14 10:21:17
2024-08-09,West,District2,1,4,1,100.0,18.25,25.5,50.6,2026-08-14 10:21:17
2024-08-09,West,District3,1,2,0,0.0,1.39,30.9,87.7,2026-08-14 10:21:17
2024-08-09,West,District4,0,2,0,0.0,17.49,25.7,80.6,2026-08-14 10:21:17
2024-08-09,West,District5,0,3,0,0.0,13.54,26.5,59.6,2026-08-14 10:21:17
2024-08-09,West,District6,0,4,0,0.0,1.99,26.8,59.3,2026-08-14 10:21:17
2024-08-09,West,District7,0,1,0,0.0,14.44,23.7,77.3,2026-08-14 10:21:17
2024-08-09,West,District8,2,2,0,0.0,16.44,23.3,71.7,2026-08-14 10:21:17
2024-08-09,West,District9,0,1,0,0.0,14.29,29.1,75.5,2026-08-14 10:21:17
2024-08-09,West,District10,0,5,0,0.0,1.05,27.0,61.5,2026-08-14 10:21:17
2024-08-07,Adamawa,District1,0,5,0,0.0,11.98,25.1,86.3,2026-08-14 10:21:17
2024-08-07,Adamawa,District2,1,5,1,100.0,6.86,22.7,87.3,2026-08-14 10:21:17
2024-08-07,Adamawa,District3,0,0,0,0.0,4.36,29.7,56.1,2026-08-14 10:21:17
2024-08-07,Adamawa,District4,0,4,0,0.0,6.62,25.2,79.1,2026-08-14 10:21:17
2024-08-07,Adamawa,District5,3,0,1,33.33,7.29,28.8,66.0,2026-08-14 10:21:17
2024-08-07,Adamawa,District6,2,2,0,0.0,1.02,20.3,75.2,2026-08-14 10:21:17
2024-08-07,Adamawa,District7,1,5,0,0.0,1.25,28.2,79.0,2026-08-14 10:21:17
2024-08-07,Adamawa,District8,0,4,0,0.0,3.23,29.5,64.6,2026-08-14 10:21:17
2024-08-07,Adamawa,District9,0,1,0,0.0,11.31,20.9,57.6,2026-08-14 10:21:17
2024-08-07,Adamawa,District10,0,4,0,0.0,6.45,33.8,57.1,2026-08-14 10:21:17
2024-08-07,Centre,District1,1,2,0,0.0,16.29,34.1,85.3,2026-08-14 10:21:17
2024-08-07,Centre,District2,1,5,0,0.0,10.42,34.3,83.7,2026-08-14 10:21:17
2024-08-07,Centre,District3,0,4,0,0.0,0.31,29.3,62.2,2026-08-14 10:21:17
2024-08-07,Centre,District4,0,3,0,0.0,0.18,21.3,78.1,2026-08-14 10:21:17
2024-08-07,Centre,District5,0,2,0,0.0,6.25,28.9,69.1,2026-08-14 10:21:17
2024-08-07,Centre,District6,0,5,0,0.0,16.74,27.6,78.4,2026-08-14 10:21:17
2024-08-07,Centre,District7,3,4,1,33.33,8.3,25.1,87.2,2026-08-14 10:21:17
2024-08-07,Centre,District8,1,1,1,100.0,10.36,24.1,59.6,2026-08-14 10:21:17
2024-08-07,Centre,District9,0,4,0,0.0,0.44,34.5,51.9,2026-08-14 10:21:17
2024-08-07,Centre,District10,1,0,0,0.0,9.6,30.9,74.6,2026-08-14 10:21:17
2024-08-07,East,District1,0,3,0,0.0,4.6,32.3,88.9,2026-08-14 10:21:17
2024-08-07,East,District2,0,2,0,0.0,2.02,26.3,76.7,2026-08-14 10:21:17
2024-08-07,East,District3,0,4,0,0.0,14.27,20.1,57.6,2026-08-14 10:21:17
2024-08-07,East,District4,0,1,0,0.0,0.4,32.0,53.7,2026-08-14 10:21:17
2024-08-07,East,District5,0,2,0,0.0,7.69,22.2,68.3,2026-08-14 10:21:17
2024-08-07,East,District6,0,2,0,0.0,17.93,23.0,74.8,2026-08-14 10:21:17
2024-08-07,East,District7,0,4,0,0.0,0.48,33.1,50.6,2026-08-14 10:21:17
2024-08-07,East,District8,0,2,0,0.0,1.23,33.0,85.1,2026-08-14 10:21:17
2024-08-07,East,District9,1,4,0,0.0,7.95,31.5,88.5,2026-08-14 10:21:17
2024-08-07,East,District10,1,0,0,0.0,1.87,26.2,87.5,2026-08-14 10:21:17
2024-08-07,Far North,District1,0,1,0,0.0,19.36,22.3,79.5,2026-08-14 10:21:17
2024-08-07,Far North,District2,0,4,0,0.0,10.47,34.5,61.9,2026-08-14 10:21:17
2024-08-07,Far North,District3,1,4,0,0.0,9.89,21.4,77.8,2026-08-14 10:21:17
2024-08-07,Far North,District4,1,2,1,100.0,12.58,24.7,82.8,2026-08-14 10:21:17
2024-08-07,Far North,District5,1,3,0,0.0,8.8,21.6,72.0,2026-08-14 10:21:17
2024-08-07,Far North,District6,0,0,0,0.0,17.83,26.6,79.8,2026-08-14 10:21:17
2024-08-07,Far North,District7,0,1,0,0.0,4.25,21.6,53.4,2026-08-14 10:21:17
2024-08-07,Far North,District8,0,5,0,0.0,5.44,28.0,75.8,2026-08-14 10:21:17
2024-08-07,Far North,District9,0,1,0,0.0,5.71,29.9,85.1,2026-08-14 10:21:17
2024-08-07,Far North,District10,0,5,0,0.0,17.92,30.5,74.6,2026-08-14 10:21:17
2024-08-07,Littoral,District1,0,4,0,0.0,9.52,31.7,71.3,2026-08-14 10:21:17
2024-08-07,Littoral,District2,0,2,0,0.0,16.15,32.7,79.9,2026-08-14 10:21:17
2024-08-07,Littoral,District3,0,1,0,0.0,19.58,31.0,78.4,2026-08-14 10:21:17
2024-08-07,Littoral,District4,0,3,0,0.0,11.6,25.1,62.2,2026-08-14 10:21:17
2024-08-07,Littoral,District5,0,3,0,0.0,12.31,31.0,61.0,2026-08-14 10:21:17
2024-08-07,Littoral,District6,0,4,0,0.0,7.35,26.0,59.0,2026-08-14 10:21:17
2024-08-07,Littoral,District7,0,4,0,0.0,2.8,33.8,74.5,2026-08-14 10:21:17
2024-08-07,Littoral,District8,0,3,0,0.0,15.6,28.3,52.6,2026-08-14 10:21:17
2024-08-07,Littoral,District9,0,4,0,0.0,10.64,32.0,50.7,2026-08-14 10:21:17
2024-08-07,Littoral,District10,0,1,0,0.0,3.36,32.3,56.9,2026-08-14 10:21:17
2024-08-07,North,District1,0,2,0,0.0,19.87,23.4,87.5,2026-08-14 10:21:17
2024-08-07,North,District2,3,2,0,0.0,9.16,29.5,65.7,2026-08-14 10:21:17
2024-08-07,North,District3,0,0,0,0.0,2.67,24.3,89.3,2026-08-14 10:21:17
2024-08-07,North,District4,0,0,0,0.0,6.7,33.8,84.8,2026-08-14 10:21:17
2024-08-07,North,District5,0,1,0,0.0,9.15,26.9,57.1,2026-08-14 10:21:17
2024-08-07,North,District6,2,2,1,50.0,6.15,31.7,69.9,2026-08-14 10:21:17
2024-08-07,North,District7,0,1,0,0.0,19.55,26.7,50.1,2026-08-14 10:21:17
2024-08-07,North,District8,0,1,0,0.0,4.1,29.1,68.4,2026-08-14 10:21:17
2024-08-07,North,District9,0,0,0,0.0,7.71,24.1,50.5,2026-08-14 10:21:17
2024-08-07,North,District10,0,1,0,0.0,15.18,21.5,86.8,2026-08-14 10:21:17
2024-08-07,North-West,District1,0,5,0,0.0,10.79,34.8,62.9,2026-08-14 10:21:17
2024-08-07,North-West,District2,0,1,0,0.0,19.55,34.1,52.2,2026-08-14 10:21:17
2024-08-07,North-West,District3,2,2,1,50.0,2.03,26.1,71.8,2026-08-14 10:21:17
2024-08-07,North-West,District4,0,4,0,0.0,17.23,22.1,80.7,2026-08-14 10:21:17
2024-08-07,North-West,District5,1,2,0,0.0,15.66,24.1,66.6,2026-08-14 10:21:17
2024-08-07,North-West,District6,2,5,0,0.0,8.61,32.3,59.6,2026-08-14 10:21:17
2024-08-07,North-West,District7,0,3,0,0.0,15.86,28.8,78.8,2026-08-14 10:21:17
2024-08-07,North-West,District8,0,0,0,0.0,16.37,20.7,71.1,2026-08-14 10:21:17
2024-08-07,North-West,District9,1,2,1,100.0,6.3,24.7,85.3,2026-08-14 10:21:17
2024-08-07,North-West,District10,0,2,0,0.0,12.64,26.2,76.8,2026-08-14 10:21:17
2024-08-07,South,District1,0,3,0,0.0,3.59,32.2,65.1,2026-08-14 10:21:17
2024-08-07,South,District2,0,1,0,0.0,3.89,23.0,50.9,2026-08-14 10:21:17
2024-08-07,South,District3,0,0,0,0.0,0.46,28.8,63.0,2026-08-14 10:21:17
2024-08-07,South,District4,1,1,1,100.0,16.61,34.3,72.8,2026-08-14 10:21:17
2024-08-07,South,District5,0,4,0,0.0,11.18,30.6,86.4,2026-08-14 10:21:17
2024-08-07,South,District6,1,4,0,0.0,1.2,23.9,80.1,2026-08-14 10:21:17
2024-08-07,South,District7,3,5,1,33.33,10.33,33.8,74.8,2026-08-14 10:21:17
2024-08-07,South,District8,2,5,1,50.0,16.51,22.8,83.6,2026-08-14 10:21:17
2024-08-07,South,District9,0,2,0,0.0,12.52,25.7,86.4,2026-08-14 10:21:17
2024-08-07,South,District10,1,5,0,0.0,1.34,24.7,74.6,2026-08-14 10:21:17
2024-08-07,South-West,District1,1,1,1,100.0,14.79,26.0,85.3,2026-08-14 10:21:17
2024-08-07,South-West,District2,1,5,0,0.0,16.25,30.5,88.1,2026-08-14 10:21:17
2024-08-07,South-West,District3,0,2,0,0.0,8.5,26.1,84.9,2026-08-14 10:21:17
2024-08-07,South-West,District4,0,4,0,0.0,8.04,22.7,57.9,2026-08-14 10:21:17
2024-08-07,South-West,District5,0,3,0,0.0,17.71,27.8,65.6,2026-08-14 10:21:17
2024-08-07,South-West,District6,0,5,0,0.0,3.37,30.3,76.7,2026-08-14 10:21:17
2024-08-07,South-West,District7,0,4,0,0.0,4.33,28.0,89.1,2026-08-14 10:21:17
2024-08-07,South-West,District8,0,1,0,0.0,19.92,26.7,87.1,2026-08-14 10:21:17
2024-08-07,South-West,District9,0,5,0,0.0,13.94,29.7,78.7,2026-08-14 10:21:17
2024-08-07,South-West,District10,0,5,0,0.0,8.43,30.5,52.7,2026-08-14 10:21:17
2024-08-07,West,District1,0,3,0,0.0,15.7,31.8,62.7,2026-08-14 10:21:17
2024-08-07,West,District2,0,4,0,0.0,2.4,21.6,61.0,2026-08-14 10:21:17
2024-08-07,West,District3,3,1,1,33.33,10.8,24.0,76.7,2026-08-14 10:21:17
2024-08-07,West,District4,2,3,1,50.0,11.55,34.5,89.7,2026-08-14 10:21:17
2024-08-07,West,District5,0,5,0,0.0,3.85,20.0,67.9,2026-08-14 10:21:17
2024-08-07,West,District6,0,4,0,0.0,13.04,23.7,56.8,2026-08-14 10:21:17
2024-08-07,West,District7,1,3,0,0.0,0.39,34.6,84.6,2026-08-14 10:21:17
2024-08-07,West,District8,3,5,1,33.33,12.64,23.8,82.6,2026-08-14 10:21:17
2024-08-07,West,District9,0,2,0,0.0,13.98,24.5,67.0,2026-08-14 10:21:17
2024-08-07,West,District10,0,0,0,0.0,5.6,31.5,59.2,2026-08-14 10:21:17
2024-08-25,Adamawa,District1,0,5,0,0.0,0.08,23.9,88.8,2026-08-14 10:21:17
2024-08-25,Adamawa,District2,0,0,0,0.0,5.63,34.2,65.6,2026-08-14 10:21:17
2024-08-25,Adamawa,District3,1,0,1,100.0,8.69,25.0,79.3,2026-08-14 10:21:17
2024-08-25,Adamawa,District4,2,4,0,0.0,5.42,34.1,87.8,2026-08-14 10:21:17
2024-08-25,Adamawa,District5,2,5,0,0.0,11.14,32.8,60.6,2026-08-14 10:21:17
2024-08-25,Adamawa,District6,0,0,0,0.0,14.71,20.3,86.7,2026-08-14 10:21:17
2024-08-25,Adamawa,District7,0,2,0,0.0,1.24,26.0,55.2,2026-08-14 10:21:17
2024-08-25,Adamawa,District8,0,4,0,0.0,2.24,23.0,54.4,2026-08-14 10:21:17
2024-08-25,Adamawa,District9,2,4,0,0.0,12.63,28.4,85.2,2026-08-14 10:21:17
2024-08-25,Adamawa,District10,0,1,0,0.0,14.08,33.0,66.1,2026-08-14 10:21:17
2024-08-25,Centre,District1,0,3,0,0.0,14.33,27.5,60.4,2026-08-14 10:21:17
2024-08-25,Centre,District2,0,0,0,0.0,0.41,22.1,59.7,2026-08-14 10:21:17
2024-08-25,Centre,District3,0,1,0,0.0,12.08,30.7,52.0,2026-08-14 10:21:17
2024-08-25,Centre,District4,0,0,0,0.0,6.06,31.2,55.5,2026-08-14 10:21:17
2024-08-25,Centre,District5,0,2,0,0.0,2.25,26.3,75.6,2026-08-14 10:21:17
2024-08-25,Centre,District6,1,1,1,100.0,13.43,20.9,51.8,2026-08-14 10:21:17
2024-08-25,Centre,District7,0,5,0,0.0,10.44,28.4,51.5,2026-08-14 10:21:17
2024-08-25,Centre,District8,0,3,0,0.0,12.67,28.3,74.4,2026-08-14 10:21:17
2024-08-25,Centre,District9,0,2,0,0.0,13.51,28.2,86.7,2026-08-14 10:21:17
2024-08-25,Centre,District10,2,1,0,0.0,12.97,30.3,78.9,2026-08-14 10:21:17
2024-08-25,East,District1,1,4,0,0.0,8.65,29.3,60.6,2026-08-14 10:21:17
2024-08-25,East,District2,0,1,0,0.0,6.86,33.7,82.1,2026-08-14 10:21:17
2024-08-25,East,District3,0,1,0,0.0,7.76,32.6,75.7,2026-08-14 10:21:17
2024-08-25,East,District4,3,3,0,0.0,18.09,30.9,67.6,2026-08-14 10:21:17
2024-08-25,East,District5,2,1,0,0.0,9.9,20.7,62.0,2026-08-14 10:21:17
2024-08-25,East,District6,0,5,0,0.0,17.88,21.3,87.0,2026-08-14 10:21:17
2024-08-25,East,District7,0,0,0,0.0,8.59,29.4,63.9,2026-08-14 10:21:17
2024-08-25,East,District8,0,1,0,0.0,9.55,29.4,79.3,2026-08-14 10:21:17
2024-08-25,East,District9,0,3,0,0.0,9.1,27.6,74.7,2026-08-14 10:21:17
2024-08-25,East,District10,1,2,0,0.0,8.91,31.0,73.0,2026-08-14 10:21:17
2024-08-25,Far North,District1,0,1,0,0.0,3.18,21.3,74.1,2026-08-14 10:21:17
2024-08-25,Far North,District2,1,5,0,0.0,13.42,21.7,80.9,2026-08-14 10:21:17
2024-08-25,Far North,District3,0,2,0,0.0,7.43,34.5,50.4,2026-08-14 10:21:17
2024-08-25,Far North,District4,2,1,1,50.0,5.48,28.2,52.7,2026-08-14 10:21:17
2024-08-25,Far North,District5,1,2,1,100.0,11.81,26.2,77.6,2026-08-14 10:21:17
2024-08-25,Far North,District6,0,3,0,0.0,0.55,24.7,65.6,2026-08-14 10:21:17
2024-08-25,Far North,District7,0,2,0,0.0,18.53,29.9,73.2,2026-08-14 10:21:17
2024-08-25,Far North,District8,1,5,0,0.0,16.67,25.5,62.8,2026-08-14 10:21:17
2024-08-25,Far North,District9,1,0,0,0.0,10.97,25.0,79.9,2026-08-14 10:21:17
2024-08-25,Far North,District10,0,4,0,0.0,7.22,27.7,51.4,2026-08-14 10:21:17
2024-08-25,Littoral,District1,0,3,0,0.0,12.04,23.7,89.5,2026-08-14 10:21:17
2024-08-25,Littoral,District2,0,0,0,0.0,15.87,28.5,60.5,2026-08-14 10:21:17
2024-08-25,Littoral,District3,1,2,0,0.0,1.64,20.5,57.8,2026-08-14 10:21:17
2024-08-25,Littoral,District4,3,3,0,0.0,8.64,30.6,87.4,2026-08-14 10:21:17
2024-08-25,Littoral,District5,2,2,0,0.0,0.88,29.8,52.8,2026-08-14 10:21:17
2024-08-25,Littoral,District6,0,2,0,0.0,6.11,20.8,71.0,2026-08-14 10:21:17
2024-08-25,Littoral,District7,2,5,1,50.0,6.38,30.4,74.4,2026-08-14 10:21:17
2024-08-25,Littoral,District8,0,3,0,0.0,5.58,34.3,54.8,2026-08-14 10:21:17
2024-08-25,Littoral,District9,0,1,0,0.0,19.26,29.2,84.1,2026-08-14 10:21:17
2024-08-25,Littoral,District10,0,3,0,0.0,9.1,28.9,54.2,2026-08-14 10:21:17
2024-08-25,North,District1,0,0,0,0.0,12.13,29.0,80.4,2026-08-14 10:21:17
2024-08-25,North,District2,1,4,1,100.0,3.35,32.8,76.6,2026-08-14 10:21:17
2024-08-25,North,District3,0,0,0,0.0,0.96,22.9,51.1,2026-08-14 10:21:17
2024-08-25,North,District4,0,1,0,0.0,14.09,33.4,71.7,2026-08-14 10:21:17
2024-08-25,North,District5,0,1,0,0.0,1.08,28.8,84.8,2026-08-14 10:21:17
2024-08-25,North,District6,0,3,0,0.0,18.42,31.3,81.5,2026-08-14 10:21:17
2024-08-25,North,District7,0,3,0,0.0,3.91,23.7,84.7,2026-08-14 10:21:17
2024-08-25,North,District8,0,1,0,0.0,3.85,26.0,63.4,2026-08-14 10:21:17
2024-08-25,North,District9,1,3,1,100.0,6.36,22.8,68.3,2026-08-14 10:21:17
2024-08-25,North,District10,0,5,0,0.0,0.36,27.3,53.5,2026-08-14 10:21:17
2024-08-25,North-West,District1,1,0,1,100.0,14.11,24.0,57.9,2026-08-14 10:21:17
2024-08-25,North-West,District2,0,5,0,0.0,9.06,24.3,88.7,2026-08-14 10:21:17
2024-08-25,North-West,District3,0,1,0,0.0,7.05,26.6,60.2,2026-08-14 10:21:17
2024-08-25,North-West,District4,0,4,0,0.0,10.72,27.7,82.2,2026-08-14 10:21:17
2024-08-25,North-West,District5,0,3,0,0.0,8.69,25.2,78.7,2026-08-14 10:21:17
2024-08-25,North-West,District6,0,3,0,0.0,8.62,34.6,53.9,2026-08-14 10:21:17
2024-08-25,North-West,District7,0,4,0,0.0,9.4,20.4,62.8,2026-08-14 10:21:17
2024-08-25,North-West,District8,0,2,0,0.0,6.92,24.4,83.5,2026-08-14 10:21:17
2024-08-25,North-West,District9,0,1,0,0.0,10.3,28.0,69.6,2026-08-14 10:21:17
2024-08-25,North-West,District10,2,0,0,0.0,14.57,27.2,71.8,2026-08-14 10:21:17
2024-08-25,South,District1,0,0,0,0.0,14.48,24.2,79.5,2026-08-14 10:21:17
2024-08-25,South,District2,0,3,0,0.0,19.16,31.9,87.3,2026-08-14 10:21:17
2024-08-25,South,District3,0,0,0,0.0,13.11,22.2,56.3,2026-08-14 10:21:17
2024-08-25,South,District4,1,1,1,100.0,16.13,24.9,64.3,2026-08-14 10:21:17
2024-08-25,South,District5,0,5,0,0.0,8.58,30.3,84.7,2026-08-14 10:21:17
2024-08-25,South,District6,1,3,0,0.0,2.37,26.5,72.9,2026-08-14 10:21:17
2024-08-25,South,District7,0,4,0,0.0,2.67,32.9,53.8,2026-08-14 10:21:17
2024-08-25,South,District8,0,5,0,0.0,1.08,26.6,66.2,2026-08-14 10:21:17
2024-08-25,South,District9,0,3,0,0.0,5.78,23.2,63.9,2026-08-14 10:21:17
2024-08-25,South,District10,0,2,0,0.0,4.65,28.0,83.1,2026-08-14 10:21:17
2024-08-25,South-West,District1,0,4,0,0.0,6.77,22.8,51.2,2026-08-14 10:21:17
2024-08-25,South-West,District2,0,3,0,0.0,5.85,29.3,61.5,2026-08-14 10:21:17
2024-08-25,South-West,District3,2,2,1,50.0,12.02,26.3,87.8,2026-08-14 10:21:17
2024-08-25,South-West,District4,0,4,0,0.0,6.12,22.8,85.9,2026-08-14 10:21:17
2024-08-25,South-West,District5,0,1,0,0.0,8.82,23.6,52.5,2026-08-14 10:21:17
2024-08-25,South-West,District6,0,3,0,0.0,2.65,27.9,67.3,2026-08-14 10:21:17
2024-08-25,South-West,District7,1,4,0,0.0,13.95,29.2,61.3,2026-08-14 10:21:17
2024-08-25,South-West,District8,2,4,1,50.0,14.15,28.2,63.5,2026-08-14 10:21:17
2024-08-25,South-West,District9,0,3,0,0.0,8.06,23.9,73.9,2026-08-14 10:21:17
2024-08-25,South-West,District10,0,1,0,0.0,18.89,26.6,58.0,2026-08-14 10:21:17
2024-08-25,West,District1,0,2,0,0.0,19.86,27.6,64.7,2026-08-14 10:21:17
2024-08-25,West,District2,0,2,0,0.0,11.32,27.1,88.5,2026-08-14 10:21:17
2024-08-25,West,District3,1,1,0,0.0,14.6,25.3,54.7,2026-08-14 10:21:17
2024-08-25,West,District4,0,4,0,0.0,9.8,30.8,56.5,2026-08-14 10:21:17
2024-08-25,West,District5,0,0,0,0.0,18.47,25.3,52.6,2026-08-14 10:21:17
2024-08-25,West,District6,0,1,0,0.0,6.81,26.5,82.2,2026-08-14 10:21:17
2024-08-25,West,District7,1,4,1,100.0,0.54,31.5,80.0,2026-08-14 10:21:17
2024-08-25,West,District8,0,0,0,0.0,13.93,24.1,61.3,2026-08-14 10:21:17
2024-08-25,West,District9,0,3,0,0.0,5.57,30.7,78.5,2026-08-14 10:21:17
2024-08-25,West,District10,1,3,1,100.0,17.85,31.5,68.0,2026-08-14 10:21:17
2024-08-10,Adamawa,District1,2,2,0,0.0,13.33,26.6,65.7,2026-08-14 10:21:17
2024-08-10,Adamawa,District2,2,2,0,0.0,2.27,34.6,76.6,2026-08-14 10:21:17
2024-08-10,Adamawa,District3,2,4,1,50.0,6.17,27.3,69.9,2026-08-14 10:21:17
2024-08-10,Adamawa,District4,0,3,0,0.0,8.91,27.3,79.8,2026-08-14 10:21:17
2024-08-10,Adamawa,District5,0,2,0,0.0,3.79,33.6,83.2,2026-08-14 10:21:17
2024-08-10,Adamawa,District6,0,2,0,0.0,9.83,22.8,77.6,2026-08-14 10:21:17
2024-08-10,Adamawa,District7,0,0,0,0.0,8.63,20.5,52.1,2026-08-14 10:21:17
2024-08-10,Adamawa,District8,0,0,0,0.0,0.75,27.9,80.2,2026-08-14 10:21:17
2024-08-10,Adamawa,District9,0,1,0,0.0,14.91,33.9,79.1,2026-08-14 10:21:17
2024-08-10,Adamawa,District10,1,4,1,100.0,18.2,27.8,84.0,2026-08-14 10:21:17
2024-08-10,Centre,District1,2,1,0,0.0,16.98,26.6,88.6,2026-08-14 10:21:17
2024-08-10,Centre,District2,1,1,0,0.0,16.06,24.8,81.3,2026-08-14 10:21:17
2024-08-10,Centre,District3,0,0,0,0.0,14.84,24.6,51.5,2026-08-14 10:21:17
2024-08-10,Centre,District4,0,1,0,0.0,0.03,23.3,88.1,2026-08-14 10:21:17
2024-08-10,Centre,District5,2,3,1,50.0,9.89,27.2,54.7,2026-08-14 10:21:17
2024-08-10,Centre,District6,0,5,0,0.0,14.48,23.4,56.8,2026-08-14 10:21:17
2024-08-10,Centre,District7,0,5,0,0.0,0.86,28.3,83.0,2026-08-14 10:21:17
2024-08-10,Centre,District8,0,0,0,0.0,11.05,23.9,54.8,2026-08-14 10:21:17
2024-08-10,Centre,District9,0,0,0,0.0,9.35,32.3,61.9,2026-08-14 10:21:17
2024-08-10,Centre,District10,0,4,0,0.0,5.81,32.0,78.4,2026-08-14 10:21:17
2024-08-10,East,District1,0,5,0,0.0,9.14,29.8,53.9,2026-08-14 10:21:17
2024-08-10,East,District2,1,5,0,0.0,17.15,21.7,71.5,2026-08-14 10:21:17
2024-08-10,East,District3,0,5,0,0.0,1.93,25.1,84.3,2026-08-14 10:21:17
2024-08-10,East,District4,0,0,0,0.0,13.71,20.5,57.4,2026-08-14 10:21:17
2024-08-10,East,District5,2,4,0,0.0,6.18,27.7,63.2,2026-08-14 10:21:17
2024-08-10,East,District6,2,0,1,50.0,12.53,27.4,88.3,2026-08-14 10:21:17
2024-08-10,East,District7,0,0,0,0.0,0.91,20.3,73.2,2026-08-14 10:21:17
2024-08-10,East,District8,3,3,0,0.0,0.23,21.1,65.5,2026-08-14 10:21:17
2024-08-10,East,District9,0,5,0,0.0,5.36,24.5,57.0,2026-08-14 10:21:17
2024-08-10,East,District10,0,1,0,0.0,2.11,33.7,72.0,2026-08-14 10:21:17
2024-08-10,Far North,District1,0,4,0,0.0,8.52,22.0,53.9,2026-08-14 10:21:17
2024-08-10,Far North,District2,2,1,1,50.0,10.02,32.6,82.3,2026-08-14 10:21:17
2024-08-10,Far North,District3,0,1,0,0.0,12.26,23.4,73.0,2026-08-14 10:21:17
2024-08-10,Far North,District4,0,1,0,0.0,6.71,26.3,63.4,2026-08-14 10:21:17
2024-08-10,Far North,District5,0,5,0,0.0,0.18,34.6,84.6,2026-08-14 10:21:17
2024-08-10,Far North,District6,0,5,0,0.0,18.81,25.5,67.0,2026-08-14 10:21:17
2024-08-10,Far North,District7,1,4,0,0.0,8.21,34.4,53.5,2026-08-14 10:21:17
2024-08-10,Far North,District8,0,5,0,0.0,8.09,31.7,89.3,2026-08-14 10:21:17
2024-08-10,Far North,District9,0,0,0,0.0,11.39,30.1,73.1,2026-08-14 10:21:17
2024-08-10,Far North,District10,2,2,0,0.0,3.47,30.5,82.3,2026-08-14 10:21:17
2024-08-10,Littoral,District1,0,5,0,0.0,6.55,28.1,65.7,2026-08-14 10:21:17
2024-08-10,Littoral,District2,0,0,0,0.0,13.19,29.2,85.3,2026-08-14 10:21:17
2024-08-10,Littoral,District3,0,0,0,0.0,1.37,26.3,69.2,2026-08-14 10:21:17
2024-08-10,Littoral,District4,0,4,0,0.0,2.1,29.8,67.9,2026-08-14 10:21:17
2024-08-10,Littoral,District5,0,2,0,0.0,17.05,25.6,52.3,2026-08-14 10:21:17
2024-08-10,Littoral,District6,0,0,0,0.0,19.62,31.4,78.3,2026-08-14 10:21:17
2024-08-10,Littoral,District7,0,2,0,0.0,0.38,26.2,52.0,2026-08-14 10:21:17
2024-08-10,Littoral,District8,0,4,0,0.0,17.82,32.2,85.5,2026-08-14 10:21:17
2024-08-10,Littoral,District9,0,2,0,0.0,0.68,23.2,70.5,2026-08-14 10:21:17
2024-08-10,Littoral,District10,2,1,0,0.0,11.1,20.6,60.4,2026-08-14 10:21:17
2024-08-10,North,District1,3,2,1,33.33,0.28,25.8,50.4,2026-08-14 10:21:17
2024-08-10,North,District2,0,1,0,0.0,13.42,33.6,64.2,2026-08-14 10:21:17
2024-08-10,North,District3,2,3,0,0.0,16.62,29.6,62.6,2026-08-14 10:21:17
2024-08-10,North,District4,0,4,0,0.0,2.49,24.8,83.0,2026-08-14 10:21:17
2024-08-10,North,District5,0,1,0,0.0,8.76,27.8,56.3,2026-08-14 10:21:17
2024-08-10,North,District6,0,3,0,0.0,0.97,22.8,74.9,2026-08-14 10:21:17
2024-08-10,North,District7,1,3,1,100.0,12.84,33.4,59.7,2026-08-14 10:21:17
2024-08-10,North,District8,0,2,0,0.0,13.29,21.0,57.9,2026-08-14 10:21:17
2024-08-10,North,District9,0,3,0,0.0,19.29,20.5,62.5,2026-08-14 10:21:17
2024-08-10,North,District10,0,3,0,0.0,2.11,29.7,66.5,2026-08-14 10:21:17
2024-08-10,North-West,District1,0,2,0,0.0,2.58,32.0,81.0,2026-08-14 10:21:17
2024-08-10,North-West,District2,0,2,0,0.0,2.51,34.2,52.7,2026-08-14 10:21:17
2024-08-10,North-West,District3,0,0,0,0.0,11.67,23.9,87.5,2026-08-14 10:21:17
2024-08-10,North-West,District4,0,2,0,0.0,16.33,26.7,59.4,2026-08-14 10:21:17
2024-08-10,North-West,District5,3,5,0,0.0,14.04,27.5,83.1,2026-08-14 10:21:17
2024-08-10,North-West,District6,2,1,1,50.0,12.27,20.6,61.5,2026-08-14 10:21:17
2024-08-10,North-West,District7,0,2,0,0.0,10.03,21.2,64.0,2026-08-14 10:21:17
2024-08-10,North-West,District8,3,2,0,0.0,7.72,35.0,69.9,2026-08-14 10:21:17
2024-08-10,North-West,District9,0,1,0,0.0,14.05,27.9,79.3,2026-08-14 10:21:17
2024-08-10,North-West,District10,0,4,0,0.0,10.91,34.7,81.1,2026-08-14 10:21:17
2024-08-10,South,District1,0,2,0,0.0,16.13,28.7,72.2,2026-08-14 10:21:17
2024-08-10,South,District2,0,0,0,0.0,13.76,32.8,85.9,2026-08-14 10:21:17
2024-08-10,South,District3,2,0,1,50.0,14.92,23.0,52.9,2026-08-14 10:21:17
2024-08-10,South,District4,0,0,0,0.0,5.26,21.9,83.4,2026-08-14 10:21:17
2024-08-10,South,District5,0,1,0,0.0,11.16,27.4,81.4,2026-08-14 10:21:17
2024-08-10,South,District6,0,1,0,0.0,5.57,31.8,87.2,2026-08-14 10:21:17
2024-08-10,South,District7,2,0,0,0.0,4.71,20.0,61.3,2026-08-14 10:21:17
2024-08-10,South,District8,0,2,0,0.0,18.19,22.6,64.7,2026-08-14 10:21:17
2024-08-10,South,District9,0,4,0,0.0,10.26,34.4,55.7,2026-08-14 10:21:17
2024-08-10,South,District10,0,4,0,0.0,17.58,25.0,55.4,2026-08-14 10:21:17
2024-08-10,South-West,District1,0,1,0,0.0,13.74,32.0,52.6,2026-08-14 10:21:17
2024-08-10,South-West,District2,3,1,1,33.33,2.78,30.3,52.6,2026-08-14 10:21:17
2024-08-10,South-West,District3,0,4,0,0.0,3.92,33.8,84.1,2026-08-14 10:21:17
2024-08-10,South-West,District4,0,0,0,0.0,4.92,28.2,85.7,2026-08-14 10:21:17
2024-08-10,South-West,District5,2,4,1,50.0,15.3,27.3,58.0,2026-08-14 10:21:17
2024-08-10,South-West,District6,1,2,1,100.0,2.43,25.8,67.9,2026-08-14 10:21:17
2024-08-10,South-West,District7,0,5,0,0.0,14.63,26.0,74.1,2026-08-14 10:21:17
2024-08-10,South-West,District8,0,1,0,0.0,13.81,29.1,73.2,2026-08-14 10:21:17
2024-08-10,South-West,District9,0,1,0,0.0,8.01,22.3,75.4,2026-08-14 10:21:17
2024-08-10,South-West,District10,1,3,1,100.0,1.45,33.9,50.2,2026-08-14 10:21:17
2024-08-10,West,District1,0,3,0,0.0,2.08,27.0,68.3,2026-08-14 10:21:17
2024-08-10,West,District2,0,4,0,0.0,2.13,24.8,62.6,2026-08-14 10:21:17
2024-08-10,West,District3,1,2,1,100.0,10.59,23.0,69.1,2026-08-14 10:21:17
2024-08-10,West,District4,0,0,0,0.0,8.45,31.8,53.4,2026-08-14 10:21:17
2024-08-10,West,District5,2,0,1,50.0,15.31,31.4,71.0,2026-08-14 10:21:17
2024-08-10,West,District6,0,3,0,0.0,0.57,28.6,64.7,2026-08-14 10:21:17
2024-08-10,West,District7,0,3,0,0.0,12.31,34.0,66.8,2026-08-14 10:21:17
2024-08-10,West,District8,0,5,0,0.0,10.98,28.5,52.0,2026-08-14 10:21:17
2024-08-10,West,District9,2,5,1,50.0,6.21,31.0,87.8,2026-08-14 10:21:17
2024-08-10,West,District10,3,4,1,33.33,7.26,30.3,50.1,2026-08-14 10:21:17
2024-09-30,Adamawa,District1,3,0,1,33.33,16.13,25.4,59.0,2026-08-14 10:21:17
2024-09-30,Adamawa,District2,0,4,0,0.0,13.67,30.2,50.1,2026-08-14 10:21:17
2024-09-30,Adamawa,District3,0,5,0,0.0,16.64,28.0,85.2,2026-08-14 10:21:17
2024-09-30,Adamawa,District4,1,4,1,100.0,0.31,25.3,81.1,2026-08-14 10:21:17
2024-09-30,Adamawa,District5,0,4,0,0.0,1.64,24.2,72.2,2026-08-14 10:21:17
2024-09-30,Adamawa,District6,0,5,0,0.0,0.32,24.4,88.6,2026-08-14 10:21:17
2024-09-30,Adamawa,District7,0,3,0,0.0,13.68,21.6,89.0,2026-08-14 10:21:17
2024-09-30,Adamawa,District8,2,1,0,0.0,19.87,30.7,80.7,2026-08-14 10:21:17
2024-09-30,Adamawa,District9,3,4,1,33.33,3.54,30.1,77.3,2026-08-14 10:21:17
2024-09-30,Adamawa,District10,0,5,0,0.0,11.08,24.8,75.8,2026-08-14 10:21:17
2024-09-30,Centre,District1,0,3,0,0.0,10.65,25.2,64.7,2026-08-14 10:21:17
2024-09-30,Centre,District2,2,1,1,50.0,15.5,32.7,74.2,2026-08-14 10:21:17
2024-09-30,Centre,District3,0,3,0,0.0,1.99,22.3,58.0,2026-08-14 10:21:17
2024-09-30,Centre,District4,0,3,0,0.0,13.29,26.3,78.2,2026-08-14 10:21:17
2024-09-30,Centre,District5,0,1,0,0.0,11.88,22.9,84.9,2026-08-14 10:21:17
2024-09-30,Centre,District6,0,4,0,0.0,6.55,33.5,76.1,2026-08-14 10:21:17
2024-09-30,Centre,District7,0,1,0,0.0,16.91,30.5,79.4,2026-08-14 10:21:17
2024-09-30,Centre,District8,0,3,0,0.0,11.6,20.6,53.9,2026-08-14 10:21:17
2024-09-30,Centre,District9,0,5,0,0.0,10.76,28.1,52.4,2026-08-14 10:21:17
2024-09-30,Centre,District10,0,2,0,0.0,13.12,21.1,50.6,2026-08-14 10:21:17
2024-09-30,East,District1,0,1,0,0.0,10.41,30.4,59.6,2026-08-14 10:21:17
2024-09-30,East,District2,0,5,0,0.0,16.52,23.7,53.8,2026-08-14 10:21:17
2024-09-30,East,District3,0,2,0,0.0,5.12,22.8,52.4,2026-08-14 10:21:17
2024-09-30,East,District4,0,2,0,0.0,8.15,34.5,52.4,2026-08-14 10:21:17
2024-09-30,East,District5,2,3,1,50.0,12.72,33.9,66.7,2026-08-14 10:21:17
2024-09-30,East,District6,2,0,1,50.0,14.03,24.3,62.9,2026-08-14 10:21:17
2024-09-30,East,District7,0,3,0,0.0,15.02,25.9,67.2,2026-08-14 10:21:17
2024-09-30,East,District8,0,5,0,0.0,17.49,32.7,51.3,2026-08-14 10:21:17
2024-09-30,East,District9,0,5,0,0.0,10.75,25.9,74.1,2026-08-14 10:21:17
2024-09-30,East,District10,0,1,0,0.0,18.48,20.6,88.3,2026-08-14 10:21:17
2024-09-30,Far North,District1,0,5,0,0.0,1.63,21.3,53.8,2026-08-14 10:21:17
2024-09-30,Far North,District2,0,0,0,0.0,7.45,29.7,86.0,2026-08-14 10:21:17
2024-09-30,Far North,District3,0,2,0,0.0,2.16,32.1,67.8,2026-08-14 10:21:17
2024-09-30,Far North,District4,1,5,1,100.0,19.72,32.1,84.6,2026-08-14 10:21:17
2024-09-30,Far North,District5,0,1,0,0.0,13.77,25.6,52.5,2026-08-14 10:21:17
2024-09-30,Far North,District6,1,1,1,100.0,0.02,24.6,88.2,2026-08-14 10:21:17
2024-09-30,Far North,District7,2,3,0,0.0,12.47,23.2,74.6,2026-08-14 10:21:17
2024-09-30,Far North,District8,0,2,0,0.0,15.48,28.6,50.9,2026-08-14 10:21:17
2024-09-30,Far North,District9,1,0,1,100.0,11.97,24.1,85.5,2026-08-14 10:21:17
2024-09-30,Far North,District10,0,5,0,0.0,15.05,31.7,90.0,2026-08-14 10:21:17
2024-09-30,Littoral,District1,0,2,0,0.0,15.77,22.7,78.5,2026-08-14 10:21:17
2024-09-30,Littoral,District2,0,2,0,0.0,15.06,27.4,63.1,2026-08-14 10:21:17
2024-09-30,Littoral,District3,1,3,1,100.0,11.7,34.2,78.8,2026-08-14 10:21:17
2024-09-30,Littoral,District4,0,0,0,0.0,2.69,22.0,88.6,2026-08-14 10:21:17
2024-09-30,Littoral,District5,0,0,0,0.0,3.47,30.4,68.8,2026-08-14 10:21:17
2024-09-30,Littoral,District6,1,0,1,100.0,4.55,33.1,56.0,2026-08-14 10:21:17
2024-09-30,Littoral,District7,0,1,0,0.0,8.11,30.1,68.2,2026-08-14 10:21:17
2024-09-30,Littoral,District8,0,0,0,0.0,14.91,25.4,79.3,2026-08-14 10:21:17
2024-09-30,Littoral,District9,0,2,0,0.0,4.61,31.4,82.7,2026-08-14 10:21:17
2024-09-30,Littoral,District10,1,0,1,100.0,16.96,25.5,76.7,2026-08-14 10:21:17
2024-09-30,North,District1,0,0,0,0.0,18.03,21.4,72.1,2026-08-14 10:21:17
2024-09-30,North,District2,0,4,0,0.0,0.14,29.9,58.5,2026-08-14 10:21:17
2024-09-30,North,District3,0,1,0,0.0,15.72,22.6,73.3,2026-08-14 10:21:17
2024-09-30,North,District4,0,1,0,0.0,9.55,25.0,67.4,2026-08-14 10:21:17
2024-09-30,North,District5,1,1,1,100.0,18.5,29.1,70.1,2026-08-14 10:21:17
2024-09-30,North,District6,0,0,0,0.0,13.0,34.3,80.5,2026-08-14 10:21:17
2024-09-30,North,District7,0,4,0,0.0,15.38,32.0,89.7,2026-08-14 10:21:17
2024-09-30,North,District8,3,5,1,33.33,15.43,27.8,56.0,2026-08-14 10:21:17
2024-09-30,North,District9,0,2,0,0.0,5.59,31.9,52.8,2026-08-14 10:21:17
2024-09-30,North,District10,0,5,0,0.0,17.65,21.7,54.7,2026-08-14 10:21:17
2024-09-30,North-West,District1,0,0,0,0.0,18.64,26.4,85.0,2026-08-14 10:21:17
2024-09-30,North-West,District2,0,4,0,0.0,11.27,32.5,87.7,2026-08-14 10:21:17
2024-09-30,North-West,District3,3,4,0,0.0,13.72,23.5,62.0,2026-08-14 10:21:17
2024-09-30,North-West,District4,0,0,0,0.0,12.01,31.9,79.1,2026-08-14 10:21:17
2024-09-30,North-West,District5,0,2,0,0.0,18.73,28.8,59.2,2026-08-14 10:21:17
2024-09-30,North-West,District6,0,1,0,0.0,13.24,26.1,71.9,2026-08-14 10:21:17
2024-09-30,North-West,District7,0,3,0,0.0,16.05,26.0,73.1,2026-08-14 10:21:17
2024-09-30,North-West,District8,0,4,0,0.0,4.15,27.7,61.6,2026-08-14 10:21:17
2024-09-30,North-West,District9,0,4,0,0.0,17.3,33.9,52.1,2026-08-14 10:21:17
2024-09-30,North-West,District10,0,3,0,0.0,6.16,24.1,63.6,2026-08-14 10:21:17
2024-09-30,South,District1,0,4,0,0.0,4.47,24.1,57.7,2026-08-14 10:21:17
2024-09-30,South,District2,0,5,0,0.0,4.69,30.0,59.3,2026-08-14 10:21:17
2024-09-30,South,District3,0,2,0,0.0,6.34,30.9,68.9,2026-08-14 10:21:17
2024-09-30,South,District4,2,2,1,50.0,1.49,25.9,66.5,2026-08-14 10:21:17
2024-09-30,South,District5,1,0,0,0.0,5.61,22.3,56.1,2026-08-14 10:21:17
2024-09-30,South,District6,0,0,0,0.0,0.05,24.6,58.0,2026-08-14 10:21:17
2024-09-30,South,District7,0,3,0,0.0,14.34,33.6,72.9,2026-08-14 10:21:17
2024-09-30,South,District8,0,4,0,0.0,12.43,25.9,82.3,2026-08-14 10:21:17
2024-09-30,South,District9,0,3,0,0.0,6.86,31.5,82.1,2026-08-14 10:21:17
2024-09-30,South,District10,2,5,1,50.0,18.6,24.6,55.5,2026-08-14 10:21:17
2024-09-30,South-West,District1,0,3,0,0.0,12.75,27.3,66.5,2026-08-14 10:21:17
2024-09-30,South-West,District2,3,2,1,33.33,11.7,20.5,81.5,2026-08-14 10:21:17
2024-09-30,South-West,District3,0,1,0,0.0,14.09,31.3,72.9,2026-08-14 10:21:17
2024-09-30,South-West,District4,1,0,0,0.0,15.78,20.3,81.5,2026-08-14 10:21:17
2024-09-30,South-West,District5,0,4,0,0.0,4.02,31.5,56.5,2026-08-14 10:21:17
2024-09-30,South-West,District6,0,3,0,0.0,9.94,28.4,62.2,2026-08-14 10:21:17
2024-09-30,South-West,District7,0,1,0,0.0,17.39,29.6,57.8,2026-08-14 10:21:17
2024-09-30,South-West,District8,0,4,0,0.0,11.42,29.6,73.5,2026-08-14 10:21:17
2024-09-30,South-West,District9,0,2,0,0.0,16.7,22.4,50.4,2026-08-14 10:21:17
2024-09-30,South-West,District10,3,2,0,0.0,13.49,23.9,67.8,2026-08-14 10:21:17
2024-09-30,West,District1,2,5,0,0.0,8.61,30.2,65.1,2026-08-14 10:21:17
2024-09-30,West,District2,0,0,0,0.0,0.49,29.1,86.4,2026-08-14 10:21:17
2024-09-30,West,District3,0,1,0,0.0,15.93,33.6,89.1,2026-08-14 10:21:17
2024-09-30,West,District4,0,3,0,0.0,17.53,33.5,70.3,2026-08-14 10:21:17
2024-09-30,West,District5,0,0,0,0.0,12.36,33.2,85.3,2026-08-14 10:21:17
2024-09-30,West,District6,0,0,0,0.0,1.0,28.1,83.1,2026-08-14 10:21:17
2024-09-30,West,District7,0,1,0,0.0,2.17,25.2,80.9,2026-08-14 10:21:17
2024-09-30,West,District8,0,4,0,0.0,15.35,32.2,78.8,2026-08-14 10:21:17
2024-09-30,West,District9,0,1,0,0.0,14.64,24.3,83.5,2026-08-14 10:21:17
2024-09-30,West,District10,0,4,0,0.0,17.99,26.7,61.9,2026-08-14 10:21:17
2024-09-17,Adamawa,District1,3,0,1,33.33,19.64,25.6,86.2,2026-08-14 10:21:17
2024-09-17,Adamawa,District2,0,2,0,0.0,7.4,34.0,73.6,2026-08-14 10:21:17
2024-09-17,Adamawa,District3,0,4,0,0.0,7.58,28.8,71.6,2026-08-14 10:21:17
2024-09-17,Adamawa,District4,0,5,0,0.0,3.75,23.1,75.5,2026-08-14 10:21:17
2024-09-17,Adamawa,District5,0,4,0,0.0,1.1,28.8,62.3,2026-08-14 10:21:17
2024-09-17,Adamawa,District6,0,5,0,0.0,1.74,28.9,52.3,2026-08-14 10:21:17
2024-09-17,Adamawa,District7,0,3,0,0.0,6.56,23.8,89.9,2026-08-14 10:21:17
2024-09-17,Adamawa,District8,0,5,0,0.0,19.8,26.2,65.0,2026-08-14 10:21:17
2024-09-17,Adamawa,District9,0,4,0,0.0,19.34,25.6,63.0,2026-08-14 10:21:17
2024-09-17,Adamawa,District10,0,0,0,0.0,11.99,29.8,55.9,2026-08-14 10:21:17
2024-09-17,Centre,District1,0,5,0,0.0,3.99,33.3,54.7,2026-08-14 10:21:17
2024-09-17,Centre,District2,0,2,0,0.0,0.08,24.7,60.2,2026-08-14 10:21:17
2024-09-17,Centre,District3,2,4,0,0.0,4.02,28.7,89.0,2026-08-14 10:21:17
2024-09-17,Centre,District4,0,1,0,0.0,18.6,33.7,50.4,2026-08-14 10:21:17
2024-09-17,Centre,District5,1,4,1,100.0,10.74,29.8,73.9,2026-08-14 10:21:17
2024-09-17,Centre,District6,0,0,0,0.0,18.71,32.2,59.5,2026-08-14 10:21:17
2024-09-17,Centre,District7,0,2,0,0.0,8.66,25.4,89.5,2026-08-14 10:21:17
2024-09-17,Centre,District8,3,4,0,0.0,5.02,33.4,69.0,2026-08-14 10:21:17
2024-09-17,Centre,District9,1,0,0,0.0,18.23,30.2,70.0,2026-08-14 10:21:17
2024-09-17,Centre,District10,0,1,0,0.0,2.35,33.7,52.1,2026-08-14 10:21:17
2024-09-17,East,District1,0,2,0,0.0,17.59,25.4,70.6,2026-08-14 10:21:17
2024-09-17,East,District2,0,1,0,0.0,18.22,26.8,83.4,2026-08-14 10:21:17
2024-09-17,East,District3,0,5,0,0.0,16.52,30.5,60.8,2026-08-14 10:21:17
2024-09-17,East,District4,0,3,0,0.0,19.92,32.3,74.1,2026-08-14 10:21:17
2024-09-17,East,District5,1,3,0,0.0,14.36,24.7,60.5,2026-08-14 10:21:17
2024-09-17,East,District6,0,1,0,0.0,7.33,26.0,80.8,2026-08-14 10:21:17
2024-09-17,East,District7,0,2,0,0.0,15.43,21.3,76.7,2026-08-14 10:21:17
2024-09-17,East,District8,1,0,1,100.0,19.67,24.5,74.2,2026-08-14 10:21:17
2024-09-17,East,District9,0,5,0,0.0,5.94,32.0,80.2,2026-08-14 10:21:17
2024-09-17,East,District10,0,0,0,0.0,19.24,30.3,64.6,2026-08-14 10:21:17
2024-09-17,Far North,District1,0,1,0,0.0,9.04,21.8,87.6,2026-08-14 10:21:17
2024-09-17,Far North,District2,0,4,0,0.0,12.3,24.8,51.1,2026-08-14 10:21:17
2024-09-17,Far North,District3,2,5,0,0.0,16.02,24.8,76.0,2026-08-14 10:21:17
2024-09-17,Far North,District4,0,3,0,0.0,18.85,27.7,76.5,2026-08-14 10:21:17
2024-09-17,Far North,District5,0,2,0,0.0,9.37,26.5,69.6,2026-08-14 10:21:17
2024-09-17,Far North,District6,0,5,0,0.0,15.96,32.4,63.0,2026-08-14 10:21:17
2024-09-17,Far North,District7,0,4,0,0.0,18.81,24.3,56.9,2026-08-14 10:21:17
2024-09-17,Far North,District8,0,5,0,0.0,11.95,33.4,65.9,2026-08-14 10:21:17
2024-09-17,Far North,District9,0,1,0,0.0,10.3,26.9,77.2,2026-08-14 10:21:17
2024-09-17,Far North,District10,1,3,0,0.0,19.86,24.0,62.6,2026-08-14 10:21:17
2024-09-17,Littoral,District1,0,1,0,0.0,12.51,33.6,65.8,2026-08-14 10:21:17
2024-09-17,Littoral,District2,2,5,1,50.0,3.47,30.1,87.1,2026-08-14 10:21:17
2024-09-17,Littoral,District3,0,5,0,0.0,16.85,34.8,68.4,2026-08-14 10:21:17
2024-09-17,Littoral,District4,1,1,0,0.0,1.11,32.9,67.0,2026-08-14 10:21:17
2024-09-17,Littoral,District5,0,5,0,0.0,9.14,20.1,64.8,2026-08-14 10:21:17
2024-09-17,Littoral,District6,0,5,0,0.0,8.14,30.4,77.6,2026-08-14 10:21:17
2024-09-17,Littoral,District7,2,5,1,50.0,7.17,27.6,57.7,2026-08-14 10:21:17
2024-09-17,Littoral,District8,0,3,0,0.0,6.53,23.1,56.9,2026-08-14 10:21:17
2024-09-17,Littoral,District9,0,1,0,0.0,17.01,33.9,62.6,2026-08-14 10:21:17
2024-09-17,Littoral,District10,0,3,0,0.0,9.63,27.3,77.6,2026-08-14 10:21:17
2024-09-17,North,District1,0,1,0,0.0,13.44,23.4,86.4,2026-08-14 10:21:17
2024-09-17,North,District2,1,3,1,100.0,14.81,33.0,79.0,2026-08-14 10:21:17
2024-09-17,North,District3,0,4,0,0.0,4.43,32.0,56.8,2026-08-14 10:21:17
2024-09-17,North,District4,0,1,0,0.0,12.08,34.3,68.8,2026-08-14 10:21:17
2024-09-17,North,District5,1,0,0,0.0,6.81,33.3,55.5,2026-08-14 10:21:17
2024-09-17,North,District6,2,5,1,50.0,10.44,31.1,53.2,2026-08-14 10:21:17
2024-09-17,North,District7,0,1,0,0.0,2.4,26.3,80.6,2026-08-14 10:21:17
2024-09-17,North,District8,0,1,0,0.0,6.36,29.8,89.4,2026-08-14 10:21:17
2024-09-17,North,District9,0,5,0,0.0,19.61,34.8,85.0,2026-08-14 10:21:17
2024-09-17,North,District10,0,3,0,0.0,10.64,30.0,88.4,2026-08-14 10:21:17
2024-09-17,North-West,District1,0,4,0,0.0,5.47,21.9,74.7,2026-08-14 10:21:17
2024-09-17,North-West,District2,0,2,0,0.0,9.18,25.8,53.4,2026-08-14 10:21:17
2024-09-17,North-West,District3,1,1,0,0.0,8.58,25.0,63.2,2026-08-14 10:21:17
2024-09-17,North-West,District4,0,3,0,0.0,18.58,24.2,85.6,2026-08-14 10:21:17
2024-09-17,North-West,District5,0,5,0,0.0,4.82,23.4,69.9,2026-08-14 10:21:17
2024-09-17,North-West,District6,0,2,0,0.0,18.85,27.4,56.1,2026-08-14 10:21:17
2024-09-17,North-West,District7,0,4,0,0.0,5.12,23.6,87.9,2026-08-14 10:21:17
2024-09-17,North-West,District8,1,4,0,0.0,10.37,32.0,87.2,2026-08-14 10:21:17
2024-09-17,North-West,District9,0,5,0,0.0,4.04,20.8,52.3,2026-08-14 10:21:17
2024-09-17,North-West,District10,0,1,0,0.0,19.58,21.4,67.3,2026-08-14 10:21:17
2024-09-17,South,District1,2,1,1,50.0,11.76,24.2,72.6,2026-08-14 10:21:17
2024-09-17,South,District2,0,0,0,0.0,16.33,27.9,70.7,2026-08-14 10:21:17
2024-09-17,South,District3,0,3,0,0.0,19.09,34.0,66.3,2026-08-14 10:21:17
2024-09-17,South,District4,3,5,1,33.33,16.99,22.1,74.1,2026-08-14 10:21:17
2024-09-17,South,District5,0,2,0,0.0,5.6,31.1,54.6,2026-08-14 10:21:17
2024-09-17,South,District6,2,5,0,0.0,19.32,34.8,65.5,2026-08-14 10:21:17
2024-09-17,South,District7,1,2,1,100.0,6.31,26.7,54.5,2026-08-14 10:21:17
2024-09-17,South,District8,0,4,0,0.0,14.02,24.1,53.1,2026-08-14 10:21:17
2024-09-17,South,District9,3,2,0,0.0,17.15,28.5,87.7,2026-08-14 10:21:17
2024-09-17,South,District10,0,5,0,0.0,7.71,21.5,89.5,2026-08-14 10:21:17
2024-09-17,South-West,District1,0,5,0,0.0,2.34,33.2,70.7,2026-08-14 10:21:17
2024-09-17,South-West,District2,1,5,0,0.0,8.55,22.1,80.7,2026-08-14 10:21:17
2024-09-17,South-West,District3,1,0,1,100.0,19.27,29.2,59.5,2026-08-14 10:21:17
2024-09-17,South-West,District4,0,4,0,0.0,3.61,21.4,87.1,2026-08-14 10:21:17
2024-09-17,South-West,District5,0,2,0,0.0,5.49,32.1,56.9,2026-08-14 10:21:17
2024-09-17,South-West,District6,3,2,0,0.0,18.54,31.7,75.9,2026-08-14 10:21:17
2024-09-17,South-West,District7,0,2,0,0.0,1.7,23.2,75.3,2026-08-14 10:21:17
2024-09-17,South-West,District8,1,4,1,100.0,2.28,34.4,66.4,2026-08-14 10:21:17
2024-09-17,South-West,District9,0,4,0,0.0,13.72,25.0,58.4,2026-08-14 10:21:17
2024-09-17,South-West,District10,1,2,1,100.0,9.12,22.8,69.7,2026-08-14 10:21:17
2024-09-17,West,District1,0,0,0,0.0,6.72,22.0,66.4,2026-08-14 10:21:17
2024-09-17,West,District2,1,0,0,0.0,7.63,23.3,70.9,2026-08-14 10:21:17
2024-09-17,West,District3,0,3,0,0.0,4.11,28.0,64.4,2026-08-14 10:21:17
2024-09-17,West,District4,0,0,0,0.0,0.26,24.0,68.4,2026-08-14 10:21:17
2024-09-17,West,District5,0,1,0,0.0,0.68,33.0,53.7,2026-08-14 10:21:17
2024-09-17,West,District6,1,3,1,100.0,2.8,22.3,64.2,2026-08-14 10:21:17
2024-09-17,West,District7,3,3,1,33.33,5.0,29.9,76.6,2026-08-14 10:21:17
2024-09-17,West,District8,0,3,0,0.0,11.64,25.3,67.7,2026-08-14 10:21:17
2024-09-17,West,District9,0,2,0,0.0,11.85,28.4,53.5,2026-08-14 10:21:17
2024-09-17,West,District10,0,3,0,0.0,1.3,27.9,82.6,2026-08-14 10:21:17
2024-09-10,Adamawa,District1,0,0,0,0.0,18.35,27.9,50.0,2026-08-14 10:21:17
2024-09-10,Adamawa,District2,1,2,1,100.0,1.67,34.3,72.4,2026-08-14 10:21:17
2024-09-10,Adamawa,District3,0,5,0,0.0,10.74,23.4,67.6,2026-08-14 10:21:17
2024-09-10,Adamawa,District4,2,3,0,0.0,2.33,28.2,56.4,2026-08-14 10:21:17
2024-09-10,Adamawa,District5,0,0,0,0.0,10.99,29.5,72.7,2026-08-14 10:21:17
2024-09-10,Adamawa,District6,0,0,0,0.0,3.58,25.9,77.4,2026-08-14 10:21:17
2024-09-10,Adamawa,District7,0,4,0,0.0,16.0,22.7,69.8,2026-08-14 10:21:17
2024-09-10,Adamawa,District8,0,0,0,0.0,13.33,34.1,66.5,2026-08-14 10:21:17
2024-09-10,Adamawa,District9,1,4,0,0.0,13.07,26.3,66.7,2026-08-14 10:21:17
2024-09-10,Adamawa,District10,0,3,0,0.0,15.5,30.1,84.7,2026-08-14 10:21:17
2024-09-10,Centre,District1,0,4,0,0.0,2.89,27.2,79.0,2026-08-14 10:21:17
2024-09-10,Centre,District2,0,5,0,0.0,8.42,30.3,61.0,2026-08-14 10:21:17
2024-09-10,Centre,District3,0,4,0,0.0,9.99,25.8,77.3,2026-08-14 10:21:17
2024-09-10,Centre,District4,0,0,0,0.0,7.94,24.0,78.5,2026-08-14 10:21:17
2024-09-10,Centre,District5,0,2,0,0.0,8.57,25.3,68.7,2026-08-14 10:21:17
2024-09-10,Centre,District6,2,4,0,0.0,4.1,24.6,82.3,2026-08-14 10:21:17
2024-09-10,Centre,District7,0,0,0,0.0,19.0,29.7,82.4,2026-08-14 10:21:17
2024-09-10,Centre,District8,0,1,0,0.0,19.99,26.3,60.2,2026-08-14 10:21:17
2024-09-10,Centre,District9,0,5,0,0.0,2.52,34.6,76.0,2026-08-14 10:21:17
2024-09-10,Centre,District10,0,1,0,0.0,7.11,29.7,64.3,2026-08-14 10:21:17
2024-09-10,East,District1,0,3,0,0.0,10.43,21.7,75.8,2026-08-14 10:21:17
2024-09-10,East,District2,3,3,1,33.33,7.25,29.5,88.7,2026-08-14 10:21:17
2024-09-10,East,District3,2,1,0,0.0,6.62,27.4,86.9,2026-08-14 10:21:17
2024-09-10,East,District4,0,2,0,0.0,15.64,21.1,87.1,2026-08-14 10:21:17
2024-09-10,East,District5,2,3,0,0.0,11.43,24.4,54.3,2026-08-14 10:21:17
2024-09-10,East,District6,0,5,0,0.0,1.26,29.0,78.7,2026-08-14 10:21:17
2024-09-10,East,District7,0,0,0,0.0,10.16,27.8,68.5,2026-08-14 10:21:17
2024-09-10,East,District8,2,0,1,50.0,1.53,33.5,75.6,2026-08-14 10:21:17
2024-09-10,East,District9,0,1,0,0.0,17.09,21.6,74.7,2026-08-14 10:21:17
2024-09-10,East,District10,2,1,0,0.0,2.83,33.2,51.0,2026-08-14 10:21:17
2024-09-10,Far North,District1,3,3,0,0.0,12.74,34.8,55.4,2026-08-14 10:21:17
2024-09-10,Far North,District2,0,2,0,0.0,18.58,31.4,82.6,2026-08-14 10:21:17
2024-09-10,Far North,District3,0,1,0,0.0,14.63,32.1,85.4,2026-08-14 10:21:17
2024-09-10,Far North,District4,0,3,0,0.0,4.33,32.5,68.8,2026-08-14 10:21:17
2024-09-10,Far North,District5,3,1,0,0.0,13.4,26.0,58.7,2026-08-14 10:21:17
2024-09-10,Far North,District6,0,1,0,0.0,0.9,22.4,84.9,2026-08-14 10:21:17
2024-09-10,Far North,District7,2,4,0,0.0,16.22,30.5,63.4,2026-08-14 10:21:17
2024-09-10,Far North,District8,0,2,0,0.0,19.46,31.6,83.3,2026-08-14 10:21:17
2024-09-10,Far North,District9,3,3,1,33.33,13.95,21.3,85.5,2026-08-14 10:21:17
2024-09-10,Far North,District10,0,1,0,0.0,2.73,21.9,54.0,2026-08-14 10:21:17
2024-09-10,Littoral,District1,1,0,1,100.0,12.18,26.3,82.5,2026-08-14 10:21:17
2024-09-10,Littoral,District2,3,0,0,0.0,14.05,22.3,61.6,2026-08-14 10:21:17
2024-09-10,Littoral,District3,0,4,0,0.0,3.92,34.4,59.9,2026-08-14 10:21:17
2024-09-10,Littoral,District4,0,5,0,0.0,17.84,30.9,68.8,2026-08-14 10:21:17
2024-09-10,Littoral,District5,3,1,0,0.0,12.7,34.1,85.4,2026-08-14 10:21:17
2024-09-10,Littoral,District6,2,1,0,0.0,11.27,20.3,78.3,2026-08-14 10:21:17
2024-09-10,Littoral,District7,0,5,0,0.0,17.2,26.8,89.4,2026-08-14 10:21:17
2024-09-10,Littoral,District8,0,5,0,0.0,4.87,21.7,75.6,2026-08-14 10:21:17
2024-09-10,Littoral,District9,0,1,0,0.0,19.79,34.3,58.5,2026-08-14 10:21:17
2024-09-10,Littoral,District10,1,0,1,100.0,19.55,23.7,79.2,2026-08-14 10:21:17
2024-09-10,North,District1,1,4,0,0.0,16.59,31.7,83.5,2026-08-14 10:21:17
2024-09-10,North,District2,0,5,0,0.0,13.94,30.4,50.0,2026-08-14 10:21:17
2024-09-10,North,District3,0,4,0,0.0,13.75,20.6,77.8,2026-08-14 10:21:17
2024-09-10,North,District4,0,1,0,0.0,18.52,30.9,51.2,2026-08-14 10:21:17
2024-09-10,North,District5,2,5,0,0.0,16.49,21.4,72.5,2026-08-14 10:21:17
2024-09-10,North,District6,0,3,0,0.0,7.95,26.6,84.0,2026-08-14 10:21:17
2024-09-10,North,District7,1,0,1,100.0,16.29,23.2,74.5,2026-08-14 10:21:17
2024-09-10,North,District8,0,4,0,0.0,10.61,30.3,82.0,2026-08-14 10:21:17
2024-09-10,North,District9,2,1,1,50.0,9.12,30.1,80.0,2026-08-14 10:21:17
2024-09-10,North,District10,0,5,0,0.0,7.83,26.8,81.7,2026-08-14 10:21:17
2024-09-10,North-West,District1,1,3,1,100.0,2.29,22.7,87.8,2026-08-14 10:21:17
2024-09-10,North-West,District2,0,5,0,0.0,3.53,31.5,67.5,2026-08-14 10:21:17
2024-09-10,North-West,District3,0,1,0,0.0,15.31,29.1,77.7,2026-08-14 10:21:17
2024-09-10,North-West,District4,1,5,0,0.0,0.17,33.5,78.7,2026-08-14 10:21:17
2024-09-10,North-West,District5,3,0,1,33.33,4.28,27.7,51.6,2026-08-14 10:21:17
2024-09-10,North-West,District6,0,3,0,0.0,6.24,20.3,68.6,2026-08-14 10:21:17
2024-09-10,North-West,District7,0,3,0,0.0,16.72,23.5,77.0,2026-08-14 10:21:17
2024-09-10,North-West,District8,1,1,0,0.0,0.82,30.8,71.2,2026-08-14 10:21:17
2024-09-10,North-West,District9,0,3,0,0.0,12.2,29.3,56.7,2026-08-14 10:21:17
2024-09-10,North-West,District10,1,5,0,0.0,16.17,29.7,82.3,2026-08-14 10:21:17
2024-09-10,South,District1,0,0,0,0.0,4.42,20.5,79.8,2026-08-14 10:21:17
2024-09-10,South,District2,1,0,1,100.0,2.6,30.3,68.0,2026-08-14 10:21:17
2024-09-10,South,District3,0,4,0,0.0,9.33,25.7,87.1,2026-08-14 10:21:17
2024-09-10,South,District4,0,3,0,0.0,14.42,23.1,53.8,2026-08-14 10:21:17
2024-09-10,South,District5,1,5,0,0.0,16.11,30.7,67.8,2026-08-14 10:21:17
2024-09-10,South,District6,2,0,0,0.0,19.25,23.2,67.2,2026-08-14 10:21:17
2024-09-10,South,District7,2,1,0,0.0,14.02,23.8,83.8,2026-08-14 10:21:17
2024-09-10,South,District8,1,3,0,0.0,1.83,33.3,68.8,2026-08-14 10:21:17
2024-09-10,South,District9,0,2,0,0.0,15.39,20.3,86.1,2026-08-14 10:21:17
2024-09-10,South,District10,0,2,0,0.0,8.98,30.3,72.2,2026-08-14 10:21:17
2024-09-10,South-West,District1,0,0,0,0.0,6.75,34.1,73.4,2026-08-14 10:21:17
2024-09-10,South-West,District2,3,0,1,33.33,4.67,22.9,83.5,2026-08-14 10:21:17
2024-09-10,South-West,District3,0,3,0,0.0,4.57,32.7,77.7,2026-08-14 10:21:17
2024-09-10,South-West,District4,2,5,1,50.0,18.23,32.2,64.3,2026-08-14 10:21:17
2024-09-10,South-West,District5,0,5,0,0.0,18.69,29.2,61.3,2026-08-14 10:21:17
2024-09-10,South-West,District6,0,1,0,0.0,2.94,29.7,85.1,2026-08-14 10:21:17
2024-09-10,South-West,District7,0,4,0,0.0,16.02,24.3,58.0,2026-08-14 10:21:17
2024-09-10,South-West,District8,0,5,0,0.0,6.46,24.7,72.4,2026-08-14 10:21:17
2024-09-10,South-West,District9,1,5,1,100.0,14.06,29.7,83.1,2026-08-14 10:21:17
2024-09-10,South-West,District10,0,5,0,0.0,6.44,30.7,53.1,2026-08-14 10:21:17
2024-09-10,West,District1,1,4,0,0.0,1.94,22.8,66.4,2026-08-14 10:21:17
2024-09-10,West,District2,0,5,0,0.0,9.66,28.3,66.5,2026-08-14 10:21:17
2024-09-10,West,District3,0,2,0,0.0,3.09,26.8,76.6,2026-08-14 10:21:17
2024-09-10,West,District4,1,5,0,0.0,13.28,32.5,54.2,2026-08-14 10:21:17
2024-09-10,West,District5,0,0,0,0.0,2.88,28.3,52.6,2026-08-14 10:21:17
2024-09-10,West,District6,0,5,0,0.0,18.71,24.5,89.5,2026-08-14 10:21:17
2024-09-10,West,District7,1,1,0,0.0,16.26,29.2,57.2,2026-08-14 10:21:17
2024-09-10,West,District8,0,5,0,0.0,5.05,28.9,73.4,2026-08-14 10:21:17
2024-09-10,West,District9,3,5,0,0.0,12.85,26.3,88.7,2026-08-14 10:21:17
2024-09-10,West,District10,2,2,1,50.0,10.23,26.1,54.6,2026-08-14 10:21:17
2024-09-15,Adamawa,District1,0,3,0,0.0,19.34,32.0,86.7,2026-08-14 10:21:17
2024-09-15,Adamawa,District2,0,4,0,0.0,11.03,34.8,84.4,2026-08-14 10:21:17
2024-09-15,Adamawa,District3,0,2,0,0.0,17.71,23.1,62.3,2026-08-14 10:21:17
2024-09-15,Adamawa,District4,0,1,0,0.0,16.07,34.2,70.8,2026-08-14 10:21:17
2024-09-15,Adamawa,District5,0,3,0,0.0,6.25,20.4,78.2,2026-08-14 10:21:17
2024-09-15,Adamawa,District6,0,1,0,0.0,5.74,27.8,59.0,2026-08-14 10:21:17
2024-09-15,Adamawa,District7,2,0,1,50.0,15.1,26.9,74.7,2026-08-14 10:21:17
2024-09-15,Adamawa,District8,0,1,0,0.0,5.51,20.8,73.7,2026-08-14 10:21:17
2024-09-15,Adamawa,District9,1,0,1,100.0,6.94,27.2,84.3,2026-08-14 10:21:17
2024-09-15,Adamawa,District10,0,0,0,0.0,19.32,29.0,52.5,2026-08-14 10:21:17
2024-09-15,Centre,District1,0,1,0,0.0,17.52,20.6,89.2,2026-08-14 10:21:17
2024-09-15,Centre,District2,0,3,0,0.0,0.26,34.6,74.3,2026-08-14 10:21:17
2024-09-15,Centre,District3,0,1,0,0.0,0.56,27.7,78.0,2026-08-14 10:21:17
2024-09-15,Centre,District4,0,0,0,0.0,10.8,26.4,78.8,2026-08-14 10:21:17
2024-09-15,Centre,District5,1,5,0,0.0,9.2,31.3,81.0,2026-08-14 10:21:17
2024-09-15,Centre,District6,0,2,0,0.0,11.07,24.0,54.2,2026-08-14 10:21:17
2024-09-15,Centre,District7,1,4,0,0.0,17.89,26.7,75.2,2026-08-14 10:21:17
2024-09-15,Centre,District8,0,4,0,0.0,17.67,26.4,56.4,2026-08-14 10:21:17
2024-09-15,Centre,District9,1,1,0,0.0,13.97,29.8,70.7,2026-08-14 10:21:17
2024-09-15,Centre,District10,0,1,0,0.0,2.54,22.2,60.7,2026-08-14 10:21:17
2024-09-15,East,District1,0,2,0,0.0,12.98,25.6,64.5,2026-08-14 10:21:17
2024-09-15,East,District2,0,5,0,0.0,17.34,23.2,64.9,2026-08-14 10:21:17
2024-09-15,East,District3,1,0,0,0.0,6.94,27.3,86.7,2026-08-14 10:21:17
2024-09-15,East,District4,3,5,0,0.0,7.86,31.5,72.5,2026-08-14 10:21:17
2024-09-15,East,District5,0,5,0,0.0,8.7,29.0,59.1,2026-08-14 10:21:17
2024-09-15,East,District6,0,2,0,0.0,19.75,25.9,57.2,2026-08-14 10:21:17
2024-09-15,East,District7,0,0,0,0.0,4.8,33.5,70.4,2026-08-14 10:21:17
2024-09-15,East,District8,0,4,0,0.0,15.05,27.3,89.7,2026-08-14 10:21:17
2024-09-15,East,District9,0,5,0,0.0,16.26,27.2,85.3,2026-08-14 10:21:17
2024-09-15,East,District10,0,2,0,0.0,11.4,35.0,69.5,2026-08-14 10:21:17
2024-09-15,Far North,District1,0,0,0,0.0,6.93,28.4,59.3,2026-08-14 10:21:17
2024-09-15,Far North,District2,0,3,0,0.0,0.72,28.1,59.6,2026-08-14 10:21:17
2024-09-15,Far North,District3,3,1,0,0.0,1.55,20.8,79.3,2026-08-14 10:21:17
2024-09-15,Far North,District4,0,1,0,0.0,16.65,29.7,75.6,2026-08-14 10:21:17
2024-09-15,Far North,District5,1,0,0,0.0,8.12,29.9,55.1,2026-08-14 10:21:17
2024-09-15,Far North,District6,0,2,0,0.0,6.28,22.6,81.8,2026-08-14 10:21:17
2024-09-15,Far North,District7,0,3,0,0.0,7.91,25.7,77.0,2026-08-14 10:21:17
2024-09-15,Far North,District8,0,0,0,0.0,9.63,32.4,74.7,2026-08-14 10:21:17
2024-09-15,Far North,District9,0,5,0,0.0,7.72,33.0,83.9,2026-08-14 10:21:17
2024-09-15,Far North,District10,0,1,0,0.0,19.93,24.3,86.8,2026-08-14 10:21:17
2024-09-15,Littoral,District1,2,5,1,50.0,2.18,28.5,86.3,2026-08-14 10:21:17
2024-09-15,Littoral,District2,0,5,0,0.0,8.98,29.4,56.3,2026-08-14 10:21:17
2024-09-15,Littoral,District3,0,2,0,0.0,8.68,32.9,50.9,2026-08-14 10:21:17
2024-09-15,Littoral,District4,0,0,0,0.0,10.39,25.4,86.1,2026-08-14 10:21:17
2024-09-15,Littoral,District5,0,1,0,0.0,0.55,27.5,63.2,2026-08-14 10:21:17
2024-09-15,Littoral,District6,0,0,0,0.0,6.4,20.7,82.8,2026-08-14 10:21:17
2024-09-15,Littoral,District7,0,4,0,0.0,14.72,30.3,74.9,2026-08-14 10:21:17
2024-09-15,Littoral,District8,0,3,0,0.0,2.68,25.9,66.4,2026-08-14 10:21:17
2024-09-15,Littoral,District9,0,2,0,0.0,19.09,26.7,61.3,2026-08-14 10:21:17
2024-09-15,Littoral,District10,0,3,0,0.0,18.7,24.2,81.0,2026-08-14 10:21:17
2024-09-15,North,District1,0,1,0,0.0,0.74,34.5,52.2,2026-08-14 10:21:17
2024-09-15,North,District2,1,2,0,0.0,19.8,22.6,79.6,2026-08-14 10:21:17
2024-09-15,North,District3,1,4,0,0.0,18.58,21.6,89.3,2026-08-14 10:21:17
2024-09-15,North,District4,1,4,0,0.0,10.6,31.2,77.6,2026-08-14 10:21:17
2024-09-15,North,District5,0,2,0,0.0,10.03,34.7,58.6,2026-08-14 10:21:17
2024-09-15,North,District6,3,2,1,33.33,18.55,20.2,71.4,2026-08-14 10:21:17
2024-09-15,North,District7,3,3,1,33.33,0.34,33.9,61.4,2026-08-14 10:21:17
2024-09-15,North,District8,0,0,0,0.0,14.49,24.2,84.9,2026-08-14 10:21:17
2024-09-15,North,District9,0,4,0,0.0,2.79,33.0,82.8,2026-08-14 10:21:17
2024-09-15,North,District10,0,3,0,0.0,8.34,32.0,76.0,2026-08-14 10:21:17
2024-09-15,North-West,District1,1,3,0,0.0,7.99,24.9,82.3,2026-08-14 10:21:17
2024-09-15,North-West,District2,0,0,0,0.0,19.41,33.7,83.5,2026-08-14 10:21:17
2024-09-15,North-West,District3,0,1,0,0.0,12.36,22.4,77.6,2026-08-14 10:21:17
2024-09-15,North-West,District4,0,2,0,0.0,17.15,30.3,75.8,2026-08-14 10:21:17
2024-09-15,North-West,District5,0,0,0,0.0,0.63,23.5,69.3,2026-08-14 10:21:17
2024-09-15,North-West,District6,1,2,0,0.0,5.94,25.1,88.4,2026-08-14 10:21:17
2024-09-15,North-West,District7,0,2,0,0.0,4.35,21.3,84.0,2026-08-14 10:21:17
2024-09-15,North-West,District8,0,1,0,0.0,10.1,34.5,83.8,2026-08-14 10:21:17
2024-09-15,North-West,District9,0,0,0,0.0,12.07,22.3,82.9,2026-08-14 10:21:17
2024-09-15,North-West,District10,1,0,0,0.0,18.54,30.0,89.8,2026-08-14 10:21:17
2024-09-15,South,District1,0,4,0,0.0,8.6,33.4,56.6,2026-08-14 10:21:17
2024-09-15,South,District2,0,5,0,0.0,19.89,24.5,73.3,2026-08-14 10:21:17
2024-09-15,South,District3,0,0,0,0.0,19.75,29.5,90.0,2026-08-14 10:21:17
2024-09-15,South,District4,0,2,0,0.0,19.99,29.0,61.7,2026-08-14 10:21:17
2024-09-15,South,District5,0,5,0,0.0,0.39,25.1,79.4,2026-08-14 10:21:17
2024-09-15,South,District6,3,5,0,0.0,0.26,21.5,65.6,2026-08-14 10:21:17
2024-09-15,South,District7,0,4,0,0.0,15.87,20.9,65.5,2026-08-14 10:21:17
2024-09-15,South,District8,0,2,0,0.0,19.7,29.6,68.2,2026-08-14 10:21:17
2024-09-15,South,District9,1,2,1,100.0,18.83,27.0,55.7,2026-08-14 10:21:17
2024-09-15,South,District10,0,2,0,0.0,0.97,26.9,74.3,2026-08-14 10:21:17
2024-09-15,South-West,District1,0,3,0,0.0,14.96,24.7,59.0,2026-08-14 10:21:17
2024-09-15,South-West,District2,2,0,1,50.0,9.61,23.0,50.1,2026-08-14 10:21:17
2024-09-15,South-West,District3,1,4,1,100.0,5.84,27.6,79.7,2026-08-14 10:21:17
2024-09-15,South-West,District4,2,5,0,0.0,6.79,23.6,53.3,2026-08-14 10:21:17
2024-09-15,South-West,District5,0,0,0,0.0,15.58,31.9,72.3,2026-08-14 10:21:17
2024-09-15,South-West,District6,0,5,0,0.0,19.24,20.3,69.7,2026-08-14 10:21:17
2024-09-15,South-West,District7,0,2,0,0.0,5.63,28.8,65.4,2026-08-14 10:21:17
2024-09-15,South-West,District8,0,0,0,0.0,1.92,24.9,69.9,2026-08-14 10:21:17
2024-09-15,South-West,District9,0,4,0,0.0,1.22,24.0,59.5,2026-08-14 10:21:17
2024-09-15,South-West,District10,0,2,0,0.0,11.14,28.1,69.0,2026-08-14 10:21:17
2024-09-15,West,District1,0,2,0,0.0,19.88,33.5,60.2,2026-08-14 10:21:17
2024-09-15,West,District2,0,2,0,0.0,14.45,31.0,81.2,2026-08-14 10:21:17
2024-09-15,West,District3,0,2,0,0.0,3.35,34.2,51.5,2026-08-14 10:21:17
2024-09-15,West,District4,3,0,0,0.0,11.48,30.1,61.3,2026-08-14 10:21:17
2024-09-15,West,District5,0,2,0,0.0,11.68,24.8,89.2,2026-08-14 10:21:17
2024-09-15,West,District6,2,4,1,50.0,7.98,28.1,70.6,2026-08-14 10:21:17
2024-09-15,West,District7,0,2,0,0.0,3.43,31.5,75.8,2026-08-14 10:21:17
2024-09-15,West,District8,1,1,1,100.0,14.5,30.2,55.6,2026-08-14 10:21:17
2024-09-15,West,District9,0,5,0,0.0,18.12,21.2,57.2,2026-08-14 10:21:17
2024-09-15,West,District10,0,3,0,0.0,18.88,29.0,51.7,2026-08-14 10:21:17
2024-10-06,Adamawa,District1,0,5,0,0.0,5.76,22.2,69.8,2026-08-14 10:21:17
2024-10-06,Adamawa,District2,0,2,0,0.0,10.56,30.6,73.4,2026-08-14 10:21:17
2024-10-06,Adamawa,District3,1,1,0,0.0,15.08,26.0,71.9,2026-08-14 10:21:17
2024-10-06,Adamawa,District4,0,3,0,0.0,5.38,27.7,81.2,2026-08-14 10:21:17
2024-10-06,Adamawa,District5,2,2,0,0.0,11.03,28.1,56.1,2026-08-14 10:21:17
2024-10-06,Adamawa,District6,3,2,0,0.0,18.09,23.9,53.4,2026-08-14 10:21:17
2024-10-06,Adamawa,District7,0,1,0,0.0,10.37,23.8,58.8,2026-08-14 10:21:17
2024-10-06,Adamawa,District8,0,3,0,0.0,19.9,30.2,84.2,2026-08-14 10:21:17
2024-10-06,Adamawa,District9,0,5,0,0.0,13.29,32.2,58.0,2026-08-14 10:21:17
2024-10-06,Adamawa,District10,0,5,0,0.0,11.16,24.1,73.3,2026-08-14 10:21:17
2024-10-06,Centre,District1,2,4,0,0.0,4.19,20.9,78.7,2026-08-14 10:21:17
2024-10-06,Centre,District2,2,1,1,50.0,19.65,29.2,51.0,2026-08-14 10:21:17
2024-10-06,Centre,District3,1,3,0,0.0,4.18,30.9,77.1,2026-08-14 10:21:17
2024-10-06,Centre,District4,0,2,0,0.0,6.42,24.9,67.5,2026-08-14 10:21:17
2024-10-06,Centre,District5,1,1,0,0.0,10.27,33.0,85.8,2026-08-14 10:21:17
2024-10-06,Centre,District6,1,0,1,100.0,7.6,26.2,86.4,2026-08-14 10:21:17
2024-10-06,Centre,District7,1,5,0,0.0,5.17,23.1,50.3,2026-08-14 10:21:17
2024-10-06,Centre,District8,0,5,0,0.0,0.78,34.7,87.0,2026-08-14 10:21:17
2024-10-06,Centre,District9,0,2,0,0.0,15.6,25.2,66.0,2026-08-14 10:21:17
2024-10-06,Centre,District10,1,5,0,0.0,16.85,22.4,50.4,2026-08-14 10:21:17
2024-10-06,East,District1,0,2,0,0.0,15.65,33.9,83.1,2026-08-14 10:21:17
2024-10-06,East,District2,0,5,0,0.0,2.84,24.1,64.2,2026-08-14 10:21:17
2024-10-06,East,District3,1,1,0,0.0,9.15,32.2,56.7,2026-08-14 10:21:17
2024-10-06,East,District4,0,4,0,0.0,3.27,30.2,58.8,2026-08-14 10:21:17
2024-10-06,East,District5,0,3,0,0.0,3.01,28.2,77.6,2026-08-14 10:21:17
2024-10-06,East,District6,1,4,1,100.0,18.68,21.9,83.4,2026-08-14 10:21:17
2024-10-06,East,District7,0,2,0,0.0,6.9,34.8,87.7,2026-08-14 10:21:17
2024-10-06,East,District8,0,5,0,0.0,14.68,31.5,57.0,2026-08-14 10:21:17
2024-10-06,East,District9,0,5,0,0.0,11.48,24.6,84.9,2026-08-14 10:21:17
2024-10-06,East,District10,1,1,1,100.0,8.61,24.5,62.1,2026-08-14 10:21:17
2024-10-06,Far North,District1,0,0,0,0.0,2.96,25.8,66.8,2026-08-14 10:21:17
2024-10-06,Far North,District2,0,0,0,0.0,10.93,28.4,53.8,2026-08-14 10:21:17
2024-10-06,Far North,District3,0,2,0,0.0,19.41,20.3,68.8,2026-08-14 10:21:17
2024-10-06,Far North,District4,1,1,1,100.0,15.63,22.8,62.2,2026-08-14 10:21:17
2024-10-06,Far North,District5,0,1,0,0.0,11.38,20.1,65.9,2026-08-14 10:21:17
2024-10-06,Far North,District6,0,1,0,0.0,17.96,24.6,64.7,2026-08-14 10:21:17
2024-10-06,Far North,District7,0,0,0,0.0,17.86,32.8,76.2,2026-08-14 10:21:17
2024-10-06,Far North,District8,3,5,0,0.0,14.67,23.8,52.1,2026-08-14 10:21:17
2024-10-06,Far North,District9,0,4,0,0.0,19.59,34.4,72.6,2026-08-14 10:21:17
2024-10-06,Far North,District10,0,3,0,0.0,4.9,23.9,72.2,2026-08-14 10:21:17
2024-10-06,Littoral,District1,0,1,0,0.0,4.76,23.0,73.9,2026-08-14 10:21:17
2024-10-06,Littoral,District2,2,1,0,0.0,5.31,31.9,71.7,2026-08-14 10:21:17
2024-10-06,Littoral,District3,0,3,0,0.0,5.17,30.8,57.6,2026-08-14 10:21:17
2024-10-06,Littoral,District4,3,3,1,33.33,18.02,32.9,89.2,2026-08-14 10:21:17
2024-10-06,Littoral,District5,0,5,0,0.0,17.17,32.8,67.6,2026-08-14 10:21:17
2024-10-06,Littoral,District6,0,2,0,0.0,8.83,20.1,66.9,2026-08-14 10:21:17
2024-10-06,Littoral,District7,0,5,0,0.0,1.36,21.5,79.5,2026-08-14 10:21:17
2024-10-06,Littoral,District8,0,2,0,0.0,19.37,26.2,76.1,2026-08-14 10:21:17
2024-10-06,Littoral,District9,0,3,0,0.0,11.15,23.8,53.5,2026-08-14 10:21:17
2024-10-06,Littoral,District10,1,4,0,0.0,11.15,33.2,75.5,2026-08-14 10:21:17
2024-10-06,North,District1,1,0,0,0.0,6.05,20.3,70.3,2026-08-14 10:21:17
2024-10-06,North,District2,0,2,0,0.0,12.97,28.3,67.0,2026-08-14 10:21:17
2024-10-06,North,District3,0,1,0,0.0,7.55,34.4,68.7,2026-08-14 10:21:17
2024-10-06,North,District4,0,1,0,0.0,2.23,27.0,75.6,2026-08-14 10:21:17
2024-10-06,North,District5,1,5,1,100.0,12.8,24.5,62.5,2026-08-14 10:21:17
2024-10-06,North,District6,3,3,1,33.33,5.33,32.2,60.9,2026-08-14 10:21:17
2024-10-06,North,District7,0,3,0,0.0,7.0,29.7,71.4,2026-08-14 10:21:17
2024-10-06,North,District8,2,5,0,0.0,17.94,31.7,69.3,2026-08-14 10:21:17
2024-10-06,North,District9,0,5,0,0.0,2.06,31.9,62.1,2026-08-14 10:21:17
2024-10-06,North,District10,0,3,0,0.0,12.27,30.7,69.3,2026-08-14 10:21:17
2024-10-06,North-West,District1,0,2,0,0.0,10.55,33.1,60.1,2026-08-14 10:21:17
2024-10-06,North-West,District2,0,3,0,0.0,10.16,29.7,77.9,2026-08-14 10:21:17
2024-10-06,North-West,District3,0,2,0,0.0,0.56,32.0,63.7,2026-08-14 10:21:17
2024-10-06,North-West,District4,3,3,1,33.33,4.06,32.6,69.5,2026-08-14 10:21:17
2024-10-06,North-West,District5,0,2,0,0.0,17.27,30.5,50.9,2026-08-14 10:21:17
2024-10-06,North-West,District6,1,2,0,0.0,12.28,34.2,82.0,2026-08-14 10:21:17
2024-10-06,North-West,District7,1,0,1,100.0,11.3,21.8,56.0,2026-08-14 10:21:17
2024-10-06,North-West,District8,1,3,1,100.0,17.02,33.1,55.1,2026-08-14 10:21:17
2024-10-06,North-West,District9,2,2,0,0.0,12.87,21.1,75.9,2026-08-14 10:21:17
2024-10-06,North-West,District10,0,3,0,0.0,8.61,29.3,68.2,2026-08-14 10:21:17
2024-10-06,South,District1,0,3,0,0.0,0.98,27.6,82.5,2026-08-14 10:21:17
2024-10-06,South,District2,0,5,0,0.0,6.67,32.7,86.8,2026-08-14 10:21:17
2024-10-06,South,District3,0,1,0,0.0,1.17,23.6,59.9,2026-08-14 10:21:17
2024-10-06,South,District4,1,5,0,0.0,17.43,29.5,69.9,2026-08-14 10:21:17
2024-10-06,South,District5,2,2,1,50.0,4.07,22.9,75.9,2026-08-14 10:21:17
2024-10-06,South,District6,0,4,0,0.0,12.08,30.7,81.6,2026-08-14 10:21:17
2024-10-06,South,District7,2,0,1,50.0,16.54,23.1,71.7,2026-08-14 10:21:17
2024-10-06,South,District8,0,1,0,0.0,2.56,28.3,74.1,2026-08-14 10:21:17
2024-10-06,South,District9,1,5,0,0.0,6.63,34.5,69.9,2026-08-14 10:21:17
2024-10-06,South,District10,2,1,1,50.0,4.48,30.4,54.1,2026-08-14 10:21:17
2024-10-06,South-West,District1,1,2,1,100.0,6.05,29.5,62.8,2026-08-14 10:21:17
2024-10-06,South-West,District2,0,2,0,0.0,0.67,23.3,71.1,2026-08-14 10:21:17
2024-10-06,South-West,District3,3,1,0,0.0,10.98,27.0,71.8,2026-08-14 10:21:17
2024-10-06,South-West,District4,0,0,0,0.0,10.81,28.5,88.9,2026-08-14 10:21:17
2024-10-06,South-West,District5,0,0,0,0.0,7.75,24.8,72.9,2026-08-14 10:21:17
2024-10-06,South-West,District6,0,4,0,0.0,5.33,25.9,56.6,2026-08-14 10:21:17
2024-10-06,South-West,District7,2,1,1,50.0,10.57,30.2,85.3,2026-08-14 10:21:17
2024-10-06,South-West,District8,3,3,1,33.33,10.1,29.6,67.1,2026-08-14 10:21:17
2024-10-06,South-West,District9,2,4,0,0.0,13.53,22.2,59.0,2026-08-14 10:21:17
2024-10-06,South-West,District10,0,2,0,0.0,2.12,22.0,78.7,2026-08-14 10:21:17
2024-10-06,West,District1,0,1,0,0.0,2.85,29.4,53.1,2026-08-14 10:21:17
2024-10-06,West,District2,0,4,0,0.0,0.81,25.2,88.1,2026-08-14 10:21:17
2024-10-06,West,District3,0,0,0,0.0,1.07,21.8,79.7,2026-08-14 10:21:17
2024-10-06,West,District4,0,1,0,0.0,7.51,28.9,71.3,2026-08-14 10:21:17
2024-10-06,West,District5,0,5,0,0.0,16.43,30.5,80.4,2026-08-14 10:21:17
2024-10-06,West,District6,2,3,0,0.0,15.16,28.0,86.2,2026-08-14 10:21:17
2024-10-06,West,District7,0,0,0,0.0,17.7,25.6,76.2,2026-08-14 10:21:17
2024-10-06,West,District8,0,4,0,0.0,18.97,20.1,68.6,2026-08-14 10:21:17
2024-10-06,West,District9,0,1,0,0.0,3.41,27.5,77.1,2026-08-14 10:21:17
2024-10-06,West,District10,0,2,0,0.0,10.28,34.3,84.7,2026-08-14 10:21:17
2024-10-23,Adamawa,District1,2,2,1,50.0,1.44,26.7,55.2,2026-08-14 10:21:17
2024-10-23,Adamawa,District2,0,4,0,0.0,17.03,34.6,65.4,2026-08-14 10:21:17
2024-10-23,Adamawa,District3,1,0,0,0.0,3.32,31.2,87.8,2026-08-14 10:21:17
2024-10-23,Adamawa,District4,0,1,0,0.0,6.26,21.1,52.4,2026-08-14 10:21:17
2024-10-23,Adamawa,District5,0,1,0,0.0,18.49,24.0,62.5,2026-08-14 10:21:17
2024-10-23,Adamawa,District6,0,4,0,0.0,6.59,28.7,70.8,2026-08-14 10:21:17
2024-10-23,Adamawa,District7,0,1,0,0.0,0.52,33.3,81.0,2026-08-14 10:21:17
2024-10-23,Adamawa,District8,1,5,0,0.0,0.67,27.5,65.7,2026-08-14 10:21:17
2024-10-23,Adamawa,District9,0,2,0,0.0,11.46,30.0,55.0,2026-08-14 10:21:17
2024-10-23,Adamawa,District10,0,2,0,0.0,10.55,34.8,58.0,2026-08-14 10:21:17
2024-10-23,Centre,District1,0,0,0,0.0,6.61,32.4,59.1,2026-08-14 10:21:17
2024-10-23,Centre,District2,1,0,1,100.0,19.57,28.4,61.3,2026-08-14 10:21:17
2024-10-23,Centre,District3,0,5,0,0.0,9.41,28.4,62.3,2026-08-14 10:21:17
2024-10-23,Centre,District4,0,4,0,0.0,1.72,28.3,74.0,2026-08-14 10:21:17
2024-10-23,Centre,District5,0,5,0,0.0,18.6,22.6,63.1,2026-08-14 10:21:17
2024-10-23,Centre,District6,0,0,0,0.0,14.81,31.3,85.7,2026-08-14 10:21:17
2024-10-23,Centre,District7,3,3,1,33.33,8.14,31.9,70.6,2026-08-14 10:21:17
2024-10-23,Centre,District8,0,0,0,0.0,2.91,22.2,89.8,2026-08-14 10:21:17
2024-10-23,Centre,District9,0,2,0,0.0,10.25,31.3,76.7,2026-08-14 10:21:17
2024-10-23,Centre,District10,0,5,0,0.0,19.4,27.5,67.1,2026-08-14 10:21:17
2024-10-23,East,District1,0,3,0,0.0,14.49,20.9,84.3,2026-08-14 10:21:17
2024-10-23,East,District2,1,0,0,0.0,15.14,22.4,59.6,2026-08-14 10:21:17
2024-10-23,East,District3,2,5,1,50.0,9.42,23.6,62.2,2026-08-14 10:21:17
2024-10-23,East,District4,0,4,0,0.0,9.25,27.8,84.8,2026-08-14 10:21:17
2024-10-23,East,District5,0,1,0,0.0,12.7,31.9,54.8,2026-08-14 10:21:17
2024-10-23,East,District6,1,3,1,100.0,12.59,20.6,65.8,2026-08-14 10:21:17
2024-10-23,East,District7,1,1,1,100.0,10.14,20.8,53.7,2026-08-14 10:21:17
2024-10-23,East,District8,0,3,0,0.0,15.16,24.4,75.6,2026-08-14 10:21:17
2024-10-23,East,District9,0,0,0,0.0,4.78,25.3,65.4,2026-08-14 10:21:17
2024-10-23,East,District10,2,2,1,50.0,4.3,31.6,87.8,2026-08-14 10:21:17
2024-10-23,Far North,District1,0,5,0,0.0,16.4,32.8,74.5,2026-08-14 10:21:17
2024-10-23,Far North,District2,2,5,1,50.0,5.5,28.5,80.9,2026-08-14 10:21:17
2024-10-23,Far North,District3,0,0,0,0.0,6.17,21.8,77.8,2026-08-14 10:21:17
2024-10-23,Far North,District4,0,5,0,0.0,7.2,23.3,65.5,2026-08-14 10:21:17
2024-10-23,Far North,District5,2,4,1,50.0,3.76,21.5,64.1,2026-08-14 10:21:17
2024-10-23,Far North,District6,2,2,0,0.0,6.62,27.3,83.1,2026-08-14 10:21:17
2024-10-23,Far North,District7,1,1,0,0.0,12.49,34.4,56.1,2026-08-14 10:21:17
2024-10-23,Far North,District8,0,2,0,0.0,13.68,20.6,65.3,2026-08-14 10:21:17
2024-10-23,Far North,District9,0,0,0,0.0,10.69,21.3,63.9,2026-08-14 10:21:17
2024-10-23,Far North,District10,0,2,0,0.0,12.63,21.5,81.1,2026-08-14 10:21:17
2024-10-23,Littoral,District1,0,4,0,0.0,11.15,22.2,86.1,2026-08-14 10:21:17
2024-10-23,Littoral,District2,3,5,0,0.0,0.36,24.5,71.8,2026-08-14 10:21:17
2024-10-23,Littoral,District3,0,3,0,0.0,11.58,21.9,84.4,2026-08-14 10:21:17
2024-10-23,Littoral,District4,0,3,0,0.0,1.82,28.3,76.4,2026-08-14 10:21:17
2024-10-23,Littoral,District5,0,0,0,0.0,18.88,33.9,73.4,2026-08-14 10:21:17
2024-10-23,Littoral,District6,0,0,0,0.0,17.98,32.7,64.0,2026-08-14 10:21:17
2024-10-23,Littoral,District7,0,3,0,0.0,19.39,34.8,74.6,2026-08-14 10:21:17
2024-10-23,Littoral,District8,0,4,0,0.0,3.13,24.7,57.2,2026-08-14 10:21:17
2024-10-23,Littoral,District9,0,4,0,0.0,8.93,21.6,64.5,2026-08-14 10:21:17
2024-10-23,Littoral,District10,0,3,0,0.0,10.18,32.9,88.2,2026-08-14 10:21:17
2024-10-23,North,District1,0,2,0,0.0,2.06,25.1,79.5,2026-08-14 10:21:17
2024-10-23,North,District2,0,1,0,0.0,7.18,24.5,55.9,2026-08-14 10:21:17
2024-10-23,North,District3,1,1,1,100.0,10.34,28.9,83.1,2026-08-14 10:21:17
2024-10-23,North,District4,1,0,1,100.0,0.02,30.9,68.9,2026-08-14 10:21:17
2024-10-23,North,District5,0,4,0,0.0,2.14,29.7,67.1,2026-08-14 10:21:17
2024-10-23,North,District6,0,0,0,0.0,2.81,33.5,88.5,2026-08-14 10:21:17
2024-10-23,North,District7,0,1,0,0.0,11.53,35.0,88.8,2026-08-14 10:21:17
2024-10-23,North,District8,0,5,0,0.0,7.89,34.5,79.9,2026-08-14 10:21:17
2024-10-23,North,District9,0,5,0,0.0,18.21,26.8,57.9,2026-08-14 10:21:17
2024-10-23,North,District10,0,4,0,0.0,10.62,28.3,66.2,2026-08-14 10:21:17
2024-10-23,North-West,District1,0,0,0,0.0,15.37,29.8,72.9,2026-08-14 10:21:17
2024-10-23,North-West,District2,2,0,0,0.0,13.06,21.4,56.6,2026-08-14 10:21:17
2024-10-23,North-West,District3,0,5,0,0.0,17.99,26.4,58.3,2026-08-14 10:21:17
2024-10-23,North-West,District4,2,5,1,50.0,18.5,25.1,67.0,2026-08-14 10:21:17
2024-10-23,North-West,District5,2,0,1,50.0,8.32,25.8,64.9,2026-08-14 10:21:17
2024-10-23,North-West,District6,0,3,0,0.0,16.64,29.9,56.6,2026-08-14 10:21:17
2024-10-23,North-West,District7,0,5,0,0.0,18.26,21.5,58.5,2026-08-14 10:21:17
2024-10-23,North-West,District8,0,5,0,0.0,4.72,20.3,85.1,2026-08-14 10:21:17
2024-10-23,North-West,District9,1,3,0,0.0,4.86,33.5,62.3,2026-08-14 10:21:17
2024-10-23,North-West,District10,0,2,0,0.0,2.62,24.5,51.7,2026-08-14 10:21:17
2024-10-23,South,District1,0,1,0,0.0,11.12,23.9,87.6,2026-08-14 10:21:17
2024-10-23,South,District2,1,1,1,100.0,14.84,20.3,63.3,2026-08-14 10:21:17
2024-10-23,South,District3,0,1,0,0.0,9.26,26.9,52.1,2026-08-14 10:21:17
2024-10-23,South,District4,1,1,1,100.0,11.52,27.0,88.5,2026-08-14 10:21:17
2024-10-23,South,District5,0,3,0,0.0,11.48,28.6,79.7,2026-08-14 10:21:17
2024-10-23,South,District6,1,1,0,0.0,13.52,26.9,53.2,2026-08-14 10:21:17
2024-10-23,South,District7,0,5,0,0.0,14.2,32.3,83.9,2026-08-14 10:21:17
2024-10-23,South,District8,0,1,0,0.0,4.62,25.6,84.8,2026-08-14 10:21:17
2024-10-23,South,District9,0,3,0,0.0,16.99,22.6,62.6,2026-08-14 10:21:17
2024-10-23,South,District10,2,2,1,50.0,19.8,31.4,60.1,2026-08-14 10:21:17
2024-10-23,South-West,District1,0,0,0,0.0,10.37,31.6,65.1,2026-08-14 10:21:17
2024-10-23,South-West,District2,1,2,0,0.0,15.95,21.8,78.6,2026-08-14 10:21:17
2024-10-23,South-West,District3,1,5,1,100.0,11.95,27.4,55.7,2026-08-14 10:21:17
2024-10-23,South-West,District4,0,1,0,0.0,7.67,28.5,80.5,2026-08-14 10:21:17
2024-10-23,South-West,District5,0,3,0,0.0,19.96,23.8,50.9,2026-08-14 10:21:17
2024-10-23,South-West,District6,0,5,0,0.0,1.59,30.7,50.8,2026-08-14 10:21:17
2024-10-23,South-West,District7,2,4,0,0.0,19.41,23.0,61.9,2026-08-14 10:21:17
2024-10-23,South-West,District8,0,2,0,0.0,10.64,26.7,75.6,2026-08-14 10:21:17
2024-10-23,South-West,District9,0,2,0,0.0,4.71,25.6,59.5,2026-08-14 10:21:17
2024-10-23,South-West,District10,0,2,0,0.0,17.73,21.9,77.5,2026-08-14 10:21:17
2024-10-23,West,District1,1,4,0,0.0,16.84,27.4,60.4,2026-08-14 10:21:17
2024-10-23,West,District2,0,4,0,0.0,15.82,25.9,67.3,2026-08-14 10:21:17
2024-10-23,West,District3,0,1,0,0.0,12.27,26.0,74.7,2026-08-14 10:21:17
2024-10-23,West,District4,3,5,1,33.33,8.64,31.3,80.7,2026-08-14 10:21:17
2024-10-23,West,District5,0,3,0,0.0,4.74,28.9,89.9,2026-08-14 10:21:17
2024-10-23,West,District6,0,5,0,0.0,2.98,26.9,89.3,2026-08-14 10:21:17
2024-10-23,West,District7,2,4,1,50.0,4.93,29.5,83.3,2026-08-14 10:21:17
2024-10-23,West,District8,2,5,0,0.0,5.16,30.7,85.0,2026-08-14 10:21:17
2024-10-23,West,District9,0,5,0,0.0,14.62,34.0,88.5,2026-08-14 10:21:17
2024-10-23,West,District10,0,3,0,0.0,18.56,31.3,55.9,2026-08-14 10:21:17
2024-10-18,Adamawa,District1,2,4,1,50.0,3.66,26.2,77.3,2026-08-14 10:21:17
2024-10-18,Adamawa,District2,0,5,0,0.0,6.46,26.6,50.5,2026-08-14 10:21:17
2024-10-18,Adamawa,District3,0,4,0,0.0,16.87,27.5,82.6,2026-08-14 10:21:17
2024-10-18,Adamawa,District4,0,1,0,0.0,2.89,30.7,55.5,2026-08-14 10:21:17
2024-10-18,Adamawa,District5,0,1,0,0.0,18.66,23.9,80.3,2026-08-14 10:21:17
2024-10-18,Adamawa,District6,0,1,0,0.0,15.85,26.2,79.4,2026-08-14 10:21:17
2024-10-18,Adamawa,District7,0,0,0,0.0,5.06,31.9,76.8,2026-08-14 10:21:17
2024-10-18,Adamawa,District8,0,4,0,0.0,12.42,27.6,61.6,2026-08-14 10:21:17
2024-10-18,Adamawa,District9,0,0,0,0.0,6.73,34.6,53.0,2026-08-14 10:21:17
2024-10-18,Adamawa,District10,0,2,0,0.0,17.43,20.5,84.7,2026-08-14 10:21:17
2024-10-18,Centre,District1,2,3,0,0.0,4.38,32.2,56.2,2026-08-14 10:21:17
2024-10-18,Centre,District2,3,1,1,33.33,4.05,30.8,75.3,2026-08-14 10:21:17
2024-10-18,Centre,District3,0,5,0,0.0,17.51,25.7,88.8,2026-08-14 10:21:17
2024-10-18,Centre,District4,0,1,0,0.0,12.25,30.3,78.8,2026-08-14 10:21:17
2024-10-18,Centre,District5,2,4,0,0.0,2.68,20.0,73.7,2026-08-14 10:21:17
2024-10-18,Centre,District6,0,1,0,0.0,17.18,23.6,69.1,2026-08-14 10:21:17
2024-10-18,Centre,District7,3,1,0,0.0,8.78,21.3,86.7,2026-08-14 10:21:17
2024-10-18,Centre,District8,1,3,1,100.0,9.06,27.1,68.4,2026-08-14 10:21:17
2024-10-18,Centre,District9,1,5,1,100.0,0.05,21.5,61.8,2026-08-14 10:21:17
2024-10-18,Centre,District10,0,4,0,0.0,5.88,22.8,82.8,2026-08-14 10:21:17
2024-10-18,East,District1,0,0,0,0.0,17.83,33.9,51.2,2026-08-14 10:21:17
2024-10-18,East,District2,0,5,0,0.0,8.8,32.2,71.0,2026-08-14 10:21:17
2024-10-18,East,District3,0,4,0,0.0,14.5,25.0,87.3,2026-08-14 10:21:17
2024-10-18,East,District4,3,2,1,33.33,1.68,25.7,87.2,2026-08-14 10:21:17
2024-10-18,East,District5,0,1,0,0.0,18.63,22.5,77.2,2026-08-14 10:21:17
2024-10-18,East,District6,0,3,0,0.0,1.06,20.9,87.0,2026-08-14 10:21:17
2024-10-18,East,District7,0,5,0,0.0,5.94,21.7,66.0,2026-08-14 10:21:17
2024-10-18,East,District8,0,2,0,0.0,1.91,33.9,73.6,2026-08-14 10:21:17
2024-10-18,East,District9,0,0,0,0.0,6.03,28.6,67.6,2026-08-14 10:21:17
2024-10-18,East,District10,0,2,0,0.0,8.02,33.5,80.2,2026-08-14 10:21:17
2024-10-18,Far North,District1,0,4,0,0.0,7.17,32.1,71.2,2026-08-14 10:21:17
2024-10-18,Far North,District2,0,3,0,0.0,1.17,28.1,76.8,2026-08-14 10:21:17
2024-10-18,Far North,District3,2,0,0,0.0,17.92,24.0,80.2,2026-08-14 10:21:17
2024-10-18,Far North,District4,0,4,0,0.0,15.14,26.2,79.3,2026-08-14 10:21:17
2024-10-18,Far North,District5,3,5,1,33.33,7.46,25.5,84.2,2026-08-14 10:21:17
2024-10-18,Far North,District6,2,1,1,50.0,11.94,25.4,57.3,2026-08-14 10:21:17
2024-10-18,Far North,District7,0,5,0,0.0,0.17,31.0,77.9,2026-08-14 10:21:17
2024-10-18,Far North,District8,0,3,0,0.0,3.25,34.1,69.0,2026-08-14 10:21:17
2024-10-18,Far North,District9,0,0,0,0.0,9.53,26.5,76.0,2026-08-14 10:21:17
2024-10-18,Far North,District10,0,4,0,0.0,0.58,20.0,73.8,2026-08-14 10:21:17
2024-10-18,Littoral,District1,0,4,0,0.0,11.81,27.4,89.3,2026-08-14 10:21:17
2024-10-18,Littoral,District2,0,4,0,0.0,14.71,31.3,55.1,2026-08-14 10:21:17
2024-10-18,Littoral,District3,2,5,0,0.0,4.43,30.0,62.9,2026-08-14 10:21:17
2024-10-18,Littoral,District4,0,4,0,0.0,8.9,34.9,81.0,2026-08-14 10:21:17
2024-10-18,Littoral,District5,2,3,0,0.0,18.22,34.0,54.3,2026-08-14 10:21:17
2024-10-18,Littoral,District6,1,3,0,0.0,12.41,24.4,65.7,2026-08-14 10:21:17
2024-10-18,Littoral,District7,0,1,0,0.0,13.75,24.0,77.3,2026-08-14 10:21:17
2024-10-18,Littoral,District8,0,5,0,0.0,11.42,23.1,64.1,2026-08-14 10:21:17
2024-10-18,Littoral,District9,0,0,0,0.0,19.11,23.9,68.2,2026-08-14 10:21:17
2024-10-18,Littoral,District10,1,0,0,0.0,11.55,34.1,73.8,2026-08-14 10:21:17
2024-10-18,North,District1,0,4,0,0.0,3.96,25.5,59.0,2026-08-14 10:21:17
2024-10-18,North,District2,0,4,0,0.0,6.09,23.2,64.6,2026-08-14 10:21:17
2024-10-18,North,District3,0,2,0,0.0,10.16,21.9,56.6,2026-08-14 10:21:17
2024-10-18,North,District4,1,0,1,100.0,1.05,31.8,52.3,2026-08-14 10:21:17
2024-10-18,North,District5,1,0,1,100.0,12.65,27.7,66.2,2026-08-14 10:21:17
2024-10-18,North,District6,0,3,0,0.0,14.13,21.1,62.5,2026-08-14 10:21:17
2024-10-18,North,District7,0,2,0,0.0,17.58,25.4,52.6,2026-08-14 10:21:17
2024-10-18,North,District8,0,0,0,0.0,8.54,29.6,87.5,2026-08-14 10:21:17
2024-10-18,North,District9,0,1,0,0.0,4.58,21.0,79.5,2026-08-14 10:21:17
2024-10-18,North,District10,0,2,0,0.0,7.27,25.2,75.0,2026-08-14 10:21:17
2024-10-18,North-West,District1,1,5,0,0.0,2.75,21.0,88.9,2026-08-14 10:21:17
2024-10-18,North-West,District2,0,2,0,0.0,8.24,29.5,87.2,2026-08-14 10:21:17
2024-10-18,North-West,District3,1,4,0,0.0,6.87,23.9,60.7,2026-08-14 10:21:17
2024-10-18,North-West,District4,0,5,0,0.0,7.68,21.9,55.4,2026-08-14 10:21:17
2024-10-18,North-West,District5,0,0,0,0.0,8.54,25.3,66.2,2026-08-14 10:21:17
2024-10-18,North-West,District6,0,2,0,0.0,12.57,24.8,50.1,2026-08-14 10:21:17
2024-10-18,North-West,District7,1,4,0,0.0,2.07,33.8,68.7,2026-08-14 10:21:17
2024-10-18,North-West,District8,1,4,0,0.0,0.63,29.9,67.4,2026-08-14 10:21:17
2024-10-18,North-West,District9,1,5,1,100.0,13.64,31.3,88.1,2026-08-14 10:21:17
2024-10-18,North-West,District10,0,2,0,0.0,3.73,34.1,74.3,2026-08-14 10:21:17
2024-10-18,South,District1,2,2,0,0.0,3.08,28.3,73.3,2026-08-14 10:21:17
2024-10-18,South,District2,0,5,0,0.0,18.87,31.6,57.5,2026-08-14 10:21:17
2024-10-18,South,District3,1,5,1,100.0,0.12,31.9,85.3,2026-08-14 10:21:17
2024-10-18,South,District4,0,4,0,0.0,4.57,21.1,53.6,2026-08-14 10:21:17
2024-10-18,South,District5,0,5,0,0.0,11.65,30.4,50.7,2026-08-14 10:21:17
2024-10-18,South,District6,0,3,0,0.0,7.25,21.3,83.5,2026-08-14 10:21:17
2024-10-18,South,District7,0,0,0,0.0,17.99,28.2,80.9,2026-08-14 10:21:17
2024-10-18,South,District8,0,2,0,0.0,8.16,26.6,58.5,2026-08-14 10:21:17
2024-10-18,South,District9,2,3,1,50.0,16.12,26.7,79.3,2026-08-14 10:21:17
2024-10-18,South,District10,0,4,0,0.0,12.34,25.9,51.9,2026-08-14 10:21:17
2024-10-18,South-West,District1,2,2,0,0.0,9.49,22.1,62.0,2026-08-14 10:21:17
2024-10-18,South-West,District2,2,3,1,50.0,15.36,21.5,50.8,2026-08-14 10:21:17
2024-10-18,South-West,District3,0,3,0,0.0,10.87,22.8,72.1,2026-08-14 10:21:17
2024-10-18,South-West,District4,2,5,0,0.0,2.27,32.2,60.8,2026-08-14 10:21:17
2024-10-18,South-West,District5,0,3,0,0.0,4.73,31.8,58.1,2026-08-14 10:21:17
2024-10-18,South-West,District6,0,0,0,0.0,14.01,20.3,78.7,2026-08-14 10:21:17
2024-10-18,South-West,District7,1,2,1,100.0,13.62,22.4,51.3,2026-08-14 10:21:17
2024-10-18,South-West,District8,0,0,0,0.0,9.11,27.0,82.8,2026-08-14 10:21:17
2024-10-18,South-West,District9,0,0,0,0.0,17.11,24.4,53.3,2026-08-14 10:21:17
2024-10-18,South-West,District10,2,0,0,0.0,14.8,31.9,89.5,2026-08-14 10:21:17
2024-10-18,West,District1,2,5,0,0.0,13.8,22.5,61.9,2026-08-14 10:21:17
2024-10-18,West,District2,0,2,0,0.0,3.46,33.1,51.8,2026-08-14 10:21:17
2024-10-18,West,District3,1,4,0,0.0,13.9,34.8,62.0,2026-08-14 10:21:17
2024-10-18,West,District4,1,5,0,0.0,12.12,35.0,83.4,2026-08-14 10:21:17
2024-10-18,West,District5,2,3,1,50.0,6.62,20.7,57.3,2026-08-14 10:21:17
2024-10-18,West,District6,0,0,0,0.0,12.41,20.7,73.1,2026-08-14 10:21:17
2024-10-18,West,District7,0,3,0,0.0,13.69,34.0,54.1,2026-08-14 10:21:17
2024-10-18,West,District8,0,0,0,0.0,12.19,27.4,52.8,2026-08-14 10:21:17
2024-10-18,West,District9,2,1,1,50.0,13.55,29.7,50.3,2026-08-14 10:21:17
2024-10-18,West,District10,2,5,1,50.0,3.09,27.1,82.3,2026-08-14 10:21:17
2024-10-29,Adamawa,District1,0,2,0,0.0,19.07,30.8,56.9,2026-08-14 10:21:17
2024-10-29,Adamawa,District2,0,2,0,0.0,11.3,32.3,79.3,2026-08-14 10:21:17
2024-10-29,Adamawa,District3,1,2,1,100.0,19.47,21.7,61.1,2026-08-14 10:21:17
2024-10-29,Adamawa,District4,0,2,0,0.0,16.98,30.1,85.7,2026-08-14 10:21:17
2024-10-29,Adamawa,District5,1,0,1,100.0,1.63,34.3,69.1,2026-08-14 10:21:17
2024-10-29,Adamawa,District6,0,3,0,0.0,9.69,22.9,88.7,2026-08-14 10:21:17
2024-10-29,Adamawa,District7,0,2,0,0.0,2.19,32.9,81.2,2026-08-14 10:21:17
2024-10-29,Adamawa,District8,0,2,0,0.0,7.07,28.9,51.6,2026-08-14 10:21:17
2024-10-29,Adamawa,District9,0,3,0,0.0,2.54,25.3,63.6,2026-08-14 10:21:17
2024-10-29,Adamawa,District10,0,3,0,0.0,7.22,27.4,77.4,2026-08-14 10:21:17
2024-10-29,Centre,District1,0,5,0,0.0,6.74,20.7,65.4,2026-08-14 10:21:17
2024-10-29,Centre,District2,3,2,1,33.33,2.85,28.4,54.7,2026-08-14 10:21:17
2024-10-29,Centre,District3,1,1,0,0.0,18.25,26.6,86.6,2026-08-14 10:21:17
2024-10-29,Centre,District4,0,3,0,0.0,19.02,32.8,86.7,2026-08-14 10:21:17
2024-10-29,Centre,District5,2,4,1,50.0,17.01,20.3,69.2,2026-08-14 10:21:17
2024-10-29,Centre,District6,0,2,0,0.0,17.04,34.3,79.6,2026-08-14 10:21:17
2024-10-29,Centre,District7,0,2,0,0.0,0.71,20.1,65.0,2026-08-14 10:21:17
2024-10-29,Centre,District8,2,0,1,50.0,10.03,29.5,71.0,2026-08-14 10:21:17
2024-10-29,Centre,District9,0,1,0,0.0,12.5,34.2,85.8,2026-08-14 10:21:17
2024-10-29,Centre,District10,2,0,0,0.0,17.37,20.8,86.6,2026-08-14 10:21:17
2024-10-29,East,District1,0,5,0,0.0,17.08,22.6,70.9,2026-08-14 10:21:17
2024-10-29,East,District2,0,3,0,0.0,1.48,33.6,78.8,2026-08-14 10:21:17
2024-10-29,East,District3,1,4,1,100.0,13.34,22.4,66.6,2026-08-14 10:21:17
2024-10-29,East,District4,3,4,1,33.33,4.61,30.5,75.5,2026-08-14 10:21:17
2024-10-29,East,District5,0,1,0,0.0,1.76,27.3,88.3,2026-08-14 10:21:17
2024-10-29,East,District6,0,1,0,0.0,19.26,24.1,61.7,2026-08-14 10:21:17
2024-10-29,East,District7,2,3,0,0.0,6.47,25.6,77.6,2026-08-14 10:21:17
2024-10-29,East,District8,0,0,0,0.0,1.58,28.5,53.1,2026-08-14 10:21:17
2024-10-29,East,District9,0,4,0,0.0,7.73,33.3,55.8,2026-08-14 10:21:17
2024-10-29,East,District10,0,5,0,0.0,8.27,23.5,85.3,2026-08-14 10:21:17
2024-10-29,Far North,District1,0,2,0,0.0,11.63,30.7,88.4,2026-08-14 10:21:17
2024-10-29,Far North,District2,1,0,1,100.0,18.25,30.5,60.1,2026-08-14 10:21:17
2024-10-29,Far North,District3,0,5,0,0.0,5.5,22.6,59.1,2026-08-14 10:21:17
2024-10-29,Far North,District4,0,0,0,0.0,1.14,30.3,54.9,2026-08-14 10:21:17
2024-10-29,Far North,District5,0,2,0,0.0,18.47,26.7,60.9,2026-08-14 10:21:17
2024-10-29,Far North,District6,2,1,1,50.0,19.61,24.2,60.8,2026-08-14 10:21:17
2024-10-29,Far North,District7,2,2,0,0.0,8.62,21.1,69.3,2026-08-14 10:21:17
2024-10-29,Far North,District8,0,0,0,0.0,13.02,32.9,51.0,2026-08-14 10:21:17
2024-10-29,Far North,District9,0,2,0,0.0,17.73,22.9,66.5,2026-08-14 10:21:17
2024-10-29,Far North,District10,0,3,0,0.0,2.15,28.1,65.8,2026-08-14 10:21:17
2024-10-29,Littoral,District1,0,5,0,0.0,2.64,29.7,57.7,2026-08-14 10:21:17
2024-10-29,Littoral,District2,0,0,0,0.0,0.27,25.2,68.6,2026-08-14 10:21:17
2024-10-29,Littoral,District3,0,2,0,0.0,19.6,21.4,62.2,2026-08-14 10:21:17
2024-10-29,Littoral,District4,1,2,0,0.0,8.79,32.2,65.1,2026-08-14 10:21:17
2024-10-29,Littoral,District5,0,3,0,0.0,6.36,34.2,89.1,2026-08-14 10:21:17
2024-10-29,Littoral,District6,0,4,0,0.0,3.07,23.4,59.7,2026-08-14 10:21:17
2024-10-29,Littoral,District7,1,2,0,0.0,15.87,29.9,80.7,2026-08-14 10:21:17
2024-10-29,Littoral,District8,0,1,0,0.0,7.99,27.8,64.6,2026-08-14 10:21:17
2024-10-29,Littoral,District9,0,3,0,0.0,15.01,20.6,72.9,2026-08-14 10:21:17
2024-10-29,Littoral,District10,0,5,0,0.0,17.81,32.8,54.2,2026-08-14 10:21:17
2024-10-29,North,District1,2,1,0,0.0,16.19,25.4,53.8,2026-08-14 10:21:17
2024-10-29,North,District2,3,2,1,33.33,3.03,29.1,78.5,2026-08-14 10:21:17
2024-10-29,North,District3,2,5,1,50.0,4.03,34.8,87.1,2026-08-14 10:21:17
2024-10-29,North,District4,1,4,1,100.0,5.21,29.9,64.1,2026-08-14 10:21:17
2024-10-29,North,District5,0,5,0,0.0,12.39,23.3,86.8,2026-08-14 10:21:17
2024-10-29,North,District6,0,5,0,0.0,4.72,34.2,65.3,2026-08-14 10:21:17
2024-10-29,North,District7,0,0,0,0.0,11.58,23.0,64.7,2026-08-14 10:21:17
2024-10-29,North,District8,0,5,0,0.0,16.23,32.3,62.8,2026-08-14 10:21:17
2024-10-29,North,District9,0,3,0,0.0,12.09,31.0,64.4,2026-08-14 10:21:17
2024-10-29,North,District10,0,3,0,0.0,13.52,21.2,70.2,2026-08-14 10:21:17
2024-10-29,North-West,District1,0,1,0,0.0,0.84,22.8,50.7,2026-08-14 10:21:17
2024-10-29,North-West,District2,0,1,0,0.0,16.76,31.2,59.8,2026-08-14 10:21:17
2024-10-29,North-West,District3,3,4,1,33.33,8.27,24.6,72.7,2026-08-14 10:21:17
2024-10-29,North-West,District4,0,1,0,0.0,7.59,25.6,71.2,2026-08-14 10:21:17
2024-10-29,North-West,District5,0,2,0,0.0,8.01,26.9,78.1,2026-08-14 10:21:17
2024-10-29,North-West,District6,0,3,0,0.0,0.27,25.2,63.6,2026-08-14 10:21:17
2024-10-29,North-West,District7,0,5,0,0.0,11.41,28.6,59.0,2026-08-14 10:21:17
2024-10-29,North-West,District8,1,2,1,100.0,14.05,31.8,52.2,2026-08-14 10:21:17
2024-10-29,North-West,District9,0,2,0,0.0,13.65,22.0,88.1,2026-08-14 10:21:17
2024-10-29,North-West,District10,0,5,0,0.0,15.51,29.8,58.5,2026-08-14 10:21:17
2024-10-29,South,District1,0,0,0,0.0,3.88,23.6,80.2,2026-08-14 10:21:17
2024-10-29,South,District2,0,3,0,0.0,19.8,33.7,62.8,2026-08-14 10:21:17
2024-10-29,South,District3,0,4,0,0.0,8.4,25.7,76.2,2026-08-14 10:21:17
2024-10-29,South,District4,0,0,0,0.0,4.2,22.7,89.8,2026-08-14 10:21:17
2024-10-29,South,District5,0,5,0,0.0,1.19,20.7,50.4,2026-08-14 10:21:17
2024-10-29,South,District6,0,3,0,0.0,18.78,33.5,58.4,2026-08-14 10:21:17
2024-10-29,South,District7,1,5,1,100.0,17.06,29.4,54.0,2026-08-14 10:21:17
2024-10-29,South,District8,0,5,0,0.0,11.85,20.5,89.9,2026-08-14 10:21:17
2024-10-29,South,District9,1,1,1,100.0,0.39,32.6,74.6,2026-08-14 10:21:17
2024-10-29,South,District10,0,3,0,0.0,1.0,32.3,85.1,2026-08-14 10:21:17
2024-10-29,South-West,District1,0,2,0,0.0,8.09,26.0,81.1,2026-08-14 10:21:17
2024-10-29,South-West,District2,0,4,0,0.0,14.88,30.3,67.4,2026-08-14 10:21:17
2024-10-29,South-West,District3,0,5,0,0.0,1.57,27.8,69.3,2026-08-14 10:21:17
2024-10-29,South-West,District4,2,5,0,0.0,6.7,30.3,57.8,2026-08-14 10:21:17
2024-10-29,South-West,District5,0,0,0,0.0,15.45,30.9,58.1,2026-08-14 10:21:17
2024-10-29,South-West,District6,1,0,1,100.0,18.98,28.8,73.5,2026-08-14 10:21:17
2024-10-29,South-West,District7,0,4,0,0.0,0.25,30.9,56.1,2026-08-14 10:21:17
2024-10-29,South-West,District8,0,3,0,0.0,18.42,30.6,88.9,2026-08-14 10:21:17
2024-10-29,South-West,District9,0,3,0,0.0,5.45,32.3,54.4,2026-08-14 10:21:17
2024-10-29,South-West,District10,0,0,0,0.0,9.21,32.9,89.5,2026-08-14 10:21:17
2024-10-29,West,District1,0,2,0,0.0,6.58,24.2,50.5,2026-08-14 10:21:17
2024-10-29,West,District2,1,5,1,100.0,8.63,30.0,69.8,2026-08-14 10:21:17
2024-10-29,West,District3,0,5,0,0.0,14.9,22.9,58.6,2026-08-14 10:21:17
2024-10-29,West,District4,1,4,0,0.0,6.88,27.5,58.2,2026-08-14 10:21:17
2024-10-29,West,District5,1,1,0,0.0,19.02,20.2,69.0,2026-08-14 10:21:17
2024-10-29,West,District6,0,1,0,0.0,4.9,28.5,87.9,2026-08-14 10:21:17
2024-10-29,West,District7,0,4,0,0.0,17.49,26.6,58.5,2026-08-14 10:21:17
2024-10-29,West,District8,2,5,1,50.0,12.11,22.6,74.4,2026-08-14 10:21:17
2024-10-29,West,District9,1,1,1,100.0,16.46,25.2,75.7,2026-08-14 10:21:17
2024-10-29,West,District10,0,3,0,0.0,4.18,27.1,68.0,2026-08-14 10:21:17
2024-11-26,Adamawa,District1,1,0,1,100.0,18.17,20.1,55.0,2026-08-14 10:21:17
2024-11-26,Adamawa,District2,0,0,0,0.0,12.42,26.3,73.7,2026-08-14 10:21:17
2024-11-26,Adamawa,District3,0,0,0,0.0,8.97,25.4,86.4,2026-08-14 10:21:17
2024-11-26,Adamawa,District4,0,4,0,0.0,16.26,29.3,63.5,2026-08-14 10:21:17
2024-11-26,Adamawa,District5,0,5,0,0.0,16.21,32.4,73.8,2026-08-14 10:21:17
2024-11-26,Adamawa,District6,0,1,0,0.0,17.01,24.3,69.1,2026-08-14 10:21:17
2024-11-26,Adamawa,District7,3,5,1,33.33,7.54,25.0,61.6,2026-08-14 10:21:17
2024-11-26,Adamawa,District8,0,0,0,0.0,14.64,24.7,75.2,2026-08-14 10:21:17
2024-11-26,Adamawa,District9,1,2,0,0.0,7.86,31.0,75.0,2026-08-14 10:21:17
2024-11-26,Adamawa,District10,0,4,0,0.0,14.92,31.3,56.3,2026-08-14 10:21:17
2024-11-26,Centre,District1,0,1,0,0.0,8.18,28.9,85.2,2026-08-14 10:21:17
2024-11-26,Centre,District2,0,5,0,0.0,11.77,26.2,88.6,2026-08-14 10:21:17
2024-11-26,Centre,District3,0,2,0,0.0,5.43,20.3,79.4,2026-08-14 10:21:17
2024-11-26,Centre,District4,0,2,0,0.0,3.97,21.9,69.4,2026-08-14 10:21:17
2024-11-26,Centre,District5,0,3,0,0.0,10.91,34.8,83.3,2026-08-14 10:21:17
2024-11-26,Centre,District6,0,5,0,0.0,16.59,29.8,57.3,2026-08-14 10:21:17
2024-11-26,Centre,District7,0,0,0,0.0,1.51,30.0,71.5,2026-08-14 10:21:17
2024-11-26,Centre,District8,1,0,1,100.0,13.54,34.6,89.0,2026-08-14 10:21:17
2024-11-26,Centre,District9,3,2,0,0.0,15.23,28.1,88.8,2026-08-14 10:21:17
2024-11-26,Centre,District10,0,4,0,0.0,11.18,25.0,61.5,2026-08-14 10:21:17
2024-11-26,East,District1,3,5,0,0.0,18.63,27.0,88.6,2026-08-14 10:21:17
2024-11-26,East,District2,0,4,0,0.0,4.37,23.0,58.8,2026-08-14 10:21:17
2024-11-26,East,District3,0,2,0,0.0,7.74,27.9,81.3,2026-08-14 10:21:17
2024-11-26,East,District4,2,0,0,0.0,2.72,29.5,56.2,2026-08-14 10:21:17
2024-11-26,East,District5,0,0,0,0.0,16.22,24.2,68.1,2026-08-14 10:21:17
2024-11-26,East,District6,1,3,1,100.0,4.95,31.1,74.2,2026-08-14 10:21:17
2024-11-26,East,District7,0,5,0,0.0,6.49,30.2,69.3,2026-08-14 10:21:17
2024-11-26,East,District8,0,2,0,0.0,3.41,23.5,64.2,2026-08-14 10:21:17
2024-11-26,East,District9,0,2,0,0.0,6.29,20.5,52.1,2026-08-14 10:21:17
2024-11-26,East,District10,0,1,0,0.0,1.75,22.4,53.3,2026-08-14 10:21:17
2024-11-26,Far North,District1,0,3,0,0.0,14.51,20.6,80.4,2026-08-14 10:21:17
2024-11-26,Far North,District2,0,1,0,0.0,2.2,31.3,69.5,2026-08-14 10:21:17
2024-11-26,Far North,District3,0,5,0,0.0,6.68,34.3,89.1,2026-08-14 10:21:17
2024-11-26,Far North,District4,0,4,0,0.0,3.36,30.2,81.3,2026-08-14 10:21:17
2024-11-26,Far North,District5,0,3,0,0.0,4.6,26.7,84.2,2026-08-14 10:21:17
2024-11-26,Far North,District6,0,0,0,0.0,17.76,29.0,51.7,2026-08-14 10:21:17
2024-11-26,Far North,District7,0,1,0,0.0,4.59,32.2,85.2,2026-08-14 10:21:17
2024-11-26,Far North,District8,0,5,0,0.0,17.0,30.5,65.3,2026-08-14 10:21:17
2024-11-26,Far North,District9,0,2,0,0.0,16.23,30.9,80.0,2026-08-14 10:21:17
2024-11-26,Far North,District10,1,1,0,0.0,14.98,24.2,50.5,2026-08-14 10:21:17
2024-11-26,Littoral,District1,0,1,0,0.0,13.26,33.4,86.0,2026-08-14 10:21:17
2024-11-26,Littoral,District2,3,4,1,33.33,13.41,26.4,60.0,2026-08-14 10:21:17
2024-11-26,Littoral,District3,0,3,0,0.0,5.45,32.5,61.5,2026-08-14 10:21:17
2024-11-26,Littoral,District4,0,5,0,0.0,3.05,22.3,58.8,2026-08-14 10:21:17
2024-11-26,Littoral,District5,0,3,0,0.0,15.78,31.0,65.1,2026-08-14 10:21:17
2024-11-26,Littoral,District6,1,4,1,100.0,1.64,34.6,71.4,2026-08-14 10:21:17
2024-11-26,Littoral,District7,0,4,0,0.0,7.73,26.0,59.6,2026-08-14 10:21:17
2024-11-26,Littoral,District8,0,2,0,0.0,1.49,29.6,70.4,2026-08-14 10:21:17
2024-11-26,Littoral,District9,2,5,0,0.0,12.58,21.6,74.8,2026-08-14 10:21:17
2024-11-26,Littoral,District10,0,3,0,0.0,1.17,31.7,77.8,2026-08-14 10:21:17
2024-11-26,North,District1,1,3,0,0.0,1.89,28.2,69.1,2026-08-14 10:21:17
2024-11-26,North,District2,3,5,1,33.33,13.98,22.2,70.1,2026-08-14 10:21:17
2024-11-26,North,District3,0,3,0,0.0,14.78,25.4,61.7,2026-08-14 10:21:17
2024-11-26,North,District4,0,1,0,0.0,12.65,30.6,51.2,2026-08-14 10:21:17
2024-11-26,North,District5,0,5,0,0.0,4.44,31.3,64.7,2026-08-14 10:21:17
2024-11-26,North,District6,3,1,0,0.0,8.67,29.4,63.7,2026-08-14 10:21:17
2024-11-26,North,District7,0,2,0,0.0,5.48,31.3,62.8,2026-08-14 10:21:17
2024-11-26,North,District8,2,1,0,0.0,10.84,27.0,66.2,2026-08-14 10:21:17
2024-11-26,North,District9,0,0,0,0.0,15.37,34.3,53.1,2026-08-14 10:21:17
2024-11-26,North,District10,0,0,0,0.0,17.84,34.6,57.3,2026-08-14 10:21:17
2024-11-26,North-West,District1,0,0,0,0.0,13.13,29.3,61.5,2026-08-14 10:21:17
2024-11-26,North-West,District2,0,5,0,0.0,5.75,27.8,69.7,2026-08-14 10:21:17
2024-11-26,North-West,District3,0,3,0,0.0,7.9,20.9,88.2,2026-08-14 10:21:17
2024-11-26,North-West,District4,1,0,1,100.0,4.6,29.4,78.5,2026-08-14 10:21:17
2024-11-26,North-West,District5,0,1,0,0.0,6.19,25.9,87.3,2026-08-14 10:21:17
2024-11-26,North-West,District6,0,1,0,0.0,13.55,33.5,64.4,2026-08-14 10:21:17
2024-11-26,North-West,District7,0,2,0,0.0,12.74,20.5,67.3,2026-08-14 10:21:17
2024-11-26,North-West,District8,1,0,1,100.0,17.11,23.1,77.8,2026-08-14 10:21:17
2024-11-26,North-West,District9,3,3,1,33.33,19.26,34.1,89.0,2026-08-14 10:21:17
2024-11-26,North-West,District10,0,0,0,0.0,9.64,27.9,75.4,2026-08-14 10:21:17
2024-11-26,South,District1,0,1,0,0.0,10.17,32.9,84.3,2026-08-14 10:21:17
2024-11-26,South,District2,0,1,0,0.0,7.74,20.7,58.7,2026-08-14 10:21:17
2024-11-26,South,District3,0,0,0,0.0,2.09,32.2,58.0,2026-08-14 10:21:17
2024-11-26,South,District4,0,5,0,0.0,5.92,21.5,83.9,2026-08-14 10:21:17
2024-11-26,South,District5,1,4,1,100.0,13.9,31.8,64.2,2026-08-14 10:21:17
2024-11-26,South,District6,1,3,0,0.0,17.91,28.6,56.9,2026-08-14 10:21:17
2024-11-26,South,District7,1,0,1,100.0,11.68,31.1,87.0,2026-08-14 10:21:17
2024-11-26,South,District8,0,1,0,0.0,8.01,28.3,53.7,2026-08-14 10:21:17
2024-11-26,South,District9,3,5,1,33.33,7.43,31.7,81.7,2026-08-14 10:21:17
2024-11-26,South,District10,0,1,0,0.0,14.84,25.6,65.7,2026-08-14 10:21:17
2024-11-26,South-West,District1,1,1,0,0.0,19.12,34.5,55.3,2026-08-14 10:21:17
2024-11-26,South-West,District2,1,2,1,100.0,4.78,28.3,64.6,2026-08-14 10:21:17
2024-11-26,South-West,District3,1,4,1,100.0,10.22,21.4,53.6,2026-08-14 10:21:17
2024-11-26,South-West,District4,0,5,0,0.0,12.33,21.2,79.9,2026-08-14 10:21:17
2024-11-26,South-West,District5,2,1,0,0.0,4.26,26.8,86.5,2026-08-14 10:21:17
2024-11-26,South-West,District6,0,4,0,0.0,1.16,23.0,66.5,2026-08-14 10:21:17
2024-11-26,South-West,District7,0,3,0,0.0,1.9,26.2,81.3,2026-08-14 10:21:17
2024-11-26,South-West,District8,0,2,0,0.0,5.97,33.6,77.3,2026-08-14 10:21:17
2024-11-26,South-West,District9,1,5,1,100.0,4.38,32.6,59.4,2026-08-14 10:21:17
2024-11-26,South-West,District10,0,3,0,0.0,17.04,31.0,75.4,2026-08-14 10:21:17
2024-11-26,West,District1,1,2,0,0.0,9.71,29.4,71.6,2026-08-14 10:21:17
2024-11-26,West,District2,0,1,0,0.0,5.92,21.7,70.9,2026-08-14 10:21:17
2024-11-26,West,District3,0,4,0,0.0,10.01,21.0,59.4,2026-08-14 10:21:17
2024-11-26,West,District4,2,3,0,0.0,13.0,33.1,61.1,2026-08-14 10:21:17
2024-11-26,West,District5,1,1,1,100.0,7.7,32.7,50.5,2026-08-14 10:21:17
2024-11-26,West,District6,0,1,0,0.0,17.08,23.1,77.3,2026-08-14 10:21:17
2024-11-26,West,District7,1,4,0,0.0,16.71,30.2,69.4,2026-08-14 10:21:17
2024-11-26,West,District8,0,5,0,0.0,3.6,33.0,52.6,2026-08-14 10:21:17
2024-11-26,West,District9,0,3,0,0.0,6.22,22.0,78.7,2026-08-14 10:21:17
2024-11-26,West,District10,0,4,0,0.0,3.49,23.0,60.0,2026-08-14 10:21:17
2024-11-18,Adamawa,District1,0,0,0,0.0,4.57,28.6,60.5,2026-08-14 10:21:17
2024-11-18,Adamawa,District2,2,2,0,0.0,12.71,31.6,64.8,2026-08-14 10:21:17
2024-11-18,Adamawa,District3,0,1,0,0.0,8.57,32.4,79.0,2026-08-14 10:21:17
2024-11-18,Adamawa,District4,0,5,0,0.0,7.66,33.3,54.1,2026-08-14 10:21:17
2024-11-18,Adamawa,District5,2,4,0,0.0,1.54,23.7,75.7,2026-08-14 10:21:17
2024-11-18,Adamawa,District6,2,0,0,0.0,9.96,27.9,58.7,2026-08-14 10:21:17
2024-11-18,Adamawa,District7,0,5,0,0.0,14.73,26.4,89.3,2026-08-14 10:21:17
2024-11-18,Adamawa,District8,1,0,0,0.0,16.87,34.1,64.7,2026-08-14 10:21:17
2024-11-18,Adamawa,District9,2,5,1,50.0,11.19,31.7,66.7,2026-08-14 10:21:17
2024-11-18,Adamawa,District10,2,5,1,50.0,8.85,32.6,52.9,2026-08-14 10:21:17
2024-11-18,Centre,District1,0,1,0,0.0,13.78,24.0,68.9,2026-08-14 10:21:17
2024-11-18,Centre,District2,2,0,0,0.0,8.67,27.5,83.9,2026-08-14 10:21:17
2024-11-18,Centre,District3,0,3,0,0.0,5.02,23.9,80.5,2026-08-14 10:21:17
2024-11-18,Centre,District4,1,1,0,0.0,7.55,33.2,76.2,2026-08-14 10:21:17
2024-11-18,Centre,District5,0,0,0,0.0,15.14,24.7,52.9,2026-08-14 10:21:17
2024-11-18,Centre,District6,0,1,0,0.0,14.52,24.5,59.1,2026-08-14 10:21:17
2024-11-18,Centre,District7,0,5,0,0.0,10.03,31.7,64.6,2026-08-14 10:21:17
2024-11-18,Centre,District8,1,0,1,100.0,12.03,33.9,70.5,2026-08-14 10:21:17
2024-11-18,Centre,District9,0,5,0,0.0,3.79,34.6,50.8,2026-08-14 10:21:17
2024-11-18,Centre,District10,1,1,1,100.0,17.29,23.7,78.7,2026-08-14 10:21:17
2024-11-18,East,District1,0,2,0,0.0,14.11,22.9,66.5,2026-08-14 10:21:17
2024-11-18,East,District2,0,5,0,0.0,16.56,30.6,70.3,2026-08-14 10:21:17
2024-11-18,East,District3,1,5,0,0.0,15.59,29.7,88.2,2026-08-14 10:21:17
2024-11-18,East,District4,0,0,0,0.0,6.39,23.5,84.9,2026-08-14 10:21:17
2024-11-18,East,District5,1,3,1,100.0,5.0,29.5,76.5,2026-08-14 10:21:17
2024-11-18,East,District6,0,3,0,0.0,2.98,21.6,52.4,2026-08-14 10:21:17
2024-11-18,East,District7,0,5,0,0.0,5.86,20.2,77.1,2026-08-14 10:21:17
2024-11-18,East,District8,0,1,0,0.0,13.56,28.5,57.3,2026-08-14 10:21:17
2024-11-18,East,District9,0,3,0,0.0,2.84,22.3,66.3,2026-08-14 10:21:17
2024-11-18,East,District10,1,5,1,100.0,1.68,28.1,54.7,2026-08-14 10:21:17
2024-11-18,Far North,District1,0,1,0,0.0,15.58,29.6,50.8,2026-08-14 10:21:17
2024-11-18,Far North,District2,2,0,0,0.0,12.13,32.8,87.3,2026-08-14 10:21:17
2024-11-18,Far North,District3,0,4,0,0.0,5.36,30.1,59.8,2026-08-14 10:21:17
2024-11-18,Far North,District4,2,2,1,50.0,17.97,31.8,83.7,2026-08-14 10:21:17
2024-11-18,Far North,District5,2,4,1,50.0,14.36,26.0,90.0,2026-08-14 10:21:17
2024-11-18,Far North,District6,2,5,0,0.0,0.16,32.6,69.3,2026-08-14 10:21:17
2024-11-18,Far North,District7,0,1,0,0.0,14.34,20.9,68.5,2026-08-14 10:21:17
2024-11-18,Far North,District8,2,4,0,0.0,12.12,34.1,83.1,2026-08-14 10:21:17
2024-11-18,Far North,District9,0,2,0,0.0,12.69,33.4,88.5,2026-08-14 10:21:17
2024-11-18,Far North,District10,0,5,0,0.0,0.22,32.2,53.6,2026-08-14 10:21:17
2024-11-18,Littoral,District1,0,1,0,0.0,2.1,31.3,82.2,2026-08-14 10:21:17
2024-11-18,Littoral,District2,2,2,0,0.0,11.79,29.2,75.9,2026-08-14 10:21:17
2024-11-18,Littoral,District3,0,5,0,0.0,3.98,20.6,57.2,2026-08-14 10:21:17
2024-11-18,Littoral,District4,0,5,0,0.0,5.42,22.4,68.7,2026-08-14 10:21:17
2024-11-18,Littoral,District5,1,3,1,100.0,1.72,31.2,82.8,2026-08-14 10:21:17
2024-11-18,Littoral,District6,0,5,0,0.0,19.98,25.2,74.1,2026-08-14 10:21:17
2024-11-18,Littoral,District7,2,4,1,50.0,13.67,29.0,62.5,2026-08-14 10:21:17
2024-11-18,Littoral,District8,1,2,0,0.0,15.02,27.9,78.9,2026-08-14 10:21:17
2024-11-18,Littoral,District9,0,2,0,0.0,19.23,29.0,52.2,2026-08-14 10:21:17
2024-11-18,Littoral,District10,0,3,0,0.0,13.69,27.0,87.4,2026-08-14 10:21:17
2024-11-18,North,District1,0,1,0,0.0,9.3,31.1,64.7,2026-08-14 10:21:17
2024-11-18,North,District2,1,5,0,0.0,2.14,34.2,59.6,2026-08-14 10:21:17
2024-11-18,North,District3,0,0,0,0.0,17.53,32.3,71.8,2026-08-14 10:21:17
2024-11-18,North,District4,0,5,0,0.0,13.6,22.1,73.9,2026-08-14 10:21:17
2024-11-18,North,District5,0,0,0,0.0,12.93,22.2,78.0,2026-08-14 10:21:17
2024-11-18,North,District6,0,2,0,0.0,2.32,25.0,53.8,2026-08-14 10:21:17
2024-11-18,North,District7,0,4,0,0.0,13.94,20.8,51.8,2026-08-14 10:21:17
2024-11-18,North,District8,0,5,0,0.0,6.73,29.1,67.1,2026-08-14 10:21:17
2024-11-18,North,District9,0,2,0,0.0,2.49,24.9,88.4,2026-08-14 10:21:17
2024-11-18,North,District10,0,2,0,0.0,11.17,29.8,56.7,2026-08-14 10:21:17
2024-11-18,North-West,District1,0,2,0,0.0,9.86,25.2,86.0,2026-08-14 10:21:17
2024-11-18,North-West,District2,0,5,0,0.0,18.13,23.3,60.8,2026-08-14 10:21:17
2024-11-18,North-West,District3,0,3,0,0.0,18.54,34.7,55.4,2026-08-14 10:21:17
2024-11-18,North-West,District4,0,3,0,0.0,14.44,26.8,59.7,2026-08-14 10:21:17
2024-11-18,North-West,District5,0,5,0,0.0,5.0,31.7,54.3,2026-08-14 10:21:17
2024-11-18,North-West,District6,1,0,0,0.0,19.58,30.5,85.8,2026-08-14 10:21:17
2024-11-18,North-West,District7,0,0,0,0.0,1.87,32.8,78.9,2026-08-14 10:21:17
2024-11-18,North-West,District8,0,4,0,0.0,7.49,27.4,78.6,2026-08-14 10:21:17
2024-11-18,North-West,District9,1,5,1,100.0,9.0,22.0,54.5,2026-08-14 10:21:17
2024-11-18,North-West,District10,0,0,0,0.0,16.25,27.6,74.9,2026-08-14 10:21:17
2024-11-18,South,District1,0,5,0,0.0,3.78,34.5,78.0,2026-08-14 10:21:17
2024-11-18,South,District2,0,4,0,0.0,19.14,24.1,79.1,2026-08-14 10:21:17
2024-11-18,South,District3,0,0,0,0.0,3.7,29.6,82.3,2026-08-14 10:21:17
2024-11-18,South,District4,0,2,0,0.0,10.07,21.0,57.2,2026-08-14 10:21:17
2024-11-18,South,District5,0,2,0,0.0,13.29,32.5,52.8,2026-08-14 10:21:17
2024-11-18,South,District6,1,2,0,0.0,6.5,28.4,65.4,2026-08-14 10:21:17
2024-11-18,South,District7,0,5,0,0.0,6.49,30.5,60.6,2026-08-14 10:21:17
2024-11-18,South,District8,0,5,0,0.0,18.25,27.8,72.5,2026-08-14 10:21:17
2024-11-18,South,District9,2,3,1,50.0,14.46,20.4,72.9,2026-08-14 10:21:17
2024-11-18,South,District10,2,1,1,50.0,11.85,32.5,78.2,2026-08-14 10:21:17
2024-11-18,South-West,District1,1,2,1,100.0,2.85,34.8,67.2,2026-08-14 10:21:17
2024-11-18,South-West,District2,2,2,0,0.0,19.83,26.2,61.3,2026-08-14 10:21:17
2024-11-18,South-West,District3,0,3,0,0.0,16.78,30.9,50.4,2026-08-14 10:21:17
2024-11-18,South-West,District4,1,4,0,0.0,15.24,22.5,51.3,2026-08-14 10:21:17
2024-11-18,South-West,District5,3,1,1,33.33,9.45,24.6,66.9,2026-08-14 10:21:17
2024-11-18,South-West,District6,2,2,1,50.0,19.43,34.8,54.9,2026-08-14 10:21:17
2024-11-18,South-West,District7,1,1,0,0.0,0.72,33.3,64.1,2026-08-14 10:21:17
2024-11-18,South-West,District8,0,2,0,0.0,15.17,31.5,75.7,2026-08-14 10:21:17
2024-11-18,South-West,District9,1,5,0,0.0,8.3,25.5,58.2,2026-08-14 10:21:17
2024-11-18,South-West,District10,3,5,1,33.33,14.52,30.7,55.4,2026-08-14 10:21:17
2024-11-18,West,District1,2,5,0,0.0,14.35,32.3,78.7,2026-08-14 10:21:17
2024-11-18,West,District2,0,5,0,0.0,11.58,21.9,56.5,2026-08-14 10:21:17
2024-11-18,West,District3,0,2,0,0.0,2.75,22.3,73.8,2026-08-14 10:21:17
2024-11-18,West,District4,0,0,0,0.0,11.1,21.0,68.5,2026-08-14 10:21:17
2024-11-18,West,District5,2,5,0,0.0,3.62,24.7,77.1,2026-08-14 10:21:17
2024-11-18,West,District6,0,2,0,0.0,3.74,21.9,62.8,2026-08-14 10:21:17
2024-11-18,West,District7,0,1,0,0.0,1.24,27.5,57.5,2026-08-14 10:21:17
2024-11-18,West,District8,0,4,0,0.0,11.45,29.8,59.3,2026-08-14 10:21:17
2024-11-18,West,District9,2,0,0,0.0,5.78,28.4,51.0,2026-08-14 10:21:17
2024-11-18,West,District10,3,0,1,33.33,10.32,25.6,61.1,2026-08-14 10:21:17
2024-11-05,Adamawa,District1,0,4,0,0.0,19.03,28.3,52.1,2026-08-14 10:21:17
2024-11-05,Adamawa,District2,0,5,0,0.0,19.54,22.4,58.1,2026-08-14 10:21:17
2024-11-05,Adamawa,District3,0,2,0,0.0,5.93,27.7,56.8,2026-08-14 10:21:17
2024-11-05,Adamawa,District4,0,4,0,0.0,2.85,30.2,74.0,2026-08-14 10:21:17
2024-11-05,Adamawa,District5,0,3,0,0.0,15.53,32.3,84.9,2026-08-14 10:21:17
2024-11-05,Adamawa,District6,1,1,0,0.0,12.56,33.0,55.9,2026-08-14 10:21:17
2024-11-05,Adamawa,District7,1,2,0,0.0,6.32,28.6,66.6,2026-08-14 10:21:17
2024-11-05,Adamawa,District8,0,1,0,0.0,2.73,33.3,68.7,2026-08-14 10:21:17
2024-11-05,Adamawa,District9,1,0,1,100.0,2.61,27.3,68.3,2026-08-14 10:21:17
2024-11-05,Adamawa,District10,0,2,0,0.0,13.83,31.2,78.7,2026-08-14 10:21:17
2024-11-05,Centre,District1,0,0,0,0.0,9.59,30.0,53.0,2026-08-14 10:21:17
2024-11-05,Centre,District2,2,0,0,0.0,13.28,28.4,55.4,2026-08-14 10:21:17
2024-11-05,Centre,District3,0,2,0,0.0,3.8,34.7,83.3,2026-08-14 10:21:17
2024-11-05,Centre,District4,0,5,0,0.0,13.93,24.5,58.1,2026-08-14 10:21:17
2024-11-05,Centre,District5,0,4,0,0.0,7.03,25.2,82.0,2026-08-14 10:21:17
2024-11-05,Centre,District6,3,0,1,33.33,13.35,28.8,63.6,2026-08-14 10:21:17
2024-11-05,Centre,District7,0,3,0,0.0,4.97,20.6,63.2,2026-08-14 10:21:17
2024-11-05,Centre,District8,0,2,0,0.0,15.17,20.1,87.8,2026-08-14 10:21:17
2024-11-05,Centre,District9,3,0,1,33.33,14.77,25.2,64.4,2026-08-14 10:21:17
2024-11-05,Centre,District10,0,1,0,0.0,6.79,26.5,61.7,2026-08-14 10:21:17
2024-11-05,East,District1,1,3,1,100.0,18.24,25.8,69.9,2026-08-14 10:21:17
2024-11-05,East,District2,0,1,0,0.0,9.66,21.5,61.2,2026-08-14 10:21:17
2024-11-05,East,District3,1,0,0,0.0,2.57,26.6,63.2,2026-08-14 10:21:17
2024-11-05,East,District4,1,1,0,0.0,2.93,22.8,58.5,2026-08-14 10:21:17
2024-11-05,East,District5,0,3,0,0.0,14.53,31.8,65.4,2026-08-14 10:21:17
2024-11-05,East,District6,0,5,0,0.0,11.82,32.9,52.8,2026-08-14 10:21:17
2024-11-05,East,District7,1,4,1,100.0,9.53,33.6,73.1,2026-08-14 10:21:17
2024-11-05,East,District8,0,0,0,0.0,7.9,30.2,57.8,2026-08-14 10:21:17
2024-11-05,East,District9,0,5,0,0.0,2.49,33.0,73.4,2026-08-14 10:21:17
2024-11-05,East,District10,0,0,0,0.0,12.94,32.3,77.6,2026-08-14 10:21:17
2024-11-05,Far North,District1,3,0,0,0.0,14.76,33.0,82.0,2026-08-14 10:21:17
2024-11-05,Far North,District2,0,2,0,0.0,4.87,30.5,70.8,2026-08-14 10:21:17
2024-11-05,Far North,District3,0,4,0,0.0,1.21,20.4,77.9,2026-08-14 10:21:17
2024-11-05,Far North,District4,0,1,0,0.0,12.08,33.9,83.2,2026-08-14 10:21:17
2024-11-05,Far North,District5,0,5,0,0.0,9.51,31.0,60.2,2026-08-14 10:21:17
2024-11-05,Far North,District6,0,5,0,0.0,15.34,23.0,65.6,2026-08-14 10:21:17
2024-11-05,Far North,District7,0,4,0,0.0,10.1,24.8,63.1,2026-08-14 10:21:17
2024-11-05,Far North,District8,0,0,0,0.0,15.55,23.7,63.6,2026-08-14 10:21:17
2024-11-05,Far North,District9,0,3,0,0.0,5.02,28.6,64.9,2026-08-14 10:21:17
2024-11-05,Far North,District10,0,3,0,0.0,6.5,21.9,85.5,2026-08-14 10:21:17
2024-11-05,Littoral,District1,0,3,0,0.0,0.51,31.8,73.8,2026-08-14 10:21:17
2024-11-05,Littoral,District2,3,5,0,0.0,19.57,29.7,86.2,2026-08-14 10:21:17
2024-11-05,Littoral,District3,0,3,0,0.0,4.61,27.0,84.6,2026-08-14 10:21:17
2024-11-05,Littoral,District4,0,3,0,0.0,17.49,33.1,84.4,2026-08-14 10:21:17
2024-11-05,Littoral,District5,0,4,0,0.0,2.36,25.3,76.9,2026-08-14 10:21:17
2024-11-05,Littoral,District6,0,4,0,0.0,13.05,31.6,72.8,2026-08-14 10:21:17
2024-11-05,Littoral,District7,2,4,0,0.0,2.69,25.3,55.6,2026-08-14 10:21:17
2024-11-05,Littoral,District8,0,2,0,0.0,8.25,22.3,59.9,2026-08-14 10:21:17
2024-11-05,Littoral,District9,0,5,0,0.0,5.38,26.4,79.4,2026-08-14 10:21:17
2024-11-05,Littoral,District10,3,0,0,0.0,0.02,28.1,87.5,2026-08-14 10:21:17
2024-11-05,North,District1,2,1,0,0.0,1.25,34.8,85.3,2026-08-14 10:21:17
2024-11-05,North,District2,1,1,0,0.0,16.53,26.7,87.2,2026-08-14 10:21:17
2024-11-05,North,District3,0,5,0,0.0,1.68,31.3,56.0,2026-08-14 10:21:17
2024-11-05,North,District4,1,0,0,0.0,17.98,34.1,61.4,2026-08-14 10:21:17
2024-11-05,North,District5,0,0,0,0.0,15.21,30.1,74.1,2026-08-14 10:21:17
2024-11-05,North,District6,3,1,0,0.0,2.43,21.0,57.2,2026-08-14 10:21:17
2024-11-05,North,District7,0,1,0,0.0,16.93,31.0,79.4,2026-08-14 10:21:17
2024-11-05,North,District8,0,5,0,0.0,5.74,32.8,51.0,2026-08-14 10:21:17
2024-11-05,North,District9,0,1,0,0.0,0.16,32.0,74.5,2026-08-14 10:21:17
2024-11-05,North,District10,0,0,0,0.0,2.51,21.8,79.1,2026-08-14 10:21:17
2024-11-05,North-West,District1,0,5,0,0.0,17.65,28.6,52.3,2026-08-14 10:21:17
2024-11-05,North-West,District2,0,5,0,0.0,12.04,33.0,66.4,2026-08-14 10:21:17
2024-11-05,North-West,District3,0,4,0,0.0,15.21,21.5,80.2,2026-08-14 10:21:17
2024-11-05,North-West,District4,0,5,0,0.0,1.42,27.2,66.5,2026-08-14 10:21:17
2024-11-05,North-West,District5,0,4,0,0.0,6.37,21.5,50.1,2026-08-14 10:21:17
2024-11-05,North-West,District6,2,0,1,50.0,14.72,28.6,69.0,2026-08-14 10:21:17
2024-11-05,North-West,District7,0,2,0,0.0,0.07,23.5,60.1,2026-08-14 10:21:17
2024-11-05,North-West,District8,2,4,1,50.0,5.49,24.0,68.2,2026-08-14 10:21:17
2024-11-05,North-West,District9,2,5,1,50.0,18.22,32.0,56.0,2026-08-14 10:21:17
2024-11-05,North-West,District10,0,4,0,0.0,19.68,20.7,55.6,2026-08-14 10:21:17
2024-11-05,South,District1,0,4,0,0.0,2.13,30.6,73.8,2026-08-14 10:21:17
2024-11-05,South,District2,0,0,0,0.0,5.59,33.6,51.0,2026-08-14 10:21:17
2024-11-05,South,District3,0,4,0,0.0,19.46,31.9,61.0,2026-08-14 10:21:17
2024-11-05,South,District4,1,1,0,0.0,15.5,22.8,89.2,2026-08-14 10:21:17
2024-11-05,South,District5,0,1,0,0.0,16.25,22.8,82.0,2026-08-14 10:21:17
2024-11-05,South,District6,0,1,0,0.0,8.33,27.5,50.3,2026-08-14 10:21:17
2024-11-05,South,District7,0,4,0,0.0,8.17,27.3,59.3,2026-08-14 10:21:17
2024-11-05,South,District8,0,1,0,0.0,14.88,32.5,65.2,2026-08-14 10:21:17
2024-11-05,South,District9,2,0,1,50.0,7.64,30.8,78.7,2026-08-14 10:21:17
2024-11-05,South,District10,0,2,0,0.0,2.25,28.1,57.1,2026-08-14 10:21:17
2024-11-05,South-West,District1,0,0,0,0.0,2.32,23.2,86.1,2026-08-14 10:21:17
2024-11-05,South-West,District2,0,5,0,0.0,15.76,29.4,63.9,2026-08-14 10:21:17
2024-11-05,South-West,District3,2,2,0,0.0,15.69,34.5,76.0,2026-08-14 10:21:17
2024-11-05,South-West,District4,0,4,0,0.0,19.92,34.8,64.3,2026-08-14 10:21:17
2024-11-05,South-West,District5,0,5,0,0.0,8.63,22.8,72.7,2026-08-14 10:21:17
2024-11-05,South-West,District6,0,1,0,0.0,12.91,29.5,50.4,2026-08-14 10:21:17
2024-11-05,South-West,District7,2,2,0,0.0,18.96,27.4,68.5,2026-08-14 10:21:17
2024-11-05,South-West,District8,0,4,0,0.0,17.88,20.3,84.6,2026-08-14 10:21:17
2024-11-05,South-West,District9,0,0,0,0.0,5.79,30.8,52.9,2026-08-14 10:21:17
2024-11-05,South-West,District10,0,4,0,0.0,17.03,32.1,83.5,2026-08-14 10:21:17
2024-11-05,West,District1,2,4,1,50.0,7.79,34.1,54.4,2026-08-14 10:21:17
2024-11-05,West,District2,0,2,0,0.0,9.92,21.9,89.7,2026-08-14 10:21:17
2024-11-05,West,District3,0,4,0,0.0,10.67,21.3,53.5,2026-08-14 10:21:17
2024-11-05,West,District4,1,5,0,0.0,14.45,25.8,73.9,2026-08-14 10:21:17
2024-11-05,West,District5,0,5,0,0.0,0.09,24.9,84.1,2026-08-14 10:21:17
2024-11-05,West,District6,2,0,0,0.0,4.1,20.3,70.1,2026-08-14 10:21:17
2024-11-05,West,District7,2,0,0,0.0,0.69,26.0,83.0,2026-08-14 10:21:17
2024-11-05,West,District8,1,4,0,0.0,1.77,22.5,62.3,2026-08-14 10:21:17
2024-11-05,West,District9,3,5,0,0.0,15.15,24.3,78.7,2026-08-14 10:21:17
2024-11-05,West,District10,0,1,0,0.0,2.0,25.9,66.2,2026-08-14 10:21:17
2024-11-24,Adamawa,District1,0,2,0,0.0,14.64,25.2,60.7,2026-08-14 10:21:17
2024-11-24,Adamawa,District2,0,3,0,0.0,11.56,29.8,87.9,2026-08-14 10:21:17
2024-11-24,Adamawa,District3,1,4,0,0.0,0.75,26.9,72.2,2026-08-14 10:21:17
2024-11-24,Adamawa,District4,2,2,1,50.0,15.83,31.1,51.6,2026-08-14 10:21:17
2024-11-24,Adamawa,District5,2,4,0,0.0,8.68,34.1,69.8,2026-08-14 10:21:17
2024-11-24,Adamawa,District6,0,0,0,0.0,0.93,23.1,72.1,2026-08-14 10:21:17
2024-11-24,Adamawa,District7,0,5,0,0.0,3.11,31.4,75.1,2026-08-14 10:21:17
2024-11-24,Adamawa,District8,0,1,0,0.0,14.91,33.5,78.5,2026-08-14 10:21:17
2024-11-24,Adamawa,District9,0,5,0,0.0,8.81,21.1,52.4,2026-08-14 10:21:17
2024-11-24,Adamawa,District10,0,0,0,0.0,0.69,30.0,50.3,2026-08-14 10:21:17
2024-11-24,Centre,District1,2,5,1,50.0,18.37,28.2,50.7,2026-08-14 10:21:17
2024-11-24,Centre,District2,0,4,0,0.0,8.41,32.0,77.1,2026-08-14 10:21:17
2024-11-24,Centre,District3,0,2,0,0.0,10.66,26.6,78.9,2026-08-14 10:21:17
2024-11-24,Centre,District4,0,1,0,0.0,1.01,25.1,65.8,2026-08-14 10:21:17
2024-11-24,Centre,District5,0,0,0,0.0,11.22,34.1,50.8,2026-08-14 10:21:17
2024-11-24,Centre,District6,0,3,0,0.0,13.04,33.2,86.6,2026-08-14 10:21:17
2024-11-24,Centre,District7,0,5,0,0.0,2.31,32.1,89.0,2026-08-14 10:21:17
2024-11-24,Centre,District8,0,0,0,0.0,12.81,24.8,78.8,2026-08-14 10:21:17
2024-11-24,Centre,District9,0,4,0,0.0,14.7,34.4,68.4,2026-08-14 10:21:17
2024-11-24,Centre,District10,0,0,0,0.0,9.31,29.4,59.1,2026-08-14 10:21:17
2024-11-24,East,District1,0,0,0,0.0,16.39,32.3,80.5,2026-08-14 10:21:17
2024-11-24,East,District2,0,0,0,0.0,15.03,32.6,77.8,2026-08-14 10:21:17
2024-11-24,East,District3,2,3,1,50.0,11.25,26.7,66.1,2026-08-14 10:21:17
2024-11-24,East,District4,1,1,0,0.0,18.34,20.0,63.2,2026-08-14 10:21:17
2024-11-24,East,District5,0,5,0,0.0,2.99,27.0,85.1,2026-08-14 10:21:17
2024-11-24,East,District6,0,0,0,0.0,6.48,31.8,85.7,2026-08-14 10:21:17
2024-11-24,East,District7,1,1,1,100.0,4.64,31.6,63.3,2026-08-14 10:21:17
2024-11-24,East,District8,0,1,0,0.0,10.12,32.1,56.6,2026-08-14 10:21:17
2024-11-24,East,District9,3,0,0,0.0,14.8,32.4,77.0,2026-08-14 10:21:17
2024-11-24,East,District10,0,1,0,0.0,9.88,28.9,58.4,2026-08-14 10:21:17
2024-11-24,Far North,District1,0,3,0,0.0,0.13,20.6,71.5,2026-08-14 10:21:17
2024-11-24,Far North,District2,1,2,0,0.0,3.02,25.0,75.0,2026-08-14 10:21:17
2024-11-24,Far North,District3,2,2,0,0.0,1.0,25.1,73.3,2026-08-14 10:21:17
2024-11-24,Far North,District4,0,1,0,0.0,10.57,30.5,64.7,2026-08-14 10:21:17
2024-11-24,Far North,District5,0,1,0,0.0,6.19,26.0,78.7,2026-08-14 10:21:17
2024-11-24,Far North,District6,0,1,0,0.0,8.35,31.9,64.3,2026-08-14 10:21:17
2024-11-24,Far North,District7,0,1,0,0.0,7.61,26.0,83.7,2026-08-14 10:21:17
2024-11-24,Far North,District8,0,5,0,0.0,11.91,33.4,73.6,2026-08-14 10:21:17
2024-11-24,Far North,District9,0,4,0,0.0,6.13,29.3,57.2,2026-08-14 10:21:17
2024-11-24,Far North,District10,1,2,0,0.0,5.54,30.2,52.2,2026-08-14 10:21:17
2024-11-24,Littoral,District1,0,1,0,0.0,16.55,34.4,56.6,2026-08-14 10:21:17
2024-11-24,Littoral,District2,0,3,0,0.0,10.25,34.2,70.4,2026-08-14 10:21:17
2024-11-24,Littoral,District3,2,3,1,50.0,16.9,34.9,76.4,2026-08-14 10:21:17
2024-11-24,Littoral,District4,2,3,0,0.0,15.08,28.1,85.9,2026-08-14 10:21:17
2024-11-24,Littoral,District5,1,5,1,100.0,19.09,33.0,68.2,2026-08-14 10:21:17
2024-11-24,Littoral,District6,0,3,0,0.0,3.8,30.8,85.0,2026-08-14 10:21:17
2024-11-24,Littoral,District7,0,2,0,0.0,8.55,24.2,74.3,2026-08-14 10:21:17
2024-11-24,Littoral,District8,0,1,0,0.0,2.25,22.0,70.7,2026-08-14 10:21:17
2024-11-24,Littoral,District9,0,5,0,0.0,8.04,22.4,75.8,2026-08-14 10:21:17
2024-11-24,Littoral,District10,0,4,0,0.0,3.9,34.3,76.8,2026-08-14 10:21:17
2024-11-24,North,District1,0,0,0,0.0,9.82,24.9,59.4,2026-08-14 10:21:17
2024-11-24,North,District2,0,2,0,0.0,3.64,32.2,77.0,2026-08-14 10:21:17
2024-11-24,North,District3,0,0,0,0.0,5.79,34.9,52.0,2026-08-14 10:21:17
2024-11-24,North,District4,0,1,0,0.0,4.11,22.9,87.8,2026-08-14 10:21:17
2024-11-24,North,District5,0,4,0,0.0,12.91,33.3,60.9,2026-08-14 10:21:17
2024-11-24,North,District6,0,2,0,0.0,14.8,20.2,77.1,2026-08-14 10:21:17
2024-11-24,North,District7,0,2,0,0.0,13.17,22.6,54.5,2026-08-14 10:21:17
2024-11-24,North,District8,0,4,0,0.0,16.08,23.5,82.3,2026-08-14 10:21:17
2024-11-24,North,District9,2,5,0,0.0,6.49,29.1,59.6,2026-08-14 10:21:17
2024-11-24,North,District10,2,3,1,50.0,17.42,23.0,57.4,2026-08-14 10:21:17
2024-11-24,North-West,District1,1,0,0,0.0,16.18,30.8,58.3,2026-08-14 10:21:17
2024-11-24,North-West,District2,0,5,0,0.0,3.27,28.1,68.0,2026-08-14 10:21:17
2024-11-24,North-West,District3,0,2,0,0.0,11.89,31.8,59.1,2026-08-14 10:21:17
2024-11-24,North-West,District4,1,4,0,0.0,19.16,25.3,59.9,2026-08-14 10:21:17
2024-11-24,North-West,District5,1,4,0,0.0,18.02,34.2,84.6,2026-08-14 10:21:17
2024-11-24,North-West,District6,1,2,1,100.0,19.01,28.9,73.9,2026-08-14 10:21:17
2024-11-24,North-West,District7,0,5,0,0.0,5.92,23.9,57.8,2026-08-14 10:21:17
2024-11-24,North-West,District8,0,5,0,0.0,8.07,20.6,83.6,2026-08-14 10:21:17
2024-11-24,North-West,District9,0,3,0,0.0,14.07,32.6,51.8,2026-08-14 10:21:17
2024-11-24,North-West,District10,1,2,0,0.0,15.03,25.7,87.8,2026-08-14 10:21:17
2024-11-24,South,District1,0,2,0,0.0,7.08,33.5,84.0,2026-08-14 10:21:17
2024-11-24,South,District2,0,0,0,0.0,9.54,34.1,80.1,2026-08-14 10:21:17
2024-11-24,South,District3,0,1,0,0.0,5.34,30.7,67.3,2026-08-14 10:21:17
2024-11-24,South,District4,0,4,0,0.0,16.64,30.6,82.4,2026-08-14 10:21:17
2024-11-24,South,District5,1,5,1,100.0,18.56,21.7,59.9,2026-08-14 10:21:17
2024-11-24,South,District6,1,2,1,100.0,17.73,30.2,87.6,2026-08-14 10:21:17
2024-11-24,South,District7,0,1,0,0.0,10.99,31.3,52.9,2026-08-14 10:21:17
2024-11-24,South,District8,2,3,0,0.0,4.79,26.0,75.1,2026-08-14 10:21:17
2024-11-24,South,District9,0,2,0,0.0,8.12,28.1,88.5,2026-08-14 10:21:17
2024-11-24,South,District10,1,0,1,100.0,1.32,30.9,72.7,2026-08-14 10:21:17
2024-11-24,South-West,District1,0,5,0,0.0,2.34,34.8,84.5,2026-08-14 10:21:17
2024-11-24,South-West,District2,0,3,0,0.0,12.04,34.4,77.5,2026-08-14 10:21:17
2024-11-24,South-West,District3,0,2,0,0.0,4.86,28.3,86.1,2026-08-14 10:21:17
2024-11-24,South-West,District4,1,2,1,100.0,5.34,31.6,77.8,2026-08-14 10:21:17
2024-11-24,South-West,District5,0,1,0,0.0,11.11,25.9,70.0,2026-08-14 10:21:17
2024-11-24,South-West,District6,0,5,0,0.0,9.15,30.2,56.7,2026-08-14 10:21:17
2024-11-24,South-West,District7,0,5,0,0.0,19.26,24.5,87.7,2026-08-14 10:21:17
2024-11-24,South-West,District8,0,2,0,0.0,14.66,28.9,86.3,2026-08-14 10:21:17
2024-11-24,South-West,District9,0,1,0,0.0,5.88,25.0,75.3,2026-08-14 10:21:17
2024-11-24,South-West,District10,0,0,0,0.0,19.28,23.3,53.9,2026-08-14 10:21:17
2024-11-24,West,District1,0,1,0,0.0,8.32,25.3,69.6,2026-08-14 10:21:17
2024-11-24,West,District2,0,5,0,0.0,18.54,28.3,89.0,2026-08-14 10:21:17
2024-11-24,West,District3,3,0,0,0.0,13.27,24.4,80.3,2026-08-14 10:21:17
2024-11-24,West,District4,0,1,0,0.0,7.79,31.7,81.6,2026-08-14 10:21:17
2024-11-24,West,District5,1,3,0,0.0,13.42,25.5,73.3,2026-08-14 10:21:17
2024-11-24,West,District6,2,4,0,0.0,14.55,24.6,82.8,2026-08-14 10:21:17
2024-11-24,West,District7,0,0,0,0.0,6.97,25.7,69.5,2026-08-14 10:21:17
2024-11-24,West,District8,0,1,0,0.0,1.32,23.6,68.3,2026-08-14 10:21:17
2024-11-24,West,District9,3,4,1,33.33,10.09,20.1,86.9,2026-08-14 10:21:17
2024-11-24,West,District10,2,2,1,50.0,11.3,27.3,61.7,2026-08-14 10:21:17
2024-12-24,Adamawa,District1,0,2,0,0.0,2.36,29.0,83.7,2026-08-14 10:21:17
2024-12-24,Adamawa,District2,0,1,0,0.0,11.94,33.3,74.3,2026-08-14 10:21:17
2024-12-24,Adamawa,District3,0,0,0,0.0,18.19,23.8,58.8,2026-08-14 10:21:17
2024-12-24,Adamawa,District4,0,0,0,0.0,10.93,25.4,51.5,2026-08-14 10:21:17
2024-12-24,Adamawa,District5,0,3,0,0.0,0.03,33.9,81.4,2026-08-14 10:21:17
2024-12-24,Adamawa,District6,0,1,0,0.0,1.26,22.3,53.1,2026-08-14 10:21:17
2024-12-24,Adamawa,District7,1,5,0,0.0,12.63,20.1,68.6,2026-08-14 10:21:17
2024-12-24,Adamawa,District8,0,2,0,0.0,3.51,31.8,56.5,2026-08-14 10:21:17
2024-12-24,Adamawa,District9,0,0,0,0.0,10.05,34.5,87.5,2026-08-14 10:21:17
2024-12-24,Adamawa,District10,0,0,0,0.0,4.1,26.1,55.4,2026-08-14 10:21:17
2024-12-24,Centre,District1,0,0,0,0.0,5.36,25.7,66.0,2026-08-14 10:21:17
2024-12-24,Centre,District2,0,5,0,0.0,3.51,22.1,58.2,2026-08-14 10:21:17
2024-12-24,Centre,District3,0,3,0,0.0,12.3,33.4,61.5,2026-08-14 10:21:17
2024-12-24,Centre,District4,0,4,0,0.0,5.37,34.6,72.6,2026-08-14 10:21:17
2024-12-24,Centre,District5,0,0,0,0.0,16.13,28.6,78.6,2026-08-14 10:21:17
2024-12-24,Centre,District6,3,3,0,0.0,2.06,32.0,53.5,2026-08-14 10:21:17
2024-12-24,Centre,District7,0,3,0,0.0,12.32,28.0,74.7,2026-08-14 10:21:17
2024-12-24,Centre,District8,0,4,0,0.0,16.32,25.5,52.2,2026-08-14 10:21:17
2024-12-24,Centre,District9,0,5,0,0.0,1.85,31.5,65.4,2026-08-14 10:21:17
2024-12-24,Centre,District10,2,2,0,0.0,13.57,20.7,50.8,2026-08-14 10:21:17
2024-12-24,East,District1,1,4,1,100.0,14.42,30.3,80.9,2026-08-14 10:21:17
2024-12-24,East,District2,3,4,0,0.0,15.7,30.3,56.0,2026-08-14 10:21:17
2024-12-24,East,District3,1,3,0,0.0,4.4,33.2,86.2,2026-08-14 10:21:17
2024-12-24,East,District4,3,1,0,0.0,0.83,25.3,74.7,2026-08-14 10:21:17
2024-12-24,East,District5,0,2,0,0.0,0.4,25.0,81.3,2026-08-14 10:21:17
2024-12-24,East,District6,0,1,0,0.0,18.2,22.8,86.9,2026-08-14 10:21:17
2024-12-24,East,District7,0,1,0,0.0,15.68,33.8,54.0,2026-08-14 10:21:17
2024-12-24,East,District8,0,3,0,0.0,5.65,30.1,54.7,2026-08-14 10:21:17
2024-12-24,East,District9,0,2,0,0.0,17.48,28.3,50.6,2026-08-14 10:21:17
2024-12-24,East,District10,0,1,0,0.0,8.49,23.8,61.9,2026-08-14 10:21:17
2024-12-24,Far North,District1,0,4,0,0.0,13.67,20.3,53.5,2026-08-14 10:21:17
2024-12-24,Far North,District2,0,3,0,0.0,13.05,20.8,56.3,2026-08-14 10:21:17
2024-12-24,Far North,District3,2,5,0,0.0,17.32,33.9,55.6,2026-08-14 10:21:17
2024-12-24,Far North,District4,2,0,0,0.0,0.39,31.0,62.5,2026-08-14 10:21:17
2024-12-24,Far North,District5,0,4,0,0.0,8.9,23.3,85.6,2026-08-14 10:21:17
2024-12-24,Far North,District6,0,0,0,0.0,1.2,30.7,65.9,2026-08-14 10:21:17
2024-12-24,Far North,District7,0,3,0,0.0,1.73,23.0,60.7,2026-08-14 10:21:17
2024-12-24,Far North,District8,0,3,0,0.0,18.69,32.5,79.4,2026-08-14 10:21:17
2024-12-24,Far North,District9,2,4,0,0.0,7.07,30.3,51.3,2026-08-14 10:21:17
2024-12-24,Far North,District10,0,4,0,0.0,5.88,28.3,61.9,2026-08-14 10:21:17
2024-12-24,Littoral,District1,0,2,0,0.0,6.57,22.1,74.9,2026-08-14 10:21:17
2024-12-24,Littoral,District2,2,2,1,50.0,14.23,22.3,53.9,2026-08-14 10:21:17
2024-12-24,Littoral,District3,1,1,1,100.0,1.82,24.5,51.1,2026-08-14 10:21:17
2024-12-24,Littoral,District4,0,1,0,0.0,16.81,26.8,81.0,2026-08-14 10:21:17
2024-12-24,Littoral,District5,0,3,0,0.0,19.79,25.4,54.8,2026-08-14 10:21:17
2024-12-24,Littoral,District6,0,1,0,0.0,16.37,25.5,89.0,2026-08-14 10:21:17
2024-12-24,Littoral,District7,0,2,0,0.0,17.54,21.1,76.0,2026-08-14 10:21:17
2024-12-24,Littoral,District8,0,3,0,0.0,6.36,26.9,86.5,2026-08-14 10:21:17
2024-12-24,Littoral,District9,0,4,0,0.0,19.19,22.9,67.0,2026-08-14 10:21:17
2024-12-24,Littoral,District10,3,2,0,0.0,11.8,33.3,74.7,2026-08-14 10:21:17
2024-12-24,North,District1,0,0,0,0.0,15.76,21.8,83.6,2026-08-14 10:21:17
2024-12-24,North,District2,2,2,1,50.0,19.2,27.9,78.7,2026-08-14 10:21:17
2024-12-24,North,District3,2,4,1,50.0,15.53,30.4,80.6,2026-08-14 10:21:17
2024-12-24,North,District4,0,0,0,0.0,13.97,34.8,55.6,2026-08-14 10:21:17
2024-12-24,North,District5,3,3,0,0.0,17.1,25.4,84.3,2026-08-14 10:21:17
2024-12-24,North,District6,0,5,0,0.0,7.6,33.6,70.1,2026-08-14 10:21:17
2024-12-24,North,District7,1,5,1,100.0,1.1,28.0,82.0,2026-08-14 10:21:17
2024-12-24,North,District8,0,5,0,0.0,15.55,32.0,65.6,2026-08-14 10:21:17
2024-12-24,North,District9,0,4,0,0.0,18.48,30.3,84.6,2026-08-14 10:21:17
2024-12-24,North,District10,0,3,0,0.0,15.15,30.9,77.7,2026-08-14 10:21:17
2024-12-24,North-West,District1,3,1,0,0.0,16.98,22.6,50.6,2026-08-14 10:21:17
2024-12-24,North-West,District2,1,3,1,100.0,7.38,32.5,81.3,2026-08-14 10:21:17
2024-12-24,North-West,District3,1,2,0,0.0,4.8,27.2,83.7,2026-08-14 10:21:17
2024-12-24,North-West,District4,2,3,0,0.0,15.29,22.0,90.0,2026-08-14 10:21:17
2024-12-24,North-West,District5,0,3,0,0.0,14.18,34.2,60.5,2026-08-14 10:21:17
2024-12-24,North-West,District6,2,4,1,50.0,13.15,27.6,69.8,2026-08-14 10:21:17
2024-12-24,North-West,District7,0,0,0,0.0,5.77,31.3,54.6,2026-08-14 10:21:17
2024-12-24,North-West,District8,0,2,0,0.0,18.06,23.9,87.9,2026-08-14 10:21:17
2024-12-24,North-West,District9,0,2,0,0.0,2.64,28.4,89.5,2026-08-14 10:21:17
2024-12-24,North-West,District10,0,0,0,0.0,19.3,29.6,74.8,2026-08-14 10:21:17
2024-12-24,South,District1,0,2,0,0.0,15.82,30.7,73.9,2026-08-14 10:21:17
2024-12-24,South,District2,0,4,0,0.0,3.31,22.6,63.0,2026-08-14 10:21:17
2024-12-24,South,District3,1,3,0,0.0,12.45,29.6,69.7,2026-08-14 10:21:17
2024-12-24,South,District4,0,1,0,0.0,10.78,23.4,59.2,2026-08-14 10:21:17
2024-12-24,South,District5,0,0,0,0.0,8.23,29.8,55.0,2026-08-14 10:21:17
2024-12-24,South,District6,3,3,0,0.0,16.68,34.6,83.1,2026-08-14 10:21:17
2024-12-24,South,District7,0,0,0,0.0,14.69,22.2,68.8,2026-08-14 10:21:17
2024-12-24,South,District8,0,1,0,0.0,1.1,30.7,51.4,2026-08-14 10:21:17
2024-12-24,South,District9,0,1,0,0.0,3.77,24.6,55.6,2026-08-14 10:21:17
2024-12-24,South,District10,2,5,1,50.0,12.45,25.2,69.5,2026-08-14 10:21:17
2024-12-24,South-West,District1,0,1,0,0.0,15.6,21.1,72.9,2026-08-14 10:21:17
2024-12-24,South-West,District2,0,3,0,0.0,3.67,26.8,60.2,2026-08-14 10:21:17
2024-12-24,South-West,District3,0,4,0,0.0,10.11,20.9,78.7,2026-08-14 10:21:17
2024-12-24,South-West,District4,0,1,0,0.0,15.35,24.6,60.6,2026-08-14 10:21:17
2024-12-24,South-West,District5,0,4,0,0.0,2.25,29.5,58.5,2026-08-14 10:21:17
2024-12-24,South-West,District6,0,3,0,0.0,11.19,21.8,61.2,2026-08-14 10:21:17
2024-12-24,South-West,District7,1,4,1,100.0,16.19,28.7,74.9,2026-08-14 10:21:17
2024-12-24,South-West,District8,0,4,0,0.0,17.43,31.6,53.9,2026-08-14 10:21:17
2024-12-24,South-West,District9,0,0,0,0.0,7.52,21.8,88.9,2026-08-14 10:21:17
2024-12-24,South-West,District10,2,3,1,50.0,5.78,25.9,50.5,2026-08-14 10:21:17
2024-12-24,West,District1,0,1,0,0.0,1.43,28.6,63.4,2026-08-14 10:21:17
2024-12-24,West,District2,1,0,1,100.0,8.73,27.7,53.3,2026-08-14 10:21:17
2024-12-24,West,District3,0,4,0,0.0,12.26,32.3,63.4,2026-08-14 10:21:17
2024-12-24,West,District4,1,0,1,100.0,14.93,23.8,62.5,2026-08-14 10:21:17
2024-12-24,West,District5,1,1,1,100.0,8.64,22.1,77.5,2026-08-14 10:21:17
2024-12-24,West,District6,0,3,0,0.0,17.46,23.3,88.7,2026-08-14 10:21:17
2024-12-24,West,District7,0,3,0,0.0,15.48,25.7,73.2,2026-08-14 10:21:17
2024-12-24,West,District8,0,1,0,0.0,9.05,32.1,66.2,2026-08-14 10:21:17
2024-12-24,West,District9,1,5,0,0.0,19.72,21.9,77.0,2026-08-14 10:21:17
2024-12-24,West,District10,2,0,1,50.0,17.17,34.5,78.8,2026-08-14 10:21:17
2024-12-19,Adamawa,District1,0,0,0,0.0,9.65,30.9,76.2,2026-08-14 10:21:17
2024-12-19,Adamawa,District2,0,2,0,0.0,19.12,22.2,83.3,2026-08-14 10:21:17
2024-12-19,Adamawa,District3,2,0,1,50.0,7.19,30.9,57.1,2026-08-14 10:21:17
2024-12-19,Adamawa,District4,1,5,0,0.0,16.5,34.3,54.0,2026-08-14 10:21:17
2024-12-19,Adamawa,District5,0,2,0,0.0,13.04,20.8,53.7,2026-08-14 10:21:17
2024-12-19,Adamawa,District6,0,1,0,0.0,5.04,21.1,57.0,2026-08-14 10:21:17
2024-12-19,Adamawa,District7,0,4,0,0.0,4.48,25.7,70.5,2026-08-14 10:21:17
2024-12-19,Adamawa,District8,0,3,0,0.0,5.94,28.5,50.9,2026-08-14 10:21:17
2024-12-19,Adamawa,District9,1,2,0,0.0,19.52,21.6,89.1,2026-08-14 10:21:17
2024-12-19,Adamawa,District10,1,2,1,100.0,16.67,31.3,82.5,2026-08-14 10:21:17
2024-12-19,Centre,District1,0,0,0,0.0,15.73,20.2,74.6,2026-08-14 10:21:17
2024-12-19,Centre,District2,0,5,0,0.0,5.85,31.7,66.2,2026-08-14 10:21:17
2024-12-19,Centre,District3,3,2,1,33.33,14.65,31.7,54.0,2026-08-14 10:21:17
2024-12-19,Centre,District4,0,2,0,0.0,17.31,31.7,85.2,2026-08-14 10:21:17
2024-12-19,Centre,District5,0,5,0,0.0,8.01,30.3,67.4,2026-08-14 10:21:17
2024-12-19,Centre,District6,0,3,0,0.0,11.36,21.9,50.9,2026-08-14 10:21:17
2024-12-19,Centre,District7,0,3,0,0.0,14.72,29.6,57.4,2026-08-14 10:21:17
2024-12-19,Centre,District8,1,0,1,100.0,10.45,31.1,61.1,2026-08-14 10:21:17
2024-12-19,Centre,District9,0,5,0,0.0,14.29,32.9,80.3,2026-08-14 10:21:17
2024-12-19,Centre,District10,0,5,0,0.0,2.75,25.2,88.4,2026-08-14 10:21:17
2024-12-19,East,District1,0,4,0,0.0,14.57,24.5,72.6,2026-08-14 10:21:17
2024-12-19,East,District2,0,3,0,0.0,1.45,20.1,61.3,2026-08-14 10:21:17
2024-12-19,East,District3,0,0,0,0.0,1.86,21.3,77.6,2026-08-14 10:21:17
2024-12-19,East,District4,0,4,0,0.0,16.17,27.9,68.7,2026-08-14 10:21:17
2024-12-19,East,District5,0,0,0,0.0,8.1,23.9,54.9,2026-08-14 10:21:17
2024-12-19,East,District6,0,5,0,0.0,8.24,29.7,65.7,2026-08-14 10:21:17
2024-12-19,East,District7,3,3,0,0.0,3.93,31.7,64.9,2026-08-14 10:21:17
2024-12-19,East,District8,0,5,0,0.0,18.14,20.5,78.4,2026-08-14 10:21:17
2024-12-19,East,District9,3,5,0,0.0,2.62,27.3,61.7,2026-08-14 10:21:17
2024-12-19,East,District10,2,4,1,50.0,19.35,27.1,87.1,2026-08-14 10:21:17
2024-12-19,Far North,District1,0,2,0,0.0,8.92,27.1,54.0,2026-08-14 10:21:17
2024-12-19,Far North,District2,2,1,0,0.0,14.66,29.6,86.6,2026-08-14 10:21:17
2024-12-19,Far North,District3,0,4,0,0.0,17.88,20.8,59.1,2026-08-14 10:21:17
2024-12-19,Far North,District4,0,4,0,0.0,11.8,23.8,70.2,2026-08-14 10:21:17
2024-12-19,Far North,District5,3,2,0,0.0,9.49,33.1,58.3,2026-08-14 10:21:17
2024-12-19,Far North,District6,2,0,1,50.0,13.32,30.7,71.0,2026-08-14 10:21:17
2024-12-19,Far North,District7,0,2,0,0.0,4.92,33.5,89.4,2026-08-14 10:21:17
2024-12-19,Far North,District8,0,5,0,0.0,19.25,32.4,89.7,2026-08-14 10:21:17
2024-12-19,Far North,District9,0,3,0,0.0,1.31,31.4,54.0,2026-08-14 10:21:17
2024-12-19,Far North,District10,0,5,0,0.0,11.43,34.5,89.1,2026-08-14 10:21:17
2024-12-19,Littoral,District1,0,1,0,0.0,12.75,32.4,86.0,2026-08-14 10:21:17
2024-12-19,Littoral,District2,0,2,0,0.0,5.84,22.5,70.2,2026-08-14 10:21:17
2024-12-19,Littoral,District3,0,3,0,0.0,17.76,28.6,77.5,2026-08-14 10:21:17
2024-12-19,Littoral,District4,2,4,1,50.0,7.03,34.1,51.5,2026-08-14 10:21:17
2024-12-19,Littoral,District5,0,5,0,0.0,19.59,33.3,79.5,2026-08-14 10:21:17
2024-12-19,Littoral,District6,0,5,0,0.0,11.76,26.7,89.8,2026-08-14 10:21:17
2024-12-19,Littoral,District7,0,1,0,0.0,18.84,21.2,85.1,2026-08-14 10:21:17
2024-12-19,Littoral,District8,0,4,0,0.0,3.28,25.0,86.1,2026-08-14 10:21:17
2024-12-19,Littoral,District9,0,2,0,0.0,11.32,34.4,87.7,2026-08-14 10:21:17
2024-12-19,Littoral,District10,0,4,0,0.0,10.48,23.3,54.4,2026-08-14 10:21:17
2024-12-19,North,District1,0,2,0,0.0,12.8,27.9,66.0,2026-08-14 10:21:17
2024-12-19,North,District2,0,1,0,0.0,8.67,33.6,88.7,2026-08-14 10:21:17
2024-12-19,North,District3,0,4,0,0.0,6.38,33.1,79.6,2026-08-14 10:21:17
2024-12-19,North,District4,2,3,0,0.0,6.77,20.1,86.6,2026-08-14 10:21:17
2024-12-19,North,District5,0,5,0,0.0,0.58,21.1,88.0,2026-08-14 10:21:17
2024-12-19,North,District6,0,5,0,0.0,3.81,20.2,83.0,2026-08-14 10:21:17
2024-12-19,North,District7,2,2,1,50.0,15.95,32.9,53.8,2026-08-14 10:21:17
2024-12-19,North,District8,1,3,0,0.0,12.31,25.9,55.1,2026-08-14 10:21:17
2024-12-19,North,District9,0,0,0,0.0,9.15,26.2,82.9,2026-08-14 10:21:17
2024-12-19,North,District10,3,5,0,0.0,19.48,27.0,50.6,2026-08-14 10:21:17
2024-12-19,North-West,District1,0,4,0,0.0,19.82,25.6,84.1,2026-08-14 10:21:17
2024-12-19,North-West,District2,0,0,0,0.0,5.59,26.4,77.0,2026-08-14 10:21:17
2024-12-19,North-West,District3,2,4,1,50.0,4.71,21.1,51.7,2026-08-14 10:21:17
2024-12-19,North-West,District4,0,3,0,0.0,5.09,27.8,52.9,2026-08-14 10:21:17
2024-12-19,North-West,District5,0,3,0,0.0,18.5,28.2,54.8,2026-08-14 10:21:17
2024-12-19,North-West,District6,0,2,0,0.0,3.77,32.7,58.2,2026-08-14 10:21:17
2024-12-19,North-West,District7,0,2,0,0.0,9.34,28.8,86.8,2026-08-14 10:21:17
2024-12-19,North-West,District8,0,1,0,0.0,11.05,24.9,65.1,2026-08-14 10:21:17
2024-12-19,North-West,District9,0,3,0,0.0,1.72,22.5,53.8,2026-08-14 10:21:17
2024-12-19,North-West,District10,0,0,0,0.0,4.94,23.5,56.2,2026-08-14 10:21:17
2024-12-19,South,District1,1,2,0,0.0,3.77,34.5,67.4,2026-08-14 10:21:17
2024-12-19,South,District2,1,4,0,0.0,14.32,32.6,75.7,2026-08-14 10:21:17
2024-12-19,South,District3,0,5,0,0.0,11.81,22.8,77.4,2026-08-14 10:21:17
2024-12-19,South,District4,0,4,0,0.0,6.51,25.6,58.8,2026-08-14 10:21:17
2024-12-19,South,District5,0,4,0,0.0,2.72,30.4,71.8,2026-08-14 10:21:17
2024-12-19,South,District6,0,1,0,0.0,3.09,27.2,68.6,2026-08-14 10:21:17
2024-12-19,South,District7,0,1,0,0.0,16.25,28.3,86.8,2026-08-14 10:21:17
2024-12-19,South,District8,1,1,1,100.0,12.22,21.3,54.9,2026-08-14 10:21:17
2024-12-19,South,District9,0,2,0,0.0,14.56,33.1,84.6,2026-08-14 10:21:17
2024-12-19,South,District10,1,4,0,0.0,10.48,28.3,71.3,2026-08-14 10:21:17
2024-12-19,South-West,District1,1,4,1,100.0,14.61,20.3,72.4,2026-08-14 10:21:17
2024-12-19,South-West,District2,2,1,0,0.0,15.16,29.5,69.5,2026-08-14 10:21:17
2024-12-19,South-West,District3,1,5,1,100.0,18.44,30.9,53.6,2026-08-14 10:21:17
2024-12-19,South-West,District4,0,4,0,0.0,15.27,30.5,50.8,2026-08-14 10:21:17
2024-12-19,South-West,District5,1,2,0,0.0,18.51,31.3,58.0,2026-08-14 10:21:17
2024-12-19,South-West,District6,1,5,1,100.0,9.72,25.7,61.0,2026-08-14 10:21:17
2024-12-19,South-West,District7,1,3,0,0.0,15.09,30.6,58.4,2026-08-14 10:21:17
2024-12-19,South-West,District8,0,4,0,0.0,7.21,34.1,51.7,2026-08-14 10:21:17
2024-12-19,South-West,District9,2,5,1,50.0,19.89,32.1,89.7,2026-08-14 10:21:17
2024-12-19,South-West,District10,0,5,0,0.0,10.14,29.8,75.2,2026-08-14 10:21:17
2024-12-19,West,District1,0,5,0,0.0,0.38,20.6,65.9,2026-08-14 10:21:17
2024-12-19,West,District2,0,3,0,0.0,17.31,25.1,61.1,2026-08-14 10:21:17
2024-12-19,West,District3,0,4,0,0.0,7.6,28.9,54.8,2026-08-14 10:21:17
2024-12-19,West,District4,0,4,0,0.0,13.26,27.2,69.1,2026-08-14 10:21:17
2024-12-19,West,District5,0,3,0,0.0,4.42,28.0,59.3,2026-08-14 10:21:17
2024-12-19,West,District6,0,4,0,0.0,10.7,22.9,74.6,2026-08-14 10:21:17
2024-12-19,West,District7,0,2,0,0.0,15.52,20.8,85.2,2026-08-14 10:21:17
2024-12-19,West,District8,0,3,0,0.0,6.12,33.9,79.8,2026-08-14 10:21:17
2024-12-19,West,District9,0,1,0,0.0,18.79,21.5,52.6,2026-08-14 10:21:17
2024-12-19,West,District10,0,0,0,0.0,10.63,27.9,73.0,2026-08-14 10:21:17
2024-12-22,Adamawa,District1,1,0,0,0.0,5.78,31.7,65.8,2026-08-14 10:21:17
2024-12-22,Adamawa,District2,0,0,0,0.0,2.53,33.1,77.3,2026-08-14 10:21:17
2024-12-22,Adamawa,District3,0,0,0,0.0,12.44,33.9,69.9,2026-08-14 10:21:17
2024-12-22,Adamawa,District4,0,1,0,0.0,15.93,26.0,69.9,2026-08-14 10:21:17
2024-12-22,Adamawa,District5,1,2,0,0.0,4.44,20.8,57.4,2026-08-14 10:21:17
2024-12-22,Adamawa,District6,3,0,0,0.0,13.23,28.6,77.3,2026-08-14 10:21:17
2024-12-22,Adamawa,District7,0,0,0,0.0,6.67,25.1,82.0,2026-08-14 10:21:17
2024-12-22,Adamawa,District8,1,5,1,100.0,15.13,21.9,50.3,2026-08-14 10:21:17
2024-12-22,Adamawa,District9,1,0,1,100.0,14.14,32.4,70.6,2026-08-14 10:21:17
2024-12-22,Adamawa,District10,0,1,0,0.0,1.48,31.0,81.3,2026-08-14 10:21:17
2024-12-22,Centre,District1,0,5,0,0.0,2.1,31.1,75.2,2026-08-14 10:21:17
2024-12-22,Centre,District2,0,5,0,0.0,3.8,22.8,85.1,2026-08-14 10:21:17
2024-12-22,Centre,District3,0,5,0,0.0,8.45,34.1,62.9,2026-08-14 10:21:17
2024-12-22,Centre,District4,0,5,0,0.0,12.59,30.3,51.9,2026-08-14 10:21:17
2024-12-22,Centre,District5,1,3,0,0.0,13.69,29.8,54.9,2026-08-14 10:21:17
2024-12-22,Centre,District6,0,1,0,0.0,17.11,34.6,76.1,2026-08-14 10:21:17
2024-12-22,Centre,District7,0,3,0,0.0,12.43,25.9,70.5,2026-08-14 10:21:17
2024-12-22,Centre,District8,0,4,0,0.0,15.19,25.8,87.4,2026-08-14 10:21:17
2024-12-22,Centre,District9,2,1,1,50.0,11.26,24.3,54.0,2026-08-14 10:21:17
2024-12-22,Centre,District10,2,1,0,0.0,12.91,24.3,58.0,2026-08-14 10:21:17
2024-12-22,East,District1,0,5,0,0.0,17.68,28.0,65.0,2026-08-14 10:21:17
2024-12-22,East,District2,0,3,0,0.0,13.54,33.2,57.2,2026-08-14 10:21:17
2024-12-22,East,District3,0,2,0,0.0,8.63,29.1,80.6,2026-08-14 10:21:17
2024-12-22,East,District4,2,4,1,50.0,15.91,23.0,64.5,2026-08-14 10:21:17
2024-12-22,East,District5,3,5,0,0.0,5.55,24.0,73.7,2026-08-14 10:21:17
2024-12-22,East,District6,0,2,0,0.0,10.04,30.5,57.2,2026-08-14 10:21:17
2024-12-22,East,District7,1,4,1,100.0,13.9,20.6,76.7,2026-08-14 10:21:17
2024-12-22,East,District8,0,1,0,0.0,12.59,30.8,57.0,2026-08-14 10:21:17
2024-12-22,East,District9,0,5,0,0.0,6.0,25.7,70.3,2026-08-14 10:21:17
2024-12-22,East,District10,0,1,0,0.0,3.3,33.2,87.0,2026-08-14 10:21:17
2024-12-22,Far North,District1,0,5,0,0.0,11.82,29.7,88.2,2026-08-14 10:21:17
2024-12-22,Far North,District2,1,2,1,100.0,17.65,22.2,81.5,2026-08-14 10:21:17
2024-12-22,Far North,District3,0,4,0,0.0,7.17,27.3,85.6,2026-08-14 10:21:17
2024-12-22,Far North,District4,0,5,0,0.0,4.04,32.1,81.8,2026-08-14 10:21:17
2024-12-22,Far North,District5,1,4,0,0.0,12.95,25.7,57.7,2026-08-14 10:21:17
2024-12-22,Far North,District6,0,0,0,0.0,1.04,23.2,55.0,2026-08-14 10:21:17
2024-12-22,Far North,District7,0,0,0,0.0,15.91,27.6,76.3,2026-08-14 10:21:17
2024-12-22,Far North,District8,0,3,0,0.0,12.76,33.5,83.9,2026-08-14 10:21:17
2024-12-22,Far North,District9,3,0,0,0.0,7.31,28.6,71.9,2026-08-14 10:21:17
2024-12-22,Far North,District10,0,5,0,0.0,12.92,34.3,68.9,2026-08-14 10:21:17
2024-12-22,Littoral,District1,0,0,0,0.0,10.16,34.3,69.7,2026-08-14 10:21:17
2024-12-22,Littoral,District2,0,4,0,0.0,0.97,34.2,84.2,2026-08-14 10:21:17
2024-12-22,Littoral,District3,0,4,0,0.0,9.37,23.5,79.8,2026-08-14 10:21:17
2024-12-22,Littoral,District4,1,1,0,0.0,1.02,26.2,72.6,2026-08-14 10:21:17
2024-12-22,Littoral,District5,0,5,0,0.0,5.58,25.1,74.8,2026-08-14 10:21:17
2024-12-22,Littoral,District6,0,5,0,0.0,0.06,27.7,57.6,2026-08-14 10:21:17
2024-12-22,Littoral,District7,3,1,0,0.0,10.84,28.1,71.5,2026-08-14 10:21:17
2024-12-22,Littoral,District8,0,4,0,0.0,1.08,23.9,63.1,2026-08-14 10:21:17
2024-12-22,Littoral,District9,0,2,0,0.0,18.91,28.4,88.4,2026-08-14 10:21:17
2024-12-22,Littoral,District10,0,2,0,0.0,14.32,26.5,60.5,2026-08-14 10:21:17
2024-12-22,North,District1,0,4,0,0.0,5.93,27.4,57.1,2026-08-14 10:21:17
2024-12-22,North,District2,0,1,0,0.0,14.93,22.8,87.1,2026-08-14 10:21:17
2024-12-22,North,District3,0,0,0,0.0,16.47,32.5,63.6,2026-08-14 10:21:17
2024-12-22,North,District4,0,5,0,0.0,12.72,31.9,57.2,2026-08-14 10:21:17
2024-12-22,North,District5,0,4,0,0.0,0.55,31.3,65.8,2026-08-14 10:21:17
2024-12-22,North,District6,0,2,0,0.0,0.95,22.5,80.5,2026-08-14 10:21:17
2024-12-22,North,District7,2,0,1,50.0,16.92,23.0,54.9,2026-08-14 10:21:17
2024-12-22,North,District8,0,3,0,0.0,8.18,22.5,76.3,2026-08-14 10:21:17
2024-12-22,North,District9,3,3,1,33.33,6.64,21.0,60.6,2026-08-14 10:21:17
2024-12-22,North,District10,0,3,0,0.0,14.17,28.4,60.0,2026-08-14 10:21:17
2024-12-22,North-West,District1,0,2,0,0.0,12.33,26.3,59.9,2026-08-14 10:21:17
2024-12-22,North-West,District2,2,4,1,50.0,14.31,33.5,71.4,2026-08-14 10:21:17
2024-12-22,North-West,District3,0,3,0,0.0,18.24,33.0,65.4,2026-08-14 10:21:17
2024-12-22,North-West,District4,0,1,0,0.0,5.56,29.2,63.2,2026-08-14 10:21:17
2024-12-22,North-West,District5,3,4,1,33.33,18.37,32.4,51.3,2026-08-14 10:21:17
2024-12-22,North-West,District6,2,0,1,50.0,9.51,26.1,76.7,2026-08-14 10:21:17
2024-12-22,North-West,District7,0,5,0,0.0,18.75,28.5,51.9,2026-08-14 10:21:17
2024-12-22,North-West,District8,0,3,0,0.0,9.32,24.0,84.2,2026-08-14 10:21:17
2024-12-22,North-West,District9,1,3,1,100.0,17.2,21.6,51.1,2026-08-14 10:21:17
2024-12-22,North-West,District10,0,5,0,0.0,12.32,25.0,81.2,2026-08-14 10:21:17
2024-12-22,South,District1,0,1,0,0.0,1.39,30.0,59.8,2026-08-14 10:21:17
2024-12-22,South,District2,0,2,0,0.0,9.03,21.0,70.3,2026-08-14 10:21:17
2024-12-22,South,District3,2,1,1,50.0,15.58,24.2,73.9,2026-08-14 10:21:17
2024-12-22,South,District4,0,5,0,0.0,4.45,27.7,55.5,2026-08-14 10:21:17
2024-12-22,South,District5,0,3,0,0.0,19.99,31.1,58.5,2026-08-14 10:21:17
2024-12-22,South,District6,0,2,0,0.0,17.67,32.4,74.1,2026-08-14 10:21:17
2024-12-22,South,District7,1,4,0,0.0,17.51,28.5,57.2,2026-08-14 10:21:17
2024-12-22,South,District8,0,5,0,0.0,18.82,29.9,71.5,2026-08-14 10:21:17
2024-12-22,South,District9,0,2,0,0.0,14.18,25.5,61.6,2026-08-14 10:21:17
2024-12-22,South,District10,0,2,0,0.0,16.86,32.5,62.3,2026-08-14 10:21:17
2024-12-22,South-West,District1,3,2,1,33.33,3.5,20.6,74.3,2026-08-14 10:21:17
2024-12-22,South-West,District2,0,4,0,0.0,12.64,22.6,55.6,2026-08-14 10:21:17
2024-12-22,South-West,District3,0,4,0,0.0,3.2,25.4,81.9,2026-08-14 10:21:17
2024-12-22,South-West,District4,0,4,0,0.0,10.43,23.1,82.2,2026-08-14 10:21:17
2024-12-22,South-West,District5,1,3,0,0.0,12.29,31.2,69.3,2026-08-14 10:21:17
2024-12-22,South-West,District6,1,2,0,0.0,4.0,27.6,61.7,2026-08-14 10:21:17
2024-12-22,South-West,District7,0,3,0,0.0,13.81,34.7,86.2,2026-08-14 10:21:17
2024-12-22,South-West,District8,1,5,1,100.0,6.06,24.8,85.2,2026-08-14 10:21:17
2024-12-22,South-West,District9,0,3,0,0.0,7.03,32.7,86.0,2026-08-14 10:21:17
2024-12-22,South-West,District10,1,2,1,100.0,10.65,27.4,77.8,2026-08-14 10:21:17
2024-12-22,West,District1,0,1,0,0.0,3.74,28.8,55.6,2026-08-14 10:21:17
2024-12-22,West,District2,0,5,0,0.0,10.42,32.9,63.2,2026-08-14 10:21:17
2024-12-22,West,District3,1,0,1,100.0,12.07,32.9,61.3,2026-08-14 10:21:17
2024-12-22,West,District4,0,5,0,0.0,1.84,28.0,61.2,2026-08-14 10:21:17
2024-12-22,West,District5,1,5,0,0.0,0.97,27.7,86.2,2026-08-14 10:21:17
2024-12-22,West,District6,0,0,0,0.0,3.96,27.7,75.4,2026-08-14 10:21:17
2024-12-22,West,District7,0,5,0,0.0,15.41,25.3,72.6,2026-08-14 10:21:17
2024-12-22,West,District8,1,2,1,100.0,17.66,29.0,70.8,2026-08-14 10:21:17
2024-12-22,West,District9,2,0,1,50.0,5.57,34.3,58.6,2026-08-14 10:21:17
2024-12-22,West,District10,1,3,0,0.0,6.87,29.3,73.1,2026-08-14 10:21:17
2024-12-08,Adamawa,District1,0,2,0,0.0,14.47,25.0,87.0,2026-08-14 10:21:17
2024-12-08,Adamawa,District2,0,0,0,0.0,8.58,22.1,79.5,2026-08-14 10:21:17
2024-12-08,Adamawa,District3,0,1,0,0.0,11.29,31.8,87.8,2026-08-14 10:21:17
2024-12-08,Adamawa,District4,0,4,0,0.0,10.97,28.5,77.9,2026-08-14 10:21:17
2024-12-08,Adamawa,District5,2,0,1,50.0,12.94,20.2,71.7,2026-08-14 10:21:17
2024-12-08,Adamawa,District6,1,2,0,0.0,11.04,27.1,76.6,2026-08-14 10:21:17
2024-12-08,Adamawa,District7,0,2,0,0.0,3.38,22.9,55.7,2026-08-14 10:21:17
2024-12-08,Adamawa,District8,0,4,0,0.0,1.52,26.3,73.4,2026-08-14 10:21:17
2024-12-08,Adamawa,District9,0,1,0,0.0,9.18,24.8,63.1,2026-08-14 10:21:17
2024-12-08,Adamawa,District10,0,3,0,0.0,6.15,30.5,86.5,2026-08-14 10:21:17
2024-12-08,Centre,District1,0,2,0,0.0,7.3,20.3,88.4,2026-08-14 10:21:17
2024-12-08,Centre,District2,0,0,0,0.0,13.3,26.0,55.7,2026-08-14 10:21:17
2024-12-08,Centre,District3,2,1,0,0.0,18.76,34.1,53.6,2026-08-14 10:21:17
2024-12-08,Centre,District4,0,4,0,0.0,5.31,29.2,85.3,2026-08-14 10:21:17
2024-12-08,Centre,District5,0,2,0,0.0,19.63,20.5,54.3,2026-08-14 10:21:17
2024-12-08,Centre,District6,2,5,1,50.0,16.61,27.7,50.9,2026-08-14 10:21:17
2024-12-08,Centre,District7,0,1,0,0.0,11.21,24.7,53.2,2026-08-14 10:21:17
2024-12-08,Centre,District8,0,5,0,0.0,19.6,31.6,66.3,2026-08-14 10:21:17
2024-12-08,Centre,District9,1,3,0,0.0,17.7,32.2,77.4,2026-08-14 10:21:17
2024-12-08,Centre,District10,0,3,0,0.0,13.23,31.5,89.0,2026-08-14 10:21:17
2024-12-08,East,District1,0,2,0,0.0,14.02,22.9,82.8,2026-08-14 10:21:17
2024-12-08,East,District2,0,2,0,0.0,4.94,31.1,87.9,2026-08-14 10:21:17
2024-12-08,East,District3,0,1,0,0.0,6.5,27.7,63.8,2026-08-14 10:21:17
2024-12-08,East,District4,0,0,0,0.0,6.26,31.9,55.1,2026-08-14 10:21:17
2024-12-08,East,District5,0,0,0,0.0,9.21,22.7,86.3,2026-08-14 10:21:17
2024-12-08,East,District6,0,0,0,0.0,8.95,26.5,52.3,2026-08-14 10:21:17
2024-12-08,East,District7,1,5,0,0.0,17.0,25.4,66.1,2026-08-14 10:21:17
2024-12-08,East,District8,0,0,0,0.0,3.62,33.3,65.0,2026-08-14 10:21:17
2024-12-08,East,District9,0,0,0,0.0,1.06,34.8,56.0,2026-08-14 10:21:17
2024-12-08,East,District10,1,2,0,0.0,9.08,28.5,68.2,2026-08-14 10:21:17
2024-12-08,Far North,District1,0,5,0,0.0,4.53,31.1,62.1,2026-08-14 10:21:17
2024-12-08,Far North,District2,0,1,0,0.0,15.0,31.9,64.6,2026-08-14 10:21:17
2024-12-08,Far North,District3,0,4,0,0.0,14.79,23.5,52.7,2026-08-14 10:21:17
2024-12-08,Far North,District4,0,3,0,0.0,13.08,33.6,68.1,2026-08-14 10:21:17
2024-12-08,Far North,District5,0,0,0,0.0,11.27,21.6,52.9,2026-08-14 10:21:17
2024-12-08,Far North,District6,0,3,0,0.0,15.47,21.5,76.7,2026-08-14 10:21:17
2024-12-08,Far North,District7,1,1,0,0.0,13.45,25.0,73.2,2026-08-14 10:21:17
2024-12-08,Far North,District8,0,4,0,0.0,17.16,30.9,80.8,2026-08-14 10:21:17
2024-12-08,Far North,District9,0,0,0,0.0,8.71,29.5,56.4,2026-08-14 10:21:17
2024-12-08,Far North,District10,0,1,0,0.0,7.32,33.1,66.0,2026-08-14 10:21:17
2024-12-08,Littoral,District1,1,5,0,0.0,15.78,22.3,58.7,2026-08-14 10:21:17
2024-12-08,Littoral,District2,3,1,0,0.0,18.18,27.0,62.8,2026-08-14 10:21:17
2024-12-08,Littoral,District3,2,5,1,50.0,4.08,23.1,77.6,2026-08-14 10:21:17
2024-12-08,Littoral,District4,2,2,1,50.0,12.76,29.0,72.7,2026-08-14 10:21:17
2024-12-08,Littoral,District5,0,4,0,0.0,1.79,22.7,66.7,2026-08-14 10:21:17
2024-12-08,Littoral,District6,0,0,0,0.0,12.18,33.7,73.7,2026-08-14 10:21:17
2024-12-08,Littoral,District7,0,4,0,0.0,4.99,34.5,66.4,2026-08-14 10:21:17
2024-12-08,Littoral,District8,3,1,1,33.33,10.09,26.9,78.7,2026-08-14 10:21:17
2024-12-08,Littoral,District9,0,2,0,0.0,11.62,23.6,82.3,2026-08-14 10:21:17
2024-12-08,Littoral,District10,0,4,0,0.0,2.6,27.9,63.9,2026-08-14 10:21:17
2024-12-08,North,District1,0,3,0,0.0,2.05,29.9,72.9,2026-08-14 10:21:17
2024-12-08,North,District2,0,5,0,0.0,7.53,32.3,56.9,2026-08-14 10:21:17
2024-12-08,North,District3,0,4,0,0.0,18.98,22.0,58.2,2026-08-14 10:21:17
2024-12-08,North,District4,1,3,0,0.0,1.88,33.2,85.2,2026-08-14 10:21:17
2024-12-08,North,District5,0,2,0,0.0,16.59,20.6,67.0,2026-08-14 10:21:17
2024-12-08,North,District6,2,2,1,50.0,7.81,22.6,79.7,2026-08-14 10:21:17
2024-12-08,North,District7,0,4,0,0.0,18.29,27.8,73.7,2026-08-14 10:21:17
2024-12-08,North,District8,0,4,0,0.0,10.1,26.8,81.3,2026-08-14 10:21:17
2024-12-08,North,District9,0,5,0,0.0,12.5,20.6,66.6,2026-08-14 10:21:17
2024-12-08,North,District10,3,2,1,33.33,5.54,25.7,72.2,2026-08-14 10:21:17
2024-12-08,North-West,District1,0,4,0,0.0,10.51,31.3,51.8,2026-08-14 10:21:17
2024-12-08,North-West,District2,0,0,0,0.0,10.76,25.7,84.3,2026-08-14 10:21:17
2024-12-08,North-West,District3,1,2,0,0.0,9.0,25.3,74.7,2026-08-14 10:21:17
2024-12-08,North-West,District4,0,5,0,0.0,0.1,29.9,62.7,2026-08-14 10:21:17
2024-12-08,North-West,District5,0,4,0,0.0,4.25,30.5,62.0,2026-08-14 10:21:17
2024-12-08,North-West,District6,0,5,0,0.0,7.78,25.4,55.1,2026-08-14 10:21:17
2024-12-08,North-West,District7,1,4,1,100.0,1.02,32.4,76.1,2026-08-14 10:21:17
2024-12-08,North-West,District8,1,1,0,0.0,11.17,23.1,63.3,2026-08-14 10:21:17
2024-12-08,North-West,District9,0,3,0,0.0,14.33,25.2,73.7,2026-08-14 10:21:17
2024-12-08,North-West,District10,0,4,0,0.0,0.68,31.9,84.8,2026-08-14 10:21:17
2024-12-08,South,District1,1,1,0,0.0,3.01,30.0,79.3,2026-08-14 10:21:17
2024-12-08,South,District2,0,3,0,0.0,19.57,26.1,53.8,2026-08-14 10:21:17
2024-12-08,South,District3,0,0,0,0.0,5.05,31.9,81.9,2026-08-14 10:21:17
2024-12-08,South,District4,1,3,0,0.0,2.64,25.0,81.7,2026-08-14 10:21:17
2024-12-08,South,District5,0,3,0,0.0,4.65,29.9,66.4,2026-08-14 10:21:17
2024-12-08,South,District6,0,2,0,0.0,7.36,29.0,73.2,2026-08-14 10:21:17
2024-12-08,South,District7,0,0,0,0.0,5.16,24.1,83.8,2026-08-14 10:21:17
2024-12-08,South,District8,0,5,0,0.0,15.11,30.3,74.3,2026-08-14 10:21:17
2024-12-08,South,District9,2,3,1,50.0,7.49,26.5,52.3,2026-08-14 10:21:17
2024-12-08,South,District10,0,0,0,0.0,19.26,32.3,61.4,2026-08-14 10:21:17
2024-12-08,South-West,District1,0,3,0,0.0,15.26,33.4,83.4,2026-08-14 10:21:17
2024-12-08,South-West,District2,0,2,0,0.0,10.34,22.4,86.2,2026-08-14 10:21:17
2024-12-08,South-West,District3,0,5,0,0.0,1.24,30.2,76.9,2026-08-14 10:21:17
2024-12-08,South-West,District4,0,1,0,0.0,9.39,32.8,77.7,2026-08-14 10:21:17
2024-12-08,South-West,District5,0,4,0,0.0,6.4,24.4,68.8,2026-08-14 10:21:17
2024-12-08,South-West,District6,1,0,1,100.0,14.43,25.9,55.4,2026-08-14 10:21:17
2024-12-08,South-West,District7,0,4,0,0.0,10.49,27.8,54.7,2026-08-14 10:21:17
2024-12-08,South-West,District8,0,4,0,0.0,17.04,28.2,67.8,2026-08-14 10:21:17
2024-12-08,South-West,District9,0,5,0,0.0,11.29,25.0,79.5,2026-08-14 10:21:17
2024-12-08,South-West,District10,3,1,1,33.33,10.76,27.9,74.8,2026-08-14 10:21:17
2024-12-08,West,District1,2,3,1,50.0,16.31,34.4,79.1,2026-08-14 10:21:17
2024-12-08,West,District2,0,1,0,0.0,14.59,28.0,66.4,2026-08-14 10:21:17
2024-12-08,West,District3,1,1,0,0.0,4.94,25.9,78.1,2026-08-14 10:21:17
2024-12-08,West,District4,0,0,0,0.0,17.83,34.1,84.9,2026-08-14 10:21:17
2024-12-08,West,District5,0,0,0,0.0,19.87,22.7,69.8,2026-08-14 10:21:17
2024-12-08,West,District6,0,4,0,0.0,3.14,23.8,57.5,2026-08-14 10:21:17
2024-12-08,West,District7,0,0,0,0.0,17.77,26.5,85.5,2026-08-14 10:21:17
2024-12-08,West,District8,0,3,0,0.0,9.93,33.1,52.6,2026-08-14 10:21:17
2024-12-08,West,District9,2,0,0,0.0,0.78,27.8,67.9,2026-08-14 10:21:17
2024-12-08,West,District10,0,4,0,0.0,1.26,28.0,87.4,2026-08-14 10:21:17
2025-01-14,Adamawa,District1,0,1,0,0.0,17.41,22.2,59.9,2026-08-14 10:21:17
2025-01-14,Adamawa,District2,1,5,0,0.0,17.75,30.2,69.1,2026-08-14 10:21:17
2025-01-14,Adamawa,District3,0,0,0,0.0,14.01,24.8,81.8,2026-08-14 10:21:17
2025-01-14,Adamawa,District4,1,2,0,0.0,15.16,25.2,82.7,2026-08-14 10:21:17
2025-01-14,Adamawa,District5,2,0,0,0.0,16.47,31.7,65.9,2026-08-14 10:21:17
2025-01-14,Adamawa,District6,0,5,0,0.0,10.95,28.5,63.9,2026-08-14 10:21:17
2025-01-14,Adamawa,District7,1,2,1,100.0,12.84,34.3,63.5,2026-08-14 10:21:17
2025-01-14,Adamawa,District8,0,4,0,0.0,7.7,21.3,58.6,2026-08-14 10:21:17
2025-01-14,Adamawa,District9,0,3,0,0.0,3.11,23.7,80.1,2026-08-14 10:21:17
2025-01-14,Adamawa,District10,0,3,0,0.0,7.59,27.3,52.6,2026-08-14 10:21:17
2025-01-14,Centre,District1,1,3,0,0.0,19.91,20.6,87.4,2026-08-14 10:21:17
2025-01-14,Centre,District2,0,0,0,0.0,0.15,23.8,53.1,2026-08-14 10:21:17
2025-01-14,Centre,District3,1,0,1,100.0,19.77,34.7,89.5,2026-08-14 10:21:17
2025-01-14,Centre,District4,0,1,0,0.0,17.86,34.5,85.5,2026-08-14 10:21:17
2025-01-14,Centre,District5,0,3,0,0.0,15.49,23.3,77.2,2026-08-14 10:21:17
2025-01-14,Centre,District6,0,4,0,0.0,4.28,33.7,69.2,2026-08-14 10:21:17
2025-01-14,Centre,District7,0,3,0,0.0,2.11,23.5,70.8,2026-08-14 10:21:17
2025-01-14,Centre,District8,0,5,0,0.0,6.32,32.2,53.2,2026-08-14 10:21:17
2025-01-14,Centre,District9,0,3,0,0.0,14.32,33.8,83.8,2026-08-14 10:21:17
2025-01-14,Centre,District10,0,0,0,0.0,18.01,23.7,58.1,2026-08-14 10:21:17
2025-01-14,East,District1,0,2,0,0.0,17.29,29.7,50.4,2026-08-14 10:21:17
2025-01-14,East,District2,0,3,0,0.0,4.35,22.7,74.8,2026-08-14 10:21:17
2025-01-14,East,District3,0,3,0,0.0,11.01,29.9,73.6,2026-08-14 10:21:17
2025-01-14,East,District4,0,0,0,0.0,13.71,20.6,84.7,2026-08-14 10:21:17
2025-01-14,East,District5,0,2,0,0.0,4.57,27.3,59.1,2026-08-14 10:21:17
2025-01-14,East,District6,0,1,0,0.0,17.65,34.9,87.4,2026-08-14 10:21:17
2025-01-14,East,District7,0,1,0,0.0,19.49,22.7,71.2,2026-08-14 10:21:17
2025-01-14,East,District8,0,3,0,0.0,15.15,30.2,64.5,2026-08-14 10:21:17
2025-01-14,East,District9,1,4,0,0.0,8.15,31.4,67.7,2026-08-14 10:21:17
2025-01-14,East,District10,0,2,0,0.0,15.36,32.8,84.6,2026-08-14 10:21:17
2025-01-14,Far North,District1,0,0,0,0.0,14.32,26.2,72.1,2026-08-14 10:21:17
2025-01-14,Far North,District2,0,2,0,0.0,19.52,29.0,71.5,2026-08-14 10:21:17
2025-01-14,Far North,District3,0,0,0,0.0,4.8,28.2,87.3,2026-08-14 10:21:17
2025-01-14,Far North,District4,1,5,1,100.0,4.14,31.6,65.6,2026-08-14 10:21:17
2025-01-14,Far North,District5,0,0,0,0.0,16.4,22.7,61.2,2026-08-14 10:21:17
2025-01-14,Far North,District6,1,2,0,0.0,14.4,32.6,68.4,2026-08-14 10:21:17
2025-01-14,Far North,District7,0,3,0,0.0,16.81,34.2,89.4,2026-08-14 10:21:17
2025-01-14,Far North,District8,0,3,0,0.0,0.83,25.9,86.6,2026-08-14 10:21:17
2025-01-14,Far North,District9,0,2,0,0.0,11.66,20.5,77.0,2026-08-14 10:21:17
2025-01-14,Far North,District10,0,2,0,0.0,12.16,22.0,52.8,2026-08-14 10:21:17
2025-01-14,Littoral,District1,0,1,0,0.0,15.17,27.4,89.5,2026-08-14 10:21:17
2025-01-14,Littoral,District2,2,2,1,50.0,2.86,33.3,85.6,2026-08-14 10:21:17
2025-01-14,Littoral,District3,0,3,0,0.0,14.05,27.3,76.3,2026-08-14 10:21:17
2025-01-14,Littoral,District4,0,3,0,0.0,16.1,21.3,67.9,2026-08-14 10:21:17
2025-01-14,Littoral,District5,1,1,0,0.0,11.72,26.9,90.0,2026-08-14 10:21:17
2025-01-14,Littoral,District6,0,4,0,0.0,0.77,20.9,52.9,2026-08-14 10:21:17
2025-01-14,Littoral,District7,0,4,0,0.0,18.09,34.4,55.7,2026-08-14 10:21:17
2025-01-14,Littoral,District8,2,0,1,50.0,6.69,22.4,71.4,2026-08-14 10:21:17
2025-01-14,Littoral,District9,1,2,1,100.0,16.02,26.6,50.5,2026-08-14 10:21:17
2025-01-14,Littoral,District10,0,4,0,0.0,6.48,22.7,80.4,2026-08-14 10:21:17
2025-01-14,North,District1,0,1,0,0.0,4.36,29.4,67.6,2026-08-14 10:21:17
2025-01-14,North,District2,1,5,1,100.0,7.56,21.1,79.2,2026-08-14 10:21:17
2025-01-14,North,District3,0,5,0,0.0,16.87,23.4,67.3,2026-08-14 10:21:17
2025-01-14,North,District4,1,1,0,0.0,10.0,31.0,77.5,2026-08-14 10:21:17
2025-01-14,North,District5,2,5,1,50.0,10.25,25.4,67.7,2026-08-14 10:21:17
2025-01-14,North,District6,0,2,0,0.0,10.79,27.1,66.4,2026-08-14 10:21:17
2025-01-14,North,District7,0,0,0,0.0,16.17,22.1,69.2,2026-08-14 10:21:17
2025-01-14,North,District8,0,1,0,0.0,4.84,23.9,52.4,2026-08-14 10:21:17
2025-01-14,North,District9,0,0,0,0.0,16.97,30.0,84.7,2026-08-14 10:21:17
2025-01-14,North,District10,0,4,0,0.0,16.77,31.1,55.0,2026-08-14 10:21:17
2025-01-14,North-West,District1,0,1,0,0.0,11.65,23.1,62.0,2026-08-14 10:21:17
2025-01-14,North-West,District2,0,2,0,0.0,13.98,34.2,61.4,2026-08-14 10:21:17
2025-01-14,North-West,District3,0,2,0,0.0,7.77,24.5,84.5,2026-08-14 10:21:17
2025-01-14,North-West,District4,2,0,0,0.0,0.59,30.8,83.2,2026-08-14 10:21:17
2025-01-14,North-West,District5,0,2,0,0.0,19.66,29.7,65.3,2026-08-14 10:21:17
2025-01-14,North-West,District6,0,3,0,0.0,3.03,24.7,88.9,2026-08-14 10:21:17
2025-01-14,North-West,District7,2,5,1,50.0,11.39,24.0,80.0,2026-08-14 10:21:17
2025-01-14,North-West,District8,0,1,0,0.0,14.65,26.1,80.3,2026-08-14 10:21:17
2025-01-14,North-West,District9,0,0,0,0.0,19.06,32.1,67.3,2026-08-14 10:21:17
2025-01-14,North-West,District10,0,1,0,0.0,8.3,26.2,78.9,2026-08-14 10:21:17
2025-01-14,South,District1,0,1,0,0.0,10.25,34.5,54.1,2026-08-14 10:21:17
2025-01-14,South,District2,3,4,1,33.33,3.58,34.5,60.0,2026-08-14 10:21:17
2025-01-14,South,District3,0,3,0,0.0,0.59,27.4,79.1,2026-08-14 10:21:17
2025-01-14,South,District4,0,1,0,0.0,11.63,23.2,52.4,2026-08-14 10:21:17
2025-01-14,South,District5,0,5,0,0.0,10.05,29.0,67.7,2026-08-14 10:21:17
2025-01-14,South,District6,0,0,0,0.0,3.65,24.5,73.0,2026-08-14 10:21:17
2025-01-14,South,District7,3,0,1,33.33,7.58,34.8,63.0,2026-08-14 10:21:17
2025-01-14,South,District8,0,2,0,0.0,13.9,25.9,75.6,2026-08-14 10:21:17
2025-01-14,South,District9,0,3,0,0.0,10.45,31.8,72.6,2026-08-14 10:21:17
2025-01-14,South,District10,0,0,0,0.0,19.52,30.3,74.7,2026-08-14 10:21:17
2025-01-14,South-West,District1,3,5,0,0.0,7.49,31.7,66.8,2026-08-14 10:21:17
2025-01-14,South-West,District2,1,0,0,0.0,0.42,23.9,82.4,2026-08-14 10:21:17
2025-01-14,South-West,District3,0,2,0,0.0,9.69,21.2,80.0,2026-08-14 10:21:17
2025-01-14,South-West,District4,0,2,0,0.0,1.92,33.2,67.6,2026-08-14 10:21:17
2025-01-14,South-West,District5,0,5,0,0.0,11.6,34.1,83.1,2026-08-14 10:21:17
2025-01-14,South-West,District6,1,0,1,100.0,18.75,34.3,89.5,2026-08-14 10:21:17
2025-01-14,South-West,District7,0,3,0,0.0,10.76,30.6,59.3,2026-08-14 10:21:17
2025-01-14,South-West,District8,0,1,0,0.0,15.35,34.9,85.9,2026-08-14 10:21:17
2025-01-14,South-West,District9,1,1,0,0.0,4.98,29.7,62.0,2026-08-14 10:21:17
2025-01-14,South-West,District10,0,3,0,0.0,3.27,22.2,68.9,2026-08-14 10:21:17
2025-01-14,West,District1,1,0,0,0.0,8.26,23.4,75.3,2026-08-14 10:21:17
2025-01-14,West,District2,2,4,0,0.0,6.93,24.5,59.0,2026-08-14 10:21:17
2025-01-14,West,District3,1,2,0,0.0,7.31,28.2,59.9,2026-08-14 10:21:17
2025-01-14,West,District4,3,5,1,33.33,15.74,23.4,80.3,2026-08-14 10:21:17
2025-01-14,West,District5,1,5,1,100.0,1.0,24.3,89.4,2026-08-14 10:21:17
2025-01-14,West,District6,0,4,0,0.0,0.24,20.2,54.8,2026-08-14 10:21:17
2025-01-14,West,District7,0,4,0,0.0,1.79,23.4,78.7,2026-08-14 10:21:17
2025-01-14,West,District8,0,2,0,0.0,6.94,23.6,83.1,2026-08-14 10:21:17
2025-01-14,West,District9,0,5,0,0.0,11.5,34.2,64.6,2026-08-14 10:21:17
2025-01-14,West,District10,0,4,0,0.0,0.39,26.1,57.2,2026-08-14 10:21:17
2025-01-28,Adamawa,District1,2,5,1,50.0,17.88,25.5,73.4,2026-08-14 10:21:17
2025-01-28,Adamawa,District2,0,4,0,0.0,7.46,31.2,54.9,2026-08-14 10:21:17
2025-01-28,Adamawa,District3,3,1,0,0.0,0.9,20.0,57.2,2026-08-14 10:21:17
2025-01-28,Adamawa,District4,2,1,1,50.0,2.01,27.0,56.9,2026-08-14 10:21:17
2025-01-28,Adamawa,District5,0,4,0,0.0,8.93,26.0,62.9,2026-08-14 10:21:17
2025-01-28,Adamawa,District6,0,0,0,0.0,15.42,27.7,74.9,2026-08-14 10:21:17
2025-01-28,Adamawa,District7,0,3,0,0.0,3.08,20.3,55.7,2026-08-14 10:21:17
2025-01-28,Adamawa,District8,0,3,0,0.0,9.79,30.3,64.6,2026-08-14 10:21:17
2025-01-28,Adamawa,District9,3,3,1,33.33,19.73,28.1,53.1,2026-08-14 10:21:17
2025-01-28,Adamawa,District10,0,2,0,0.0,15.16,30.6,72.7,2026-08-14 10:21:17
2025-01-28,Centre,District1,2,1,0,0.0,18.22,21.4,79.5,2026-08-14 10:21:17
2025-01-28,Centre,District2,2,3,1,50.0,0.95,30.5,54.7,2026-08-14 10:21:17
2025-01-28,Centre,District3,3,5,1,33.33,8.79,30.9,77.8,2026-08-14 10:21:17
2025-01-28,Centre,District4,0,1,0,0.0,3.04,25.8,76.8,2026-08-14 10:21:17
2025-01-28,Centre,District5,0,5,0,0.0,10.75,33.4,59.8,2026-08-14 10:21:17
2025-01-28,Centre,District6,0,4,0,0.0,18.3,25.1,65.5,2026-08-14 10:21:17
2025-01-28,Centre,District7,0,0,0,0.0,10.52,32.5,75.2,2026-08-14 10:21:17
2025-01-28,Centre,District8,0,5,0,0.0,1.05,24.9,60.2,2026-08-14 10:21:17
2025-01-28,Centre,District9,0,2,0,0.0,2.17,26.0,58.1,2026-08-14 10:21:17
2025-01-28,Centre,District10,0,0,0,0.0,18.21,31.0,86.9,2026-08-14 10:21:17
2025-01-28,East,District1,0,3,0,0.0,1.29,27.0,89.4,2026-08-14 10:21:17
2025-01-28,East,District2,0,3,0,0.0,12.18,30.6,84.0,2026-08-14 10:21:17
2025-01-28,East,District3,0,3,0,0.0,3.31,32.2,52.7,2026-08-14 10:21:17
2025-01-28,East,District4,0,2,0,0.0,19.96,25.8,80.4,2026-08-14 10:21:17
2025-01-28,East,District5,0,0,0,0.0,3.97,32.5,79.9,2026-08-14 10:21:17
2025-01-28,East,District6,0,1,0,0.0,6.25,25.9,72.5,2026-08-14 10:21:17
2025-01-28,East,District7,0,4,0,0.0,8.56,27.8,56.0,2026-08-14 10:21:17
2025-01-28,East,District8,0,3,0,0.0,0.9,21.1,88.0,2026-08-14 10:21:17
2025-01-28,East,District9,0,3,0,0.0,2.44,24.2,76.1,2026-08-14 10:21:17
2025-01-28,East,District10,0,1,0,0.0,9.74,30.4,63.1,2026-08-14 10:21:17
2025-01-28,Far North,District1,3,3,0,0.0,4.04,21.1,78.3,2026-08-14 10:21:17
2025-01-28,Far North,District2,0,3,0,0.0,5.83,31.1,73.6,2026-08-14 10:21:17
2025-01-28,Far North,District3,0,2,0,0.0,14.84,23.9,77.2,2026-08-14 10:21:17
2025-01-28,Far North,District4,0,0,0,0.0,0.87,27.7,62.7,2026-08-14 10:21:17
2025-01-28,Far North,District5,0,3,0,0.0,0.23,29.8,69.2,2026-08-14 10:21:17
2025-01-28,Far North,District6,0,4,0,0.0,14.21,23.1,80.6,2026-08-14 10:21:17
2025-01-28,Far North,District7,0,4,0,0.0,14.7,26.6,74.5,2026-08-14 10:21:17
2025-01-28,Far North,District8,2,3,0,0.0,17.82,28.5,74.3,2026-08-14 10:21:17
2025-01-28,Far North,District9,0,2,0,0.0,1.37,20.2,68.4,2026-08-14 10:21:17
2025-01-28,Far North,District10,0,2,0,0.0,7.47,33.8,78.7,2026-08-14 10:21:17
2025-01-28,Littoral,District1,0,2,0,0.0,9.74,28.7,71.8,2026-08-14 10:21:17
2025-01-28,Littoral,District2,0,5,0,0.0,19.55,30.0,88.9,2026-08-14 10:21:17
2025-01-28,Littoral,District3,0,3,0,0.0,7.01,23.6,72.6,2026-08-14 10:21:17
2025-01-28,Littoral,District4,0,1,0,0.0,12.15,26.1,78.2,2026-08-14 10:21:17
2025-01-28,Littoral,District5,0,3,0,0.0,13.96,20.3,70.5,2026-08-14 10:21:17
2025-01-28,Littoral,District6,0,5,0,0.0,14.31,22.9,65.3,2026-08-14 10:21:17
2025-01-28,Littoral,District7,0,4,0,0.0,1.34,28.9,64.1,2026-08-14 10:21:17
2025-01-28,Littoral,District8,0,0,0,0.0,2.72,22.7,87.3,2026-08-14 10:21:17
2025-01-28,Littoral,District9,0,3,0,0.0,1.65,31.1,78.8,2026-08-14 10:21:17
2025-01-28,Littoral,District10,1,4,0,0.0,0.12,20.8,74.2,2026-08-14 10:21:17
2025-01-28,North,District1,2,1,0,0.0,7.84,28.8,70.1,2026-08-14 10:21:17
2025-01-28,North,District2,0,5,0,0.0,6.68,25.6,83.7,2026-08-14 10:21:17
2025-01-28,North,District3,2,5,0,0.0,13.87,21.3,62.7,2026-08-14 10:21:17
2025-01-28,North,District4,0,0,0,0.0,5.51,34.8,57.3,2026-08-14 10:21:17
2025-01-28,North,District5,0,2,0,0.0,12.24,22.8,84.3,2026-08-14 10:21:17
2025-01-28,North,District6,0,2,0,0.0,3.93,20.0,85.7,2026-08-14 10:21:17
2025-01-28,North,District7,0,1,0,0.0,14.25,22.8,84.6,2026-08-14 10:21:17
2025-01-28,North,District8,1,4,0,0.0,0.34,30.5,65.5,2026-08-14 10:21:17
2025-01-28,North,District9,1,2,1,100.0,15.39,29.3,87.5,2026-08-14 10:21:17
2025-01-28,North,District10,0,4,0,0.0,4.27,29.1,61.3,2026-08-14 10:21:17
2025-01-28,North-West,District1,0,3,0,0.0,3.33,25.6,70.5,2026-08-14 10:21:17
2025-01-28,North-West,District2,0,0,0,0.0,6.6,21.3,53.1,2026-08-14 10:21:17
2025-01-28,North-West,District3,0,5,0,0.0,2.88,33.5,83.0,2026-08-14 10:21:17
2025-01-28,North-West,District4,0,4,0,0.0,13.76,22.0,77.2,2026-08-14 10:21:17
2025-01-28,North-West,District5,0,0,0,0.0,6.46,25.4,55.2,2026-08-14 10:21:17
2025-01-28,North-West,District6,0,1,0,0.0,8.04,24.6,85.8,2026-08-14 10:21:17
2025-01-28,North-West,District7,3,3,1,33.33,10.15,31.0,63.8,2026-08-14 10:21:17
2025-01-28,North-West,District8,0,4,0,0.0,15.29,24.3,76.5,2026-08-14 10:21:17
2025-01-28,North-West,District9,0,3,0,0.0,6.89,25.9,82.3,2026-08-14 10:21:17
2025-01-28,North-West,District10,1,0,1,100.0,17.31,27.3,57.3,2026-08-14 10:21:17
2025-01-28,South,District1,0,3,0,0.0,19.82,29.3,89.8,2026-08-14 10:21:17
2025-01-28,South,District2,0,5,0,0.0,19.93,20.4,50.6,2026-08-14 10:21:17
2025-01-28,South,District3,0,3,0,0.0,4.66,31.3,78.4,2026-08-14 10:21:17
2025-01-28,South,District4,1,3,1,100.0,8.43,24.5,65.7,2026-08-14 10:21:17
2025-01-28,South,District5,2,4,0,0.0,13.92,25.4,67.9,2026-08-14 10:21:17
2025-01-28,South,District6,0,5,0,0.0,9.5,32.6,73.2,2026-08-14 10:21:17
2025-01-28,South,District7,0,3,0,0.0,14.14,30.8,53.0,2026-08-14 10:21:17
2025-01-28,South,District8,3,3,1,33.33,16.26,34.0,51.4,2026-08-14 10:21:17
2025-01-28,South,District9,0,5,0,0.0,18.83,23.0,77.0,2026-08-14 10:21:17
2025-01-28,South,District10,0,0,0,0.0,15.39,24.9,65.9,2026-08-14 10:21:17
2025-01-28,South-West,District1,0,0,0,0.0,11.91,25.8,71.9,2026-08-14 10:21:17
2025-01-28,South-West,District2,0,4,0,0.0,7.6,25.9,55.0,2026-08-14 10:21:17
2025-01-28,South-West,District3,0,5,0,0.0,4.3,32.8,67.0,2026-08-14 10:21:17
2025-01-28,South-West,District4,0,1,0,0.0,7.65,26.1,70.4,2026-08-14 10:21:17
2025-01-28,South-West,District5,0,3,0,0.0,11.55,26.2,64.5,2026-08-14 10:21:17
2025-01-28,South-West,District6,0,0,0,0.0,1.57,22.6,66.6,2026-08-14 10:21:17
2025-01-28,South-West,District7,1,0,0,0.0,3.17,31.4,62.7,2026-08-14 10:21:17
2025-01-28,South-West,District8,1,3,0,0.0,11.79,23.7,54.8,2026-08-14 10:21:17
2025-01-28,South-West,District9,0,3,0,0.0,8.01,27.1,65.2,2026-08-14 10:21:17
2025-01-28,South-West,District10,0,1,0,0.0,7.8,31.6,51.7,2026-08-14 10:21:17
2025-01-28,West,District1,0,0,0,0.0,8.59,20.6,56.7,2026-08-14 10:21:17
2025-01-28,West,District2,0,2,0,0.0,8.18,28.7,60.1,2026-08-14 10:21:17
2025-01-28,West,District3,0,0,0,0.0,4.0,21.2,82.6,2026-08-14 10:21:17
2025-01-28,West,District4,3,1,0,0.0,17.28,33.6,82.1,2026-08-14 10:21:17
2025-01-28,West,District5,1,3,1,100.0,12.23,22.6,57.5,2026-08-14 10:21:17
2025-01-28,West,District6,3,1,1,33.33,5.96,22.6,78.9,2026-08-14 10:21:17
2025-01-28,West,District7,0,3,0,0.0,2.65,29.5,52.6,2026-08-14 10:21:17
2025-01-28,West,District8,0,0,0,0.0,12.71,34.7,69.1,2026-08-14 10:21:17
2025-01-28,West,District9,0,1,0,0.0,12.45,24.3,58.9,2026-08-14 10:21:17
2025-01-28,West,District10,0,0,0,0.0,12.11,31.9,57.8,2026-08-14 10:21:17
2025-01-13,Adamawa,District1,0,5,0,0.0,10.75,22.6,82.1,2026-08-14 10:21:17
2025-01-13,Adamawa,District2,0,3,0,0.0,2.97,30.8,76.5,2026-08-14 10:21:17
2025-01-13,Adamawa,District3,0,2,0,0.0,4.11,32.0,86.8,2026-08-14 10:21:17
2025-01-13,Adamawa,District4,1,0,1,100.0,8.22,34.0,50.4,2026-08-14 10:21:17
2025-01-13,Adamawa,District5,0,2,0,0.0,16.96,22.5,72.0,2026-08-14 10:21:17
2025-01-13,Adamawa,District6,0,1,0,0.0,2.08,22.7,86.0,2026-08-14 10:21:17
2025-01-13,Adamawa,District7,0,5,0,0.0,0.02,24.4,62.8,2026-08-14 10:21:17
2025-01-13,Adamawa,District8,0,3,0,0.0,4.25,21.4,81.7,2026-08-14 10:21:17
2025-01-13,Adamawa,District9,0,3,0,0.0,4.17,34.9,67.2,2026-08-14 10:21:17
2025-01-13,Adamawa,District10,0,5,0,0.0,7.73,28.4,73.4,2026-08-14 10:21:17
2025-01-13,Centre,District1,0,3,0,0.0,19.53,21.3,70.7,2026-08-14 10:21:17
2025-01-13,Centre,District2,3,0,1,33.33,8.05,32.4,89.0,2026-08-14 10:21:17
2025-01-13,Centre,District3,3,5,1,33.33,4.88,33.9,70.0,2026-08-14 10:21:17
2025-01-13,Centre,District4,2,5,0,0.0,9.1,32.8,82.8,2026-08-14 10:21:17
2025-01-13,Centre,District5,1,4,1,100.0,16.49,29.4,88.7,2026-08-14 10:21:17
2025-01-13,Centre,District6,0,3,0,0.0,9.88,28.1,69.9,2026-08-14 10:21:17
2025-01-13,Centre,District7,0,1,0,0.0,9.57,26.2,53.5,2026-08-14 10:21:17
2025-01-13,Centre,District8,0,1,0,0.0,8.07,29.3,79.0,2026-08-14 10:21:17
2025-01-13,Centre,District9,0,5,0,0.0,15.88,30.0,70.4,2026-08-14 10:21:17
2025-01-13,Centre,District10,0,4,0,0.0,19.0,34.0,52.4,2026-08-14 10:21:17
2025-01-13,East,District1,2,3,0,0.0,6.46,34.9,79.5,2026-08-14 10:21:17
2025-01-13,East,District2,0,4,0,0.0,9.37,29.5,50.7,2026-08-14 10:21:17
2025-01-13,East,District3,0,2,0,0.0,14.91,26.5,86.1,2026-08-14 10:21:17
2025-01-13,East,District4,1,0,1,100.0,1.75,30.0,53.9,2026-08-14 10:21:17
2025-01-13,East,District5,1,5,0,0.0,10.95,20.9,58.5,2026-08-14 10:21:17
2025-01-13,East,District6,0,4,0,0.0,15.75,23.7,73.1,2026-08-14 10:21:17
2025-01-13,East,District7,0,3,0,0.0,12.79,32.3,79.6,2026-08-14 10:21:17
2025-01-13,East,District8,0,2,0,0.0,0.83,21.7,66.6,2026-08-14 10:21:17
2025-01-13,East,District9,1,1,1,100.0,18.09,27.5,80.0,2026-08-14 10:21:17
2025-01-13,East,District10,1,5,1,100.0,3.93,28.7,63.4,2026-08-14 10:21:17
2025-01-13,Far North,District1,0,1,0,0.0,18.66,34.4,82.5,2026-08-14 10:21:17
2025-01-13,Far North,District2,2,4,0,0.0,3.83,34.3,65.5,2026-08-14 10:21:17
2025-01-13,Far North,District3,1,1,1,100.0,10.56,32.3,63.5,2026-08-14 10:21:17
2025-01-13,Far North,District4,0,5,0,0.0,9.19,27.5,60.3,2026-08-14 10:21:17
2025-01-13,Far North,District5,0,4,0,0.0,11.28,27.5,74.4,2026-08-14 10:21:17
2025-01-13,Far North,District6,1,5,1,100.0,2.73,34.0,88.3,2026-08-14 10:21:17
2025-01-13,Far North,District7,2,3,1,50.0,15.07,28.2,82.2,2026-08-14 10:21:17
2025-01-13,Far North,District8,0,3,0,0.0,14.71,25.6,65.2,2026-08-14 10:21:17
2025-01-13,Far North,District9,1,1,1,100.0,0.91,25.5,71.6,2026-08-14 10:21:17
2025-01-13,Far North,District10,0,1,0,0.0,12.99,23.1,85.7,2026-08-14 10:21:17
2025-01-13,Littoral,District1,0,4,0,0.0,16.37,29.7,62.2,2026-08-14 10:21:17
2025-01-13,Littoral,District2,0,5,0,0.0,16.64,30.5,80.9,2026-08-14 10:21:17
2025-01-13,Littoral,District3,0,2,0,0.0,9.26,24.3,64.1,2026-08-14 10:21:17
2025-01-13,Littoral,District4,0,3,0,0.0,6.94,25.7,78.0,2026-08-14 10:21:17
2025-01-13,Littoral,District5,0,3,0,0.0,19.82,26.0,74.8,2026-08-14 10:21:17
2025-01-13,Littoral,District6,0,4,0,0.0,17.72,33.6,81.9,2026-08-14 10:21:17
2025-01-13,Littoral,District7,0,2,0,0.0,17.5,27.1,81.2,2026-08-14 10:21:17
2025-01-13,Littoral,District8,0,0,0,0.0,9.43,30.1,67.0,2026-08-14 10:21:17
2025-01-13,Littoral,District9,2,0,0,0.0,18.53,21.9,52.8,2026-08-14 10:21:17
2025-01-13,Littoral,District10,0,2,0,0.0,16.69,33.6,63.6,2026-08-14 10:21:17
2025-01-13,North,District1,2,2,1,50.0,10.34,33.1,56.6,2026-08-14 10:21:17
2025-01-13,North,District2,0,4,0,0.0,13.81,26.5,71.1,2026-08-14 10:21:17
2025-01-13,North,District3,0,4,0,0.0,12.12,29.2,88.4,2026-08-14 10:21:17
2025-01-13,North,District4,0,4,0,0.0,14.34,23.3,65.5,2026-08-14 10:21:17
2025-01-13,North,District5,1,3,0,0.0,2.21,25.0,73.7,2026-08-14 10:21:17
2025-01-13,North,District6,0,0,0,0.0,3.17,30.0,84.4,2026-08-14 10:21:17
2025-01-13,North,District7,0,1,0,0.0,5.97,23.6,64.3,2026-08-14 10:21:17
2025-01-13,North,District8,3,4,1,33.33,13.83,30.7,55.3,2026-08-14 10:21:17
2025-01-13,North,District9,1,0,0,0.0,15.84,25.5,57.1,2026-08-14 10:21:17
2025-01-13,North,District10,0,2,0,0.0,6.45,23.3,62.6,2026-08-14 10:21:17
2025-01-13,North-West,District1,2,2,0,0.0,7.27,26.1,50.4,2026-08-14 10:21:17
2025-01-13,North-West,District2,0,4,0,0.0,11.49,23.3,87.6,2026-08-14 10:21:17
2025-01-13,North-West,District3,0,4,0,0.0,8.78,27.2,78.8,2026-08-14 10:21:17
2025-01-13,North-West,District4,0,4,0,0.0,16.02,32.1,85.0,2026-08-14 10:21:17
2025-01-13,North-West,District5,0,4,0,0.0,11.49,31.9,68.8,2026-08-14 10:21:17
2025-01-13,North-West,District6,0,5,0,0.0,8.42,23.1,50.9,2026-08-14 10:21:17
2025-01-13,North-West,District7,2,1,1,50.0,10.83,26.4,58.4,2026-08-14 10:21:17
2025-01-13,North-West,District8,0,2,0,0.0,4.43,20.5,59.2,2026-08-14 10:21:17
2025-01-13,North-West,District9,0,2,0,0.0,9.27,30.8,61.8,2026-08-14 10:21:17
2025-01-13,North-West,District10,1,0,0,0.0,18.16,23.2,77.5,2026-08-14 10:21:17
2025-01-13,South,District1,1,1,0,0.0,18.0,24.1,83.7,2026-08-14 10:21:17
2025-01-13,South,District2,3,3,1,33.33,13.64,26.4,72.7,2026-08-14 10:21:17
2025-01-13,South,District3,0,0,0,0.0,11.53,22.7,83.5,2026-08-14 10:21:17
2025-01-13,South,District4,0,3,0,0.0,14.88,31.8,78.4,2026-08-14 10:21:17
2025-01-13,South,District5,2,0,1,50.0,16.95,20.0,69.4,2026-08-14 10:21:17
2025-01-13,South,District6,0,0,0,0.0,10.17,20.4,89.6,2026-08-14 10:21:17
2025-01-13,South,District7,0,2,0,0.0,14.51,29.3,74.7,2026-08-14 10:21:17
2025-01-13,South,District8,1,3,1,100.0,5.2,24.8,79.8,2026-08-14 10:21:17
2025-01-13,South,District9,0,3,0,0.0,12.97,33.9,83.4,2026-08-14 10:21:17
2025-01-13,South,District10,1,1,0,0.0,3.06,21.4,89.9,2026-08-14 10:21:17
2025-01-13,South-West,District1,1,3,1,100.0,9.9,34.9,87.7,2026-08-14 10:21:17
2025-01-13,South-West,District2,1,0,0,0.0,7.18,25.6,63.8,2026-08-14 10:21:17
2025-01-13,South-West,District3,0,4,0,0.0,9.79,32.5,72.9,2026-08-14 10:21:17
2025-01-13,South-West,District4,2,2,0,0.0,11.8,32.2,75.3,2026-08-14 10:21:17
2025-01-13,South-West,District5,0,1,0,0.0,0.18,20.0,52.9,2026-08-14 10:21:17
2025-01-13,South-West,District6,3,2,0,0.0,16.02,22.1,62.8,2026-08-14 10:21:17
2025-01-13,South-West,District7,0,5,0,0.0,18.13,24.1,85.6,2026-08-14 10:21:17
2025-01-13,South-West,District8,1,1,1,100.0,17.62,29.3,66.3,2026-08-14 10:21:17
2025-01-13,South-West,District9,1,5,1,100.0,1.22,31.9,57.6,2026-08-14 10:21:17
2025-01-13,South-West,District10,0,3,0,0.0,6.96,20.6,69.6,2026-08-14 10:21:17
2025-01-13,West,District1,0,3,0,0.0,14.45,29.7,80.4,2026-08-14 10:21:17
2025-01-13,West,District2,0,4,0,0.0,8.26,28.1,66.1,2026-08-14 10:21:17
2025-01-13,West,District3,1,4,1,100.0,0.12,23.3,71.8,2026-08-14 10:21:17
2025-01-13,West,District4,1,3,1,100.0,2.96,21.3,83.2,2026-08-14 10:21:17
2025-01-13,West,District5,0,0,0,0.0,7.91,31.6,50.7,2026-08-14 10:21:17
2025-01-13,West,District6,0,4,0,0.0,18.5,25.6,65.2,2026-08-14 10:21:17
2025-01-13,West,District7,0,1,0,0.0,7.28,25.0,57.3,2026-08-14 10:21:17
2025-01-13,West,District8,0,5,0,0.0,16.89,30.5,74.3,2026-08-14 10:21:17
2025-01-13,West,District9,0,5,0,0.0,6.35,21.0,70.4,2026-08-14 10:21:17
2025-01-13,West,District10,0,5,0,0.0,4.04,24.5,85.1,2026-08-14 10:21:17
2025-01-07,Adamawa,District1,0,0,0,0.0,2.42,26.2,52.1,2026-08-14 10:21:17
2025-01-07,Adamawa,District2,0,2,0,0.0,11.93,27.4,73.7,2026-08-14 10:21:17
2025-01-07,Adamawa,District3,3,3,0,0.0,16.69,27.0,87.7,2026-08-14 10:21:17
2025-01-07,Adamawa,District4,0,2,0,0.0,17.93,29.0,80.7,2026-08-14 10:21:17
2025-01-07,Adamawa,District5,2,5,0,0.0,17.83,34.1,71.5,2026-08-14 10:21:17
2025-01-07,Adamawa,District6,0,3,0,0.0,6.46,33.5,76.5,2026-08-14 10:21:17
2025-01-07,Adamawa,District7,0,3,0,0.0,12.59,20.4,69.7,2026-08-14 10:21:17
2025-01-07,Adamawa,District8,0,1,0,0.0,8.81,27.8,61.2,2026-08-14 10:21:17
2025-01-07,Adamawa,District9,0,2,0,0.0,6.08,22.9,83.4,2026-08-14 10:21:17
2025-01-07,Adamawa,District10,0,0,0,0.0,13.13,28.9,64.5,2026-08-14 10:21:17
2025-01-07,Centre,District1,0,3,0,0.0,17.41,28.4,67.3,2026-08-14 10:21:17
2025-01-07,Centre,District2,0,5,0,0.0,5.26,30.6,66.4,2026-08-14 10:21:17
2025-01-07,Centre,District3,0,3,0,0.0,16.44,30.0,80.2,2026-08-14 10:21:17
2025-01-07,Centre,District4,0,2,0,0.0,5.54,26.8,85.0,2026-08-14 10:21:17
2025-01-07,Centre,District5,0,3,0,0.0,12.05,30.0,71.3,2026-08-14 10:21:17
2025-01-07,Centre,District6,0,2,0,0.0,10.68,29.8,52.5,2026-08-14 10:21:17
2025-01-07,Centre,District7,0,0,0,0.0,2.55,33.2,68.1,2026-08-14 10:21:17
2025-01-07,Centre,District8,0,3,0,0.0,1.69,33.4,79.0,2026-08-14 10:21:17
2025-01-07,Centre,District9,0,2,0,0.0,5.33,30.7,54.9,2026-08-14 10:21:17
2025-01-07,Centre,District10,0,1,0,0.0,17.24,29.5,81.3,2026-08-14 10:21:17
2025-01-07,East,District1,1,5,1,100.0,7.42,29.4,70.2,2026-08-14 10:21:17
2025-01-07,East,District2,0,3,0,0.0,19.16,28.7,59.1,2026-08-14 10:21:17
2025-01-07,East,District3,0,2,0,0.0,16.86,34.3,89.7,2026-08-14 10:21:17
2025-01-07,East,District4,0,4,0,0.0,17.13,22.4,54.9,2026-08-14 10:21:17
2025-01-07,East,District5,2,0,0,0.0,6.28,31.8,64.0,2026-08-14 10:21:17
2025-01-07,East,District6,1,4,0,0.0,8.76,29.0,59.4,2026-08-14 10:21:17
2025-01-07,East,District7,0,2,0,0.0,8.39,25.4,59.0,2026-08-14 10:21:17
2025-01-07,East,District8,0,4,0,0.0,0.5,32.6,74.4,2026-08-14 10:21:17
2025-01-07,East,District9,0,3,0,0.0,15.19,27.9,87.7,2026-08-14 10:21:17
2025-01-07,East,District10,0,1,0,0.0,7.51,21.5,74.0,2026-08-14 10:21:17
2025-01-07,Far North,District1,0,1,0,0.0,7.07,34.7,59.5,2026-08-14 10:21:17
2025-01-07,Far North,District2,0,0,0,0.0,18.81,27.7,65.5,2026-08-14 10:21:17
2025-01-07,Far North,District3,0,4,0,0.0,18.05,28.3,72.6,2026-08-14 10:21:17
2025-01-07,Far North,District4,1,4,1,100.0,16.74,31.3,83.7,2026-08-14 10:21:17
2025-01-07,Far North,District5,0,2,0,0.0,3.14,29.6,78.4,2026-08-14 10:21:17
2025-01-07,Far North,District6,0,1,0,0.0,17.36,29.4,79.4,2026-08-14 10:21:17
2025-01-07,Far North,District7,0,4,0,0.0,17.14,25.3,60.9,2026-08-14 10:21:17
2025-01-07,Far North,District8,3,2,1,33.33,14.36,31.5,65.4,2026-08-14 10:21:17
2025-01-07,Far North,District9,0,5,0,0.0,18.2,34.2,58.5,2026-08-14 10:21:17
2025-01-07,Far North,District10,0,5,0,0.0,8.7,31.7,77.8,2026-08-14 10:21:17
2025-01-07,Littoral,District1,0,5,0,0.0,19.86,30.0,89.9,2026-08-14 10:21:17
2025-01-07,Littoral,District2,0,3,0,0.0,10.13,28.9,55.7,2026-08-14 10:21:17
2025-01-07,Littoral,District3,1,4,0,0.0,8.81,22.1,68.6,2026-08-14 10:21:17
2025-01-07,Littoral,District4,0,1,0,0.0,14.83,26.4,68.7,2026-08-14 10:21:17
2025-01-07,Littoral,District5,0,1,0,0.0,9.35,25.0,56.0,2026-08-14 10:21:17
2025-01-07,Littoral,District6,3,5,1,33.33,8.43,24.6,50.9,2026-08-14 10:21:17
2025-01-07,Littoral,District7,1,1,0,0.0,1.66,34.8,62.6,2026-08-14 10:21:17
2025-01-07,Littoral,District8,0,5,0,0.0,2.15,25.3,53.5,2026-08-14 10:21:17
2025-01-07,Littoral,District9,2,3,0,0.0,14.01,28.2,50.4,2026-08-14 10:21:17
2025-01-07,Littoral,District10,0,3,0,0.0,16.74,30.1,65.0,2026-08-14 10:21:17
2025-01-07,North,District1,0,3,0,0.0,15.45,23.6,69.0,2026-08-14 10:21:17
2025-01-07,North,District2,0,5,0,0.0,8.59,27.2,78.0,2026-08-14 10:21:17
2025-01-07,North,District3,0,5,0,0.0,19.47,34.7,68.6,2026-08-14 10:21:17
2025-01-07,North,District4,0,1,0,0.0,1.1,21.1,73.2,2026-08-14 10:21:17
2025-01-07,North,District5,0,5,0,0.0,9.61,22.9,69.2,2026-08-14 10:21:17
2025-01-07,North,District6,0,1,0,0.0,4.49,24.3,82.2,2026-08-14 10:21:17
2025-01-07,North,District7,0,2,0,0.0,10.86,31.1,54.4,2026-08-14 10:21:17
2025-01-07,North,District8,0,1,0,0.0,13.16,33.9,75.2,2026-08-14 10:21:17
2025-01-07,North,District9,0,4,0,0.0,17.96,30.3,50.9,2026-08-14 10:21:17
2025-01-07,North,District10,2,2,0,0.0,19.0,34.2,52.9,2026-08-14 10:21:17
2025-01-07,North-West,District1,1,2,1,100.0,10.34,28.3,64.2,2026-08-14 10:21:17
2025-01-07,North-West,District2,0,1,0,0.0,17.54,28.6,68.8,2026-08-14 10:21:17
2025-01-07,North-West,District3,0,1,0,0.0,9.39,26.6,66.3,2026-08-14 10:21:17
2025-01-07,North-West,District4,0,0,0,0.0,13.15,29.6,71.1,2026-08-14 10:21:17
2025-01-07,North-West,District5,0,3,0,0.0,3.08,25.9,62.2,2026-08-14 10:21:17
2025-01-07,North-West,District6,0,1,0,0.0,9.31,20.7,66.8,2026-08-14 10:21:17
2025-01-07,North-West,District7,2,0,0,0.0,12.33,31.2,53.7,2026-08-14 10:21:17
2025-01-07,North-West,District8,0,2,0,0.0,11.86,34.2,62.5,2026-08-14 10:21:17
2025-01-07,North-West,District9,0,3,0,0.0,18.41,29.5,71.9,2026-08-14 10:21:17
2025-01-07,North-West,District10,0,4,0,0.0,6.18,21.4,73.0,2026-08-14 10:21:17
2025-01-07,South,District1,0,2,0,0.0,19.0,22.9,52.9,2026-08-14 10:21:17
2025-01-07,South,District2,0,0,0,0.0,16.41,23.0,89.6,2026-08-14 10:21:17
2025-01-07,South,District3,0,4,0,0.0,8.09,32.0,57.8,2026-08-14 10:21:17
2025-01-07,South,District4,0,1,0,0.0,13.65,32.9,73.5,2026-08-14 10:21:17
2025-01-07,South,District5,0,5,0,0.0,0.39,29.3,80.7,2026-08-14 10:21:17
2025-01-07,South,District6,1,0,0,0.0,12.77,25.1,50.9,2026-08-14 10:21:17
2025-01-07,South,District7,0,2,0,0.0,4.46,33.3,86.8,2026-08-14 10:21:17
2025-01-07,South,District8,2,2,0,0.0,16.07,28.9,55.4,2026-08-14 10:21:17
2025-01-07,South,District9,0,1,0,0.0,9.67,32.7,85.0,2026-08-14 10:21:17
2025-01-07,South,District10,0,4,0,0.0,8.1,22.0,60.1,2026-08-14 10:21:17
2025-01-07,South-West,District1,0,4,0,0.0,5.95,33.2,84.5,2026-08-14 10:21:17
2025-01-07,South-West,District2,0,4,0,0.0,11.86,32.0,77.6,2026-08-14 10:21:17
2025-01-07,South-West,District3,0,3,0,0.0,13.61,31.8,50.5,2026-08-14 10:21:17
2025-01-07,South-West,District4,1,5,0,0.0,15.54,22.5,59.4,2026-08-14 10:21:17
2025-01-07,South-West,District5,0,2,0,0.0,16.27,20.4,78.6,2026-08-14 10:21:17
2025-01-07,South-West,District6,0,5,0,0.0,7.83,27.2,70.3,2026-08-14 10:21:17
2025-01-07,South-West,District7,0,0,0,0.0,14.81,25.6,64.4,2026-08-14 10:21:17
2025-01-07,South-West,District8,0,4,0,0.0,11.31,34.1,65.6,2026-08-14 10:21:17
2025-01-07,South-West,District9,0,1,0,0.0,12.23,31.1,72.0,2026-08-14 10:21:17
2025-01-07,South-West,District10,1,3,1,100.0,7.08,26.1,77.8,2026-08-14 10:21:17
2025-01-07,West,District1,3,0,1,33.33,15.59,21.7,51.6,2026-08-14 10:21:17
2025-01-07,West,District2,3,0,0,0.0,6.95,29.5,52.5,2026-08-14 10:21:17
2025-01-07,West,District3,0,0,0,0.0,15.59,20.8,53.3,2026-08-14 10:21:17
2025-01-07,West,District4,0,3,0,0.0,8.14,21.6,72.2,2026-08-14 10:21:17
2025-01-07,West,District5,1,1,1,100.0,12.54,25.8,57.6,2026-08-14 10:21:17
2025-01-07,West,District6,0,3,0,0.0,7.86,32.8,52.3,2026-08-14 10:21:17
2025-01-07,West,District7,1,4,0,0.0,3.19,20.6,82.4,2026-08-14 10:21:17
2025-01-07,West,District8,0,5,0,0.0,7.87,22.0,58.6,2026-08-14 10:21:17
2025-01-07,West,District9,0,4,0,0.0,7.21,27.4,84.8,2026-08-14 10:21:17
2025-01-07,West,District10,0,5,0,0.0,12.89,29.3,60.6,2026-08-14 10:21:17
2025-02-07,Adamawa,District1,2,2,0,0.0,10.64,21.0,68.6,2026-08-14 10:21:17
2025-02-07,Adamawa,District2,0,4,0,0.0,10.34,21.8,79.2,2026-08-14 10:21:17
2025-02-07,Adamawa,District3,1,2,1,100.0,13.59,24.0,89.8,2026-08-14 10:21:17
2025-02-07,Adamawa,District4,1,4,1,100.0,10.3,29.1,73.2,2026-08-14 10:21:17
2025-02-07,Adamawa,District5,0,5,0,0.0,8.76,32.3,75.4,2026-08-14 10:21:17
2025-02-07,Adamawa,District6,1,4,1,100.0,3.12,23.4,76.9,2026-08-14 10:21:17
2025-02-07,Adamawa,District7,0,5,0,0.0,16.86,34.8,87.1,2026-08-14 10:21:17
2025-02-07,Adamawa,District8,0,1,0,0.0,10.67,26.0,67.6,2026-08-14 10:21:17
2025-02-07,Adamawa,District9,2,1,1,50.0,2.12,29.9,57.4,2026-08-14 10:21:17
2025-02-07,Adamawa,District10,2,1,0,0.0,12.03,33.4,77.9,2026-08-14 10:21:17
2025-02-07,Centre,District1,2,2,1,50.0,9.03,33.8,69.4,2026-08-14 10:21:17
2025-02-07,Centre,District2,0,1,0,0.0,15.41,30.3,85.6,2026-08-14 10:21:17
2025-02-07,Centre,District3,0,3,0,0.0,13.52,34.2,77.2,2026-08-14 10:21:17
2025-02-07,Centre,District4,0,4,0,0.0,14.17,27.6,77.4,2026-08-14 10:21:17
2025-02-07,Centre,District5,3,4,1,33.33,19.17,27.8,71.9,2026-08-14 10:21:17
2025-02-07,Centre,District6,0,1,0,0.0,13.03,24.4,65.3,2026-08-14 10:21:17
2025-02-07,Centre,District7,0,0,0,0.0,1.58,26.1,77.4,2026-08-14 10:21:17
2025-02-07,Centre,District8,0,4,0,0.0,15.71,23.6,77.9,2026-08-14 10:21:17
2025-02-07,Centre,District9,0,4,0,0.0,18.56,27.0,89.5,2026-08-14 10:21:17
2025-02-07,Centre,District10,0,2,0,0.0,12.26,25.5,70.2,2026-08-14 10:21:17
2025-02-07,East,District1,0,4,0,0.0,8.68,28.9,77.8,2026-08-14 10:21:17
2025-02-07,East,District2,2,2,0,0.0,3.88,25.3,61.2,2026-08-14 10:21:17
2025-02-07,East,District3,0,1,0,0.0,12.67,34.3,78.9,2026-08-14 10:21:17
2025-02-07,East,District4,0,5,0,0.0,15.28,31.8,67.5,2026-08-14 10:21:17
2025-02-07,East,District5,0,0,0,0.0,4.37,29.6,53.8,2026-08-14 10:21:17
2025-02-07,East,District6,2,3,1,50.0,18.66,27.0,80.7,2026-08-14 10:21:17
2025-02-07,East,District7,0,1,0,0.0,1.66,22.1,73.5,2026-08-14 10:21:17
2025-02-07,East,District8,0,3,0,0.0,10.4,34.3,64.4,2026-08-14 10:21:17
2025-02-07,East,District9,0,2,0,0.0,17.45,32.6,55.3,2026-08-14 10:21:17
2025-02-07,East,District10,0,4,0,0.0,2.32,21.5,58.7,2026-08-14 10:21:17
2025-02-07,Far North,District1,2,5,0,0.0,18.6,23.2,65.0,2026-08-14 10:21:17
2025-02-07,Far North,District2,3,3,1,33.33,19.62,20.0,64.9,2026-08-14 10:21:17
2025-02-07,Far North,District3,0,2,0,0.0,19.4,32.2,85.5,2026-08-14 10:21:17
2025-02-07,Far North,District4,0,0,0,0.0,3.32,21.5,64.1,2026-08-14 10:21:17
2025-02-07,Far North,District5,0,5,0,0.0,13.59,28.5,63.3,2026-08-14 10:21:17
2025-02-07,Far North,District6,2,1,0,0.0,1.86,32.4,84.9,2026-08-14 10:21:17
2025-02-07,Far North,District7,1,0,1,100.0,12.27,32.4,76.5,2026-08-14 10:21:17
2025-02-07,Far North,District8,0,2,0,0.0,19.3,26.8,59.9,2026-08-14 10:21:17
2025-02-07,Far North,District9,1,3,1,100.0,8.44,33.3,70.2,2026-08-14 10:21:17
2025-02-07,Far North,District10,0,1,0,0.0,18.17,23.9,62.9,2026-08-14 10:21:17
2025-02-07,Littoral,District1,2,1,1,50.0,16.66,24.1,62.7,2026-08-14 10:21:17
2025-02-07,Littoral,District2,1,5,1,100.0,5.41,34.2,74.7,2026-08-14 10:21:17
2025-02-07,Littoral,District3,0,4,0,0.0,11.41,24.1,68.8,2026-08-14 10:21:17
2025-02-07,Littoral,District4,0,4,0,0.0,13.93,30.5,62.4,2026-08-14 10:21:17
2025-02-07,Littoral,District5,0,1,0,0.0,16.08,20.5,85.2,2026-08-14 10:21:17
2025-02-07,Littoral,District6,0,5,0,0.0,14.34,33.2,60.0,2026-08-14 10:21:17
2025-02-07,Littoral,District7,0,0,0,0.0,1.51,26.7,69.5,2026-08-14 10:21:17
2025-02-07,Littoral,District8,0,2,0,0.0,0.1,30.7,53.3,2026-08-14 10:21:17
2025-02-07,Littoral,District9,1,1,0,0.0,1.0,27.4,62.7,2026-08-14 10:21:17
2025-02-07,Littoral,District10,0,0,0,0.0,19.02,20.4,77.2,2026-08-14 10:21:17
2025-02-07,North,District1,1,5,0,0.0,13.29,21.8,55.4,2026-08-14 10:21:17
2025-02-07,North,District2,0,4,0,0.0,14.49,20.7,78.7,2026-08-14 10:21:17
2025-02-07,North,District3,0,3,0,0.0,15.72,34.8,62.3,2026-08-14 10:21:17
2025-02-07,North,District4,0,0,0,0.0,7.78,32.5,56.0,2026-08-14 10:21:17
2025-02-07,North,District5,0,5,0,0.0,2.66,25.2,53.0,2026-08-14 10:21:17
2025-02-07,North,District6,2,5,0,0.0,0.93,22.0,85.9,2026-08-14 10:21:17
2025-02-07,North,District7,0,1,0,0.0,6.58,22.1,70.6,2026-08-14 10:21:17
2025-02-07,North,District8,1,4,1,100.0,19.75,29.2,80.5,2026-08-14 10:21:17
2025-02-07,North,District9,0,4,0,0.0,2.11,22.8,55.9,2026-08-14 10:21:17
2025-02-07,North,District10,0,0,0,0.0,3.3,29.4,63.1,2026-08-14 10:21:17
2025-02-07,North-West,District1,0,2,0,0.0,7.99,26.9,81.8,2026-08-14 10:21:17
2025-02-07,North-West,District2,0,3,0,0.0,5.02,20.1,61.9,2026-08-14 10:21:17
2025-02-07,North-West,District3,2,1,1,50.0,13.47,33.5,68.4,2026-08-14 10:21:17
2025-02-07,North-West,District4,0,4,0,0.0,15.61,31.9,60.8,2026-08-14 10:21:17
2025-02-07,North-West,District5,0,5,0,0.0,6.11,23.9,84.1,2026-08-14 10:21:17
2025-02-07,North-West,District6,1,1,0,0.0,5.4,21.8,69.2,2026-08-14 10:21:17
2025-02-07,North-West,District7,0,1,0,0.0,19.14,23.7,82.4,2026-08-14 10:21:17
2025-02-07,North-West,District8,1,2,0,0.0,19.34,28.3,65.5,2026-08-14 10:21:17
2025-02-07,North-West,District9,0,3,0,0.0,10.08,22.1,69.8,2026-08-14 10:21:17
2025-02-07,North-West,District10,0,3,0,0.0,11.55,31.7,79.4,2026-08-14 10:21:17
2025-02-07,South,District1,2,5,1,50.0,13.53,25.1,68.3,2026-08-14 10:21:17
2025-02-07,South,District2,0,5,0,0.0,13.15,25.5,60.8,2026-08-14 10:21:17
2025-02-07,South,District3,0,3,0,0.0,3.33,33.1,86.0,2026-08-14 10:21:17
2025-02-07,South,District4,0,5,0,0.0,7.03,28.9,87.4,2026-08-14 10:21:17
2025-02-07,South,District5,1,1,1,100.0,5.24,31.8,67.9,2026-08-14 10:21:17
2025-02-07,South,District6,0,2,0,0.0,12.51,21.9,88.7,2026-08-14 10:21:17
2025-02-07,South,District7,0,3,0,0.0,9.02,26.4,88.9,2026-08-14 10:21:17
2025-02-07,South,District8,0,5,0,0.0,1.62,33.0,60.5,2026-08-14 10:21:17
2025-02-07,South,District9,0,2,0,0.0,5.59,30.9,58.0,2026-08-14 10:21:17
2025-02-07,South,District10,0,5,0,0.0,0.77,29.0,64.1,2026-08-14 10:21:17
2025-02-07,South-West,District1,0,0,0,0.0,19.86,22.3,83.0,2026-08-14 10:21:17
2025-02-07,South-West,District2,3,5,1,33.33,7.86,23.2,88.6,2026-08-14 10:21:17
2025-02-07,South-West,District3,0,3,0,0.0,16.11,32.5,62.7,2026-08-14 10:21:17
2025-02-07,South-West,District4,0,4,0,0.0,9.83,22.5,84.1,2026-08-14 10:21:17
2025-02-07,South-West,District5,0,0,0,0.0,13.93,25.5,76.5,2026-08-14 10:21:17
2025-02-07,South-West,District6,0,4,0,0.0,0.96,34.5,89.8,2026-08-14 10:21:17
2025-02-07,South-West,District7,1,0,0,0.0,0.08,25.8,63.3,2026-08-14 10:21:17
2025-02-07,South-West,District8,0,1,0,0.0,6.93,26.7,65.4,2026-08-14 10:21:17
2025-02-07,South-West,District9,0,3,0,0.0,18.72,29.9,68.9,2026-08-14 10:21:17
2025-02-07,South-West,District10,2,2,1,50.0,15.54,29.7,83.6,2026-08-14 10:21:17
2025-02-07,West,District1,0,5,0,0.0,8.03,30.6,78.1,2026-08-14 10:21:17
2025-02-07,West,District2,0,5,0,0.0,2.26,20.9,67.3,2026-08-14 10:21:17
2025-02-07,West,District3,2,0,0,0.0,5.67,29.8,67.2,2026-08-14 10:21:17
2025-02-07,West,District4,1,5,1,100.0,19.01,26.2,67.8,2026-08-14 10:21:17
2025-02-07,West,District5,0,2,0,0.0,8.17,24.7,61.1,2026-08-14 10:21:17
2025-02-07,West,District6,0,2,0,0.0,1.67,22.0,74.6,2026-08-14 10:21:17
2025-02-07,West,District7,0,4,0,0.0,18.41,23.7,56.5,2026-08-14 10:21:17
2025-02-07,West,District8,2,3,0,0.0,19.3,25.0,86.6,2026-08-14 10:21:17
2025-02-07,West,District9,0,2,0,0.0,16.79,27.2,64.9,2026-08-14 10:21:17
2025-02-07,West,District10,0,1,0,0.0,1.63,28.5,60.4,2026-08-14 10:21:17
2025-02-26,Adamawa,District1,3,4,1,33.33,1.38,22.2,52.8,2026-08-14 10:21:17
2025-02-26,Adamawa,District2,0,3,0,0.0,5.68,25.8,77.4,2026-08-14 10:21:17
2025-02-26,Adamawa,District3,0,5,0,0.0,10.65,35.0,85.4,2026-08-14 10:21:17
2025-02-26,Adamawa,District4,1,1,0,0.0,10.98,20.4,79.6,2026-08-14 10:21:17
2025-02-26,Adamawa,District5,0,5,0,0.0,8.71,22.3,79.2,2026-08-14 10:21:17
2025-02-26,Adamawa,District6,0,0,0,0.0,0.97,21.4,81.4,2026-08-14 10:21:17
2025-02-26,Adamawa,District7,1,1,1,100.0,19.29,28.8,60.8,2026-08-14 10:21:17
2025-02-26,Adamawa,District8,0,1,0,0.0,4.27,29.2,57.9,2026-08-14 10:21:17
2025-02-26,Adamawa,District9,0,1,0,0.0,18.02,33.8,84.2,2026-08-14 10:21:17
2025-02-26,Adamawa,District10,1,5,0,0.0,3.32,31.5,83.6,2026-08-14 10:21:17
2025-02-26,Centre,District1,0,5,0,0.0,4.61,23.8,78.8,2026-08-14 10:21:17
2025-02-26,Centre,District2,3,5,1,33.33,1.16,28.8,55.5,2026-08-14 10:21:17
2025-02-26,Centre,District3,0,0,0,0.0,14.39,28.2,50.1,2026-08-14 10:21:17
2025-02-26,Centre,District4,1,1,1,100.0,16.51,26.9,66.3,2026-08-14 10:21:17
2025-02-26,Centre,District5,1,0,1,100.0,17.22,27.4,79.7,2026-08-14 10:21:17
2025-02-26,Centre,District6,0,4,0,0.0,16.84,32.0,55.4,2026-08-14 10:21:17
2025-02-26,Centre,District7,0,2,0,0.0,0.7,29.1,76.2,2026-08-14 10:21:17
2025-02-26,Centre,District8,0,0,0,0.0,4.06,26.4,87.1,2026-08-14 10:21:17
2025-02-26,Centre,District9,0,0,0,0.0,18.25,23.8,60.0,2026-08-14 10:21:17
2025-02-26,Centre,District10,0,5,0,0.0,15.33,33.3,61.5,2026-08-14 10:21:17
2025-02-26,East,District1,1,0,1,100.0,15.59,29.3,75.6,2026-08-14 10:21:17
2025-02-26,East,District2,1,4,0,0.0,14.97,28.9,71.8,2026-08-14 10:21:17
2025-02-26,East,District3,0,2,0,0.0,0.87,21.0,82.6,2026-08-14 10:21:17
2025-02-26,East,District4,3,2,0,0.0,14.75,33.9,57.2,2026-08-14 10:21:17
2025-02-26,East,District5,0,2,0,0.0,17.57,33.5,68.9,2026-08-14 10:21:17
2025-02-26,East,District6,0,1,0,0.0,16.79,30.7,52.5,2026-08-14 10:21:17
2025-02-26,East,District7,0,1,0,0.0,10.58,26.4,65.8,2026-08-14 10:21:17
2025-02-26,East,District8,0,5,0,0.0,5.09,33.6,73.9,2026-08-14 10:21:17
2025-02-26,East,District9,0,5,0,0.0,7.6,29.6,70.1,2026-08-14 10:21:17
2025-02-26,East,District10,0,4,0,0.0,5.18,27.3,80.1,2026-08-14 10:21:17
2025-02-26,Far North,District1,0,0,0,0.0,10.03,35.0,89.6,2026-08-14 10:21:17
2025-02-26,Far North,District2,0,1,0,0.0,9.27,27.6,81.5,2026-08-14 10:21:17
2025-02-26,Far North,District3,0,1,0,0.0,16.89,28.3,81.8,2026-08-14 10:21:17
2025-02-26,Far North,District4,1,1,1,100.0,17.27,27.9,75.8,2026-08-14 10:21:17
2025-02-26,Far North,District5,1,1,0,0.0,3.11,34.9,79.6,2026-08-14 10:21:17
2025-02-26,Far North,District6,0,5,0,0.0,12.34,21.4,50.1,2026-08-14 10:21:17
2025-02-26,Far North,District7,0,0,0,0.0,7.21,23.4,54.8,2026-08-14 10:21:17
2025-02-26,Far North,District8,0,2,0,0.0,8.81,34.6,81.1,2026-08-14 10:21:17
2025-02-26,Far North,District9,1,0,1,100.0,15.81,25.1,81.0,2026-08-14 10:21:17
2025-02-26,Far North,District10,0,1,0,0.0,3.62,20.6,85.0,2026-08-14 10:21:17
2025-02-26,Littoral,District1,0,0,0,0.0,1.65,27.9,56.8,2026-08-14 10:21:17
2025-02-26,Littoral,District2,0,0,0,0.0,10.49,20.3,51.3,2026-08-14 10:21:17
2025-02-26,Littoral,District3,2,3,0,0.0,8.37,20.4,70.4,2026-08-14 10:21:17
2025-02-26,Littoral,District4,0,5,0,0.0,8.09,30.2,51.3,2026-08-14 10:21:17
2025-02-26,Littoral,District5,0,4,0,0.0,8.07,21.4,59.0,2026-08-14 10:21:17
2025-02-26,Littoral,District6,0,1,0,0.0,11.96,29.4,61.0,2026-08-14 10:21:17
2025-02-26,Littoral,District7,1,1,1,100.0,11.54,24.5,80.0,2026-08-14 10:21:17
2025-02-26,Littoral,District8,0,1,0,0.0,12.89,23.5,55.9,2026-08-14 10:21:17
2025-02-26,Littoral,District9,0,0,0,0.0,13.07,24.7,61.4,2026-08-14 10:21:17
2025-02-26,Littoral,District10,0,5,0,0.0,3.18,21.9,72.7,2026-08-14 10:21:17
2025-02-26,North,District1,1,1,1,100.0,1.19,26.6,85.8,2026-08-14 10:21:17
2025-02-26,North,District2,2,2,0,0.0,11.55,21.4,59.2,2026-08-14 10:21:17
2025-02-26,North,District3,0,4,0,0.0,10.13,33.2,84.7,2026-08-14 10:21:17
2025-02-26,North,District4,2,2,1,50.0,11.42,22.8,72.1,2026-08-14 10:21:17
2025-02-26,North,District5,0,5,0,0.0,3.81,32.2,57.8,2026-08-14 10:21:17
2025-02-26,North,District6,0,4,0,0.0,8.92,34.5,87.4,2026-08-14 10:21:17
2025-02-26,North,District7,0,1,0,0.0,2.97,31.7,84.5,2026-08-14 10:21:17
2025-02-26,North,District8,2,2,0,0.0,5.05,29.6,88.3,2026-08-14 10:21:17
2025-02-26,North,District9,0,3,0,0.0,19.42,29.4,80.6,2026-08-14 10:21:17
2025-02-26,North,District10,0,2,0,0.0,4.38,31.5,68.6,2026-08-14 10:21:17
2025-02-26,North-West,District1,2,5,0,0.0,6.37,23.1,78.4,2026-08-14 10:21:17
2025-02-26,North-West,District2,0,3,0,0.0,12.33,23.4,80.6,2026-08-14 10:21:17
2025-02-26,North-West,District3,0,2,0,0.0,17.06,25.8,59.5,2026-08-14 10:21:17
2025-02-26,North-West,District4,0,5,0,0.0,10.01,24.6,63.4,2026-08-14 10:21:17
2025-02-26,North-West,District5,0,0,0,0.0,9.75,23.0,51.1,2026-08-14 10:21:17
2025-02-26,North-West,District6,1,0,1,100.0,12.76,31.3,52.9,2026-08-14 10:21:17
2025-02-26,North-West,District7,0,4,0,0.0,16.7,29.7,86.1,2026-08-14 10:21:17
2025-02-26,North-West,District8,0,2,0,0.0,1.5,29.5,79.6,2026-08-14 10:21:17
2025-02-26,North-West,District9,3,5,1,33.33,1.7,26.0,85.8,2026-08-14 10:21:17
2025-02-26,North-West,District10,0,1,0,0.0,8.0,23.2,72.3,2026-08-14 10:21:17
2025-02-26,South,District1,3,5,1,33.33,7.34,27.2,87.1,2026-08-14 10:21:17
2025-02-26,South,District2,0,1,0,0.0,10.48,26.3,67.6,2026-08-14 10:21:17
2025-02-26,South,District3,2,2,1,50.0,14.64,31.6,58.4,2026-08-14 10:21:17
2025-02-26,South,District4,0,4,0,0.0,19.67,28.7,78.5,2026-08-14 10:21:17
2025-02-26,South,District5,1,5,0,0.0,18.81,31.8,80.6,2026-08-14 10:21:17
2025-02-26,South,District6,0,5,0,0.0,3.36,26.8,71.1,2026-08-14 10:21:17
2025-02-26,South,District7,0,4,0,0.0,12.02,33.0,83.7,2026-08-14 10:21:17
2025-02-26,South,District8,0,5,0,0.0,1.87,31.1,85.3,2026-08-14 10:21:17
2025-02-26,South,District9,0,1,0,0.0,19.66,34.2,69.7,2026-08-14 10:21:17
2025-02-26,South,District10,2,3,1,50.0,19.48,30.5,87.0,2026-08-14 10:21:17
2025-02-26,South-West,District1,1,0,1,100.0,7.87,20.4,79.4,2026-08-14 10:21:17
2025-02-26,South-West,District2,0,5,0,0.0,11.29,24.7,58.9,2026-08-14 10:21:17
2025-02-26,South-West,District3,0,0,0,0.0,11.2,32.4,89.0,2026-08-14 10:21:17
2025-02-26,South-West,District4,0,1,0,0.0,7.47,26.5,85.6,2026-08-14 10:21:17
2025-02-26,South-West,District5,0,3,0,0.0,13.26,24.2,84.1,2026-08-14 10:21:17
2025-02-26,South-West,District6,2,0,1,50.0,7.78,20.4,80.3,2026-08-14 10:21:17
2025-02-26,South-West,District7,0,5,0,0.0,9.08,33.3,76.1,2026-08-14 10:21:17
2025-02-26,South-West,District8,0,4,0,0.0,18.91,26.0,71.0,2026-08-14 10:21:17
2025-02-26,South-West,District9,2,4,0,0.0,10.45,21.8,84.2,2026-08-14 10:21:17
2025-02-26,South-West,District10,0,4,0,0.0,12.45,31.5,74.2,2026-08-14 10:21:17
2025-02-26,West,District1,0,0,0,0.0,17.8,32.3,70.4,2026-08-14 10:21:17
2025-02-26,West,District2,1,5,1,100.0,12.18,20.1,60.9,2026-08-14 10:21:17
2025-02-26,West,District3,0,4,0,0.0,14.39,22.2,83.7,2026-08-14 10:21:17
2025-02-26,West,District4,0,2,0,0.0,17.62,27.3,61.8,2026-08-14 10:21:17
2025-02-26,West,District5,0,0,0,0.0,16.19,29.5,84.8,2026-08-14 10:21:17
2025-02-26,West,District6,0,1,0,0.0,14.69,28.1,52.3,2026-08-14 10:21:17
2025-02-26,West,District7,0,1,0,0.0,6.92,23.2,74.7,2026-08-14 10:21:17
2025-02-26,West,District8,3,4,1,33.33,9.78,26.1,64.8,2026-08-14 10:21:17
2025-02-26,West,District9,2,2,0,0.0,16.38,31.1,84.1,2026-08-14 10:21:17
2025-02-26,West,District10,0,5,0,0.0,4.29,22.5,52.3,2026-08-14 10:21:17
2025-02-04,Adamawa,District1,0,2,0,0.0,10.42,24.6,77.4,2026-08-14 10:21:17
2025-02-04,Adamawa,District2,0,5,0,0.0,16.01,20.4,57.8,2026-08-14 10:21:17
2025-02-04,Adamawa,District3,0,1,0,0.0,9.67,27.9,63.7,2026-08-14 10:21:17
2025-02-04,Adamawa,District4,0,1,0,0.0,15.02,26.1,84.9,2026-08-14 10:21:17
2025-02-04,Adamawa,District5,0,3,0,0.0,5.06,28.6,87.6,2026-08-14 10:21:17
2025-02-04,Adamawa,District6,0,4,0,0.0,14.66,33.2,75.3,2026-08-14 10:21:17
2025-02-04,Adamawa,District7,0,4,0,0.0,5.82,31.6,68.4,2026-08-14 10:21:17
2025-02-04,Adamawa,District8,2,4,1,50.0,15.1,20.9,50.5,2026-08-14 10:21:17
2025-02-04,Adamawa,District9,0,4,0,0.0,5.25,20.4,60.8,2026-08-14 10:21:17
2025-02-04,Adamawa,District10,0,4,0,0.0,15.67,25.9,88.2,2026-08-14 10:21:17
2025-02-04,Centre,District1,0,1,0,0.0,18.47,30.9,64.8,2026-08-14 10:21:17
2025-02-04,Centre,District2,0,4,0,0.0,0.89,24.8,57.3,2026-08-14 10:21:17
2025-02-04,Centre,District3,0,5,0,0.0,4.33,20.4,81.2,2026-08-14 10:21:17
2025-02-04,Centre,District4,1,3,1,100.0,15.71,30.1,81.3,2026-08-14 10:21:17
2025-02-04,Centre,District5,1,4,1,100.0,16.02,23.0,69.2,2026-08-14 10:21:17
2025-02-04,Centre,District6,0,0,0,0.0,6.42,32.5,77.9,2026-08-14 10:21:17
2025-02-04,Centre,District7,3,4,0,0.0,19.44,24.2,76.6,2026-08-14 10:21:17
2025-02-04,Centre,District8,2,1,1,50.0,15.41,34.4,77.4,2026-08-14 10:21:17
2025-02-04,Centre,District9,0,4,0,0.0,0.12,21.8,78.6,2026-08-14 10:21:17
2025-02-04,Centre,District10,0,1,0,0.0,10.95,33.5,88.0,2026-08-14 10:21:17
2025-02-04,East,District1,0,4,0,0.0,1.73,32.2,74.0,2026-08-14 10:21:17
2025-02-04,East,District2,0,3,0,0.0,10.11,24.6,67.8,2026-08-14 10:21:17
2025-02-04,East,District3,0,1,0,0.0,15.41,28.2,83.6,2026-08-14 10:21:17
2025-02-04,East,District4,0,4,0,0.0,1.18,23.4,84.3,2026-08-14 10:21:17
2025-02-04,East,District5,0,5,0,0.0,3.02,25.7,76.4,2026-08-14 10:21:17
2025-02-04,East,District6,0,2,0,0.0,5.94,24.6,50.9,2026-08-14 10:21:17
2025-02-04,East,District7,0,3,0,0.0,5.87,31.3,85.8,2026-08-14 10:21:17
2025-02-04,East,District8,2,1,0,0.0,1.22,20.6,65.7,2026-08-14 10:21:17
2025-02-04,East,District9,1,4,0,0.0,15.87,21.3,70.7,2026-08-14 10:21:17
2025-02-04,East,District10,2,2,1,50.0,3.51,28.8,61.3,2026-08-14 10:21:17
2025-02-04,Far North,District1,0,0,0,0.0,7.19,21.1,82.3,2026-08-14 10:21:17
2025-02-04,Far North,District2,1,3,1,100.0,10.71,27.5,79.3,2026-08-14 10:21:17
2025-02-04,Far North,District3,0,0,0,0.0,15.72,26.0,70.6,2026-08-14 10:21:17
2025-02-04,Far North,District4,2,3,0,0.0,16.04,34.6,79.8,2026-08-14 10:21:17
2025-02-04,Far North,District5,2,5,0,0.0,16.3,28.3,80.2,2026-08-14 10:21:17
2025-02-04,Far North,District6,0,4,0,0.0,10.48,31.7,64.5,2026-08-14 10:21:17
2025-02-04,Far North,District7,0,5,0,0.0,12.02,24.9,51.7,2026-08-14 10:21:17
2025-02-04,Far North,District8,0,5,0,0.0,17.4,28.4,71.7,2026-08-14 10:21:17
2025-02-04,Far North,District9,0,3,0,0.0,10.62,21.0,80.3,2026-08-14 10:21:17
2025-02-04,Far North,District10,0,1,0,0.0,14.5,26.7,87.7,2026-08-14 10:21:17
2025-02-04,Littoral,District1,0,4,0,0.0,4.26,26.6,53.1,2026-08-14 10:21:17
2025-02-04,Littoral,District2,0,1,0,0.0,13.84,21.9,55.7,2026-08-14 10:21:17
2025-02-04,Littoral,District3,0,1,0,0.0,13.26,32.2,69.7,2026-08-14 10:21:17
2025-02-04,Littoral,District4,2,5,0,0.0,1.6,34.7,68.8,2026-08-14 10:21:17
2025-02-04,Littoral,District5,0,2,0,0.0,7.48,30.5,61.2,2026-08-14 10:21:17
2025-02-04,Littoral,District6,0,0,0,0.0,17.9,22.8,81.0,2026-08-14 10:21:17
2025-02-04,Littoral,District7,0,3,0,0.0,9.78,24.4,52.3,2026-08-14 10:21:17
2025-02-04,Littoral,District8,0,2,0,0.0,0.03,20.6,76.6,2026-08-14 10:21:17
2025-02-04,Littoral,District9,0,0,0,0.0,19.8,33.5,54.8,2026-08-14 10:21:17
2025-02-04,Littoral,District10,0,1,0,0.0,5.32,33.2,87.2,2026-08-14 10:21:17
2025-02-04,North,District1,0,0,0,0.0,8.99,29.0,80.9,2026-08-14 10:21:17
2025-02-04,North,District2,0,1,0,0.0,3.2,21.8,51.3,2026-08-14 10:21:17
2025-02-04,North,District3,0,4,0,0.0,0.17,27.0,58.9,2026-08-14 10:21:17
2025-02-04,North,District4,0,4,0,0.0,19.97,25.2,75.1,2026-08-14 10:21:17
2025-02-04,North,District5,3,4,1,33.33,1.72,34.0,77.7,2026-08-14 10:21:17
2025-02-04,North,District6,1,5,1,100.0,6.35,23.6,56.7,2026-08-14 10:21:17
2025-02-04,North,District7,0,2,0,0.0,18.37,22.9,52.7,2026-08-14 10:21:17
2025-02-04,North,District8,0,2,0,0.0,3.34,30.9,89.4,2026-08-14 10:21:17
2025-02-04,North,District9,0,4,0,0.0,13.43,20.8,79.4,2026-08-14 10:21:17
2025-02-04,North,District10,0,2,0,0.0,17.74,24.2,81.2,2026-08-14 10:21:17
2025-02-04,North-West,District1,0,4,0,0.0,10.59,29.2,88.1,2026-08-14 10:21:17
2025-02-04,North-West,District2,1,5,0,0.0,19.95,22.0,80.8,2026-08-14 10:21:17
2025-02-04,North-West,District3,0,5,0,0.0,14.2,33.5,51.3,2026-08-14 10:21:17
2025-02-04,North-West,District4,0,2,0,0.0,4.0,21.9,71.1,2026-08-14 10:21:17
2025-02-04,North-West,District5,0,1,0,0.0,18.41,23.1,80.5,2026-08-14 10:21:17
2025-02-04,North-West,District6,2,2,1,50.0,2.95,29.8,85.5,2026-08-14 10:21:17
2025-02-04,North-West,District7,3,5,1,33.33,14.21,26.2,74.1,2026-08-14 10:21:17
2025-02-04,North-West,District8,2,0,1,50.0,0.06,27.6,58.1,2026-08-14 10:21:17
2025-02-04,North-West,District9,1,1,0,0.0,13.89,21.3,57.6,2026-08-14 10:21:17
2025-02-04,North-West,District10,0,4,0,0.0,9.65,21.4,88.4,2026-08-14 10:21:17
2025-02-04,South,District1,0,1,0,0.0,1.63,29.9,62.0,2026-08-14 10:21:17
2025-02-04,South,District2,3,0,0,0.0,7.53,21.9,71.1,2026-08-14 10:21:17
2025-02-04,South,District3,0,4,0,0.0,13.46,21.8,69.6,2026-08-14 10:21:17
2025-02-04,South,District4,3,3,0,0.0,4.34,27.1,87.8,2026-08-14 10:21:17
2025-02-04,South,District5,3,3,1,33.33,10.19,24.8,63.6,2026-08-14 10:21:17
2025-02-04,South,District6,1,3,0,0.0,5.61,29.1,52.2,2026-08-14 10:21:17
2025-02-04,South,District7,0,4,0,0.0,15.94,30.4,59.5,2026-08-14 10:21:17
2025-02-04,South,District8,1,3,0,0.0,18.24,30.6,76.9,2026-08-14 10:21:17
2025-02-04,South,District9,0,2,0,0.0,17.35,29.7,79.0,2026-08-14 10:21:17
2025-02-04,South,District10,0,0,0,0.0,8.42,32.3,72.6,2026-08-14 10:21:17
2025-02-04,South-West,District1,3,2,0,0.0,1.67,31.8,65.2,2026-08-14 10:21:17
2025-02-04,South-West,District2,0,4,0,0.0,13.62,24.2,83.5,2026-08-14 10:21:17
2025-02-04,South-West,District3,0,4,0,0.0,4.83,33.9,86.3,2026-08-14 10:21:17
2025-02-04,South-West,District4,1,4,0,0.0,11.87,24.9,66.8,2026-08-14 10:21:17
2025-02-04,South-West,District5,0,4,0,0.0,11.05,33.6,73.0,2026-08-14 10:21:17
2025-02-04,South-West,District6,0,5,0,0.0,9.31,32.5,88.1,2026-08-14 10:21:17
2025-02-04,South-West,District7,0,0,0,0.0,15.08,31.0,84.6,2026-08-14 10:21:17
2025-02-04,South-West,District8,3,1,0,0.0,12.95,26.1,57.6,2026-08-14 10:21:17
2025-02-04,South-West,District9,3,5,1,33.33,0.16,24.2,57.2,2026-08-14 10:21:17
2025-02-04,South-West,District10,0,2,0,0.0,3.83,22.6,81.0,2026-08-14 10:21:17
2025-02-04,West,District1,3,4,1,33.33,11.27,21.4,79.5,2026-08-14 10:21:17
2025-02-04,West,District2,0,0,0,0.0,7.8,26.3,54.4,2026-08-14 10:21:17
2025-02-04,West,District3,2,0,1,50.0,6.63,25.6,69.2,2026-08-14 10:21:17
2025-02-04,West,District4,0,4,0,0.0,13.14,21.5,74.8,2026-08-14 10:21:17
2025-02-04,West,District5,0,4,0,0.0,0.75,22.2,61.1,2026-08-14 10:21:17
2025-02-04,West,District6,0,5,0,0.0,18.17,26.4,87.7,2026-08-14 10:21:17
2025-02-04,West,District7,1,0,1,100.0,12.29,22.9,84.9,2026-08-14 10:21:17
2025-02-04,West,District8,0,0,0,0.0,6.75,27.9,89.7,2026-08-14 10:21:17
2025-02-04,West,District9,1,0,0,0.0,6.96,34.9,73.0,2026-08-14 10:21:17
2025-02-04,West,District10,1,0,0,0.0,18.23,29.9,56.4,2026-08-14 10:21:17
2025-02-02,Adamawa,District1,2,4,0,0.0,15.65,29.9,70.4,2026-08-14 10:21:17
2025-02-02,Adamawa,District2,0,0,0,0.0,16.07,27.5,89.9,2026-08-14 10:21:17
2025-02-02,Adamawa,District3,0,4,0,0.0,8.42,25.8,66.4,2026-08-14 10:21:17
2025-02-02,Adamawa,District4,3,1,0,0.0,13.69,27.2,84.9,2026-08-14 10:21:17
2025-02-02,Adamawa,District5,1,5,1,100.0,7.94,21.7,56.3,2026-08-14 10:21:17
2025-02-02,Adamawa,District6,0,3,0,0.0,17.2,32.9,88.4,2026-08-14 10:21:17
2025-02-02,Adamawa,District7,3,5,1,33.33,3.44,30.1,68.3,2026-08-14 10:21:17
2025-02-02,Adamawa,District8,0,1,0,0.0,0.29,20.7,80.2,2026-08-14 10:21:17
2025-02-02,Adamawa,District9,2,5,1,50.0,6.64,32.8,67.1,2026-08-14 10:21:17
2025-02-02,Adamawa,District10,1,1,0,0.0,1.77,29.4,79.7,2026-08-14 10:21:17
2025-02-02,Centre,District1,0,3,0,0.0,14.45,20.7,73.1,2026-08-14 10:21:17
2025-02-02,Centre,District2,0,4,0,0.0,2.97,33.4,52.3,2026-08-14 10:21:17
2025-02-02,Centre,District3,0,5,0,0.0,4.48,31.0,55.9,2026-08-14 10:21:17
2025-02-02,Centre,District4,0,0,0,0.0,19.52,29.8,70.0,2026-08-14 10:21:17
2025-02-02,Centre,District5,2,0,1,50.0,11.87,33.5,78.3,2026-08-14 10:21:17
2025-02-02,Centre,District6,0,1,0,0.0,7.91,25.9,78.8,2026-08-14 10:21:17
2025-02-02,Centre,District7,0,1,0,0.0,6.34,30.5,67.7,2026-08-14 10:21:17
2025-02-02,Centre,District8,1,2,1,100.0,2.04,28.6,74.1,2026-08-14 10:21:17
2025-02-02,Centre,District9,0,3,0,0.0,13.1,29.2,72.1,2026-08-14 10:21:17
2025-02-02,Centre,District10,2,5,0,0.0,7.5,28.7,78.7,2026-08-14 10:21:17
2025-02-02,East,District1,0,3,0,0.0,16.85,29.9,55.4,2026-08-14 10:21:17
2025-02-02,East,District2,0,4,0,0.0,10.49,26.1,83.0,2026-08-14 10:21:17
2025-02-02,East,District3,2,4,1,50.0,14.11,33.1,75.5,2026-08-14 10:21:17
2025-02-02,East,District4,0,2,0,0.0,15.13,25.2,52.2,2026-08-14 10:21:17
2025-02-02,East,District5,0,3,0,0.0,0.59,22.8,67.6,2026-08-14 10:21:17
2025-02-02,East,District6,0,1,0,0.0,15.94,25.9,83.6,2026-08-14 10:21:17
2025-02-02,East,District7,0,3,0,0.0,13.64,24.7,82.7,2026-08-14 10:21:17
2025-02-02,East,District8,0,0,0,0.0,13.22,24.7,53.2,2026-08-14 10:21:17
2025-02-02,East,District9,0,3,0,0.0,19.08,29.7,63.7,2026-08-14 10:21:17
2025-02-02,East,District10,0,1,0,0.0,6.13,31.5,51.5,2026-08-14 10:21:17
2025-02-02,Far North,District1,0,5,0,0.0,10.61,25.5,73.5,2026-08-14 10:21:17
2025-02-02,Far North,District2,0,5,0,0.0,0.88,30.0,51.7,2026-08-14 10:21:17
2025-02-02,Far North,District3,0,4,0,0.0,8.01,25.4,71.6,2026-08-14 10:21:17
2025-02-02,Far North,District4,0,0,0,0.0,11.4,29.8,57.1,2026-08-14 10:21:17
2025-02-02,Far North,District5,0,2,0,0.0,5.42,32.3,68.2,2026-08-14 10:21:17
2025-02-02,Far North,District6,0,4,0,0.0,14.25,30.7,59.0,2026-08-14 10:21:17
2025-02-02,Far North,District7,0,5,0,0.0,11.9,31.3,88.4,2026-08-14 10:21:17
2025-02-02,Far North,District8,0,3,0,0.0,5.5,21.4,89.0,2026-08-14 10:21:17
2025-02-02,Far North,District9,0,4,0,0.0,3.18,22.1,83.1,2026-08-14 10:21:17
2025-02-02,Far North,District10,0,0,0,0.0,10.13,32.6,85.3,2026-08-14 10:21:17
2025-02-02,Littoral,District1,0,4,0,0.0,0.71,28.9,80.9,2026-08-14 10:21:17
2025-02-02,Littoral,District2,0,5,0,0.0,14.14,23.4,84.5,2026-08-14 10:21:17
2025-02-02,Littoral,District3,0,3,0,0.0,18.04,22.0,88.9,2026-08-14 10:21:17
2025-02-02,Littoral,District4,0,5,0,0.0,18.53,20.8,84.9,2026-08-14 10:21:17
2025-02-02,Littoral,District5,0,3,0,0.0,13.39,20.8,50.9,2026-08-14 10:21:17
2025-02-02,Littoral,District6,0,1,0,0.0,14.15,33.0,62.2,2026-08-14 10:21:17
2025-02-02,Littoral,District7,0,4,0,0.0,8.56,32.8,85.3,2026-08-14 10:21:17
2025-02-02,Littoral,District8,0,1,0,0.0,18.27,21.7,86.0,2026-08-14 10:21:17
2025-02-02,Littoral,District9,0,2,0,0.0,12.48,27.4,74.1,2026-08-14 10:21:17
2025-02-02,Littoral,District10,2,2,0,0.0,15.84,23.4,52.3,2026-08-14 10:21:17
2025-02-02,North,District1,1,5,1,100.0,9.76,20.9,50.1,2026-08-14 10:21:17
2025-02-02,North,District2,0,4,0,0.0,4.28,27.9,62.5,2026-08-14 10:21:17
2025-02-02,North,District3,0,3,0,0.0,1.49,34.1,84.8,2026-08-14 10:21:17
2025-02-02,North,District4,0,4,0,0.0,7.23,20.6,65.6,2026-08-14 10:21:17
2025-02-02,North,District5,0,3,0,0.0,6.07,33.7,57.5,2026-08-14 10:21:17
2025-02-02,North,District6,0,5,0,0.0,2.56,33.0,57.5,2026-08-14 10:21:17
2025-02-02,North,District7,0,5,0,0.0,12.74,23.1,59.1,2026-08-14 10:21:17
2025-02-02,North,District8,0,3,0,0.0,16.35,31.7,59.7,2026-08-14 10:21:17
2025-02-02,North,District9,0,1,0,0.0,5.05,30.4,78.1,2026-08-14 10:21:17
2025-02-02,North,District10,0,3,0,0.0,0.67,22.6,85.7,2026-08-14 10:21:17
2025-02-02,North-West,District1,0,2,0,0.0,6.57,29.8,84.9,2026-08-14 10:21:17
2025-02-02,North-West,District2,0,4,0,0.0,15.27,31.5,66.3,2026-08-14 10:21:17
2025-02-02,North-West,District3,0,0,0,0.0,7.84,24.4,89.7,2026-08-14 10:21:17
2025-02-02,North-West,District4,0,3,0,0.0,4.49,31.0,51.1,2026-08-14 10:21:17
2025-02-02,North-West,District5,1,2,0,0.0,14.2,23.4,77.5,2026-08-14 10:21:17
2025-02-02,North-West,District6,0,4,0,0.0,19.34,30.1,51.2,2026-08-14 10:21:17
2025-02-02,North-West,District7,3,4,0,0.0,15.03,28.9,64.4,2026-08-14 10:21:17
2025-02-02,North-West,District8,0,5,0,0.0,10.88,31.1,76.6,2026-08-14 10:21:17
2025-02-02,North-West,District9,1,3,1,100.0,13.59,31.0,66.8,2026-08-14 10:21:17
2025-02-02,North-West,District10,0,5,0,0.0,3.47,28.9,78.6,2026-08-14 10:21:17
2025-02-02,South,District1,0,0,0,0.0,19.98,25.7,65.3,2026-08-14 10:21:17
2025-02-02,South,District2,0,4,0,0.0,5.52,33.2,84.3,2026-08-14 10:21:17
2025-02-02,South,District3,0,3,0,0.0,12.18,26.0,63.6,2026-08-14 10:21:17
2025-02-02,South,District4,0,0,0,0.0,18.87,28.4,61.8,2026-08-14 10:21:17
2025-02-02,South,District5,0,4,0,0.0,10.98,32.0,71.5,2026-08-14 10:21:17
2025-02-02,South,District6,0,1,0,0.0,12.25,25.6,53.7,2026-08-14 10:21:17
2025-02-02,South,District7,3,1,0,0.0,2.19,24.7,85.1,2026-08-14 10:21:17
2025-02-02,South,District8,0,1,0,0.0,14.19,26.2,50.4,2026-08-14 10:21:17
2025-02-02,South,District9,0,0,0,0.0,3.49,32.8,73.3,2026-08-14 10:21:17
2025-02-02,South,District10,0,5,0,0.0,11.11,26.5,74.0,2026-08-14 10:21:17
2025-02-02,South-West,District1,2,0,1,50.0,9.33,30.9,86.1,2026-08-14 10:21:17
2025-02-02,South-West,District2,2,3,1,50.0,16.1,33.7,58.2,2026-08-14 10:21:17
2025-02-02,South-West,District3,0,0,0,0.0,17.87,23.3,89.4,2026-08-14 10:21:17
2025-02-02,South-West,District4,0,2,0,0.0,18.61,31.3,67.5,2026-08-14 10:21:17
2025-02-02,South-West,District5,0,3,0,0.0,3.93,27.7,60.1,2026-08-14 10:21:17
2025-02-02,South-West,District6,0,2,0,0.0,9.89,23.2,57.5,2026-08-14 10:21:17
2025-02-02,South-West,District7,0,1,0,0.0,1.19,23.8,72.3,2026-08-14 10:21:17
2025-02-02,South-West,District8,0,2,0,0.0,2.55,22.5,68.1,2026-08-14 10:21:17
2025-02-02,South-West,District9,0,5,0,0.0,14.99,28.9,74.5,2026-08-14 10:21:17
2025-02-02,South-West,District10,0,0,0,0.0,4.19,33.9,86.9,2026-08-14 10:21:17
2025-02-02,West,District1,0,2,0,0.0,10.85,24.4,67.3,2026-08-14 10:21:17
2025-02-02,West,District2,0,1,0,0.0,19.98,24.0,65.5,2026-08-14 10:21:17
2025-02-02,West,District3,0,0,0,0.0,16.65,25.4,87.8,2026-08-14 10:21:17
2025-02-02,West,District4,0,3,0,0.0,1.1,20.8,68.0,2026-08-14 10:21:17
2025-02-02,West,District5,0,2,0,0.0,5.47,33.5,72.6,2026-08-14 10:21:17
2025-02-02,West,District6,0,2,0,0.0,11.45,23.5,69.4,2026-08-14 10:21:17
2025-02-02,West,District7,0,0,0,0.0,3.34,22.1,60.8,2026-08-14 10:21:17
2025-02-02,West,District8,0,3,0,0.0,7.03,21.0,57.5,2026-08-14 10:21:17
2025-02-02,West,District9,0,5,0,0.0,7.64,23.2,78.0,2026-08-14 10:21:17
2025-02-02,West,District10,2,4,1,50.0,10.6,30.5,60.8,2026-08-14 10:21:17
2025-03-23,Adamawa,District1,0,0,0,0.0,4.51,21.2,60.6,2026-08-14 10:21:17
2025-03-23,Adamawa,District2,0,3,0,0.0,2.96,32.8,76.7,2026-08-14 10:21:17
2025-03-23,Adamawa,District3,0,2,0,0.0,17.41,20.9,78.6,2026-08-14 10:21:17
2025-03-23,Adamawa,District4,0,1,0,0.0,10.81,27.3,82.6,2026-08-14 10:21:17
2025-03-23,Adamawa,District5,0,4,0,0.0,7.54,22.8,51.0,2026-08-14 10:21:17
2025-03-23,Adamawa,District6,0,0,0,0.0,2.29,32.8,63.2,2026-08-14 10:21:17
2025-03-23,Adamawa,District7,2,1,1,50.0,12.75,24.0,70.8,2026-08-14 10:21:17
2025-03-23,Adamawa,District8,0,1,0,0.0,6.24,31.0,61.0,2026-08-14 10:21:17
2025-03-23,Adamawa,District9,0,4,0,0.0,3.06,25.9,87.2,2026-08-14 10:21:17
2025-03-23,Adamawa,District10,0,5,0,0.0,3.78,29.3,61.3,2026-08-14 10:21:17
2025-03-23,Centre,District1,0,5,0,0.0,5.12,21.6,68.8,2026-08-14 10:21:17
2025-03-23,Centre,District2,0,3,0,0.0,10.66,25.8,69.1,2026-08-14 10:21:17
2025-03-23,Centre,District3,0,2,0,0.0,8.54,34.0,77.1,2026-08-14 10:21:17
2025-03-23,Centre,District4,0,4,0,0.0,7.5,22.1,82.7,2026-08-14 10:21:17
2025-03-23,Centre,District5,0,4,0,0.0,6.22,34.2,52.7,2026-08-14 10:21:17
2025-03-23,Centre,District6,0,1,0,0.0,16.96,31.8,78.6,2026-08-14 10:21:17
2025-03-23,Centre,District7,0,4,0,0.0,8.08,20.7,57.0,2026-08-14 10:21:17
2025-03-23,Centre,District8,0,3,0,0.0,14.4,32.4,57.6,2026-08-14 10:21:17
2025-03-23,Centre,District9,0,0,0,0.0,12.71,31.9,89.7,2026-08-14 10:21:17
2025-03-23,Centre,District10,0,0,0,0.0,16.49,28.8,83.4,2026-08-14 10:21:17
2025-03-23,East,District1,2,0,0,0.0,16.4,25.6,78.6,2026-08-14 10:21:17
2025-03-23,East,District2,0,1,0,0.0,14.17,21.0,77.8,2026-08-14 10:21:17
2025-03-23,East,District3,2,3,1,50.0,5.82,22.4,83.2,2026-08-14 10:21:17
2025-03-23,East,District4,0,1,0,0.0,11.71,31.2,81.5,2026-08-14 10:21:17
2025-03-23,East,District5,2,5,1,50.0,0.39,34.7,73.8,2026-08-14 10:21:17
2025-03-23,East,District6,3,0,0,0.0,12.14,34.3,70.4,2026-08-14 10:21:17
2025-03-23,East,District7,2,4,1,50.0,8.15,26.0,51.1,2026-08-14 10:21:17
2025-03-23,East,District8,0,5,0,0.0,15.15,30.0,62.6,2026-08-14 10:21:17
2025-03-23,East,District9,1,5,1,100.0,7.55,28.1,64.7,2026-08-14 10:21:17
2025-03-23,East,District10,0,4,0,0.0,10.09,23.4,51.3,2026-08-14 10:21:17
2025-03-23,Far North,District1,0,2,0,0.0,16.87,31.0,59.7,2026-08-14 10:21:17
2025-03-23,Far North,District2,0,2,0,0.0,1.17,26.0,59.6,2026-08-14 10:21:17
2025-03-23,Far North,District3,1,0,1,100.0,6.31,29.0,71.8,2026-08-14 10:21:17
2025-03-23,Far North,District4,2,3,1,50.0,15.61,29.5,51.3,2026-08-14 10:21:17
2025-03-23,Far North,District5,3,3,1,33.33,1.17,28.0,85.4,2026-08-14 10:21:17
2025-03-23,Far North,District6,2,3,1,50.0,9.95,29.4,86.4,2026-08-14 10:21:17
2025-03-23,Far North,District7,0,1,0,0.0,13.84,30.3,58.8,2026-08-14 10:21:17
2025-03-23,Far North,District8,0,0,0,0.0,8.08,31.4,68.2,2026-08-14 10:21:17
2025-03-23,Far North,District9,0,2,0,0.0,8.29,27.0,82.9,2026-08-14 10:21:17
2025-03-23,Far North,District10,0,5,0,0.0,19.97,29.3,64.5,2026-08-14 10:21:17
2025-03-23,Littoral,District1,0,0,0,0.0,12.58,24.2,59.0,2026-08-14 10:21:17
2025-03-23,Littoral,District2,0,5,0,0.0,19.09,31.0,67.7,2026-08-14 10:21:17
2025-03-23,Littoral,District3,0,5,0,0.0,12.24,20.3,87.1,2026-08-14 10:21:17
2025-03-23,Littoral,District4,0,0,0,0.0,10.75,28.0,62.3,2026-08-14 10:21:17
2025-03-23,Littoral,District5,0,3,0,0.0,16.97,34.0,55.5,2026-08-14 10:21:17
2025-03-23,Littoral,District6,0,1,0,0.0,8.67,27.6,88.6,2026-08-14 10:21:17
2025-03-23,Littoral,District7,0,5,0,0.0,0.7,34.6,72.1,2026-08-14 10:21:17
2025-03-23,Littoral,District8,0,5,0,0.0,11.52,30.3,50.5,2026-08-14 10:21:17
2025-03-23,Littoral,District9,0,5,0,0.0,16.65,33.4,63.0,2026-08-14 10:21:17
2025-03-23,Littoral,District10,0,3,0,0.0,10.55,25.3,58.2,2026-08-14 10:21:17
2025-03-23,North,District1,0,3,0,0.0,2.43,23.7,75.8,2026-08-14 10:21:17
2025-03-23,North,District2,0,4,0,0.0,19.01,31.6,63.8,2026-08-14 10:21:17
2025-03-23,North,District3,0,3,0,0.0,6.22,22.6,60.8,2026-08-14 10:21:17
2025-03-23,North,District4,1,0,0,0.0,6.76,29.8,84.0,2026-08-14 10:21:17
2025-03-23,North,District5,0,5,0,0.0,19.97,27.1,56.3,2026-08-14 10:21:17
2025-03-23,North,District6,0,1,0,0.0,4.78,34.0,55.3,2026-08-14 10:21:17
2025-03-23,North,District7,0,3,0,0.0,15.98,20.4,50.8,2026-08-14 10:21:17
2025-03-23,North,District8,0,0,0,0.0,12.18,28.1,63.4,2026-08-14 10:21:17
2025-03-23,North,District9,0,5,0,0.0,1.76,25.1,88.1,2026-08-14 10:21:17
2025-03-23,North,District10,3,0,1,33.33,1.92,30.0,82.2,2026-08-14 10:21:17
2025-03-23,North-West,District1,0,4,0,0.0,11.65,29.0,58.1,2026-08-14 10:21:17
2025-03-23,North-West,District2,0,1,0,0.0,19.61,24.8,52.8,2026-08-14 10:21:17
2025-03-23,North-West,District3,1,3,0,0.0,6.89,24.9,86.8,2026-08-14 10:21:17
2025-03-23,North-West,District4,3,4,0,0.0,16.36,22.8,57.9,2026-08-14 10:21:17
2025-03-23,North-West,District5,0,0,0,0.0,10.79,28.6,63.2,2026-08-14 10:21:17
2025-03-23,North-West,District6,0,1,0,0.0,14.55,27.1,59.7,2026-08-14 10:21:17
2025-03-23,North-West,District7,0,5,0,0.0,11.59,33.2,57.9,2026-08-14 10:21:17
2025-03-23,North-West,District8,0,2,0,0.0,2.68,34.9,85.6,2026-08-14 10:21:17
2025-03-23,North-West,District9,0,4,0,0.0,18.06,21.3,53.6,2026-08-14 10:21:17
2025-03-23,North-West,District10,1,2,1,100.0,17.33,33.2,60.1,2026-08-14 10:21:17
2025-03-23,South,District1,1,3,0,0.0,0.95,26.8,58.9,2026-08-14 10:21:17
2025-03-23,South,District2,3,0,1,33.33,1.93,23.0,85.6,2026-08-14 10:21:17
2025-03-23,South,District3,0,0,0,0.0,19.91,31.1,70.5,2026-08-14 10:21:17
2025-03-23,South,District4,1,1,1,100.0,4.58,21.0,84.6,2026-08-14 10:21:17
2025-03-23,South,District5,1,1,0,0.0,16.12,27.4,71.2,2026-08-14 10:21:17
2025-03-23,South,District6,0,4,0,0.0,8.85,23.4,80.8,2026-08-14 10:21:17
2025-03-23,South,District7,0,2,0,0.0,16.97,31.1,72.7,2026-08-14 10:21:17
2025-03-23,South,District8,0,1,0,0.0,19.21,29.4,72.9,2026-08-14 10:21:17
2025-03-23,South,District9,0,1,0,0.0,13.32,20.0,58.9,2026-08-14 10:21:17
2025-03-23,South,District10,1,2,0,0.0,7.62,27.7,81.4,2026-08-14 10:21:17
2025-03-23,South-West,District1,3,2,1,33.33,14.17,26.0,52.0,2026-08-14 10:21:17
2025-03-23,South-West,District2,0,2,0,0.0,8.51,32.7,79.6,2026-08-14 10:21:17
2025-03-23,South-West,District3,2,1,1,50.0,18.0,26.9,84.6,2026-08-14 10:21:17
2025-03-23,South-West,District4,2,5,0,0.0,16.49,23.5,57.3,2026-08-14 10:21:17
2025-03-23,South-West,District5,0,2,0,0.0,12.3,21.0,85.4,2026-08-14 10:21:17
2025-03-23,South-West,District6,0,1,0,0.0,11.04,27.7,89.3,2026-08-14 10:21:17
2025-03-23,South-West,District7,0,0,0,0.0,15.9,30.4,85.2,2026-08-14 10:21:17
2025-03-23,South-West,District8,0,0,0,0.0,13.86,21.6,83.4,2026-08-14 10:21:17
2025-03-23,South-West,District9,1,1,0,0.0,15.49,32.2,58.0,2026-08-14 10:21:17
2025-03-23,South-West,District10,2,5,0,0.0,9.23,29.8,87.5,2026-08-14 10:21:17
2025-03-23,West,District1,1,2,0,0.0,3.21,20.8,87.6,2026-08-14 10:21:17
2025-03-23,West,District2,0,1,0,0.0,11.94,32.4,74.5,2026-08-14 10:21:17
2025-03-23,West,District3,0,1,0,0.0,3.02,23.1,89.2,2026-08-14 10:21:17
2025-03-23,West,District4,0,4,0,0.0,4.97,25.5,62.8,2026-08-14 10:21:17
2025-03-23,West,District5,2,3,1,50.0,12.87,32.4,83.5,2026-08-14 10:21:17
2025-03-23,West,District6,3,5,0,0.0,9.2,28.9,75.8,2026-08-14 10:21:17
2025-03-23,West,District7,1,2,0,0.0,17.18,27.1,89.7,2026-08-14 10:21:17
2025-03-23,West,District8,2,1,1,50.0,9.55,27.6,74.8,2026-08-14 10:21:17
2025-03-23,West,District9,2,0,0,0.0,16.71,23.1,83.2,2026-08-14 10:21:17
2025-03-23,West,District10,0,4,0,0.0,15.32,30.1,84.7,2026-08-14 10:21:17
2025-03-28,Adamawa,District1,0,0,0,0.0,18.28,29.5,80.5,2026-08-14 10:21:17
2025-03-28,Adamawa,District2,0,2,0,0.0,13.21,34.8,56.9,2026-08-14 10:21:17
2025-03-28,Adamawa,District3,0,4,0,0.0,12.24,30.2,52.4,2026-08-14 10:21:17
2025-03-28,Adamawa,District4,1,2,1,100.0,14.75,25.8,77.6,2026-08-14 10:21:17
2025-03-28,Adamawa,District5,0,2,0,0.0,5.53,30.2,72.2,2026-08-14 10:21:17
2025-03-28,Adamawa,District6,0,2,0,0.0,14.39,27.8,82.3,2026-08-14 10:21:17
2025-03-28,Adamawa,District7,0,5,0,0.0,11.33,29.7,57.6,2026-08-14 10:21:17
2025-03-28,Adamawa,District8,1,2,0,0.0,18.43,34.2,62.3,2026-08-14 10:21:17
2025-03-28,Adamawa,District9,1,1,1,100.0,7.73,28.5,84.1,2026-08-14 10:21:17
2025-03-28,Adamawa,District10,0,5,0,0.0,10.27,34.7,77.6,2026-08-14 10:21:17
2025-03-28,Centre,District1,0,2,0,0.0,10.43,27.1,55.3,2026-08-14 10:21:17
2025-03-28,Centre,District2,0,5,0,0.0,0.67,33.6,55.9,2026-08-14 10:21:17
2025-03-28,Centre,District3,0,5,0,0.0,8.07,22.3,51.9,2026-08-14 10:21:17
2025-03-28,Centre,District4,0,1,0,0.0,2.7,20.2,62.6,2026-08-14 10:21:17
2025-03-28,Centre,District5,0,3,0,0.0,9.91,30.5,72.1,2026-08-14 10:21:17
2025-03-28,Centre,District6,0,5,0,0.0,7.2,28.6,75.9,2026-08-14 10:21:17
2025-03-28,Centre,District7,1,3,1,100.0,17.66,27.2,58.1,2026-08-14 10:21:17
2025-03-28,Centre,District8,0,4,0,0.0,7.65,34.1,68.8,2026-08-14 10:21:17
2025-03-28,Centre,District9,3,4,1,33.33,13.89,21.2,71.7,2026-08-14 10:21:17
2025-03-28,Centre,District10,1,0,1,100.0,14.7,29.8,61.5,2026-08-14 10:21:17
2025-03-28,East,District1,0,4,0,0.0,8.96,27.8,68.0,2026-08-14 10:21:17
2025-03-28,East,District2,3,2,0,0.0,12.2,27.7,54.1,2026-08-14 10:21:17
2025-03-28,East,District3,0,1,0,0.0,7.94,25.3,70.6,2026-08-14 10:21:17
2025-03-28,East,District4,0,4,0,0.0,10.99,32.4,68.2,2026-08-14 10:21:17
2025-03-28,East,District5,0,0,0,0.0,11.44,26.6,53.5,2026-08-14 10:21:17
2025-03-28,East,District6,0,3,0,0.0,10.91,23.8,78.6,2026-08-14 10:21:17
2025-03-28,East,District7,2,0,1,50.0,9.29,24.8,81.0,2026-08-14 10:21:17
2025-03-28,East,District8,2,4,0,0.0,1.85,30.3,53.9,2026-08-14 10:21:17
2025-03-28,East,District9,2,0,0,0.0,10.75,33.8,85.1,2026-08-14 10:21:17
2025-03-28,East,District10,0,3,0,0.0,9.72,20.2,88.0,2026-08-14 10:21:17
2025-03-28,Far North,District1,0,5,0,0.0,13.38,25.7,60.3,2026-08-14 10:21:17
2025-03-28,Far North,District2,0,1,0,0.0,0.2,25.7,55.7,2026-08-14 10:21:17
2025-03-28,Far North,District3,3,2,1,33.33,6.4,25.2,71.1,2026-08-14 10:21:17
2025-03-28,Far North,District4,0,3,0,0.0,9.96,30.4,55.0,2026-08-14 10:21:17
2025-03-28,Far North,District5,0,4,0,0.0,5.48,21.8,79.8,2026-08-14 10:21:17
2025-03-28,Far North,District6,0,4,0,0.0,5.88,22.2,81.2,2026-08-14 10:21:17
2025-03-28,Far North,District7,0,4,0,0.0,5.59,32.2,53.9,2026-08-14 10:21:17
2025-03-28,Far North,District8,3,1,0,0.0,13.66,25.8,63.4,2026-08-14 10:21:17
2025-03-28,Far North,District9,0,2,0,0.0,9.68,27.9,53.8,2026-08-14 10:21:17
2025-03-28,Far North,District10,1,1,1,100.0,15.34,30.5,81.6,2026-08-14 10:21:17
2025-03-28,Littoral,District1,0,4,0,0.0,7.65,24.2,72.7,2026-08-14 10:21:17
2025-03-28,Littoral,District2,1,2,0,0.0,3.14,33.3,86.7,2026-08-14 10:21:17
2025-03-28,Littoral,District3,0,2,0,0.0,12.6,22.0,77.9,2026-08-14 10:21:17
2025-03-28,Littoral,District4,1,5,0,0.0,6.39,23.2,82.6,2026-08-14 10:21:17
2025-03-28,Littoral,District5,3,0,1,33.33,6.25,31.1,76.8,2026-08-14 10:21:17
2025-03-28,Littoral,District6,0,1,0,0.0,19.96,30.5,65.9,2026-08-14 10:21:17
2025-03-28,Littoral,District7,0,2,0,0.0,9.54,20.9,64.2,2026-08-14 10:21:17
2025-03-28,Littoral,District8,0,1,0,0.0,5.44,23.8,59.1,2026-08-14 10:21:17
2025-03-28,Littoral,District9,1,2,0,0.0,0.32,26.0,87.3,2026-08-14 10:21:17
2025-03-28,Littoral,District10,0,3,0,0.0,5.49,27.6,87.9,2026-08-14 10:21:17
2025-03-28,North,District1,0,2,0,0.0,6.53,30.3,69.3,2026-08-14 10:21:17
2025-03-28,North,District2,0,2,0,0.0,10.93,21.2,72.5,2026-08-14 10:21:17
2025-03-28,North,District3,0,0,0,0.0,19.77,21.9,59.0,2026-08-14 10:21:17
2025-03-28,North,District4,0,0,0,0.0,10.04,25.4,52.4,2026-08-14 10:21:17
2025-03-28,North,District5,2,1,0,0.0,18.16,22.8,86.9,2026-08-14 10:21:17
2025-03-28,North,District6,0,5,0,0.0,2.26,26.5,61.5,2026-08-14 10:21:17
2025-03-28,North,District7,0,1,0,0.0,2.02,30.9,84.9,2026-08-14 10:21:17
2025-03-28,North,District8,3,0,1,33.33,0.21,22.6,63.2,2026-08-14 10:21:17
2025-03-28,North,District9,1,1,1,100.0,6.61,31.5,70.0,2026-08-14 10:21:17
2025-03-28,North,District10,0,1,0,0.0,7.13,29.5,67.2,2026-08-14 10:21:17
2025-03-28,North-West,District1,0,5,0,0.0,11.96,20.2,84.3,2026-08-14 10:21:17
2025-03-28,North-West,District2,0,1,0,0.0,9.25,26.8,57.4,2026-08-14 10:21:17
2025-03-28,North-West,District3,3,2,1,33.33,1.25,26.8,72.1,2026-08-14 10:21:17
2025-03-28,North-West,District4,2,0,1,50.0,4.97,24.5,82.6,2026-08-14 10:21:17
2025-03-28,North-West,District5,2,4,0,0.0,14.09,30.5,73.2,2026-08-14 10:21:17
2025-03-28,North-West,District6,1,4,0,0.0,0.15,32.0,83.8,2026-08-14 10:21:17
2025-03-28,North-West,District7,2,5,0,0.0,3.6,32.9,84.3,2026-08-14 10:21:17
2025-03-28,North-West,District8,0,3,0,0.0,5.49,30.1,61.2,2026-08-14 10:21:17
2025-03-28,North-West,District9,0,0,0,0.0,16.5,26.8,52.7,2026-08-14 10:21:17
2025-03-28,North-West,District10,0,3,0,0.0,18.89,26.3,66.9,2026-08-14 10:21:17
2025-03-28,South,District1,0,5,0,0.0,18.29,20.8,58.5,2026-08-14 10:21:17
2025-03-28,South,District2,0,2,0,0.0,4.37,33.6,83.9,2026-08-14 10:21:17
2025-03-28,South,District3,3,2,0,0.0,8.17,31.4,63.8,2026-08-14 10:21:17
2025-03-28,South,District4,0,3,0,0.0,0.63,26.5,68.4,2026-08-14 10:21:17
2025-03-28,South,District5,0,3,0,0.0,3.9,29.3,87.5,2026-08-14 10:21:17
2025-03-28,South,District6,2,0,0,0.0,2.73,25.4,62.7,2026-08-14 10:21:17
2025-03-28,South,District7,3,2,0,0.0,2.37,23.0,61.4,2026-08-14 10:21:17
2025-03-28,South,District8,0,1,0,0.0,4.33,34.6,72.2,2026-08-14 10:21:17
2025-03-28,South,District9,2,0,0,0.0,7.38,23.9,77.5,2026-08-14 10:21:17
2025-03-28,South,District10,0,0,0,0.0,13.56,34.7,69.2,2026-08-14 10:21:17
2025-03-28,South-West,District1,2,5,1,50.0,14.17,21.8,56.7,2026-08-14 10:21:17
2025-03-28,South-West,District2,1,2,0,0.0,10.07,28.0,52.5,2026-08-14 10:21:17
2025-03-28,South-West,District3,1,2,0,0.0,6.7,31.7,79.0,2026-08-14 10:21:17
2025-03-28,South-West,District4,0,1,0,0.0,12.95,26.0,52.1,2026-08-14 10:21:17
2025-03-28,South-West,District5,0,1,0,0.0,16.48,26.1,71.2,2026-08-14 10:21:17
2025-03-28,South-West,District6,0,5,0,0.0,2.67,29.0,85.2,2026-08-14 10:21:17
2025-03-28,South-West,District7,3,5,0,0.0,0.39,23.9,75.3,2026-08-14 10:21:17
2025-03-28,South-West,District8,0,5,0,0.0,18.75,29.3,65.9,2026-08-14 10:21:17
2025-03-28,South-West,District9,1,0,0,0.0,8.61,30.1,65.6,2026-08-14 10:21:17
2025-03-28,South-West,District10,1,2,0,0.0,19.22,28.0,79.3,2026-08-14 10:21:17
2025-03-28,West,District1,1,5,0,0.0,8.94,22.5,57.4,2026-08-14 10:21:17
2025-03-28,West,District2,0,2,0,0.0,0.47,31.2,51.3,2026-08-14 10:21:17
2025-03-28,West,District3,2,3,1,50.0,1.26,32.2,50.9,2026-08-14 10:21:17
2025-03-28,West,District4,3,1,0,0.0,1.4,27.8,63.6,2026-08-14 10:21:17
2025-03-28,West,District5,2,3,1,50.0,16.37,30.9,52.9,2026-08-14 10:21:17
2025-03-28,West,District6,0,1,0,0.0,10.78,23.6,68.6,2026-08-14 10:21:17
2025-03-28,West,District7,2,4,0,0.0,9.59,29.3,68.0,2026-08-14 10:21:17
2025-03-28,West,District8,2,2,0,0.0,5.79,28.1,83.5,2026-08-14 10:21:17
2025-03-28,West,District9,0,5,0,0.0,14.53,27.2,67.6,2026-08-14 10:21:17
2025-03-28,West,District10,0,1,0,0.0,9.61,23.7,68.9,2026-08-14 10:21:17
2025-03-07,Adamawa,District1,2,3,0,0.0,15.07,23.4,54.1,2026-08-14 10:21:17
2025-03-07,Adamawa,District2,0,3,0,0.0,9.17,21.2,86.0,2026-08-14 10:21:17
2025-03-07,Adamawa,District3,2,0,1,50.0,15.45,33.6,79.0,2026-08-14 10:21:17
2025-03-07,Adamawa,District4,0,2,0,0.0,2.05,29.4,72.4,2026-08-14 10:21:17
2025-03-07,Adamawa,District5,0,5,0,0.0,3.89,22.9,61.5,2026-08-14 10:21:17
2025-03-07,Adamawa,District6,0,0,0,0.0,18.95,26.5,82.8,2026-08-14 10:21:17
2025-03-07,Adamawa,District7,2,4,0,0.0,10.07,28.5,50.9,2026-08-14 10:21:17
2025-03-07,Adamawa,District8,1,0,1,100.0,8.54,35.0,60.6,2026-08-14 10:21:17
2025-03-07,Adamawa,District9,2,4,0,0.0,8.2,28.6,86.9,2026-08-14 10:21:17
2025-03-07,Adamawa,District10,0,1,0,0.0,6.92,23.9,81.6,2026-08-14 10:21:17
2025-03-07,Centre,District1,1,4,1,100.0,8.16,22.5,84.0,2026-08-14 10:21:17
2025-03-07,Centre,District2,0,3,0,0.0,5.12,20.9,54.2,2026-08-14 10:21:17
2025-03-07,Centre,District3,0,0,0,0.0,7.9,20.6,60.6,2026-08-14 10:21:17
2025-03-07,Centre,District4,3,2,1,33.33,17.34,22.7,67.3,2026-08-14 10:21:17
2025-03-07,Centre,District5,0,3,0,0.0,17.72,34.7,61.5,2026-08-14 10:21:17
2025-03-07,Centre,District6,3,0,1,33.33,17.79,27.5,70.8,2026-08-14 10:21:17
2025-03-07,Centre,District7,1,1,1,100.0,12.36,28.5,75.3,2026-08-14 10:21:17
2025-03-07,Centre,District8,0,1,0,0.0,6.79,23.2,69.6,2026-08-14 10:21:17
2025-03-07,Centre,District9,0,2,0,0.0,18.23,23.0,84.0,2026-08-14 10:21:17
2025-03-07,Centre,District10,2,3,0,0.0,3.12,34.7,65.3,2026-08-14 10:21:17
2025-03-07,East,District1,1,5,0,0.0,7.97,27.6,75.5,2026-08-14 10:21:17
2025-03-07,East,District2,1,2,1,100.0,5.06,25.1,50.6,2026-08-14 10:21:17
2025-03-07,East,District3,0,1,0,0.0,13.67,26.0,78.0,2026-08-14 10:21:17
2025-03-07,East,District4,1,5,1,100.0,8.95,28.4,66.5,2026-08-14 10:21:17
2025-03-07,East,District5,1,1,0,0.0,2.84,30.7,75.1,2026-08-14 10:21:17
2025-03-07,East,District6,0,2,0,0.0,13.22,24.6,84.2,2026-08-14 10:21:17
2025-03-07,East,District7,0,4,0,0.0,13.01,25.0,63.2,2026-08-14 10:21:17
2025-03-07,East,District8,0,4,0,0.0,8.0,24.4,80.6,2026-08-14 10:21:17
2025-03-07,East,District9,0,4,0,0.0,12.8,33.6,88.5,2026-08-14 10:21:17
2025-03-07,East,District10,0,3,0,0.0,7.17,26.4,57.1,2026-08-14 10:21:17
2025-03-07,Far North,District1,0,0,0,0.0,8.71,28.7,59.7,2026-08-14 10:21:17
2025-03-07,Far North,District2,0,5,0,0.0,4.12,25.8,88.3,2026-08-14 10:21:17
2025-03-07,Far North,District3,0,2,0,0.0,19.83,22.5,62.5,2026-08-14 10:21:17
2025-03-07,Far North,District4,0,5,0,0.0,9.3,31.0,74.5,2026-08-14 10:21:17
2025-03-07,Far North,District5,0,3,0,0.0,11.29,20.9,66.0,2026-08-14 10:21:17
2025-03-07,Far North,District6,0,2,0,0.0,15.23,32.3,79.3,2026-08-14 10:21:17
2025-03-07,Far North,District7,0,2,0,0.0,13.49,29.2,66.0,2026-08-14 10:21:17
2025-03-07,Far North,District8,1,1,0,0.0,5.34,32.5,86.4,2026-08-14 10:21:17
2025-03-07,Far North,District9,0,2,0,0.0,6.15,20.5,76.1,2026-08-14 10:21:17
2025-03-07,Far North,District10,0,0,0,0.0,16.13,28.3,58.0,2026-08-14 10:21:17
2025-03-07,Littoral,District1,1,0,1,100.0,2.84,20.4,66.8,2026-08-14 10:21:17
2025-03-07,Littoral,District2,0,4,0,0.0,3.34,29.8,54.4,2026-08-14 10:21:17
2025-03-07,Littoral,District3,0,2,0,0.0,15.81,30.2,65.7,2026-08-14 10:21:17
2025-03-07,Littoral,District4,0,4,0,0.0,8.44,24.7,71.5,2026-08-14 10:21:17
2025-03-07,Littoral,District5,0,1,0,0.0,3.54,31.7,60.8,2026-08-14 10:21:17
2025-03-07,Littoral,District6,0,2,0,0.0,3.8,25.1,75.5,2026-08-14 10:21:17
2025-03-07,Littoral,District7,2,5,1,50.0,7.3,21.5,74.2,2026-08-14 10:21:17
2025-03-07,Littoral,District8,0,0,0,0.0,19.48,31.8,81.1,2026-08-14 10:21:17
2025-03-07,Littoral,District9,0,5,0,0.0,17.78,27.5,74.9,2026-08-14 10:21:17
2025-03-07,Littoral,District10,0,3,0,0.0,5.33,33.0,87.3,2026-08-14 10:21:17
2025-03-07,North,District1,0,4,0,0.0,5.6,25.3,87.8,2026-08-14 10:21:17
2025-03-07,North,District2,2,1,0,0.0,12.32,27.8,74.4,2026-08-14 10:21:17
2025-03-07,North,District3,0,3,0,0.0,6.1,31.3,86.2,2026-08-14 10:21:17
2025-03-07,North,District4,2,1,1,50.0,14.24,20.1,73.8,2026-08-14 10:21:17
2025-03-07,North,District5,1,2,0,0.0,13.89,20.9,80.1,2026-08-14 10:21:17
2025-03-07,North,District6,1,1,1,100.0,10.02,28.9,67.7,2026-08-14 10:21:17
2025-03-07,North,District7,0,4,0,0.0,16.56,21.3,62.9,2026-08-14 10:21:17
2025-03-07,North,District8,0,2,0,0.0,17.46,22.8,87.8,2026-08-14 10:21:17
2025-03-07,North,District9,0,3,0,0.0,16.07,34.4,63.1,2026-08-14 10:21:17
2025-03-07,North,District10,0,0,0,0.0,17.76,34.3,72.5,2026-08-14 10:21:17
2025-03-07,North-West,District1,0,0,0,0.0,15.41,20.6,76.2,2026-08-14 10:21:17
2025-03-07,North-West,District2,2,4,1,50.0,8.0,26.6,77.6,2026-08-14 10:21:17
2025-03-07,North-West,District3,0,5,0,0.0,2.01,32.2,78.3,2026-08-14 10:21:17
2025-03-07,North-West,District4,0,3,0,0.0,12.18,34.6,88.3,2026-08-14 10:21:17
2025-03-07,North-West,District5,2,1,1,50.0,13.88,30.9,87.5,2026-08-14 10:21:17
2025-03-07,North-West,District6,0,1,0,0.0,11.86,33.8,78.2,2026-08-14 10:21:17
2025-03-07,North-West,District7,1,1,1,100.0,1.77,23.3,62.7,2026-08-14 10:21:17
2025-03-07,North-West,District8,2,1,0,0.0,4.33,25.4,53.2,2026-08-14 10:21:17
2025-03-07,North-West,District9,0,1,0,0.0,16.69,34.8,55.4,2026-08-14 10:21:17
2025-03-07,North-West,District10,0,2,0,0.0,2.82,21.4,63.6,2026-08-14 10:21:17
2025-03-07,South,District1,0,0,0,0.0,3.09,21.7,87.1,2026-08-14 10:21:17
2025-03-07,South,District2,0,3,0,0.0,15.04,24.6,67.8,2026-08-14 10:21:17
2025-03-07,South,District3,0,3,0,0.0,9.65,25.7,86.5,2026-08-14 10:21:17
2025-03-07,South,District4,0,4,0,0.0,1.76,23.5,68.3,2026-08-14 10:21:17
2025-03-07,South,District5,0,4,0,0.0,7.38,22.2,84.9,2026-08-14 10:21:17
2025-03-07,South,District6,0,2,0,0.0,0.33,29.1,50.9,2026-08-14 10:21:17
2025-03-07,South,District7,2,4,0,0.0,16.69,33.1,63.2,2026-08-14 10:21:17
2025-03-07,South,District8,3,2,1,33.33,2.56,26.1,71.1,2026-08-14 10:21:17
2025-03-07,South,District9,0,3,0,0.0,10.13,28.9,68.2,2026-08-14 10:21:17
2025-03-07,South,District10,0,4,0,0.0,5.64,31.9,55.7,2026-08-14 10:21:17
2025-03-07,South-West,District1,2,5,1,50.0,7.86,34.5,65.9,2026-08-14 10:21:17
2025-03-07,South-West,District2,1,1,0,0.0,11.95,30.4,68.3,2026-08-14 10:21:17
2025-03-07,South-West,District3,0,1,0,0.0,5.8,24.8,84.5,2026-08-14 10:21:17
2025-03-07,South-West,District4,0,0,0,0.0,7.79,24.8,67.4,2026-08-14 10:21:17
2025-03-07,South-West,District5,0,0,0,0.0,8.99,33.9,53.6,2026-08-14 10:21:17
2025-03-07,South-West,District6,0,1,0,0.0,9.51,20.2,70.4,2026-08-14 10:21:17
2025-03-07,South-West,District7,2,0,1,50.0,14.64,21.0,57.5,2026-08-14 10:21:17
2025-03-07,South-West,District8,0,0,0,0.0,5.04,27.7,58.4,2026-08-14 10:21:17
2025-03-07,South-West,District9,0,0,0,0.0,4.41,34.7,89.7,2026-08-14 10:21:17
2025-03-07,South-West,District10,0,2,0,0.0,7.02,30.0,63.9,2026-08-14 10:21:17
2025-03-07,West,District1,0,2,0,0.0,18.1,31.2,75.6,2026-08-14 10:21:17
2025-03-07,West,District2,1,5,0,0.0,10.71,20.2,58.4,2026-08-14 10:21:17
2025-03-07,West,District3,0,5,0,0.0,17.81,34.1,82.6,2026-08-14 10:21:17
2025-03-07,West,District4,1,5,1,100.0,10.03,26.9,64.5,2026-08-14 10:21:17
2025-03-07,West,District5,0,5,0,0.0,3.78,34.9,87.1,2026-08-14 10:21:17
2025-03-07,West,District6,0,2,0,0.0,16.13,28.3,53.1,2026-08-14 10:21:17
2025-03-07,West,District7,1,2,1,100.0,19.6,22.7,61.7,2026-08-14 10:21:17
2025-03-07,West,District8,2,3,0,0.0,7.07,30.6,77.1,2026-08-14 10:21:17
2025-03-07,West,District9,1,1,1,100.0,10.67,31.8,68.2,2026-08-14 10:21:17
2025-03-07,West,District10,0,0,0,0.0,9.25,31.2,52.6,2026-08-14 10:21:17
2025-03-29,Adamawa,District1,0,1,0,0.0,5.87,32.2,51.5,2026-08-14 10:21:17
2025-03-29,Adamawa,District2,0,3,0,0.0,1.5,20.9,65.8,2026-08-14 10:21:17
2025-03-29,Adamawa,District3,2,3,1,50.0,18.94,21.3,77.0,2026-08-14 10:21:17
2025-03-29,Adamawa,District4,0,0,0,0.0,8.49,25.6,76.0,2026-08-14 10:21:17
2025-03-29,Adamawa,District5,0,0,0,0.0,14.07,20.8,79.3,2026-08-14 10:21:17
2025-03-29,Adamawa,District6,1,3,1,100.0,19.57,34.4,82.7,2026-08-14 10:21:17
2025-03-29,Adamawa,District7,0,5,0,0.0,7.48,22.6,89.9,2026-08-14 10:21:17
2025-03-29,Adamawa,District8,2,4,1,50.0,12.96,29.4,66.8,2026-08-14 10:21:17
2025-03-29,Adamawa,District9,0,5,0,0.0,15.87,24.4,71.1,2026-08-14 10:21:17
2025-03-29,Adamawa,District10,2,3,1,50.0,1.71,32.8,53.9,2026-08-14 10:21:17
2025-03-29,Centre,District1,0,1,0,0.0,19.4,33.8,66.6,2026-08-14 10:21:17
2025-03-29,Centre,District2,0,1,0,0.0,2.39,22.3,78.8,2026-08-14 10:21:17
2025-03-29,Centre,District3,0,0,0,0.0,12.71,34.0,66.2,2026-08-14 10:21:17
2025-03-29,Centre,District4,0,4,0,0.0,5.43,28.8,81.3,2026-08-14 10:21:17
2025-03-29,Centre,District5,2,1,0,0.0,1.66,34.1,63.8,2026-08-14 10:21:17
2025-03-29,Centre,District6,0,0,0,0.0,8.08,23.1,72.5,2026-08-14 10:21:17
2025-03-29,Centre,District7,0,0,0,0.0,14.49,32.2,81.2,2026-08-14 10:21:17
2025-03-29,Centre,District8,0,0,0,0.0,10.83,32.4,55.0,2026-08-14 10:21:17
2025-03-29,Centre,District9,0,1,0,0.0,19.91,31.5,88.5,2026-08-14 10:21:17
2025-03-29,Centre,District10,0,0,0,0.0,10.49,24.9,77.4,2026-08-14 10:21:17
2025-03-29,East,District1,2,4,0,0.0,14.95,24.6,57.6,2026-08-14 10:21:17
2025-03-29,East,District2,2,5,0,0.0,18.99,31.0,75.7,2026-08-14 10:21:17
2025-03-29,East,District3,0,4,0,0.0,7.09,34.8,68.9,2026-08-14 10:21:17
2025-03-29,East,District4,0,5,0,0.0,0.81,27.1,86.3,2026-08-14 10:21:17
2025-03-29,East,District5,0,5,0,0.0,4.96,27.2,82.3,2026-08-14 10:21:17
2025-03-29,East,District6,0,0,0,0.0,1.09,33.5,56.5,2026-08-14 10:21:17
2025-03-29,East,District7,0,2,0,0.0,4.56,30.2,62.6,2026-08-14 10:21:17
2025-03-29,East,District8,0,5,0,0.0,8.73,29.8,70.2,2026-08-14 10:21:17
2025-03-29,East,District9,1,1,0,0.0,15.37,26.1,62.2,2026-08-14 10:21:17
2025-03-29,East,District10,0,2,0,0.0,7.62,34.9,89.4,2026-08-14 10:21:17
2025-03-29,Far North,District1,0,3,0,0.0,19.68,29.7,79.1,2026-08-14 10:21:17
2025-03-29,Far North,District2,0,4,0,0.0,6.95,32.0,67.1,2026-08-14 10:21:17
2025-03-29,Far North,District3,0,5,0,0.0,8.08,30.7,54.8,2026-08-14 10:21:17
2025-03-29,Far North,District4,0,3,0,0.0,5.89,25.0,61.1,2026-08-14 10:21:17
2025-03-29,Far North,District5,1,4,1,100.0,11.7,33.6,75.5,2026-08-14 10:21:17
2025-03-29,Far North,District6,0,0,0,0.0,19.04,22.9,68.5,2026-08-14 10:21:17
2025-03-29,Far North,District7,0,4,0,0.0,13.93,26.6,76.3,2026-08-14 10:21:17
2025-03-29,Far North,District8,0,3,0,0.0,0.88,23.5,53.6,2026-08-14 10:21:17
2025-03-29,Far North,District9,0,5,0,0.0,6.78,22.7,81.2,2026-08-14 10:21:17
2025-03-29,Far North,District10,0,0,0,0.0,13.48,29.4,71.0,2026-08-14 10:21:17
2025-03-29,Littoral,District1,0,1,0,0.0,14.51,32.7,70.3,2026-08-14 10:21:17
2025-03-29,Littoral,District2,2,5,0,0.0,1.34,31.7,79.9,2026-08-14 10:21:17
2025-03-29,Littoral,District3,0,3,0,0.0,3.66,26.9,86.4,2026-08-14 10:21:17
2025-03-29,Littoral,District4,0,3,0,0.0,5.23,33.5,50.5,2026-08-14 10:21:17
2025-03-29,Littoral,District5,0,4,0,0.0,9.34,22.9,86.4,2026-08-14 10:21:17
2025-03-29,Littoral,District6,0,3,0,0.0,19.27,30.1,54.8,2026-08-14 10:21:17
2025-03-29,Littoral,District7,0,1,0,0.0,1.56,29.3,56.5,2026-08-14 10:21:17
2025-03-29,Littoral,District8,0,5,0,0.0,9.11,26.5,54.8,2026-08-14 10:21:17
2025-03-29,Littoral,District9,0,0,0,0.0,18.07,24.1,58.1,2026-08-14 10:21:17
2025-03-29,Littoral,District10,2,3,0,0.0,1.52,32.2,65.4,2026-08-14 10:21:17
2025-03-29,North,District1,1,1,1,100.0,6.29,25.6,72.4,2026-08-14 10:21:17
2025-03-29,North,District2,0,4,0,0.0,18.71,24.8,85.9,2026-08-14 10:21:17
2025-03-29,North,District3,0,5,0,0.0,1.55,24.9,88.9,2026-08-14 10:21:17
2025-03-29,North,District4,0,3,0,0.0,5.85,30.1,64.7,2026-08-14 10:21:17
2025-03-29,North,District5,0,3,0,0.0,15.49,33.0,86.8,2026-08-14 10:21:17
2025-03-29,North,District6,0,4,0,0.0,18.81,21.5,52.8,2026-08-14 10:21:17
2025-03-29,North,District7,2,5,0,0.0,1.11,31.7,58.3,2026-08-14 10:21:17
2025-03-29,North,District8,0,1,0,0.0,2.05,22.7,69.3,2026-08-14 10:21:17
2025-03-29,North,District9,2,1,1,50.0,10.78,23.1,78.0,2026-08-14 10:21:17
2025-03-29,North,District10,0,2,0,0.0,6.31,27.0,78.6,2026-08-14 10:21:17
2025-03-29,North-West,District1,0,5,0,0.0,7.59,21.7,85.5,2026-08-14 10:21:17
2025-03-29,North-West,District2,0,2,0,0.0,19.03,32.4,55.6,2026-08-14 10:21:17
2025-03-29,North-West,District3,0,3,0,0.0,18.08,30.9,54.4,2026-08-14 10:21:17
2025-03-29,North-West,District4,0,5,0,0.0,6.22,20.1,71.9,2026-08-14 10:21:17
2025-03-29,North-West,District5,0,1,0,0.0,14.82,32.9,58.6,2026-08-14 10:21:17
2025-03-29,North-West,District6,0,5,0,0.0,18.08,20.6,60.8,2026-08-14 10:21:17
2025-03-29,North-West,District7,0,3,0,0.0,5.74,33.4,78.4,2026-08-14 10:21:17
2025-03-29,North-West,District8,0,1,0,0.0,9.02,22.5,84.1,2026-08-14 10:21:17
2025-03-29,North-West,District9,0,1,0,0.0,3.65,29.0,85.0,2026-08-14 10:21:17
2025-03-29,North-West,District10,0,3,0,0.0,16.58,27.8,80.7,2026-08-14 10:21:17
2025-03-29,South,District1,1,3,0,0.0,18.48,30.9,67.5,2026-08-14 10:21:17
2025-03-29,South,District2,0,3,0,0.0,8.44,32.2,75.3,2026-08-14 10:21:17
2025-03-29,South,District3,2,3,1,50.0,19.06,25.4,87.8,2026-08-14 10:21:17
2025-03-29,South,District4,1,3,1,100.0,6.09,30.5,90.0,2026-08-14 10:21:17
2025-03-29,South,District5,0,2,0,0.0,14.74,24.1,70.5,2026-08-14 10:21:17
2025-03-29,South,District6,1,5,1,100.0,19.1,26.7,54.5,2026-08-14 10:21:17
2025-03-29,South,District7,0,1,0,0.0,15.37,20.5,68.0,2026-08-14 10:21:17
2025-03-29,South,District8,1,0,0,0.0,15.25,24.9,57.5,2026-08-14 10:21:17
2025-03-29,South,District9,1,2,1,100.0,0.54,33.5,53.2,2026-08-14 10:21:17
2025-03-29,South,District10,0,4,0,0.0,19.02,23.7,55.9,2026-08-14 10:21:17
2025-03-29,South-West,District1,0,4,0,0.0,13.89,34.3,71.0,2026-08-14 10:21:17
2025-03-29,South-West,District2,1,4,0,0.0,14.02,28.5,73.2,2026-08-14 10:21:17
2025-03-29,South-West,District3,0,5,0,0.0,14.88,24.9,62.5,2026-08-14 10:21:17
2025-03-29,South-West,District4,0,5,0,0.0,4.35,27.1,69.7,2026-08-14 10:21:17
2025-03-29,South-West,District5,0,5,0,0.0,7.9,34.8,52.7,2026-08-14 10:21:17
2025-03-29,South-West,District6,0,2,0,0.0,11.06,26.0,71.7,2026-08-14 10:21:17
2025-03-29,South-West,District7,1,0,1,100.0,3.99,30.3,68.6,2026-08-14 10:21:17
2025-03-29,South-West,District8,0,4,0,0.0,11.74,31.8,74.4,2026-08-14 10:21:17
2025-03-29,South-West,District9,0,2,0,0.0,9.44,31.2,72.6,2026-08-14 10:21:17
2025-03-29,South-West,District10,0,0,0,0.0,15.67,27.7,88.4,2026-08-14 10:21:17
2025-03-29,West,District1,0,1,0,0.0,16.51,31.2,74.1,2026-08-14 10:21:17
2025-03-29,West,District2,0,1,0,0.0,1.62,30.0,73.6,2026-08-14 10:21:17
2025-03-29,West,District3,3,0,0,0.0,15.54,23.3,86.2,2026-08-14 10:21:17
2025-03-29,West,District4,1,4,0,0.0,0.39,21.4,66.1,2026-08-14 10:21:17
2025-03-29,West,District5,2,2,0,0.0,9.49,22.9,80.6,2026-08-14 10:21:17
2025-03-29,West,District6,0,0,0,0.0,2.04,20.8,77.8,2026-08-14 10:21:17
2025-03-29,West,District7,0,3,0,0.0,11.03,24.0,63.7,2026-08-14 10:21:17
2025-03-29,West,District8,0,4,0,0.0,7.24,34.1,82.7,2026-08-14 10:21:17
2025-03-29,West,District9,0,0,0,0.0,7.8,21.4,51.3,2026-08-14 10:21:17
2025-03-29,West,District10,2,2,1,50.0,0.03,24.7,78.0,2026-08-14 10:21:17
2025-04-29,Adamawa,District1,2,0,0,0.0,14.29,24.0,62.2,2026-08-14 10:21:17
2025-04-29,Adamawa,District2,1,1,0,0.0,17.25,22.7,76.8,2026-08-14 10:21:17
2025-04-29,Adamawa,District3,0,3,0,0.0,16.44,33.6,61.9,2026-08-14 10:21:17
2025-04-29,Adamawa,District4,0,3,0,0.0,2.35,20.9,60.2,2026-08-14 10:21:17
2025-04-29,Adamawa,District5,0,2,0,0.0,5.73,24.9,55.8,2026-08-14 10:21:17
2025-04-29,Adamawa,District6,0,5,0,0.0,8.54,32.5,71.5,2026-08-14 10:21:17
2025-04-29,Adamawa,District7,0,0,0,0.0,8.12,34.3,63.3,2026-08-14 10:21:17
2025-04-29,Adamawa,District8,0,2,0,0.0,15.96,22.1,84.7,2026-08-14 10:21:17
2025-04-29,Adamawa,District9,0,0,0,0.0,12.54,31.3,68.0,2026-08-14 10:21:17
2025-04-29,Adamawa,District10,2,0,1,50.0,4.32,20.4,59.4,2026-08-14 10:21:17
2025-04-29,Centre,District1,0,5,0,0.0,0.18,33.2,79.8,2026-08-14 10:21:17
2025-04-29,Centre,District2,1,2,1,100.0,12.77,23.5,57.6,2026-08-14 10:21:17
2025-04-29,Centre,District3,0,3,0,0.0,0.64,33.3,85.9,2026-08-14 10:21:17
2025-04-29,Centre,District4,1,4,0,0.0,2.71,24.0,75.1,2026-08-14 10:21:17
2025-04-29,Centre,District5,0,1,0,0.0,1.12,34.2,62.9,2026-08-14 10:21:17
2025-04-29,Centre,District6,0,4,0,0.0,12.34,34.9,82.4,2026-08-14 10:21:17
2025-04-29,Centre,District7,0,3,0,0.0,4.14,23.0,50.1,2026-08-14 10:21:17
2025-04-29,Centre,District8,2,3,1,50.0,8.39,30.1,67.5,2026-08-14 10:21:17
2025-04-29,Centre,District9,0,4,0,0.0,0.86,32.9,71.5,2026-08-14 10:21:17
2025-04-29,Centre,District10,0,0,0,0.0,16.27,25.2,58.8,2026-08-14 10:21:17
2025-04-29,East,District1,1,4,1,100.0,1.59,29.4,83.1,2026-08-14 10:21:17
2025-04-29,East,District2,0,4,0,0.0,0.5,33.6,60.4,2026-08-14 10:21:17
2025-04-29,East,District3,0,1,0,0.0,3.42,29.9,72.5,2026-08-14 10:21:17
2025-04-29,East,District4,0,1,0,0.0,9.2,25.8,88.0,2026-08-14 10:21:17
2025-04-29,East,District5,0,1,0,0.0,0.01,21.9,69.6,2026-08-14 10:21:17
2025-04-29,East,District6,0,5,0,0.0,5.54,23.9,51.4,2026-08-14 10:21:17
2025-04-29,East,District7,0,5,0,0.0,18.68,25.5,59.1,2026-08-14 10:21:17
2025-04-29,East,District8,2,1,0,0.0,8.92,23.3,69.3,2026-08-14 10:21:17
2025-04-29,East,District9,0,0,0,0.0,11.39,20.0,72.0,2026-08-14 10:21:17
2025-04-29,East,District10,0,4,0,0.0,8.58,29.6,50.4,2026-08-14 10:21:17
2025-04-29,Far North,District1,1,0,0,0.0,15.61,22.6,58.5,2026-08-14 10:21:17
2025-04-29,Far North,District2,1,1,1,100.0,16.05,28.5,82.9,2026-08-14 10:21:17
2025-04-29,Far North,District3,2,1,1,50.0,14.68,30.6,87.8,2026-08-14 10:21:17
2025-04-29,Far North,District4,0,1,0,0.0,0.98,22.4,72.1,2026-08-14 10:21:17
2025-04-29,Far North,District5,0,4,0,0.0,4.11,30.5,82.0,2026-08-14 10:21:17
2025-04-29,Far North,District6,2,2,1,50.0,6.11,21.4,56.2,2026-08-14 10:21:17
2025-04-29,Far North,District7,3,1,1,33.33,18.21,22.4,65.6,2026-08-14 10:21:17
2025-04-29,Far North,District8,0,0,0,0.0,5.46,33.4,56.7,2026-08-14 10:21:17
2025-04-29,Far North,District9,0,3,0,0.0,9.05,32.3,74.2,2026-08-14 10:21:17
2025-04-29,Far North,District10,0,5,0,0.0,3.48,22.2,58.1,2026-08-14 10:21:17
2025-04-29,Littoral,District1,0,5,0,0.0,13.0,22.8,58.5,2026-08-14 10:21:17
2025-04-29,Littoral,District2,1,2,1,100.0,11.37,35.0,55.5,2026-08-14 10:21:17
2025-04-29,Littoral,District3,0,0,0,0.0,18.78,33.6,79.5,2026-08-14 10:21:17
2025-04-29,Littoral,District4,0,2,0,0.0,1.58,33.4,75.6,2026-08-14 10:21:17
2025-04-29,Littoral,District5,0,2,0,0.0,4.43,26.4,59.0,2026-08-14 10:21:17
2025-04-29,Littoral,District6,0,1,0,0.0,10.72,33.9,62.6,2026-08-14 10:21:17
2025-04-29,Littoral,District7,0,4,0,0.0,6.17,28.1,87.9,2026-08-14 10:21:17
2025-04-29,Littoral,District8,0,0,0,0.0,15.14,32.3,54.7,2026-08-14 10:21:17
2025-04-29,Littoral,District9,0,5,0,0.0,7.94,30.2,74.2,2026-08-14 10:21:17
2025-04-29,Littoral,District10,0,4,0,0.0,16.4,29.1,67.8,2026-08-14 10:21:17
2025-04-29,North,District1,0,1,0,0.0,11.07,32.0,76.4,2026-08-14 10:21:17
2025-04-29,North,District2,0,2,0,0.0,13.04,34.0,53.6,2026-08-14 10:21:17
2025-04-29,North,District3,0,1,0,0.0,19.56,27.1,63.8,2026-08-14 10:21:17
2025-04-29,North,District4,0,4,0,0.0,13.57,25.2,64.8,2026-08-14 10:21:17
2025-04-29,North,District5,0,0,0,0.0,7.97,25.7,66.0,2026-08-14 10:21:17
2025-04-29,North,District6,0,0,0,0.0,9.71,22.9,56.3,2026-08-14 10:21:17
2025-04-29,North,District7,0,2,0,0.0,6.43,33.7,65.6,2026-08-14 10:21:17
2025-04-29,North,District8,0,4,0,0.0,2.81,34.2,70.8,2026-08-14 10:21:17
2025-04-29,North,District9,1,3,1,100.0,3.91,28.6,82.3,2026-08-14 10:21:17
2025-04-29,North,District10,0,1,0,0.0,17.99,30.5,70.8,2026-08-14 10:21:17
2025-04-29,North-West,District1,0,4,0,0.0,11.32,24.9,50.8,2026-08-14 10:21:17
2025-04-29,North-West,District2,0,3,0,0.0,9.05,23.6,86.3,2026-08-14 10:21:17
2025-04-29,North-West,District3,1,1,0,0.0,3.91,31.4,59.8,2026-08-14 10:21:17
2025-04-29,North-West,District4,2,1,0,0.0,15.51,22.9,72.3,2026-08-14 10:21:17
2025-04-29,North-West,District5,0,4,0,0.0,5.57,24.1,78.8,2026-08-14 10:21:17
2025-04-29,North-West,District6,0,0,0,0.0,11.61,20.0,65.6,2026-08-14 10:21:17
2025-04-29,North-West,District7,0,3,0,0.0,10.63,21.5,69.8,2026-08-14 10:21:17
2025-04-29,North-West,District8,2,2,1,50.0,3.84,29.3,79.5,2026-08-14 10:21:17
2025-04-29,North-West,District9,0,5,0,0.0,14.61,22.8,50.7,2026-08-14 10:21:17
2025-04-29,North-West,District10,0,3,0,0.0,14.52,25.3,50.1,2026-08-14 10:21:17
2025-04-29,South,District1,0,5,0,0.0,9.11,34.4,66.2,2026-08-14 10:21:17
2025-04-29,South,District2,0,3,0,0.0,3.86,25.8,83.9,2026-08-14 10:21:17
2025-04-29,South,District3,0,3,0,0.0,12.7,33.2,69.9,2026-08-14 10:21:17
2025-04-29,South,District4,0,5,0,0.0,2.36,23.3,84.7,2026-08-14 10:21:17
2025-04-29,South,District5,1,1,0,0.0,7.81,22.4,80.5,2026-08-14 10:21:17
2025-04-29,South,District6,0,1,0,0.0,17.18,33.6,51.9,2026-08-14 10:21:17
2025-04-29,South,District7,3,5,0,0.0,10.15,32.3,81.9,2026-08-14 10:21:17
2025-04-29,South,District8,3,1,1,33.33,14.96,23.9,76.9,2026-08-14 10:21:17
2025-04-29,South,District9,0,5,0,0.0,2.98,20.3,65.8,2026-08-14 10:21:17
2025-04-29,South,District10,0,3,0,0.0,5.87,23.7,66.9,2026-08-14 10:21:17
2025-04-29,South-West,District1,0,5,0,0.0,17.96,24.6,72.7,2026-08-14 10:21:17
2025-04-29,South-West,District2,0,0,0,0.0,8.08,29.2,83.0,2026-08-14 10:21:17
2025-04-29,South-West,District3,0,1,0,0.0,18.77,28.7,87.4,2026-08-14 10:21:17
2025-04-29,South-West,District4,0,1,0,0.0,16.48,31.8,81.8,2026-08-14 10:21:17
2025-04-29,South-West,District5,0,2,0,0.0,13.05,27.2,54.6,2026-08-14 10:21:17
2025-04-29,South-West,District6,0,4,0,0.0,14.42,30.7,51.4,2026-08-14 10:21:17
2025-04-29,South-West,District7,1,2,1,100.0,15.23,25.6,89.1,2026-08-14 10:21:17
2025-04-29,South-West,District8,0,2,0,0.0,2.82,22.5,81.1,2026-08-14 10:21:17
2025-04-29,South-West,District9,0,0,0,0.0,13.91,33.3,79.9,2026-08-14 10:21:17
2025-04-29,South-West,District10,0,2,0,0.0,2.64,21.3,80.1,2026-08-14 10:21:17
2025-04-29,West,District1,0,5,0,0.0,0.04,21.4,80.3,2026-08-14 10:21:17
2025-04-29,West,District2,0,2,0,0.0,9.54,22.9,62.4,2026-08-14 10:21:17
2025-04-29,West,District3,0,0,0,0.0,10.76,24.6,59.4,2026-08-14 10:21:17
2025-04-29,West,District4,1,1,0,0.0,6.64,27.5,82.5,2026-08-14 10:21:17
2025-04-29,West,District5,0,3,0,0.0,6.33,25.7,76.8,2026-08-14 10:21:17
2025-04-29,West,District6,0,0,0,0.0,5.15,24.2,84.1,2026-08-14 10:21:17
2025-04-29,West,District7,0,3,0,0.0,4.89,29.6,81.9,2026-08-14 10:21:17
2025-04-29,West,District8,0,4,0,0.0,14.87,28.5,88.4,2026-08-14 10:21:17
2025-04-29,West,District9,1,0,1,100.0,5.07,34.4,65.9,2026-08-14 10:21:17
2025-04-29,West,District10,0,4,0,0.0,15.41,21.3,53.7,2026-08-14 10:21:17
2025-04-25,Adamawa,District1,0,0,0,0.0,7.25,34.6,60.8,2026-08-14 10:21:17
2025-04-25,Adamawa,District2,0,4,0,0.0,12.85,27.7,65.1,2026-08-14 10:21:17
2025-04-25,Adamawa,District3,0,4,0,0.0,10.17,32.7,62.3,2026-08-14 10:21:17
2025-04-25,Adamawa,District4,0,4,0,0.0,7.63,31.3,89.6,2026-08-14 10:21:17
2025-04-25,Adamawa,District5,0,1,0,0.0,8.75,30.3,70.5,2026-08-14 10:21:17
2025-04-25,Adamawa,District6,0,2,0,0.0,4.85,34.8,53.5,2026-08-14 10:21:17
2025-04-25,Adamawa,District7,3,1,0,0.0,18.33,24.3,77.8,2026-08-14 10:21:17
2025-04-25,Adamawa,District8,0,4,0,0.0,3.39,31.1,53.7,2026-08-14 10:21:17
2025-04-25,Adamawa,District9,0,0,0,0.0,16.17,30.4,62.3,2026-08-14 10:21:17
2025-04-25,Adamawa,District10,0,5,0,0.0,1.9,31.0,86.9,2026-08-14 10:21:17
2025-04-25,Centre,District1,3,4,1,33.33,14.5,21.7,75.2,2026-08-14 10:21:17
2025-04-25,Centre,District2,0,2,0,0.0,7.38,21.6,53.1,2026-08-14 10:21:17
2025-04-25,Centre,District3,0,4,0,0.0,14.27,33.5,85.5,2026-08-14 10:21:17
2025-04-25,Centre,District4,0,2,0,0.0,12.08,30.9,61.8,2026-08-14 10:21:17
2025-04-25,Centre,District5,0,1,0,0.0,8.94,22.5,52.4,2026-08-14 10:21:17
2025-04-25,Centre,District6,0,4,0,0.0,14.02,21.6,65.9,2026-08-14 10:21:17
2025-04-25,Centre,District7,0,0,0,0.0,8.32,29.3,78.7,2026-08-14 10:21:17
2025-04-25,Centre,District8,0,3,0,0.0,1.84,32.8,66.2,2026-08-14 10:21:17
2025-04-25,Centre,District9,0,5,0,0.0,11.81,31.8,79.6,2026-08-14 10:21:17
2025-04-25,Centre,District10,0,4,0,0.0,13.15,29.2,71.7,2026-08-14 10:21:17
2025-04-25,East,District1,0,5,0,0.0,8.28,30.5,76.5,2026-08-14 10:21:17
2025-04-25,East,District2,0,1,0,0.0,16.3,27.5,77.1,2026-08-14 10:21:17
2025-04-25,East,District3,0,4,0,0.0,9.87,31.8,84.2,2026-08-14 10:21:17
2025-04-25,East,District4,3,1,1,33.33,10.65,20.3,60.6,2026-08-14 10:21:17
2025-04-25,East,District5,0,3,0,0.0,1.34,30.8,75.7,2026-08-14 10:21:17
2025-04-25,East,District6,0,1,0,0.0,5.13,21.6,78.6,2026-08-14 10:21:17
2025-04-25,East,District7,0,3,0,0.0,12.8,20.5,62.2,2026-08-14 10:21:17
2025-04-25,East,District8,0,2,0,0.0,11.81,30.4,58.4,2026-08-14 10:21:17
2025-04-25,East,District9,0,2,0,0.0,11.25,21.6,76.9,2026-08-14 10:21:17
2025-04-25,East,District10,0,0,0,0.0,0.23,32.3,71.5,2026-08-14 10:21:17
2025-04-25,Far North,District1,3,1,0,0.0,5.13,33.4,76.5,2026-08-14 10:21:17
2025-04-25,Far North,District2,0,2,0,0.0,3.89,26.9,88.5,2026-08-14 10:21:17
2025-04-25,Far North,District3,0,3,0,0.0,9.92,21.7,57.6,2026-08-14 10:21:17
2025-04-25,Far North,District4,2,4,0,0.0,13.83,32.7,85.4,2026-08-14 10:21:17
2025-04-25,Far North,District5,0,1,0,0.0,17.15,25.7,59.8,2026-08-14 10:21:17
2025-04-25,Far North,District6,0,4,0,0.0,17.36,32.2,67.8,2026-08-14 10:21:17
2025-04-25,Far North,District7,0,1,0,0.0,7.27,34.7,77.4,2026-08-14 10:21:17
2025-04-25,Far North,District8,3,0,1,33.33,13.06,30.7,54.1,2026-08-14 10:21:17
2025-04-25,Far North,District9,0,3,0,0.0,18.86,21.3,83.5,2026-08-14 10:21:17
2025-04-25,Far North,District10,0,2,0,0.0,18.8,20.9,78.5,2026-08-14 10:21:17
2025-04-25,Littoral,District1,2,5,0,0.0,13.28,26.1,65.8,2026-08-14 10:21:17
2025-04-25,Littoral,District2,0,0,0,0.0,7.55,28.7,64.7,2026-08-14 10:21:17
2025-04-25,Littoral,District3,0,0,0,0.0,7.34,21.2,51.1,2026-08-14 10:21:17
2025-04-25,Littoral,District4,2,0,1,50.0,7.13,24.6,66.2,2026-08-14 10:21:17
2025-04-25,Littoral,District5,0,3,0,0.0,19.61,31.1,66.1,2026-08-14 10:21:17
2025-04-25,Littoral,District6,0,2,0,0.0,17.86,25.4,84.5,2026-08-14 10:21:17
2025-04-25,Littoral,District7,2,1,0,0.0,12.87,24.8,79.0,2026-08-14 10:21:17
2025-04-25,Littoral,District8,1,5,1,100.0,5.23,34.4,85.9,2026-08-14 10:21:17
2025-04-25,Littoral,District9,1,5,1,100.0,14.95,20.8,60.8,2026-08-14 10:21:17
2025-04-25,Littoral,District10,3,3,0,0.0,19.58,28.7,74.8,2026-08-14 10:21:17
2025-04-25,North,District1,0,2,0,0.0,2.42,23.3,73.7,2026-08-14 10:21:17
2025-04-25,North,District2,0,4,0,0.0,18.19,32.8,57.0,2026-08-14 10:21:17
2025-04-25,North,District3,0,5,0,0.0,3.07,25.2,54.1,2026-08-14 10:21:17
2025-04-25,North,District4,0,4,0,0.0,12.89,29.1,62.9,2026-08-14 10:21:17
2025-04-25,North,District5,0,2,0,0.0,7.29,35.0,63.5,2026-08-14 10:21:17
2025-04-25,North,District6,0,1,0,0.0,7.64,34.7,87.6,2026-08-14 10:21:17
2025-04-25,North,District7,1,1,0,0.0,1.0,21.6,74.4,2026-08-14 10:21:17
2025-04-25,North,District8,0,1,0,0.0,16.72,32.3,61.1,2026-08-14 10:21:17
2025-04-25,North,District9,0,5,0,0.0,6.74,29.3,61.2,2026-08-14 10:21:17
2025-04-25,North,District10,0,2,0,0.0,0.08,20.5,80.8,2026-08-14 10:21:17
2025-04-25,North-West,District1,0,0,0,0.0,8.83,21.8,70.7,2026-08-14 10:21:17
2025-04-25,North-West,District2,0,5,0,0.0,9.44,29.0,50.6,2026-08-14 10:21:17
2025-04-25,North-West,District3,1,0,1,100.0,3.35,31.8,87.5,2026-08-14 10:21:17
2025-04-25,North-West,District4,0,4,0,0.0,6.31,23.3,71.2,2026-08-14 10:21:17
2025-04-25,North-West,District5,0,2,0,0.0,14.43,26.6,84.6,2026-08-14 10:21:17
2025-04-25,North-West,District6,0,4,0,0.0,18.01,26.8,68.0,2026-08-14 10:21:17
2025-04-25,North-West,District7,0,4,0,0.0,4.59,24.4,69.7,2026-08-14 10:21:17
2025-04-25,North-West,District8,0,3,0,0.0,18.18,28.4,54.4,2026-08-14 10:21:17
2025-04-25,North-West,District9,0,5,0,0.0,13.66,22.8,54.2,2026-08-14 10:21:17
2025-04-25,North-West,District10,0,5,0,0.0,10.34,30.5,70.1,2026-08-14 10:21:17
2025-04-25,South,District1,0,0,0,0.0,12.21,32.4,81.0,2026-08-14 10:21:17
2025-04-25,South,District2,1,5,1,100.0,2.93,27.9,60.1,2026-08-14 10:21:17
2025-04-25,South,District3,2,4,0,0.0,0.36,33.3,80.8,2026-08-14 10:21:17
2025-04-25,South,District4,0,5,0,0.0,13.65,24.4,79.6,2026-08-14 10:21:17
2025-04-25,South,District5,1,2,1,100.0,15.46,26.3,58.8,2026-08-14 10:21:17
2025-04-25,South,District6,1,2,0,0.0,3.53,23.2,52.2,2026-08-14 10:21:17
2025-04-25,South,District7,0,1,0,0.0,1.76,21.8,58.5,2026-08-14 10:21:17
2025-04-25,South,District8,0,3,0,0.0,0.16,21.6,85.7,2026-08-14 10:21:17
2025-04-25,South,District9,0,4,0,0.0,5.37,22.6,54.0,2026-08-14 10:21:17
2025-04-25,South,District10,1,5,1,100.0,1.22,26.6,65.1,2026-08-14 10:21:17
2025-04-25,South-West,District1,2,2,1,50.0,16.53,30.1,72.2,2026-08-14 10:21:17
2025-04-25,South-West,District2,0,4,0,0.0,19.38,28.3,51.5,2026-08-14 10:21:17
2025-04-25,South-West,District3,0,5,0,0.0,12.85,28.4,85.9,2026-08-14 10:21:17
2025-04-25,South-West,District4,0,2,0,0.0,15.87,29.2,77.8,2026-08-14 10:21:17
2025-04-25,South-West,District5,2,1,1,50.0,14.97,26.0,56.8,2026-08-14 10:21:17
2025-04-25,South-West,District6,1,3,1,100.0,6.5,32.2,59.5,2026-08-14 10:21:17
2025-04-25,South-West,District7,1,0,1,100.0,2.49,25.7,64.5,2026-08-14 10:21:17
2025-04-25,South-West,District8,0,0,0,0.0,4.1,28.8,63.3,2026-08-14 10:21:17
2025-04-25,South-West,District9,0,0,0,0.0,11.65,27.8,54.4,2026-08-14 10:21:17
2025-04-25,South-West,District10,0,1,0,0.0,3.65,20.1,88.5,2026-08-14 10:21:17
2025-04-25,West,District1,2,3,0,0.0,19.42,31.8,81.0,2026-08-14 10:21:17
2025-04-25,West,District2,0,4,0,0.0,7.88,32.3,53.6,2026-08-14 10:21:17
2025-04-25,West,District3,0,4,0,0.0,7.38,31.3,62.3,2026-08-14 10:21:17
2025-04-25,West,District4,1,0,0,0.0,11.09,23.9,71.8,2026-08-14 10:21:17
2025-04-25,West,District5,0,4,0,0.0,14.05,32.3,53.6,2026-08-14 10:21:17
2025-04-25,West,District6,2,1,1,50.0,10.83,27.3,77.2,2026-08-14 10:21:17
2025-04-25,West,District7,2,4,1,50.0,13.13,24.7,88.6,2026-08-14 10:21:17
2025-04-25,West,District8,0,0,0,0.0,13.32,27.9,83.9,2026-08-14 10:21:17
2025-04-25,West,District9,2,2,0,0.0,11.76,32.0,69.9,2026-08-14 10:21:17
2025-04-25,West,District10,3,4,0,0.0,7.42,26.5,51.2,2026-08-14 10:21:17
2025-04-26,Adamawa,District1,3,4,1,33.33,17.91,26.0,64.9,2026-08-14 10:21:17
2025-04-26,Adamawa,District2,0,1,0,0.0,9.83,20.3,81.0,2026-08-14 10:21:17
2025-04-26,Adamawa,District3,0,1,0,0.0,9.23,22.3,80.1,2026-08-14 10:21:17
2025-04-26,Adamawa,District4,0,4,0,0.0,16.58,34.1,67.4,2026-08-14 10:21:17
2025-04-26,Adamawa,District5,0,0,0,0.0,13.2,21.6,83.6,2026-08-14 10:21:17
2025-04-26,Adamawa,District6,0,2,0,0.0,13.21,27.4,76.4,2026-08-14 10:21:17
2025-04-26,Adamawa,District7,0,3,0,0.0,0.44,33.3,52.3,2026-08-14 10:21:17
2025-04-26,Adamawa,District8,0,3,0,0.0,7.41,26.5,88.5,2026-08-14 10:21:17
2025-04-26,Adamawa,District9,0,0,0,0.0,17.59,33.8,77.0,2026-08-14 10:21:17
2025-04-26,Adamawa,District10,0,2,0,0.0,5.59,27.9,66.7,2026-08-14 10:21:17
2025-04-26,Centre,District1,0,1,0,0.0,19.98,25.8,50.9,2026-08-14 10:21:17
2025-04-26,Centre,District2,3,1,1,33.33,10.81,30.6,52.0,2026-08-14 10:21:17
2025-04-26,Centre,District3,0,2,0,0.0,4.35,20.3,80.0,2026-08-14 10:21:17
2025-04-26,Centre,District4,0,4,0,0.0,11.99,25.2,84.5,2026-08-14 10:21:17
2025-04-26,Centre,District5,1,3,0,0.0,12.95,29.7,59.6,2026-08-14 10:21:17
2025-04-26,Centre,District6,3,3,1,33.33,7.2,29.8,64.3,2026-08-14 10:21:17
2025-04-26,Centre,District7,0,5,0,0.0,0.0,23.6,56.7,2026-08-14 10:21:17
2025-04-26,Centre,District8,0,3,0,0.0,10.01,22.7,62.9,2026-08-14 10:21:17
2025-04-26,Centre,District9,0,0,0,0.0,13.31,27.7,69.0,2026-08-14 10:21:17
2025-04-26,Centre,District10,2,2,1,50.0,16.27,26.4,58.9,2026-08-14 10:21:17
2025-04-26,East,District1,0,3,0,0.0,17.65,22.0,88.4,2026-08-14 10:21:17
2025-04-26,East,District2,3,5,1,33.33,8.88,29.3,54.1,2026-08-14 10:21:17
2025-04-26,East,District3,0,0,0,0.0,6.35,21.6,56.2,2026-08-14 10:21:17
2025-04-26,East,District4,1,1,0,0.0,5.89,26.3,64.6,2026-08-14 10:21:17
2025-04-26,East,District5,2,2,1,50.0,4.17,32.6,55.8,2026-08-14 10:21:17
2025-04-26,East,District6,0,0,0,0.0,13.17,21.0,56.7,2026-08-14 10:21:17
2025-04-26,East,District7,0,0,0,0.0,10.44,21.7,77.3,2026-08-14 10:21:17
2025-04-26,East,District8,0,2,0,0.0,12.5,20.1,58.4,2026-08-14 10:21:17
2025-04-26,East,District9,0,2,0,0.0,15.05,25.7,75.7,2026-08-14 10:21:17
2025-04-26,East,District10,0,0,0,0.0,6.02,27.0,81.1,2026-08-14 10:21:17
2025-04-26,Far North,District1,0,5,0,0.0,4.25,23.5,73.8,2026-08-14 10:21:17
2025-04-26,Far North,District2,0,1,0,0.0,9.34,28.7,68.7,2026-08-14 10:21:17
2025-04-26,Far North,District3,0,5,0,0.0,19.17,26.1,57.8,2026-08-14 10:21:17
2025-04-26,Far North,District4,0,1,0,0.0,7.88,30.3,76.5,2026-08-14 10:21:17
2025-04-26,Far North,District5,1,0,0,0.0,5.64,23.5,84.3,2026-08-14 10:21:17
2025-04-26,Far North,District6,0,4,0,0.0,11.2,22.1,83.1,2026-08-14 10:21:17
2025-04-26,Far North,District7,0,0,0,0.0,11.73,25.3,63.9,2026-08-14 10:21:17
2025-04-26,Far North,District8,0,0,0,0.0,9.42,27.3,73.2,2026-08-14 10:21:17
2025-04-26,Far North,District9,0,2,0,0.0,4.65,27.3,50.2,2026-08-14 10:21:17
2025-04-26,Far North,District10,0,3,0,0.0,3.45,20.2,59.1,2026-08-14 10:21:17
2025-04-26,Littoral,District1,0,5,0,0.0,13.61,25.6,64.7,2026-08-14 10:21:17
2025-04-26,Littoral,District2,2,5,0,0.0,8.89,22.0,71.1,2026-08-14 10:21:17
2025-04-26,Littoral,District3,0,3,0,0.0,11.16,28.9,86.8,2026-08-14 10:21:17
2025-04-26,Littoral,District4,0,4,0,0.0,2.69,33.3,88.2,2026-08-14 10:21:17
2025-04-26,Littoral,District5,0,1,0,0.0,2.96,32.2,80.0,2026-08-14 10:21:17
2025-04-26,Littoral,District6,0,0,0,0.0,14.67,32.3,56.2,2026-08-14 10:21:17
2025-04-26,Littoral,District7,1,1,1,100.0,5.48,24.0,88.3,2026-08-14 10:21:17
2025-04-26,Littoral,District8,1,1,0,0.0,2.16,21.6,86.5,2026-08-14 10:21:17
2025-04-26,Littoral,District9,0,4,0,0.0,9.2,21.2,53.3,2026-08-14 10:21:17
2025-04-26,Littoral,District10,2,3,0,0.0,11.06,25.7,66.6,2026-08-14 10:21:17
2025-04-26,North,District1,1,2,0,0.0,12.05,25.8,73.8,2026-08-14 10:21:17
2025-04-26,North,District2,0,0,0,0.0,9.34,33.0,52.3,2026-08-14 10:21:17
2025-04-26,North,District3,1,2,0,0.0,16.07,32.3,84.8,2026-08-14 10:21:17
2025-04-26,North,District4,0,5,0,0.0,17.1,21.7,64.5,2026-08-14 10:21:17
2025-04-26,North,District5,0,0,0,0.0,2.95,26.6,84.1,2026-08-14 10:21:17
2025-04-26,North,District6,0,4,0,0.0,14.98,21.6,65.6,2026-08-14 10:21:17
2025-04-26,North,District7,1,4,1,100.0,18.85,34.5,69.0,2026-08-14 10:21:17
2025-04-26,North,District8,2,5,0,0.0,10.48,34.8,51.9,2026-08-14 10:21:17
2025-04-26,North,District9,0,4,0,0.0,12.43,30.0,57.9,2026-08-14 10:21:17
2025-04-26,North,District10,0,5,0,0.0,13.6,34.1,81.7,2026-08-14 10:21:17
2025-04-26,North-West,District1,0,3,0,0.0,19.64,20.1,70.7,2026-08-14 10:21:17
2025-04-26,North-West,District2,2,4,1,50.0,15.95,32.1,86.0,2026-08-14 10:21:17
2025-04-26,North-West,District3,0,3,0,0.0,9.77,32.8,75.6,2026-08-14 10:21:17
2025-04-26,North-West,District4,2,3,0,0.0,5.16,30.6,51.4,2026-08-14 10:21:17
2025-04-26,North-West,District5,1,2,1,100.0,15.45,31.9,83.6,2026-08-14 10:21:17
2025-04-26,North-West,District6,0,5,0,0.0,6.53,21.3,61.0,2026-08-14 10:21:17
2025-04-26,North-West,District7,0,4,0,0.0,1.75,22.5,78.9,2026-08-14 10:21:17
2025-04-26,North-West,District8,1,3,1,100.0,3.66,22.7,78.1,2026-08-14 10:21:17
2025-04-26,North-West,District9,0,0,0,0.0,5.43,26.5,65.0,2026-08-14 10:21:17
2025-04-26,North-West,District10,0,5,0,0.0,4.81,26.0,63.8,2026-08-14 10:21:17
2025-04-26,South,District1,0,4,0,0.0,10.17,32.6,62.0,2026-08-14 10:21:17
2025-04-26,South,District2,0,0,0,0.0,1.56,25.4,88.5,2026-08-14 10:21:17
2025-04-26,South,District3,0,4,0,0.0,6.7,24.8,79.2,2026-08-14 10:21:17
2025-04-26,South,District4,0,4,0,0.0,3.66,31.7,80.1,2026-08-14 10:21:17
2025-04-26,South,District5,0,2,0,0.0,4.97,31.5,67.2,2026-08-14 10:21:17
2025-04-26,South,District6,0,5,0,0.0,12.56,31.8,52.5,2026-08-14 10:21:17
2025-04-26,South,District7,0,5,0,0.0,15.11,23.7,80.8,2026-08-14 10:21:17
2025-04-26,South,District8,0,0,0,0.0,13.0,20.2,61.9,2026-08-14 10:21:17
2025-04-26,South,District9,0,5,0,0.0,0.64,23.6,84.6,2026-08-14 10:21:17
2025-04-26,South,District10,0,0,0,0.0,8.34,33.7,68.2,2026-08-14 10:21:17
2025-04-26,South-West,District1,0,2,0,0.0,19.93,30.0,60.8,2026-08-14 10:21:17
2025-04-26,South-West,District2,0,4,0,0.0,17.46,22.2,68.4,2026-08-14 10:21:17
2025-04-26,South-West,District3,0,2,0,0.0,3.36,28.4,71.3,2026-08-14 10:21:17
2025-04-26,South-West,District4,0,4,0,0.0,5.59,27.6,67.9,2026-08-14 10:21:17
2025-04-26,South-West,District5,0,1,0,0.0,12.96,27.5,72.3,2026-08-14 10:21:17
2025-04-26,South-West,District6,0,2,0,0.0,14.04,20.8,66.1,2026-08-14 10:21:17
2025-04-26,South-West,District7,0,0,0,0.0,0.83,22.1,87.3,2026-08-14 10:21:17
2025-04-26,South-West,District8,0,2,0,0.0,3.18,28.5,86.1,2026-08-14 10:21:17
2025-04-26,South-West,District9,0,3,0,0.0,15.15,28.7,60.4,2026-08-14 10:21:17
2025-04-26,South-West,District10,0,0,0,0.0,10.87,34.2,66.8,2026-08-14 10:21:17
2025-04-26,West,District1,0,0,0,0.0,16.87,26.5,53.7,2026-08-14 10:21:17
2025-04-26,West,District2,0,5,0,0.0,6.34,27.6,50.1,2026-08-14 10:21:17
2025-04-26,West,District3,0,1,0,0.0,16.97,32.5,87.7,2026-08-14 10:21:17
2025-04-26,West,District4,0,2,0,0.0,0.68,30.4,66.5,2026-08-14 10:21:17
2025-04-26,West,District5,2,4,0,0.0,4.13,21.1,86.2,2026-08-14 10:21:17
2025-04-26,West,District6,1,3,0,0.0,13.76,31.3,80.3,2026-08-14 10:21:17
2025-04-26,West,District7,3,5,0,0.0,17.81,24.4,67.5,2026-08-14 10:21:17
2025-04-26,West,District8,0,1,0,0.0,6.98,24.4,59.7,2026-08-14 10:21:17
2025-04-26,West,District9,0,4,0,0.0,8.95,21.3,51.4,2026-08-14 10:21:17
2025-04-26,West,District10,0,4,0,0.0,16.85,33.3,88.3,2026-08-14 10:21:17
2025-04-24,Adamawa,District1,0,3,0,0.0,16.3,29.0,87.3,2026-08-14 10:21:17
2025-04-24,Adamawa,District2,0,3,0,0.0,17.72,27.5,78.5,2026-08-14 10:21:17
2025-04-24,Adamawa,District3,0,4,0,0.0,8.59,30.3,69.6,2026-08-14 10:21:17
2025-04-24,Adamawa,District4,0,4,0,0.0,8.97,30.4,88.7,2026-08-14 10:21:17
2025-04-24,Adamawa,District5,2,1,1,50.0,17.05,29.1,74.1,2026-08-14 10:21:17
2025-04-24,Adamawa,District6,1,4,0,0.0,13.69,25.2,69.3,2026-08-14 10:21:17
2025-04-24,Adamawa,District7,0,5,0,0.0,20.0,34.3,87.9,2026-08-14 10:21:17
2025-04-24,Adamawa,District8,0,1,0,0.0,3.51,31.9,79.6,2026-08-14 10:21:17
2025-04-24,Adamawa,District9,0,1,0,0.0,9.09,21.0,67.3,2026-08-14 10:21:17
2025-04-24,Adamawa,District10,0,5,0,0.0,6.11,24.1,58.0,2026-08-14 10:21:17
2025-04-24,Centre,District1,0,4,0,0.0,15.29,28.4,77.8,2026-08-14 10:21:17
2025-04-24,Centre,District2,3,1,0,0.0,11.94,27.6,88.5,2026-08-14 10:21:17
2025-04-24,Centre,District3,1,3,0,0.0,10.61,32.9,56.3,2026-08-14 10:21:17
2025-04-24,Centre,District4,0,5,0,0.0,12.88,33.5,64.2,2026-08-14 10:21:17
2025-04-24,Centre,District5,0,5,0,0.0,10.99,30.9,89.9,2026-08-14 10:21:17
2025-04-24,Centre,District6,2,4,1,50.0,18.27,25.6,73.5,2026-08-14 10:21:17
2025-04-24,Centre,District7,0,2,0,0.0,18.33,20.9,71.5,2026-08-14 10:21:17
2025-04-24,Centre,District8,2,1,0,0.0,19.42,31.8,79.3,2026-08-14 10:21:17
2025-04-24,Centre,District9,0,0,0,0.0,1.4,20.3,52.1,2026-08-14 10:21:17
2025-04-24,Centre,District10,0,1,0,0.0,5.68,23.0,54.9,2026-08-14 10:21:17
2025-04-24,East,District1,1,4,1,100.0,17.44,20.9,69.2,2026-08-14 10:21:17
2025-04-24,East,District2,0,4,0,0.0,14.25,33.1,85.6,2026-08-14 10:21:17
2025-04-24,East,District3,0,0,0,0.0,14.95,34.5,69.6,2026-08-14 10:21:17
2025-04-24,East,District4,0,4,0,0.0,14.29,22.5,65.4,2026-08-14 10:21:17
2025-04-24,East,District5,2,5,0,0.0,17.3,35.0,73.7,2026-08-14 10:21:17
2025-04-24,East,District6,1,5,1,100.0,11.77,28.3,83.7,2026-08-14 10:21:17
2025-04-24,East,District7,1,1,0,0.0,14.72,31.3,68.2,2026-08-14 10:21:17
2025-04-24,East,District8,0,0,0,0.0,17.61,33.1,75.9,2026-08-14 10:21:17
2025-04-24,East,District9,1,4,1,100.0,9.19,34.1,58.0,2026-08-14 10:21:17
2025-04-24,East,District10,3,5,1,33.33,10.67,31.1,83.3,2026-08-14 10:21:17
2025-04-24,Far North,District1,0,2,0,0.0,4.16,30.9,74.6,2026-08-14 10:21:17
2025-04-24,Far North,District2,2,1,0,0.0,16.84,27.8,85.5,2026-08-14 10:21:17
2025-04-24,Far North,District3,0,1,0,0.0,1.88,32.0,50.5,2026-08-14 10:21:17
2025-04-24,Far North,District4,0,5,0,0.0,0.11,26.3,58.3,2026-08-14 10:21:17
2025-04-24,Far North,District5,0,0,0,0.0,10.1,29.0,50.3,2026-08-14 10:21:17
2025-04-24,Far North,District6,1,3,0,0.0,16.05,22.0,68.0,2026-08-14 10:21:17
2025-04-24,Far North,District7,0,4,0,0.0,5.65,32.7,52.1,2026-08-14 10:21:17
2025-04-24,Far North,District8,0,0,0,0.0,5.03,30.1,54.9,2026-08-14 10:21:17
2025-04-24,Far North,District9,0,4,0,0.0,17.91,27.7,66.5,2026-08-14 10:21:17
2025-04-24,Far North,District10,0,0,0,0.0,19.49,21.3,84.7,2026-08-14 10:21:17
2025-04-24,Littoral,District1,0,5,0,0.0,14.45,33.2,51.2,2026-08-14 10:21:17
2025-04-24,Littoral,District2,2,1,1,50.0,5.67,30.2,57.2,2026-08-14 10:21:17
2025-04-24,Littoral,District3,0,5,0,0.0,6.71,31.5,77.0,2026-08-14 10:21:17
2025-04-24,Littoral,District4,0,5,0,0.0,12.5,22.7,79.0,2026-08-14 10:21:17
2025-04-24,Littoral,District5,0,1,0,0.0,18.11,22.0,76.5,2026-08-14 10:21:17
2025-04-24,Littoral,District6,0,5,0,0.0,0.79,31.7,57.5,2026-08-14 10:21:17
2025-04-24,Littoral,District7,0,2,0,0.0,10.61,33.5,75.0,2026-08-14 10:21:17
2025-04-24,Littoral,District8,0,5,0,0.0,5.33,32.1,81.6,2026-08-14 10:21:17
2025-04-24,Littoral,District9,0,0,0,0.0,2.02,28.1,67.8,2026-08-14 10:21:17
2025-04-24,Littoral,District10,2,2,0,0.0,4.22,29.5,73.0,2026-08-14 10:21:17
2025-04-24,North,District1,0,1,0,0.0,7.69,22.1,77.4,2026-08-14 10:21:17
2025-04-24,North,District2,0,5,0,0.0,2.0,33.4,61.1,2026-08-14 10:21:17
2025-04-24,North,District3,0,1,0,0.0,0.75,31.9,66.1,2026-08-14 10:21:17
2025-04-24,North,District4,0,5,0,0.0,3.02,24.4,58.6,2026-08-14 10:21:17
2025-04-24,North,District5,0,2,0,0.0,3.23,20.5,87.4,2026-08-14 10:21:17
2025-04-24,North,District6,0,2,0,0.0,15.02,29.2,82.5,2026-08-14 10:21:17
2025-04-24,North,District7,2,3,1,50.0,10.96,23.0,71.5,2026-08-14 10:21:17
2025-04-24,North,District8,0,4,0,0.0,8.02,29.6,59.8,2026-08-14 10:21:17
2025-04-24,North,District9,0,0,0,0.0,7.27,26.6,61.4,2026-08-14 10:21:17
2025-04-24,North,District10,1,1,0,0.0,11.31,27.9,75.4,2026-08-14 10:21:17
2025-04-24,North-West,District1,3,5,0,0.0,8.94,27.5,72.1,2026-08-14 10:21:17
2025-04-24,North-West,District2,0,5,0,0.0,15.85,24.9,85.8,2026-08-14 10:21:17
2025-04-24,North-West,District3,0,1,0,0.0,14.81,25.6,77.7,2026-08-14 10:21:17
2025-04-24,North-West,District4,2,3,1,50.0,8.63,31.3,69.6,2026-08-14 10:21:17
2025-04-24,North-West,District5,0,3,0,0.0,6.36,33.3,50.5,2026-08-14 10:21:17
2025-04-24,North-West,District6,0,1,0,0.0,4.27,26.6,90.0,2026-08-14 10:21:17
2025-04-24,North-West,District7,0,3,0,0.0,13.32,34.8,77.9,2026-08-14 10:21:17
2025-04-24,North-West,District8,0,4,0,0.0,16.95,22.7,81.8,2026-08-14 10:21:17
2025-04-24,North-West,District9,1,3,0,0.0,5.3,30.7,56.0,2026-08-14 10:21:17
2025-04-24,North-West,District10,0,3,0,0.0,2.63,22.1,56.0,2026-08-14 10:21:17
2025-04-24,South,District1,0,2,0,0.0,3.84,30.8,59.3,2026-08-14 10:21:17
2025-04-24,South,District2,0,1,0,0.0,6.25,28.9,70.0,2026-08-14 10:21:17
2025-04-24,South,District3,0,0,0,0.0,5.43,32.0,62.3,2026-08-14 10:21:17
2025-04-24,South,District4,0,3,0,0.0,19.63,27.2,80.9,2026-08-14 10:21:17
2025-04-24,South,District5,0,3,0,0.0,1.58,27.1,64.2,2026-08-14 10:21:17
2025-04-24,South,District6,3,3,1,33.33,5.02,33.7,88.9,2026-08-14 10:21:17
2025-04-24,South,District7,0,1,0,0.0,5.77,30.5,53.3,2026-08-14 10:21:17
2025-04-24,South,District8,0,4,0,0.0,3.44,25.1,79.7,2026-08-14 10:21:17
2025-04-24,South,District9,0,5,0,0.0,5.09,33.0,63.0,2026-08-14 10:21:17
2025-04-24,South,District10,0,4,0,0.0,3.96,28.8,83.6,2026-08-14 10:21:17
2025-04-24,South-West,District1,2,2,1,50.0,0.5,21.3,57.3,2026-08-14 10:21:17
2025-04-24,South-West,District2,0,3,0,0.0,6.47,25.7,86.9,2026-08-14 10:21:17
2025-04-24,South-West,District3,2,0,0,0.0,0.47,25.7,71.5,2026-08-14 10:21:17
2025-04-24,South-West,District4,1,1,0,0.0,13.15,32.0,67.0,2026-08-14 10:21:17
2025-04-24,South-West,District5,0,5,0,0.0,8.38,30.9,71.2,2026-08-14 10:21:17
2025-04-24,South-West,District6,0,4,0,0.0,14.11,29.1,64.5,2026-08-14 10:21:17
2025-04-24,South-West,District7,2,1,1,50.0,0.65,22.8,82.6,2026-08-14 10:21:17
2025-04-24,South-West,District8,0,1,0,0.0,17.11,27.0,60.9,2026-08-14 10:21:17
2025-04-24,South-West,District9,2,5,0,0.0,18.32,31.9,82.1,2026-08-14 10:21:17
2025-04-24,South-West,District10,1,4,1,100.0,16.47,22.0,70.5,2026-08-14 10:21:17
2025-04-24,West,District1,1,2,1,100.0,14.07,31.5,64.0,2026-08-14 10:21:17
2025-04-24,West,District2,0,5,0,0.0,0.14,22.8,76.9,2026-08-14 10:21:17
2025-04-24,West,District3,0,5,0,0.0,14.88,27.5,86.0,2026-08-14 10:21:17
2025-04-24,West,District4,0,3,0,0.0,13.9,27.6,73.4,2026-08-14 10:21:17
2025-04-24,West,District5,0,3,0,0.0,9.94,31.6,87.5,2026-08-14 10:21:17
2025-04-24,West,District6,0,1,0,0.0,2.94,32.5,83.2,2026-08-14 10:21:17
2025-04-24,West,District7,0,1,0,0.0,9.94,22.5,64.2,2026-08-14 10:21:17
2025-04-24,West,District8,0,2,0,0.0,1.15,29.6,84.8,2026-08-14 10:21:17
2025-04-24,West,District9,0,2,0,0.0,13.92,30.2,62.0,2026-08-14 10:21:17
2025-04-24,West,District10,0,1,0,0.0,8.75,34.4,55.8,2026-08-14 10:21:17
2025-05-28,Adamawa,District1,0,5,0,0.0,4.55,26.0,79.0,2026-08-14 10:21:17
2025-05-28,Adamawa,District2,0,5,0,0.0,7.44,22.5,88.8,2026-08-14 10:21:17
2025-05-28,Adamawa,District3,1,0,0,0.0,2.12,28.8,70.3,2026-08-14 10:21:17
2025-05-28,Adamawa,District4,0,0,0,0.0,9.78,34.9,52.9,2026-08-14 10:21:17
2025-05-28,Adamawa,District5,0,3,0,0.0,18.49,32.9,81.7,2026-08-14 10:21:17
2025-05-28,Adamawa,District6,0,4,0,0.0,6.32,33.0,73.7,2026-08-14 10:21:17
2025-05-28,Adamawa,District7,0,2,0,0.0,6.03,30.7,67.3,2026-08-14 10:21:17
2025-05-28,Adamawa,District8,3,5,0,0.0,17.56,20.8,56.4,2026-08-14 10:21:17
2025-05-28,Adamawa,District9,1,4,0,0.0,4.77,32.0,72.5,2026-08-14 10:21:17
2025-05-28,Adamawa,District10,0,1,0,0.0,14.09,29.4,75.7,2026-08-14 10:21:17
2025-05-28,Centre,District1,0,4,0,0.0,8.91,27.0,57.7,2026-08-14 10:21:17
2025-05-28,Centre,District2,0,5,0,0.0,5.67,21.4,89.1,2026-08-14 10:21:17
2025-05-28,Centre,District3,0,4,0,0.0,4.12,24.3,54.6,2026-08-14 10:21:17
2025-05-28,Centre,District4,0,3,0,0.0,6.54,23.0,81.1,2026-08-14 10:21:17
2025-05-28,Centre,District5,0,3,0,0.0,8.57,27.6,77.0,2026-08-14 10:21:17
2025-05-28,Centre,District6,0,4,0,0.0,11.18,28.3,68.5,2026-08-14 10:21:17
2025-05-28,Centre,District7,0,4,0,0.0,17.34,23.7,70.7,2026-08-14 10:21:17
2025-05-28,Centre,District8,0,4,0,0.0,6.55,21.9,53.0,2026-08-14 10:21:17
2025-05-28,Centre,District9,1,0,0,0.0,5.96,30.7,56.0,2026-08-14 10:21:17
2025-05-28,Centre,District10,0,2,0,0.0,10.08,23.1,58.5,2026-08-14 10:21:17
2025-05-28,East,District1,0,0,0,0.0,5.54,32.4,58.3,2026-08-14 10:21:17
2025-05-28,East,District2,0,0,0,0.0,17.23,29.9,65.2,2026-08-14 10:21:17
2025-05-28,East,District3,0,5,0,0.0,7.07,32.5,62.2,2026-08-14 10:21:17
2025-05-28,East,District4,0,2,0,0.0,3.72,22.1,78.0,2026-08-14 10:21:17
2025-05-28,East,District5,1,1,1,100.0,7.22,22.8,74.2,2026-08-14 10:21:17
2025-05-28,East,District6,0,2,0,0.0,5.48,28.1,82.2,2026-08-14 10:21:17
2025-05-28,East,District7,0,1,0,0.0,16.55,22.4,89.6,2026-08-14 10:21:17
2025-05-28,East,District8,0,1,0,0.0,9.92,34.7,88.3,2026-08-14 10:21:17
2025-05-28,East,District9,0,1,0,0.0,1.59,21.5,81.9,2026-08-14 10:21:17
2025-05-28,East,District10,2,0,1,50.0,18.04,22.6,85.2,2026-08-14 10:21:17
2025-05-28,Far North,District1,1,5,1,100.0,8.86,21.4,70.3,2026-08-14 10:21:17
2025-05-28,Far North,District2,1,0,0,0.0,16.72,29.5,88.5,2026-08-14 10:21:17
2025-05-28,Far North,District3,0,4,0,0.0,14.39,26.1,86.9,2026-08-14 10:21:17
2025-05-28,Far North,District4,0,4,0,0.0,7.2,24.0,83.5,2026-08-14 10:21:17
2025-05-28,Far North,District5,0,4,0,0.0,9.56,29.1,86.8,2026-08-14 10:21:17
2025-05-28,Far North,District6,0,2,0,0.0,6.83,32.9,71.2,2026-08-14 10:21:17
2025-05-28,Far North,District7,0,3,0,0.0,12.05,25.6,56.9,2026-08-14 10:21:17
2025-05-28,Far North,District8,0,2,0,0.0,8.11,27.7,81.6,2026-08-14 10:21:17
2025-05-28,Far North,District9,0,1,0,0.0,7.53,24.4,83.8,2026-08-14 10:21:17
2025-05-28,Far North,District10,0,1,0,0.0,0.51,20.5,87.9,2026-08-14 10:21:17
2025-05-28,Littoral,District1,0,0,0,0.0,8.9,26.9,68.4,2026-08-14 10:21:17
2025-05-28,Littoral,District2,0,0,0,0.0,13.67,27.9,82.0,2026-08-14 10:21:17
2025-05-28,Littoral,District3,0,4,0,0.0,12.73,31.2,67.0,2026-08-14 10:21:17
2025-05-28,Littoral,District4,0,2,0,0.0,10.29,21.7,59.0,2026-08-14 10:21:17
2025-05-28,Littoral,District5,0,1,0,0.0,16.97,33.0,88.7,2026-08-14 10:21:17
2025-05-28,Littoral,District6,0,2,0,0.0,17.21,21.0,64.7,2026-08-14 10:21:17
2025-05-28,Littoral,District7,0,0,0,0.0,0.13,27.0,66.8,2026-08-14 10:21:17
2025-05-28,Littoral,District8,0,5,0,0.0,13.44,26.9,71.1,2026-08-14 10:21:17
2025-05-28,Littoral,District9,0,2,0,0.0,4.74,28.2,58.3,2026-08-14 10:21:17
2025-05-28,Littoral,District10,2,3,0,0.0,9.41,34.7,80.4,2026-08-14 10:21:17
2025-05-28,North,District1,1,3,1,100.0,9.28,31.4,73.0,2026-08-14 10:21:17
2025-05-28,North,District2,2,5,1,50.0,16.76,21.8,61.5,2026-08-14 10:21:17
2025-05-28,North,District3,0,2,0,0.0,8.22,30.9,57.4,2026-08-14 10:21:17
2025-05-28,North,District4,1,4,1,100.0,14.77,21.9,72.8,2026-08-14 10:21:17
2025-05-28,North,District5,0,3,0,0.0,3.6,32.5,50.9,2026-08-14 10:21:17
2025-05-28,North,District6,0,5,0,0.0,1.39,28.5,51.9,2026-08-14 10:21:17
2025-05-28,North,District7,2,3,1,50.0,8.65,30.7,86.0,2026-08-14 10:21:17
2025-05-28,North,District8,0,0,0,0.0,2.1,31.9,74.2,2026-08-14 10:21:17
2025-05-28,North,District9,1,2,0,0.0,19.09,22.6,77.0,2026-08-14 10:21:17
2025-05-28,North,District10,0,1,0,0.0,4.24,34.2,63.8,2026-08-14 10:21:17
2025-05-28,North-West,District1,1,3,0,0.0,18.22,23.9,67.4,2026-08-14 10:21:17
2025-05-28,North-West,District2,0,1,0,0.0,14.84,25.1,69.7,2026-08-14 10:21:17
2025-05-28,North-West,District3,0,3,0,0.0,16.06,20.9,55.3,2026-08-14 10:21:17
2025-05-28,North-West,District4,0,4,0,0.0,2.36,34.3,86.0,2026-08-14 10:21:17
2025-05-28,North-West,District5,0,5,0,0.0,1.62,28.7,75.9,2026-08-14 10:21:17
2025-05-28,North-West,District6,0,1,0,0.0,2.23,33.6,82.5,2026-08-14 10:21:17
2025-05-28,North-West,District7,0,4,0,0.0,15.28,32.4,76.8,2026-08-14 10:21:17
2025-05-28,North-West,District8,1,2,1,100.0,4.21,27.3,50.3,2026-08-14 10:21:17
2025-05-28,North-West,District9,1,1,0,0.0,0.82,34.7,83.6,2026-08-14 10:21:17
2025-05-28,North-West,District10,1,3,1,100.0,2.03,24.3,81.9,2026-08-14 10:21:17
2025-05-28,South,District1,0,5,0,0.0,11.86,34.7,78.5,2026-08-14 10:21:17
2025-05-28,South,District2,0,2,0,0.0,19.39,29.0,77.7,2026-08-14 10:21:17
2025-05-28,South,District3,0,0,0,0.0,10.19,31.1,69.1,2026-08-14 10:21:17
2025-05-28,South,District4,2,4,0,0.0,14.77,27.0,82.7,2026-08-14 10:21:17
2025-05-28,South,District5,1,3,1,100.0,16.52,21.1,75.2,2026-08-14 10:21:17
2025-05-28,South,District6,0,4,0,0.0,13.07,32.3,85.3,2026-08-14 10:21:17
2025-05-28,South,District7,0,3,0,0.0,0.97,29.3,82.8,2026-08-14 10:21:17
2025-05-28,South,District8,0,0,0,0.0,6.67,32.1,59.1,2026-08-14 10:21:17
2025-05-28,South,District9,0,0,0,0.0,3.7,24.8,67.7,2026-08-14 10:21:17
2025-05-28,South,District10,0,5,0,0.0,16.57,26.5,68.0,2026-08-14 10:21:17
2025-05-28,South-West,District1,3,1,0,0.0,0.24,32.4,76.6,2026-08-14 10:21:17
2025-05-28,South-West,District2,0,0,0,0.0,11.9,27.2,83.6,2026-08-14 10:21:17
2025-05-28,South-West,District3,0,1,0,0.0,2.23,32.0,63.5,2026-08-14 10:21:17
2025-05-28,South-West,District4,1,3,0,0.0,15.96,24.5,55.9,2026-08-14 10:21:17
2025-05-28,South-West,District5,1,1,0,0.0,3.74,23.3,78.1,2026-08-14 10:21:17
2025-05-28,South-West,District6,2,4,1,50.0,0.64,21.0,77.7,2026-08-14 10:21:17
2025-05-28,South-West,District7,0,3,0,0.0,8.96,24.6,53.8,2026-08-14 10:21:17
2025-05-28,South-West,District8,0,0,0,0.0,19.31,35.0,85.7,2026-08-14 10:21:17
2025-05-28,South-West,District9,1,3,0,0.0,13.41,32.3,65.2,2026-08-14 10:21:17
2025-05-28,South-West,District10,0,1,0,0.0,6.77,34.6,55.3,2026-08-14 10:21:17
2025-05-28,West,District1,0,0,0,0.0,13.61,31.4,61.6,2026-08-14 10:21:17
2025-05-28,West,District2,1,4,1,100.0,4.2,25.0,64.0,2026-08-14 10:21:17
2025-05-28,West,District3,1,4,1,100.0,3.83,26.4,68.9,2026-08-14 10:21:17
2025-05-28,West,District4,0,1,0,0.0,2.48,24.3,66.5,2026-08-14 10:21:17
2025-05-28,West,District5,0,4,0,0.0,2.23,31.3,68.3,2026-08-14 10:21:17
2025-05-28,West,District6,0,1,0,0.0,9.71,32.3,52.4,2026-08-14 10:21:17
2025-05-28,West,District7,1,3,1,100.0,2.65,28.4,63.1,2026-08-14 10:21:17
2025-05-28,West,District8,0,0,0,0.0,17.99,28.5,80.5,2026-08-14 10:21:17
2025-05-28,West,District9,0,0,0,0.0,11.13,24.8,51.2,2026-08-14 10:21:17
2025-05-28,West,District10,0,1,0,0.0,3.3,34.1,85.4,2026-08-14 10:21:17
2025-05-16,Adamawa,District1,0,4,0,0.0,10.96,26.2,50.4,2026-08-14 10:21:17
2025-05-16,Adamawa,District2,2,1,1,50.0,19.95,31.2,83.0,2026-08-14 10:21:17
2025-05-16,Adamawa,District3,0,4,0,0.0,10.49,24.0,64.2,2026-08-14 10:21:17
2025-05-16,Adamawa,District4,0,3,0,0.0,4.51,29.8,85.1,2026-08-14 10:21:17
2025-05-16,Adamawa,District5,0,0,0,0.0,1.56,34.1,55.5,2026-08-14 10:21:17
2025-05-16,Adamawa,District6,2,3,1,50.0,8.08,22.9,83.7,2026-08-14 10:21:17
2025-05-16,Adamawa,District7,0,3,0,0.0,18.99,29.4,68.5,2026-08-14 10:21:17
2025-05-16,Adamawa,District8,1,3,0,0.0,7.53,20.4,64.3,2026-08-14 10:21:17
2025-05-16,Adamawa,District9,0,3,0,0.0,11.58,30.8,68.9,2026-08-14 10:21:17
2025-05-16,Adamawa,District10,0,3,0,0.0,0.24,29.7,77.5,2026-08-14 10:21:17
2025-05-16,Centre,District1,0,2,0,0.0,18.19,27.8,75.0,2026-08-14 10:21:17
2025-05-16,Centre,District2,0,2,0,0.0,16.61,29.4,53.6,2026-08-14 10:21:17
2025-05-16,Centre,District3,0,3,0,0.0,17.49,24.1,77.9,2026-08-14 10:21:17
2025-05-16,Centre,District4,0,3,0,0.0,10.05,28.4,57.3,2026-08-14 10:21:17
2025-05-16,Centre,District5,0,3,0,0.0,0.1,21.7,82.2,2026-08-14 10:21:17
2025-05-16,Centre,District6,0,2,0,0.0,7.48,33.6,65.7,2026-08-14 10:21:17
2025-05-16,Centre,District7,0,0,0,0.0,5.09,30.3,80.9,2026-08-14 10:21:17
2025-05-16,Centre,District8,0,2,0,0.0,16.77,30.6,64.0,2026-08-14 10:21:17
2025-05-16,Centre,District9,0,1,0,0.0,13.07,25.3,80.7,2026-08-14 10:21:17
2025-05-16,Centre,District10,0,3,0,0.0,19.77,30.3,85.0,2026-08-14 10:21:17
2025-05-16,East,District1,3,5,1,33.33,5.02,27.3,61.1,2026-08-14 10:21:17
2025-05-16,East,District2,0,5,0,0.0,19.78,32.3,57.5,2026-08-14 10:21:17
2025-05-16,East,District3,0,5,0,0.0,6.33,21.5,83.7,2026-08-14 10:21:17
2025-05-16,East,District4,1,5,1,100.0,10.5,30.0,72.1,2026-08-14 10:21:17
2025-05-16,East,District5,0,4,0,0.0,4.89,29.6,89.2,2026-08-14 10:21:17
2025-05-16,East,District6,1,1,0,0.0,17.47,22.9,65.9,2026-08-14 10:21:17
2025-05-16,East,District7,2,3,1,50.0,2.87,27.3,69.7,2026-08-14 10:21:17
2025-05-16,East,District8,0,5,0,0.0,5.15,22.0,81.9,2026-08-14 10:21:17
2025-05-16,East,District9,1,3,0,0.0,15.65,20.2,70.3,2026-08-14 10:21:17
2025-05-16,East,District10,0,1,0,0.0,11.03,29.4,57.7,2026-08-14 10:21:17
2025-05-16,Far North,District1,0,2,0,0.0,3.11,22.2,74.5,2026-08-14 10:21:17
2025-05-16,Far North,District2,0,4,0,0.0,3.77,22.6,87.5,2026-08-14 10:21:17
2025-05-16,Far North,District3,0,0,0,0.0,11.63,29.8,66.6,2026-08-14 10:21:17
2025-05-16,Far North,District4,0,3,0,0.0,8.06,26.6,61.3,2026-08-14 10:21:17
2025-05-16,Far North,District5,2,0,0,0.0,5.3,22.1,71.9,2026-08-14 10:21:17
2025-05-16,Far North,District6,0,4,0,0.0,9.39,31.9,80.4,2026-08-14 10:21:17
2025-05-16,Far North,District7,2,0,0,0.0,14.74,27.4,78.3,2026-08-14 10:21:17
2025-05-16,Far North,District8,0,0,0,0.0,2.09,26.1,64.9,2026-08-14 10:21:17
2025-05-16,Far North,District9,1,4,0,0.0,4.35,31.8,51.5,2026-08-14 10:21:17
2025-05-16,Far North,District10,0,4,0,0.0,4.54,25.4,71.9,2026-08-14 10:21:17
2025-05-16,Littoral,District1,0,1,0,0.0,14.14,26.5,81.2,2026-08-14 10:21:17
2025-05-16,Littoral,District2,0,2,0,0.0,0.87,31.1,71.7,2026-08-14 10:21:17
2025-05-16,Littoral,District3,0,1,0,0.0,14.0,26.2,62.3,2026-08-14 10:21:17
2025-05-16,Littoral,District4,0,1,0,0.0,13.43,24.2,69.1,2026-08-14 10:21:17
2025-05-16,Littoral,District5,0,5,0,0.0,15.14,27.8,68.9,2026-08-14 10:21:17
2025-05-16,Littoral,District6,0,4,0,0.0,16.16,23.0,76.5,2026-08-14 10:21:17
2025-05-16,Littoral,District7,0,3,0,0.0,0.89,34.6,61.4,2026-08-14 10:21:17
2025-05-16,Littoral,District8,1,3,0,0.0,8.37,26.0,83.0,2026-08-14 10:21:17
2025-05-16,Littoral,District9,0,2,0,0.0,4.39,29.2,59.4,2026-08-14 10:21:17
2025-05-16,Littoral,District10,0,2,0,0.0,19.67,29.1,53.7,2026-08-14 10:21:17
2025-05-16,North,District1,0,1,0,0.0,12.64,27.3,65.9,2026-08-14 10:21:17
2025-05-16,North,District2,0,1,0,0.0,6.19,27.8,64.9,2026-08-14 10:21:17
2025-05-16,North,District3,0,4,0,0.0,11.53,30.7,82.8,2026-08-14 10:21:17
2025-05-16,North,District4,0,4,0,0.0,0.64,34.6,63.6,2026-08-14 10:21:17
2025-05-16,North,District5,0,3,0,0.0,13.71,20.3,76.7,2026-08-14 10:21:17
2025-05-16,North,District6,2,4,1,50.0,6.61,32.6,79.2,2026-08-14 10:21:17
2025-05-16,North,District7,0,5,0,0.0,13.31,20.5,50.3,2026-08-14 10:21:17
2025-05-16,North,District8,2,4,0,0.0,7.9,34.0,77.2,2026-08-14 10:21:17
2025-05-16,North,District9,0,5,0,0.0,5.47,28.9,81.5,2026-08-14 10:21:17
2025-05-16,North,District10,0,2,0,0.0,13.41,22.1,87.3,2026-08-14 10:21:17
2025-05-16,North-West,District1,0,3,0,0.0,6.12,25.6,74.4,2026-08-14 10:21:17
2025-05-16,North-West,District2,0,2,0,0.0,15.77,23.3,87.5,2026-08-14 10:21:17
2025-05-16,North-West,District3,0,1,0,0.0,14.2,33.3,57.7,2026-08-14 10:21:17
2025-05-16,North-West,District4,1,2,0,0.0,7.49,28.8,86.0,2026-08-14 10:21:17
2025-05-16,North-West,District5,0,1,0,0.0,15.64,22.1,64.3,2026-08-14 10:21:17
2025-05-16,North-West,District6,0,0,0,0.0,3.37,27.6,82.3,2026-08-14 10:21:17
2025-05-16,North-West,District7,0,1,0,0.0,17.88,31.2,61.8,2026-08-14 10:21:17
2025-05-16,North-West,District8,0,2,0,0.0,17.65,25.3,55.4,2026-08-14 10:21:17
2025-05-16,North-West,District9,0,1,0,0.0,19.21,22.8,80.1,2026-08-14 10:21:17
2025-05-16,North-West,District10,0,2,0,0.0,3.13,32.7,52.0,2026-08-14 10:21:17
2025-05-16,South,District1,0,3,0,0.0,4.76,33.7,56.9,2026-08-14 10:21:17
2025-05-16,South,District2,1,4,1,100.0,11.59,20.6,68.9,2026-08-14 10:21:17
2025-05-16,South,District3,0,4,0,0.0,15.15,27.8,89.3,2026-08-14 10:21:17
2025-05-16,South,District4,0,5,0,0.0,3.98,29.0,74.5,2026-08-14 10:21:17
2025-05-16,South,District5,2,3,1,50.0,11.58,26.9,60.6,2026-08-14 10:21:17
2025-05-16,South,District6,0,2,0,0.0,10.46,24.0,50.3,2026-08-14 10:21:17
2025-05-16,South,District7,0,3,0,0.0,9.05,30.8,67.2,2026-08-14 10:21:17
2025-05-16,South,District8,0,5,0,0.0,11.26,24.6,62.7,2026-08-14 10:21:17
2025-05-16,South,District9,0,3,0,0.0,19.06,20.1,63.9,2026-08-14 10:21:17
2025-05-16,South,District10,1,0,0,0.0,4.83,27.5,56.5,2026-08-14 10:21:17
2025-05-16,South-West,District1,0,5,0,0.0,11.72,32.8,69.3,2026-08-14 10:21:17
2025-05-16,South-West,District2,3,2,1,33.33,11.82,23.2,60.3,2026-08-14 10:21:17
2025-05-16,South-West,District3,2,0,0,0.0,16.05,31.6,55.6,2026-08-14 10:21:17
2025-05-16,South-West,District4,0,4,0,0.0,14.47,34.4,87.8,2026-08-14 10:21:17
2025-05-16,South-West,District5,0,3,0,0.0,0.64,23.4,75.1,2026-08-14 10:21:17
2025-05-16,South-West,District6,2,4,1,50.0,7.9,33.4,65.2,2026-08-14 10:21:17
2025-05-16,South-West,District7,0,4,0,0.0,12.15,26.1,74.2,2026-08-14 10:21:17
2025-05-16,South-West,District8,0,3,0,0.0,16.93,22.5,55.4,2026-08-14 10:21:17
2025-05-16,South-West,District9,0,0,0,0.0,17.79,21.0,75.8,2026-08-14 10:21:17
2025-05-16,South-West,District10,0,1,0,0.0,3.76,31.9,73.1,2026-08-14 10:21:17
2025-05-16,West,District1,0,3,0,0.0,10.56,31.0,78.9,2026-08-14 10:21:17
2025-05-16,West,District2,0,0,0,0.0,8.64,22.5,54.9,2026-08-14 10:21:17
2025-05-16,West,District3,0,2,0,0.0,13.54,27.1,56.1,2026-08-14 10:21:17
2025-05-16,West,District4,1,0,0,0.0,6.15,26.9,85.0,2026-08-14 10:21:17
2025-05-16,West,District5,0,3,0,0.0,18.1,27.1,63.4,2026-08-14 10:21:17
2025-05-16,West,District6,0,5,0,0.0,16.57,20.4,71.7,2026-08-14 10:21:17
2025-05-16,West,District7,1,5,1,100.0,19.51,33.5,70.9,2026-08-14 10:21:17
2025-05-16,West,District8,2,4,0,0.0,19.53,23.1,72.5,2026-08-14 10:21:17
2025-05-16,West,District9,0,5,0,0.0,6.39,24.9,54.9,2026-08-14 10:21:17
2025-05-16,West,District10,2,0,0,0.0,19.41,22.5,88.4,2026-08-14 10:21:17
2025-05-25,Adamawa,District1,2,3,1,50.0,18.21,24.1,51.3,2026-08-14 10:21:17
2025-05-25,Adamawa,District2,1,1,0,0.0,11.68,24.1,65.1,2026-08-14 10:21:17
2025-05-25,Adamawa,District3,0,0,0,0.0,8.88,22.7,55.2,2026-08-14 10:21:17
2025-05-25,Adamawa,District4,0,1,0,0.0,6.55,32.2,73.9,2026-08-14 10:21:17
2025-05-25,Adamawa,District5,0,0,0,0.0,12.37,26.1,58.2,2026-08-14 10:21:17
2025-05-25,Adamawa,District6,1,3,1,100.0,12.51,26.0,72.5,2026-08-14 10:21:17
2025-05-25,Adamawa,District7,0,2,0,0.0,10.78,34.1,59.2,2026-08-14 10:21:17
2025-05-25,Adamawa,District8,1,0,0,0.0,4.33,31.4,66.7,2026-08-14 10:21:17
2025-05-25,Adamawa,District9,0,1,0,0.0,19.92,30.2,71.4,2026-08-14 10:21:17
2025-05-25,Adamawa,District10,0,2,0,0.0,1.15,20.8,89.5,2026-08-14 10:21:17
2025-05-25,Centre,District1,0,1,0,0.0,13.27,31.1,57.4,2026-08-14 10:21:17
2025-05-25,Centre,District2,0,1,0,0.0,0.49,26.9,83.0,2026-08-14 10:21:17
2025-05-25,Centre,District3,2,3,1,50.0,2.59,31.5,60.5,2026-08-14 10:21:17
2025-05-25,Centre,District4,3,0,1,33.33,4.73,33.8,81.3,2026-08-14 10:21:17
2025-05-25,Centre,District5,2,2,1,50.0,12.49,22.8,84.2,2026-08-14 10:21:17
2025-05-25,Centre,District6,0,0,0,0.0,13.03,21.3,63.6,2026-08-14 10:21:17
2025-05-25,Centre,District7,0,1,0,0.0,12.73,30.5,64.4,2026-08-14 10:21:17
2025-05-25,Centre,District8,0,4,0,0.0,12.91,23.1,71.3,2026-08-14 10:21:17
2025-05-25,Centre,District9,0,4,0,0.0,15.64,30.8,75.9,2026-08-14 10:21:17
2025-05-25,Centre,District10,3,1,1,33.33,17.09,20.3,87.1,2026-08-14 10:21:17
2025-05-25,East,District1,0,5,0,0.0,16.4,32.0,64.0,2026-08-14 10:21:17
2025-05-25,East,District2,0,5,0,0.0,1.12,23.8,68.2,2026-08-14 10:21:17
2025-05-25,East,District3,0,4,0,0.0,13.69,28.3,53.5,2026-08-14 10:21:17
2025-05-25,East,District4,1,4,0,0.0,5.2,20.0,74.0,2026-08-14 10:21:17
2025-05-25,East,District5,0,3,0,0.0,6.06,29.0,77.0,2026-08-14 10:21:17
2025-05-25,East,District6,1,4,1,100.0,19.86,30.0,82.4,2026-08-14 10:21:17
2025-05-25,East,District7,1,5,0,0.0,7.04,33.4,74.1,2026-08-14 10:21:17
2025-05-25,East,District8,0,5,0,0.0,2.07,34.6,61.8,2026-08-14 10:21:17
2025-05-25,East,District9,1,0,0,0.0,5.4,22.1,73.3,2026-08-14 10:21:17
2025-05-25,East,District10,3,2,1,33.33,8.78,29.7,58.8,2026-08-14 10:21:17
2025-05-25,Far North,District1,0,5,0,0.0,11.78,26.1,88.5,2026-08-14 10:21:17
2025-05-25,Far North,District2,1,0,1,100.0,15.47,32.1,55.4,2026-08-14 10:21:17
2025-05-25,Far North,District3,0,2,0,0.0,0.69,33.6,58.9,2026-08-14 10:21:17
2025-05-25,Far North,District4,0,2,0,0.0,4.51,23.0,69.7,2026-08-14 10:21:17
2025-05-25,Far North,District5,0,4,0,0.0,4.8,20.9,68.3,2026-08-14 10:21:17
2025-05-25,Far North,District6,0,5,0,0.0,6.68,32.1,60.8,2026-08-14 10:21:17
2025-05-25,Far North,District7,0,1,0,0.0,8.38,21.1,67.1,2026-08-14 10:21:17
2025-05-25,Far North,District8,0,4,0,0.0,5.39,20.2,79.6,2026-08-14 10:21:17
2025-05-25,Far North,District9,0,4,0,0.0,14.63,34.3,60.8,2026-08-14 10:21:17
2025-05-25,Far North,District10,0,2,0,0.0,9.72,30.2,83.7,2026-08-14 10:21:17
2025-05-25,Littoral,District1,0,2,0,0.0,19.68,34.1,70.5,2026-08-14 10:21:17
2025-05-25,Littoral,District2,0,5,0,0.0,1.53,31.1,65.9,2026-08-14 10:21:17
2025-05-25,Littoral,District3,1,3,0,0.0,4.71,27.6,54.1,2026-08-14 10:21:17
2025-05-25,Littoral,District4,1,0,1,100.0,19.59,28.1,52.7,2026-08-14 10:21:17
2025-05-25,Littoral,District5,0,1,0,0.0,2.21,20.6,89.4,2026-08-14 10:21:17
2025-05-25,Littoral,District6,1,3,1,100.0,11.75,29.5,62.4,2026-08-14 10:21:17
2025-05-25,Littoral,District7,3,4,0,0.0,2.3,28.7,72.6,2026-08-14 10:21:17
2025-05-25,Littoral,District8,0,1,0,0.0,3.88,32.5,53.6,2026-08-14 10:21:17
2025-05-25,Littoral,District9,0,4,0,0.0,15.26,22.1,64.8,2026-08-14 10:21:17
2025-05-25,Littoral,District10,0,2,0,0.0,18.66,30.8,63.0,2026-08-14 10:21:17
2025-05-25,North,District1,0,2,0,0.0,11.36,26.7,87.8,2026-08-14 10:21:17
2025-05-25,North,District2,0,2,0,0.0,18.19,26.1,57.4,2026-08-14 10:21:17
2025-05-25,North,District3,0,0,0,0.0,2.88,28.4,71.0,2026-08-14 10:21:17
2025-05-25,North,District4,1,1,0,0.0,6.74,27.6,70.3,2026-08-14 10:21:17
2025-05-25,North,District5,1,4,0,0.0,5.55,21.9,82.8,2026-08-14 10:21:17
2025-05-25,North,District6,0,4,0,0.0,10.1,25.2,61.3,2026-08-14 10:21:17
2025-05-25,North,District7,0,3,0,0.0,13.43,30.4,87.2,2026-08-14 10:21:17
2025-05-25,North,District8,0,0,0,0.0,7.17,21.8,60.8,2026-08-14 10:21:17
2025-05-25,North,District9,2,4,1,50.0,6.03,24.8,59.0,2026-08-14 10:21:17
2025-05-25,North,District10,0,5,0,0.0,1.87,28.2,72.7,2026-08-14 10:21:17
2025-05-25,North-West,District1,0,4,0,0.0,8.24,20.3,55.0,2026-08-14 10:21:17
2025-05-25,North-West,District2,0,5,0,0.0,0.63,29.4,67.7,2026-08-14 10:21:17
2025-05-25,North-West,District3,0,1,0,0.0,12.4,22.2,65.4,2026-08-14 10:21:17
2025-05-25,North-West,District4,3,3,0,0.0,14.49,33.2,83.9,2026-08-14 10:21:17
2025-05-25,North-West,District5,0,4,0,0.0,17.81,31.5,87.4,2026-08-14 10:21:17
2025-05-25,North-West,District6,0,1,0,0.0,10.52,22.4,54.0,2026-08-14 10:21:17
2025-05-25,North-West,District7,0,0,0,0.0,4.1,22.4,86.9,2026-08-14 10:21:17
2025-05-25,North-West,District8,0,4,0,0.0,16.51,20.4,66.7,2026-08-14 10:21:17
2025-05-25,North-West,District9,0,1,0,0.0,4.77,21.9,56.8,2026-08-14 10:21:17
2025-05-25,North-West,District10,0,2,0,0.0,4.04,34.2,58.0,2026-08-14 10:21:17
2025-05-25,South,District1,0,5,0,0.0,6.42,24.0,73.6,2026-08-14 10:21:17
2025-05-25,South,District2,0,3,0,0.0,11.38,31.3,60.9,2026-08-14 10:21:17
2025-05-25,South,District3,0,1,0,0.0,15.74,20.1,87.5,2026-08-14 10:21:17
2025-05-25,South,District4,0,2,0,0.0,9.03,23.7,72.0,2026-08-14 10:21:17
2025-05-25,South,District5,0,3,0,0.0,17.75,21.2,83.8,2026-08-14 10:21:17
2025-05-25,South,District6,0,3,0,0.0,16.45,31.0,70.9,2026-08-14 10:21:17
2025-05-25,South,District7,0,5,0,0.0,8.31,32.0,58.8,2026-08-14 10:21:17
2025-05-25,South,District8,1,5,0,0.0,15.83,34.1,88.5,2026-08-14 10:21:17
2025-05-25,South,District9,0,0,0,0.0,4.34,21.2,54.6,2026-08-14 10:21:17
2025-05-25,South,District10,0,0,0,0.0,8.03,24.0,82.4,2026-08-14 10:21:17
2025-05-25,South-West,District1,0,5,0,0.0,15.95,25.1,54.4,2026-08-14 10:21:17
2025-05-25,South-West,District2,0,0,0,0.0,12.48,20.0,60.4,2026-08-14 10:21:17
2025-05-25,South-West,District3,2,1,0,0.0,8.81,24.8,61.6,2026-08-14 10:21:17
2025-05-25,South-West,District4,0,1,0,0.0,11.19,31.1,68.5,2026-08-14 10:21:17
2025-05-25,South-West,District5,2,1,0,0.0,10.25,28.3,61.4,2026-08-14 10:21:17
2025-05-25,South-West,District6,0,3,0,0.0,10.47,28.8,88.8,2026-08-14 10:21:17
2025-05-25,South-West,District7,1,0,1,100.0,15.65,26.6,89.3,2026-08-14 10:21:17
2025-05-25,South-West,District8,1,4,0,0.0,3.76,29.7,60.8,2026-08-14 10:21:17
2025-05-25,South-West,District9,2,3,0,0.0,4.67,30.2,84.8,2026-08-14 10:21:17
2025-05-25,South-West,District10,0,2,0,0.0,7.77,21.7,64.5,2026-08-14 10:21:17
2025-05-25,West,District1,1,4,1,100.0,17.38,32.2,56.3,2026-08-14 10:21:17
2025-05-25,West,District2,0,1,0,0.0,0.58,31.7,59.2,2026-08-14 10:21:17
2025-05-25,West,District3,1,4,1,100.0,11.61,28.5,62.8,2026-08-14 10:21:17
2025-05-25,West,District4,2,1,1,50.0,2.99,24.2,51.1,2026-08-14 10:21:17
2025-05-25,West,District5,1,5,1,100.0,14.09,26.8,61.4,2026-08-14 10:21:17
2025-05-25,West,District6,0,4,0,0.0,4.09,22.0,87.1,2026-08-14 10:21:17
2025-05-25,West,District7,0,2,0,0.0,15.0,20.7,85.9,2026-08-14 10:21:17
2025-05-25,West,District8,0,1,0,0.0,0.11,23.2,73.2,2026-08-14 10:21:17
2025-05-25,West,District9,0,2,0,0.0,14.14,28.6,83.3,2026-08-14 10:21:17
2025-05-25,West,District10,0,4,0,0.0,15.86,21.1,75.6,2026-08-14 10:21:17
2025-05-10,Adamawa,District1,1,5,0,0.0,0.33,26.7,61.7,2026-08-14 10:21:17
2025-05-10,Adamawa,District2,0,4,0,0.0,4.31,22.4,77.3,2026-08-14 10:21:17
2025-05-10,Adamawa,District3,0,0,0,0.0,10.09,26.7,82.2,2026-08-14 10:21:17
2025-05-10,Adamawa,District4,0,2,0,0.0,0.02,22.0,83.9,2026-08-14 10:21:17
2025-05-10,Adamawa,District5,1,1,1,100.0,10.91,21.2,79.1,2026-08-14 10:21:17
2025-05-10,Adamawa,District6,2,2,1,50.0,10.37,31.0,77.3,2026-08-14 10:21:17
2025-05-10,Adamawa,District7,1,1,0,0.0,2.77,34.0,61.9,2026-08-14 10:21:17
2025-05-10,Adamawa,District8,1,4,1,100.0,8.8,28.8,80.2,2026-08-14 10:21:17
2025-05-10,Adamawa,District9,1,0,0,0.0,6.11,34.4,70.4,2026-08-14 10:21:17
2025-05-10,Adamawa,District10,0,2,0,0.0,5.87,24.4,54.9,2026-08-14 10:21:17
2025-05-10,Centre,District1,0,4,0,0.0,17.8,22.1,89.5,2026-08-14 10:21:17
2025-05-10,Centre,District2,0,5,0,0.0,16.41,22.4,57.9,2026-08-14 10:21:17
2025-05-10,Centre,District3,0,5,0,0.0,3.58,23.9,54.6,2026-08-14 10:21:17
2025-05-10,Centre,District4,0,3,0,0.0,19.74,24.2,55.7,2026-08-14 10:21:17
2025-05-10,Centre,District5,0,4,0,0.0,10.88,33.8,51.7,2026-08-14 10:21:17
2025-05-10,Centre,District6,2,5,0,0.0,7.94,33.6,66.9,2026-08-14 10:21:17
2025-05-10,Centre,District7,0,5,0,0.0,5.77,34.4,53.4,2026-08-14 10:21:17
2025-05-10,Centre,District8,2,3,0,0.0,17.4,21.5,59.6,2026-08-14 10:21:17
2025-05-10,Centre,District9,0,0,0,0.0,1.57,23.5,60.2,2026-08-14 10:21:17
2025-05-10,Centre,District10,0,2,0,0.0,1.23,22.0,88.7,2026-08-14 10:21:17
2025-05-10,East,District1,0,3,0,0.0,0.89,26.1,82.4,2026-08-14 10:21:17
2025-05-10,East,District2,0,1,0,0.0,4.1,28.5,53.0,2026-08-14 10:21:17
2025-05-10,East,District3,0,5,0,0.0,4.16,22.6,59.3,2026-08-14 10:21:17
2025-05-10,East,District4,0,4,0,0.0,13.92,20.3,53.0,2026-08-14 10:21:17
2025-05-10,East,District5,0,4,0,0.0,6.74,25.1,65.0,2026-08-14 10:21:17
2025-05-10,East,District6,0,4,0,0.0,19.67,28.1,62.4,2026-08-14 10:21:17
2025-05-10,East,District7,0,1,0,0.0,14.13,30.4,62.2,2026-08-14 10:21:17
2025-05-10,East,District8,3,4,1,33.33,1.99,21.4,75.0,2026-08-14 10:21:17
2025-05-10,East,District9,0,2,0,0.0,14.69,20.6,77.0,2026-08-14 10:21:17
2025-05-10,East,District10,0,2,0,0.0,1.46,26.4,73.0,2026-08-14 10:21:17
2025-05-10,Far North,District1,0,2,0,0.0,8.34,21.4,73.3,2026-08-14 10:21:17
2025-05-10,Far North,District2,0,4,0,0.0,18.76,29.9,64.2,2026-08-14 10:21:17
2025-05-10,Far North,District3,0,2,0,0.0,7.71,27.2,75.6,2026-08-14 10:21:17
2025-05-10,Far North,District4,0,2,0,0.0,15.49,25.8,73.9,2026-08-14 10:21:17
2025-05-10,Far North,District5,2,1,0,0.0,14.12,32.7,89.2,2026-08-14 10:21:17
2025-05-10,Far North,District6,2,1,1,50.0,10.48,33.8,75.1,2026-08-14 10:21:17
2025-05-10,Far North,District7,0,2,0,0.0,6.29,25.6,86.4,2026-08-14 10:21:17
2025-05-10,Far North,District8,0,5,0,0.0,9.91,32.6,69.7,2026-08-14 10:21:17
2025-05-10,Far North,District9,2,3,0,0.0,9.3,28.8,72.4,2026-08-14 10:21:17
2025-05-10,Far North,District10,1,0,0,0.0,16.7,31.1,70.2,2026-08-14 10:21:17
2025-05-10,Littoral,District1,0,2,0,0.0,6.33,20.8,51.6,2026-08-14 10:21:17
2025-05-10,Littoral,District2,1,0,1,100.0,18.36,22.3,64.2,2026-08-14 10:21:17
2025-05-10,Littoral,District3,0,2,0,0.0,17.55,27.1,64.5,2026-08-14 10:21:17
2025-05-10,Littoral,District4,1,1,1,100.0,12.99,31.1,67.2,2026-08-14 10:21:17
2025-05-10,Littoral,District5,0,1,0,0.0,1.69,28.1,58.2,2026-08-14 10:21:17
2025-05-10,Littoral,District6,0,0,0,0.0,18.02,31.8,69.8,2026-08-14 10:21:17
2025-05-10,Littoral,District7,1,1,1,100.0,0.22,26.1,59.8,2026-08-14 10:21:17
2025-05-10,Littoral,District8,0,0,0,0.0,2.64,25.6,71.8,2026-08-14 10:21:17
2025-05-10,Littoral,District9,0,4,0,0.0,14.17,27.2,83.8,2026-08-14 10:21:17
2025-05-10,Littoral,District10,0,3,0,0.0,0.87,23.1,67.6,2026-08-14 10:21:17
2025-05-10,North,District1,1,0,0,0.0,0.66,21.7,69.8,2026-08-14 10:21:17
2025-05-10,North,District2,0,1,0,0.0,17.68,22.3,56.1,2026-08-14 10:21:17
2025-05-10,North,District3,0,0,0,0.0,3.72,29.6,73.0,2026-08-14 10:21:17
2025-05-10,North,District4,0,1,0,0.0,19.56,20.9,86.7,2026-08-14 10:21:17
2025-05-10,North,District5,0,5,0,0.0,2.14,25.5,67.0,2026-08-14 10:21:17
2025-05-10,North,District6,0,5,0,0.0,10.54,23.8,63.4,2026-08-14 10:21:17
2025-05-10,North,District7,2,2,0,0.0,5.61,28.0,50.8,2026-08-14 10:21:17
2025-05-10,North,District8,0,4,0,0.0,12.65,32.6,72.2,2026-08-14 10:21:17
2025-05-10,North,District9,2,1,0,0.0,10.54,23.2,79.4,2026-08-14 10:21:17
2025-05-10,North,District10,0,3,0,0.0,12.66,28.9,71.8,2026-08-14 10:21:17
2025-05-10,North-West,District1,0,3,0,0.0,15.16,24.6,63.8,2026-08-14 10:21:17
2025-05-10,North-West,District2,0,3,0,0.0,14.1,21.4,84.6,2026-08-14 10:21:17
2025-05-10,North-West,District3,0,1,0,0.0,1.39,31.0,71.4,2026-08-14 10:21:17
2025-05-10,North-West,District4,1,0,1,100.0,3.84,21.8,85.8,2026-08-14 10:21:17
2025-05-10,North-West,District5,0,5,0,0.0,19.93,27.8,57.3,2026-08-14 10:21:17
2025-05-10,North-West,District6,0,1,0,0.0,4.67,21.5,71.0,2026-08-14 10:21:17
2025-05-10,North-West,District7,1,1,1,100.0,7.03,26.3,63.1,2026-08-14 10:21:17
2025-05-10,North-West,District8,0,5,0,0.0,9.65,25.6,81.4,2026-08-14 10:21:17
2025-05-10,North-West,District9,1,2,0,0.0,14.59,26.2,85.8,2026-08-14 10:21:17
2025-05-10,North-West,District10,3,3,1,33.33,9.23,27.4,58.4,2026-08-14 10:21:17
2025-05-10,South,District1,1,3,1,100.0,13.71,32.5,71.2,2026-08-14 10:21:17
2025-05-10,South,District2,0,4,0,0.0,6.2,28.3,85.0,2026-08-14 10:21:17
2025-05-10,South,District3,0,0,0,0.0,3.34,24.5,61.0,2026-08-14 10:21:17
2025-05-10,South,District4,0,2,0,0.0,0.38,27.0,66.2,2026-08-14 10:21:17
2025-05-10,South,District5,0,3,0,0.0,17.81,21.5,71.9,2026-08-14 10:21:17
2025-05-10,South,District6,0,5,0,0.0,17.15,24.1,85.4,2026-08-14 10:21:17
2025-05-10,South,District7,0,2,0,0.0,1.68,24.1,79.9,2026-08-14 10:21:17
2025-05-10,South,District8,0,0,0,0.0,15.42,29.2,75.3,2026-08-14 10:21:17
2025-05-10,South,District9,0,2,0,0.0,11.14,29.7,80.4,2026-08-14 10:21:17
2025-05-10,South,District10,1,1,0,0.0,4.47,33.9,62.0,2026-08-14 10:21:17
2025-05-10,South-West,District1,0,3,0,0.0,9.35,26.5,69.9,2026-08-14 10:21:17
2025-05-10,South-West,District2,2,5,0,0.0,19.64,21.6,60.4,2026-08-14 10:21:17
2025-05-10,South-West,District3,0,0,0,0.0,19.84,26.7,83.0,2026-08-14 10:21:17
2025-05-10,South-West,District4,0,3,0,0.0,14.08,33.9,71.8,2026-08-14 10:21:17
2025-05-10,South-West,District5,0,4,0,0.0,12.2,23.4,69.8,2026-08-14 10:21:17
2025-05-10,South-West,District6,0,3,0,0.0,19.13,22.5,77.8,2026-08-14 10:21:17
2025-05-10,South-West,District7,0,4,0,0.0,9.57,23.1,87.4,2026-08-14 10:21:17
2025-05-10,South-West,District8,0,1,0,0.0,10.12,31.6,60.6,2026-08-14 10:21:17
2025-05-10,South-West,District9,0,4,0,0.0,7.25,22.8,85.4,2026-08-14 10:21:17
2025-05-10,South-West,District10,0,4,0,0.0,14.06,32.6,51.6,2026-08-14 10:21:17
2025-05-10,West,District1,0,4,0,0.0,10.3,24.4,67.9,2026-08-14 10:21:17
2025-05-10,West,District2,0,1,0,0.0,10.51,34.0,61.2,2026-08-14 10:21:17
2025-05-10,West,District3,2,0,1,50.0,13.47,29.6,61.5,2026-08-14 10:21:17
2025-05-10,West,District4,2,4,0,0.0,7.44,21.4,66.6,2026-08-14 10:21:17
2025-05-10,West,District5,0,2,0,0.0,3.82,23.7,54.9,2026-08-14 10:21:17
2025-05-10,West,District6,1,0,1,100.0,14.23,28.2,65.7,2026-08-14 10:21:17
2025-05-10,West,District7,1,5,0,0.0,0.49,30.0,51.8,2026-08-14 10:21:17
2025-05-10,West,District8,1,5,0,0.0,6.11,29.9,72.7,2026-08-14 10:21:17
2025-05-10,West,District9,0,5,0,0.0,5.9,26.5,61.7,2026-08-14 10:21:17
2025-05-10,West,District10,0,1,0,0.0,13.73,30.9,63.1,2026-08-14 10:21:17
2025-06-20,Adamawa,District1,0,4,0,0.0,3.3,29.7,61.2,2026-08-14 10:21:17
2025-06-20,Adamawa,District2,0,3,0,0.0,11.06,32.2,73.4,2026-08-14 10:21:17
2025-06-20,Adamawa,District3,2,1,0,0.0,17.79,27.9,51.8,2026-08-14 10:21:17
2025-06-20,Adamawa,District4,0,2,0,0.0,4.5,26.4,54.1,2026-08-14 10:21:17
2025-06-20,Adamawa,District5,0,3,0,0.0,11.56,21.5,63.1,2026-08-14 10:21:17
2025-06-20,Adamawa,District6,0,3,0,0.0,1.66,27.6,77.9,2026-08-14 10:21:17
2025-06-20,Adamawa,District7,0,5,0,0.0,13.66,25.9,51.4,2026-08-14 10:21:17
2025-06-20,Adamawa,District8,0,2,0,0.0,12.42,23.0,69.0,2026-08-14 10:21:17
2025-06-20,Adamawa,District9,0,2,0,0.0,2.81,22.5,58.4,2026-08-14 10:21:17
2025-06-20,Adamawa,District10,0,0,0,0.0,17.49,21.9,83.1,2026-08-14 10:21:17
2025-06-20,Centre,District1,0,3,0,0.0,2.78,29.7,73.8,2026-08-14 10:21:17
2025-06-20,Centre,District2,0,2,0,0.0,16.95,26.6,58.7,2026-08-14 10:21:17
2025-06-20,Centre,District3,0,3,0,0.0,1.6,25.8,60.2,2026-08-14 10:21:17
2025-06-20,Centre,District4,0,5,0,0.0,12.03,29.2,55.1,2026-08-14 10:21:17
2025-06-20,Centre,District5,0,2,0,0.0,4.33,24.9,66.0,2026-08-14 10:21:17
2025-06-20,Centre,District6,0,3,0,0.0,17.78,23.8,89.7,2026-08-14 10:21:17
2025-06-20,Centre,District7,0,5,0,0.0,6.08,28.8,63.3,2026-08-14 10:21:17
2025-06-20,Centre,District8,2,4,1,50.0,9.01,29.3,81.4,2026-08-14 10:21:17
2025-06-20,Centre,District9,2,5,0,0.0,0.16,30.1,62.3,2026-08-14 10:21:17
2025-06-20,Centre,District10,0,4,0,0.0,13.45,25.4,63.0,2026-08-14 10:21:17
2025-06-20,East,District1,0,2,0,0.0,19.4,25.3,57.4,2026-08-14 10:21:17
2025-06-20,East,District2,0,1,0,0.0,4.06,28.4,73.3,2026-08-14 10:21:17
2025-06-20,East,District3,0,3,0,0.0,9.31,32.6,59.7,2026-08-14 10:21:17
2025-06-20,East,District4,2,4,0,0.0,10.89,22.5,71.3,2026-08-14 10:21:17
2025-06-20,East,District5,0,5,0,0.0,14.31,32.5,54.1,2026-08-14 10:21:17
2025-06-20,East,District6,0,2,0,0.0,18.63,33.2,66.4,2026-08-14 10:21:17
2025-06-20,East,District7,0,2,0,0.0,18.15,20.1,52.2,2026-08-14 10:21:17
2025-06-20,East,District8,2,1,1,50.0,5.28,28.6,69.2,2026-08-14 10:21:17
2025-06-20,East,District9,1,1,0,0.0,5.13,21.5,73.8,2026-08-14 10:21:17
2025-06-20,East,District10,0,4,0,0.0,6.42,31.4,64.1,2026-08-14 10:21:17
2025-06-20,Far North,District1,0,2,0,0.0,6.01,34.2,63.5,2026-08-14 10:21:17
2025-06-20,Far North,District2,2,3,1,50.0,11.72,21.6,54.1,2026-08-14 10:21:17
2025-06-20,Far North,District3,0,1,0,0.0,3.6,20.7,73.8,2026-08-14 10:21:17
2025-06-20,Far North,District4,0,1,0,0.0,10.67,28.3,88.8,2026-08-14 10:21:17
2025-06-20,Far North,District5,1,1,0,0.0,18.0,34.3,84.6,2026-08-14 10:21:17
2025-06-20,Far North,District6,0,1,0,0.0,4.78,30.0,68.6,2026-08-14 10:21:17
2025-06-20,Far North,District7,0,0,0,0.0,7.29,32.5,78.4,2026-08-14 10:21:17
2025-06-20,Far North,District8,1,0,0,0.0,18.04,33.1,81.2,2026-08-14 10:21:17
2025-06-20,Far North,District9,0,1,0,0.0,9.02,33.1,89.3,2026-08-14 10:21:17
2025-06-20,Far North,District10,1,1,0,0.0,16.23,23.7,73.2,2026-08-14 10:21:17
2025-06-20,Littoral,District1,0,2,0,0.0,3.91,33.5,74.3,2026-08-14 10:21:17
2025-06-20,Littoral,District2,2,5,0,0.0,4.94,21.0,78.0,2026-08-14 10:21:17
2025-06-20,Littoral,District3,1,4,0,0.0,6.34,24.7,66.2,2026-08-14 10:21:17
2025-06-20,Littoral,District4,0,4,0,0.0,18.7,33.1,81.9,2026-08-14 10:21:17
2025-06-20,Littoral,District5,2,1,0,0.0,2.86,30.7,85.6,2026-08-14 10:21:17
2025-06-20,Littoral,District6,0,4,0,0.0,1.16,32.9,84.2,2026-08-14 10:21:17
2025-06-20,Littoral,District7,0,3,0,0.0,3.95,23.7,50.7,2026-08-14 10:21:17
2025-06-20,Littoral,District8,0,3,0,0.0,6.67,31.1,60.0,2026-08-14 10:21:17
2025-06-20,Littoral,District9,0,4,0,0.0,11.27,21.1,62.5,2026-08-14 10:21:17
2025-06-20,Littoral,District10,0,1,0,0.0,19.69,25.6,50.2,2026-08-14 10:21:17
2025-06-20,North,District1,0,3,0,0.0,7.37,30.3,69.9,2026-08-14 10:21:17
2025-06-20,North,District2,0,2,0,0.0,17.29,32.1,60.7,2026-08-14 10:21:17
2025-06-20,North,District3,0,2,0,0.0,7.58,25.8,76.0,2026-08-14 10:21:17
2025-06-20,North,District4,0,0,0,0.0,16.02,23.8,77.6,2026-08-14 10:21:17
2025-06-20,North,District5,3,1,0,0.0,18.37,33.4,85.8,2026-08-14 10:21:17
2025-06-20,North,District6,0,5,0,0.0,9.58,25.6,58.9,2026-08-14 10:21:17
2025-06-20,North,District7,0,0,0,0.0,15.68,30.2,81.3,2026-08-14 10:21:17
2025-06-20,North,District8,2,2,0,0.0,7.84,30.8,79.7,2026-08-14 10:21:17
2025-06-20,North,District9,0,5,0,0.0,5.13,31.4,67.3,2026-08-14 10:21:17
2025-06-20,North,District10,0,5,0,0.0,1.69,28.4,80.9,2026-08-14 10:21:17
2025-06-20,North-West,District1,0,1,0,0.0,8.01,28.7,80.1,2026-08-14 10:21:17
2025-06-20,North-West,District2,3,2,0,0.0,4.37,24.6,70.5,2026-08-14 10:21:17
2025-06-20,North-West,District3,0,1,0,0.0,2.44,21.7,70.8,2026-08-14 10:21:17
2025-06-20,North-West,District4,0,0,0,0.0,16.42,32.8,50.3,2026-08-14 10:21:17
2025-06-20,North-West,District5,1,0,0,0.0,2.38,29.6,54.8,2026-08-14 10:21:17
2025-06-20,North-West,District6,0,2,0,0.0,18.92,25.6,81.3,2026-08-14 10:21:17
2025-06-20,North-West,District7,3,5,1,33.33,3.16,27.9,69.6,2026-08-14 10:21:17
2025-06-20,North-West,District8,0,1,0,0.0,14.29,22.3,68.7,2026-08-14 10:21:17
2025-06-20,North-West,District9,0,4,0,0.0,7.11,30.0,83.6,2026-08-14 10:21:17
2025-06-20,North-West,District10,0,0,0,0.0,9.62,21.8,73.6,2026-08-14 10:21:17
2025-06-20,South,District1,3,2,0,0.0,12.47,29.4,85.6,2026-08-14 10:21:17
2025-06-20,South,District2,0,5,0,0.0,5.12,24.7,84.3,2026-08-14 10:21:17
2025-06-20,South,District3,0,3,0,0.0,15.26,22.6,65.3,2026-08-14 10:21:17
2025-06-20,South,District4,0,0,0,0.0,1.82,25.2,86.5,2026-08-14 10:21:17
2025-06-20,South,District5,0,1,0,0.0,4.15,24.1,60.1,2026-08-14 10:21:17
2025-06-20,South,District6,1,4,1,100.0,6.42,33.7,69.2,2026-08-14 10:21:17
2025-06-20,South,District7,0,3,0,0.0,18.78,29.5,82.2,2026-08-14 10:21:17
2025-06-20,South,District8,0,4,0,0.0,19.06,22.5,60.1,2026-08-14 10:21:17
2025-06-20,South,District9,0,2,0,0.0,6.75,28.3,50.4,2026-08-14 10:21:17
2025-06-20,South,District10,0,3,0,0.0,16.63,20.6,73.4,2026-08-14 10:21:17
2025-06-20,South-West,District1,0,0,0,0.0,17.07,32.2,51.5,2026-08-14 10:21:17
2025-06-20,South-West,District2,2,5,0,0.0,11.78,32.1,61.2,2026-08-14 10:21:17
2025-06-20,South-West,District3,3,4,1,33.33,9.81,24.1,56.1,2026-08-14 10:21:17
2025-06-20,South-West,District4,0,3,0,0.0,14.53,22.1,76.6,2026-08-14 10:21:17
2025-06-20,South-West,District5,1,3,0,0.0,14.11,33.0,80.2,2026-08-14 10:21:17
2025-06-20,South-West,District6,0,4,0,0.0,1.08,33.7,77.2,2026-08-14 10:21:17
2025-06-20,South-West,District7,0,5,0,0.0,16.85,30.5,56.5,2026-08-14 10:21:17
2025-06-20,South-West,District8,1,4,1,100.0,18.29,29.0,83.5,2026-08-14 10:21:17
2025-06-20,South-West,District9,0,0,0,0.0,0.17,27.8,77.7,2026-08-14 10:21:17
2025-06-20,South-West,District10,0,0,0,0.0,2.82,34.4,55.4,2026-08-14 10:21:17
2025-06-20,West,District1,0,3,0,0.0,0.91,29.0,61.1,2026-08-14 10:21:17
2025-06-20,West,District2,2,4,1,50.0,1.71,29.1,57.9,2026-08-14 10:21:17
2025-06-20,West,District3,0,4,0,0.0,0.11,20.4,70.7,2026-08-14 10:21:17
2025-06-20,West,District4,0,2,0,0.0,11.88,27.6,50.8,2026-08-14 10:21:17
2025-06-20,West,District5,0,5,0,0.0,4.86,22.1,85.4,2026-08-14 10:21:17
2025-06-20,West,District6,0,3,0,0.0,0.11,28.3,84.9,2026-08-14 10:21:17
2025-06-20,West,District7,0,3,0,0.0,0.08,32.8,84.8,2026-08-14 10:21:17
2025-06-20,West,District8,0,3,0,0.0,2.26,27.2,51.4,2026-08-14 10:21:17
2025-06-20,West,District9,0,1,0,0.0,7.62,31.3,80.8,2026-08-14 10:21:17
2025-06-20,West,District10,0,0,0,0.0,13.96,22.7,59.6,2026-08-14 10:21:17
2025-06-23,Adamawa,District1,1,2,1,100.0,14.25,25.6,61.9,2026-08-14 10:21:17
2025-06-23,Adamawa,District2,0,4,0,0.0,12.47,26.5,83.7,2026-08-14 10:21:17
2025-06-23,Adamawa,District3,0,1,0,0.0,2.33,27.2,57.2,2026-08-14 10:21:17
2025-06-23,Adamawa,District4,0,4,0,0.0,13.52,31.8,67.0,2026-08-14 10:21:17
2025-06-23,Adamawa,District5,0,2,0,0.0,10.15,25.2,75.4,2026-08-14 10:21:17
2025-06-23,Adamawa,District6,0,3,0,0.0,4.37,29.0,64.6,2026-08-14 10:21:17
2025-06-23,Adamawa,District7,0,4,0,0.0,17.34,20.2,80.5,2026-08-14 10:21:17
2025-06-23,Adamawa,District8,0,1,0,0.0,19.69,26.1,72.7,2026-08-14 10:21:17
2025-06-23,Adamawa,District9,0,0,0,0.0,6.28,24.0,54.8,2026-08-14 10:21:17
2025-06-23,Adamawa,District10,2,5,0,0.0,12.11,25.7,64.2,2026-08-14 10:21:17
2025-06-23,Centre,District1,2,0,0,0.0,10.92,34.1,56.5,2026-08-14 10:21:17
2025-06-23,Centre,District2,0,5,0,0.0,14.32,24.2,71.5,2026-08-14 10:21:17
2025-06-23,Centre,District3,0,3,0,0.0,3.05,25.2,73.3,2026-08-14 10:21:17
2025-06-23,Centre,District4,0,0,0,0.0,6.12,21.9,88.1,2026-08-14 10:21:17
2025-06-23,Centre,District5,0,5,0,0.0,2.47,23.6,81.0,2026-08-14 10:21:17
2025-06-23,Centre,District6,0,5,0,0.0,19.18,21.7,53.3,2026-08-14 10:21:17
2025-06-23,Centre,District7,0,0,0,0.0,12.97,28.7,77.6,2026-08-14 10:21:17
2025-06-23,Centre,District8,0,5,0,0.0,2.33,26.7,82.4,2026-08-14 10:21:17
2025-06-23,Centre,District9,0,5,0,0.0,3.79,34.9,76.7,2026-08-14 10:21:17
2025-06-23,Centre,District10,1,5,0,0.0,18.82,24.5,70.7,2026-08-14 10:21:17
2025-06-23,East,District1,0,1,0,0.0,5.26,22.5,61.4,2026-08-14 10:21:17
2025-06-23,East,District2,0,4,0,0.0,14.73,34.6,58.9,2026-08-14 10:21:17
2025-06-23,East,District3,0,5,0,0.0,4.24,23.4,74.6,2026-08-14 10:21:17
2025-06-23,East,District4,0,0,0,0.0,18.24,29.8,65.2,2026-08-14 10:21:17
2025-06-23,East,District5,0,2,0,0.0,13.0,25.1,53.5,2026-08-14 10:21:17
2025-06-23,East,District6,1,2,0,0.0,3.43,31.0,72.9,2026-08-14 10:21:17
2025-06-23,East,District7,2,2,1,50.0,17.72,26.9,53.3,2026-08-14 10:21:17
2025-06-23,East,District8,0,3,0,0.0,19.19,32.6,78.0,2026-08-14 10:21:17
2025-06-23,East,District9,0,3,0,0.0,11.42,23.2,68.1,2026-08-14 10:21:17
2025-06-23,East,District10,3,2,0,0.0,15.94,27.1,72.8,2026-08-14 10:21:17
2025-06-23,Far North,District1,0,5,0,0.0,12.48,25.7,72.1,2026-08-14 10:21:17
2025-06-23,Far North,District2,1,4,0,0.0,2.48,27.9,71.3,2026-08-14 10:21:17
2025-06-23,Far North,District3,0,4,0,0.0,8.84,32.8,81.1,2026-08-14 10:21:17
2025-06-23,Far North,District4,3,3,1,33.33,18.22,31.9,79.1,2026-08-14 10:21:17
2025-06-23,Far North,District5,0,5,0,0.0,19.95,22.6,73.1,2026-08-14 10:21:17
2025-06-23,Far North,District6,0,1,0,0.0,12.04,20.3,67.2,2026-08-14 10:21:17
2025-06-23,Far North,District7,0,0,0,0.0,7.65,29.1,52.1,2026-08-14 10:21:17
2025-06-23,Far North,District8,0,4,0,0.0,15.18,29.7,60.8,2026-08-14 10:21:17
2025-06-23,Far North,District9,2,0,1,50.0,4.55,32.9,86.9,2026-08-14 10:21:17
2025-06-23,Far North,District10,0,2,0,0.0,18.16,25.6,50.6,2026-08-14 10:21:17
2025-06-23,Littoral,District1,3,2,0,0.0,14.82,30.4,79.9,2026-08-14 10:21:17
2025-06-23,Littoral,District2,0,5,0,0.0,16.0,27.5,57.7,2026-08-14 10:21:17
2025-06-23,Littoral,District3,0,1,0,0.0,19.33,31.8,86.1,2026-08-14 10:21:17
2025-06-23,Littoral,District4,0,5,0,0.0,6.44,33.3,61.4,2026-08-14 10:21:17
2025-06-23,Littoral,District5,2,1,1,50.0,6.56,26.8,62.5,2026-08-14 10:21:17
2025-06-23,Littoral,District6,2,0,0,0.0,6.7,23.1,83.6,2026-08-14 10:21:17
2025-06-23,Littoral,District7,0,3,0,0.0,15.85,23.3,77.1,2026-08-14 10:21:17
2025-06-23,Littoral,District8,0,4,0,0.0,3.78,34.2,73.2,2026-08-14 10:21:17
2025-06-23,Littoral,District9,0,4,0,0.0,15.67,27.7,70.0,2026-08-14 10:21:17
2025-06-23,Littoral,District10,0,1,0,0.0,5.27,26.4,89.2,2026-08-14 10:21:17
2025-06-23,North,District1,0,0,0,0.0,17.37,25.3,52.8,2026-08-14 10:21:17
2025-06-23,North,District2,0,2,0,0.0,11.73,22.8,55.2,2026-08-14 10:21:17
2025-06-23,North,District3,3,5,0,0.0,19.97,28.0,82.4,2026-08-14 10:21:17
2025-06-23,North,District4,0,1,0,0.0,14.44,28.5,86.1,2026-08-14 10:21:17
2025-06-23,North,District5,3,4,0,0.0,8.22,28.1,54.5,2026-08-14 10:21:17
2025-06-23,North,District6,0,2,0,0.0,0.41,28.1,83.4,2026-08-14 10:21:17
2025-06-23,North,District7,2,1,1,50.0,18.52,25.9,65.9,2026-08-14 10:21:17
2025-06-23,North,District8,0,3,0,0.0,18.14,34.9,51.3,2026-08-14 10:21:17
2025-06-23,North,District9,0,1,0,0.0,14.4,31.0,78.5,2026-08-14 10:21:17
2025-06-23,North,District10,0,5,0,0.0,16.27,34.0,81.4,2026-08-14 10:21:17
2025-06-23,North-West,District1,0,2,0,0.0,12.09,28.9,76.7,2026-08-14 10:21:17
2025-06-23,North-West,District2,0,3,0,0.0,4.08,28.6,78.5,2026-08-14 10:21:17
2025-06-23,North-West,District3,2,5,1,50.0,11.8,34.8,69.9,2026-08-14 10:21:17
2025-06-23,North-West,District4,0,4,0,0.0,7.99,27.0,74.7,2026-08-14 10:21:17
2025-06-23,North-West,District5,2,4,1,50.0,10.64,34.0,72.9,2026-08-14 10:21:17
2025-06-23,North-West,District6,0,2,0,0.0,1.39,25.8,52.4,2026-08-14 10:21:17
2025-06-23,North-West,District7,0,3,0,0.0,4.73,24.5,78.8,2026-08-14 10:21:17
2025-06-23,North-West,District8,2,4,0,0.0,6.42,24.3,87.6,2026-08-14 10:21:17
2025-06-23,North-West,District9,1,4,0,0.0,13.29,24.3,68.6,2026-08-14 10:21:17
2025-06-23,North-West,District10,0,5,0,0.0,9.56,34.0,60.8,2026-08-14 10:21:17
2025-06-23,South,District1,2,2,1,50.0,11.58,20.2,65.5,2026-08-14 10:21:17
2025-06-23,South,District2,0,4,0,0.0,17.04,28.7,78.7,2026-08-14 10:21:17
2025-06-23,South,District3,1,3,1,100.0,18.67,20.5,51.2,2026-08-14 10:21:17
2025-06-23,South,District4,0,1,0,0.0,16.2,30.6,79.8,2026-08-14 10:21:17
2025-06-23,South,District5,1,2,0,0.0,4.02,29.3,88.6,2026-08-14 10:21:17
2025-06-23,South,District6,0,3,0,0.0,8.18,23.0,81.9,2026-08-14 10:21:17
2025-06-23,South,District7,1,2,1,100.0,7.21,25.3,88.9,2026-08-14 10:21:17
2025-06-23,South,District8,0,2,0,0.0,1.19,26.8,77.0,2026-08-14 10:21:17
2025-06-23,South,District9,2,0,1,50.0,0.56,21.0,81.3,2026-08-14 10:21:17
2025-06-23,South,District10,1,2,1,100.0,4.79,23.9,74.2,2026-08-14 10:21:17
2025-06-23,South-West,District1,1,4,1,100.0,11.23,26.8,50.6,2026-08-14 10:21:17
2025-06-23,South-West,District2,1,1,1,100.0,1.3,32.5,63.0,2026-08-14 10:21:17
2025-06-23,South-West,District3,2,4,1,50.0,0.16,33.3,62.8,2026-08-14 10:21:17
2025-06-23,South-West,District4,0,0,0,0.0,14.1,25.8,55.0,2026-08-14 10:21:17
2025-06-23,South-West,District5,2,0,1,50.0,13.32,26.5,72.1,2026-08-14 10:21:17
2025-06-23,South-West,District6,0,4,0,0.0,5.82,30.4,72.2,2026-08-14 10:21:17
2025-06-23,South-West,District7,1,1,1,100.0,6.44,21.8,56.6,2026-08-14 10:21:17
2025-06-23,South-West,District8,2,5,0,0.0,19.94,28.5,50.3,2026-08-14 10:21:17
2025-06-23,South-West,District9,0,2,0,0.0,14.36,34.6,75.3,2026-08-14 10:21:17
2025-06-23,South-West,District10,0,2,0,0.0,4.63,25.8,78.4,2026-08-14 10:21:17
2025-06-23,West,District1,1,5,0,0.0,9.23,32.9,63.7,2026-08-14 10:21:17
2025-06-23,West,District2,1,2,1,100.0,19.15,31.7,60.6,2026-08-14 10:21:17
2025-06-23,West,District3,0,4,0,0.0,19.13,24.0,64.6,2026-08-14 10:21:17
2025-06-23,West,District4,1,2,1,100.0,16.5,21.2,53.1,2026-08-14 10:21:17
2025-06-23,West,District5,1,5,0,0.0,15.59,24.3,69.1,2026-08-14 10:21:17
2025-06-23,West,District6,0,3,0,0.0,4.83,31.2,66.7,2026-08-14 10:21:17
2025-06-23,West,District7,2,3,1,50.0,10.01,25.5,76.2,2026-08-14 10:21:17
2025-06-23,West,District8,2,0,0,0.0,18.17,32.7,87.5,2026-08-14 10:21:17
2025-06-23,West,District9,2,4,0,0.0,14.08,26.4,56.7,2026-08-14 10:21:17
2025-06-23,West,District10,0,2,0,0.0,18.51,20.7,68.5,2026-08-14 10:21:17
2025-06-24,Adamawa,District1,0,0,0,0.0,17.35,25.2,72.5,2026-08-14 10:21:17
2025-06-24,Adamawa,District2,0,4,0,0.0,12.15,31.2,90.0,2026-08-14 10:21:17
2025-06-24,Adamawa,District3,0,5,0,0.0,10.57,29.0,72.7,2026-08-14 10:21:17
2025-06-24,Adamawa,District4,0,5,0,0.0,10.58,27.4,76.1,2026-08-14 10:21:17
2025-06-24,Adamawa,District5,0,5,0,0.0,15.19,21.8,66.7,2026-08-14 10:21:17
2025-06-24,Adamawa,District6,0,3,0,0.0,6.12,21.4,58.8,2026-08-14 10:21:17
2025-06-24,Adamawa,District7,0,4,0,0.0,9.64,28.2,61.8,2026-08-14 10:21:17
2025-06-24,Adamawa,District8,0,1,0,0.0,3.68,32.1,75.4,2026-08-14 10:21:17
2025-06-24,Adamawa,District9,0,5,0,0.0,14.74,27.7,56.2,2026-08-14 10:21:17
2025-06-24,Adamawa,District10,0,1,0,0.0,1.09,26.6,80.3,2026-08-14 10:21:17
2025-06-24,Centre,District1,0,0,0,0.0,0.49,27.9,82.5,2026-08-14 10:21:17
2025-06-24,Centre,District2,1,1,0,0.0,0.6,22.2,56.5,2026-08-14 10:21:17
2025-06-24,Centre,District3,0,4,0,0.0,10.84,23.4,76.0,2026-08-14 10:21:17
2025-06-24,Centre,District4,0,2,0,0.0,6.06,23.9,78.9,2026-08-14 10:21:17
2025-06-24,Centre,District5,0,2,0,0.0,2.0,33.0,70.6,2026-08-14 10:21:17
2025-06-24,Centre,District6,0,3,0,0.0,0.53,32.2,78.9,2026-08-14 10:21:17
2025-06-24,Centre,District7,2,4,1,50.0,19.2,28.2,65.7,2026-08-14 10:21:17
2025-06-24,Centre,District8,0,3,0,0.0,0.62,26.7,71.2,2026-08-14 10:21:17
2025-06-24,Centre,District9,0,3,0,0.0,2.15,28.5,58.5,2026-08-14 10:21:17
2025-06-24,Centre,District10,0,3,0,0.0,11.09,30.0,50.9,2026-08-14 10:21:17
2025-06-24,East,District1,0,1,0,0.0,0.91,28.3,66.0,2026-08-14 10:21:17
2025-06-24,East,District2,1,1,1,100.0,10.47,32.9,77.3,2026-08-14 10:21:17
2025-06-24,East,District3,1,1,1,100.0,2.68,25.2,67.5,2026-08-14 10:21:17
2025-06-24,East,District4,2,3,1,50.0,3.41,21.5,55.7,2026-08-14 10:21:17
2025-06-24,East,District5,2,1,1,50.0,11.81,27.8,81.2,2026-08-14 10:21:17
2025-06-24,East,District6,0,0,0,0.0,9.69,20.2,72.8,2026-08-14 10:21:17
2025-06-24,East,District7,0,1,0,0.0,19.69,23.9,65.1,2026-08-14 10:21:17
2025-06-24,East,District8,0,4,0,0.0,8.61,27.6,68.3,2026-08-14 10:21:17
2025-06-24,East,District9,0,5,0,0.0,11.43,29.2,63.5,2026-08-14 10:21:17
2025-06-24,East,District10,0,3,0,0.0,8.05,35.0,73.3,2026-08-14 10:21:17
2025-06-24,Far North,District1,2,3,0,0.0,19.52,27.5,52.7,2026-08-14 10:21:17
2025-06-24,Far North,District2,1,5,0,0.0,2.1,33.1,51.3,2026-08-14 10:21:17
2025-06-24,Far North,District3,1,4,1,100.0,15.06,26.3,54.7,2026-08-14 10:21:17
2025-06-24,Far North,District4,0,4,0,0.0,4.76,21.3,60.9,2026-08-14 10:21:17
2025-06-24,Far North,District5,0,1,0,0.0,9.66,23.1,84.9,2026-08-14 10:21:17
2025-06-24,Far North,District6,0,4,0,0.0,6.48,22.9,81.3,2026-08-14 10:21:17
2025-06-24,Far North,District7,0,2,0,0.0,4.95,30.2,67.9,2026-08-14 10:21:17
2025-06-24,Far North,District8,0,4,0,0.0,5.43,28.6,62.3,2026-08-14 10:21:17
2025-06-24,Far North,District9,0,3,0,0.0,2.86,27.9,68.3,2026-08-14 10:21:17
2025-06-24,Far North,District10,1,5,0,0.0,1.6,28.3,88.1,2026-08-14 10:21:17
2025-06-24,Littoral,District1,0,4,0,0.0,3.2,26.5,50.1,2026-08-14 10:21:17
2025-06-24,Littoral,District2,0,1,0,0.0,1.92,23.6,62.7,2026-08-14 10:21:17
2025-06-24,Littoral,District3,0,3,0,0.0,1.44,23.5,55.9,2026-08-14 10:21:17
2025-06-24,Littoral,District4,2,3,0,0.0,1.81,27.4,60.0,2026-08-14 10:21:17
2025-06-24,Littoral,District5,0,3,0,0.0,4.79,22.2,61.7,2026-08-14 10:21:17
2025-06-24,Littoral,District6,0,3,0,0.0,1.06,33.7,68.8,2026-08-14 10:21:17
2025-06-24,Littoral,District7,0,2,0,0.0,8.36,20.4,73.6,2026-08-14 10:21:17
2025-06-24,Littoral,District8,1,2,0,0.0,4.16,32.2,75.4,2026-08-14 10:21:17
2025-06-24,Littoral,District9,0,4,0,0.0,12.02,24.3,87.5,2026-08-14 10:21:17
2025-06-24,Littoral,District10,0,1,0,0.0,13.37,33.8,87.4,2026-08-14 10:21:17
2025-06-24,North,District1,0,3,0,0.0,12.63,30.5,79.6,2026-08-14 10:21:17
2025-06-24,North,District2,3,4,1,33.33,14.5,28.0,67.4,2026-08-14 10:21:17
2025-06-24,North,District3,1,1,0,0.0,15.26,20.5,77.2,2026-08-14 10:21:17
2025-06-24,North,District4,2,1,0,0.0,12.88,28.9,62.9,2026-08-14 10:21:17
2025-06-24,North,District5,0,5,0,0.0,8.82,28.2,81.8,2026-08-14 10:21:17
2025-06-24,North,District6,0,0,0,0.0,12.18,31.5,80.4,2026-08-14 10:21:17
2025-06-24,North,District7,0,1,0,0.0,10.44,20.6,83.0,2026-08-14 10:21:17
2025-06-24,North,District8,0,5,0,0.0,14.32,31.5,70.4,2026-08-14 10:21:17
2025-06-24,North,District9,0,5,0,0.0,19.66,30.8,68.6,2026-08-14 10:21:17
2025-06-24,North,District10,1,3,0,0.0,5.78,31.9,75.3,2026-08-14 10:21:17
2025-06-24,North-West,District1,0,1,0,0.0,7.67,32.5,71.5,2026-08-14 10:21:17
2025-06-24,North-West,District2,0,4,0,0.0,14.5,33.6,72.8,2026-08-14 10:21:17
2025-06-24,North-West,District3,3,3,1,33.33,8.37,28.6,59.1,2026-08-14 10:21:17
2025-06-24,North-West,District4,0,0,0,0.0,10.39,33.4,82.4,2026-08-14 10:21:17
2025-06-24,North-West,District5,0,0,0,0.0,2.98,20.1,53.7,2026-08-14 10:21:17
2025-06-24,North-West,District6,0,0,0,0.0,8.16,30.5,53.6,2026-08-14 10:21:17
2025-06-24,North-West,District7,2,1,1,50.0,1.99,23.1,65.9,2026-08-14 10:21:17
2025-06-24,North-West,District8,0,0,0,0.0,4.95,21.5,68.3,2026-08-14 10:21:17
2025-06-24,North-West,District9,0,5,0,0.0,16.32,23.2,50.6,2026-08-14 10:21:17
2025-06-24,North-West,District10,0,2,0,0.0,3.67,34.8,85.5,2026-08-14 10:21:17
2025-06-24,South,District1,1,3,0,0.0,10.34,33.5,77.4,2026-08-14 10:21:17
2025-06-24,South,District2,0,1,0,0.0,17.33,32.5,55.4,2026-08-14 10:21:17
2025-06-24,South,District3,0,4,0,0.0,11.8,34.4,50.8,2026-08-14 10:21:17
2025-06-24,South,District4,0,1,0,0.0,12.17,28.9,80.3,2026-08-14 10:21:17
2025-06-24,South,District5,2,3,0,0.0,2.21,20.3,84.8,2026-08-14 10:21:17
2025-06-24,South,District6,0,0,0,0.0,16.71,27.0,75.7,2026-08-14 10:21:17
2025-06-24,South,District7,1,3,0,0.0,0.16,24.2,87.4,2026-08-14 10:21:17
2025-06-24,South,District8,2,2,0,0.0,18.15,34.6,69.6,2026-08-14 10:21:17
2025-06-24,South,District9,0,5,0,0.0,14.28,22.3,84.5,2026-08-14 10:21:17
2025-06-24,South,District10,0,2,0,0.0,15.08,31.6,85.5,2026-08-14 10:21:17
2025-06-24,South-West,District1,0,3,0,0.0,1.99,23.0,85.5,2026-08-14 10:21:17
2025-06-24,South-West,District2,0,2,0,0.0,18.93,27.5,55.6,2026-08-14 10:21:17
2025-06-24,South-West,District3,0,4,0,0.0,12.45,31.8,56.9,2026-08-14 10:21:17
2025-06-24,South-West,District4,0,0,0,0.0,18.82,33.2,87.9,2026-08-14 10:21:17
2025-06-24,South-West,District5,0,2,0,0.0,8.81,31.9,59.3,2026-08-14 10:21:17
2025-06-24,South-West,District6,0,4,0,0.0,10.89,20.2,82.4,2026-08-14 10:21:17
2025-06-24,South-West,District7,0,0,0,0.0,12.69,31.9,78.1,2026-08-14 10:21:17
2025-06-24,South-West,District8,0,2,0,0.0,14.69,26.3,84.8,2026-08-14 10:21:17
2025-06-24,South-West,District9,0,1,0,0.0,11.46,30.0,70.8,2026-08-14 10:21:17
2025-06-24,South-West,District10,0,3,0,0.0,17.39,31.8,83.7,2026-08-14 10:21:17
2025-06-24,West,District1,3,1,0,0.0,15.96,26.8,67.3,2026-08-14 10:21:17
2025-06-24,West,District2,0,3,0,0.0,2.23,28.5,67.5,2026-08-14 10:21:17
2025-06-24,West,District3,0,0,0,0.0,3.1,28.9,50.3,2026-08-14 10:21:17
2025-06-24,West,District4,0,0,0,0.0,7.26,22.1,57.4,2026-08-14 10:21:17
2025-06-24,West,District5,0,1,0,0.0,9.73,33.8,69.5,2026-08-14 10:21:17
2025-06-24,West,District6,0,3,0,0.0,18.39,24.8,77.1,2026-08-14 10:21:17
2025-06-24,West,District7,0,5,0,0.0,9.77,25.9,89.6,2026-08-14 10:21:17
2025-06-24,West,District8,0,1,0,0.0,17.1,32.9,86.7,2026-08-14 10:21:17
2025-06-24,West,District9,0,0,0,0.0,4.72,34.5,57.4,2026-08-14 10:21:17
2025-06-24,West,District10,0,2,0,0.0,9.69,22.2,89.7,2026-08-14 10:21:17
2025-06-19,Adamawa,District1,0,2,0,0.0,10.99,24.4,57.7,2026-08-14 10:21:17
2025-06-19,Adamawa,District2,1,3,1,100.0,2.9,25.0,76.8,2026-08-14 10:21:17
2025-06-19,Adamawa,District3,0,4,0,0.0,11.39,25.6,72.9,2026-08-14 10:21:17
2025-06-19,Adamawa,District4,0,3,0,0.0,17.5,24.0,51.8,2026-08-14 10:21:17
2025-06-19,Adamawa,District5,0,0,0,0.0,9.33,27.2,78.1,2026-08-14 10:21:17
2025-06-19,Adamawa,District6,0,0,0,0.0,7.53,25.7,85.0,2026-08-14 10:21:17
2025-06-19,Adamawa,District7,0,3,0,0.0,10.2,24.7,82.7,2026-08-14 10:21:17
2025-06-19,Adamawa,District8,2,0,1,50.0,10.59,34.4,65.3,2026-08-14 10:21:17
2025-06-19,Adamawa,District9,0,2,0,0.0,15.43,33.9,50.8,2026-08-14 10:21:17
2025-06-19,Adamawa,District10,0,1,0,0.0,11.5,32.7,65.6,2026-08-14 10:21:17
2025-06-19,Centre,District1,0,2,0,0.0,6.58,30.9,63.4,2026-08-14 10:21:17
2025-06-19,Centre,District2,1,4,0,0.0,14.2,26.6,56.6,2026-08-14 10:21:17
2025-06-19,Centre,District3,0,4,0,0.0,1.7,23.7,73.3,2026-08-14 10:21:17
2025-06-19,Centre,District4,0,5,0,0.0,16.49,29.6,82.7,2026-08-14 10:21:17
2025-06-19,Centre,District5,0,2,0,0.0,0.34,34.2,63.4,2026-08-14 10:21:17
2025-06-19,Centre,District6,0,3,0,0.0,17.13,20.2,50.6,2026-08-14 10:21:17
2025-06-19,Centre,District7,0,5,0,0.0,18.79,23.7,73.4,2026-08-14 10:21:17
2025-06-19,Centre,District8,1,4,0,0.0,17.91,34.8,74.0,2026-08-14 10:21:17
2025-06-19,Centre,District9,0,2,0,0.0,18.14,29.4,55.3,2026-08-14 10:21:17
2025-06-19,Centre,District10,2,5,1,50.0,10.11,21.9,81.5,2026-08-14 10:21:17
2025-06-19,East,District1,0,1,0,0.0,16.55,31.3,65.0,2026-08-14 10:21:17
2025-06-19,East,District2,0,0,0,0.0,4.31,30.5,55.3,2026-08-14 10:21:17
2025-06-19,East,District3,0,2,0,0.0,10.79,28.3,73.6,2026-08-14 10:21:17
2025-06-19,East,District4,0,5,0,0.0,16.82,30.7,87.3,2026-08-14 10:21:17
2025-06-19,East,District5,0,4,0,0.0,16.79,30.7,70.2,2026-08-14 10:21:17
2025-06-19,East,District6,1,3,1,100.0,12.41,28.3,64.0,2026-08-14 10:21:17
2025-06-19,East,District7,2,5,0,0.0,0.4,20.5,61.8,2026-08-14 10:21:17
2025-06-19,East,District8,1,0,0,0.0,7.72,21.2,69.3,2026-08-14 10:21:17
2025-06-19,East,District9,0,2,0,0.0,6.21,26.6,78.9,2026-08-14 10:21:17
2025-06-19,East,District10,2,3,0,0.0,8.29,31.6,74.4,2026-08-14 10:21:17
2025-06-19,Far North,District1,0,1,0,0.0,9.92,27.3,87.5,2026-08-14 10:21:17
2025-06-19,Far North,District2,0,0,0,0.0,4.18,29.9,55.1,2026-08-14 10:21:17
2025-06-19,Far North,District3,0,3,0,0.0,13.84,28.2,59.4,2026-08-14 10:21:17
2025-06-19,Far North,District4,2,5,0,0.0,17.69,31.4,86.5,2026-08-14 10:21:17
2025-06-19,Far North,District5,0,1,0,0.0,5.58,32.5,85.8,2026-08-14 10:21:17
2025-06-19,Far North,District6,3,0,0,0.0,18.27,20.5,77.7,2026-08-14 10:21:17
2025-06-19,Far North,District7,0,0,0,0.0,3.16,32.0,62.0,2026-08-14 10:21:17
2025-06-19,Far North,District8,2,3,1,50.0,11.56,20.9,76.9,2026-08-14 10:21:17
2025-06-19,Far North,District9,0,2,0,0.0,19.01,31.2,72.0,2026-08-14 10:21:17
2025-06-19,Far North,District10,2,5,0,0.0,13.95,27.5,76.6,2026-08-14 10:21:17
2025-06-19,Littoral,District1,0,5,0,0.0,14.95,34.2,82.3,2026-08-14 10:21:17
2025-06-19,Littoral,District2,0,4,0,0.0,14.24,21.8,88.5,2026-08-14 10:21:17
2025-06-19,Littoral,District3,0,1,0,0.0,6.21,20.4,70.3,2026-08-14 10:21:17
2025-06-19,Littoral,District4,1,0,1,100.0,13.78,24.7,69.6,2026-08-14 10:21:17
2025-06-19,Littoral,District5,0,5,0,0.0,5.07,29.5,65.3,2026-08-14 10:21:17
2025-06-19,Littoral,District6,3,1,1,33.33,10.66,32.6,84.4,2026-08-14 10:21:17
2025-06-19,Littoral,District7,1,1,1,100.0,11.78,29.7,60.7,2026-08-14 10:21:17
2025-06-19,Littoral,District8,0,2,0,0.0,8.38,26.2,62.1,2026-08-14 10:21:17
2025-06-19,Littoral,District9,0,1,0,0.0,19.99,29.2,60.2,2026-08-14 10:21:17
2025-06-19,Littoral,District10,0,1,0,0.0,18.87,20.3,88.4,2026-08-14 10:21:17
2025-06-19,North,District1,3,1,0,0.0,8.02,30.2,56.8,2026-08-14 10:21:17
2025-06-19,North,District2,0,2,0,0.0,9.08,23.3,72.8,2026-08-14 10:21:17
2025-06-19,North,District3,0,2,0,0.0,8.57,26.9,89.8,2026-08-14 10:21:17
2025-06-19,North,District4,2,0,1,50.0,2.79,21.5,80.1,2026-08-14 10:21:17
2025-06-19,North,District5,0,2,0,0.0,0.83,24.3,71.2,2026-08-14 10:21:17
2025-06-19,North,District6,0,2,0,0.0,14.26,29.3,83.8,2026-08-14 10:21:17
2025-06-19,North,District7,1,2,0,0.0,5.8,20.2,52.0,2026-08-14 10:21:17
2025-06-19,North,District8,0,5,0,0.0,0.5,34.8,63.6,2026-08-14 10:21:17
2025-06-19,North,District9,1,5,1,100.0,5.72,22.0,50.8,2026-08-14 10:21:17
2025-06-19,North,District10,0,1,0,0.0,5.65,33.0,87.4,2026-08-14 10:21:17
2025-06-19,North-West,District1,1,2,1,100.0,15.74,29.1,82.5,2026-08-14 10:21:17
2025-06-19,North-West,District2,0,4,0,0.0,7.66,22.5,56.6,2026-08-14 10:21:17
2025-06-19,North-West,District3,0,0,0,0.0,7.19,23.6,53.7,2026-08-14 10:21:17
2025-06-19,North-West,District4,1,5,1,100.0,18.47,24.1,85.2,2026-08-14 10:21:17
2025-06-19,North-West,District5,0,0,0,0.0,0.82,22.0,75.7,2026-08-14 10:21:17
2025-06-19,North-West,District6,0,3,0,0.0,19.5,23.7,68.6,2026-08-14 10:21:17
2025-06-19,North-West,District7,3,5,1,33.33,12.54,30.7,56.6,2026-08-14 10:21:17
2025-06-19,North-West,District8,2,3,0,0.0,10.9,33.0,62.1,2026-08-14 10:21:17
2025-06-19,North-West,District9,1,3,1,100.0,10.88,32.5,58.3,2026-08-14 10:21:17
2025-06-19,North-West,District10,0,1,0,0.0,15.08,34.6,85.6,2026-08-14 10:21:17
2025-06-19,South,District1,0,2,0,0.0,5.61,33.6,61.2,2026-08-14 10:21:17
2025-06-19,South,District2,0,4,0,0.0,18.77,26.2,85.4,2026-08-14 10:21:17
2025-06-19,South,District3,2,4,0,0.0,6.1,28.9,75.3,2026-08-14 10:21:17
2025-06-19,South,District4,0,3,0,0.0,5.47,21.2,81.8,2026-08-14 10:21:17
2025-06-19,South,District5,0,2,0,0.0,10.99,26.9,70.3,2026-08-14 10:21:17
2025-06-19,South,District6,0,3,0,0.0,3.0,28.5,86.3,2026-08-14 10:21:17
2025-06-19,South,District7,1,1,0,0.0,2.36,23.8,54.4,2026-08-14 10:21:17
2025-06-19,South,District8,0,1,0,0.0,3.9,27.1,79.0,2026-08-14 10:21:17
2025-06-19,South,District9,0,1,0,0.0,11.23,23.5,79.6,2026-08-14 10:21:17
2025-06-19,South,District10,1,2,0,0.0,9.71,32.9,87.4,2026-08-14 10:21:17
2025-06-19,South-West,District1,2,4,0,0.0,6.04,22.5,81.7,2026-08-14 10:21:17
2025-06-19,South-West,District2,2,4,0,0.0,8.37,25.4,79.5,2026-08-14 10:21:17
2025-06-19,South-West,District3,2,2,0,0.0,15.96,21.1,72.0,2026-08-14 10:21:17
2025-06-19,South-West,District4,1,2,1,100.0,16.23,31.9,83.1,2026-08-14 10:21:17
2025-06-19,South-West,District5,0,1,0,0.0,16.96,32.7,62.4,2026-08-14 10:21:17
2025-06-19,South-West,District6,0,1,0,0.0,1.26,21.4,80.4,2026-08-14 10:21:17
2025-06-19,South-West,District7,0,2,0,0.0,7.08,29.9,70.8,2026-08-14 10:21:17
2025-06-19,South-West,District8,1,4,1,100.0,19.85,33.4,88.0,2026-08-14 10:21:17
2025-06-19,South-West,District9,0,4,0,0.0,15.37,25.3,88.9,2026-08-14 10:21:17
2025-06-19,South-West,District10,2,0,1,50.0,2.44,30.6,50.1,2026-08-14 10:21:17
2025-06-19,West,District1,2,2,0,0.0,10.8,31.2,79.9,2026-08-14 10:21:17
2025-06-19,West,District2,0,0,0,0.0,14.34,26.7,52.2,2026-08-14 10:21:17
2025-06-19,West,District3,1,4,0,0.0,9.33,22.8,77.9,2026-08-14 10:21:17
2025-06-19,West,District4,0,3,0,0.0,4.99,34.1,59.7,2026-08-14 10:21:17
2025-06-19,West,District5,0,5,0,0.0,0.14,24.5,50.3,2026-08-14 10:21:17
2025-06-19,West,District6,0,3,0,0.0,19.33,26.0,63.6,2026-08-14 10:21:17
2025-06-19,West,District7,1,0,0,0.0,0.78,32.5,62.2,2026-08-14 10:21:17
2025-06-19,West,District8,0,1,0,0.0,2.63,34.5,69.3,2026-08-14 10:21:17
2025-06-19,West,District9,0,0,0,0.0,6.19,34.6,65.3,2026-08-14 10:21:17
2025-06-19,West,District10,0,5,0,0.0,12.79,27.6,72.2,2026-08-14 10:21:17
2025-07-01,Adamawa,District1,0,3,0,0.0,0.54,27.9,60.6,2026-08-14 10:21:17
2025-07-01,Adamawa,District2,0,0,0,0.0,19.32,24.1,63.1,2026-08-14 10:21:17
2025-07-01,Adamawa,District3,0,5,0,0.0,17.54,22.7,64.4,2026-08-14 10:21:17
2025-07-01,Adamawa,District4,3,2,0,0.0,7.78,31.2,73.1,2026-08-14 10:21:17
2025-07-01,Adamawa,District5,0,3,0,0.0,19.0,23.5,50.8,2026-08-14 10:21:17
2025-07-01,Adamawa,District6,0,3,0,0.0,18.4,23.8,77.8,2026-08-14 10:21:17
2025-07-01,Adamawa,District7,0,0,0,0.0,8.48,34.9,84.4,2026-08-14 10:21:17
2025-07-01,Adamawa,District8,3,2,0,0.0,7.62,30.9,83.4,2026-08-14 10:21:17
2025-07-01,Adamawa,District9,2,1,0,0.0,19.36,31.6,61.2,2026-08-14 10:21:17
2025-07-01,Adamawa,District10,1,5,1,100.0,5.11,33.5,64.5,2026-08-14 10:21:17
2025-07-01,Centre,District1,0,5,0,0.0,14.91,33.7,57.4,2026-08-14 10:21:17
2025-07-01,Centre,District2,2,2,0,0.0,7.89,23.4,76.9,2026-08-14 10:21:17
2025-07-01,Centre,District3,0,0,0,0.0,7.47,33.1,56.7,2026-08-14 10:21:17
2025-07-01,Centre,District4,1,0,0,0.0,18.58,24.8,81.3,2026-08-14 10:21:17
2025-07-01,Centre,District5,0,4,0,0.0,13.87,30.2,63.9,2026-08-14 10:21:17
2025-07-01,Centre,District6,0,3,0,0.0,8.16,34.7,86.1,2026-08-14 10:21:17
2025-07-01,Centre,District7,0,4,0,0.0,14.89,33.3,59.8,2026-08-14 10:21:17
2025-07-01,Centre,District8,1,1,0,0.0,3.02,33.4,86.6,2026-08-14 10:21:17
2025-07-01,Centre,District9,1,2,1,100.0,18.85,21.3,81.2,2026-08-14 10:21:17
2025-07-01,Centre,District10,3,4,1,33.33,17.79,22.3,56.2,2026-08-14 10:21:17
2025-07-01,East,District1,0,4,0,0.0,2.51,33.6,62.0,2026-08-14 10:21:17
2025-07-01,East,District2,0,4,0,0.0,3.05,23.4,71.7,2026-08-14 10:21:17
2025-07-01,East,District3,0,1,0,0.0,2.06,20.3,55.0,2026-08-14 10:21:17
2025-07-01,East,District4,0,1,0,0.0,8.18,21.0,63.7,2026-08-14 10:21:17
2025-07-01,East,District5,0,2,0,0.0,14.42,34.6,85.3,2026-08-14 10:21:17
2025-07-01,East,District6,0,0,0,0.0,2.34,25.5,64.1,2026-08-14 10:21:17
2025-07-01,East,District7,0,1,0,0.0,10.71,25.0,73.3,2026-08-14 10:21:17
2025-07-01,East,District8,0,2,0,0.0,11.75,27.4,53.9,2026-08-14 10:21:17
2025-07-01,East,District9,3,2,1,33.33,6.05,21.3,59.7,2026-08-14 10:21:17
2025-07-01,East,District10,0,4,0,0.0,16.32,20.4,80.1,2026-08-14 10:21:17
2025-07-01,Far North,District1,1,4,1,100.0,17.41,22.0,55.6,2026-08-14 10:21:17
2025-07-01,Far North,District2,2,4,1,50.0,7.88,22.7,51.3,2026-08-14 10:21:17
2025-07-01,Far North,District3,0,5,0,0.0,8.88,27.4,81.8,2026-08-14 10:21:17
2025-07-01,Far North,District4,0,5,0,0.0,3.2,24.3,56.3,2026-08-14 10:21:17
2025-07-01,Far North,District5,0,3,0,0.0,13.49,26.8,53.5,2026-08-14 10:21:17
2025-07-01,Far North,District6,1,1,1,100.0,10.85,21.6,83.0,2026-08-14 10:21:17
2025-07-01,Far North,District7,0,2,0,0.0,11.83,31.3,54.7,2026-08-14 10:21:17
2025-07-01,Far North,District8,0,2,0,0.0,2.73,27.6,86.9,2026-08-14 10:21:17
2025-07-01,Far North,District9,2,5,0,0.0,12.28,27.2,83.5,2026-08-14 10:21:17
2025-07-01,Far North,District10,0,1,0,0.0,11.13,27.2,63.1,2026-08-14 10:21:17
2025-07-01,Littoral,District1,0,5,0,0.0,5.7,26.5,89.0,2026-08-14 10:21:17
2025-07-01,Littoral,District2,2,1,0,0.0,7.15,26.0,81.2,2026-08-14 10:21:17
2025-07-01,Littoral,District3,2,3,0,0.0,2.27,29.7,55.7,2026-08-14 10:21:17
2025-07-01,Littoral,District4,0,1,0,0.0,2.07,33.6,80.2,2026-08-14 10:21:17
2025-07-01,Littoral,District5,0,5,0,0.0,10.8,20.9,83.4,2026-08-14 10:21:17
2025-07-01,Littoral,District6,0,5,0,0.0,0.16,29.3,55.3,2026-08-14 10:21:17
2025-07-01,Littoral,District7,0,5,0,0.0,2.58,30.8,61.3,2026-08-14 10:21:17
2025-07-01,Littoral,District8,1,5,1,100.0,10.27,31.0,55.3,2026-08-14 10:21:17
2025-07-01,Littoral,District9,1,1,0,0.0,15.0,26.3,80.7,2026-08-14 10:21:17
2025-07-01,Littoral,District10,0,4,0,0.0,9.48,30.1,83.5,2026-08-14 10:21:17
2025-07-01,North,District1,0,4,0,0.0,7.32,31.0,55.5,2026-08-14 10:21:17
2025-07-01,North,District2,0,2,0,0.0,16.64,28.1,80.3,2026-08-14 10:21:17
2025-07-01,North,District3,1,1,1,100.0,6.86,28.8,71.2,2026-08-14 10:21:17
2025-07-01,North,District4,0,5,0,0.0,15.83,22.3,79.3,2026-08-14 10:21:17
2025-07-01,North,District5,0,1,0,0.0,12.1,20.5,59.9,2026-08-14 10:21:17
2025-07-01,North,District6,2,4,1,50.0,11.28,20.2,86.2,2026-08-14 10:21:17
2025-07-01,North,District7,0,2,0,0.0,13.91,29.8,78.2,2026-08-14 10:21:17
2025-07-01,North,District8,2,0,1,50.0,1.87,33.5,54.3,2026-08-14 10:21:17
2025-07-01,North,District9,3,1,0,0.0,19.01,25.1,67.7,2026-08-14 10:21:17
2025-07-01,North,District10,0,2,0,0.0,17.6,20.4,77.4,2026-08-14 10:21:17
2025-07-01,North-West,District1,2,1,0,0.0,6.34,31.0,81.6,2026-08-14 10:21:17
2025-07-01,North-West,District2,0,0,0,0.0,16.42,21.3,72.2,2026-08-14 10:21:17
2025-07-01,North-West,District3,0,3,0,0.0,0.69,26.2,89.0,2026-08-14 10:21:17
2025-07-01,North-West,District4,0,3,0,0.0,13.05,31.2,56.6,2026-08-14 10:21:17
2025-07-01,North-West,District5,1,3,0,0.0,18.96,27.3,87.7,2026-08-14 10:21:17
2025-07-01,North-West,District6,0,2,0,0.0,0.83,26.9,88.6,2026-08-14 10:21:17
2025-07-01,North-West,District7,0,0,0,0.0,11.96,33.8,67.6,2026-08-14 10:21:17
2025-07-01,North-West,District8,0,2,0,0.0,17.06,21.8,70.5,2026-08-14 10:21:17
2025-07-01,North-West,District9,0,5,0,0.0,6.56,30.6,56.1,2026-08-14 10:21:17
2025-07-01,North-West,District10,2,0,0,0.0,11.03,34.6,85.5,2026-08-14 10:21:17
2025-07-01,South,District1,0,2,0,0.0,18.29,28.9,81.3,2026-08-14 10:21:17
2025-07-01,South,District2,0,4,0,0.0,8.28,20.7,55.4,2026-08-14 10:21:17
2025-07-01,South,District3,0,2,0,0.0,15.13,23.4,80.5,2026-08-14 10:21:17
2025-07-01,South,District4,0,3,0,0.0,4.17,32.2,85.8,2026-08-14 10:21:17
2025-07-01,South,District5,3,4,0,0.0,3.39,27.4,76.5,2026-08-14 10:21:17
2025-07-01,South,District6,0,0,0,0.0,3.67,25.0,61.5,2026-08-14 10:21:17
2025-07-01,South,District7,0,4,0,0.0,3.77,20.3,62.5,2026-08-14 10:21:17
2025-07-01,South,District8,0,0,0,0.0,12.63,29.2,83.5,2026-08-14 10:21:17
2025-07-01,South,District9,2,3,1,50.0,14.34,26.6,64.7,2026-08-14 10:21:17
2025-07-01,South,District10,0,1,0,0.0,3.43,32.2,75.4,2026-08-14 10:21:17
2025-07-01,South-West,District1,1,0,0,0.0,6.1,32.5,78.3,2026-08-14 10:21:17
2025-07-01,South-West,District2,1,0,1,100.0,10.52,22.7,83.5,2026-08-14 10:21:17
2025-07-01,South-West,District3,3,5,0,0.0,1.44,29.9,58.6,2026-08-14 10:21:17
2025-07-01,South-West,District4,1,0,1,100.0,13.96,31.3,88.0,2026-08-14 10:21:17
2025-07-01,South-West,District5,0,5,0,0.0,11.29,34.5,85.2,2026-08-14 10:21:17
2025-07-01,South-West,District6,0,0,0,0.0,13.58,22.5,66.4,2026-08-14 10:21:17
2025-07-01,South-West,District7,2,5,1,50.0,19.41,29.7,78.4,2026-08-14 10:21:17
2025-07-01,South-West,District8,0,4,0,0.0,18.27,24.5,64.1,2026-08-14 10:21:17
2025-07-01,South-West,District9,0,2,0,0.0,4.91,24.6,84.3,2026-08-14 10:21:17
2025-07-01,South-West,District10,0,5,0,0.0,8.7,25.6,60.8,2026-08-14 10:21:17
2025-07-01,West,District1,0,3,0,0.0,5.9,24.2,88.2,2026-08-14 10:21:17
2025-07-01,West,District2,1,0,0,0.0,15.18,22.5,61.6,2026-08-14 10:21:17
2025-07-01,West,District3,0,3,0,0.0,11.0,25.5,65.0,2026-08-14 10:21:17
2025-07-01,West,District4,0,3,0,0.0,2.0,20.4,62.5,2026-08-14 10:21:17
2025-07-01,West,District5,0,2,0,0.0,2.85,30.5,74.7,2026-08-14 10:21:17
2025-07-01,West,District6,0,0,0,0.0,15.15,28.4,53.1,2026-08-14 10:21:17
2025-07-01,West,District7,0,0,0,0.0,16.3,29.2,64.8,2026-08-14 10:21:17
2025-07-01,West,District8,0,4,0,0.0,1.81,25.9,50.8,2026-08-14 10:21:17
2025-07-01,West,District9,0,0,0,0.0,2.75,25.9,83.7,2026-08-14 10:21:17
2025-07-01,West,District10,0,1,0,0.0,9.31,25.4,66.8,2026-08-14 10:21:17
2025-07-03,Adamawa,District1,0,4,0,0.0,4.51,29.0,74.7,2026-08-14 10:21:17
2025-07-03,Adamawa,District2,3,4,0,0.0,19.34,33.6,61.6,2026-08-14 10:21:17
2025-07-03,Adamawa,District3,1,0,0,0.0,11.25,22.1,78.8,2026-08-14 10:21:17
2025-07-03,Adamawa,District4,0,4,0,0.0,7.54,22.5,73.1,2026-08-14 10:21:17
2025-07-03,Adamawa,District5,0,2,0,0.0,12.82,32.4,59.5,2026-08-14 10:21:17
2025-07-03,Adamawa,District6,0,4,0,0.0,13.34,31.5,53.1,2026-08-14 10:21:17
2025-07-03,Adamawa,District7,3,2,0,0.0,19.02,27.5,81.4,2026-08-14 10:21:17
2025-07-03,Adamawa,District8,0,3,0,0.0,4.07,21.4,85.3,2026-08-14 10:21:17
2025-07-03,Adamawa,District9,1,1,0,0.0,14.13,26.7,64.3,2026-08-14 10:21:17
2025-07-03,Adamawa,District10,2,4,0,0.0,3.22,24.5,75.9,2026-08-14 10:21:17
2025-07-03,Centre,District1,2,2,0,0.0,17.21,20.6,75.1,2026-08-14 10:21:17
2025-07-03,Centre,District2,0,2,0,0.0,6.53,26.1,87.6,2026-08-14 10:21:17
2025-07-03,Centre,District3,0,5,0,0.0,19.48,30.1,62.5,2026-08-14 10:21:17
2025-07-03,Centre,District4,1,3,0,0.0,12.14,22.2,78.7,2026-08-14 10:21:17
2025-07-03,Centre,District5,1,0,0,0.0,8.6,21.0,88.0,2026-08-14 10:21:17
2025-07-03,Centre,District6,0,1,0,0.0,14.81,32.5,64.1,2026-08-14 10:21:17
2025-07-03,Centre,District7,1,3,1,100.0,11.26,23.0,76.9,2026-08-14 10:21:17
2025-07-03,Centre,District8,0,1,0,0.0,18.32,26.1,63.2,2026-08-14 10:21:17
2025-07-03,Centre,District9,0,2,0,0.0,15.68,26.7,84.6,2026-08-14 10:21:17
2025-07-03,Centre,District10,0,4,0,0.0,15.34,26.4,54.4,2026-08-14 10:21:17
2025-07-03,East,District1,2,1,1,50.0,14.15,34.1,82.0,2026-08-14 10:21:17
2025-07-03,East,District2,0,5,0,0.0,1.86,32.4,56.1,2026-08-14 10:21:17
2025-07-03,East,District3,1,1,0,0.0,5.01,30.5,63.3,2026-08-14 10:21:17
2025-07-03,East,District4,0,4,0,0.0,19.75,25.3,66.6,2026-08-14 10:21:17
2025-07-03,East,District5,3,1,1,33.33,17.87,31.8,84.9,2026-08-14 10:21:17
2025-07-03,East,District6,0,4,0,0.0,19.52,32.0,68.5,2026-08-14 10:21:17
2025-07-03,East,District7,0,3,0,0.0,3.72,20.1,73.2,2026-08-14 10:21:17
2025-07-03,East,District8,2,2,0,0.0,15.61,23.8,66.6,2026-08-14 10:21:17
2025-07-03,East,District9,1,4,1,100.0,2.93,34.4,70.8,2026-08-14 10:21:17
2025-07-03,East,District10,0,0,0,0.0,16.42,29.0,86.6,2026-08-14 10:21:17
2025-07-03,Far North,District1,0,1,0,0.0,0.34,26.9,54.9,2026-08-14 10:21:17
2025-07-03,Far North,District2,0,2,0,0.0,14.9,33.9,55.3,2026-08-14 10:21:17
2025-07-03,Far North,District3,3,1,0,0.0,19.45,25.8,80.0,2026-08-14 10:21:17
2025-07-03,Far North,District4,0,2,0,0.0,14.36,31.6,79.2,2026-08-14 10:21:17
2025-07-03,Far North,District5,0,5,0,0.0,6.32,28.9,63.1,2026-08-14 10:21:17
2025-07-03,Far North,District6,0,1,0,0.0,5.29,24.6,87.7,2026-08-14 10:21:17
2025-07-03,Far North,District7,0,1,0,0.0,4.38,25.5,75.9,2026-08-14 10:21:17
2025-07-03,Far North,District8,0,1,0,0.0,17.89,32.5,54.0,2026-08-14 10:21:17
2025-07-03,Far North,District9,0,3,0,0.0,10.5,21.0,50.8,2026-08-14 10:21:17
2025-07-03,Far North,District10,1,5,1,100.0,9.55,33.6,61.9,2026-08-14 10:21:17
2025-07-03,Littoral,District1,0,0,0,0.0,16.79,24.1,89.1,2026-08-14 10:21:17
2025-07-03,Littoral,District2,1,2,1,100.0,13.15,22.6,81.8,2026-08-14 10:21:17
2025-07-03,Littoral,District3,1,5,0,0.0,13.28,20.1,56.5,2026-08-14 10:21:17
2025-07-03,Littoral,District4,0,2,0,0.0,13.02,23.1,81.0,2026-08-14 10:21:17
2025-07-03,Littoral,District5,3,1,0,0.0,0.63,25.1,64.6,2026-08-14 10:21:17
2025-07-03,Littoral,District6,2,0,1,50.0,6.33,29.8,77.9,2026-08-14 10:21:17
2025-07-03,Littoral,District7,0,3,0,0.0,13.0,23.8,72.0,2026-08-14 10:21:17
2025-07-03,Littoral,District8,1,5,0,0.0,17.09,23.4,53.0,2026-08-14 10:21:17
2025-07-03,Littoral,District9,0,4,0,0.0,1.46,28.9,66.1,2026-08-14 10:21:17
2025-07-03,Littoral,District10,2,4,1,50.0,3.94,33.9,89.1,2026-08-14 10:21:17
2025-07-03,North,District1,0,3,0,0.0,6.16,25.7,60.2,2026-08-14 10:21:17
2025-07-03,North,District2,0,4,0,0.0,5.6,28.5,60.7,2026-08-14 10:21:17
2025-07-03,North,District3,2,2,1,50.0,10.81,29.0,62.9,2026-08-14 10:21:17
2025-07-03,North,District4,0,4,0,0.0,3.33,24.7,57.7,2026-08-14 10:21:17
2025-07-03,North,District5,0,4,0,0.0,16.99,30.3,57.3,2026-08-14 10:21:17
2025-07-03,North,District6,1,4,1,100.0,2.45,30.4,69.3,2026-08-14 10:21:17
2025-07-03,North,District7,0,5,0,0.0,12.56,24.4,72.0,2026-08-14 10:21:17
2025-07-03,North,District8,2,0,1,50.0,12.0,28.5,65.0,2026-08-14 10:21:17
2025-07-03,North,District9,3,4,0,0.0,7.4,24.4,86.3,2026-08-14 10:21:17
2025-07-03,North,District10,1,1,1,100.0,4.66,20.8,76.0,2026-08-14 10:21:17
2025-07-03,North-West,District1,0,5,0,0.0,6.68,30.3,55.9,2026-08-14 10:21:17
2025-07-03,North-West,District2,1,1,0,0.0,13.1,32.0,77.3,2026-08-14 10:21:17
2025-07-03,North-West,District3,0,4,0,0.0,13.32,25.2,56.2,2026-08-14 10:21:17
2025-07-03,North-West,District4,2,4,1,50.0,2.3,24.2,83.4,2026-08-14 10:21:17
2025-07-03,North-West,District5,0,4,0,0.0,12.91,30.5,69.3,2026-08-14 10:21:17
2025-07-03,North-West,District6,0,4,0,0.0,16.41,31.3,82.2,2026-08-14 10:21:17
2025-07-03,North-West,District7,0,4,0,0.0,16.71,30.8,80.1,2026-08-14 10:21:17
2025-07-03,North-West,District8,0,3,0,0.0,15.58,22.4,81.4,2026-08-14 10:21:17
2025-07-03,North-West,District9,0,4,0,0.0,14.71,33.0,86.9,2026-08-14 10:21:17
2025-07-03,North-West,District10,1,3,1,100.0,0.91,23.4,74.4,2026-08-14 10:21:17
2025-07-03,South,District1,0,4,0,0.0,5.23,22.5,69.1,2026-08-14 10:21:17
2025-07-03,South,District2,0,2,0,0.0,13.24,22.4,84.9,2026-08-14 10:21:17
2025-07-03,South,District3,0,4,0,0.0,1.99,24.5,82.8,2026-08-14 10:21:17
2025-07-03,South,District4,3,0,0,0.0,1.24,23.8,69.1,2026-08-14 10:21:17
2025-07-03,South,District5,1,2,0,0.0,11.77,28.2,55.7,2026-08-14 10:21:17
2025-07-03,South,District6,2,5,1,50.0,6.48,25.8,55.3,2026-08-14 10:21:17
2025-07-03,South,District7,0,0,0,0.0,13.31,33.4,85.1,2026-08-14 10:21:17
2025-07-03,South,District8,0,4,0,0.0,14.7,23.9,84.6,2026-08-14 10:21:17
2025-07-03,South,District9,1,0,1,100.0,9.05,23.4,69.0,2026-08-14 10:21:17
2025-07-03,South,District10,3,3,1,33.33,14.01,28.7,55.3,2026-08-14 10:21:17
2025-07-03,South-West,District1,0,4,0,0.0,11.5,31.0,54.0,2026-08-14 10:21:17
2025-07-03,South-West,District2,0,4,0,0.0,4.56,23.9,65.4,2026-08-14 10:21:17
2025-07-03,South-West,District3,0,3,0,0.0,18.28,31.6,64.2,2026-08-14 10:21:17
2025-07-03,South-West,District4,0,3,0,0.0,10.26,26.7,78.8,2026-08-14 10:21:17
2025-07-03,South-West,District5,0,5,0,0.0,14.02,24.0,50.2,2026-08-14 10:21:17
2025-07-03,South-West,District6,2,5,0,0.0,2.12,28.7,57.0,2026-08-14 10:21:17
2025-07-03,South-West,District7,0,2,0,0.0,8.48,20.6,74.6,2026-08-14 10:21:17
2025-07-03,South-West,District8,1,3,0,0.0,2.57,26.3,69.8,2026-08-14 10:21:17
2025-07-03,South-West,District9,0,4,0,0.0,9.93,27.1,81.7,2026-08-14 10:21:17
2025-07-03,South-West,District10,0,5,0,0.0,15.59,25.4,80.7,2026-08-14 10:21:17
2025-07-03,West,District1,0,1,0,0.0,18.84,32.2,74.8,2026-08-14 10:21:17
2025-07-03,West,District2,0,1,0,0.0,18.09,28.1,85.4,2026-08-14 10:21:17
2025-07-03,West,District3,0,1,0,0.0,19.93,28.9,50.3,2026-08-14 10:21:17
2025-07-03,West,District4,0,2,0,0.0,5.92,25.2,51.1,2026-08-14 10:21:17
2025-07-03,West,District5,0,4,0,0.0,6.69,35.0,75.4,2026-08-14 10:21:17
2025-07-03,West,District6,0,2,0,0.0,9.76,33.9,60.0,2026-08-14 10:21:17
2025-07-03,West,District7,0,0,0,0.0,4.91,32.9,66.5,2026-08-14 10:21:17
2025-07-03,West,District8,0,0,0,0.0,5.24,32.2,70.2,2026-08-14 10:21:17
2025-07-03,West,District9,0,1,0,0.0,2.13,24.0,72.9,2026-08-14 10:21:17
2025-07-03,West,District10,2,2,0,0.0,3.45,21.3,52.8,2026-08-14 10:21:17
2025-07-21,Adamawa,District1,0,0,0,0.0,1.44,21.0,58.7,2026-08-14 10:21:17
2025-07-21,Adamawa,District2,0,3,0,0.0,2.24,32.0,62.2,2026-08-14 10:21:17
2025-07-21,Adamawa,District3,0,2,0,0.0,11.05,31.6,61.9,2026-08-14 10:21:17
2025-07-21,Adamawa,District4,0,3,0,0.0,2.81,20.2,83.0,2026-08-14 10:21:17
2025-07-21,Adamawa,District5,0,3,0,0.0,0.89,34.0,72.2,2026-08-14 10:21:17
2025-07-21,Adamawa,District6,1,3,1,100.0,10.48,25.0,77.3,2026-08-14 10:21:17
2025-07-21,Adamawa,District7,1,5,1,100.0,6.0,23.9,78.9,2026-08-14 10:21:17
2025-07-21,Adamawa,District8,1,0,1,100.0,3.09,28.4,82.2,2026-08-14 10:21:17
2025-07-21,Adamawa,District9,0,4,0,0.0,9.9,29.8,54.2,2026-08-14 10:21:17
2025-07-21,Adamawa,District10,1,1,1,100.0,18.35,30.4,55.0,2026-08-14 10:21:17
2025-07-21,Centre,District1,0,1,0,0.0,4.01,27.8,52.3,2026-08-14 10:21:17
2025-07-21,Centre,District2,0,1,0,0.0,15.53,21.0,72.1,2026-08-14 10:21:17
2025-07-21,Centre,District3,0,5,0,0.0,4.64,32.3,68.4,2026-08-14 10:21:17
2025-07-21,Centre,District4,0,1,0,0.0,15.14,21.2,74.4,2026-08-14 10:21:17
2025-07-21,Centre,District5,0,1,0,0.0,13.3,27.5,60.9,2026-08-14 10:21:17
2025-07-21,Centre,District6,0,5,0,0.0,1.05,24.0,81.8,2026-08-14 10:21:17
2025-07-21,Centre,District7,0,4,0,0.0,4.04,20.6,58.2,2026-08-14 10:21:17
2025-07-21,Centre,District8,0,0,0,0.0,0.6,33.5,65.8,2026-08-14 10:21:17
2025-07-21,Centre,District9,1,0,1,100.0,18.33,20.9,87.1,2026-08-14 10:21:17
2025-07-21,Centre,District10,2,0,0,0.0,0.94,26.2,55.2,2026-08-14 10:21:17
2025-07-21,East,District1,0,2,0,0.0,2.51,28.4,53.8,2026-08-14 10:21:17
2025-07-21,East,District2,0,1,0,0.0,16.85,32.7,88.9,2026-08-14 10:21:17
2025-07-21,East,District3,2,4,1,50.0,10.4,26.3,68.7,2026-08-14 10:21:17
2025-07-21,East,District4,0,4,0,0.0,1.98,25.6,74.1,2026-08-14 10:21:17
2025-07-21,East,District5,0,0,0,0.0,17.97,30.3,72.3,2026-08-14 10:21:17
2025-07-21,East,District6,0,1,0,0.0,5.68,31.4,81.8,2026-08-14 10:21:17
2025-07-21,East,District7,0,3,0,0.0,13.3,28.5,84.4,2026-08-14 10:21:17
2025-07-21,East,District8,0,0,0,0.0,4.66,21.5,69.1,2026-08-14 10:21:17
2025-07-21,East,District9,0,1,0,0.0,14.17,32.5,58.6,2026-08-14 10:21:17
2025-07-21,East,District10,0,4,0,0.0,14.71,28.3,67.3,2026-08-14 10:21:17
2025-07-21,Far North,District1,0,1,0,0.0,8.23,29.4,76.9,2026-08-14 10:21:17
2025-07-21,Far North,District2,0,3,0,0.0,12.61,25.9,85.1,2026-08-14 10:21:17
2025-07-21,Far North,District3,0,4,0,0.0,3.22,29.4,68.1,2026-08-14 10:21:17
2025-07-21,Far North,District4,1,1,1,100.0,13.37,27.1,63.5,2026-08-14 10:21:17
2025-07-21,Far North,District5,0,5,0,0.0,12.85,22.0,84.3,2026-08-14 10:21:17
2025-07-21,Far North,District6,0,4,0,0.0,16.4,20.1,61.7,2026-08-14 10:21:17
2025-07-21,Far North,District7,2,5,1,50.0,12.72,33.9,74.4,2026-08-14 10:21:17
2025-07-21,Far North,District8,3,2,1,33.33,15.89,26.6,73.9,2026-08-14 10:21:17
2025-07-21,Far North,District9,1,1,1,100.0,6.02,33.5,87.9,2026-08-14 10:21:17
2025-07-21,Far North,District10,1,2,1,100.0,11.85,21.4,53.6,2026-08-14 10:21:17
2025-07-21,Littoral,District1,0,3,0,0.0,14.76,21.6,66.0,2026-08-14 10:21:17
2025-07-21,Littoral,District2,0,0,0,0.0,12.97,25.1,56.2,2026-08-14 10:21:17
2025-07-21,Littoral,District3,0,1,0,0.0,10.82,27.0,61.3,2026-08-14 10:21:17
2025-07-21,Littoral,District4,0,2,0,0.0,7.15,34.6,68.0,2026-08-14 10:21:17
2025-07-21,Littoral,District5,2,1,0,0.0,13.99,34.7,89.8,2026-08-14 10:21:17
2025-07-21,Littoral,District6,3,0,0,0.0,4.88,23.6,77.1,2026-08-14 10:21:17
2025-07-21,Littoral,District7,0,1,0,0.0,9.01,21.2,71.9,2026-08-14 10:21:17
2025-07-21,Littoral,District8,1,3,1,100.0,10.67,24.8,81.2,2026-08-14 10:21:17
2025-07-21,Littoral,District9,3,0,1,33.33,2.58,35.0,66.0,2026-08-14 10:21:17
2025-07-21,Littoral,District10,0,2,0,0.0,13.02,34.1,62.5,2026-08-14 10:21:17
2025-07-21,North,District1,0,4,0,0.0,19.84,22.3,74.8,2026-08-14 10:21:17
2025-07-21,North,District2,0,1,0,0.0,8.51,26.6,60.5,2026-08-14 10:21:17
2025-07-21,North,District3,0,0,0,0.0,8.5,34.8,80.1,2026-08-14 10:21:17
2025-07-21,North,District4,0,4,0,0.0,3.64,28.1,60.4,2026-08-14 10:21:17
2025-07-21,North,District5,1,3,1,100.0,6.78,24.8,81.6,2026-08-14 10:21:17
2025-07-21,North,District6,0,4,0,0.0,17.08,21.5,54.5,2026-08-14 10:21:17
2025-07-21,North,District7,0,4,0,0.0,8.38,26.2,76.1,2026-08-14 10:21:17
2025-07-21,North,District8,0,1,0,0.0,8.24,29.7,78.0,2026-08-14 10:21:17
2025-07-21,North,District9,0,3,0,0.0,18.06,32.6,80.1,2026-08-14 10:21:17
2025-07-21,North,District10,0,1,0,0.0,1.93,32.3,58.3,2026-08-14 10:21:17
2025-07-21,North-West,District1,1,5,1,100.0,15.89,28.2,64.1,2026-08-14 10:21:17
2025-07-21,North-West,District2,0,0,0,0.0,8.55,21.9,55.3,2026-08-14 10:21:17
2025-07-21,North-West,District3,0,5,0,0.0,15.75,33.9,88.5,2026-08-14 10:21:17
2025-07-21,North-West,District4,0,0,0,0.0,19.01,33.0,68.6,2026-08-14 10:21:17
2025-07-21,North-West,District5,0,3,0,0.0,3.85,28.5,55.1,2026-08-14 10:21:17
2025-07-21,North-West,District6,0,4,0,0.0,10.3,28.1,53.1,2026-08-14 10:21:17
2025-07-21,North-West,District7,0,0,0,0.0,0.8,34.1,72.2,2026-08-14 10:21:17
2025-07-21,North-West,District8,2,1,0,0.0,0.16,32.6,71.1,2026-08-14 10:21:17
2025-07-21,North-West,District9,0,2,0,0.0,14.79,27.1,57.1,2026-08-14 10:21:17
2025-07-21,North-West,District10,0,0,0,0.0,17.62,33.4,83.2,2026-08-14 10:21:17
2025-07-21,South,District1,0,5,0,0.0,5.88,26.9,72.6,2026-08-14 10:21:17
2025-07-21,South,District2,0,2,0,0.0,17.08,22.2,61.9,2026-08-14 10:21:17
2025-07-21,South,District3,0,3,0,0.0,10.81,27.3,62.5,2026-08-14 10:21:17
2025-07-21,South,District4,1,4,1,100.0,10.42,21.4,87.6,2026-08-14 10:21:17
2025-07-21,South,District5,2,1,0,0.0,9.79,26.8,84.8,2026-08-14 10:21:17
2025-07-21,South,District6,1,0,1,100.0,17.12,27.1,53.6,2026-08-14 10:21:17
2025-07-21,South,District7,0,5,0,0.0,19.15,33.6,73.2,2026-08-14 10:21:17
2025-07-21,South,District8,0,0,0,0.0,5.29,21.9,88.5,2026-08-14 10:21:17
2025-07-21,South,District9,0,3,0,0.0,11.88,34.3,86.6,2026-08-14 10:21:17
2025-07-21,South,District10,0,5,0,0.0,16.12,24.0,68.0,2026-08-14 10:21:17
2025-07-21,South-West,District1,0,2,0,0.0,6.32,30.6,51.2,2026-08-14 10:21:17
2025-07-21,South-West,District2,1,2,0,0.0,19.92,32.0,84.3,2026-08-14 10:21:17
2025-07-21,South-West,District3,0,4,0,0.0,19.56,34.9,59.6,2026-08-14 10:21:17
2025-07-21,South-West,District4,0,5,0,0.0,4.81,28.2,79.3,2026-08-14 10:21:17
2025-07-21,South-West,District5,0,2,0,0.0,3.61,25.6,57.1,2026-08-14 10:21:17
2025-07-21,South-West,District6,0,2,0,0.0,8.8,21.5,72.5,2026-08-14 10:21:17
2025-07-21,South-West,District7,2,3,0,0.0,13.96,24.1,70.7,2026-08-14 10:21:17
2025-07-21,South-West,District8,2,2,1,50.0,0.55,25.7,51.1,2026-08-14 10:21:17
2025-07-21,South-West,District9,0,1,0,0.0,17.79,24.4,61.7,2026-08-14 10:21:17
2025-07-21,South-West,District10,0,3,0,0.0,19.42,25.3,81.6,2026-08-14 10:21:17
2025-07-21,West,District1,0,0,0,0.0,1.95,22.3,58.4,2026-08-14 10:21:17
2025-07-21,West,District2,0,0,0,0.0,5.34,33.3,52.8,2026-08-14 10:21:17
2025-07-21,West,District3,2,1,1,50.0,7.19,20.3,51.8,2026-08-14 10:21:17
2025-07-21,West,District4,0,5,0,0.0,15.52,28.1,82.6,2026-08-14 10:21:17
2025-07-21,West,District5,0,1,0,0.0,4.16,22.0,78.4,2026-08-14 10:21:17
2025-07-21,West,District6,2,0,0,0.0,13.03,24.7,82.7,2026-08-14 10:21:17
2025-07-21,West,District7,0,4,0,0.0,13.77,28.4,68.3,2026-08-14 10:21:17
2025-07-21,West,District8,0,5,0,0.0,15.11,27.1,56.4,2026-08-14 10:21:17
2025-07-21,West,District9,0,2,0,0.0,9.77,30.1,73.0,2026-08-14 10:21:17
2025-07-21,West,District10,0,5,0,0.0,15.99,20.4,65.8,2026-08-14 10:21:17
2025-07-23,Adamawa,District1,0,5,0,0.0,6.74,27.0,81.3,2026-08-14 10:21:17
2025-07-23,Adamawa,District2,3,5,0,0.0,17.16,21.2,55.3,2026-08-14 10:21:17
2025-07-23,Adamawa,District3,3,4,1,33.33,12.6,29.2,50.5,2026-08-14 10:21:17
2025-07-23,Adamawa,District4,0,1,0,0.0,16.13,23.7,80.1,2026-08-14 10:21:17
2025-07-23,Adamawa,District5,1,0,0,0.0,18.16,34.4,87.7,2026-08-14 10:21:17
2025-07-23,Adamawa,District6,0,4,0,0.0,0.43,29.0,75.5,2026-08-14 10:21:17
2025-07-23,Adamawa,District7,0,2,0,0.0,19.54,28.9,59.5,2026-08-14 10:21:17
2025-07-23,Adamawa,District8,2,4,0,0.0,13.14,20.5,50.0,2026-08-14 10:21:17
2025-07-23,Adamawa,District9,1,0,1,100.0,2.29,25.5,64.3,2026-08-14 10:21:17
2025-07-23,Adamawa,District10,0,2,0,0.0,11.39,22.9,63.0,2026-08-14 10:21:17
2025-07-23,Centre,District1,0,4,0,0.0,6.48,27.0,71.3,2026-08-14 10:21:17
2025-07-23,Centre,District2,0,1,0,0.0,15.39,33.7,57.0,2026-08-14 10:21:17
2025-07-23,Centre,District3,0,5,0,0.0,10.33,29.0,68.4,2026-08-14 10:21:17
2025-07-23,Centre,District4,0,5,0,0.0,13.14,34.1,54.5,2026-08-14 10:21:17
2025-07-23,Centre,District5,0,4,0,0.0,4.8,21.1,67.1,2026-08-14 10:21:17
2025-07-23,Centre,District6,0,5,0,0.0,1.6,30.3,62.2,2026-08-14 10:21:17
2025-07-23,Centre,District7,0,4,0,0.0,9.04,21.2,82.8,2026-08-14 10:21:17
2025-07-23,Centre,District8,2,1,0,0.0,0.5,25.8,67.8,2026-08-14 10:21:17
2025-07-23,Centre,District9,0,4,0,0.0,8.02,30.7,76.5,2026-08-14 10:21:17
2025-07-23,Centre,District10,0,0,0,0.0,15.72,24.9,71.8,2026-08-14 10:21:17
2025-07-23,East,District1,0,2,0,0.0,17.72,22.2,58.8,2026-08-14 10:21:17
2025-07-23,East,District2,0,2,0,0.0,13.22,26.6,89.8,2026-08-14 10:21:17
2025-07-23,East,District3,0,5,0,0.0,8.06,22.5,79.6,2026-08-14 10:21:17
2025-07-23,East,District4,0,2,0,0.0,10.12,25.9,55.7,2026-08-14 10:21:17
2025-07-23,East,District5,2,0,0,0.0,12.76,32.6,55.2,2026-08-14 10:21:17
2025-07-23,East,District6,3,5,0,0.0,11.27,20.6,87.2,2026-08-14 10:21:17
2025-07-23,East,District7,0,3,0,0.0,8.96,28.8,61.0,2026-08-14 10:21:17
2025-07-23,East,District8,0,3,0,0.0,17.41,32.9,75.5,2026-08-14 10:21:17
2025-07-23,East,District9,3,2,0,0.0,4.16,30.6,68.6,2026-08-14 10:21:17
2025-07-23,East,District10,0,1,0,0.0,1.35,22.6,50.6,2026-08-14 10:21:17
2025-07-23,Far North,District1,0,2,0,0.0,2.39,28.8,70.7,2026-08-14 10:21:17
2025-07-23,Far North,District2,0,4,0,0.0,4.58,25.8,57.6,2026-08-14 10:21:17
2025-07-23,Far North,District3,0,5,0,0.0,2.04,30.1,80.5,2026-08-14 10:21:17
2025-07-23,Far North,District4,0,1,0,0.0,17.75,26.4,60.2,2026-08-14 10:21:17
2025-07-23,Far North,District5,0,3,0,0.0,0.31,26.3,89.7,2026-08-14 10:21:17
2025-07-23,Far North,District6,0,1,0,0.0,10.79,32.0,65.2,2026-08-14 10:21:17
2025-07-23,Far North,District7,0,0,0,0.0,2.27,31.0,78.7,2026-08-14 10:21:17
2025-07-23,Far North,District8,0,0,0,0.0,8.99,28.7,87.1,2026-08-14 10:21:17
2025-07-23,Far North,District9,1,1,0,0.0,1.24,31.4,51.5,2026-08-14 10:21:17
2025-07-23,Far North,District10,0,3,0,0.0,17.97,34.9,87.3,2026-08-14 10:21:17
2025-07-23,Littoral,District1,0,2,0,0.0,17.57,34.3,66.0,2026-08-14 10:21:17
2025-07-23,Littoral,District2,1,1,1,100.0,18.9,24.9,54.6,2026-08-14 10:21:17
2025-07-23,Littoral,District3,0,3,0,0.0,0.69,33.5,63.0,2026-08-14 10:21:17
2025-07-23,Littoral,District4,0,2,0,0.0,5.17,23.9,75.4,2026-08-14 10:21:17
2025-07-23,Littoral,District5,0,0,0,0.0,13.41,27.8,50.4,2026-08-14 10:21:17
2025-07-23,Littoral,District6,0,0,0,0.0,4.1,26.3,68.7,2026-08-14 10:21:17
2025-07-23,Littoral,District7,0,0,0,0.0,9.38,30.8,83.6,2026-08-14 10:21:17
2025-07-23,Littoral,District8,3,3,0,0.0,14.6,24.4,70.1,2026-08-14 10:21:17
2025-07-23,Littoral,District9,0,3,0,0.0,19.23,28.8,86.4,2026-08-14 10:21:17
2025-07-23,Littoral,District10,0,1,0,0.0,6.83,21.4,63.0,2026-08-14 10:21:17
2025-07-23,North,District1,0,5,0,0.0,0.9,20.8,70.3,2026-08-14 10:21:17
2025-07-23,North,District2,0,5,0,0.0,7.93,29.9,58.7,2026-08-14 10:21:17
2025-07-23,North,District3,0,5,0,0.0,6.05,23.1,87.2,2026-08-14 10:21:17
2025-07-23,North,District4,2,3,1,50.0,5.06,26.4,53.8,2026-08-14 10:21:17
2025-07-23,North,District5,1,5,0,0.0,6.92,29.4,72.9,2026-08-14 10:21:17
2025-07-23,North,District6,0,5,0,0.0,14.98,21.8,77.6,2026-08-14 10:21:17
2025-07-23,North,District7,0,4,0,0.0,17.2,20.3,68.5,2026-08-14 10:21:17
2025-07-23,North,District8,1,4,0,0.0,4.72,28.0,78.3,2026-08-14 10:21:17
2025-07-23,North,District9,0,5,0,0.0,0.7,24.6,72.1,2026-08-14 10:21:17
2025-07-23,North,District10,0,0,0,0.0,4.26,25.7,87.0,2026-08-14 10:21:17
2025-07-23,North-West,District1,2,2,0,0.0,16.03,34.5,57.1,2026-08-14 10:21:17
2025-07-23,North-West,District2,0,1,0,0.0,8.22,28.5,59.6,2026-08-14 10:21:17
2025-07-23,North-West,District3,0,0,0,0.0,16.29,30.7,51.2,2026-08-14 10:21:17
2025-07-23,North-West,District4,0,0,0,0.0,3.12,32.6,84.8,2026-08-14 10:21:17
2025-07-23,North-West,District5,0,1,0,0.0,19.06,27.3,65.8,2026-08-14 10:21:17
2025-07-23,North-West,District6,0,2,0,0.0,1.72,31.0,86.3,2026-08-14 10:21:17
2025-07-23,North-West,District7,2,0,0,0.0,10.8,27.5,68.2,2026-08-14 10:21:17
2025-07-23,North-West,District8,0,1,0,0.0,17.8,28.8,65.1,2026-08-14 10:21:17
2025-07-23,North-West,District9,0,3,0,0.0,16.05,26.8,51.9,2026-08-14 10:21:17
2025-07-23,North-West,District10,2,1,1,50.0,14.24,29.5,73.2,2026-08-14 10:21:17
2025-07-23,South,District1,0,0,0,0.0,14.01,28.9,54.8,2026-08-14 10:21:17
2025-07-23,South,District2,1,3,0,0.0,11.46,28.6,76.4,2026-08-14 10:21:17
2025-07-23,South,District3,0,1,0,0.0,0.02,27.2,90.0,2026-08-14 10:21:17
2025-07-23,South,District4,2,2,0,0.0,11.84,31.4,69.0,2026-08-14 10:21:17
2025-07-23,South,District5,0,1,0,0.0,2.39,33.4,80.2,2026-08-14 10:21:17
2025-07-23,South,District6,0,5,0,0.0,14.09,20.6,86.2,2026-08-14 10:21:17
2025-07-23,South,District7,0,4,0,0.0,6.81,26.9,51.8,2026-08-14 10:21:17
2025-07-23,South,District8,0,4,0,0.0,18.8,27.2,89.9,2026-08-14 10:21:17
2025-07-23,South,District9,0,1,0,0.0,9.3,31.3,60.5,2026-08-14 10:21:17
2025-07-23,South,District10,2,2,0,0.0,13.15,21.4,75.3,2026-08-14 10:21:17
2025-07-23,South-West,District1,0,1,0,0.0,17.99,27.6,62.3,2026-08-14 10:21:17
2025-07-23,South-West,District2,0,0,0,0.0,8.78,26.2,89.1,2026-08-14 10:21:17
2025-07-23,South-West,District3,0,5,0,0.0,12.27,27.5,58.6,2026-08-14 10:21:17
2025-07-23,South-West,District4,0,0,0,0.0,16.24,30.4,57.5,2026-08-14 10:21:17
2025-07-23,South-West,District5,1,0,0,0.0,6.91,29.0,51.4,2026-08-14 10:21:17
2025-07-23,South-West,District6,3,5,1,33.33,8.82,21.2,65.6,2026-08-14 10:21:17
2025-07-23,South-West,District7,0,2,0,0.0,8.69,28.9,59.0,2026-08-14 10:21:17
2025-07-23,South-West,District8,0,0,0,0.0,7.73,21.7,76.0,2026-08-14 10:21:17
2025-07-23,South-West,District9,0,0,0,0.0,17.12,28.3,81.3,2026-08-14 10:21:17
2025-07-23,South-West,District10,1,0,1,100.0,10.94,32.3,70.1,2026-08-14 10:21:17
2025-07-23,West,District1,0,3,0,0.0,1.21,20.1,76.9,2026-08-14 10:21:17
2025-07-23,West,District2,2,1,1,50.0,7.41,26.9,87.3,2026-08-14 10:21:17
2025-07-23,West,District3,0,0,0,0.0,0.86,30.4,54.0,2026-08-14 10:21:17
2025-07-23,West,District4,0,0,0,0.0,11.7,26.4,63.0,2026-08-14 10:21:17
2025-07-23,West,District5,1,5,0,0.0,8.42,31.4,53.7,2026-08-14 10:21:17
2025-07-23,West,District6,0,2,0,0.0,9.68,23.3,75.1,2026-08-14 10:21:17
2025-07-23,West,District7,3,5,1,33.33,1.42,30.3,63.0,2026-08-14 10:21:17
2025-07-23,West,District8,1,2,1,100.0,19.25,23.0,78.0,2026-08-14 10:21:17
2025-07-23,West,District9,0,3,0,0.0,3.1,33.2,53.0,2026-08-14 10:21:17
2025-07-23,West,District10,3,2,0,0.0,8.86,20.3,61.9,2026-08-14 10:21:17
2025-08-02,Adamawa,District1,0,4,0,0.0,9.61,22.7,87.7,2026-08-14 10:21:17
2025-08-02,Adamawa,District2,0,1,0,0.0,0.5,27.7,66.4,2026-08-14 10:21:17
2025-08-02,Adamawa,District3,0,3,0,0.0,0.4,22.5,74.3,2026-08-14 10:21:17
2025-08-02,Adamawa,District4,1,3,1,100.0,11.51,28.8,85.3,2026-08-14 10:21:17
2025-08-02,Adamawa,District5,2,5,1,50.0,12.73,31.1,69.2,2026-08-14 10:21:17
2025-08-02,Adamawa,District6,0,2,0,0.0,0.05,24.2,78.0,2026-08-14 10:21:17
2025-08-02,Adamawa,District7,0,3,0,0.0,16.81,31.0,82.1,2026-08-14 10:21:17
2025-08-02,Adamawa,District8,1,4,0,0.0,13.93,20.6,51.1,2026-08-14 10:21:17
2025-08-02,Adamawa,District9,0,5,0,0.0,5.25,26.5,75.7,2026-08-14 10:21:17
2025-08-02,Adamawa,District10,0,1,0,0.0,4.05,24.1,78.6,2026-08-14 10:21:17
2025-08-02,Centre,District1,1,5,0,0.0,16.4,22.2,69.5,2026-08-14 10:21:17
2025-08-02,Centre,District2,3,2,1,33.33,7.32,20.1,63.8,2026-08-14 10:21:17
2025-08-02,Centre,District3,2,3,1,50.0,0.1,29.6,71.3,2026-08-14 10:21:17
2025-08-02,Centre,District4,0,1,0,0.0,0.23,21.4,87.5,2026-08-14 10:21:17
2025-08-02,Centre,District5,0,2,0,0.0,11.54,27.5,50.1,2026-08-14 10:21:17
2025-08-02,Centre,District6,1,3,1,100.0,3.29,27.4,56.5,2026-08-14 10:21:17
2025-08-02,Centre,District7,0,3,0,0.0,16.09,27.7,73.7,2026-08-14 10:21:17
2025-08-02,Centre,District8,0,4,0,0.0,14.97,22.3,71.9,2026-08-14 10:21:17
2025-08-02,Centre,District9,0,3,0,0.0,1.06,23.6,52.1,2026-08-14 10:21:17
2025-08-02,Centre,District10,0,1,0,0.0,16.99,32.5,65.9,2026-08-14 10:21:17
2025-08-02,East,District1,0,3,0,0.0,9.48,22.3,50.5,2026-08-14 10:21:17
2025-08-02,East,District2,0,5,0,0.0,2.93,32.6,73.9,2026-08-14 10:21:17
2025-08-02,East,District3,1,2,1,100.0,16.92,29.8,81.4,2026-08-14 10:21:17
2025-08-02,East,District4,1,1,0,0.0,0.5,20.1,71.9,2026-08-14 10:21:17
2025-08-02,East,District5,0,1,0,0.0,0.68,23.7,65.0,2026-08-14 10:21:17
2025-08-02,East,District6,0,5,0,0.0,19.1,34.1,70.6,2026-08-14 10:21:17
2025-08-02,East,District7,0,3,0,0.0,1.73,22.8,71.0,2026-08-14 10:21:17
2025-08-02,East,District8,0,0,0,0.0,9.74,23.3,81.8,2026-08-14 10:21:17
2025-08-02,East,District9,0,3,0,0.0,16.05,28.9,64.2,2026-08-14 10:21:17
2025-08-02,East,District10,1,3,1,100.0,7.22,21.1,60.6,2026-08-14 10:21:17
2025-08-02,Far North,District1,0,0,0,0.0,17.81,34.8,56.6,2026-08-14 10:21:17
2025-08-02,Far North,District2,1,3,0,0.0,15.46,28.4,55.5,2026-08-14 10:21:17
2025-08-02,Far North,District3,2,4,0,0.0,3.67,31.8,76.6,2026-08-14 10:21:17
2025-08-02,Far North,District4,3,3,1,33.33,3.99,27.3,85.7,2026-08-14 10:21:17
2025-08-02,Far North,District5,0,3,0,0.0,6.86,26.9,69.8,2026-08-14 10:21:17
2025-08-02,Far North,District6,0,0,0,0.0,11.06,30.9,87.0,2026-08-14 10:21:17
2025-08-02,Far North,District7,0,1,0,0.0,4.25,32.4,76.2,2026-08-14 10:21:17
2025-08-02,Far North,District8,0,4,0,0.0,3.92,34.4,89.4,2026-08-14 10:21:17
2025-08-02,Far North,District9,0,4,0,0.0,5.59,23.9,80.0,2026-08-14 10:21:17
2025-08-02,Far North,District10,0,3,0,0.0,3.83,22.9,66.6,2026-08-14 10:21:17
2025-08-02,Littoral,District1,3,2,1,33.33,2.42,25.0,60.5,2026-08-14 10:21:17
2025-08-02,Littoral,District2,0,5,0,0.0,5.08,22.3,55.9,2026-08-14 10:21:17
2025-08-02,Littoral,District3,3,4,0,0.0,16.89,27.4,67.6,2026-08-14 10:21:17
2025-08-02,Littoral,District4,0,1,0,0.0,1.1,29.5,87.4,2026-08-14 10:21:17
2025-08-02,Littoral,District5,1,3,0,0.0,15.41,20.6,65.0,2026-08-14 10:21:17
2025-08-02,Littoral,District6,0,3,0,0.0,16.38,20.2,67.5,2026-08-14 10:21:17
2025-08-02,Littoral,District7,0,4,0,0.0,4.58,34.6,83.7,2026-08-14 10:21:17
2025-08-02,Littoral,District8,0,2,0,0.0,7.68,26.6,88.6,2026-08-14 10:21:17
2025-08-02,Littoral,District9,3,2,1,33.33,10.43,29.1,87.8,2026-08-14 10:21:17
2025-08-02,Littoral,District10,0,2,0,0.0,11.99,20.5,78.1,2026-08-14 10:21:17
2025-08-02,North,District1,1,4,1,100.0,8.48,27.6,76.8,2026-08-14 10:21:17
2025-08-02,North,District2,2,3,1,50.0,7.92,24.0,84.3,2026-08-14 10:21:17
2025-08-02,North,District3,3,1,1,33.33,10.39,30.4,63.0,2026-08-14 10:21:17
2025-08-02,North,District4,1,4,0,0.0,2.75,31.9,55.6,2026-08-14 10:21:17
2025-08-02,North,District5,0,1,0,0.0,3.08,20.8,80.3,2026-08-14 10:21:17
2025-08-02,North,District6,0,2,0,0.0,2.79,28.3,79.8,2026-08-14 10:21:17
2025-08-02,North,District7,0,3,0,0.0,15.04,30.6,63.9,2026-08-14 10:21:17
2025-08-02,North,District8,0,2,0,0.0,17.28,24.2,71.1,2026-08-14 10:21:17
2025-08-02,North,District9,0,0,0,0.0,11.34,21.3,76.0,2026-08-14 10:21:17
2025-08-02,North,District10,0,0,0,0.0,16.93,31.1,65.2,2026-08-14 10:21:17
2025-08-02,North-West,District1,0,5,0,0.0,15.06,30.1,65.0,2026-08-14 10:21:17
2025-08-02,North-West,District2,2,4,1,50.0,1.86,22.6,72.8,2026-08-14 10:21:17
2025-08-02,North-West,District3,2,2,0,0.0,17.39,21.1,78.4,2026-08-14 10:21:17
2025-08-02,North-West,District4,0,0,0,0.0,10.63,32.0,87.8,2026-08-14 10:21:17
2025-08-02,North-West,District5,0,3,0,0.0,5.87,29.6,61.3,2026-08-14 10:21:17
2025-08-02,North-West,District6,1,4,0,0.0,8.56,22.9,73.3,2026-08-14 10:21:17
2025-08-02,North-West,District7,2,1,0,0.0,6.16,26.9,82.2,2026-08-14 10:21:17
2025-08-02,North-West,District8,0,0,0,0.0,13.17,28.4,50.1,2026-08-14 10:21:17
2025-08-02,North-West,District9,0,5,0,0.0,18.62,21.8,53.5,2026-08-14 10:21:17
2025-08-02,North-West,District10,1,3,1,100.0,2.11,30.8,85.9,2026-08-14 10:21:17
2025-08-02,South,District1,1,0,0,0.0,1.55,21.0,78.8,2026-08-14 10:21:17
2025-08-02,South,District2,0,3,0,0.0,15.98,30.1,84.2,2026-08-14 10:21:17
2025-08-02,South,District3,1,2,1,100.0,15.78,22.7,60.7,2026-08-14 10:21:17
2025-08-02,South,District4,0,2,0,0.0,19.0,28.8,82.9,2026-08-14 10:21:17
2025-08-02,South,District5,0,3,0,0.0,12.84,33.3,86.5,2026-08-14 10:21:17
2025-08-02,South,District6,0,1,0,0.0,7.93,32.7,65.4,2026-08-14 10:21:17
2025-08-02,South,District7,1,3,0,0.0,6.84,34.0,81.0,2026-08-14 10:21:17
2025-08-02,South,District8,1,5,0,0.0,15.64,31.7,82.7,2026-08-14 10:21:17
2025-08-02,South,District9,1,1,0,0.0,19.85,25.3,54.6,2026-08-14 10:21:17
2025-08-02,South,District10,0,4,0,0.0,1.35,29.1,65.7,2026-08-14 10:21:17
2025-08-02,South-West,District1,0,4,0,0.0,4.44,30.3,70.7,2026-08-14 10:21:17
2025-08-02,South-West,District2,0,4,0,0.0,19.52,20.4,68.9,2026-08-14 10:21:17
2025-08-02,South-West,District3,0,3,0,0.0,5.4,31.4,67.4,2026-08-14 10:21:17
2025-08-02,South-West,District4,0,3,0,0.0,16.34,23.2,81.6,2026-08-14 10:21:17
2025-08-02,South-West,District5,0,0,0,0.0,17.43,24.8,53.4,2026-08-14 10:21:17
2025-08-02,South-West,District6,0,3,0,0.0,3.62,24.5,68.9,2026-08-14 10:21:17
2025-08-02,South-West,District7,0,0,0,0.0,18.19,22.9,62.7,2026-08-14 10:21:17
2025-08-02,South-West,District8,0,0,0,0.0,17.96,26.6,56.0,2026-08-14 10:21:17
2025-08-02,South-West,District9,1,4,0,0.0,16.81,22.7,69.6,2026-08-14 10:21:17
2025-08-02,South-West,District10,0,3,0,0.0,12.04,28.0,53.0,2026-08-14 10:21:17
2025-08-02,West,District1,0,2,0,0.0,7.86,26.8,80.3,2026-08-14 10:21:17
2025-08-02,West,District2,0,0,0,0.0,17.19,26.4,84.8,2026-08-14 10:21:17
2025-08-02,West,District3,0,0,0,0.0,15.54,21.0,79.6,2026-08-14 10:21:17
2025-08-02,West,District4,0,5,0,0.0,0.97,25.9,88.2,2026-08-14 10:21:17
2025-08-02,West,District5,1,3,0,0.0,18.46,26.7,82.5,2026-08-14 10:21:17
2025-08-02,West,District6,0,2,0,0.0,5.49,33.2,83.7,2026-08-14 10:21:17
2025-08-02,West,District7,0,1,0,0.0,5.88,33.7,88.1,2026-08-14 10:21:17
2025-08-02,West,District8,0,5,0,0.0,0.39,34.0,59.3,2026-08-14 10:21:17
2025-08-02,West,District9,0,4,0,0.0,13.85,25.2,61.2,2026-08-14 10:21:17
2025-08-02,West,District10,0,0,0,0.0,11.82,21.7,67.4,2026-08-14 10:21:17
2025-08-15,Adamawa,District1,0,3,0,0.0,9.51,34.9,90.0,2026-08-14 10:21:17
2025-08-15,Adamawa,District2,0,5,0,0.0,10.82,29.5,65.0,2026-08-14 10:21:17
2025-08-15,Adamawa,District3,1,2,1,100.0,4.26,22.3,80.0,2026-08-14 10:21:17
2025-08-15,Adamawa,District4,0,5,0,0.0,19.59,28.1,85.8,2026-08-14 10:21:17
2025-08-15,Adamawa,District5,0,2,0,0.0,9.45,34.6,53.1,2026-08-14 10:21:17
2025-08-15,Adamawa,District6,0,2,0,0.0,7.1,31.4,75.4,2026-08-14 10:21:17
2025-08-15,Adamawa,District7,0,2,0,0.0,15.08,26.9,87.5,2026-08-14 10:21:17
2025-08-15,Adamawa,District8,1,4,1,100.0,3.88,23.7,77.8,2026-08-14 10:21:17
2025-08-15,Adamawa,District9,0,1,0,0.0,7.01,24.1,64.8,2026-08-14 10:21:17
2025-08-15,Adamawa,District10,1,4,0,0.0,19.59,28.7,82.3,2026-08-14 10:21:17
2025-08-15,Centre,District1,1,0,1,100.0,10.3,25.5,72.1,2026-08-14 10:21:17
2025-08-15,Centre,District2,0,3,0,0.0,9.06,25.4,52.2,2026-08-14 10:21:17
2025-08-15,Centre,District3,0,1,0,0.0,3.8,20.9,64.9,2026-08-14 10:21:17
2025-08-15,Centre,District4,0,1,0,0.0,7.45,33.9,50.1,2026-08-14 10:21:17
2025-08-15,Centre,District5,0,4,0,0.0,6.31,20.9,54.5,2026-08-14 10:21:17
2025-08-15,Centre,District6,1,3,0,0.0,7.01,24.7,76.1,2026-08-14 10:21:17
2025-08-15,Centre,District7,3,4,0,0.0,8.07,20.8,50.9,2026-08-14 10:21:17
2025-08-15,Centre,District8,0,2,0,0.0,4.57,30.5,65.1,2026-08-14 10:21:17
2025-08-15,Centre,District9,1,1,0,0.0,10.0,31.0,75.3,2026-08-14 10:21:17
2025-08-15,Centre,District10,0,2,0,0.0,2.69,24.3,62.4,2026-08-14 10:21:17
2025-08-15,East,District1,1,4,1,100.0,18.75,29.7,73.8,2026-08-14 10:21:17
2025-08-15,East,District2,0,5,0,0.0,4.63,21.7,84.4,2026-08-14 10:21:17
2025-08-15,East,District3,1,5,1,100.0,1.66,34.5,75.4,2026-08-14 10:21:17
2025-08-15,East,District4,0,1,0,0.0,17.0,33.3,60.6,2026-08-14 10:21:17
2025-08-15,East,District5,2,2,0,0.0,13.41,28.4,75.7,2026-08-14 10:21:17
2025-08-15,East,District6,0,5,0,0.0,13.45,34.8,69.3,2026-08-14 10:21:17
2025-08-15,East,District7,0,0,0,0.0,11.92,23.8,84.9,2026-08-14 10:21:17
2025-08-15,East,District8,0,2,0,0.0,3.69,26.8,62.7,2026-08-14 10:21:17
2025-08-15,East,District9,0,3,0,0.0,15.3,26.8,51.1,2026-08-14 10:21:17
2025-08-15,East,District10,0,1,0,0.0,17.42,25.6,81.9,2026-08-14 10:21:17
2025-08-15,Far North,District1,0,3,0,0.0,14.93,23.0,76.5,2026-08-14 10:21:17
2025-08-15,Far North,District2,0,4,0,0.0,12.94,31.3,62.2,2026-08-14 10:21:17
2025-08-15,Far North,District3,2,3,0,0.0,10.72,20.1,57.1,2026-08-14 10:21:17
2025-08-15,Far North,District4,0,4,0,0.0,15.85,25.2,73.6,2026-08-14 10:21:17
2025-08-15,Far North,District5,0,3,0,0.0,7.17,28.0,68.9,2026-08-14 10:21:17
2025-08-15,Far North,District6,0,5,0,0.0,4.6,25.7,88.6,2026-08-14 10:21:17
2025-08-15,Far North,District7,1,4,0,0.0,7.5,20.3,83.1,2026-08-14 10:21:17
2025-08-15,Far North,District8,0,3,0,0.0,8.19,30.3,76.2,2026-08-14 10:21:17
2025-08-15,Far North,District9,0,0,0,0.0,5.04,20.8,60.3,2026-08-14 10:21:17
2025-08-15,Far North,District10,3,1,1,33.33,10.19,23.4,83.1,2026-08-14 10:21:17
2025-08-15,Littoral,District1,0,3,0,0.0,4.01,34.8,87.9,2026-08-14 10:21:17
2025-08-15,Littoral,District2,0,4,0,0.0,0.6,33.1,58.2,2026-08-14 10:21:17
2025-08-15,Littoral,District3,0,2,0,0.0,17.4,24.6,79.2,2026-08-14 10:21:17
2025-08-15,Littoral,District4,0,1,0,0.0,10.12,26.3,56.6,2026-08-14 10:21:17
2025-08-15,Littoral,District5,0,3,0,0.0,9.11,25.9,60.4,2026-08-14 10:21:17
2025-08-15,Littoral,District6,1,4,1,100.0,14.54,31.2,64.6,2026-08-14 10:21:17
2025-08-15,Littoral,District7,2,1,1,50.0,14.91,23.4,64.9,2026-08-14 10:21:17
2025-08-15,Littoral,District8,0,4,0,0.0,4.61,33.0,82.9,2026-08-14 10:21:17
2025-08-15,Littoral,District9,0,4,0,0.0,1.0,28.8,51.6,2026-08-14 10:21:17
2025-08-15,Littoral,District10,0,1,0,0.0,19.32,23.8,71.4,2026-08-14 10:21:17
2025-08-15,North,District1,0,1,0,0.0,1.23,22.3,87.0,2026-08-14 10:21:17
2025-08-15,North,District2,1,5,1,100.0,9.02,22.2,77.2,2026-08-14 10:21:17
2025-08-15,North,District3,0,4,0,0.0,11.81,26.2,83.5,2026-08-14 10:21:17
2025-08-15,North,District4,3,2,1,33.33,4.11,28.7,57.5,2026-08-14 10:21:17
2025-08-15,North,District5,0,1,0,0.0,7.74,26.0,74.5,2026-08-14 10:21:17
2025-08-15,North,District6,2,3,1,50.0,13.31,34.9,83.5,2026-08-14 10:21:17
2025-08-15,North,District7,0,0,0,0.0,17.76,33.3,54.6,2026-08-14 10:21:17
2025-08-15,North,District8,3,4,0,0.0,18.63,28.1,66.3,2026-08-14 10:21:17
2025-08-15,North,District9,0,5,0,0.0,18.67,22.2,65.9,2026-08-14 10:21:17
2025-08-15,North,District10,0,1,0,0.0,18.57,20.2,83.0,2026-08-14 10:21:17
2025-08-15,North-West,District1,0,3,0,0.0,8.35,25.3,56.9,2026-08-14 10:21:17
2025-08-15,North-West,District2,0,3,0,0.0,7.25,34.0,73.5,2026-08-14 10:21:17
2025-08-15,North-West,District3,0,1,0,0.0,9.37,28.5,89.2,2026-08-14 10:21:17
2025-08-15,North-West,District4,0,1,0,0.0,13.26,33.6,76.5,2026-08-14 10:21:17
2025-08-15,North-West,District5,1,0,0,0.0,16.41,31.0,88.0,2026-08-14 10:21:17
2025-08-15,North-West,District6,0,3,0,0.0,5.48,24.6,73.1,2026-08-14 10:21:17
2025-08-15,North-West,District7,1,0,0,0.0,10.73,33.4,55.0,2026-08-14 10:21:17
2025-08-15,North-West,District8,0,3,0,0.0,15.92,20.2,88.5,2026-08-14 10:21:17
2025-08-15,North-West,District9,0,5,0,0.0,11.4,27.0,77.9,2026-08-14 10:21:17
2025-08-15,North-West,District10,0,3,0,0.0,13.08,20.2,64.7,2026-08-14 10:21:17
2025-08-15,South,District1,0,3,0,0.0,18.33,30.0,63.8,2026-08-14 10:21:17
2025-08-15,South,District2,0,4,0,0.0,3.18,33.3,65.1,2026-08-14 10:21:17
2025-08-15,South,District3,0,5,0,0.0,8.07,34.4,82.0,2026-08-14 10:21:17
2025-08-15,South,District4,1,5,1,100.0,0.18,33.5,82.1,2026-08-14 10:21:17
2025-08-15,South,District5,0,2,0,0.0,12.21,21.0,73.0,2026-08-14 10:21:17
2025-08-15,South,District6,1,1,0,0.0,5.32,25.5,68.9,2026-08-14 10:21:17
2025-08-15,South,District7,2,5,0,0.0,10.3,28.2,58.5,2026-08-14 10:21:17
2025-08-15,South,District8,1,3,1,100.0,10.73,20.1,89.9,2026-08-14 10:21:17
2025-08-15,South,District9,1,3,1,100.0,9.32,25.1,54.6,2026-08-14 10:21:17
2025-08-15,South,District10,0,0,0,0.0,10.86,26.1,77.5,2026-08-14 10:21:17
2025-08-15,South-West,District1,0,4,0,0.0,5.93,32.4,88.0,2026-08-14 10:21:17
2025-08-15,South-West,District2,1,2,1,100.0,14.78,27.7,81.9,2026-08-14 10:21:17
2025-08-15,South-West,District3,1,0,0,0.0,2.41,24.7,53.6,2026-08-14 10:21:17
2025-08-15,South-West,District4,0,0,0,0.0,7.26,28.1,72.7,2026-08-14 10:21:17
2025-08-15,South-West,District5,1,2,0,0.0,14.19,29.6,63.2,2026-08-14 10:21:17
2025-08-15,South-West,District6,0,1,0,0.0,19.23,29.4,67.1,2026-08-14 10:21:17
2025-08-15,South-West,District7,0,5,0,0.0,18.61,25.5,55.9,2026-08-14 10:21:17
2025-08-15,South-West,District8,0,5,0,0.0,13.82,20.2,69.9,2026-08-14 10:21:17
2025-08-15,South-West,District9,0,4,0,0.0,16.42,29.7,84.2,2026-08-14 10:21:17
2025-08-15,South-West,District10,0,4,0,0.0,2.9,22.0,63.8,2026-08-14 10:21:17
2025-08-15,West,District1,1,4,0,0.0,3.8,25.6,66.3,2026-08-14 10:21:17
2025-08-15,West,District2,0,0,0,0.0,1.63,29.4,54.1,2026-08-14 10:21:17
2025-08-15,West,District3,0,4,0,0.0,6.75,22.0,63.1,2026-08-14 10:21:17
2025-08-15,West,District4,0,2,0,0.0,11.26,33.5,73.3,2026-08-14 10:21:17
2025-08-15,West,District5,0,4,0,0.0,12.66,32.7,86.4,2026-08-14 10:21:17
2025-08-15,West,District6,0,3,0,0.0,16.02,24.1,60.6,2026-08-14 10:21:17
2025-08-15,West,District7,3,4,0,0.0,5.65,32.2,75.3,2026-08-14 10:21:17
2025-08-15,West,District8,0,4,0,0.0,11.98,28.4,76.0,2026-08-14 10:21:17
2025-08-15,West,District9,0,2,0,0.0,4.56,32.9,66.1,2026-08-14 10:21:17
2025-08-15,West,District10,1,2,0,0.0,11.45,29.5,62.1,2026-08-14 10:21:17
2025-08-04,Adamawa,District1,2,3,0,0.0,6.84,26.8,80.7,2026-08-14 10:21:17
2025-08-04,Adamawa,District2,0,5,0,0.0,16.62,26.1,67.8,2026-08-14 10:21:17
2025-08-04,Adamawa,District3,3,0,1,33.33,12.67,20.6,52.4,2026-08-14 10:21:17
2025-08-04,Adamawa,District4,0,3,0,0.0,12.0,32.4,80.0,2026-08-14 10:21:17
2025-08-04,Adamawa,District5,0,0,0,0.0,11.99,26.4,53.1,2026-08-14 10:21:17
2025-08-04,Adamawa,District6,0,4,0,0.0,17.67,26.6,78.0,2026-08-14 10:21:17
2025-08-04,Adamawa,District7,0,3,0,0.0,1.21,22.7,82.6,2026-08-14 10:21:17
2025-08-04,Adamawa,District8,0,5,0,0.0,9.0,27.9,86.6,2026-08-14 10:21:17
2025-08-04,Adamawa,District9,1,3,0,0.0,4.02,25.7,89.4,2026-08-14 10:21:17
2025-08-04,Adamawa,District10,0,0,0,0.0,8.77,20.4,51.5,2026-08-14 10:21:17
2025-08-04,Centre,District1,1,0,1,100.0,5.68,32.6,56.8,2026-08-14 10:21:17
2025-08-04,Centre,District2,0,0,0,0.0,3.45,31.4,59.2,2026-08-14 10:21:17
2025-08-04,Centre,District3,2,2,1,50.0,2.64,33.3,81.6,2026-08-14 10:21:17
2025-08-04,Centre,District4,0,2,0,0.0,7.86,27.6,58.9,2026-08-14 10:21:17
2025-08-04,Centre,District5,0,5,0,0.0,11.12,27.3,58.6,2026-08-14 10:21:17
2025-08-04,Centre,District6,0,3,0,0.0,1.2,23.3,68.4,2026-08-14 10:21:17
2025-08-04,Centre,District7,0,4,0,0.0,16.09,24.8,84.0,2026-08-14 10:21:17
2025-08-04,Centre,District8,0,0,0,0.0,16.99,30.7,88.2,2026-08-14 10:21:17
2025-08-04,Centre,District9,0,0,0,0.0,5.1,28.5,77.1,2026-08-14 10:21:17
2025-08-04,Centre,District10,0,1,0,0.0,9.34,28.4,66.4,2026-08-14 10:21:17
2025-08-04,East,District1,1,1,0,0.0,11.79,28.8,75.3,2026-08-14 10:21:17
2025-08-04,East,District2,2,2,0,0.0,6.13,30.2,76.9,2026-08-14 10:21:17
2025-08-04,East,District3,0,5,0,0.0,6.32,28.6,81.3,2026-08-14 10:21:17
2025-08-04,East,District4,0,4,0,0.0,1.07,21.3,61.6,2026-08-14 10:21:17
2025-08-04,East,District5,0,3,0,0.0,19.17,32.3,75.9,2026-08-14 10:21:17
2025-08-04,East,District6,0,5,0,0.0,8.37,24.1,57.8,2026-08-14 10:21:17
2025-08-04,East,District7,1,1,1,100.0,16.23,27.6,77.8,2026-08-14 10:21:17
2025-08-04,East,District8,0,1,0,0.0,16.28,21.9,80.7,2026-08-14 10:21:17
2025-08-04,East,District9,2,1,1,50.0,17.01,22.7,64.8,2026-08-14 10:21:17
2025-08-04,East,District10,2,0,1,50.0,3.73,25.9,59.0,2026-08-14 10:21:17
2025-08-04,Far North,District1,0,0,0,0.0,18.56,30.2,53.2,2026-08-14 10:21:17
2025-08-04,Far North,District2,0,4,0,0.0,6.7,28.1,84.6,2026-08-14 10:21:17
2025-08-04,Far North,District3,0,3,0,0.0,3.73,29.0,62.4,2026-08-14 10:21:17
2025-08-04,Far North,District4,0,2,0,0.0,5.24,34.4,72.1,2026-08-14 10:21:17
2025-08-04,Far North,District5,2,0,1,50.0,15.82,24.1,89.4,2026-08-14 10:21:17
2025-08-04,Far North,District6,0,4,0,0.0,19.31,33.8,55.0,2026-08-14 10:21:17
2025-08-04,Far North,District7,0,3,0,0.0,4.35,25.7,53.5,2026-08-14 10:21:17
2025-08-04,Far North,District8,0,0,0,0.0,2.08,32.5,72.3,2026-08-14 10:21:17
2025-08-04,Far North,District9,0,1,0,0.0,19.67,33.7,55.7,2026-08-14 10:21:17
2025-08-04,Far North,District10,3,0,1,33.33,12.01,24.0,52.3,2026-08-14 10:21:17
2025-08-04,Littoral,District1,1,1,0,0.0,5.3,25.0,72.9,2026-08-14 10:21:17
2025-08-04,Littoral,District2,0,1,0,0.0,19.35,30.7,74.9,2026-08-14 10:21:17
2025-08-04,Littoral,District3,0,3,0,0.0,7.86,26.4,67.1,2026-08-14 10:21:17
2025-08-04,Littoral,District4,0,5,0,0.0,17.25,30.5,84.2,2026-08-14 10:21:17
2025-08-04,Littoral,District5,0,1,0,0.0,0.51,25.0,76.0,2026-08-14 10:21:17
2025-08-04,Littoral,District6,0,0,0,0.0,2.36,26.3,62.2,2026-08-14 10:21:17
2025-08-04,Littoral,District7,0,5,0,0.0,1.42,21.3,78.5,2026-08-14 10:21:17
2025-08-04,Littoral,District8,1,5,0,0.0,19.93,34.2,76.0,2026-08-14 10:21:17
2025-08-04,Littoral,District9,0,5,0,0.0,7.11,21.8,58.3,2026-08-14 10:21:17
2025-08-04,Littoral,District10,0,0,0,0.0,9.12,29.0,61.8,2026-08-14 10:21:17
2025-08-04,North,District1,2,0,1,50.0,18.36,27.6,66.3,2026-08-14 10:21:17
2025-08-04,North,District2,0,4,0,0.0,18.49,32.7,63.7,2026-08-14 10:21:17
2025-08-04,North,District3,1,5,1,100.0,19.89,23.6,58.9,2026-08-14 10:21:17
2025-08-04,North,District4,0,2,0,0.0,0.21,26.0,85.9,2026-08-14 10:21:17
2025-08-04,North,District5,2,4,0,0.0,2.76,24.3,55.9,2026-08-14 10:21:17
2025-08-04,North,District6,0,5,0,0.0,13.39,31.7,58.0,2026-08-14 10:21:17
2025-08-04,North,District7,0,2,0,0.0,3.04,32.0,79.9,2026-08-14 10:21:17
2025-08-04,North,District8,0,5,0,0.0,0.66,24.7,85.2,2026-08-14 10:21:17
2025-08-04,North,District9,2,3,1,50.0,7.43,33.2,88.0,2026-08-14 10:21:17
2025-08-04,North,District10,3,0,1,33.33,16.43,26.4,55.5,2026-08-14 10:21:17
2025-08-04,North-West,District1,0,4,0,0.0,7.15,33.6,76.7,2026-08-14 10:21:17
2025-08-04,North-West,District2,0,3,0,0.0,11.1,33.2,56.8,2026-08-14 10:21:17
2025-08-04,North-West,District3,0,1,0,0.0,9.39,21.0,65.4,2026-08-14 10:21:17
2025-08-04,North-West,District4,0,4,0,0.0,8.97,20.0,62.1,2026-08-14 10:21:17
2025-08-04,North-West,District5,0,2,0,0.0,15.59,21.4,73.9,2026-08-14 10:21:17
2025-08-04,North-West,District6,0,2,0,0.0,7.35,29.1,60.3,2026-08-14 10:21:17
2025-08-04,North-West,District7,0,4,0,0.0,3.33,29.4,80.5,2026-08-14 10:21:17
2025-08-04,North-West,District8,2,0,0,0.0,18.95,22.7,52.2,2026-08-14 10:21:17
2025-08-04,North-West,District9,0,0,0,0.0,12.82,29.2,87.9,2026-08-14 10:21:17
2025-08-04,North-West,District10,0,2,0,0.0,19.54,24.7,83.2,2026-08-14 10:21:17
2025-08-04,South,District1,3,0,0,0.0,17.36,34.6,81.4,2026-08-14 10:21:17
2025-08-04,South,District2,0,1,0,0.0,5.73,33.8,72.4,2026-08-14 10:21:17
2025-08-04,South,District3,0,1,0,0.0,9.69,30.4,52.8,2026-08-14 10:21:17
2025-08-04,South,District4,0,5,0,0.0,0.16,22.0,80.5,2026-08-14 10:21:17
2025-08-04,South,District5,0,2,0,0.0,5.66,22.7,59.0,2026-08-14 10:21:17
2025-08-04,South,District6,2,0,1,50.0,11.85,21.0,71.9,2026-08-14 10:21:17
2025-08-04,South,District7,1,5,0,0.0,11.16,33.7,86.9,2026-08-14 10:21:17
2025-08-04,South,District8,0,3,0,0.0,15.02,33.2,68.0,2026-08-14 10:21:17
2025-08-04,South,District9,0,5,0,0.0,19.5,21.2,70.6,2026-08-14 10:21:17
2025-08-04,South,District10,2,2,1,50.0,11.85,32.6,77.5,2026-08-14 10:21:17
2025-08-04,South-West,District1,0,2,0,0.0,14.91,22.9,54.0,2026-08-14 10:21:17
2025-08-04,South-West,District2,0,2,0,0.0,0.17,34.3,51.7,2026-08-14 10:21:17
2025-08-04,South-West,District3,2,1,0,0.0,15.67,21.5,67.7,2026-08-14 10:21:17
2025-08-04,South-West,District4,0,5,0,0.0,4.65,28.8,66.2,2026-08-14 10:21:17
2025-08-04,South-West,District5,1,3,1,100.0,16.67,32.8,76.8,2026-08-14 10:21:17
2025-08-04,South-West,District6,0,4,0,0.0,12.75,21.7,84.3,2026-08-14 10:21:17
2025-08-04,South-West,District7,3,4,1,33.33,19.1,31.2,58.5,2026-08-14 10:21:17
2025-08-04,South-West,District8,2,2,0,0.0,15.02,32.4,80.1,2026-08-14 10:21:17
2025-08-04,South-West,District9,0,4,0,0.0,13.13,31.7,82.5,2026-08-14 10:21:17
2025-08-04,South-West,District10,1,3,0,0.0,14.82,32.8,57.7,2026-08-14 10:21:17
2025-08-04,West,District1,0,2,0,0.0,11.61,25.8,80.7,2026-08-14 10:21:17
2025-08-04,West,District2,0,2,0,0.0,10.16,25.3,74.8,2026-08-14 10:21:17
2025-08-04,West,District3,0,1,0,0.0,13.27,21.2,75.4,2026-08-14 10:21:17
2025-08-04,West,District4,0,0,0,0.0,3.22,32.1,70.9,2026-08-14 10:21:17
2025-08-04,West,District5,0,4,0,0.0,6.4,23.0,61.5,2026-08-14 10:21:17
2025-08-04,West,District6,3,5,1,33.33,2.1,28.3,63.9,2026-08-14 10:21:17
2025-08-04,West,District7,0,2,0,0.0,5.3,25.7,81.0,2026-08-14 10:21:17
2025-08-04,West,District8,0,1,0,0.0,9.41,32.6,52.8,2026-08-14 10:21:17
2025-08-04,West,District9,0,4,0,0.0,7.1,32.9,76.9,2026-08-14 10:21:17
2025-08-04,West,District10,0,3,0,0.0,11.7,32.5,54.0,2026-08-14 10:21:17
2025-08-12,Adamawa,District1,0,5,0,0.0,19.95,26.5,77.4,2026-08-14 10:21:17
2025-08-12,Adamawa,District2,2,5,1,50.0,11.22,23.5,86.0,2026-08-14 10:21:17
2025-08-12,Adamawa,District3,2,3,1,50.0,13.45,25.4,62.5,2026-08-14 10:21:17
2025-08-12,Adamawa,District4,0,5,0,0.0,2.46,20.3,59.7,2026-08-14 10:21:17
2025-08-12,Adamawa,District5,0,5,0,0.0,13.11,33.9,65.3,2026-08-14 10:21:17
2025-08-12,Adamawa,District6,0,5,0,0.0,15.1,33.7,74.8,2026-08-14 10:21:17
2025-08-12,Adamawa,District7,0,1,0,0.0,3.95,32.9,67.7,2026-08-14 10:21:17
2025-08-12,Adamawa,District8,0,2,0,0.0,2.78,28.8,73.0,2026-08-14 10:21:17
2025-08-12,Adamawa,District9,0,5,0,0.0,12.4,21.5,58.9,2026-08-14 10:21:17
2025-08-12,Adamawa,District10,0,4,0,0.0,6.06,22.4,67.8,2026-08-14 10:21:17
2025-08-12,Centre,District1,0,2,0,0.0,0.04,21.2,76.1,2026-08-14 10:21:17
2025-08-12,Centre,District2,0,1,0,0.0,5.71,28.9,83.3,2026-08-14 10:21:17
2025-08-12,Centre,District3,0,3,0,0.0,4.48,24.2,54.3,2026-08-14 10:21:17
2025-08-12,Centre,District4,0,5,0,0.0,17.5,30.1,84.3,2026-08-14 10:21:17
2025-08-12,Centre,District5,0,5,0,0.0,14.27,30.8,75.9,2026-08-14 10:21:17
2025-08-12,Centre,District6,0,4,0,0.0,17.77,22.2,51.8,2026-08-14 10:21:17
2025-08-12,Centre,District7,0,5,0,0.0,10.87,34.2,80.0,2026-08-14 10:21:17
2025-08-12,Centre,District8,0,3,0,0.0,14.43,26.3,57.1,2026-08-14 10:21:17
2025-08-12,Centre,District9,0,0,0,0.0,3.98,33.1,57.5,2026-08-14 10:21:17
2025-08-12,Centre,District10,2,2,1,50.0,17.66,27.3,51.5,2026-08-14 10:21:17
2025-08-12,East,District1,0,5,0,0.0,6.0,20.8,60.9,2026-08-14 10:21:17
2025-08-12,East,District2,0,1,0,0.0,16.33,21.7,74.3,2026-08-14 10:21:17
2025-08-12,East,District3,0,1,0,0.0,11.56,29.0,81.6,2026-08-14 10:21:17
2025-08-12,East,District4,0,1,0,0.0,1.64,25.2,69.0,2026-08-14 10:21:17
2025-08-12,East,District5,2,2,1,50.0,2.8,28.7,84.0,2026-08-14 10:21:17
2025-08-12,East,District6,1,1,1,100.0,15.99,21.5,87.0,2026-08-14 10:21:17
2025-08-12,East,District7,2,0,1,50.0,4.16,23.9,76.0,2026-08-14 10:21:17
2025-08-12,East,District8,1,3,0,0.0,17.38,31.9,65.0,2026-08-14 10:21:17
2025-08-12,East,District9,0,3,0,0.0,11.17,28.0,60.2,2026-08-14 10:21:17
2025-08-12,East,District10,1,5,1,100.0,6.58,32.2,68.2,2026-08-14 10:21:17
2025-08-12,Far North,District1,0,2,0,0.0,9.2,34.0,79.8,2026-08-14 10:21:17
2025-08-12,Far North,District2,2,0,0,0.0,13.57,20.4,89.8,2026-08-14 10:21:17
2025-08-12,Far North,District3,0,1,0,0.0,18.07,27.8,61.5,2026-08-14 10:21:17
2025-08-12,Far North,District4,0,1,0,0.0,10.92,31.9,81.0,2026-08-14 10:21:17
2025-08-12,Far North,District5,0,2,0,0.0,18.67,25.4,87.9,2026-08-14 10:21:17
2025-08-12,Far North,District6,0,2,0,0.0,0.56,28.7,64.0,2026-08-14 10:21:17
2025-08-12,Far North,District7,0,1,0,0.0,3.64,20.8,61.6,2026-08-14 10:21:17
2025-08-12,Far North,District8,0,5,0,0.0,2.65,20.5,54.6,2026-08-14 10:21:17
2025-08-12,Far North,District9,0,3,0,0.0,16.06,31.1,84.7,2026-08-14 10:21:17
2025-08-12,Far North,District10,0,5,0,0.0,6.34,27.2,87.2,2026-08-14 10:21:17
2025-08-12,Littoral,District1,0,3,0,0.0,16.03,25.2,62.0,2026-08-14 10:21:17
2025-08-12,Littoral,District2,3,1,0,0.0,10.4,32.4,60.4,2026-08-14 10:21:17
2025-08-12,Littoral,District3,0,2,0,0.0,12.94,20.9,89.8,2026-08-14 10:21:17
2025-08-12,Littoral,District4,1,3,0,0.0,16.23,26.4,71.2,2026-08-14 10:21:17
2025-08-12,Littoral,District5,0,4,0,0.0,6.36,32.0,79.1,2026-08-14 10:21:17
2025-08-12,Littoral,District6,0,4,0,0.0,12.61,30.7,79.2,2026-08-14 10:21:17
2025-08-12,Littoral,District7,0,2,0,0.0,6.08,30.2,63.5,2026-08-14 10:21:17
2025-08-12,Littoral,District8,1,1,0,0.0,11.31,27.2,51.6,2026-08-14 10:21:17
2025-08-12,Littoral,District9,0,4,0,0.0,19.62,22.1,67.9,2026-08-14 10:21:17
2025-08-12,Littoral,District10,0,1,0,0.0,10.89,20.1,86.5,2026-08-14 10:21:17
2025-08-12,North,District1,0,5,0,0.0,1.95,20.9,82.4,2026-08-14 10:21:17
2025-08-12,North,District2,1,2,1,100.0,7.35,25.6,70.9,2026-08-14 10:21:17
2025-08-12,North,District3,0,5,0,0.0,9.91,20.9,65.3,2026-08-14 10:21:17
2025-08-12,North,District4,0,3,0,0.0,12.35,31.1,50.3,2026-08-14 10:21:17
2025-08-12,North,District5,0,5,0,0.0,12.95,21.0,65.4,2026-08-14 10:21:17
2025-08-12,North,District6,3,0,1,33.33,8.83,32.1,69.6,2026-08-14 10:21:17
2025-08-12,North,District7,0,1,0,0.0,16.84,25.2,67.8,2026-08-14 10:21:17
2025-08-12,North,District8,2,0,0,0.0,13.95,31.4,83.5,2026-08-14 10:21:17
2025-08-12,North,District9,0,0,0,0.0,7.27,22.4,53.6,2026-08-14 10:21:17
2025-08-12,North,District10,0,4,0,0.0,1.43,30.4,83.1,2026-08-14 10:21:17
2025-08-12,North-West,District1,0,4,0,0.0,10.57,31.2,66.8,2026-08-14 10:21:17
2025-08-12,North-West,District2,0,1,0,0.0,10.41,27.3,50.8,2026-08-14 10:21:17
2025-08-12,North-West,District3,1,4,0,0.0,19.41,20.0,63.8,2026-08-14 10:21:17
2025-08-12,North-West,District4,0,5,0,0.0,11.93,25.7,53.2,2026-08-14 10:21:17
2025-08-12,North-West,District5,1,4,0,0.0,7.85,31.1,57.6,2026-08-14 10:21:17
2025-08-12,North-West,District6,0,0,0,0.0,4.56,32.1,58.3,2026-08-14 10:21:17
2025-08-12,North-West,District7,0,4,0,0.0,0.66,22.2,60.6,2026-08-14 10:21:17
2025-08-12,North-West,District8,0,1,0,0.0,14.0,29.1,66.9,2026-08-14 10:21:17
2025-08-12,North-West,District9,0,2,0,0.0,5.55,33.0,70.6,2026-08-14 10:21:17
2025-08-12,North-West,District10,0,3,0,0.0,1.53,29.5,68.8,2026-08-14 10:21:17
2025-08-12,South,District1,0,3,0,0.0,16.68,21.6,52.9,2026-08-14 10:21:17
2025-08-12,South,District2,1,2,0,0.0,1.02,23.8,70.0,2026-08-14 10:21:17
2025-08-12,South,District3,0,5,0,0.0,3.44,21.9,54.6,2026-08-14 10:21:17
2025-08-12,South,District4,3,5,0,0.0,3.93,27.9,59.5,2026-08-14 10:21:17
2025-08-12,South,District5,0,4,0,0.0,6.56,24.7,77.4,2026-08-14 10:21:17
2025-08-12,South,District6,0,3,0,0.0,4.28,32.0,87.0,2026-08-14 10:21:17
2025-08-12,South,District7,0,4,0,0.0,2.73,30.2,53.2,2026-08-14 10:21:17
2025-08-12,South,District8,0,2,0,0.0,2.7,24.9,74.3,2026-08-14 10:21:17
2025-08-12,South,District9,0,1,0,0.0,3.31,20.2,51.5,2026-08-14 10:21:17
2025-08-12,South,District10,1,1,1,100.0,12.78,31.9,76.5,2026-08-14 10:21:17
2025-08-12,South-West,District1,0,2,0,0.0,12.75,28.2,55.8,2026-08-14 10:21:17
2025-08-12,South-West,District2,0,3,0,0.0,13.86,26.4,87.0,2026-08-14 10:21:17
2025-08-12,South-West,District3,0,4,0,0.0,8.6,31.7,85.3,2026-08-14 10:21:17
2025-08-12,South-West,District4,0,0,0,0.0,5.96,21.3,51.6,2026-08-14 10:21:17
2025-08-12,South-West,District5,0,4,0,0.0,10.96,32.8,76.8,2026-08-14 10:21:17
2025-08-12,South-West,District6,1,5,1,100.0,9.66,32.8,85.1,2026-08-14 10:21:17
2025-08-12,South-West,District7,1,4,1,100.0,1.63,20.1,81.5,2026-08-14 10:21:17
2025-08-12,South-West,District8,0,5,0,0.0,7.38,34.2,70.9,2026-08-14 10:21:17
2025-08-12,South-West,District9,0,4,0,0.0,11.96,23.8,70.4,2026-08-14 10:21:17
2025-08-12,South-West,District10,0,2,0,0.0,16.95,31.8,52.5,2026-08-14 10:21:17
2025-08-12,West,District1,2,5,0,0.0,11.52,29.4,69.3,2026-08-14 10:21:17
2025-08-12,West,District2,0,0,0,0.0,17.21,27.2,85.1,2026-08-14 10:21:17
2025-08-12,West,District3,0,3,0,0.0,16.82,29.6,50.9,2026-08-14 10:21:17
2025-08-12,West,District4,0,4,0,0.0,5.88,31.4,82.4,2026-08-14 10:21:17
2025-08-12,West,District5,0,5,0,0.0,7.55,22.2,73.5,2026-08-14 10:21:17
2025-08-12,West,District6,1,3,1,100.0,16.37,32.4,87.1,2026-08-14 10:21:17
2025-08-12,West,District7,0,4,0,0.0,2.34,34.1,60.6,2026-08-14 10:21:17
2025-08-12,West,District8,2,5,0,0.0,7.6,33.6,66.2,2026-08-14 10:21:17
2025-08-12,West,District9,3,0,0,0.0,16.63,27.2,78.5,2026-08-14 10:21:17
2025-08-12,West,District10,0,2,0,0.0,15.06,27.6,82.3,2026-08-14 10:21:17
2025-09-06,Adamawa,District1,0,0,0,0.0,5.36,22.3,70.2,2026-08-14 10:21:17
2025-09-06,Adamawa,District2,1,0,0,0.0,0.8,25.2,74.3,2026-08-14 10:21:17
2025-09-06,Adamawa,District3,0,0,0,0.0,9.1,26.0,60.1,2026-08-14 10:21:17
2025-09-06,Adamawa,District4,0,5,0,0.0,1.74,32.2,65.4,2026-08-14 10:21:17
2025-09-06,Adamawa,District5,0,0,0,0.0,7.74,32.7,52.0,2026-08-14 10:21:17
2025-09-06,Adamawa,District6,0,0,0,0.0,13.16,28.4,64.5,2026-08-14 10:21:17
2025-09-06,Adamawa,District7,1,2,1,100.0,9.0,23.2,67.1,2026-08-14 10:21:17
2025-09-06,Adamawa,District8,0,5,0,0.0,19.72,27.5,50.4,2026-08-14 10:21:17
2025-09-06,Adamawa,District9,0,4,0,0.0,4.87,31.6,53.5,2026-08-14 10:21:17
2025-09-06,Adamawa,District10,0,4,0,0.0,15.3,20.1,51.5,2026-08-14 10:21:17
2025-09-06,Centre,District1,0,2,0,0.0,3.3,28.4,83.1,2026-08-14 10:21:17
2025-09-06,Centre,District2,0,2,0,0.0,10.82,21.1,78.2,2026-08-14 10:21:17
2025-09-06,Centre,District3,0,3,0,0.0,2.99,28.8,63.2,2026-08-14 10:21:17
2025-09-06,Centre,District4,0,4,0,0.0,18.44,33.5,67.9,2026-08-14 10:21:17
2025-09-06,Centre,District5,0,1,0,0.0,2.88,27.3,62.6,2026-08-14 10:21:17
2025-09-06,Centre,District6,0,0,0,0.0,14.51,26.4,71.5,2026-08-14 10:21:17
2025-09-06,Centre,District7,0,2,0,0.0,13.71,27.4,79.4,2026-08-14 10:21:17
2025-09-06,Centre,District8,1,1,0,0.0,11.35,22.0,72.7,2026-08-14 10:21:17
2025-09-06,Centre,District9,0,1,0,0.0,0.82,20.8,77.7,2026-08-14 10:21:17
2025-09-06,Centre,District10,0,3,0,0.0,17.07,33.3,54.0,2026-08-14 10:21:17
2025-09-06,East,District1,0,1,0,0.0,12.08,34.2,61.6,2026-08-14 10:21:17
2025-09-06,East,District2,0,2,0,0.0,13.15,25.4,60.2,2026-08-14 10:21:17
2025-09-06,East,District3,1,3,0,0.0,10.62,22.6,87.7,2026-08-14 10:21:17
2025-09-06,East,District4,0,0,0,0.0,12.6,30.2,85.9,2026-08-14 10:21:17
2025-09-06,East,District5,0,4,0,0.0,2.08,23.3,62.2,2026-08-14 10:21:17
2025-09-06,East,District6,0,5,0,0.0,18.55,25.5,82.4,2026-08-14 10:21:17
2025-09-06,East,District7,0,3,0,0.0,14.48,27.2,66.2,2026-08-14 10:21:17
2025-09-06,East,District8,1,3,0,0.0,14.64,29.2,66.1,2026-08-14 10:21:17
2025-09-06,East,District9,0,5,0,0.0,10.0,26.3,59.0,2026-08-14 10:21:17
2025-09-06,East,District10,0,4,0,0.0,8.82,22.2,60.4,2026-08-14 10:21:17
2025-09-06,Far North,District1,0,0,0,0.0,3.59,32.3,89.2,2026-08-14 10:21:17
2025-09-06,Far North,District2,3,0,1,33.33,4.94,32.7,81.3,2026-08-14 10:21:17
2025-09-06,Far North,District3,0,4,0,0.0,1.41,28.2,68.6,2026-08-14 10:21:17
2025-09-06,Far North,District4,0,2,0,0.0,7.54,21.6,71.4,2026-08-14 10:21:17
2025-09-06,Far North,District5,1,4,0,0.0,5.04,25.1,55.0,2026-08-14 10:21:17
2025-09-06,Far North,District6,0,0,0,0.0,5.17,22.0,55.6,2026-08-14 10:21:17
2025-09-06,Far North,District7,0,4,0,0.0,11.02,25.1,54.8,2026-08-14 10:21:17
2025-09-06,Far North,District8,0,1,0,0.0,5.26,30.5,78.8,2026-08-14 10:21:17
2025-09-06,Far North,District9,0,5,0,0.0,14.19,32.0,69.3,2026-08-14 10:21:17
2025-09-06,Far North,District10,2,0,1,50.0,16.9,32.0,89.0,2026-08-14 10:21:17
2025-09-06,Littoral,District1,1,1,0,0.0,6.51,25.8,74.9,2026-08-14 10:21:17
2025-09-06,Littoral,District2,0,1,0,0.0,1.79,23.2,79.4,2026-08-14 10:21:17
2025-09-06,Littoral,District3,0,4,0,0.0,3.78,21.9,56.9,2026-08-14 10:21:17
2025-09-06,Littoral,District4,1,1,1,100.0,6.6,28.0,68.9,2026-08-14 10:21:17
2025-09-06,Littoral,District5,0,1,0,0.0,1.75,30.5,82.2,2026-08-14 10:21:17
2025-09-06,Littoral,District6,0,2,0,0.0,9.8,32.5,56.8,2026-08-14 10:21:17
2025-09-06,Littoral,District7,0,0,0,0.0,4.21,27.2,52.9,2026-08-14 10:21:17
2025-09-06,Littoral,District8,0,5,0,0.0,10.67,20.2,72.4,2026-08-14 10:21:17
2025-09-06,Littoral,District9,0,3,0,0.0,16.1,20.0,61.0,2026-08-14 10:21:17
2025-09-06,Littoral,District10,0,3,0,0.0,16.36,27.8,50.5,2026-08-14 10:21:17
2025-09-06,North,District1,0,5,0,0.0,14.09,33.7,76.9,2026-08-14 10:21:17
2025-09-06,North,District2,0,0,0,0.0,10.52,29.0,63.6,2026-08-14 10:21:17
2025-09-06,North,District3,2,3,1,50.0,19.2,26.9,54.2,2026-08-14 10:21:17
2025-09-06,North,District4,1,5,0,0.0,9.07,34.8,86.0,2026-08-14 10:21:17
2025-09-06,North,District5,0,3,0,0.0,8.31,34.9,53.9,2026-08-14 10:21:17
2025-09-06,North,District6,0,1,0,0.0,18.05,33.6,72.8,2026-08-14 10:21:17
2025-09-06,North,District7,0,2,0,0.0,19.71,28.5,88.1,2026-08-14 10:21:17
2025-09-06,North,District8,0,5,0,0.0,7.83,34.7,67.7,2026-08-14 10:21:17
2025-09-06,North,District9,0,5,0,0.0,17.41,31.2,65.0,2026-08-14 10:21:17
2025-09-06,North,District10,1,5,0,0.0,3.54,30.9,77.8,2026-08-14 10:21:17
2025-09-06,North-West,District1,0,3,0,0.0,7.92,25.9,62.8,2026-08-14 10:21:17
2025-09-06,North-West,District2,2,2,0,0.0,8.62,20.1,57.6,2026-08-14 10:21:17
2025-09-06,North-West,District3,0,0,0,0.0,3.74,25.2,55.8,2026-08-14 10:21:17
2025-09-06,North-West,District4,0,5,0,0.0,19.1,27.5,83.1,2026-08-14 10:21:17
2025-09-06,North-West,District5,0,4,0,0.0,2.1,26.2,58.0,2026-08-14 10:21:17
2025-09-06,North-West,District6,0,2,0,0.0,6.97,21.9,87.0,2026-08-14 10:21:17
2025-09-06,North-West,District7,2,5,1,50.0,13.61,34.7,66.9,2026-08-14 10:21:17
2025-09-06,North-West,District8,0,3,0,0.0,2.75,27.1,86.1,2026-08-14 10:21:17
2025-09-06,North-West,District9,1,0,0,0.0,7.09,28.6,53.1,2026-08-14 10:21:17
2025-09-06,North-West,District10,0,3,0,0.0,8.44,26.7,80.9,2026-08-14 10:21:17
2025-09-06,South,District1,0,0,0,0.0,12.85,30.4,67.8,2026-08-14 10:21:17
2025-09-06,South,District2,0,5,0,0.0,7.41,28.8,69.0,2026-08-14 10:21:17
2025-09-06,South,District3,3,3,0,0.0,16.46,33.3,68.3,2026-08-14 10:21:17
2025-09-06,South,District4,3,3,1,33.33,9.14,33.6,71.3,2026-08-14 10:21:17
2025-09-06,South,District5,0,0,0,0.0,8.39,32.5,87.7,2026-08-14 10:21:17
2025-09-06,South,District6,0,5,0,0.0,2.44,24.5,77.6,2026-08-14 10:21:17
2025-09-06,South,District7,0,5,0,0.0,14.37,24.4,50.2,2026-08-14 10:21:17
2025-09-06,South,District8,0,5,0,0.0,18.95,22.1,57.7,2026-08-14 10:21:17
2025-09-06,South,District9,0,1,0,0.0,15.15,23.2,88.0,2026-08-14 10:21:17
2025-09-06,South,District10,0,1,0,0.0,2.64,21.3,71.5,2026-08-14 10:21:17
2025-09-06,South-West,District1,0,4,0,0.0,3.36,25.4,74.0,2026-08-14 10:21:17
2025-09-06,South-West,District2,0,0,0,0.0,6.31,31.8,61.6,2026-08-14 10:21:17
2025-09-06,South-West,District3,0,4,0,0.0,18.01,29.7,64.4,2026-08-14 10:21:17
2025-09-06,South-West,District4,0,2,0,0.0,9.42,26.9,67.0,2026-08-14 10:21:17
2025-09-06,South-West,District5,0,2,0,0.0,5.7,34.1,80.2,2026-08-14 10:21:17
2025-09-06,South-West,District6,1,0,1,100.0,18.28,30.8,72.4,2026-08-14 10:21:17
2025-09-06,South-West,District7,1,4,0,0.0,0.86,30.5,86.6,2026-08-14 10:21:17
2025-09-06,South-West,District8,1,0,1,100.0,15.06,29.4,62.8,2026-08-14 10:21:17
2025-09-06,South-West,District9,0,2,0,0.0,18.74,33.0,88.3,2026-08-14 10:21:17
2025-09-06,South-West,District10,0,4,0,0.0,10.18,32.4,58.6,2026-08-14 10:21:17
2025-09-06,West,District1,0,3,0,0.0,9.41,25.6,84.6,2026-08-14 10:21:17
2025-09-06,West,District2,0,3,0,0.0,13.81,28.3,61.8,2026-08-14 10:21:17
2025-09-06,West,District3,2,1,0,0.0,10.11,31.9,88.0,2026-08-14 10:21:17
2025-09-06,West,District4,2,0,1,50.0,10.51,34.8,83.2,2026-08-14 10:21:17
2025-09-06,West,District5,0,0,0,0.0,7.9,33.9,87.7,2026-08-14 10:21:17
2025-09-06,West,District6,0,4,0,0.0,7.46,34.1,57.9,2026-08-14 10:21:17
2025-09-06,West,District7,0,5,0,0.0,19.6,31.3,71.9,2026-08-14 10:21:17
2025-09-06,West,District8,0,5,0,0.0,14.37,25.3,83.5,2026-08-14 10:21:17
2025-09-06,West,District9,1,5,0,0.0,18.73,32.9,69.7,2026-08-14 10:21:17
2025-09-06,West,District10,0,3,0,0.0,16.3,23.2,62.7,2026-08-14 10:21:17
2025-09-01,Adamawa,District1,0,0,0,0.0,18.19,26.1,86.7,2026-08-14 10:21:17
2025-09-01,Adamawa,District2,0,5,0,0.0,17.69,31.7,54.6,2026-08-14 10:21:17
2025-09-01,Adamawa,District3,0,2,0,0.0,17.33,30.0,57.7,2026-08-14 10:21:17
2025-09-01,Adamawa,District4,2,0,1,50.0,1.87,26.7,69.7,2026-08-14 10:21:17
2025-09-01,Adamawa,District5,2,4,0,0.0,11.42,33.6,88.5,2026-08-14 10:21:17
2025-09-01,Adamawa,District6,0,3,0,0.0,12.71,29.7,83.0,2026-08-14 10:21:17
2025-09-01,Adamawa,District7,0,2,0,0.0,11.8,22.4,64.3,2026-08-14 10:21:17
2025-09-01,Adamawa,District8,3,1,0,0.0,11.89,27.6,89.6,2026-08-14 10:21:17
2025-09-01,Adamawa,District9,0,3,0,0.0,8.01,32.6,81.8,2026-08-14 10:21:17
2025-09-01,Adamawa,District10,0,4,0,0.0,19.8,33.3,71.7,2026-08-14 10:21:17
2025-09-01,Centre,District1,0,2,0,0.0,12.84,21.4,74.9,2026-08-14 10:21:17
2025-09-01,Centre,District2,2,5,0,0.0,17.03,28.1,80.5,2026-08-14 10:21:17
2025-09-01,Centre,District3,3,2,0,0.0,5.6,27.3,81.5,2026-08-14 10:21:17
2025-09-01,Centre,District4,0,1,0,0.0,9.62,32.6,53.8,2026-08-14 10:21:17
2025-09-01,Centre,District5,0,1,0,0.0,7.14,33.5,83.6,2026-08-14 10:21:17
2025-09-01,Centre,District6,0,5,0,0.0,3.46,34.3,50.9,2026-08-14 10:21:17
2025-09-01,Centre,District7,1,2,0,0.0,11.53,22.3,80.9,2026-08-14 10:21:17
2025-09-01,Centre,District8,0,0,0,0.0,8.23,23.9,55.4,2026-08-14 10:21:17
2025-09-01,Centre,District9,1,5,0,0.0,14.85,23.1,64.8,2026-08-14 10:21:17
2025-09-01,Centre,District10,2,2,1,50.0,14.05,29.0,68.9,2026-08-14 10:21:17
2025-09-01,East,District1,3,5,0,0.0,11.95,28.2,53.7,2026-08-14 10:21:17
2025-09-01,East,District2,0,3,0,0.0,10.8,25.7,59.2,2026-08-14 10:21:17
2025-09-01,East,District3,0,5,0,0.0,18.61,27.7,74.8,2026-08-14 10:21:17
2025-09-01,East,District4,1,2,0,0.0,18.72,29.0,70.1,2026-08-14 10:21:17
2025-09-01,East,District5,2,3,0,0.0,12.73,28.6,61.9,2026-08-14 10:21:17
2025-09-01,East,District6,0,1,0,0.0,9.33,21.9,86.3,2026-08-14 10:21:17
2025-09-01,East,District7,0,1,0,0.0,15.61,21.3,72.7,2026-08-14 10:21:17
2025-09-01,East,District8,1,4,1,100.0,19.35,24.3,74.1,2026-08-14 10:21:17
2025-09-01,East,District9,0,5,0,0.0,12.9,32.7,83.6,2026-08-14 10:21:17
2025-09-01,East,District10,0,1,0,0.0,7.37,33.4,52.9,2026-08-14 10:21:17
2025-09-01,Far North,District1,0,3,0,0.0,4.84,25.5,76.5,2026-08-14 10:21:17
2025-09-01,Far North,District2,0,4,0,0.0,5.7,34.4,84.1,2026-08-14 10:21:17
2025-09-01,Far North,District3,0,1,0,0.0,7.56,24.3,85.2,2026-08-14 10:21:17
2025-09-01,Far North,District4,1,4,1,100.0,3.58,25.8,88.2,2026-08-14 10:21:17
2025-09-01,Far North,District5,0,3,0,0.0,13.13,32.2,74.6,2026-08-14 10:21:17
2025-09-01,Far North,District6,2,2,0,0.0,1.42,20.6,58.5,2026-08-14 10:21:17
2025-09-01,Far North,District7,0,3,0,0.0,14.23,20.9,58.0,2026-08-14 10:21:17
2025-09-01,Far North,District8,0,3,0,0.0,9.6,26.9,63.3,2026-08-14 10:21:17
2025-09-01,Far North,District9,0,0,0,0.0,2.37,33.9,87.4,2026-08-14 10:21:17
2025-09-01,Far North,District10,0,5,0,0.0,1.36,25.6,78.4,2026-08-14 10:21:17
2025-09-01,Littoral,District1,2,3,1,50.0,8.45,22.7,70.2,2026-08-14 10:21:17
2025-09-01,Littoral,District2,0,5,0,0.0,11.39,21.6,50.9,2026-08-14 10:21:17
2025-09-01,Littoral,District3,0,5,0,0.0,14.54,29.8,80.7,2026-08-14 10:21:17
2025-09-01,Littoral,District4,2,2,1,50.0,11.47,28.3,77.6,2026-08-14 10:21:17
2025-09-01,Littoral,District5,0,4,0,0.0,13.13,26.8,65.4,2026-08-14 10:21:17
2025-09-01,Littoral,District6,0,4,0,0.0,15.91,26.8,55.0,2026-08-14 10:21:17
2025-09-01,Littoral,District7,0,2,0,0.0,8.77,28.8,72.7,2026-08-14 10:21:17
2025-09-01,Littoral,District8,0,3,0,0.0,0.97,25.9,74.8,2026-08-14 10:21:17
2025-09-01,Littoral,District9,1,2,1,100.0,11.21,32.9,85.6,2026-08-14 10:21:17
2025-09-01,Littoral,District10,2,4,0,0.0,17.65,23.5,57.8,2026-08-14 10:21:17
2025-09-01,North,District1,0,1,0,0.0,11.69,25.4,65.4,2026-08-14 10:21:17
2025-09-01,North,District2,0,3,0,0.0,10.0,34.4,82.8,2026-08-14 10:21:17
2025-09-01,North,District3,0,2,0,0.0,10.5,30.1,70.2,2026-08-14 10:21:17
2025-09-01,North,District4,1,3,0,0.0,9.42,32.8,58.3,2026-08-14 10:21:17
2025-09-01,North,District5,0,5,0,0.0,15.34,24.3,76.6,2026-08-14 10:21:17
2025-09-01,North,District6,0,1,0,0.0,18.43,29.8,64.2,2026-08-14 10:21:17
2025-09-01,North,District7,0,0,0,0.0,6.98,33.1,83.6,2026-08-14 10:21:17
2025-09-01,North,District8,2,1,1,50.0,9.44,20.5,66.5,2026-08-14 10:21:17
2025-09-01,North,District9,0,2,0,0.0,7.22,27.4,52.4,2026-08-14 10:21:17
2025-09-01,North,District10,1,3,0,0.0,15.14,26.0,71.9,2026-08-14 10:21:17
2025-09-01,North-West,District1,1,2,0,0.0,8.54,28.0,67.2,2026-08-14 10:21:17
2025-09-01,North-West,District2,1,3,0,0.0,10.39,27.1,89.8,2026-08-14 10:21:17
2025-09-01,North-West,District3,0,4,0,0.0,19.55,24.1,53.2,2026-08-14 10:21:17
2025-09-01,North-West,District4,0,1,0,0.0,7.43,22.5,86.7,2026-08-14 10:21:17
2025-09-01,North-West,District5,0,4,0,0.0,12.67,20.4,87.3,2026-08-14 10:21:17
2025-09-01,North-West,District6,0,4,0,0.0,0.53,33.9,83.5,2026-08-14 10:21:17
2025-09-01,North-West,District7,1,1,0,0.0,12.37,27.4,71.9,2026-08-14 10:21:17
2025-09-01,North-West,District8,0,2,0,0.0,3.19,32.9,57.3,2026-08-14 10:21:17
2025-09-01,North-West,District9,0,5,0,0.0,4.17,28.0,59.9,2026-08-14 10:21:17
2025-09-01,North-West,District10,0,1,0,0.0,11.07,34.6,58.1,2026-08-14 10:21:17
2025-09-01,South,District1,0,1,0,0.0,0.43,29.1,56.4,2026-08-14 10:21:17
2025-09-01,South,District2,0,0,0,0.0,5.04,34.3,88.2,2026-08-14 10:21:17
2025-09-01,South,District3,0,3,0,0.0,12.27,33.3,72.2,2026-08-14 10:21:17
2025-09-01,South,District4,0,5,0,0.0,0.73,26.0,86.5,2026-08-14 10:21:17
2025-09-01,South,District5,0,0,0,0.0,13.7,24.9,83.0,2026-08-14 10:21:17
2025-09-01,South,District6,3,0,1,33.33,2.06,28.4,87.0,2026-08-14 10:21:17
2025-09-01,South,District7,0,1,0,0.0,3.05,20.1,76.4,2026-08-14 10:21:17
2025-09-01,South,District8,1,5,0,0.0,13.0,25.6,86.2,2026-08-14 10:21:17
2025-09-01,South,District9,0,1,0,0.0,1.82,34.4,74.2,2026-08-14 10:21:17
2025-09-01,South,District10,0,3,0,0.0,17.37,23.1,63.6,2026-08-14 10:21:17
2025-09-01,South-West,District1,0,5,0,0.0,4.92,27.7,61.9,2026-08-14 10:21:17
2025-09-01,South-West,District2,0,3,0,0.0,10.62,24.5,78.7,2026-08-14 10:21:17
2025-09-01,South-West,District3,0,4,0,0.0,17.24,32.0,71.8,2026-08-14 10:21:17
2025-09-01,South-West,District4,0,5,0,0.0,7.51,26.4,55.7,2026-08-14 10:21:17
2025-09-01,South-West,District5,0,0,0,0.0,16.21,34.4,53.5,2026-08-14 10:21:17
2025-09-01,South-West,District6,0,5,0,0.0,19.29,24.4,78.7,2026-08-14 10:21:17
2025-09-01,South-West,District7,1,2,1,100.0,16.35,34.7,82.3,2026-08-14 10:21:17
2025-09-01,South-West,District8,0,1,0,0.0,7.9,31.9,71.7,2026-08-14 10:21:17
2025-09-01,South-West,District9,0,1,0,0.0,19.86,30.3,75.2,2026-08-14 10:21:17
2025-09-01,South-West,District10,0,1,0,0.0,19.1,24.9,72.8,2026-08-14 10:21:17
2025-09-01,West,District1,3,3,1,33.33,10.07,32.4,53.9,2026-08-14 10:21:17
2025-09-01,West,District2,0,5,0,0.0,11.44,20.2,52.3,2026-08-14 10:21:17
2025-09-01,West,District3,3,5,1,33.33,17.53,27.8,71.2,2026-08-14 10:21:17
2025-09-01,West,District4,0,0,0,0.0,16.16,21.8,88.1,2026-08-14 10:21:17
2025-09-01,West,District5,0,2,0,0.0,5.11,32.1,63.4,2026-08-14 10:21:17
2025-09-01,West,District6,2,3,0,0.0,12.42,33.8,70.4,2026-08-14 10:21:17
2025-09-01,West,District7,3,1,1,33.33,19.47,30.9,77.2,2026-08-14 10:21:17
2025-09-01,West,District8,0,1,0,0.0,5.44,34.5,58.0,2026-08-14 10:21:17
2025-09-01,West,District9,3,0,1,33.33,11.33,32.5,71.7,2026-08-14 10:21:17
2025-09-01,West,District10,0,2,0,0.0,11.52,21.2,70.9,2026-08-14 10:21:17
2025-09-22,Adamawa,District1,0,0,0,0.0,9.57,27.3,57.3,2026-08-14 10:21:17
2025-09-22,Adamawa,District2,0,4,0,0.0,12.1,25.9,77.5,2026-08-14 10:21:17
2025-09-22,Adamawa,District3,0,1,0,0.0,14.49,22.9,68.3,2026-08-14 10:21:17
2025-09-22,Adamawa,District4,0,1,0,0.0,4.57,34.3,68.2,2026-08-14 10:21:17
2025-09-22,Adamawa,District5,2,3,0,0.0,4.68,29.2,65.3,2026-08-14 10:21:17
2025-09-22,Adamawa,District6,2,1,1,50.0,2.93,21.1,83.3,2026-08-14 10:21:17
2025-09-22,Adamawa,District7,0,1,0,0.0,1.01,32.5,72.4,2026-08-14 10:21:17
2025-09-22,Adamawa,District8,0,4,0,0.0,11.12,23.3,87.2,2026-08-14 10:21:17
2025-09-22,Adamawa,District9,1,5,1,100.0,0.5,34.5,71.5,2026-08-14 10:21:17
2025-09-22,Adamawa,District10,2,4,0,0.0,1.4,25.8,60.5,2026-08-14 10:21:17
2025-09-22,Centre,District1,0,0,0,0.0,16.03,32.0,63.3,2026-08-14 10:21:17
2025-09-22,Centre,District2,0,5,0,0.0,9.38,31.6,88.1,2026-08-14 10:21:17
2025-09-22,Centre,District3,0,0,0,0.0,11.07,33.0,71.2,2026-08-14 10:21:17
2025-09-22,Centre,District4,0,1,0,0.0,10.62,20.1,81.3,2026-08-14 10:21:17
2025-09-22,Centre,District5,1,2,0,0.0,1.56,25.2,67.6,2026-08-14 10:21:17
2025-09-22,Centre,District6,2,2,0,0.0,17.04,26.4,81.1,2026-08-14 10:21:17
2025-09-22,Centre,District7,2,4,1,50.0,0.37,23.2,79.2,2026-08-14 10:21:17
2025-09-22,Centre,District8,0,3,0,0.0,1.52,31.5,65.5,2026-08-14 10:21:17
2025-09-22,Centre,District9,0,1,0,0.0,1.71,33.9,71.3,2026-08-14 10:21:17
2025-09-22,Centre,District10,3,3,0,0.0,7.32,32.0,87.4,2026-08-14 10:21:17
2025-09-22,East,District1,1,0,1,100.0,11.55,25.6,67.5,2026-08-14 10:21:17
2025-09-22,East,District2,1,2,0,0.0,7.05,25.8,62.8,2026-08-14 10:21:17
2025-09-22,East,District3,0,4,0,0.0,18.55,30.4,89.4,2026-08-14 10:21:17
2025-09-22,East,District4,0,5,0,0.0,6.55,21.0,53.7,2026-08-14 10:21:17
2025-09-22,East,District5,1,5,0,0.0,1.04,23.7,63.2,2026-08-14 10:21:17
2025-09-22,East,District6,1,0,1,100.0,10.39,31.8,52.2,2026-08-14 10:21:17
2025-09-22,East,District7,0,5,0,0.0,4.14,33.8,59.7,2026-08-14 10:21:17
2025-09-22,East,District8,0,5,0,0.0,5.68,21.4,57.9,2026-08-14 10:21:17
2025-09-22,East,District9,0,5,0,0.0,2.49,20.2,81.9,2026-08-14 10:21:17
2025-09-22,East,District10,0,0,0,0.0,14.27,20.5,61.2,2026-08-14 10:21:17
2025-09-22,Far North,District1,1,1,1,100.0,11.97,33.6,85.6,2026-08-14 10:21:17
2025-09-22,Far North,District2,3,5,0,0.0,5.74,28.8,76.5,2026-08-14 10:21:17
2025-09-22,Far North,District3,0,0,0,0.0,4.67,23.0,63.2,2026-08-14 10:21:17
2025-09-22,Far North,District4,0,3,0,0.0,4.44,32.4,60.6,2026-08-14 10:21:17
2025-09-22,Far North,District5,0,4,0,0.0,15.63,26.1,86.6,2026-08-14 10:21:17
2025-09-22,Far North,District6,0,1,0,0.0,2.95,21.3,86.3,2026-08-14 10:21:17
2025-09-22,Far North,District7,1,1,0,0.0,5.63,27.5,70.3,2026-08-14 10:21:17
2025-09-22,Far North,District8,0,0,0,0.0,19.48,21.2,51.9,2026-08-14 10:21:17
2025-09-22,Far North,District9,3,1,1,33.33,3.24,32.7,56.4,2026-08-14 10:21:17
2025-09-22,Far North,District10,1,4,1,100.0,4.86,24.1,64.8,2026-08-14 10:21:17
2025-09-22,Littoral,District1,0,1,0,0.0,10.15,32.5,61.6,2026-08-14 10:21:17
2025-09-22,Littoral,District2,0,3,0,0.0,1.89,34.1,52.1,2026-08-14 10:21:17
2025-09-22,Littoral,District3,0,4,0,0.0,9.79,26.8,59.6,2026-08-14 10:21:17
2025-09-22,Littoral,District4,0,2,0,0.0,12.55,25.7,75.2,2026-08-14 10:21:17
2025-09-22,Littoral,District5,0,3,0,0.0,1.44,26.5,64.2,2026-08-14 10:21:17
2025-09-22,Littoral,District6,0,3,0,0.0,17.74,32.4,73.3,2026-08-14 10:21:17
2025-09-22,Littoral,District7,3,0,1,33.33,14.44,28.0,62.1,2026-08-14 10:21:17
2025-09-22,Littoral,District8,0,0,0,0.0,2.85,30.9,74.2,2026-08-14 10:21:17
2025-09-22,Littoral,District9,0,5,0,0.0,16.12,32.1,86.4,2026-08-14 10:21:17
2025-09-22,Littoral,District10,0,3,0,0.0,12.77,27.6,82.3,2026-08-14 10:21:17
2025-09-22,North,District1,0,5,0,0.0,7.99,32.5,78.6,2026-08-14 10:21:17
2025-09-22,North,District2,0,0,0,0.0,14.44,26.3,85.3,2026-08-14 10:21:17
2025-09-22,North,District3,0,5,0,0.0,19.8,29.5,77.1,2026-08-14 10:21:17
2025-09-22,North,District4,0,4,0,0.0,5.19,28.9,74.5,2026-08-14 10:21:17
2025-09-22,North,District5,0,1,0,0.0,0.24,28.0,63.9,2026-08-14 10:21:17
2025-09-22,North,District6,0,3,0,0.0,10.42,26.2,64.2,2026-08-14 10:21:17
2025-09-22,North,District7,0,0,0,0.0,15.04,21.0,58.3,2026-08-14 10:21:17
2025-09-22,North,District8,0,3,0,0.0,17.85,34.5,61.3,2026-08-14 10:21:17
2025-09-22,North,District9,0,0,0,0.0,3.14,22.5,62.2,2026-08-14 10:21:17
2025-09-22,North,District10,2,4,0,0.0,19.77,28.0,77.6,2026-08-14 10:21:17
2025-09-22,North-West,District1,0,5,0,0.0,1.92,28.5,62.3,2026-08-14 10:21:17
2025-09-22,North-West,District2,0,5,0,0.0,2.3,26.4,87.1,2026-08-14 10:21:17
2025-09-22,North-West,District3,0,3,0,0.0,12.65,33.9,68.0,2026-08-14 10:21:17
2025-09-22,North-West,District4,2,1,0,0.0,2.46,27.6,84.8,2026-08-14 10:21:17
2025-09-22,North-West,District5,1,0,0,0.0,7.14,23.2,70.0,2026-08-14 10:21:17
2025-09-22,North-West,District6,0,1,0,0.0,9.7,30.0,76.4,2026-08-14 10:21:17
2025-09-22,North-West,District7,0,4,0,0.0,3.45,25.9,66.4,2026-08-14 10:21:17
2025-09-22,North-West,District8,0,2,0,0.0,3.29,24.4,84.7,2026-08-14 10:21:17
2025-09-22,North-West,District9,0,4,0,0.0,9.56,21.1,55.9,2026-08-14 10:21:17
2025-09-22,North-West,District10,1,4,1,100.0,16.92,32.6,66.4,2026-08-14 10:21:17
2025-09-22,South,District1,0,3,0,0.0,9.15,21.0,52.7,2026-08-14 10:21:17
2025-09-22,South,District2,1,0,1,100.0,15.37,22.1,61.8,2026-08-14 10:21:17
2025-09-22,South,District3,0,5,0,0.0,13.95,29.5,67.2,2026-08-14 10:21:17
2025-09-22,South,District4,0,0,0,0.0,7.43,27.6,75.5,2026-08-14 10:21:17
2025-09-22,South,District5,0,1,0,0.0,4.11,26.4,77.7,2026-08-14 10:21:17
2025-09-22,South,District6,0,4,0,0.0,13.07,31.7,67.0,2026-08-14 10:21:17
2025-09-22,South,District7,0,4,0,0.0,3.52,26.1,71.7,2026-08-14 10:21:17
2025-09-22,South,District8,0,1,0,0.0,5.02,28.0,88.5,2026-08-14 10:21:17
2025-09-22,South,District9,0,4,0,0.0,1.65,30.6,89.5,2026-08-14 10:21:17
2025-09-22,South,District10,0,2,0,0.0,17.91,34.4,60.7,2026-08-14 10:21:17
2025-09-22,South-West,District1,1,1,0,0.0,0.52,32.1,54.8,2026-08-14 10:21:17
2025-09-22,South-West,District2,0,2,0,0.0,10.51,33.6,63.0,2026-08-14 10:21:17
2025-09-22,South-West,District3,0,3,0,0.0,1.36,23.9,62.6,2026-08-14 10:21:17
2025-09-22,South-West,District4,0,1,0,0.0,17.38,28.7,83.5,2026-08-14 10:21:17
2025-09-22,South-West,District5,0,5,0,0.0,9.18,24.3,58.9,2026-08-14 10:21:17
2025-09-22,South-West,District6,0,1,0,0.0,11.56,23.1,72.8,2026-08-14 10:21:17
2025-09-22,South-West,District7,0,1,0,0.0,9.76,21.2,65.4,2026-08-14 10:21:17
2025-09-22,South-West,District8,0,5,0,0.0,2.83,22.5,79.7,2026-08-14 10:21:17
2025-09-22,South-West,District9,0,3,0,0.0,19.75,34.4,88.8,2026-08-14 10:21:17
2025-09-22,South-West,District10,0,4,0,0.0,13.58,28.9,68.2,2026-08-14 10:21:17
2025-09-22,West,District1,0,3,0,0.0,11.48,22.7,83.9,2026-08-14 10:21:17
2025-09-22,West,District2,0,4,0,0.0,4.98,28.7,55.9,2026-08-14 10:21:17
2025-09-22,West,District3,0,5,0,0.0,9.62,25.4,76.3,2026-08-14 10:21:17
2025-09-22,West,District4,0,3,0,0.0,5.52,22.5,74.7,2026-08-14 10:21:17
2025-09-22,West,District5,0,4,0,0.0,3.61,20.0,69.4,2026-08-14 10:21:17
2025-09-22,West,District6,0,2,0,0.0,1.0,26.1,55.2,2026-08-14 10:21:17
2025-09-22,West,District7,0,2,0,0.0,14.32,25.9,73.3,2026-08-14 10:21:17
2025-09-22,West,District8,0,4,0,0.0,11.07,32.4,71.7,2026-08-14 10:21:17
2025-09-22,West,District9,1,0,1,100.0,3.09,30.7,59.8,2026-08-14 10:21:17
2025-09-22,West,District10,3,2,0,0.0,2.32,23.4,85.4,2026-08-14 10:21:17
2025-09-28,Adamawa,District1,0,2,0,0.0,0.64,26.4,83.3,2026-08-14 10:21:17
2025-09-28,Adamawa,District2,0,1,0,0.0,16.35,21.0,84.2,2026-08-14 10:21:17
2025-09-28,Adamawa,District3,1,1,1,100.0,15.1,22.4,86.8,2026-08-14 10:21:17
2025-09-28,Adamawa,District4,3,4,1,33.33,7.8,32.8,50.8,2026-08-14 10:21:17
2025-09-28,Adamawa,District5,1,4,1,100.0,10.94,24.8,73.0,2026-08-14 10:21:17
2025-09-28,Adamawa,District6,3,5,1,33.33,3.16,21.2,67.0,2026-08-14 10:21:17
2025-09-28,Adamawa,District7,3,1,1,33.33,3.14,29.9,64.5,2026-08-14 10:21:17
2025-09-28,Adamawa,District8,0,1,0,0.0,2.62,26.2,82.5,2026-08-14 10:21:17
2025-09-28,Adamawa,District9,0,2,0,0.0,4.11,30.0,70.7,2026-08-14 10:21:17
2025-09-28,Adamawa,District10,0,1,0,0.0,17.36,33.5,85.3,2026-08-14 10:21:17
2025-09-28,Centre,District1,1,0,0,0.0,17.17,22.0,56.4,2026-08-14 10:21:17
2025-09-28,Centre,District2,0,4,0,0.0,2.26,34.6,64.6,2026-08-14 10:21:17
2025-09-28,Centre,District3,0,4,0,0.0,6.34,25.6,79.8,2026-08-14 10:21:17
2025-09-28,Centre,District4,3,2,1,33.33,11.94,20.3,88.0,2026-08-14 10:21:17
2025-09-28,Centre,District5,0,4,0,0.0,4.13,28.8,68.2,2026-08-14 10:21:17
2025-09-28,Centre,District6,0,5,0,0.0,18.76,26.7,52.3,2026-08-14 10:21:17
2025-09-28,Centre,District7,0,3,0,0.0,4.54,32.3,78.6,2026-08-14 10:21:17
2025-09-28,Centre,District8,0,2,0,0.0,17.02,28.6,82.8,2026-08-14 10:21:17
2025-09-28,Centre,District9,2,2,0,0.0,5.68,33.8,63.9,2026-08-14 10:21:17
2025-09-28,Centre,District10,1,3,1,100.0,2.2,34.4,68.9,2026-08-14 10:21:17
2025-09-28,East,District1,0,2,0,0.0,6.16,30.1,72.4,2026-08-14 10:21:17
2025-09-28,East,District2,1,2,1,100.0,12.49,29.6,60.9,2026-08-14 10:21:17
2025-09-28,East,District3,0,5,0,0.0,8.78,26.5,53.8,2026-08-14 10:21:17
2025-09-28,East,District4,2,1,1,50.0,8.61,22.7,53.0,2026-08-14 10:21:17
2025-09-28,East,District5,0,4,0,0.0,15.12,25.1,77.8,2026-08-14 10:21:17
2025-09-28,East,District6,2,3,0,0.0,17.68,22.7,67.9,2026-08-14 10:21:17
2025-09-28,East,District7,2,1,0,0.0,11.38,34.0,77.4,2026-08-14 10:21:17
2025-09-28,East,District8,0,2,0,0.0,15.27,28.0,71.2,2026-08-14 10:21:17
2025-09-28,East,District9,1,3,0,0.0,7.62,29.0,57.0,2026-08-14 10:21:17
2025-09-28,East,District10,0,0,0,0.0,0.7,21.7,76.1,2026-08-14 10:21:17
2025-09-28,Far North,District1,0,4,0,0.0,8.11,24.1,68.9,2026-08-14 10:21:17
2025-09-28,Far North,District2,0,1,0,0.0,14.43,21.2,82.1,2026-08-14 10:21:17
2025-09-28,Far North,District3,1,0,0,0.0,16.77,21.5,81.3,2026-08-14 10:21:17
2025-09-28,Far North,District4,1,5,0,0.0,7.06,33.7,74.9,2026-08-14 10:21:17
2025-09-28,Far North,District5,2,2,0,0.0,5.63,33.4,72.7,2026-08-14 10:21:17
2025-09-28,Far North,District6,0,4,0,0.0,8.2,22.0,62.9,2026-08-14 10:21:17
2025-09-28,Far North,District7,1,5,0,0.0,11.68,23.8,56.4,2026-08-14 10:21:17
2025-09-28,Far North,District8,0,2,0,0.0,2.11,26.3,58.4,2026-08-14 10:21:17
2025-09-28,Far North,District9,3,2,0,0.0,19.23,25.9,79.7,2026-08-14 10:21:17
2025-09-28,Far North,District10,1,0,0,0.0,12.6,28.8,63.5,2026-08-14 10:21:17
2025-09-28,Littoral,District1,0,3,0,0.0,0.74,22.2,81.2,2026-08-14 10:21:17
2025-09-28,Littoral,District2,0,5,0,0.0,10.26,32.3,53.8,2026-08-14 10:21:17
2025-09-28,Littoral,District3,0,5,0,0.0,4.77,30.3,58.1,2026-08-14 10:21:17
2025-09-28,Littoral,District4,0,3,0,0.0,9.06,20.3,54.4,2026-08-14 10:21:17
2025-09-28,Littoral,District5,1,2,1,100.0,12.18,28.2,52.3,2026-08-14 10:21:17
2025-09-28,Littoral,District6,0,0,0,0.0,11.42,27.6,79.6,2026-08-14 10:21:17
2025-09-28,Littoral,District7,0,5,0,0.0,1.6,32.1,51.1,2026-08-14 10:21:17
2025-09-28,Littoral,District8,2,3,1,50.0,3.09,32.8,80.0,2026-08-14 10:21:17
2025-09-28,Littoral,District9,0,5,0,0.0,3.47,29.7,86.4,2026-08-14 10:21:17
2025-09-28,Littoral,District10,0,2,0,0.0,9.61,30.4,51.6,2026-08-14 10:21:17
2025-09-28,North,District1,1,5,0,0.0,1.84,26.4,84.4,2026-08-14 10:21:17
2025-09-28,North,District2,0,1,0,0.0,3.47,32.0,63.0,2026-08-14 10:21:17
2025-09-28,North,District3,0,0,0,0.0,12.66,32.0,57.0,2026-08-14 10:21:17
2025-09-28,North,District4,0,0,0,0.0,19.94,21.6,57.2,2026-08-14 10:21:17
2025-09-28,North,District5,1,5,1,100.0,9.47,34.3,61.8,2026-08-14 10:21:17
2025-09-28,North,District6,0,4,0,0.0,10.1,23.5,51.1,2026-08-14 10:21:17
2025-09-28,North,District7,0,5,0,0.0,19.82,25.3,86.3,2026-08-14 10:21:17
2025-09-28,North,District8,0,5,0,0.0,9.03,24.8,79.0,2026-08-14 10:21:17
2025-09-28,North,District9,0,4,0,0.0,0.63,30.3,75.2,2026-08-14 10:21:17
2025-09-28,North,District10,0,3,0,0.0,17.56,21.0,84.0,2026-08-14 10:21:17
2025-09-28,North-West,District1,2,0,0,0.0,14.16,22.6,79.0,2026-08-14 10:21:17
2025-09-28,North-West,District2,0,2,0,0.0,3.33,20.4,85.1,2026-08-14 10:21:17
2025-09-28,North-West,District3,2,4,0,0.0,18.04,21.4,81.5,2026-08-14 10:21:17
2025-09-28,North-West,District4,3,5,1,33.33,11.13,20.8,65.5,2026-08-14 10:21:17
2025-09-28,North-West,District5,0,1,0,0.0,14.8,28.6,58.8,2026-08-14 10:21:17
2025-09-28,North-West,District6,1,3,0,0.0,1.26,28.9,67.2,2026-08-14 10:21:17
2025-09-28,North-West,District7,1,3,0,0.0,7.11,30.1,53.6,2026-08-14 10:21:17
2025-09-28,North-West,District8,1,1,0,0.0,6.57,20.8,71.4,2026-08-14 10:21:17
2025-09-28,North-West,District9,0,3,0,0.0,16.66,21.1,73.4,2026-08-14 10:21:17
2025-09-28,North-West,District10,0,0,0,0.0,11.56,24.1,84.5,2026-08-14 10:21:17
2025-09-28,South,District1,3,4,0,0.0,2.79,29.0,62.9,2026-08-14 10:21:17
2025-09-28,South,District2,0,3,0,0.0,6.02,28.4,51.2,2026-08-14 10:21:17
2025-09-28,South,District3,0,3,0,0.0,5.81,27.7,73.4,2026-08-14 10:21:17
2025-09-28,South,District4,1,4,0,0.0,6.53,26.1,56.4,2026-08-14 10:21:17
2025-09-28,South,District5,0,4,0,0.0,13.98,22.8,72.0,2026-08-14 10:21:17
2025-09-28,South,District6,0,0,0,0.0,5.81,29.7,79.3,2026-08-14 10:21:17
2025-09-28,South,District7,1,1,1,100.0,9.96,29.1,60.5,2026-08-14 10:21:17
2025-09-28,South,District8,0,1,0,0.0,14.16,23.6,67.2,2026-08-14 10:21:17
2025-09-28,South,District9,0,5,0,0.0,14.95,23.0,76.1,2026-08-14 10:21:17
2025-09-28,South,District10,3,1,0,0.0,8.17,24.2,68.4,2026-08-14 10:21:17
2025-09-28,South-West,District1,0,4,0,0.0,13.96,20.5,77.2,2026-08-14 10:21:17
2025-09-28,South-West,District2,0,3,0,0.0,13.27,26.2,62.7,2026-08-14 10:21:17
2025-09-28,South-West,District3,0,5,0,0.0,15.42,31.8,89.0,2026-08-14 10:21:17
2025-09-28,South-West,District4,0,1,0,0.0,9.34,21.1,80.2,2026-08-14 10:21:17
2025-09-28,South-West,District5,1,5,1,100.0,13.73,29.5,85.3,2026-08-14 10:21:17
2025-09-28,South-West,District6,0,2,0,0.0,0.92,34.2,73.1,2026-08-14 10:21:17
2025-09-28,South-West,District7,0,3,0,0.0,11.23,21.6,84.3,2026-08-14 10:21:17
2025-09-28,South-West,District8,0,2,0,0.0,5.18,21.6,86.9,2026-08-14 10:21:17
2025-09-28,South-West,District9,0,5,0,0.0,15.51,30.7,88.2,2026-08-14 10:21:17
2025-09-28,South-West,District10,0,2,0,0.0,11.3,30.1,80.1,2026-08-14 10:21:17
2025-09-28,West,District1,0,4,0,0.0,18.89,22.7,79.1,2026-08-14 10:21:17
2025-09-28,West,District2,0,1,0,0.0,8.15,23.9,59.1,2026-08-14 10:21:17
2025-09-28,West,District3,2,5,0,0.0,9.83,21.8,62.4,2026-08-14 10:21:17
2025-09-28,West,District4,0,4,0,0.0,19.5,26.0,76.0,2026-08-14 10:21:17
2025-09-28,West,District5,0,4,0,0.0,12.02,29.1,84.7,2026-08-14 10:21:17
2025-09-28,West,District6,3,5,0,0.0,10.64,29.1,76.1,2026-08-14 10:21:17
2025-09-28,West,District7,0,4,0,0.0,6.57,31.3,68.7,2026-08-14 10:21:17
2025-09-28,West,District8,1,5,1,100.0,5.67,34.2,63.2,2026-08-14 10:21:17
2025-09-28,West,District9,0,3,0,0.0,12.01,23.4,53.6,2026-08-14 10:21:17
2025-09-28,West,District10,0,3,0,0.0,19.08,22.4,79.9,2026-08-14 10:21:17
2025-10-13,Adamawa,District1,1,1,0,0.0,12.38,30.1,65.8,2026-08-14 10:21:17
2025-10-13,Adamawa,District2,0,4,0,0.0,9.25,27.6,50.3,2026-08-14 10:21:17
2025-10-13,Adamawa,District3,0,0,0,0.0,7.85,28.8,55.5,2026-08-14 10:21:17
2025-10-13,Adamawa,District4,2,2,0,0.0,4.2,31.4,75.1,2026-08-14 10:21:17
2025-10-13,Adamawa,District5,0,2,0,0.0,17.32,28.0,51.2,2026-08-14 10:21:17
2025-10-13,Adamawa,District6,0,2,0,0.0,5.77,22.5,58.1,2026-08-14 10:21:17
2025-10-13,Adamawa,District7,0,2,0,0.0,18.07,22.0,78.9,2026-08-14 10:21:17
2025-10-13,Adamawa,District8,0,1,0,0.0,16.33,25.5,79.0,2026-08-14 10:21:17
2025-10-13,Adamawa,District9,0,0,0,0.0,5.0,23.4,55.8,2026-08-14 10:21:17
2025-10-13,Adamawa,District10,1,5,0,0.0,6.64,27.5,50.2,2026-08-14 10:21:17
2025-10-13,Centre,District1,1,3,1,100.0,7.78,23.0,75.3,2026-08-14 10:21:17
2025-10-13,Centre,District2,0,2,0,0.0,12.37,21.7,59.2,2026-08-14 10:21:17
2025-10-13,Centre,District3,2,3,0,0.0,3.58,20.9,80.2,2026-08-14 10:21:17
2025-10-13,Centre,District4,2,3,0,0.0,9.91,23.2,87.6,2026-08-14 10:21:17
2025-10-13,Centre,District5,0,3,0,0.0,4.54,22.5,71.4,2026-08-14 10:21:17
2025-10-13,Centre,District6,0,5,0,0.0,19.54,21.0,56.5,2026-08-14 10:21:17
2025-10-13,Centre,District7,0,3,0,0.0,4.42,26.1,55.1,2026-08-14 10:21:17
2025-10-13,Centre,District8,0,2,0,0.0,7.7,31.3,76.7,2026-08-14 10:21:17
2025-10-13,Centre,District9,0,5,0,0.0,16.24,30.1,69.6,2026-08-14 10:21:17
2025-10-13,Centre,District10,0,5,0,0.0,0.86,25.3,89.4,2026-08-14 10:21:17
2025-10-13,East,District1,0,2,0,0.0,14.09,21.5,68.3,2026-08-14 10:21:17
2025-10-13,East,District2,2,1,1,50.0,0.77,25.6,62.4,2026-08-14 10:21:17
2025-10-13,East,District3,0,1,0,0.0,4.52,24.4,62.6,2026-08-14 10:21:17
2025-10-13,East,District4,0,2,0,0.0,18.54,30.4,75.9,2026-08-14 10:21:17
2025-10-13,East,District5,3,3,0,0.0,18.09,27.2,57.6,2026-08-14 10:21:17
2025-10-13,East,District6,0,5,0,0.0,12.46,26.9,62.2,2026-08-14 10:21:17
2025-10-13,East,District7,0,5,0,0.0,1.82,24.8,86.3,2026-08-14 10:21:17
2025-10-13,East,District8,0,2,0,0.0,13.01,34.3,87.3,2026-08-14 10:21:17
2025-10-13,East,District9,0,3,0,0.0,15.33,30.4,67.4,2026-08-14 10:21:17
2025-10-13,East,District10,3,3,1,33.33,3.08,33.6,86.6,2026-08-14 10:21:17
2025-10-13,Far North,District1,2,3,0,0.0,7.47,34.4,78.4,2026-08-14 10:21:17
2025-10-13,Far North,District2,0,5,0,0.0,7.02,30.0,52.2,2026-08-14 10:21:17
2025-10-13,Far North,District3,1,3,1,100.0,3.01,31.4,61.6,2026-08-14 10:21:17
2025-10-13,Far North,District4,0,0,0,0.0,2.59,34.3,79.5,2026-08-14 10:21:17
2025-10-13,Far North,District5,0,3,0,0.0,19.76,33.9,75.3,2026-08-14 10:21:17
2025-10-13,Far North,District6,0,2,0,0.0,16.64,29.9,79.6,2026-08-14 10:21:17
2025-10-13,Far North,District7,0,5,0,0.0,18.64,25.7,86.7,2026-08-14 10:21:17
2025-10-13,Far North,District8,3,2,1,33.33,9.25,31.8,64.4,2026-08-14 10:21:17
2025-10-13,Far North,District9,0,3,0,0.0,0.73,30.4,53.5,2026-08-14 10:21:17
2025-10-13,Far North,District10,0,4,0,0.0,11.14,31.5,89.8,2026-08-14 10:21:17
2025-10-13,Littoral,District1,0,0,0,0.0,9.43,26.1,69.3,2026-08-14 10:21:17
2025-10-13,Littoral,District2,0,1,0,0.0,9.69,21.6,73.0,2026-08-14 10:21:17
2025-10-13,Littoral,District3,1,2,0,0.0,13.73,30.7,54.1,2026-08-14 10:21:17
2025-10-13,Littoral,District4,1,4,0,0.0,16.47,26.5,68.5,2026-08-14 10:21:17
2025-10-13,Littoral,District5,0,0,0,0.0,12.02,23.8,59.0,2026-08-14 10:21:17
2025-10-13,Littoral,District6,0,3,0,0.0,12.34,29.9,88.6,2026-08-14 10:21:17
2025-10-13,Littoral,District7,0,0,0,0.0,19.63,27.7,55.0,2026-08-14 10:21:17
2025-10-13,Littoral,District8,0,4,0,0.0,17.11,34.6,85.1,2026-08-14 10:21:17
2025-10-13,Littoral,District9,2,4,1,50.0,8.33,29.4,78.6,2026-08-14 10:21:17
2025-10-13,Littoral,District10,0,3,0,0.0,5.38,25.4,81.1,2026-08-14 10:21:17
2025-10-13,North,District1,0,5,0,0.0,18.28,30.7,62.5,2026-08-14 10:21:17
2025-10-13,North,District2,0,3,0,0.0,18.67,34.5,84.8,2026-08-14 10:21:17
2025-10-13,North,District3,0,1,0,0.0,11.02,30.8,71.4,2026-08-14 10:21:17
2025-10-13,North,District4,0,3,0,0.0,12.77,20.8,66.9,2026-08-14 10:21:17
2025-10-13,North,District5,0,5,0,0.0,13.2,31.9,71.6,2026-08-14 10:21:17
2025-10-13,North,District6,0,3,0,0.0,18.64,24.2,55.6,2026-08-14 10:21:17
2025-10-13,North,District7,0,3,0,0.0,19.87,27.2,63.1,2026-08-14 10:21:17
2025-10-13,North,District8,0,2,0,0.0,11.15,25.0,85.3,2026-08-14 10:21:17
2025-10-13,North,District9,3,2,0,0.0,19.94,34.2,83.2,2026-08-14 10:21:17
2025-10-13,North,District10,0,5,0,0.0,13.64,22.0,61.9,2026-08-14 10:21:17
2025-10-13,North-West,District1,0,5,0,0.0,7.05,33.9,59.5,2026-08-14 10:21:17
2025-10-13,North-West,District2,0,5,0,0.0,18.3,31.6,69.3,2026-08-14 10:21:17
2025-10-13,North-West,District3,1,2,1,100.0,2.43,33.0,75.1,2026-08-14 10:21:17
2025-10-13,North-West,District4,3,3,0,0.0,7.18,34.3,83.6,2026-08-14 10:21:17
2025-10-13,North-West,District5,0,1,0,0.0,7.63,34.0,72.5,2026-08-14 10:21:17
2025-10-13,North-West,District6,1,4,0,0.0,19.02,20.4,71.2,2026-08-14 10:21:17
2025-10-13,North-West,District7,0,2,0,0.0,8.78,33.5,69.1,2026-08-14 10:21:17
2025-10-13,North-West,District8,0,5,0,0.0,4.63,28.4,80.9,2026-08-14 10:21:17
2025-10-13,North-West,District9,0,2,0,0.0,5.77,26.3,88.4,2026-08-14 10:21:17
2025-10-13,North-West,District10,0,0,0,0.0,15.76,28.3,50.3,2026-08-14 10:21:17
2025-10-13,South,District1,0,4,0,0.0,6.36,21.6,86.0,2026-08-14 10:21:17
2025-10-13,South,District2,0,1,0,0.0,3.74,20.9,77.1,2026-08-14 10:21:17
2025-10-13,South,District3,0,4,0,0.0,17.83,28.1,85.7,2026-08-14 10:21:17
2025-10-13,South,District4,0,2,0,0.0,18.91,21.1,75.4,2026-08-14 10:21:17
2025-10-13,South,District5,0,2,0,0.0,14.52,25.9,67.2,2026-08-14 10:21:17
2025-10-13,South,District6,2,2,0,0.0,11.01,33.4,70.8,2026-08-14 10:21:17
2025-10-13,South,District7,0,2,0,0.0,9.93,31.2,88.9,2026-08-14 10:21:17
2025-10-13,South,District8,0,5,0,0.0,13.34,26.1,53.1,2026-08-14 10:21:17
2025-10-13,South,District9,0,0,0,0.0,16.18,22.9,54.4,2026-08-14 10:21:17
2025-10-13,South,District10,3,0,1,33.33,5.55,25.1,51.1,2026-08-14 10:21:17
2025-10-13,South-West,District1,0,0,0,0.0,4.64,29.6,75.6,2026-08-14 10:21:17
2025-10-13,South-West,District2,1,2,1,100.0,3.13,24.0,81.7,2026-08-14 10:21:17
2025-10-13,South-West,District3,0,5,0,0.0,4.11,20.2,56.4,2026-08-14 10:21:17
2025-10-13,South-West,District4,0,5,0,0.0,0.48,24.3,59.9,2026-08-14 10:21:17
2025-10-13,South-West,District5,0,5,0,0.0,16.57,34.8,67.0,2026-08-14 10:21:17
2025-10-13,South-West,District6,0,1,0,0.0,5.1,23.9,78.2,2026-08-14 10:21:17
2025-10-13,South-West,District7,0,4,0,0.0,6.71,26.6,85.0,2026-08-14 10:21:17
2025-10-13,South-West,District8,0,5,0,0.0,11.92,26.9,77.0,2026-08-14 10:21:17
2025-10-13,South-West,District9,1,2,0,0.0,11.37,32.9,81.6,2026-08-14 10:21:17
2025-10-13,South-West,District10,0,1,0,0.0,7.55,30.4,65.1,2026-08-14 10:21:17
2025-10-13,West,District1,3,4,0,0.0,4.33,25.1,87.4,2026-08-14 10:21:17
2025-10-13,West,District2,0,5,0,0.0,4.59,34.9,60.0,2026-08-14 10:21:17
2025-10-13,West,District3,0,1,0,0.0,13.66,31.3,83.6,2026-08-14 10:21:17
2025-10-13,West,District4,0,2,0,0.0,2.68,23.6,57.4,2026-08-14 10:21:17
2025-10-13,West,District5,0,3,0,0.0,15.4,34.6,56.1,2026-08-14 10:21:17
2025-10-13,West,District6,0,0,0,0.0,16.2,32.1,76.3,2026-08-14 10:21:17
2025-10-13,West,District7,1,4,0,0.0,12.14,29.7,59.7,2026-08-14 10:21:17
2025-10-13,West,District8,2,5,0,0.0,7.48,33.7,50.6,2026-08-14 10:21:17
2025-10-13,West,District9,0,3,0,0.0,7.38,26.8,57.5,2026-08-14 10:21:17
2025-10-13,West,District10,0,1,0,0.0,8.32,25.8,79.4,2026-08-14 10:21:17
2025-10-18,Adamawa,District1,2,5,1,50.0,19.01,30.7,51.8,2026-08-14 10:21:17
2025-10-18,Adamawa,District2,0,0,0,0.0,11.27,27.4,58.6,2026-08-14 10:21:17
2025-10-18,Adamawa,District3,1,0,0,0.0,14.15,30.2,73.5,2026-08-14 10:21:17
2025-10-18,Adamawa,District4,3,1,0,0.0,14.12,27.5,84.3,2026-08-14 10:21:17
2025-10-18,Adamawa,District5,0,2,0,0.0,8.0,26.1,62.3,2026-08-14 10:21:17
2025-10-18,Adamawa,District6,0,3,0,0.0,10.83,33.6,64.3,2026-08-14 10:21:17
2025-10-18,Adamawa,District7,0,2,0,0.0,11.49,21.5,78.8,2026-08-14 10:21:17
2025-10-18,Adamawa,District8,0,5,0,0.0,1.3,26.7,56.9,2026-08-14 10:21:17
2025-10-18,Adamawa,District9,0,1,0,0.0,17.21,20.6,66.2,2026-08-14 10:21:17
2025-10-18,Adamawa,District10,0,4,0,0.0,14.97,32.7,73.3,2026-08-14 10:21:17
2025-10-18,Centre,District1,0,1,0,0.0,17.87,24.1,88.9,2026-08-14 10:21:17
2025-10-18,Centre,District2,1,3,0,0.0,11.78,22.3,59.5,2026-08-14 10:21:17
2025-10-18,Centre,District3,0,1,0,0.0,14.24,21.2,78.8,2026-08-14 10:21:17
2025-10-18,Centre,District4,0,0,0,0.0,2.58,28.9,85.6,2026-08-14 10:21:17
2025-10-18,Centre,District5,0,1,0,0.0,11.52,27.1,62.9,2026-08-14 10:21:17
2025-10-18,Centre,District6,1,2,0,0.0,2.66,34.6,64.1,2026-08-14 10:21:17
2025-10-18,Centre,District7,0,1,0,0.0,17.91,20.0,84.1,2026-08-14 10:21:17
2025-10-18,Centre,District8,0,4,0,0.0,17.22,22.7,75.7,2026-08-14 10:21:17
2025-10-18,Centre,District9,0,1,0,0.0,15.61,32.3,60.1,2026-08-14 10:21:17
2025-10-18,Centre,District10,0,4,0,0.0,12.4,33.6,56.9,2026-08-14 10:21:17
2025-10-18,East,District1,2,3,0,0.0,5.34,23.2,75.6,2026-08-14 10:21:17
2025-10-18,East,District2,0,1,0,0.0,15.87,26.7,53.7,2026-08-14 10:21:17
2025-10-18,East,District3,0,4,0,0.0,6.78,22.7,86.8,2026-08-14 10:21:17
2025-10-18,East,District4,0,5,0,0.0,1.42,30.5,80.2,2026-08-14 10:21:17
2025-10-18,East,District5,2,0,0,0.0,17.78,22.5,80.6,2026-08-14 10:21:17
2025-10-18,East,District6,3,4,0,0.0,8.09,29.0,83.3,2026-08-14 10:21:17
2025-10-18,East,District7,0,3,0,0.0,6.08,29.4,51.5,2026-08-14 10:21:17
2025-10-18,East,District8,3,1,1,33.33,8.88,30.7,54.9,2026-08-14 10:21:17
2025-10-18,East,District9,0,5,0,0.0,9.2,29.6,86.4,2026-08-14 10:21:17
2025-10-18,East,District10,0,5,0,0.0,10.5,30.8,56.0,2026-08-14 10:21:17
2025-10-18,Far North,District1,0,4,0,0.0,6.83,26.2,66.2,2026-08-14 10:21:17
2025-10-18,Far North,District2,0,4,0,0.0,3.85,26.2,50.7,2026-08-14 10:21:17
2025-10-18,Far North,District3,0,2,0,0.0,10.93,23.1,78.7,2026-08-14 10:21:17
2025-10-18,Far North,District4,0,2,0,0.0,14.07,31.8,80.1,2026-08-14 10:21:17
2025-10-18,Far North,District5,0,0,0,0.0,5.83,26.1,56.7,2026-08-14 10:21:17
2025-10-18,Far North,District6,2,2,0,0.0,18.57,26.7,51.1,2026-08-14 10:21:17
2025-10-18,Far North,District7,0,3,0,0.0,14.7,34.3,71.8,2026-08-14 10:21:17
2025-10-18,Far North,District8,0,3,0,0.0,17.18,30.3,72.8,2026-08-14 10:21:17
2025-10-18,Far North,District9,0,0,0,0.0,4.88,30.6,64.7,2026-08-14 10:21:17
2025-10-18,Far North,District10,0,0,0,0.0,12.66,25.9,77.7,2026-08-14 10:21:17
2025-10-18,Littoral,District1,1,2,0,0.0,12.36,24.5,73.9,2026-08-14 10:21:17
2025-10-18,Littoral,District2,1,2,0,0.0,3.07,20.0,74.4,2026-08-14 10:21:17
2025-10-18,Littoral,District3,1,1,1,100.0,6.04,33.5,66.3,2026-08-14 10:21:17
2025-10-18,Littoral,District4,1,3,1,100.0,14.43,30.1,83.4,2026-08-14 10:21:17
2025-10-18,Littoral,District5,2,0,1,50.0,8.05,30.3,78.1,2026-08-14 10:21:17
2025-10-18,Littoral,District6,0,4,0,0.0,18.79,28.0,54.5,2026-08-14 10:21:17
2025-10-18,Littoral,District7,1,2,0,0.0,0.27,24.2,67.9,2026-08-14 10:21:17
2025-10-18,Littoral,District8,1,5,0,0.0,3.07,20.5,76.5,2026-08-14 10:21:17
2025-10-18,Littoral,District9,0,3,0,0.0,16.05,30.5,50.1,2026-08-14 10:21:17
2025-10-18,Littoral,District10,3,3,1,33.33,8.08,23.6,62.4,2026-08-14 10:21:17
2025-10-18,North,District1,0,3,0,0.0,2.38,24.3,65.5,2026-08-14 10:21:17
2025-10-18,North,District2,3,4,0,0.0,17.4,25.3,59.4,2026-08-14 10:21:17
2025-10-18,North,District3,0,2,0,0.0,2.26,31.3,57.4,2026-08-14 10:21:17
2025-10-18,North,District4,2,4,1,50.0,19.72,25.9,57.0,2026-08-14 10:21:17
2025-10-18,North,District5,0,2,0,0.0,6.52,26.2,52.1,2026-08-14 10:21:17
2025-10-18,North,District6,0,1,0,0.0,19.14,26.8,60.4,2026-08-14 10:21:17
2025-10-18,North,District7,0,2,0,0.0,16.44,27.3,53.1,2026-08-14 10:21:17
2025-10-18,North,District8,0,4,0,0.0,13.09,24.2,54.8,2026-08-14 10:21:18
2025-10-18,North,District9,0,0,0,0.0,1.62,22.3,52.4,2026-08-14 10:21:18
2025-10-18,North,District10,0,1,0,0.0,0.93,29.3,83.5,2026-08-14 10:21:18
2025-10-18,North-West,District1,0,4,0,0.0,8.92,32.6,53.2,2026-08-14 10:21:18
2025-10-18,North-West,District2,0,4,0,0.0,12.99,26.0,89.5,2026-08-14 10:21:18
2025-10-18,North-West,District3,3,0,1,33.33,13.59,29.2,55.1,2026-08-14 10:21:18
2025-10-18,North-West,District4,0,4,0,0.0,0.78,20.2,50.9,2026-08-14 10:21:18
2025-10-18,North-West,District5,0,3,0,0.0,1.82,21.8,55.3,2026-08-14 10:21:18
2025-10-18,North-West,District6,0,1,0,0.0,0.92,27.8,73.2,2026-08-14 10:21:18
2025-10-18,North-West,District7,2,4,0,0.0,3.91,21.2,64.5,2026-08-14 10:21:18
2025-10-18,North-West,District8,0,1,0,0.0,14.82,23.9,54.3,2026-08-14 10:21:18
2025-10-18,North-West,District9,0,2,0,0.0,12.38,32.8,79.1,2026-08-14 10:21:18
2025-10-18,North-West,District10,0,4,0,0.0,4.51,31.7,58.8,2026-08-14 10:21:18
2025-10-18,South,District1,0,2,0,0.0,5.82,25.5,52.2,2026-08-14 10:21:18
2025-10-18,South,District2,2,5,1,50.0,9.2,27.7,72.6,2026-08-14 10:21:18
2025-10-18,South,District3,1,5,1,100.0,14.4,34.0,80.8,2026-08-14 10:21:18
2025-10-18,South,District4,0,4,0,0.0,18.2,30.3,62.8,2026-08-14 10:21:18
2025-10-18,South,District5,0,3,0,0.0,10.07,27.3,81.8,2026-08-14 10:21:18
2025-10-18,South,District6,0,2,0,0.0,19.65,30.8,51.6,2026-08-14 10:21:18
2025-10-18,South,District7,0,4,0,0.0,19.87,32.0,87.2,2026-08-14 10:21:18
2025-10-18,South,District8,0,2,0,0.0,6.67,34.2,76.4,2026-08-14 10:21:18
2025-10-18,South,District9,0,3,0,0.0,19.31,21.2,60.3,2026-08-14 10:21:18
2025-10-18,South,District10,3,5,1,33.33,8.07,21.3,87.3,2026-08-14 10:21:18
2025-10-18,South-West,District1,0,2,0,0.0,13.16,34.6,60.8,2026-08-14 10:21:18
2025-10-18,South-West,District2,0,3,0,0.0,19.36,24.6,52.4,2026-08-14 10:21:18
2025-10-18,South-West,District3,0,1,0,0.0,15.49,25.5,75.6,2026-08-14 10:21:18
2025-10-18,South-West,District4,1,5,0,0.0,15.48,26.0,58.0,2026-08-14 10:21:18
2025-10-18,South-West,District5,2,1,0,0.0,1.24,30.8,63.4,2026-08-14 10:21:18
2025-10-18,South-West,District6,3,2,0,0.0,17.5,26.0,61.8,2026-08-14 10:21:18
2025-10-18,South-West,District7,0,1,0,0.0,13.65,22.5,57.3,2026-08-14 10:21:18
2025-10-18,South-West,District8,0,1,0,0.0,2.2,21.1,51.3,2026-08-14 10:21:18
2025-10-18,South-West,District9,0,2,0,0.0,5.09,29.7,67.9,2026-08-14 10:21:18
2025-10-18,South-West,District10,2,4,1,50.0,6.14,26.9,89.8,2026-08-14 10:21:18
2025-10-18,West,District1,0,2,0,0.0,19.15,27.2,78.5,2026-08-14 10:21:18
2025-10-18,West,District2,0,3,0,0.0,17.51,28.9,61.3,2026-08-14 10:21:18
2025-10-18,West,District3,0,5,0,0.0,0.48,33.6,77.5,2026-08-14 10:21:18
2025-10-18,West,District4,0,1,0,0.0,19.74,34.6,52.9,2026-08-14 10:21:18
2025-10-18,West,District5,0,2,0,0.0,2.0,27.4,51.2,2026-08-14 10:21:18
2025-10-18,West,District6,2,2,0,0.0,5.84,30.6,55.2,2026-08-14 10:21:18
2025-10-18,West,District7,0,5,0,0.0,15.38,27.8,85.5,2026-08-14 10:21:18
2025-10-18,West,District8,0,2,0,0.0,0.53,27.7,77.7,2026-08-14 10:21:18
2025-10-18,West,District9,0,4,0,0.0,17.79,28.8,71.7,2026-08-14 10:21:18
2025-10-18,West,District10,0,3,0,0.0,9.63,26.9,55.7,2026-08-14 10:21:18
2025-10-31,Adamawa,District1,0,2,0,0.0,5.91,22.3,69.6,2026-08-14 10:21:18
2025-10-31,Adamawa,District2,3,4,1,33.33,0.04,24.1,76.4,2026-08-14 10:21:18
2025-10-31,Adamawa,District3,1,3,0,0.0,10.21,26.7,73.3,2026-08-14 10:21:18
2025-10-31,Adamawa,District4,0,2,0,0.0,10.83,24.5,89.3,2026-08-14 10:21:18
2025-10-31,Adamawa,District5,2,4,1,50.0,18.79,24.4,83.1,2026-08-14 10:21:18
2025-10-31,Adamawa,District6,0,4,0,0.0,11.32,27.1,51.5,2026-08-14 10:21:18
2025-10-31,Adamawa,District7,0,2,0,0.0,11.99,30.7,60.8,2026-08-14 10:21:18
2025-10-31,Adamawa,District8,0,3,0,0.0,7.25,30.8,60.8,2026-08-14 10:21:18
2025-10-31,Adamawa,District9,0,3,0,0.0,17.85,33.1,83.3,2026-08-14 10:21:18
2025-10-31,Adamawa,District10,1,5,1,100.0,11.53,28.6,89.4,2026-08-14 10:21:18
2025-10-31,Centre,District1,0,5,0,0.0,7.65,31.1,51.2,2026-08-14 10:21:18
2025-10-31,Centre,District2,0,2,0,0.0,12.19,28.2,68.4,2026-08-14 10:21:18
2025-10-31,Centre,District3,0,0,0,0.0,18.36,20.1,63.5,2026-08-14 10:21:18
2025-10-31,Centre,District4,1,3,0,0.0,17.57,21.4,54.9,2026-08-14 10:21:18
2025-10-31,Centre,District5,3,2,1,33.33,13.75,23.1,50.7,2026-08-14 10:21:18
2025-10-31,Centre,District6,1,3,0,0.0,6.34,31.0,59.2,2026-08-14 10:21:18
2025-10-31,Centre,District7,1,0,1,100.0,6.4,30.9,50.7,2026-08-14 10:21:18
2025-10-31,Centre,District8,0,0,0,0.0,1.5,30.5,89.3,2026-08-14 10:21:18
2025-10-31,Centre,District9,0,2,0,0.0,3.19,32.3,51.5,2026-08-14 10:21:18
2025-10-31,Centre,District10,1,3,0,0.0,12.07,21.2,59.4,2026-08-14 10:21:18
2025-10-31,East,District1,0,4,0,0.0,3.75,32.5,85.3,2026-08-14 10:21:18
2025-10-31,East,District2,0,3,0,0.0,4.86,32.3,60.8,2026-08-14 10:21:18
2025-10-31,East,District3,0,3,0,0.0,2.81,31.8,86.0,2026-08-14 10:21:18
2025-10-31,East,District4,0,4,0,0.0,6.87,26.9,50.2,2026-08-14 10:21:18
2025-10-31,East,District5,1,1,1,100.0,18.14,20.9,70.7,2026-08-14 10:21:18
2025-10-31,East,District6,0,2,0,0.0,5.51,22.8,51.8,2026-08-14 10:21:18
2025-10-31,East,District7,1,2,1,100.0,8.86,32.7,69.9,2026-08-14 10:21:18
2025-10-31,East,District8,0,5,0,0.0,9.28,26.9,53.2,2026-08-14 10:21:18
2025-10-31,East,District9,0,1,0,0.0,10.74,21.1,70.5,2026-08-14 10:21:18
2025-10-31,East,District10,0,0,0,0.0,0.13,33.8,82.1,2026-08-14 10:21:18
2025-10-31,Far North,District1,0,5,0,0.0,9.42,22.7,62.3,2026-08-14 10:21:18
2025-10-31,Far North,District2,0,5,0,0.0,17.58,28.8,63.5,2026-08-14 10:21:18
2025-10-31,Far North,District3,0,3,0,0.0,2.31,31.5,66.8,2026-08-14 10:21:18
2025-10-31,Far North,District4,0,2,0,0.0,14.52,30.5,81.4,2026-08-14 10:21:18
2025-10-31,Far North,District5,0,3,0,0.0,12.47,21.5,82.3,2026-08-14 10:21:18
2025-10-31,Far North,District6,1,1,1,100.0,6.26,21.3,72.9,2026-08-14 10:21:18
2025-10-31,Far North,District7,0,3,0,0.0,2.15,29.5,86.9,2026-08-14 10:21:18
2025-10-31,Far North,District8,0,0,0,0.0,9.57,24.9,74.8,2026-08-14 10:21:18
2025-10-31,Far North,District9,0,3,0,0.0,12.0,24.7,68.0,2026-08-14 10:21:18
2025-10-31,Far North,District10,1,2,1,100.0,16.27,22.4,63.0,2026-08-14 10:21:18
2025-10-31,Littoral,District1,0,5,0,0.0,14.23,24.6,68.9,2026-08-14 10:21:18
2025-10-31,Littoral,District2,1,2,1,100.0,4.19,29.8,87.6,2026-08-14 10:21:18
2025-10-31,Littoral,District3,0,2,0,0.0,6.38,34.3,83.7,2026-08-14 10:21:18
2025-10-31,Littoral,District4,0,2,0,0.0,5.91,24.2,64.1,2026-08-14 10:21:18
2025-10-31,Littoral,District5,0,2,0,0.0,7.18,21.7,81.3,2026-08-14 10:21:18
2025-10-31,Littoral,District6,0,4,0,0.0,11.43,34.5,80.7,2026-08-14 10:21:18
2025-10-31,Littoral,District7,0,5,0,0.0,8.41,29.2,78.7,2026-08-14 10:21:18
2025-10-31,Littoral,District8,3,5,1,33.33,17.28,25.1,69.8,2026-08-14 10:21:18
2025-10-31,Littoral,District9,0,0,0,0.0,19.61,22.6,51.6,2026-08-14 10:21:18
2025-10-31,Littoral,District10,1,4,0,0.0,7.54,23.6,78.9,2026-08-14 10:21:18
2025-10-31,North,District1,0,4,0,0.0,14.31,20.5,50.2,2026-08-14 10:21:18
2025-10-31,North,District2,0,4,0,0.0,14.94,28.8,74.0,2026-08-14 10:21:18
2025-10-31,North,District3,2,1,0,0.0,17.93,35.0,53.3,2026-08-14 10:21:18
2025-10-31,North,District4,1,5,1,100.0,8.26,30.0,66.0,2026-08-14 10:21:18
2025-10-31,North,District5,0,3,0,0.0,9.43,34.1,68.2,2026-08-14 10:21:18
2025-10-31,North,District6,0,4,0,0.0,8.64,23.5,54.8,2026-08-14 10:21:18
2025-10-31,North,District7,0,1,0,0.0,9.15,20.4,87.5,2026-08-14 10:21:18
2025-10-31,North,District8,2,0,0,0.0,19.52,31.8,60.0,2026-08-14 10:21:18
2025-10-31,North,District9,0,0,0,0.0,1.08,22.3,66.8,2026-08-14 10:21:18
2025-10-31,North,District10,0,2,0,0.0,5.76,29.1,51.6,2026-08-14 10:21:18
2025-10-31,North-West,District1,1,0,0,0.0,12.58,32.8,70.4,2026-08-14 10:21:18
2025-10-31,North-West,District2,0,2,0,0.0,19.36,26.2,51.7,2026-08-14 10:21:18
2025-10-31,North-West,District3,1,1,1,100.0,3.66,32.5,68.4,2026-08-14 10:21:18
2025-10-31,North-West,District4,0,2,0,0.0,18.26,30.2,64.2,2026-08-14 10:21:18
2025-10-31,North-West,District5,0,3,0,0.0,10.37,22.8,76.5,2026-08-14 10:21:18
2025-10-31,North-West,District6,0,3,0,0.0,11.8,29.3,85.7,2026-08-14 10:21:18
2025-10-31,North-West,District7,0,1,0,0.0,9.68,34.1,79.2,2026-08-14 10:21:18
2025-10-31,North-West,District8,1,3,1,100.0,16.19,34.0,54.8,2026-08-14 10:21:18
2025-10-31,North-West,District9,0,0,0,0.0,8.52,25.0,73.0,2026-08-14 10:21:18
2025-10-31,North-West,District10,0,4,0,0.0,19.24,21.0,61.4,2026-08-14 10:21:18
2025-10-31,South,District1,0,1,0,0.0,10.36,29.7,86.9,2026-08-14 10:21:18
2025-10-31,South,District2,0,1,0,0.0,18.61,31.1,79.8,2026-08-14 10:21:18
2025-10-31,South,District3,2,0,0,0.0,18.46,33.0,67.2,2026-08-14 10:21:18
2025-10-31,South,District4,1,5,1,100.0,14.89,21.3,65.7,2026-08-14 10:21:18
2025-10-31,South,District5,0,3,0,0.0,8.26,30.7,75.7,2026-08-14 10:21:18
2025-10-31,South,District6,0,4,0,0.0,3.61,33.8,70.4,2026-08-14 10:21:18
2025-10-31,South,District7,0,3,0,0.0,4.24,23.3,68.5,2026-08-14 10:21:18
2025-10-31,South,District8,0,4,0,0.0,1.92,30.8,57.1,2026-08-14 10:21:18
2025-10-31,South,District9,0,0,0,0.0,18.03,21.1,77.2,2026-08-14 10:21:18
2025-10-31,South,District10,0,0,0,0.0,14.83,21.9,55.8,2026-08-14 10:21:18
2025-10-31,South-West,District1,0,4,0,0.0,0.12,22.0,70.1,2026-08-14 10:21:18
2025-10-31,South-West,District2,0,3,0,0.0,16.76,34.6,72.5,2026-08-14 10:21:18
2025-10-31,South-West,District3,0,3,0,0.0,7.75,32.0,72.0,2026-08-14 10:21:18
2025-10-31,South-West,District4,0,0,0,0.0,1.13,26.4,88.2,2026-08-14 10:21:18
2025-10-31,South-West,District5,0,3,0,0.0,3.14,22.9,83.3,2026-08-14 10:21:18
2025-10-31,South-West,District6,1,5,0,0.0,12.34,27.7,68.4,2026-08-14 10:21:18
2025-10-31,South-West,District7,0,0,0,0.0,4.26,22.9,55.7,2026-08-14 10:21:18
2025-10-31,South-West,District8,0,1,0,0.0,13.38,27.7,66.5,2026-08-14 10:21:18
2025-10-31,South-West,District9,0,3,0,0.0,9.16,20.4,86.9,2026-08-14 10:21:18
2025-10-31,South-West,District10,0,4,0,0.0,16.43,21.5,63.6,2026-08-14 10:21:18
2025-10-31,West,District1,0,4,0,0.0,14.91,26.3,59.0,2026-08-14 10:21:18
2025-10-31,West,District2,0,5,0,0.0,12.59,25.1,78.6,2026-08-14 10:21:18
2025-10-31,West,District3,0,1,0,0.0,19.02,29.5,79.7,2026-08-14 10:21:18
2025-10-31,West,District4,3,2,1,33.33,17.24,22.9,75.9,2026-08-14 10:21:18
2025-10-31,West,District5,1,5,1,100.0,12.4,30.5,75.6,2026-08-14 10:21:18
2025-10-31,West,District6,0,0,0,0.0,16.08,30.4,68.4,2026-08-14 10:21:18
2025-10-31,West,District7,0,4,0,0.0,17.07,31.5,86.9,2026-08-14 10:21:18
2025-10-31,West,District8,0,4,0,0.0,2.84,21.0,65.0,2026-08-14 10:21:18
2025-10-31,West,District9,0,0,0,0.0,17.83,24.0,52.8,2026-08-14 10:21:18
2025-10-31,West,District10,0,3,0,0.0,17.01,31.5,86.3,2026-08-14 10:21:18
2025-10-24,Adamawa,District1,0,3,0,0.0,4.48,22.6,74.4,2026-08-14 10:21:18
2025-10-24,Adamawa,District2,0,5,0,0.0,19.28,32.7,70.1,2026-08-14 10:21:18
2025-10-24,Adamawa,District3,0,1,0,0.0,6.07,28.9,89.7,2026-08-14 10:21:18
2025-10-24,Adamawa,District4,0,0,0,0.0,4.45,28.5,75.7,2026-08-14 10:21:18
2025-10-24,Adamawa,District5,0,3,0,0.0,18.67,20.1,74.1,2026-08-14 10:21:18
2025-10-24,Adamawa,District6,1,2,0,0.0,9.32,21.0,73.5,2026-08-14 10:21:18
2025-10-24,Adamawa,District7,1,0,1,100.0,14.48,24.9,86.2,2026-08-14 10:21:18
2025-10-24,Adamawa,District8,1,1,1,100.0,0.13,26.3,56.0,2026-08-14 10:21:18
2025-10-24,Adamawa,District9,0,5,0,0.0,0.66,29.6,63.7,2026-08-14 10:21:18
2025-10-24,Adamawa,District10,2,5,1,50.0,0.04,34.6,77.8,2026-08-14 10:21:18
2025-10-24,Centre,District1,1,0,1,100.0,12.02,31.5,67.3,2026-08-14 10:21:18
2025-10-24,Centre,District2,0,4,0,0.0,1.29,23.8,67.0,2026-08-14 10:21:18
2025-10-24,Centre,District3,0,4,0,0.0,19.81,32.0,70.4,2026-08-14 10:21:18
2025-10-24,Centre,District4,0,2,0,0.0,9.24,24.0,76.4,2026-08-14 10:21:18
2025-10-24,Centre,District5,0,3,0,0.0,12.46,32.9,64.4,2026-08-14 10:21:18
2025-10-24,Centre,District6,2,2,1,50.0,19.78,20.3,51.2,2026-08-14 10:21:18
2025-10-24,Centre,District7,3,2,0,0.0,12.82,28.0,82.7,2026-08-14 10:21:18
2025-10-24,Centre,District8,1,5,1,100.0,1.17,20.0,65.6,2026-08-14 10:21:18
2025-10-24,Centre,District9,0,1,0,0.0,3.66,30.5,75.0,2026-08-14 10:21:18
2025-10-24,Centre,District10,0,3,0,0.0,3.59,27.2,79.5,2026-08-14 10:21:18
2025-10-24,East,District1,0,5,0,0.0,2.21,20.3,65.2,2026-08-14 10:21:18
2025-10-24,East,District2,1,5,1,100.0,0.68,20.6,63.3,2026-08-14 10:21:18
2025-10-24,East,District3,2,5,1,50.0,5.21,32.7,55.1,2026-08-14 10:21:18
2025-10-24,East,District4,1,5,1,100.0,3.48,28.1,66.2,2026-08-14 10:21:18
2025-10-24,East,District5,0,0,0,0.0,11.84,21.3,62.1,2026-08-14 10:21:18
2025-10-24,East,District6,0,2,0,0.0,13.18,31.0,58.5,2026-08-14 10:21:18
2025-10-24,East,District7,0,2,0,0.0,12.41,23.0,61.6,2026-08-14 10:21:18
2025-10-24,East,District8,0,0,0,0.0,9.55,34.6,76.5,2026-08-14 10:21:18
2025-10-24,East,District9,1,0,0,0.0,19.75,24.5,79.2,2026-08-14 10:21:18
2025-10-24,East,District10,0,4,0,0.0,8.81,32.2,88.5,2026-08-14 10:21:18
2025-10-24,Far North,District1,0,1,0,0.0,7.27,29.4,70.5,2026-08-14 10:21:18
2025-10-24,Far North,District2,0,0,0,0.0,8.36,21.4,68.8,2026-08-14 10:21:18
2025-10-24,Far North,District3,2,1,0,0.0,0.29,29.9,60.1,2026-08-14 10:21:18
2025-10-24,Far North,District4,0,2,0,0.0,1.33,24.6,62.9,2026-08-14 10:21:18
2025-10-24,Far North,District5,0,5,0,0.0,0.91,23.5,77.8,2026-08-14 10:21:18
2025-10-24,Far North,District6,0,2,0,0.0,10.18,27.8,84.9,2026-08-14 10:21:18
2025-10-24,Far North,District7,1,1,1,100.0,12.0,22.7,64.6,2026-08-14 10:21:18
2025-10-24,Far North,District8,0,4,0,0.0,10.41,26.8,52.5,2026-08-14 10:21:18
2025-10-24,Far North,District9,0,5,0,0.0,16.05,33.1,56.3,2026-08-14 10:21:18
2025-10-24,Far North,District10,0,2,0,0.0,13.31,20.1,79.6,2026-08-14 10:21:18
2025-10-24,Littoral,District1,0,3,0,0.0,15.17,30.3,87.8,2026-08-14 10:21:18
2025-10-24,Littoral,District2,0,5,0,0.0,6.54,34.3,77.2,2026-08-14 10:21:18
2025-10-24,Littoral,District3,2,3,1,50.0,16.64,31.9,63.6,2026-08-14 10:21:18
2025-10-24,Littoral,District4,0,5,0,0.0,9.87,20.6,61.4,2026-08-14 10:21:18
2025-10-24,Littoral,District5,2,2,1,50.0,16.65,27.6,52.4,2026-08-14 10:21:18
2025-10-24,Littoral,District6,0,2,0,0.0,19.37,26.8,65.0,2026-08-14 10:21:18
2025-10-24,Littoral,District7,1,1,1,100.0,2.49,26.2,74.1,2026-08-14 10:21:18
2025-10-24,Littoral,District8,2,3,0,0.0,9.64,24.9,69.8,2026-08-14 10:21:18
2025-10-24,Littoral,District9,0,5,0,0.0,9.35,24.0,51.6,2026-08-14 10:21:18
2025-10-24,Littoral,District10,0,2,0,0.0,2.45,26.2,52.9,2026-08-14 10:21:18
2025-10-24,North,District1,0,4,0,0.0,15.02,30.3,65.6,2026-08-14 10:21:18
2025-10-24,North,District2,1,4,0,0.0,14.9,32.1,57.8,2026-08-14 10:21:18
2025-10-24,North,District3,0,5,0,0.0,3.56,20.5,85.8,2026-08-14 10:21:18
2025-10-24,North,District4,0,5,0,0.0,7.48,24.4,66.9,2026-08-14 10:21:18
2025-10-24,North,District5,1,3,1,100.0,5.01,24.7,65.1,2026-08-14 10:21:18
2025-10-24,North,District6,0,0,0,0.0,10.94,34.6,60.0,2026-08-14 10:21:18
2025-10-24,North,District7,1,3,0,0.0,15.29,27.3,88.4,2026-08-14 10:21:18
2025-10-24,North,District8,0,5,0,0.0,13.08,24.5,60.9,2026-08-14 10:21:18
2025-10-24,North,District9,0,2,0,0.0,4.28,29.8,88.6,2026-08-14 10:21:18
2025-10-24,North,District10,0,2,0,0.0,15.87,31.7,57.5,2026-08-14 10:21:18
2025-10-24,North-West,District1,0,5,0,0.0,10.32,26.7,89.2,2026-08-14 10:21:18
2025-10-24,North-West,District2,0,5,0,0.0,19.27,34.9,86.4,2026-08-14 10:21:18
2025-10-24,North-West,District3,0,5,0,0.0,5.07,28.6,89.4,2026-08-14 10:21:18
2025-10-24,North-West,District4,0,4,0,0.0,5.97,20.5,76.3,2026-08-14 10:21:18
2025-10-24,North-West,District5,3,0,0,0.0,18.29,34.9,71.1,2026-08-14 10:21:18
2025-10-24,North-West,District6,0,4,0,0.0,8.13,26.9,52.3,2026-08-14 10:21:18
2025-10-24,North-West,District7,0,3,0,0.0,14.81,25.6,83.7,2026-08-14 10:21:18
2025-10-24,North-West,District8,0,5,0,0.0,16.15,29.2,62.0,2026-08-14 10:21:18
2025-10-24,North-West,District9,0,2,0,0.0,19.07,33.8,87.1,2026-08-14 10:21:18
2025-10-24,North-West,District10,0,0,0,0.0,16.59,20.6,53.4,2026-08-14 10:21:18
2025-10-24,South,District1,0,2,0,0.0,14.0,25.1,85.2,2026-08-14 10:21:18
2025-10-24,South,District2,0,0,0,0.0,7.46,31.4,86.5,2026-08-14 10:21:18
2025-10-24,South,District3,3,2,1,33.33,13.39,20.8,69.5,2026-08-14 10:21:18
2025-10-24,South,District4,0,2,0,0.0,2.9,22.8,66.7,2026-08-14 10:21:18
2025-10-24,South,District5,0,1,0,0.0,13.71,24.6,65.8,2026-08-14 10:21:18
2025-10-24,South,District6,0,2,0,0.0,10.73,24.1,51.6,2026-08-14 10:21:18
2025-10-24,South,District7,1,2,0,0.0,11.77,30.5,53.9,2026-08-14 10:21:18
2025-10-24,South,District8,2,5,1,50.0,9.26,33.2,68.2,2026-08-14 10:21:18
2025-10-24,South,District9,2,3,0,0.0,1.68,26.6,87.2,2026-08-14 10:21:18
2025-10-24,South,District10,0,1,0,0.0,5.57,22.3,73.7,2026-08-14 10:21:18
2025-10-24,South-West,District1,0,4,0,0.0,15.63,33.6,85.1,2026-08-14 10:21:18
2025-10-24,South-West,District2,0,2,0,0.0,13.28,21.2,79.4,2026-08-14 10:21:18
2025-10-24,South-West,District3,0,2,0,0.0,0.22,20.6,68.2,2026-08-14 10:21:18
2025-10-24,South-West,District4,0,1,0,0.0,19.82,21.0,63.9,2026-08-14 10:21:18
2025-10-24,South-West,District5,0,0,0,0.0,14.61,20.2,72.7,2026-08-14 10:21:18
2025-10-24,South-West,District6,0,1,0,0.0,0.69,25.0,57.0,2026-08-14 10:21:18
2025-10-24,South-West,District7,0,5,0,0.0,13.73,20.3,50.8,2026-08-14 10:21:18
2025-10-24,South-West,District8,1,1,1,100.0,11.0,27.9,66.8,2026-08-14 10:21:18
2025-10-24,South-West,District9,0,5,0,0.0,7.51,32.7,70.3,2026-08-14 10:21:18
2025-10-24,South-West,District10,1,5,0,0.0,12.93,20.5,74.2,2026-08-14 10:21:18
2025-10-24,West,District1,0,1,0,0.0,13.39,34.6,79.2,2026-08-14 10:21:18
2025-10-24,West,District2,0,0,0,0.0,9.78,26.1,62.4,2026-08-14 10:21:18
2025-10-24,West,District3,0,3,0,0.0,18.07,24.2,54.0,2026-08-14 10:21:18
2025-10-24,West,District4,0,3,0,0.0,11.1,34.5,71.4,2026-08-14 10:21:18
2025-10-24,West,District5,0,0,0,0.0,15.19,24.1,69.9,2026-08-14 10:21:18
2025-10-24,West,District6,1,4,0,0.0,19.58,21.9,68.1,2026-08-14 10:21:18
2025-10-24,West,District7,0,3,0,0.0,17.93,20.6,69.9,2026-08-14 10:21:18
2025-10-24,West,District8,0,0,0,0.0,16.36,32.5,65.4,2026-08-14 10:21:18
2025-10-24,West,District9,0,0,0,0.0,3.01,30.8,87.7,2026-08-14 10:21:18
2025-10-24,West,District10,0,2,0,0.0,16.55,30.9,78.2,2026-08-14 10:21:18
2025-11-25,Adamawa,District1,3,3,0,0.0,0.31,24.1,61.7,2026-08-14 10:21:18
2025-11-25,Adamawa,District2,0,0,0,0.0,0.57,33.5,62.4,2026-08-14 10:21:18
2025-11-25,Adamawa,District3,1,3,1,100.0,14.71,31.6,67.8,2026-08-14 10:21:18
2025-11-25,Adamawa,District4,0,4,0,0.0,14.89,29.2,60.7,2026-08-14 10:21:18
2025-11-25,Adamawa,District5,0,2,0,0.0,16.99,25.9,88.0,2026-08-14 10:21:18
2025-11-25,Adamawa,District6,0,5,0,0.0,19.7,34.4,87.7,2026-08-14 10:21:18
2025-11-25,Adamawa,District7,2,2,0,0.0,11.56,25.0,84.0,2026-08-14 10:21:18
2025-11-25,Adamawa,District8,0,4,0,0.0,18.62,29.9,57.3,2026-08-14 10:21:18
2025-11-25,Adamawa,District9,2,1,1,50.0,8.92,31.9,77.0,2026-08-14 10:21:18
2025-11-25,Adamawa,District10,0,4,0,0.0,5.9,26.9,55.7,2026-08-14 10:21:18
2025-11-25,Centre,District1,1,5,0,0.0,0.5,27.3,85.5,2026-08-14 10:21:18
2025-11-25,Centre,District2,1,3,1,100.0,4.89,24.9,64.8,2026-08-14 10:21:18
2025-11-25,Centre,District3,0,2,0,0.0,12.32,25.4,60.0,2026-08-14 10:21:18
2025-11-25,Centre,District4,0,2,0,0.0,17.32,32.3,83.4,2026-08-14 10:21:18
2025-11-25,Centre,District5,0,4,0,0.0,17.27,33.0,81.0,2026-08-14 10:21:18
2025-11-25,Centre,District6,1,3,1,100.0,11.36,20.6,57.1,2026-08-14 10:21:18
2025-11-25,Centre,District7,3,0,1,33.33,7.74,21.6,83.3,2026-08-14 10:21:18
2025-11-25,Centre,District8,0,0,0,0.0,15.89,21.7,57.3,2026-08-14 10:21:18
2025-11-25,Centre,District9,0,2,0,0.0,14.6,20.3,83.0,2026-08-14 10:21:18
2025-11-25,Centre,District10,0,2,0,0.0,19.32,20.4,55.6,2026-08-14 10:21:18
2025-11-25,East,District1,2,0,0,0.0,12.89,21.4,83.6,2026-08-14 10:21:18
2025-11-25,East,District2,0,3,0,0.0,5.75,20.8,89.8,2026-08-14 10:21:18
2025-11-25,East,District3,0,4,0,0.0,3.9,30.3,70.7,2026-08-14 10:21:18
2025-11-25,East,District4,0,2,0,0.0,13.29,21.7,89.6,2026-08-14 10:21:18
2025-11-25,East,District5,0,3,0,0.0,11.16,23.7,75.6,2026-08-14 10:21:18
2025-11-25,East,District6,0,2,0,0.0,3.04,28.0,78.9,2026-08-14 10:21:18
2025-11-25,East,District7,1,5,1,100.0,8.82,24.9,73.3,2026-08-14 10:21:18
2025-11-25,East,District8,1,0,1,100.0,1.65,30.4,75.3,2026-08-14 10:21:18
2025-11-25,East,District9,2,0,1,50.0,11.91,23.5,62.1,2026-08-14 10:21:18
2025-11-25,East,District10,0,1,0,0.0,5.9,20.7,84.2,2026-08-14 10:21:18
2025-11-25,Far North,District1,0,0,0,0.0,5.23,27.0,70.3,2026-08-14 10:21:18
2025-11-25,Far North,District2,3,5,0,0.0,2.17,30.1,76.0,2026-08-14 10:21:18
2025-11-25,Far North,District3,0,1,0,0.0,7.42,29.1,74.3,2026-08-14 10:21:18
2025-11-25,Far North,District4,0,4,0,0.0,0.14,28.4,61.6,2026-08-14 10:21:18
2025-11-25,Far North,District5,0,3,0,0.0,8.28,20.9,68.3,2026-08-14 10:21:18
2025-11-25,Far North,District6,2,0,0,0.0,13.34,24.4,63.8,2026-08-14 10:21:18
2025-11-25,Far North,District7,3,1,1,33.33,10.8,24.7,57.4,2026-08-14 10:21:18
2025-11-25,Far North,District8,0,1,0,0.0,8.21,30.3,63.5,2026-08-14 10:21:18
2025-11-25,Far North,District9,0,5,0,0.0,17.86,29.0,59.1,2026-08-14 10:21:18
2025-11-25,Far North,District10,1,0,0,0.0,9.7,21.2,81.7,2026-08-14 10:21:18
2025-11-25,Littoral,District1,2,5,1,50.0,3.31,29.6,65.7,2026-08-14 10:21:18
2025-11-25,Littoral,District2,3,0,0,0.0,13.39,26.8,61.4,2026-08-14 10:21:18
2025-11-25,Littoral,District3,2,5,0,0.0,10.61,33.2,67.5,2026-08-14 10:21:18
2025-11-25,Littoral,District4,0,2,0,0.0,18.0,26.2,87.4,2026-08-14 10:21:18
2025-11-25,Littoral,District5,0,4,0,0.0,13.36,26.4,76.1,2026-08-14 10:21:18
2025-11-25,Littoral,District6,0,4,0,0.0,0.33,31.1,60.2,2026-08-14 10:21:18
2025-11-25,Littoral,District7,1,0,1,100.0,13.21,33.4,52.4,2026-08-14 10:21:18
2025-11-25,Littoral,District8,0,5,0,0.0,17.85,21.5,71.1,2026-08-14 10:21:18
2025-11-25,Littoral,District9,1,3,0,0.0,19.29,30.1,63.6,2026-08-14 10:21:18
2025-11-25,Littoral,District10,0,5,0,0.0,6.93,30.5,52.4,2026-08-14 10:21:18
2025-11-25,North,District1,0,0,0,0.0,10.19,27.6,52.2,2026-08-14 10:21:18
2025-11-25,North,District2,0,5,0,0.0,13.3,30.5,80.7,2026-08-14 10:21:18
2025-11-25,North,District3,0,4,0,0.0,12.06,26.9,52.0,2026-08-14 10:21:18
2025-11-25,North,District4,3,0,0,0.0,12.98,32.1,89.1,2026-08-14 10:21:18
2025-11-25,North,District5,0,1,0,0.0,18.74,25.5,65.2,2026-08-14 10:21:18
2025-11-25,North,District6,0,0,0,0.0,13.73,26.9,60.5,2026-08-14 10:21:18
2025-11-25,North,District7,0,4,0,0.0,6.72,20.5,81.2,2026-08-14 10:21:18
2025-11-25,North,District8,0,2,0,0.0,16.92,31.7,59.4,2026-08-14 10:21:18
2025-11-25,North,District9,0,5,0,0.0,5.07,21.8,50.9,2026-08-14 10:21:18
2025-11-25,North,District10,2,2,0,0.0,11.22,34.2,84.7,2026-08-14 10:21:18
2025-11-25,North-West,District1,1,2,1,100.0,13.09,27.6,60.3,2026-08-14 10:21:18
2025-11-25,North-West,District2,0,2,0,0.0,4.37,30.1,71.5,2026-08-14 10:21:18
2025-11-25,North-West,District3,0,1,0,0.0,2.19,24.5,63.4,2026-08-14 10:21:18
2025-11-25,North-West,District4,1,5,1,100.0,0.03,29.5,73.9,2026-08-14 10:21:18
2025-11-25,North-West,District5,0,5,0,0.0,9.49,26.2,66.7,2026-08-14 10:21:18
2025-11-25,North-West,District6,1,1,0,0.0,11.47,21.1,66.7,2026-08-14 10:21:18
2025-11-25,North-West,District7,0,4,0,0.0,19.82,23.3,82.3,2026-08-14 10:21:18
2025-11-25,North-West,District8,3,2,1,33.33,15.6,33.9,75.0,2026-08-14 10:21:18
2025-11-25,North-West,District9,0,4,0,0.0,15.54,22.2,76.9,2026-08-14 10:21:18
2025-11-25,North-West,District10,1,1,0,0.0,13.7,34.9,70.7,2026-08-14 10:21:18
2025-11-25,South,District1,1,4,1,100.0,5.43,31.9,81.2,2026-08-14 10:21:18
2025-11-25,South,District2,0,5,0,0.0,12.79,33.8,79.5,2026-08-14 10:21:18
2025-11-25,South,District3,0,0,0,0.0,5.4,34.2,76.4,2026-08-14 10:21:18
2025-11-25,South,District4,0,0,0,0.0,7.18,25.3,84.5,2026-08-14 10:21:18
2025-11-25,South,District5,0,3,0,0.0,10.07,26.4,63.3,2026-08-14 10:21:18
2025-11-25,South,District6,0,3,0,0.0,5.47,23.8,62.5,2026-08-14 10:21:18
2025-11-25,South,District7,0,1,0,0.0,7.9,32.9,55.9,2026-08-14 10:21:18
2025-11-25,South,District8,0,5,0,0.0,6.21,20.4,59.7,2026-08-14 10:21:18
2025-11-25,South,District9,1,5,1,100.0,9.39,26.5,77.7,2026-08-14 10:21:18
2025-11-25,South,District10,0,3,0,0.0,12.6,27.8,66.8,2026-08-14 10:21:18
2025-11-25,South-West,District1,0,3,0,0.0,15.52,27.9,65.0,2026-08-14 10:21:18
2025-11-25,South-West,District2,3,1,1,33.33,16.55,20.2,64.3,2026-08-14 10:21:18
2025-11-25,South-West,District3,2,3,0,0.0,8.12,29.2,83.5,2026-08-14 10:21:18
2025-11-25,South-West,District4,0,0,0,0.0,2.45,29.2,85.9,2026-08-14 10:21:18
2025-11-25,South-West,District5,0,2,0,0.0,8.62,23.2,69.6,2026-08-14 10:21:18
2025-11-25,South-West,District6,0,4,0,0.0,3.83,24.6,79.4,2026-08-14 10:21:18
2025-11-25,South-West,District7,2,2,0,0.0,5.22,24.4,61.2,2026-08-14 10:21:18
2025-11-25,South-West,District8,2,0,0,0.0,0.97,26.5,61.8,2026-08-14 10:21:18
2025-11-25,South-West,District9,0,2,0,0.0,11.15,34.7,80.0,2026-08-14 10:21:18
2025-11-25,South-West,District10,0,0,0,0.0,0.27,21.6,75.6,2026-08-14 10:21:18
2025-11-25,West,District1,0,1,0,0.0,2.93,31.5,60.5,2026-08-14 10:21:18
2025-11-25,West,District2,0,3,0,0.0,19.23,21.8,73.2,2026-08-14 10:21:18
2025-11-25,West,District3,1,1,1,100.0,17.45,33.4,55.2,2026-08-14 10:21:18
2025-11-25,West,District4,1,0,0,0.0,13.33,23.4,72.1,2026-08-14 10:21:18
2025-11-25,West,District5,2,2,1,50.0,4.1,28.3,60.7,2026-08-14 10:21:18
2025-11-25,West,District6,2,3,0,0.0,12.35,34.3,84.8,2026-08-14 10:21:18
2025-11-25,West,District7,0,4,0,0.0,14.94,26.4,87.3,2026-08-14 10:21:18
2025-11-25,West,District8,0,5,0,0.0,7.7,21.3,68.7,2026-08-14 10:21:18
2025-11-25,West,District9,0,5,0,0.0,19.97,26.1,81.8,2026-08-14 10:21:18
2025-11-25,West,District10,0,0,0,0.0,10.33,32.7,51.6,2026-08-14 10:21:18
2025-11-19,Adamawa,District1,0,0,0,0.0,1.5,24.1,90.0,2026-08-14 10:21:18
2025-11-19,Adamawa,District2,0,1,0,0.0,8.0,22.7,72.3,2026-08-14 10:21:18
2025-11-19,Adamawa,District3,3,5,0,0.0,2.87,31.8,75.4,2026-08-14 10:21:18
2025-11-19,Adamawa,District4,0,5,0,0.0,9.5,20.9,73.8,2026-08-14 10:21:18
2025-11-19,Adamawa,District5,2,1,0,0.0,3.63,25.3,85.1,2026-08-14 10:21:18
2025-11-19,Adamawa,District6,0,4,0,0.0,17.5,33.8,68.6,2026-08-14 10:21:18
2025-11-19,Adamawa,District7,0,0,0,0.0,6.93,29.9,80.6,2026-08-14 10:21:18
2025-11-19,Adamawa,District8,0,5,0,0.0,15.71,28.6,71.5,2026-08-14 10:21:18
2025-11-19,Adamawa,District9,0,1,0,0.0,16.19,20.4,56.3,2026-08-14 10:21:18
2025-11-19,Adamawa,District10,1,3,1,100.0,5.36,27.5,52.2,2026-08-14 10:21:18
2025-11-19,Centre,District1,0,1,0,0.0,3.03,22.9,62.0,2026-08-14 10:21:18
2025-11-19,Centre,District2,2,4,1,50.0,10.72,31.1,75.2,2026-08-14 10:21:18
2025-11-19,Centre,District3,0,5,0,0.0,0.45,33.6,50.6,2026-08-14 10:21:18
2025-11-19,Centre,District4,2,1,1,50.0,9.57,22.6,54.7,2026-08-14 10:21:18
2025-11-19,Centre,District5,2,2,1,50.0,5.35,30.6,56.8,2026-08-14 10:21:18
2025-11-19,Centre,District6,0,1,0,0.0,11.36,20.3,85.0,2026-08-14 10:21:18
2025-11-19,Centre,District7,1,1,1,100.0,12.61,20.6,83.6,2026-08-14 10:21:18
2025-11-19,Centre,District8,0,1,0,0.0,2.15,27.0,87.1,2026-08-14 10:21:18
2025-11-19,Centre,District9,0,5,0,0.0,15.35,32.4,53.1,2026-08-14 10:21:18
2025-11-19,Centre,District10,0,3,0,0.0,0.2,30.6,54.7,2026-08-14 10:21:18
2025-11-19,East,District1,0,0,0,0.0,4.58,25.9,67.7,2026-08-14 10:21:18
2025-11-19,East,District2,0,4,0,0.0,14.91,26.4,71.0,2026-08-14 10:21:18
2025-11-19,East,District3,0,0,0,0.0,1.75,22.6,55.8,2026-08-14 10:21:18
2025-11-19,East,District4,0,5,0,0.0,11.82,23.5,57.2,2026-08-14 10:21:18
2025-11-19,East,District5,2,0,1,50.0,13.82,33.5,77.7,2026-08-14 10:21:18
2025-11-19,East,District6,0,5,0,0.0,5.72,24.8,71.1,2026-08-14 10:21:18
2025-11-19,East,District7,0,0,0,0.0,4.62,32.1,87.5,2026-08-14 10:21:18
2025-11-19,East,District8,0,3,0,0.0,1.99,24.9,63.5,2026-08-14 10:21:18
2025-11-19,East,District9,0,4,0,0.0,19.68,33.6,61.1,2026-08-14 10:21:18
2025-11-19,East,District10,0,3,0,0.0,12.37,23.8,52.9,2026-08-14 10:21:18
2025-11-19,Far North,District1,0,4,0,0.0,14.73,26.4,76.6,2026-08-14 10:21:18
2025-11-19,Far North,District2,0,1,0,0.0,18.61,22.5,61.1,2026-08-14 10:21:18
2025-11-19,Far North,District3,2,5,0,0.0,18.26,29.5,73.5,2026-08-14 10:21:18
2025-11-19,Far North,District4,0,3,0,0.0,3.03,22.7,89.6,2026-08-14 10:21:18
2025-11-19,Far North,District5,2,1,0,0.0,15.47,34.7,82.3,2026-08-14 10:21:18
2025-11-19,Far North,District6,0,2,0,0.0,5.06,27.6,77.0,2026-08-14 10:21:18
2025-11-19,Far North,District7,0,1,0,0.0,14.04,26.1,54.9,2026-08-14 10:21:18
2025-11-19,Far North,District8,0,2,0,0.0,4.16,28.6,53.2,2026-08-14 10:21:18
2025-11-19,Far North,District9,0,2,0,0.0,0.78,27.2,88.1,2026-08-14 10:21:18
2025-11-19,Far North,District10,0,3,0,0.0,7.26,20.3,77.0,2026-08-14 10:21:18
2025-11-19,Littoral,District1,1,1,0,0.0,15.34,34.8,55.2,2026-08-14 10:21:18
2025-11-19,Littoral,District2,2,3,1,50.0,11.35,30.5,53.4,2026-08-14 10:21:18
2025-11-19,Littoral,District3,0,1,0,0.0,8.65,28.6,78.6,2026-08-14 10:21:18
2025-11-19,Littoral,District4,1,4,0,0.0,17.26,22.9,62.3,2026-08-14 10:21:18
2025-11-19,Littoral,District5,0,3,0,0.0,14.86,31.6,51.2,2026-08-14 10:21:18
2025-11-19,Littoral,District6,0,3,0,0.0,0.61,21.0,61.9,2026-08-14 10:21:18
2025-11-19,Littoral,District7,0,0,0,0.0,1.44,33.9,59.2,2026-08-14 10:21:18
2025-11-19,Littoral,District8,1,5,1,100.0,14.98,22.8,88.5,2026-08-14 10:21:18
2025-11-19,Littoral,District9,0,4,0,0.0,1.1,34.3,74.3,2026-08-14 10:21:18
2025-11-19,Littoral,District10,0,0,0,0.0,14.76,33.2,51.0,2026-08-14 10:21:18
2025-11-19,North,District1,0,3,0,0.0,9.88,30.9,53.3,2026-08-14 10:21:18
2025-11-19,North,District2,0,1,0,0.0,7.19,29.7,67.0,2026-08-14 10:21:18
2025-11-19,North,District3,0,5,0,0.0,7.34,26.4,61.9,2026-08-14 10:21:18
2025-11-19,North,District4,1,0,0,0.0,18.21,34.4,85.5,2026-08-14 10:21:18
2025-11-19,North,District5,1,1,1,100.0,16.96,21.3,74.4,2026-08-14 10:21:18
2025-11-19,North,District6,0,3,0,0.0,11.19,24.1,55.3,2026-08-14 10:21:18
2025-11-19,North,District7,0,0,0,0.0,14.04,29.3,54.4,2026-08-14 10:21:18
2025-11-19,North,District8,0,5,0,0.0,14.3,31.7,71.2,2026-08-14 10:21:18
2025-11-19,North,District9,0,2,0,0.0,12.98,33.6,79.5,2026-08-14 10:21:18
2025-11-19,North,District10,1,1,0,0.0,6.56,20.8,61.4,2026-08-14 10:21:18
2025-11-19,North-West,District1,0,1,0,0.0,14.98,21.3,53.9,2026-08-14 10:21:18
2025-11-19,North-West,District2,0,1,0,0.0,4.28,21.9,75.9,2026-08-14 10:21:18
2025-11-19,North-West,District3,0,3,0,0.0,2.26,23.5,84.7,2026-08-14 10:21:18
2025-11-19,North-West,District4,1,1,0,0.0,3.05,29.1,80.1,2026-08-14 10:21:18
2025-11-19,North-West,District5,0,4,0,0.0,5.56,29.8,65.1,2026-08-14 10:21:18
2025-11-19,North-West,District6,0,3,0,0.0,8.89,28.0,55.4,2026-08-14 10:21:18
2025-11-19,North-West,District7,2,0,1,50.0,10.16,32.3,78.3,2026-08-14 10:21:18
2025-11-19,North-West,District8,0,2,0,0.0,19.82,22.0,88.8,2026-08-14 10:21:18
2025-11-19,North-West,District9,0,1,0,0.0,8.29,31.7,73.2,2026-08-14 10:21:18
2025-11-19,North-West,District10,0,1,0,0.0,5.69,30.3,55.8,2026-08-14 10:21:18
2025-11-19,South,District1,2,4,0,0.0,5.63,21.2,74.8,2026-08-14 10:21:18
2025-11-19,South,District2,0,0,0,0.0,11.58,22.2,69.0,2026-08-14 10:21:18
2025-11-19,South,District3,2,5,1,50.0,8.68,33.3,64.3,2026-08-14 10:21:18
2025-11-19,South,District4,0,3,0,0.0,16.73,20.7,87.5,2026-08-14 10:21:18
2025-11-19,South,District5,0,5,0,0.0,5.75,27.7,75.3,2026-08-14 10:21:18
2025-11-19,South,District6,0,1,0,0.0,4.26,23.9,67.8,2026-08-14 10:21:18
2025-11-19,South,District7,0,2,0,0.0,19.25,25.2,81.9,2026-08-14 10:21:18
2025-11-19,South,District8,0,3,0,0.0,3.63,31.5,51.5,2026-08-14 10:21:18
2025-11-19,South,District9,0,1,0,0.0,12.32,24.3,83.1,2026-08-14 10:21:18
2025-11-19,South,District10,2,1,1,50.0,16.11,25.0,64.5,2026-08-14 10:21:18
2025-11-19,South-West,District1,2,3,0,0.0,13.02,32.8,53.4,2026-08-14 10:21:18
2025-11-19,South-West,District2,0,4,0,0.0,19.36,30.4,75.3,2026-08-14 10:21:18
2025-11-19,South-West,District3,1,3,0,0.0,18.19,26.9,73.0,2026-08-14 10:21:18
2025-11-19,South-West,District4,0,2,0,0.0,10.88,32.7,52.0,2026-08-14 10:21:18
2025-11-19,South-West,District5,0,5,0,0.0,2.83,31.9,51.0,2026-08-14 10:21:18
2025-11-19,South-West,District6,0,0,0,0.0,0.18,23.2,86.5,2026-08-14 10:21:18
2025-11-19,South-West,District7,2,5,1,50.0,11.02,22.1,81.6,2026-08-14 10:21:18
2025-11-19,South-West,District8,0,0,0,0.0,13.47,32.2,86.9,2026-08-14 10:21:18
2025-11-19,South-West,District9,0,2,0,0.0,6.51,23.1,51.8,2026-08-14 10:21:18
2025-11-19,South-West,District10,0,1,0,0.0,14.7,24.9,58.5,2026-08-14 10:21:18
2025-11-19,West,District1,0,2,0,0.0,17.96,32.3,66.4,2026-08-14 10:21:18
2025-11-19,West,District2,0,0,0,0.0,6.78,25.7,76.2,2026-08-14 10:21:18
2025-11-19,West,District3,0,0,0,0.0,13.21,23.9,60.8,2026-08-14 10:21:18
2025-11-19,West,District4,2,4,1,50.0,15.39,27.7,88.5,2026-08-14 10:21:18
2025-11-19,West,District5,0,3,0,0.0,16.94,28.2,72.3,2026-08-14 10:21:18
2025-11-19,West,District6,0,3,0,0.0,14.44,33.7,75.2,2026-08-14 10:21:18
2025-11-19,West,District7,0,3,0,0.0,4.32,23.5,51.2,2026-08-14 10:21:18
2025-11-19,West,District8,0,0,0,0.0,0.21,26.8,61.9,2026-08-14 10:21:18
2025-11-19,West,District9,0,3,0,0.0,1.42,23.0,52.8,2026-08-14 10:21:18
2025-11-19,West,District10,3,0,1,33.33,5.43,33.8,51.8,2026-08-14 10:21:18
2025-11-21,Adamawa,District1,0,2,0,0.0,11.63,29.4,59.5,2026-08-14 10:21:18
2025-11-21,Adamawa,District2,0,3,0,0.0,0.37,22.9,76.8,2026-08-14 10:21:18
2025-11-21,Adamawa,District3,3,1,1,33.33,12.54,28.9,71.6,2026-08-14 10:21:18
2025-11-21,Adamawa,District4,0,1,0,0.0,8.68,30.0,65.8,2026-08-14 10:21:18
2025-11-21,Adamawa,District5,1,2,1,100.0,5.91,24.5,62.1,2026-08-14 10:21:18
2025-11-21,Adamawa,District6,0,4,0,0.0,10.87,23.1,82.2,2026-08-14 10:21:18
2025-11-21,Adamawa,District7,2,1,0,0.0,14.82,20.7,70.5,2026-08-14 10:21:18
2025-11-21,Adamawa,District8,0,2,0,0.0,6.11,28.0,70.7,2026-08-14 10:21:18
2025-11-21,Adamawa,District9,1,1,1,100.0,6.7,27.6,83.5,2026-08-14 10:21:18
2025-11-21,Adamawa,District10,1,0,0,0.0,3.04,30.0,78.3,2026-08-14 10:21:18
2025-11-21,Centre,District1,0,4,0,0.0,9.34,32.5,69.0,2026-08-14 10:21:18
2025-11-21,Centre,District2,0,2,0,0.0,10.24,26.3,70.2,2026-08-14 10:21:18
2025-11-21,Centre,District3,0,0,0,0.0,9.75,33.7,52.2,2026-08-14 10:21:18
2025-11-21,Centre,District4,0,1,0,0.0,11.36,31.8,73.7,2026-08-14 10:21:18
2025-11-21,Centre,District5,0,1,0,0.0,7.24,32.2,78.8,2026-08-14 10:21:18
2025-11-21,Centre,District6,2,5,1,50.0,18.23,27.6,88.4,2026-08-14 10:21:18
2025-11-21,Centre,District7,0,4,0,0.0,13.92,24.8,65.8,2026-08-14 10:21:18
2025-11-21,Centre,District8,0,2,0,0.0,12.64,34.1,61.1,2026-08-14 10:21:18
2025-11-21,Centre,District9,0,1,0,0.0,9.73,23.0,89.9,2026-08-14 10:21:18
2025-11-21,Centre,District10,0,3,0,0.0,11.25,23.5,57.5,2026-08-14 10:21:18
2025-11-21,East,District1,0,4,0,0.0,5.62,21.5,86.2,2026-08-14 10:21:18
2025-11-21,East,District2,0,5,0,0.0,17.53,26.6,84.2,2026-08-14 10:21:18
2025-11-21,East,District3,0,3,0,0.0,7.63,21.8,68.5,2026-08-14 10:21:18
2025-11-21,East,District4,0,0,0,0.0,6.28,30.4,85.2,2026-08-14 10:21:18
2025-11-21,East,District5,3,5,0,0.0,16.35,25.6,75.4,2026-08-14 10:21:18
2025-11-21,East,District6,0,5,0,0.0,11.87,24.6,70.5,2026-08-14 10:21:18
2025-11-21,East,District7,1,3,1,100.0,8.29,20.5,85.6,2026-08-14 10:21:18
2025-11-21,East,District8,0,4,0,0.0,10.04,30.7,87.8,2026-08-14 10:21:18
2025-11-21,East,District9,0,1,0,0.0,15.41,33.3,79.1,2026-08-14 10:21:18
2025-11-21,East,District10,0,2,0,0.0,5.99,22.8,52.1,2026-08-14 10:21:18
2025-11-21,Far North,District1,1,3,1,100.0,4.97,31.2,55.0,2026-08-14 10:21:18
2025-11-21,Far North,District2,1,3,1,100.0,0.62,31.5,52.2,2026-08-14 10:21:18
2025-11-21,Far North,District3,2,2,0,0.0,17.62,29.1,55.7,2026-08-14 10:21:18
2025-11-21,Far North,District4,0,1,0,0.0,17.02,25.3,70.7,2026-08-14 10:21:18
2025-11-21,Far North,District5,3,3,0,0.0,13.37,31.8,60.8,2026-08-14 10:21:18
2025-11-21,Far North,District6,2,0,1,50.0,18.5,28.5,68.1,2026-08-14 10:21:18
2025-11-21,Far North,District7,0,2,0,0.0,1.69,26.5,81.5,2026-08-14 10:21:18
2025-11-21,Far North,District8,0,0,0,0.0,17.21,23.1,62.2,2026-08-14 10:21:18
2025-11-21,Far North,District9,3,3,0,0.0,7.86,22.4,70.3,2026-08-14 10:21:18
2025-11-21,Far North,District10,0,4,0,0.0,5.56,30.8,63.5,2026-08-14 10:21:18
2025-11-21,Littoral,District1,0,4,0,0.0,9.02,22.6,54.7,2026-08-14 10:21:18
2025-11-21,Littoral,District2,0,3,0,0.0,15.45,34.6,78.5,2026-08-14 10:21:18
2025-11-21,Littoral,District3,0,2,0,0.0,7.96,29.6,72.2,2026-08-14 10:21:18
2025-11-21,Littoral,District4,0,0,0,0.0,5.81,22.3,76.2,2026-08-14 10:21:18
2025-11-21,Littoral,District5,1,1,1,100.0,16.11,20.3,89.8,2026-08-14 10:21:18
2025-11-21,Littoral,District6,0,4,0,0.0,8.6,25.0,56.0,2026-08-14 10:21:18
2025-11-21,Littoral,District7,0,3,0,0.0,19.28,32.9,59.4,2026-08-14 10:21:18
2025-11-21,Littoral,District8,0,5,0,0.0,16.86,30.7,50.0,2026-08-14 10:21:18
2025-11-21,Littoral,District9,1,0,0,0.0,13.94,31.6,56.5,2026-08-14 10:21:18
2025-11-21,Littoral,District10,1,2,0,0.0,3.2,32.4,71.8,2026-08-14 10:21:18
2025-11-21,North,District1,0,3,0,0.0,4.66,27.4,62.3,2026-08-14 10:21:18
2025-11-21,North,District2,0,4,0,0.0,2.14,28.6,51.7,2026-08-14 10:21:18
2025-11-21,North,District3,0,2,0,0.0,13.85,21.6,60.9,2026-08-14 10:21:18
2025-11-21,North,District4,0,0,0,0.0,14.37,25.3,56.1,2026-08-14 10:21:18
2025-11-21,North,District5,0,3,0,0.0,15.9,30.6,87.0,2026-08-14 10:21:18
2025-11-21,North,District6,1,2,0,0.0,10.47,32.4,74.1,2026-08-14 10:21:18
2025-11-21,North,District7,1,1,0,0.0,19.13,24.6,70.6,2026-08-14 10:21:18
2025-11-21,North,District8,1,1,1,100.0,2.34,25.6,85.5,2026-08-14 10:21:18
2025-11-21,North,District9,0,3,0,0.0,16.28,35.0,69.7,2026-08-14 10:21:18
2025-11-21,North,District10,0,0,0,0.0,0.3,28.0,66.1,2026-08-14 10:21:18
2025-11-21,North-West,District1,0,3,0,0.0,7.32,29.1,68.6,2026-08-14 10:21:18
2025-11-21,North-West,District2,0,3,0,0.0,7.0,24.8,69.4,2026-08-14 10:21:18
2025-11-21,North-West,District3,0,1,0,0.0,16.24,28.8,72.9,2026-08-14 10:21:18
2025-11-21,North-West,District4,0,4,0,0.0,8.07,21.6,60.6,2026-08-14 10:21:18
2025-11-21,North-West,District5,1,1,0,0.0,3.29,23.0,56.1,2026-08-14 10:21:18
2025-11-21,North-West,District6,0,4,0,0.0,6.62,23.1,61.9,2026-08-14 10:21:18
2025-11-21,North-West,District7,0,1,0,0.0,16.27,25.1,74.8,2026-08-14 10:21:18
2025-11-21,North-West,District8,2,3,0,0.0,0.24,20.3,83.2,2026-08-14 10:21:18
2025-11-21,North-West,District9,0,2,0,0.0,19.48,23.6,60.4,2026-08-14 10:21:18
2025-11-21,North-West,District10,0,1,0,0.0,18.72,20.7,51.8,2026-08-14 10:21:18
2025-11-21,South,District1,0,1,0,0.0,15.37,24.2,68.6,2026-08-14 10:21:18
2025-11-21,South,District2,0,2,0,0.0,14.7,20.3,53.5,2026-08-14 10:21:18
2025-11-21,South,District3,0,4,0,0.0,17.24,32.5,53.0,2026-08-14 10:21:18
2025-11-21,South,District4,0,0,0,0.0,4.2,28.2,61.3,2026-08-14 10:21:18
2025-11-21,South,District5,1,0,0,0.0,10.58,20.9,69.4,2026-08-14 10:21:18
2025-11-21,South,District6,0,3,0,0.0,11.75,31.7,84.7,2026-08-14 10:21:18
2025-11-21,South,District7,0,2,0,0.0,16.56,22.6,85.3,2026-08-14 10:21:18
2025-11-21,South,District8,0,3,0,0.0,4.48,20.0,70.3,2026-08-14 10:21:18
2025-11-21,South,District9,2,0,0,0.0,1.15,28.2,50.2,2026-08-14 10:21:18
2025-11-21,South,District10,0,5,0,0.0,17.62,22.1,84.0,2026-08-14 10:21:18
2025-11-21,South-West,District1,0,5,0,0.0,12.2,23.7,54.3,2026-08-14 10:21:18
2025-11-21,South-West,District2,0,1,0,0.0,15.46,31.0,87.3,2026-08-14 10:21:18
2025-11-21,South-West,District3,0,4,0,0.0,6.5,24.0,74.8,2026-08-14 10:21:18
2025-11-21,South-West,District4,0,4,0,0.0,7.4,24.8,79.7,2026-08-14 10:21:18
2025-11-21,South-West,District5,0,4,0,0.0,8.15,25.2,52.0,2026-08-14 10:21:18
2025-11-21,South-West,District6,0,0,0,0.0,12.97,32.8,75.8,2026-08-14 10:21:18
2025-11-21,South-West,District7,0,3,0,0.0,1.57,29.4,73.2,2026-08-14 10:21:18
2025-11-21,South-West,District8,2,3,1,50.0,10.33,29.4,68.4,2026-08-14 10:21:18
2025-11-21,South-West,District9,0,5,0,0.0,16.27,25.3,71.5,2026-08-14 10:21:18
2025-11-21,South-West,District10,1,5,0,0.0,12.92,20.7,81.3,2026-08-14 10:21:18
2025-11-21,West,District1,0,1,0,0.0,5.55,34.2,80.8,2026-08-14 10:21:18
2025-11-21,West,District2,0,3,0,0.0,19.02,31.1,84.9,2026-08-14 10:21:18
2025-11-21,West,District3,0,4,0,0.0,16.94,20.6,72.5,2026-08-14 10:21:18
2025-11-21,West,District4,0,1,0,0.0,4.37,30.8,79.7,2026-08-14 10:21:18
2025-11-21,West,District5,0,5,0,0.0,0.95,32.4,52.5,2026-08-14 10:21:18
2025-11-21,West,District6,1,0,1,100.0,8.26,35.0,63.0,2026-08-14 10:21:18
2025-11-21,West,District7,0,3,0,0.0,4.13,28.4,86.7,2026-08-14 10:21:18
2025-11-21,West,District8,1,3,0,0.0,9.84,28.1,77.5,2026-08-14 10:21:18
2025-11-21,West,District9,0,2,0,0.0,3.68,21.4,78.4,2026-08-14 10:21:18
2025-11-21,West,District10,0,5,0,0.0,18.98,23.5,75.8,2026-08-14 10:21:18
2025-11-05,Adamawa,District1,0,4,0,0.0,10.9,23.6,86.7,2026-08-14 10:21:18
2025-11-05,Adamawa,District2,1,1,0,0.0,1.39,30.1,82.4,2026-08-14 10:21:18
2025-11-05,Adamawa,District3,0,5,0,0.0,1.44,32.3,66.7,2026-08-14 10:21:18
2025-11-05,Adamawa,District4,1,0,1,100.0,6.87,23.5,89.1,2026-08-14 10:21:18
2025-11-05,Adamawa,District5,1,2,1,100.0,12.04,21.9,65.3,2026-08-14 10:21:18
2025-11-05,Adamawa,District6,0,5,0,0.0,15.51,29.6,53.9,2026-08-14 10:21:18
2025-11-05,Adamawa,District7,0,5,0,0.0,3.1,32.0,86.1,2026-08-14 10:21:18
2025-11-05,Adamawa,District8,0,0,0,0.0,18.83,34.0,81.5,2026-08-14 10:21:18
2025-11-05,Adamawa,District9,0,5,0,0.0,18.1,33.8,59.2,2026-08-14 10:21:18
2025-11-05,Adamawa,District10,2,5,0,0.0,15.35,29.6,84.8,2026-08-14 10:21:18
2025-11-05,Centre,District1,0,4,0,0.0,14.55,21.2,83.6,2026-08-14 10:21:18
2025-11-05,Centre,District2,0,2,0,0.0,6.09,30.0,53.0,2026-08-14 10:21:18
2025-11-05,Centre,District3,2,3,0,0.0,12.55,27.5,52.7,2026-08-14 10:21:18
2025-11-05,Centre,District4,0,5,0,0.0,1.62,28.8,61.4,2026-08-14 10:21:18
2025-11-05,Centre,District5,0,2,0,0.0,14.93,21.3,56.7,2026-08-14 10:21:18
2025-11-05,Centre,District6,1,1,0,0.0,9.53,26.0,64.9,2026-08-14 10:21:18
2025-11-05,Centre,District7,1,3,0,0.0,0.08,27.1,57.2,2026-08-14 10:21:18
2025-11-05,Centre,District8,1,0,1,100.0,10.46,24.5,59.1,2026-08-14 10:21:18
2025-11-05,Centre,District9,0,5,0,0.0,5.82,29.7,69.3,2026-08-14 10:21:18
2025-11-05,Centre,District10,3,4,1,33.33,1.47,20.2,86.6,2026-08-14 10:21:18
2025-11-05,East,District1,1,4,0,0.0,6.51,34.4,66.1,2026-08-14 10:21:18
2025-11-05,East,District2,0,4,0,0.0,11.91,22.4,76.1,2026-08-14 10:21:18
2025-11-05,East,District3,0,0,0,0.0,9.25,21.5,64.3,2026-08-14 10:21:18
2025-11-05,East,District4,0,1,0,0.0,0.61,33.5,78.6,2026-08-14 10:21:18
2025-11-05,East,District5,0,2,0,0.0,10.06,32.6,56.1,2026-08-14 10:21:18
2025-11-05,East,District6,0,0,0,0.0,3.82,32.9,76.2,2026-08-14 10:21:18
2025-11-05,East,District7,0,0,0,0.0,6.53,26.3,79.0,2026-08-14 10:21:18
2025-11-05,East,District8,0,0,0,0.0,1.06,25.1,69.1,2026-08-14 10:21:18
2025-11-05,East,District9,1,2,0,0.0,13.99,26.2,73.0,2026-08-14 10:21:18
2025-11-05,East,District10,3,1,0,0.0,15.98,20.7,63.9,2026-08-14 10:21:18
2025-11-05,Far North,District1,0,5,0,0.0,7.77,24.9,77.2,2026-08-14 10:21:18
2025-11-05,Far North,District2,0,4,0,0.0,18.12,26.5,82.3,2026-08-14 10:21:18
2025-11-05,Far North,District3,1,1,0,0.0,11.6,21.5,69.9,2026-08-14 10:21:18
2025-11-05,Far North,District4,0,2,0,0.0,18.51,33.3,55.4,2026-08-14 10:21:18
2025-11-05,Far North,District5,0,2,0,0.0,2.24,31.1,72.0,2026-08-14 10:21:18
2025-11-05,Far North,District6,0,0,0,0.0,4.77,26.2,58.5,2026-08-14 10:21:18
2025-11-05,Far North,District7,0,2,0,0.0,4.77,27.5,53.5,2026-08-14 10:21:18
2025-11-05,Far North,District8,0,0,0,0.0,15.89,34.2,60.8,2026-08-14 10:21:18
2025-11-05,Far North,District9,1,4,1,100.0,14.76,21.5,74.0,2026-08-14 10:21:18
2025-11-05,Far North,District10,1,0,1,100.0,9.06,20.5,72.6,2026-08-14 10:21:18
2025-11-05,Littoral,District1,1,2,0,0.0,0.11,33.5,54.9,2026-08-14 10:21:18
2025-11-05,Littoral,District2,0,1,0,0.0,17.13,25.0,52.1,2026-08-14 10:21:18
2025-11-05,Littoral,District3,2,4,1,50.0,13.37,23.4,88.6,2026-08-14 10:21:18
2025-11-05,Littoral,District4,0,1,0,0.0,14.29,20.3,70.4,2026-08-14 10:21:18
2025-11-05,Littoral,District5,0,3,0,0.0,1.37,25.7,56.8,2026-08-14 10:21:18
2025-11-05,Littoral,District6,0,5,0,0.0,17.26,26.6,84.9,2026-08-14 10:21:18
2025-11-05,Littoral,District7,0,1,0,0.0,16.78,24.7,53.9,2026-08-14 10:21:18
2025-11-05,Littoral,District8,1,4,1,100.0,17.55,22.6,76.6,2026-08-14 10:21:18
2025-11-05,Littoral,District9,3,5,0,0.0,7.42,32.4,72.4,2026-08-14 10:21:18
2025-11-05,Littoral,District10,0,2,0,0.0,8.7,26.9,84.3,2026-08-14 10:21:18
2025-11-05,North,District1,0,0,0,0.0,18.11,25.9,89.8,2026-08-14 10:21:18
2025-11-05,North,District2,0,2,0,0.0,17.16,30.6,87.5,2026-08-14 10:21:18
2025-11-05,North,District3,0,3,0,0.0,3.91,31.7,59.9,2026-08-14 10:21:18
2025-11-05,North,District4,2,1,1,50.0,19.69,33.1,71.4,2026-08-14 10:21:18
2025-11-05,North,District5,0,1,0,0.0,18.13,26.1,87.2,2026-08-14 10:21:18
2025-11-05,North,District6,0,4,0,0.0,19.61,24.1,50.0,2026-08-14 10:21:18
2025-11-05,North,District7,0,1,0,0.0,18.18,20.6,85.0,2026-08-14 10:21:18
2025-11-05,North,District8,2,3,1,50.0,6.18,33.7,63.8,2026-08-14 10:21:18
2025-11-05,North,District9,0,3,0,0.0,8.31,25.0,52.6,2026-08-14 10:21:18
2025-11-05,North,District10,0,0,0,0.0,18.08,22.0,85.6,2026-08-14 10:21:18
2025-11-05,North-West,District1,1,3,0,0.0,8.33,33.9,87.3,2026-08-14 10:21:18
2025-11-05,North-West,District2,0,1,0,0.0,7.27,21.7,86.0,2026-08-14 10:21:18
2025-11-05,North-West,District3,0,0,0,0.0,18.1,34.2,54.1,2026-08-14 10:21:18
2025-11-05,North-West,District4,2,1,0,0.0,2.87,23.0,77.3,2026-08-14 10:21:18
2025-11-05,North-West,District5,0,4,0,0.0,16.85,32.5,57.8,2026-08-14 10:21:18
2025-11-05,North-West,District6,0,4,0,0.0,17.12,23.2,78.4,2026-08-14 10:21:18
2025-11-05,North-West,District7,0,5,0,0.0,7.0,25.2,84.6,2026-08-14 10:21:18
2025-11-05,North-West,District8,0,5,0,0.0,12.82,25.2,85.4,2026-08-14 10:21:18
2025-11-05,North-West,District9,2,0,0,0.0,4.76,28.9,51.1,2026-08-14 10:21:18
2025-11-05,North-West,District10,1,1,0,0.0,6.09,20.2,62.7,2026-08-14 10:21:18
2025-11-05,South,District1,0,1,0,0.0,0.42,27.1,66.8,2026-08-14 10:21:18
2025-11-05,South,District2,1,0,1,100.0,6.5,31.1,80.7,2026-08-14 10:21:18
2025-11-05,South,District3,0,0,0,0.0,18.13,26.6,82.0,2026-08-14 10:21:18
2025-11-05,South,District4,0,0,0,0.0,3.9,22.7,66.0,2026-08-14 10:21:18
2025-11-05,South,District5,0,0,0,0.0,11.0,25.9,79.7,2026-08-14 10:21:18
2025-11-05,South,District6,3,3,1,33.33,5.0,23.1,53.5,2026-08-14 10:21:18
2025-11-05,South,District7,0,1,0,0.0,17.56,22.1,85.6,2026-08-14 10:21:18
2025-11-05,South,District8,2,2,1,50.0,16.99,24.4,69.2,2026-08-14 10:21:18
2025-11-05,South,District9,0,5,0,0.0,2.23,34.0,67.1,2026-08-14 10:21:18
2025-11-05,South,District10,1,4,1,100.0,0.11,33.0,51.2,2026-08-14 10:21:18
2025-11-05,South-West,District1,0,4,0,0.0,3.28,32.2,56.5,2026-08-14 10:21:18
2025-11-05,South-West,District2,2,2,1,50.0,0.57,34.3,85.7,2026-08-14 10:21:18
2025-11-05,South-West,District3,1,1,0,0.0,0.16,23.1,61.2,2026-08-14 10:21:18
2025-11-05,South-West,District4,2,4,0,0.0,16.92,27.6,56.4,2026-08-14 10:21:18
2025-11-05,South-West,District5,1,0,1,100.0,5.97,24.3,87.0,2026-08-14 10:21:18
2025-11-05,South-West,District6,0,0,0,0.0,1.28,33.3,65.1,2026-08-14 10:21:18
2025-11-05,South-West,District7,0,5,0,0.0,4.64,22.9,51.4,2026-08-14 10:21:18
2025-11-05,South-West,District8,0,0,0,0.0,15.89,24.8,62.0,2026-08-14 10:21:18
2025-11-05,South-West,District9,0,2,0,0.0,11.63,28.1,50.6,2026-08-14 10:21:18
2025-11-05,South-West,District10,2,0,0,0.0,11.01,29.4,65.3,2026-08-14 10:21:18
2025-11-05,West,District1,0,1,0,0.0,13.11,25.2,64.8,2026-08-14 10:21:18
2025-11-05,West,District2,0,4,0,0.0,8.44,33.2,64.9,2026-08-14 10:21:18
2025-11-05,West,District3,0,1,0,0.0,4.6,33.3,57.5,2026-08-14 10:21:18
2025-11-05,West,District4,0,0,0,0.0,14.61,27.5,84.8,2026-08-14 10:21:18
2025-11-05,West,District5,0,0,0,0.0,4.41,20.1,68.8,2026-08-14 10:21:18
2025-11-05,West,District6,2,3,1,50.0,12.46,28.0,76.3,2026-08-14 10:21:18
2025-11-05,West,District7,0,2,0,0.0,16.23,26.0,79.7,2026-08-14 10:21:18
2025-11-05,West,District8,0,5,0,0.0,12.91,31.7,86.8,2026-08-14 10:21:18
2025-11-05,West,District9,3,1,0,0.0,2.36,31.9,63.0,2026-08-14 10:21:18
2025-11-05,West,District10,1,1,1,100.0,8.54,22.8,61.5,2026-08-14 10:21:18
2025-12-22,Adamawa,District1,0,1,0,0.0,3.45,24.6,71.9,2026-08-14 10:21:18
2025-12-22,Adamawa,District2,0,2,0,0.0,9.58,34.7,53.4,2026-08-14 10:21:18
2025-12-22,Adamawa,District3,1,0,0,0.0,16.03,34.1,53.7,2026-08-14 10:21:18
2025-12-22,Adamawa,District4,0,1,0,0.0,5.15,27.0,61.6,2026-08-14 10:21:18
2025-12-22,Adamawa,District5,0,1,0,0.0,16.37,25.6,54.4,2026-08-14 10:21:18
2025-12-22,Adamawa,District6,0,2,0,0.0,17.38,20.2,89.1,2026-08-14 10:21:18
2025-12-22,Adamawa,District7,1,4,0,0.0,9.7,30.6,68.0,2026-08-14 10:21:18
2025-12-22,Adamawa,District8,0,4,0,0.0,3.58,24.1,82.4,2026-08-14 10:21:18
2025-12-22,Adamawa,District9,0,4,0,0.0,6.76,22.6,63.8,2026-08-14 10:21:18
2025-12-22,Adamawa,District10,0,1,0,0.0,19.87,26.5,67.7,2026-08-14 10:21:18
2025-12-22,Centre,District1,0,1,0,0.0,14.74,34.0,68.6,2026-08-14 10:21:18
2025-12-22,Centre,District2,2,3,0,0.0,9.73,22.4,83.8,2026-08-14 10:21:18
2025-12-22,Centre,District3,0,4,0,0.0,2.52,23.5,50.0,2026-08-14 10:21:18
2025-12-22,Centre,District4,0,5,0,0.0,13.8,25.5,56.6,2026-08-14 10:21:18
2025-12-22,Centre,District5,0,1,0,0.0,10.04,29.8,67.7,2026-08-14 10:21:18
2025-12-22,Centre,District6,1,2,1,100.0,16.84,22.7,52.8,2026-08-14 10:21:18
2025-12-22,Centre,District7,0,0,0,0.0,8.97,20.1,88.0,2026-08-14 10:21:18
2025-12-22,Centre,District8,1,0,1,100.0,16.15,23.1,69.0,2026-08-14 10:21:18
2025-12-22,Centre,District9,0,4,0,0.0,13.8,24.7,56.1,2026-08-14 10:21:18
2025-12-22,Centre,District10,0,2,0,0.0,1.12,29.1,55.0,2026-08-14 10:21:18
2025-12-22,East,District1,0,0,0,0.0,0.12,27.6,51.0,2026-08-14 10:21:18
2025-12-22,East,District2,2,3,1,50.0,13.69,20.9,70.0,2026-08-14 10:21:18
2025-12-22,East,District3,1,1,1,100.0,16.85,25.6,88.7,2026-08-14 10:21:18
2025-12-22,East,District4,0,2,0,0.0,7.17,34.7,72.3,2026-08-14 10:21:18
2025-12-22,East,District5,0,2,0,0.0,2.9,23.9,87.4,2026-08-14 10:21:18
2025-12-22,East,District6,3,5,1,33.33,8.71,22.1,68.0,2026-08-14 10:21:18
2025-12-22,East,District7,2,4,0,0.0,2.15,21.6,74.3,2026-08-14 10:21:18
2025-12-22,East,District8,0,4,0,0.0,0.68,25.6,72.0,2026-08-14 10:21:18
2025-12-22,East,District9,0,2,0,0.0,13.32,33.3,51.5,2026-08-14 10:21:18
2025-12-22,East,District10,0,0,0,0.0,10.76,24.7,67.4,2026-08-14 10:21:18
2025-12-22,Far North,District1,0,4,0,0.0,10.06,28.6,61.7,2026-08-14 10:21:18
2025-12-22,Far North,District2,2,5,1,50.0,5.29,23.4,89.4,2026-08-14 10:21:18
2025-12-22,Far North,District3,1,0,1,100.0,2.82,30.2,82.6,2026-08-14 10:21:18
2025-12-22,Far North,District4,0,1,0,0.0,5.26,32.9,84.9,2026-08-14 10:21:18
2025-12-22,Far North,District5,0,3,0,0.0,1.4,22.7,83.9,2026-08-14 10:21:18
2025-12-22,Far North,District6,0,3,0,0.0,1.91,26.0,80.7,2026-08-14 10:21:18
2025-12-22,Far North,District7,1,2,1,100.0,3.72,20.2,64.1,2026-08-14 10:21:18
2025-12-22,Far North,District8,0,5,0,0.0,18.35,20.3,89.3,2026-08-14 10:21:18
2025-12-22,Far North,District9,0,0,0,0.0,15.32,23.8,67.0,2026-08-14 10:21:18
2025-12-22,Far North,District10,0,4,0,0.0,12.59,34.6,53.1,2026-08-14 10:21:18
2025-12-22,Littoral,District1,2,0,1,50.0,9.32,20.9,64.7,2026-08-14 10:21:18
2025-12-22,Littoral,District2,1,1,1,100.0,19.04,21.8,84.0,2026-08-14 10:21:18
2025-12-22,Littoral,District3,0,2,0,0.0,16.21,28.6,64.2,2026-08-14 10:21:18
2025-12-22,Littoral,District4,0,5,0,0.0,9.93,22.9,63.8,2026-08-14 10:21:18
2025-12-22,Littoral,District5,0,5,0,0.0,10.69,22.5,83.9,2026-08-14 10:21:18
2025-12-22,Littoral,District6,0,3,0,0.0,16.12,34.1,71.1,2026-08-14 10:21:18
2025-12-22,Littoral,District7,0,5,0,0.0,3.27,27.5,61.6,2026-08-14 10:21:18
2025-12-22,Littoral,District8,0,4,0,0.0,14.0,32.8,63.4,2026-08-14 10:21:18
2025-12-22,Littoral,District9,0,5,0,0.0,14.4,24.3,65.4,2026-08-14 10:21:18
2025-12-22,Littoral,District10,0,1,0,0.0,7.55,22.4,86.5,2026-08-14 10:21:18
2025-12-22,North,District1,0,5,0,0.0,16.92,20.0,60.4,2026-08-14 10:21:18
2025-12-22,North,District2,3,0,0,0.0,10.42,28.9,50.5,2026-08-14 10:21:18
2025-12-22,North,District3,0,4,0,0.0,8.4,25.5,57.4,2026-08-14 10:21:18
2025-12-22,North,District4,0,2,0,0.0,10.36,27.1,64.4,2026-08-14 10:21:18
2025-12-22,North,District5,2,3,1,50.0,1.65,20.1,82.4,2026-08-14 10:21:18
2025-12-22,North,District6,0,3,0,0.0,4.59,21.8,59.8,2026-08-14 10:21:18
2025-12-22,North,District7,2,5,1,50.0,2.38,30.3,65.9,2026-08-14 10:21:18
2025-12-22,North,District8,2,5,1,50.0,7.98,24.2,74.4,2026-08-14 10:21:18
2025-12-22,North,District9,0,5,0,0.0,8.15,31.6,81.1,2026-08-14 10:21:18
2025-12-22,North,District10,2,5,0,0.0,4.3,23.6,85.9,2026-08-14 10:21:18
2025-12-22,North-West,District1,0,0,0,0.0,18.36,32.5,88.8,2026-08-14 10:21:18
2025-12-22,North-West,District2,0,4,0,0.0,6.38,30.9,88.9,2026-08-14 10:21:18
2025-12-22,North-West,District3,3,3,0,0.0,2.53,21.3,64.4,2026-08-14 10:21:18
2025-12-22,North-West,District4,0,5,0,0.0,5.41,23.9,51.0,2026-08-14 10:21:18
2025-12-22,North-West,District5,0,4,0,0.0,12.24,22.8,52.9,2026-08-14 10:21:18
2025-12-22,North-West,District6,0,3,0,0.0,13.37,21.6,55.5,2026-08-14 10:21:18
2025-12-22,North-West,District7,0,3,0,0.0,15.84,30.9,54.9,2026-08-14 10:21:18
2025-12-22,North-West,District8,0,3,0,0.0,15.21,32.2,61.1,2026-08-14 10:21:18
2025-12-22,North-West,District9,0,0,0,0.0,18.59,20.7,78.6,2026-08-14 10:21:18
2025-12-22,North-West,District10,0,3,0,0.0,11.58,32.0,83.0,2026-08-14 10:21:18
2025-12-22,South,District1,0,3,0,0.0,9.67,30.1,50.8,2026-08-14 10:21:18
2025-12-22,South,District2,0,0,0,0.0,6.72,23.6,57.8,2026-08-14 10:21:18
2025-12-22,South,District3,0,3,0,0.0,13.05,26.8,63.3,2026-08-14 10:21:18
2025-12-22,South,District4,0,2,0,0.0,9.91,25.2,54.2,2026-08-14 10:21:18
2025-12-22,South,District5,1,3,1,100.0,15.43,20.9,53.1,2026-08-14 10:21:18
2025-12-22,South,District6,0,4,0,0.0,17.63,25.6,69.7,2026-08-14 10:21:18
2025-12-22,South,District7,0,4,0,0.0,7.36,28.4,75.4,2026-08-14 10:21:18
2025-12-22,South,District8,0,1,0,0.0,14.47,20.4,50.6,2026-08-14 10:21:18
2025-12-22,South,District9,0,3,0,0.0,7.61,27.2,72.4,2026-08-14 10:21:18
2025-12-22,South,District10,2,2,1,50.0,8.09,31.7,89.0,2026-08-14 10:21:18
2025-12-22,South-West,District1,3,4,1,33.33,1.23,33.8,66.4,2026-08-14 10:21:18
2025-12-22,South-West,District2,0,4,0,0.0,17.39,32.3,57.5,2026-08-14 10:21:18
2025-12-22,South-West,District3,0,1,0,0.0,3.86,34.7,72.7,2026-08-14 10:21:18
2025-12-22,South-West,District4,1,1,1,100.0,14.63,31.3,83.6,2026-08-14 10:21:18
2025-12-22,South-West,District5,0,5,0,0.0,9.12,34.9,54.7,2026-08-14 10:21:18
2025-12-22,South-West,District6,0,2,0,0.0,0.33,29.5,88.2,2026-08-14 10:21:18
2025-12-22,South-West,District7,1,0,1,100.0,7.18,24.9,58.0,2026-08-14 10:21:18
2025-12-22,South-West,District8,0,4,0,0.0,6.06,29.7,60.2,2026-08-14 10:21:18
2025-12-22,South-West,District9,1,0,1,100.0,6.57,29.4,89.9,2026-08-14 10:21:18
2025-12-22,South-West,District10,0,5,0,0.0,3.89,26.5,68.3,2026-08-14 10:21:18
2025-12-22,West,District1,0,5,0,0.0,9.56,27.4,61.5,2026-08-14 10:21:18
2025-12-22,West,District2,0,2,0,0.0,8.44,26.3,50.8,2026-08-14 10:21:18
2025-12-22,West,District3,1,5,0,0.0,2.69,21.3,64.8,2026-08-14 10:21:18
2025-12-22,West,District4,0,0,0,0.0,9.49,24.4,57.7,2026-08-14 10:21:18
2025-12-22,West,District5,0,2,0,0.0,10.83,30.8,59.4,2026-08-14 10:21:18
2025-12-22,West,District6,3,5,0,0.0,9.96,22.1,78.3,2026-08-14 10:21:18
2025-12-22,West,District7,0,5,0,0.0,12.66,27.0,78.3,2026-08-14 10:21:18
2025-12-22,West,District8,0,3,0,0.0,3.64,29.4,84.4,2026-08-14 10:21:18
2025-12-22,West,District9,0,3,0,0.0,15.76,23.7,57.1,2026-08-14 10:21:18
2025-12-22,West,District10,2,3,1,50.0,14.86,21.4,50.4,2026-08-14 10:21:18
2025-12-30,Adamawa,District1,1,3,1,100.0,7.9,25.0,68.1,2026-08-14 10:21:18
2025-12-30,Adamawa,District2,0,1,0,0.0,3.78,21.7,88.7,2026-08-14 10:21:18
2025-12-30,Adamawa,District3,1,3,1,100.0,16.2,23.7,63.5,2026-08-14 10:21:18
2025-12-30,Adamawa,District4,3,4,1,33.33,11.58,28.8,63.7,2026-08-14 10:21:18
2025-12-30,Adamawa,District5,2,1,1,50.0,16.47,24.7,84.3,2026-08-14 10:21:18
2025-12-30,Adamawa,District6,0,0,0,0.0,18.38,24.0,69.3,2026-08-14 10:21:18
2025-12-30,Adamawa,District7,0,0,0,0.0,6.69,27.8,58.9,2026-08-14 10:21:18
2025-12-30,Adamawa,District8,2,5,0,0.0,18.95,30.2,85.2,2026-08-14 10:21:18
2025-12-30,Adamawa,District9,1,1,1,100.0,10.26,24.3,63.5,2026-08-14 10:21:18
2025-12-30,Adamawa,District10,0,0,0,0.0,5.4,23.7,78.5,2026-08-14 10:21:18
2025-12-30,Centre,District1,0,3,0,0.0,13.64,21.0,75.0,2026-08-14 10:21:18
2025-12-30,Centre,District2,0,3,0,0.0,19.93,30.7,85.4,2026-08-14 10:21:18
2025-12-30,Centre,District3,0,1,0,0.0,15.44,33.4,78.4,2026-08-14 10:21:18
2025-12-30,Centre,District4,2,4,1,50.0,14.56,29.1,60.2,2026-08-14 10:21:18
2025-12-30,Centre,District5,0,1,0,0.0,18.67,22.9,67.2,2026-08-14 10:21:18
2025-12-30,Centre,District6,2,4,0,0.0,18.52,27.6,65.7,2026-08-14 10:21:18
2025-12-30,Centre,District7,2,0,1,50.0,9.13,27.4,84.3,2026-08-14 10:21:18
2025-12-30,Centre,District8,1,2,1,100.0,11.01,24.5,70.4,2026-08-14 10:21:18
2025-12-30,Centre,District9,0,4,0,0.0,15.17,21.8,69.2,2026-08-14 10:21:18
2025-12-30,Centre,District10,0,1,0,0.0,4.86,29.5,86.0,2026-08-14 10:21:18
2025-12-30,East,District1,0,3,0,0.0,17.14,28.2,63.2,2026-08-14 10:21:18
2025-12-30,East,District2,0,0,0,0.0,4.19,22.7,54.1,2026-08-14 10:21:18
2025-12-30,East,District3,1,2,0,0.0,11.81,23.3,71.1,2026-08-14 10:21:18
2025-12-30,East,District4,0,2,0,0.0,8.61,25.4,57.7,2026-08-14 10:21:18
2025-12-30,East,District5,0,0,0,0.0,2.61,24.3,70.1,2026-08-14 10:21:18
2025-12-30,East,District6,1,3,0,0.0,7.56,29.6,76.7,2026-08-14 10:21:18
2025-12-30,East,District7,1,4,0,0.0,14.2,33.8,70.4,2026-08-14 10:21:18
2025-12-30,East,District8,0,0,0,0.0,5.52,29.3,81.2,2026-08-14 10:21:18
2025-12-30,East,District9,2,5,0,0.0,10.25,27.7,71.1,2026-08-14 10:21:18
2025-12-30,East,District10,0,1,0,0.0,3.62,20.3,57.9,2026-08-14 10:21:18
2025-12-30,Far North,District1,0,5,0,0.0,16.62,28.7,50.2,2026-08-14 10:21:18
2025-12-30,Far North,District2,0,1,0,0.0,10.01,30.4,87.5,2026-08-14 10:21:18
2025-12-30,Far North,District3,1,2,1,100.0,10.84,30.0,50.1,2026-08-14 10:21:18
2025-12-30,Far North,District4,0,3,0,0.0,1.16,31.0,74.8,2026-08-14 10:21:18
2025-12-30,Far North,District5,0,1,0,0.0,18.88,29.2,60.1,2026-08-14 10:21:18
2025-12-30,Far North,District6,0,4,0,0.0,0.94,22.3,75.6,2026-08-14 10:21:18
2025-12-30,Far North,District7,0,0,0,0.0,1.63,26.0,87.9,2026-08-14 10:21:18
2025-12-30,Far North,District8,3,4,0,0.0,12.39,33.3,87.7,2026-08-14 10:21:18
2025-12-30,Far North,District9,0,5,0,0.0,14.46,33.4,89.7,2026-08-14 10:21:18
2025-12-30,Far North,District10,0,5,0,0.0,3.06,33.2,80.1,2026-08-14 10:21:18
2025-12-30,Littoral,District1,1,3,1,100.0,12.74,32.8,81.3,2026-08-14 10:21:18
2025-12-30,Littoral,District2,0,1,0,0.0,10.46,32.5,63.0,2026-08-14 10:21:18
2025-12-30,Littoral,District3,0,4,0,0.0,5.85,23.5,63.9,2026-08-14 10:21:18
2025-12-30,Littoral,District4,0,3,0,0.0,9.94,31.4,85.1,2026-08-14 10:21:18
2025-12-30,Littoral,District5,0,2,0,0.0,7.5,25.4,56.3,2026-08-14 10:21:18
2025-12-30,Littoral,District6,0,2,0,0.0,2.61,22.5,57.1,2026-08-14 10:21:18
2025-12-30,Littoral,District7,0,3,0,0.0,11.72,33.6,77.7,2026-08-14 10:21:18
2025-12-30,Littoral,District8,0,1,0,0.0,15.23,29.3,76.9,2026-08-14 10:21:18
2025-12-30,Littoral,District9,0,0,0,0.0,17.87,28.8,83.0,2026-08-14 10:21:18
2025-12-30,Littoral,District10,0,4,0,0.0,4.93,27.6,72.7,2026-08-14 10:21:18
2025-12-30,North,District1,0,4,0,0.0,8.87,34.2,55.4,2026-08-14 10:21:18
2025-12-30,North,District2,1,0,1,100.0,2.84,27.0,76.1,2026-08-14 10:21:18
2025-12-30,North,District3,0,1,0,0.0,13.8,30.5,51.4,2026-08-14 10:21:18
2025-12-30,North,District4,0,2,0,0.0,6.07,23.2,87.0,2026-08-14 10:21:18
2025-12-30,North,District5,3,1,0,0.0,17.58,30.4,63.5,2026-08-14 10:21:18
2025-12-30,North,District6,2,4,1,50.0,9.32,25.8,51.1,2026-08-14 10:21:18
2025-12-30,North,District7,0,1,0,0.0,4.64,27.9,83.7,2026-08-14 10:21:18
2025-12-30,North,District8,0,2,0,0.0,6.52,30.1,81.1,2026-08-14 10:21:18
2025-12-30,North,District9,0,2,0,0.0,18.0,34.4,70.3,2026-08-14 10:21:18
2025-12-30,North,District10,2,1,0,0.0,15.21,31.8,53.6,2026-08-14 10:21:18
2025-12-30,North-West,District1,0,0,0,0.0,1.53,26.5,76.3,2026-08-14 10:21:18
2025-12-30,North-West,District2,1,1,0,0.0,11.67,25.7,85.7,2026-08-14 10:21:18
2025-12-30,North-West,District3,0,5,0,0.0,5.85,27.4,77.3,2026-08-14 10:21:18
2025-12-30,North-West,District4,0,0,0,0.0,13.88,26.1,84.5,2026-08-14 10:21:18
2025-12-30,North-West,District5,3,1,0,0.0,18.49,26.8,78.8,2026-08-14 10:21:18
2025-12-30,North-West,District6,0,2,0,0.0,8.46,21.2,88.0,2026-08-14 10:21:18
2025-12-30,North-West,District7,0,0,0,0.0,3.26,21.8,60.7,2026-08-14 10:21:18
2025-12-30,North-West,District8,3,3,1,33.33,6.52,26.2,70.0,2026-08-14 10:21:18
2025-12-30,North-West,District9,0,0,0,0.0,12.91,32.7,63.9,2026-08-14 10:21:18
2025-12-30,North-West,District10,0,4,0,0.0,10.32,34.7,69.6,2026-08-14 10:21:18
2025-12-30,South,District1,1,4,1,100.0,2.5,30.1,67.4,2026-08-14 10:21:18
2025-12-30,South,District2,0,2,0,0.0,9.27,30.2,58.1,2026-08-14 10:21:18
2025-12-30,South,District3,0,4,0,0.0,10.37,25.4,61.5,2026-08-14 10:21:18
2025-12-30,South,District4,0,5,0,0.0,15.45,34.5,76.7,2026-08-14 10:21:18
2025-12-30,South,District5,0,2,0,0.0,2.38,31.3,59.9,2026-08-14 10:21:18
2025-12-30,South,District6,0,2,0,0.0,7.57,32.1,64.2,2026-08-14 10:21:18
2025-12-30,South,District7,0,2,0,0.0,19.01,25.0,61.7,2026-08-14 10:21:18
2025-12-30,South,District8,0,1,0,0.0,12.42,20.2,85.1,2026-08-14 10:21:18
2025-12-30,South,District9,0,0,0,0.0,9.84,34.9,71.0,2026-08-14 10:21:18
2025-12-30,South,District10,2,2,1,50.0,16.66,24.2,60.8,2026-08-14 10:21:18
2025-12-30,South-West,District1,0,3,0,0.0,19.79,30.8,64.4,2026-08-14 10:21:18
2025-12-30,South-West,District2,0,4,0,0.0,9.63,27.2,83.6,2026-08-14 10:21:18
2025-12-30,South-West,District3,0,1,0,0.0,10.21,31.5,53.5,2026-08-14 10:21:18
2025-12-30,South-West,District4,0,0,0,0.0,7.71,27.1,51.5,2026-08-14 10:21:18
2025-12-30,South-West,District5,1,5,1,100.0,6.01,23.5,61.6,2026-08-14 10:21:18
2025-12-30,South-West,District6,0,0,0,0.0,12.19,21.6,68.4,2026-08-14 10:21:18
2025-12-30,South-West,District7,0,2,0,0.0,10.54,28.1,76.2,2026-08-14 10:21:18
2025-12-30,South-West,District8,0,0,0,0.0,14.71,29.4,50.4,2026-08-14 10:21:18
2025-12-30,South-West,District9,0,2,0,0.0,10.2,30.8,67.0,2026-08-14 10:21:18
2025-12-30,South-West,District10,0,0,0,0.0,15.69,27.1,65.3,2026-08-14 10:21:18
2025-12-30,West,District1,2,0,1,50.0,7.41,25.6,80.6,2026-08-14 10:21:18
2025-12-30,West,District2,0,2,0,0.0,3.32,27.2,54.3,2026-08-14 10:21:18
2025-12-30,West,District3,0,4,0,0.0,18.43,23.3,84.2,2026-08-14 10:21:18
2025-12-30,West,District4,0,2,0,0.0,12.03,27.8,50.3,2026-08-14 10:21:18
2025-12-30,West,District5,3,4,0,0.0,13.73,27.1,68.3,2026-08-14 10:21:18
2025-12-30,West,District6,1,5,0,0.0,18.23,23.2,61.7,2026-08-14 10:21:18
2025-12-30,West,District7,0,1,0,0.0,16.45,34.7,62.7,2026-08-14 10:21:18
2025-12-30,West,District8,1,1,1,100.0,16.19,30.9,76.7,2026-08-14 10:21:18
2025-12-30,West,District9,0,5,0,0.0,0.91,27.4,59.2,2026-08-14 10:21:18
2025-12-30,West,District10,0,3,0,0.0,12.89,32.4,65.5,2026-08-14 10:21:18
2025-12-15,Adamawa,District1,0,5,0,0.0,15.88,25.2,71.7,2026-08-14 10:21:18
2025-12-15,Adamawa,District2,0,4,0,0.0,0.48,20.9,58.1,2026-08-14 10:21:18
2025-12-15,Adamawa,District3,0,2,0,0.0,7.89,26.6,82.3,2026-08-14 10:21:18
2025-12-15,Adamawa,District4,0,5,0,0.0,16.2,24.6,82.9,2026-08-14 10:21:18
2025-12-15,Adamawa,District5,0,5,0,0.0,9.28,29.2,69.4,2026-08-14 10:21:18
2025-12-15,Adamawa,District6,0,2,0,0.0,10.61,33.6,88.5,2026-08-14 10:21:18
2025-12-15,Adamawa,District7,1,3,0,0.0,7.37,26.7,78.8,2026-08-14 10:21:18
2025-12-15,Adamawa,District8,0,0,0,0.0,1.64,27.0,74.4,2026-08-14 10:21:18
2025-12-15,Adamawa,District9,0,4,0,0.0,4.73,24.4,87.2,2026-08-14 10:21:18
2025-12-15,Adamawa,District10,1,4,1,100.0,8.42,29.4,83.0,2026-08-14 10:21:18
2025-12-15,Centre,District1,0,1,0,0.0,11.96,29.4,85.1,2026-08-14 10:21:18
2025-12-15,Centre,District2,0,0,0,0.0,12.04,28.5,68.9,2026-08-14 10:21:18
2025-12-15,Centre,District3,0,3,0,0.0,16.35,27.9,86.6,2026-08-14 10:21:18
2025-12-15,Centre,District4,0,3,0,0.0,19.33,27.7,89.8,2026-08-14 10:21:18
2025-12-15,Centre,District5,1,2,0,0.0,15.62,28.2,58.3,2026-08-14 10:21:18
2025-12-15,Centre,District6,0,5,0,0.0,3.17,21.0,75.6,2026-08-14 10:21:18
2025-12-15,Centre,District7,0,4,0,0.0,3.41,22.9,55.7,2026-08-14 10:21:18
2025-12-15,Centre,District8,0,0,0,0.0,11.54,30.5,82.2,2026-08-14 10:21:18
2025-12-15,Centre,District9,0,0,0,0.0,14.74,25.0,56.7,2026-08-14 10:21:18
2025-12-15,Centre,District10,0,2,0,0.0,15.27,23.5,50.8,2026-08-14 10:21:18
2025-12-15,East,District1,1,1,1,100.0,17.19,30.0,79.6,2026-08-14 10:21:18
2025-12-15,East,District2,0,4,0,0.0,10.53,28.8,70.2,2026-08-14 10:21:18
2025-12-15,East,District3,0,1,0,0.0,5.34,34.9,75.3,2026-08-14 10:21:18
2025-12-15,East,District4,0,2,0,0.0,3.51,27.5,80.3,2026-08-14 10:21:18
2025-12-15,East,District5,0,5,0,0.0,11.77,23.5,77.2,2026-08-14 10:21:18
2025-12-15,East,District6,0,4,0,0.0,7.61,31.2,76.8,2026-08-14 10:21:18
2025-12-15,East,District7,0,3,0,0.0,4.37,27.7,50.9,2026-08-14 10:21:18
2025-12-15,East,District8,0,2,0,0.0,11.27,22.0,73.7,2026-08-14 10:21:18
2025-12-15,East,District9,3,4,1,33.33,18.12,29.5,76.2,2026-08-14 10:21:18
2025-12-15,East,District10,1,5,1,100.0,6.31,28.2,72.0,2026-08-14 10:21:18
2025-12-15,Far North,District1,2,0,1,50.0,1.13,34.2,74.9,2026-08-14 10:21:18
2025-12-15,Far North,District2,2,3,0,0.0,2.37,20.7,62.7,2026-08-14 10:21:18
2025-12-15,Far North,District3,0,4,0,0.0,4.3,20.5,56.1,2026-08-14 10:21:18
2025-12-15,Far North,District4,1,1,0,0.0,15.12,25.3,80.7,2026-08-14 10:21:18
2025-12-15,Far North,District5,3,2,0,0.0,1.28,24.5,57.0,2026-08-14 10:21:18
2025-12-15,Far North,District6,0,3,0,0.0,0.51,22.1,88.0,2026-08-14 10:21:18
2025-12-15,Far North,District7,0,5,0,0.0,0.32,34.8,80.8,2026-08-14 10:21:18
2025-12-15,Far North,District8,2,5,1,50.0,4.2,20.7,88.8,2026-08-14 10:21:18
2025-12-15,Far North,District9,0,4,0,0.0,5.05,31.8,50.5,2026-08-14 10:21:18
2025-12-15,Far North,District10,0,5,0,0.0,19.91,23.2,74.9,2026-08-14 10:21:18
2025-12-15,Littoral,District1,0,2,0,0.0,16.46,20.8,85.4,2026-08-14 10:21:18
2025-12-15,Littoral,District2,0,3,0,0.0,14.38,24.4,80.7,2026-08-14 10:21:18
2025-12-15,Littoral,District3,0,5,0,0.0,3.81,28.4,72.0,2026-08-14 10:21:18
2025-12-15,Littoral,District4,0,4,0,0.0,3.75,25.3,75.2,2026-08-14 10:21:18
2025-12-15,Littoral,District5,0,1,0,0.0,15.44,31.8,55.1,2026-08-14 10:21:18
2025-12-15,Littoral,District6,0,2,0,0.0,16.19,20.2,81.1,2026-08-14 10:21:18
2025-12-15,Littoral,District7,0,2,0,0.0,1.31,24.5,79.9,2026-08-14 10:21:18
2025-12-15,Littoral,District8,0,2,0,0.0,11.53,30.4,65.8,2026-08-14 10:21:18
2025-12-15,Littoral,District9,1,5,0,0.0,13.38,31.1,80.4,2026-08-14 10:21:18
2025-12-15,Littoral,District10,0,4,0,0.0,7.76,25.7,58.0,2026-08-14 10:21:18
2025-12-15,North,District1,2,5,0,0.0,5.12,23.5,63.4,2026-08-14 10:21:18
2025-12-15,North,District2,0,0,0,0.0,13.4,30.4,80.4,2026-08-14 10:21:18
2025-12-15,North,District3,0,4,0,0.0,19.59,31.7,59.0,2026-08-14 10:21:18
2025-12-15,North,District4,3,0,1,33.33,16.85,23.1,55.8,2026-08-14 10:21:18
2025-12-15,North,District5,2,2,0,0.0,6.74,30.9,53.2,2026-08-14 10:21:18
2025-12-15,North,District6,0,3,0,0.0,3.4,26.7,76.9,2026-08-14 10:21:18
2025-12-15,North,District7,0,1,0,0.0,11.69,26.5,84.9,2026-08-14 10:21:18
2025-12-15,North,District8,2,4,1,50.0,2.06,34.6,72.0,2026-08-14 10:21:18
2025-12-15,North,District9,0,3,0,0.0,1.86,22.6,89.6,2026-08-14 10:21:18
2025-12-15,North,District10,0,4,0,0.0,11.51,29.3,63.4,2026-08-14 10:21:18
2025-12-15,North-West,District1,0,5,0,0.0,16.22,31.6,69.7,2026-08-14 10:21:18
2025-12-15,North-West,District2,0,1,0,0.0,17.12,31.1,67.9,2026-08-14 10:21:18
2025-12-15,North-West,District3,0,0,0,0.0,13.23,23.9,71.2,2026-08-14 10:21:18
2025-12-15,North-West,District4,2,5,0,0.0,10.18,27.0,86.8,2026-08-14 10:21:18
2025-12-15,North-West,District5,0,2,0,0.0,2.84,25.5,64.0,2026-08-14 10:21:18
2025-12-15,North-West,District6,0,4,0,0.0,7.03,32.6,77.9,2026-08-14 10:21:18
2025-12-15,North-West,District7,0,4,0,0.0,6.35,20.2,83.1,2026-08-14 10:21:18
2025-12-15,North-West,District8,0,5,0,0.0,3.84,20.7,69.3,2026-08-14 10:21:18
2025-12-15,North-West,District9,0,3,0,0.0,16.27,26.7,89.3,2026-08-14 10:21:18
2025-12-15,North-West,District10,1,5,1,100.0,7.02,22.3,87.0,2026-08-14 10:21:18
2025-12-15,South,District1,0,5,0,0.0,14.05,24.6,88.3,2026-08-14 10:21:18
2025-12-15,South,District2,0,0,0,0.0,14.63,21.1,88.5,2026-08-14 10:21:18
2025-12-15,South,District3,0,0,0,0.0,16.04,34.7,86.9,2026-08-14 10:21:18
2025-12-15,South,District4,0,1,0,0.0,15.43,25.4,80.6,2026-08-14 10:21:18
2025-12-15,South,District5,1,1,1,100.0,2.47,34.1,73.9,2026-08-14 10:21:18
2025-12-15,South,District6,0,0,0,0.0,8.85,30.7,69.3,2026-08-14 10:21:18
2025-12-15,South,District7,0,1,0,0.0,5.53,30.6,89.3,2026-08-14 10:21:18
2025-12-15,South,District8,0,5,0,0.0,7.77,23.2,66.4,2026-08-14 10:21:18
2025-12-15,South,District9,1,0,1,100.0,11.67,21.4,84.1,2026-08-14 10:21:18
2025-12-15,South,District10,0,2,0,0.0,5.38,31.0,76.3,2026-08-14 10:21:18
2025-12-15,South-West,District1,0,4,0,0.0,18.35,32.8,71.2,2026-08-14 10:21:18
2025-12-15,South-West,District2,0,5,0,0.0,10.69,29.4,57.7,2026-08-14 10:21:18
2025-12-15,South-West,District3,0,2,0,0.0,10.62,32.4,88.7,2026-08-14 10:21:18
2025-12-15,South-West,District4,2,3,1,50.0,18.84,32.5,85.4,2026-08-14 10:21:18
2025-12-15,South-West,District5,1,1,0,0.0,1.03,24.8,74.5,2026-08-14 10:21:18
2025-12-15,South-West,District6,3,5,0,0.0,7.58,22.3,66.9,2026-08-14 10:21:18
2025-12-15,South-West,District7,0,1,0,0.0,9.9,22.6,81.6,2026-08-14 10:21:18
2025-12-15,South-West,District8,0,2,0,0.0,17.97,24.2,63.5,2026-08-14 10:21:18
2025-12-15,South-West,District9,0,1,0,0.0,4.65,27.5,76.9,2026-08-14 10:21:18
2025-12-15,South-West,District10,0,4,0,0.0,8.27,31.1,78.1,2026-08-14 10:21:18
2025-12-15,West,District1,0,1,0,0.0,4.19,20.6,59.3,2026-08-14 10:21:18
2025-12-15,West,District2,0,3,0,0.0,1.94,20.3,60.3,2026-08-14 10:21:18
2025-12-15,West,District3,1,0,1,100.0,6.29,34.9,67.2,2026-08-14 10:21:18
2025-12-15,West,District4,3,3,1,33.33,5.74,22.6,75.7,2026-08-14 10:21:18
2025-12-15,West,District5,1,0,0,0.0,16.51,22.4,74.4,2026-08-14 10:21:18
2025-12-15,West,District6,0,5,0,0.0,12.22,33.0,60.0,2026-08-14 10:21:18
2025-12-15,West,District7,3,4,0,0.0,18.62,32.9,73.0,2026-08-14 10:21:18
2025-12-15,West,District8,0,5,0,0.0,12.83,26.0,65.0,2026-08-14 10:21:18
2025-12-15,West,District9,0,4,0,0.0,0.73,22.7,73.5,2026-08-14 10:21:18
2025-12-15,West,District10,2,4,1,50.0,4.06,26.5,56.6,2026-08-14 10:21:18
2025-12-01,Adamawa,District1,0,5,0,0.0,15.94,21.7,60.0,2026-08-14 10:21:18
2025-12-01,Adamawa,District2,0,1,0,0.0,17.67,29.7,53.6,2026-08-14 10:21:18
2025-12-01,Adamawa,District3,0,4,0,0.0,7.55,23.6,73.8,2026-08-14 10:21:18
2025-12-01,Adamawa,District4,0,1,0,0.0,4.6,26.5,61.9,2026-08-14 10:21:18
2025-12-01,Adamawa,District5,2,3,0,0.0,1.35,25.2,82.1,2026-08-14 10:21:18
2025-12-01,Adamawa,District6,0,0,0,0.0,13.65,25.4,87.4,2026-08-14 10:21:18
2025-12-01,Adamawa,District7,0,2,0,0.0,9.19,34.4,76.6,2026-08-14 10:21:18
2025-12-01,Adamawa,District8,0,3,0,0.0,2.32,22.6,58.3,2026-08-14 10:21:18
2025-12-01,Adamawa,District9,0,5,0,0.0,17.37,20.5,58.9,2026-08-14 10:21:18
2025-12-01,Adamawa,District10,0,4,0,0.0,13.82,30.7,80.2,2026-08-14 10:21:18
2025-12-01,Centre,District1,0,5,0,0.0,0.78,25.7,89.7,2026-08-14 10:21:18
2025-12-01,Centre,District2,0,0,0,0.0,14.66,24.1,55.3,2026-08-14 10:21:18
2025-12-01,Centre,District3,0,0,0,0.0,0.61,25.4,62.1,2026-08-14 10:21:18
2025-12-01,Centre,District4,0,3,0,0.0,5.63,23.3,69.3,2026-08-14 10:21:18
2025-12-01,Centre,District5,0,4,0,0.0,15.85,32.3,79.7,2026-08-14 10:21:18
2025-12-01,Centre,District6,0,1,0,0.0,11.43,25.7,65.1,2026-08-14 10:21:18
2025-12-01,Centre,District7,3,3,1,33.33,9.71,21.7,66.9,2026-08-14 10:21:18
2025-12-01,Centre,District8,0,1,0,0.0,17.08,28.2,87.6,2026-08-14 10:21:18
2025-12-01,Centre,District9,0,4,0,0.0,0.02,22.7,82.0,2026-08-14 10:21:18
2025-12-01,Centre,District10,1,3,1,100.0,5.99,33.0,58.8,2026-08-14 10:21:18
2025-12-01,East,District1,1,2,1,100.0,16.09,29.5,84.0,2026-08-14 10:21:18
2025-12-01,East,District2,0,1,0,0.0,12.77,27.8,57.7,2026-08-14 10:21:18
2025-12-01,East,District3,0,0,0,0.0,15.36,24.6,89.3,2026-08-14 10:21:18
2025-12-01,East,District4,0,2,0,0.0,18.36,21.6,66.6,2026-08-14 10:21:18
2025-12-01,East,District5,0,2,0,0.0,5.11,32.9,64.4,2026-08-14 10:21:18
2025-12-01,East,District6,0,0,0,0.0,19.1,29.4,84.2,2026-08-14 10:21:18
2025-12-01,East,District7,0,3,0,0.0,16.87,31.8,81.2,2026-08-14 10:21:18
2025-12-01,East,District8,0,4,0,0.0,15.94,31.3,71.6,2026-08-14 10:21:18
2025-12-01,East,District9,2,1,0,0.0,2.58,21.4,67.3,2026-08-14 10:21:18
2025-12-01,East,District10,0,0,0,0.0,5.31,24.0,59.0,2026-08-14 10:21:18
2025-12-01,Far North,District1,3,4,1,33.33,16.63,27.7,89.7,2026-08-14 10:21:18
2025-12-01,Far North,District2,0,4,0,0.0,9.87,21.8,52.8,2026-08-14 10:21:18
2025-12-01,Far North,District3,0,3,0,0.0,16.53,24.0,71.6,2026-08-14 10:21:18
2025-12-01,Far North,District4,0,3,0,0.0,11.39,34.6,65.6,2026-08-14 10:21:18
2025-12-01,Far North,District5,0,0,0,0.0,17.9,21.1,55.9,2026-08-14 10:21:18
2025-12-01,Far North,District6,1,0,0,0.0,5.29,21.8,50.2,2026-08-14 10:21:18
2025-12-01,Far North,District7,2,0,0,0.0,4.95,24.5,80.2,2026-08-14 10:21:18
2025-12-01,Far North,District8,0,1,0,0.0,16.87,22.7,56.9,2026-08-14 10:21:18
2025-12-01,Far North,District9,1,4,1,100.0,5.63,25.5,65.5,2026-08-14 10:21:18
2025-12-01,Far North,District10,1,5,1,100.0,2.16,25.5,63.7,2026-08-14 10:21:18
2025-12-01,Littoral,District1,0,0,0,0.0,7.25,27.8,80.0,2026-08-14 10:21:18
2025-12-01,Littoral,District2,0,4,0,0.0,12.64,20.6,69.7,2026-08-14 10:21:18
2025-12-01,Littoral,District3,0,2,0,0.0,4.98,21.7,76.6,2026-08-14 10:21:18
2025-12-01,Littoral,District4,0,5,0,0.0,7.52,20.9,64.7,2026-08-14 10:21:18
2025-12-01,Littoral,District5,0,5,0,0.0,18.48,20.9,85.1,2026-08-14 10:21:18
2025-12-01,Littoral,District6,0,0,0,0.0,1.46,24.6,79.6,2026-08-14 10:21:18
2025-12-01,Littoral,District7,0,5,0,0.0,18.44,32.7,87.4,2026-08-14 10:21:18
2025-12-01,Littoral,District8,0,4,0,0.0,16.69,34.6,80.0,2026-08-14 10:21:18
2025-12-01,Littoral,District9,0,4,0,0.0,7.18,20.6,81.0,2026-08-14 10:21:18
2025-12-01,Littoral,District10,0,0,0,0.0,16.26,32.2,83.1,2026-08-14 10:21:18
2025-12-01,North,District1,0,2,0,0.0,10.05,21.7,82.4,2026-08-14 10:21:18
2025-12-01,North,District2,0,3,0,0.0,18.56,22.9,61.0,2026-08-14 10:21:18
2025-12-01,North,District3,0,2,0,0.0,7.75,34.8,61.4,2026-08-14 10:21:18
2025-12-01,North,District4,1,1,0,0.0,10.65,31.9,85.7,2026-08-14 10:21:18
2025-12-01,North,District5,3,0,0,0.0,6.3,32.2,68.8,2026-08-14 10:21:18
2025-12-01,North,District6,0,5,0,0.0,7.23,26.1,69.2,2026-08-14 10:21:18
2025-12-01,North,District7,2,0,1,50.0,2.16,30.0,64.6,2026-08-14 10:21:18
2025-12-01,North,District8,1,1,1,100.0,5.92,29.5,60.6,2026-08-14 10:21:18
2025-12-01,North,District9,0,3,0,0.0,11.98,26.6,84.9,2026-08-14 10:21:18
2025-12-01,North,District10,2,3,1,50.0,15.92,26.3,87.8,2026-08-14 10:21:18
2025-12-01,North-West,District1,3,3,1,33.33,2.58,33.2,74.7,2026-08-14 10:21:18
2025-12-01,North-West,District2,0,0,0,0.0,0.09,33.7,57.2,2026-08-14 10:21:18
2025-12-01,North-West,District3,1,2,1,100.0,16.56,27.1,50.8,2026-08-14 10:21:18
2025-12-01,North-West,District4,0,1,0,0.0,5.91,31.5,82.5,2026-08-14 10:21:18
2025-12-01,North-West,District5,0,2,0,0.0,7.44,23.5,76.2,2026-08-14 10:21:18
2025-12-01,North-West,District6,0,5,0,0.0,4.89,24.7,67.5,2026-08-14 10:21:18
2025-12-01,North-West,District7,0,3,0,0.0,4.44,22.8,53.1,2026-08-14 10:21:18
2025-12-01,North-West,District8,0,3,0,0.0,10.03,28.1,72.8,2026-08-14 10:21:18
2025-12-01,North-West,District9,0,5,0,0.0,8.75,26.7,56.1,2026-08-14 10:21:18
2025-12-01,North-West,District10,1,2,1,100.0,0.01,33.6,76.0,2026-08-14 10:21:18
2025-12-01,South,District1,1,3,0,0.0,5.67,28.1,73.0,2026-08-14 10:21:18
2025-12-01,South,District2,0,3,0,0.0,17.24,22.1,86.0,2026-08-14 10:21:18
2025-12-01,South,District3,0,1,0,0.0,1.31,30.2,64.0,2026-08-14 10:21:18
2025-12-01,South,District4,0,5,0,0.0,1.29,27.3,66.6,2026-08-14 10:21:18
2025-12-01,South,District5,0,3,0,0.0,7.26,23.4,86.9,2026-08-14 10:21:18
2025-12-01,South,District6,0,2,0,0.0,13.5,32.7,71.3,2026-08-14 10:21:18
2025-12-01,South,District7,0,1,0,0.0,19.96,29.0,67.0,2026-08-14 10:21:18
2025-12-01,South,District8,0,2,0,0.0,8.27,24.7,56.2,2026-08-14 10:21:18
2025-12-01,South,District9,0,2,0,0.0,11.88,21.9,78.3,2026-08-14 10:21:18
2025-12-01,South,District10,0,0,0,0.0,18.95,29.2,74.9,2026-08-14 10:21:18
2025-12-01,South-West,District1,2,0,0,0.0,17.02,21.2,76.6,2026-08-14 10:21:18
2025-12-01,South-West,District2,1,2,1,100.0,18.65,33.3,66.8,2026-08-14 10:21:18
2025-12-01,South-West,District3,0,0,0,0.0,16.3,25.2,87.3,2026-08-14 10:21:18
2025-12-01,South-West,District4,0,3,0,0.0,1.54,26.0,72.9,2026-08-14 10:21:18
2025-12-01,South-West,District5,0,1,0,0.0,2.73,23.1,61.1,2026-08-14 10:21:18
2025-12-01,South-West,District6,0,2,0,0.0,12.3,32.4,68.2,2026-08-14 10:21:18
2025-12-01,South-West,District7,0,2,0,0.0,18.09,20.7,83.5,2026-08-14 10:21:18
2025-12-01,South-West,District8,0,3,0,0.0,17.18,34.8,78.3,2026-08-14 10:21:18
2025-12-01,South-West,District9,0,1,0,0.0,1.58,27.1,58.8,2026-08-14 10:21:18
2025-12-01,South-West,District10,0,0,0,0.0,4.72,23.6,73.4,2026-08-14 10:21:18
2025-12-01,West,District1,0,5,0,0.0,11.93,24.5,83.0,2026-08-14 10:21:18
2025-12-01,West,District2,1,1,1,100.0,19.58,33.6,73.0,2026-08-14 10:21:18
2025-12-01,West,District3,2,5,1,50.0,4.52,34.2,71.5,2026-08-14 10:21:18
2025-12-01,West,District4,0,4,0,0.0,10.08,20.0,83.8,2026-08-14 10:21:18
2025-12-01,West,District5,0,5,0,0.0,18.15,24.4,84.1,2026-08-14 10:21:18
2025-12-01,West,District6,0,0,0,0.0,6.31,26.9,57.7,2026-08-14 10:21:18
2025-12-01,West,District7,0,3,0,0.0,1.6,26.9,75.0,2026-08-14 10:21:18
2025-12-01,West,District8,0,4,0,0.0,14.82,31.8,83.3,2026-08-14 10:21:18
2025-12-01,West,District9,0,2,0,0.0,4.32,27.7,71.1,2026-08-14 10:21:18
2025-12-01,West,District10,0,2,0,0.0,6.24,22.4,75.3,2026-08-14 10:21:18
2026-01-31,Adamawa,District1,0,2,0,0.0,4.11,23.5,58.1,2026-08-14 10:21:18
2026-01-31,Adamawa,District2,0,4,0,0.0,19.15,20.5,59.4,2026-08-14 10:21:18
2026-01-31,Adamawa,District3,2,1,0,0.0,14.9,22.8,61.1,2026-08-14 10:21:18
2026-01-31,Adamawa,District4,0,0,0,0.0,8.13,22.9,77.8,2026-08-14 10:21:18
2026-01-31,Adamawa,District5,0,5,0,0.0,17.75,23.1,80.9,2026-08-14 10:21:18
2026-01-31,Adamawa,District6,1,3,1,100.0,0.4,33.0,69.9,2026-08-14 10:21:18
2026-01-31,Adamawa,District7,0,3,0,0.0,12.71,21.5,86.2,2026-08-14 10:21:18
2026-01-31,Adamawa,District8,0,2,0,0.0,10.71,29.1,81.4,2026-08-14 10:21:18
2026-01-31,Adamawa,District9,1,5,1,100.0,4.37,32.3,89.3,2026-08-14 10:21:18
2026-01-31,Adamawa,District10,1,3,0,0.0,18.83,33.3,58.3,2026-08-14 10:21:18
2026-01-31,Centre,District1,1,4,0,0.0,19.78,34.5,63.9,2026-08-14 10:21:18
2026-01-31,Centre,District2,0,0,0,0.0,13.25,32.8,85.2,2026-08-14 10:21:18
2026-01-31,Centre,District3,3,5,1,33.33,7.33,34.8,78.7,2026-08-14 10:21:18
2026-01-31,Centre,District4,3,1,0,0.0,1.52,30.2,68.3,2026-08-14 10:21:18
2026-01-31,Centre,District5,1,5,1,100.0,9.81,27.8,67.4,2026-08-14 10:21:18
2026-01-31,Centre,District6,0,5,0,0.0,7.18,26.6,51.5,2026-08-14 10:21:18
2026-01-31,Centre,District7,0,1,0,0.0,4.95,21.5,70.7,2026-08-14 10:21:18
2026-01-31,Centre,District8,0,4,0,0.0,8.33,29.3,56.4,2026-08-14 10:21:18
2026-01-31,Centre,District9,0,0,0,0.0,18.61,29.4,67.1,2026-08-14 10:21:18
2026-01-31,Centre,District10,0,2,0,0.0,8.61,22.7,58.8,2026-08-14 10:21:18
2026-01-31,East,District1,0,4,0,0.0,13.36,31.6,70.3,2026-08-14 10:21:18
2026-01-31,East,District2,0,0,0,0.0,0.95,24.3,80.7,2026-08-14 10:21:18
2026-01-31,East,District3,0,4,0,0.0,13.1,21.0,83.8,2026-08-14 10:21:18
2026-01-31,East,District4,0,4,0,0.0,16.97,25.0,76.2,2026-08-14 10:21:18
2026-01-31,East,District5,0,3,0,0.0,8.41,24.4,75.4,2026-08-14 10:21:18
2026-01-31,East,District6,0,2,0,0.0,5.65,24.7,53.8,2026-08-14 10:21:18
2026-01-31,East,District7,0,4,0,0.0,14.16,26.3,65.4,2026-08-14 10:21:18
2026-01-31,East,District8,1,0,1,100.0,14.2,32.9,85.6,2026-08-14 10:21:18
2026-01-31,East,District9,0,0,0,0.0,0.22,29.8,65.1,2026-08-14 10:21:18
2026-01-31,East,District10,0,2,0,0.0,19.68,29.6,71.5,2026-08-14 10:21:18
2026-01-31,Far North,District1,0,5,0,0.0,13.1,28.0,72.0,2026-08-14 10:21:18
2026-01-31,Far North,District2,0,5,0,0.0,1.87,31.6,87.3,2026-08-14 10:21:18
2026-01-31,Far North,District3,0,1,0,0.0,9.85,22.9,86.0,2026-08-14 10:21:18
2026-01-31,Far North,District4,2,5,0,0.0,15.71,32.0,61.7,2026-08-14 10:21:18
2026-01-31,Far North,District5,0,2,0,0.0,19.83,33.1,58.3,2026-08-14 10:21:18
2026-01-31,Far North,District6,0,0,0,0.0,16.16,30.0,72.7,2026-08-14 10:21:18
2026-01-31,Far North,District7,0,2,0,0.0,18.87,22.0,58.4,2026-08-14 10:21:18
2026-01-31,Far North,District8,0,3,0,0.0,12.36,23.9,71.7,2026-08-14 10:21:18
2026-01-31,Far North,District9,0,1,0,0.0,1.54,25.1,60.9,2026-08-14 10:21:18
2026-01-31,Far North,District10,0,4,0,0.0,12.66,29.5,53.7,2026-08-14 10:21:18
2026-01-31,Littoral,District1,0,5,0,0.0,5.14,22.2,66.7,2026-08-14 10:21:18
2026-01-31,Littoral,District2,0,5,0,0.0,14.46,34.8,52.9,2026-08-14 10:21:18
2026-01-31,Littoral,District3,2,1,1,50.0,8.73,29.2,86.3,2026-08-14 10:21:18
2026-01-31,Littoral,District4,0,1,0,0.0,2.46,31.5,54.1,2026-08-14 10:21:18
2026-01-31,Littoral,District5,0,0,0,0.0,18.71,26.5,82.0,2026-08-14 10:21:18
2026-01-31,Littoral,District6,2,5,1,50.0,0.39,29.2,70.4,2026-08-14 10:21:18
2026-01-31,Littoral,District7,1,5,0,0.0,4.85,27.1,55.3,2026-08-14 10:21:18
2026-01-31,Littoral,District8,0,3,0,0.0,8.45,27.0,78.9,2026-08-14 10:21:18
2026-01-31,Littoral,District9,2,3,0,0.0,17.81,32.1,79.4,2026-08-14 10:21:18
2026-01-31,Littoral,District10,0,2,0,0.0,1.09,31.4,52.6,2026-08-14 10:21:18
2026-01-31,North,District1,0,1,0,0.0,8.81,35.0,50.9,2026-08-14 10:21:18
2026-01-31,North,District2,0,0,0,0.0,5.16,24.8,73.2,2026-08-14 10:21:18
2026-01-31,North,District3,0,0,0,0.0,16.44,23.6,77.0,2026-08-14 10:21:18
2026-01-31,North,District4,0,2,0,0.0,7.16,26.3,58.0,2026-08-14 10:21:18
2026-01-31,North,District5,1,4,1,100.0,11.53,32.2,89.2,2026-08-14 10:21:18
2026-01-31,North,District6,0,3,0,0.0,6.34,24.6,81.2,2026-08-14 10:21:18
2026-01-31,North,District7,2,4,0,0.0,4.47,27.5,54.3,2026-08-14 10:21:18
2026-01-31,North,District8,0,1,0,0.0,18.47,24.2,53.5,2026-08-14 10:21:18
2026-01-31,North,District9,0,4,0,0.0,6.76,29.7,60.0,2026-08-14 10:21:18
2026-01-31,North,District10,0,1,0,0.0,16.62,34.0,50.9,2026-08-14 10:21:18
2026-01-31,North-West,District1,3,5,0,0.0,13.86,24.0,71.4,2026-08-14 10:21:18
2026-01-31,North-West,District2,1,1,1,100.0,1.17,32.5,54.8,2026-08-14 10:21:18
2026-01-31,North-West,District3,1,2,0,0.0,2.76,30.1,89.2,2026-08-14 10:21:18
2026-01-31,North-West,District4,0,5,0,0.0,2.19,21.6,88.4,2026-08-14 10:21:18
2026-01-31,North-West,District5,0,0,0,0.0,10.26,32.2,62.6,2026-08-14 10:21:18
2026-01-31,North-West,District6,1,0,1,100.0,4.54,22.1,84.0,2026-08-14 10:21:18
2026-01-31,North-West,District7,2,2,1,50.0,9.38,21.8,81.6,2026-08-14 10:21:18
2026-01-31,North-West,District8,0,2,0,0.0,19.86,34.9,64.4,2026-08-14 10:21:18
2026-01-31,North-West,District9,0,1,0,0.0,7.64,26.4,64.9,2026-08-14 10:21:18
2026-01-31,North-West,District10,0,3,0,0.0,1.38,31.6,70.0,2026-08-14 10:21:18
2026-01-31,South,District1,0,3,0,0.0,7.66,33.8,76.3,2026-08-14 10:21:18
2026-01-31,South,District2,0,2,0,0.0,4.36,20.7,67.4,2026-08-14 10:21:18
2026-01-31,South,District3,3,4,1,33.33,16.17,23.5,67.6,2026-08-14 10:21:18
2026-01-31,South,District4,2,3,0,0.0,0.06,21.5,70.5,2026-08-14 10:21:18
2026-01-31,South,District5,0,1,0,0.0,17.65,31.0,65.7,2026-08-14 10:21:18
2026-01-31,South,District6,0,1,0,0.0,9.3,27.9,67.6,2026-08-14 10:21:18
2026-01-31,South,District7,0,3,0,0.0,17.21,29.7,73.7,2026-08-14 10:21:18
2026-01-31,South,District8,0,3,0,0.0,4.99,32.9,86.4,2026-08-14 10:21:18
2026-01-31,South,District9,0,2,0,0.0,3.87,24.9,88.7,2026-08-14 10:21:18
2026-01-31,South,District10,0,4,0,0.0,9.17,20.7,63.1,2026-08-14 10:21:18
2026-01-31,South-West,District1,1,5,1,100.0,6.11,31.7,50.7,2026-08-14 10:21:18
2026-01-31,South-West,District2,0,3,0,0.0,0.08,32.6,82.1,2026-08-14 10:21:18
2026-01-31,South-West,District3,2,2,0,0.0,16.21,32.9,69.2,2026-08-14 10:21:18
2026-01-31,South-West,District4,1,5,1,100.0,11.72,23.5,87.5,2026-08-14 10:21:18
2026-01-31,South-West,District5,0,3,0,0.0,19.61,34.9,65.9,2026-08-14 10:21:18
2026-01-31,South-West,District6,0,3,0,0.0,15.73,24.8,88.8,2026-08-14 10:21:18
2026-01-31,South-West,District7,0,5,0,0.0,1.73,30.0,67.0,2026-08-14 10:21:18
2026-01-31,South-West,District8,1,3,1,100.0,3.45,25.4,81.0,2026-08-14 10:21:18
2026-01-31,South-West,District9,0,1,0,0.0,11.76,27.3,82.9,2026-08-14 10:21:18
2026-01-31,South-West,District10,0,5,0,0.0,8.58,33.9,69.0,2026-08-14 10:21:18
2026-01-31,West,District1,0,5,0,0.0,14.82,29.8,83.9,2026-08-14 10:21:18
2026-01-31,West,District2,3,4,1,33.33,16.02,28.8,60.5,2026-08-14 10:21:18
2026-01-31,West,District3,1,1,0,0.0,4.28,31.2,82.4,2026-08-14 10:21:18
2026-01-31,West,District4,3,3,0,0.0,12.2,25.2,67.7,2026-08-14 10:21:18
2026-01-31,West,District5,0,0,0,0.0,13.99,25.0,54.5,2026-08-14 10:21:18
2026-01-31,West,District6,0,3,0,0.0,3.31,29.7,70.5,2026-08-14 10:21:18
2026-01-31,West,District7,1,5,0,0.0,9.4,34.4,61.5,2026-08-14 10:21:18
2026-01-31,West,District8,0,0,0,0.0,16.02,28.4,66.2,2026-08-14 10:21:18
2026-01-31,West,District9,0,4,0,0.0,11.4,28.3,71.5,2026-08-14 10:21:18
2026-01-31,West,District10,0,1,0,0.0,12.15,29.7,88.4,2026-08-14 10:21:18
2026-01-21,Adamawa,District1,2,1,0,0.0,5.9,30.2,85.9,2026-08-14 10:21:18
2026-01-21,Adamawa,District2,0,1,0,0.0,0.22,23.9,72.2,2026-08-14 10:21:18
2026-01-21,Adamawa,District3,0,5,0,0.0,18.54,25.1,52.4,2026-08-14 10:21:18
2026-01-21,Adamawa,District4,0,3,0,0.0,6.59,23.5,89.7,2026-08-14 10:21:18
2026-01-21,Adamawa,District5,0,0,0,0.0,9.91,33.1,88.7,2026-08-14 10:21:18
2026-01-21,Adamawa,District6,0,0,0,0.0,3.3,22.0,67.1,2026-08-14 10:21:18
2026-01-21,Adamawa,District7,0,5,0,0.0,16.16,25.9,70.8,2026-08-14 10:21:18
2026-01-21,Adamawa,District8,0,4,0,0.0,2.53,28.2,56.4,2026-08-14 10:21:18
2026-01-21,Adamawa,District9,2,2,1,50.0,19.58,31.2,89.3,2026-08-14 10:21:18
2026-01-21,Adamawa,District10,0,4,0,0.0,11.13,22.8,50.5,2026-08-14 10:21:18
2026-01-21,Centre,District1,0,0,0,0.0,15.98,27.0,60.7,2026-08-14 10:21:18
2026-01-21,Centre,District2,2,3,1,50.0,13.34,21.8,74.5,2026-08-14 10:21:18
2026-01-21,Centre,District3,1,1,0,0.0,2.77,20.1,57.0,2026-08-14 10:21:18
2026-01-21,Centre,District4,0,1,0,0.0,7.54,25.8,80.5,2026-08-14 10:21:18
2026-01-21,Centre,District5,0,1,0,0.0,19.62,27.4,73.9,2026-08-14 10:21:18
2026-01-21,Centre,District6,0,5,0,0.0,14.28,28.1,58.2,2026-08-14 10:21:18
2026-01-21,Centre,District7,0,3,0,0.0,2.67,24.4,84.7,2026-08-14 10:21:18
2026-01-21,Centre,District8,0,0,0,0.0,16.39,26.5,54.9,2026-08-14 10:21:18
2026-01-21,Centre,District9,2,3,1,50.0,12.59,28.4,87.6,2026-08-14 10:21:18
2026-01-21,Centre,District10,0,5,0,0.0,8.66,23.3,83.5,2026-08-14 10:21:18
2026-01-21,East,District1,3,3,0,0.0,3.72,29.9,88.1,2026-08-14 10:21:18
2026-01-21,East,District2,0,5,0,0.0,5.36,26.0,53.0,2026-08-14 10:21:18
2026-01-21,East,District3,0,4,0,0.0,17.51,24.1,61.1,2026-08-14 10:21:18
2026-01-21,East,District4,1,4,1,100.0,7.03,23.8,73.3,2026-08-14 10:21:18
2026-01-21,East,District5,0,4,0,0.0,17.95,21.0,64.5,2026-08-14 10:21:18
2026-01-21,East,District6,3,1,0,0.0,2.65,33.4,57.3,2026-08-14 10:21:18
2026-01-21,East,District7,2,1,0,0.0,16.47,21.5,67.5,2026-08-14 10:21:18
2026-01-21,East,District8,0,1,0,0.0,15.65,29.1,50.0,2026-08-14 10:21:18
2026-01-21,East,District9,3,5,1,33.33,9.56,30.4,68.2,2026-08-14 10:21:18
2026-01-21,East,District10,1,1,0,0.0,7.04,26.0,79.5,2026-08-14 10:21:18
2026-01-21,Far North,District1,2,0,0,0.0,4.83,28.3,89.2,2026-08-14 10:21:18
2026-01-21,Far North,District2,2,0,1,50.0,6.15,33.1,69.7,2026-08-14 10:21:18
2026-01-21,Far North,District3,1,5,1,100.0,14.75,29.7,58.2,2026-08-14 10:21:18
2026-01-21,Far North,District4,0,5,0,0.0,11.5,22.4,73.4,2026-08-14 10:21:18
2026-01-21,Far North,District5,0,0,0,0.0,10.65,33.9,88.6,2026-08-14 10:21:18
2026-01-21,Far North,District6,0,4,0,0.0,2.02,28.3,54.1,2026-08-14 10:21:18
2026-01-21,Far North,District7,0,4,0,0.0,2.68,20.4,80.6,2026-08-14 10:21:18
2026-01-21,Far North,District8,0,1,0,0.0,13.16,23.9,82.8,2026-08-14 10:21:18
2026-01-21,Far North,District9,0,0,0,0.0,9.54,22.1,77.2,2026-08-14 10:21:18
2026-01-21,Far North,District10,2,2,0,0.0,15.37,30.2,50.5,2026-08-14 10:21:18
2026-01-21,Littoral,District1,3,5,1,33.33,14.71,25.6,78.4,2026-08-14 10:21:18
2026-01-21,Littoral,District2,0,5,0,0.0,17.77,25.6,76.4,2026-08-14 10:21:18
2026-01-21,Littoral,District3,0,0,0,0.0,13.22,23.6,67.4,2026-08-14 10:21:18
2026-01-21,Littoral,District4,0,0,0,0.0,16.52,33.8,81.5,2026-08-14 10:21:18
2026-01-21,Littoral,District5,0,0,0,0.0,14.89,29.7,76.0,2026-08-14 10:21:18
2026-01-21,Littoral,District6,0,0,0,0.0,9.15,27.4,51.1,2026-08-14 10:21:18
2026-01-21,Littoral,District7,0,2,0,0.0,8.04,31.1,59.0,2026-08-14 10:21:18
2026-01-21,Littoral,District8,3,5,1,33.33,13.23,27.3,52.1,2026-08-14 10:21:18
2026-01-21,Littoral,District9,1,2,1,100.0,10.01,24.6,79.3,2026-08-14 10:21:18
2026-01-21,Littoral,District10,0,5,0,0.0,8.8,28.5,75.3,2026-08-14 10:21:18
2026-01-21,North,District1,0,2,0,0.0,18.3,31.2,55.5,2026-08-14 10:21:18
2026-01-21,North,District2,0,1,0,0.0,8.16,20.1,61.7,2026-08-14 10:21:18
2026-01-21,North,District3,0,5,0,0.0,0.58,23.3,56.3,2026-08-14 10:21:18
2026-01-21,North,District4,0,5,0,0.0,4.85,26.6,66.7,2026-08-14 10:21:18
2026-01-21,North,District5,0,3,0,0.0,14.11,22.3,66.9,2026-08-14 10:21:18
2026-01-21,North,District6,1,5,1,100.0,11.92,21.1,50.6,2026-08-14 10:21:18
2026-01-21,North,District7,0,3,0,0.0,14.38,25.4,86.6,2026-08-14 10:21:18
2026-01-21,North,District8,0,2,0,0.0,10.13,29.2,63.1,2026-08-14 10:21:18
2026-01-21,North,District9,0,2,0,0.0,15.57,26.1,63.3,2026-08-14 10:21:18
2026-01-21,North,District10,1,0,1,100.0,18.22,28.1,72.4,2026-08-14 10:21:18
2026-01-21,North-West,District1,3,2,0,0.0,5.47,29.0,73.8,2026-08-14 10:21:18
2026-01-21,North-West,District2,0,5,0,0.0,10.16,23.3,61.6,2026-08-14 10:21:18
2026-01-21,North-West,District3,0,3,0,0.0,4.71,23.2,80.6,2026-08-14 10:21:18
2026-01-21,North-West,District4,0,1,0,0.0,9.17,32.7,88.5,2026-08-14 10:21:18
2026-01-21,North-West,District5,2,5,1,50.0,13.18,21.0,78.8,2026-08-14 10:21:18
2026-01-21,North-West,District6,2,3,1,50.0,19.57,24.7,61.7,2026-08-14 10:21:18
2026-01-21,North-West,District7,0,4,0,0.0,9.16,20.4,83.0,2026-08-14 10:21:18
2026-01-21,North-West,District8,1,0,0,0.0,12.63,25.4,70.1,2026-08-14 10:21:18
2026-01-21,North-West,District9,2,3,1,50.0,15.68,25.7,88.2,2026-08-14 10:21:18
2026-01-21,North-West,District10,3,5,0,0.0,8.35,30.1,61.8,2026-08-14 10:21:18
2026-01-21,South,District1,0,4,0,0.0,13.23,26.4,58.0,2026-08-14 10:21:18
2026-01-21,South,District2,2,2,0,0.0,4.02,29.4,76.8,2026-08-14 10:21:18
2026-01-21,South,District3,1,0,1,100.0,9.66,26.4,50.4,2026-08-14 10:21:18
2026-01-21,South,District4,0,5,0,0.0,9.25,29.0,67.2,2026-08-14 10:21:18
2026-01-21,South,District5,0,3,0,0.0,10.45,28.1,71.7,2026-08-14 10:21:18
2026-01-21,South,District6,0,3,0,0.0,18.43,20.1,61.5,2026-08-14 10:21:18
2026-01-21,South,District7,0,2,0,0.0,17.84,32.6,85.1,2026-08-14 10:21:18
2026-01-21,South,District8,0,3,0,0.0,3.83,24.6,86.5,2026-08-14 10:21:18
2026-01-21,South,District9,0,3,0,0.0,14.44,28.0,74.7,2026-08-14 10:21:18
2026-01-21,South,District10,0,5,0,0.0,8.03,20.5,63.0,2026-08-14 10:21:18
2026-01-21,South-West,District1,0,3,0,0.0,12.29,30.5,87.7,2026-08-14 10:21:18
2026-01-21,South-West,District2,0,3,0,0.0,8.1,20.8,87.3,2026-08-14 10:21:18
2026-01-21,South-West,District3,0,2,0,0.0,2.33,22.3,69.6,2026-08-14 10:21:18
2026-01-21,South-West,District4,2,1,0,0.0,4.31,23.7,87.1,2026-08-14 10:21:18
2026-01-21,South-West,District5,0,2,0,0.0,19.25,26.8,74.7,2026-08-14 10:21:18
2026-01-21,South-West,District6,0,1,0,0.0,16.45,33.0,78.6,2026-08-14 10:21:18
2026-01-21,South-West,District7,0,4,0,0.0,14.07,23.6,60.2,2026-08-14 10:21:18
2026-01-21,South-West,District8,0,3,0,0.0,8.95,25.4,89.1,2026-08-14 10:21:18
2026-01-21,South-West,District9,2,1,1,50.0,9.59,25.7,51.7,2026-08-14 10:21:18
2026-01-21,South-West,District10,0,4,0,0.0,13.53,33.5,61.7,2026-08-14 10:21:18
2026-01-21,West,District1,0,2,0,0.0,19.69,29.9,69.3,2026-08-14 10:21:18
2026-01-21,West,District2,0,4,0,0.0,9.5,27.1,56.1,2026-08-14 10:21:18
2026-01-21,West,District3,1,3,1,100.0,6.04,23.6,70.4,2026-08-14 10:21:18
2026-01-21,West,District4,0,5,0,0.0,3.16,21.0,50.3,2026-08-14 10:21:18
2026-01-21,West,District5,0,2,0,0.0,19.41,25.3,88.2,2026-08-14 10:21:18
2026-01-21,West,District6,3,2,0,0.0,19.69,26.8,60.8,2026-08-14 10:21:18
2026-01-21,West,District7,0,4,0,0.0,13.3,21.9,54.6,2026-08-14 10:21:18
2026-01-21,West,District8,2,0,1,50.0,10.07,25.7,86.5,2026-08-14 10:21:18
2026-01-21,West,District9,0,1,0,0.0,17.67,30.5,53.6,2026-08-14 10:21:18
2026-01-21,West,District10,0,0,0,0.0,12.42,27.2,77.3,2026-08-14 10:21:18
2026-01-29,Adamawa,District1,1,1,1,100.0,15.26,23.9,62.3,2026-08-14 10:21:18
2026-01-29,Adamawa,District2,3,5,0,0.0,5.84,25.4,59.5,2026-08-14 10:21:18
2026-01-29,Adamawa,District3,0,2,0,0.0,18.7,23.9,84.1,2026-08-14 10:21:18
2026-01-29,Adamawa,District4,3,1,0,0.0,12.8,20.6,63.7,2026-08-14 10:21:18
2026-01-29,Adamawa,District5,3,3,1,33.33,16.9,25.8,61.4,2026-08-14 10:21:18
2026-01-29,Adamawa,District6,0,2,0,0.0,15.98,34.0,54.1,2026-08-14 10:21:18
2026-01-29,Adamawa,District7,0,1,0,0.0,5.89,33.2,64.3,2026-08-14 10:21:18
2026-01-29,Adamawa,District8,0,2,0,0.0,0.09,25.8,56.3,2026-08-14 10:21:18
2026-01-29,Adamawa,District9,2,2,1,50.0,11.61,22.8,55.9,2026-08-14 10:21:18
2026-01-29,Adamawa,District10,0,3,0,0.0,8.09,23.0,55.8,2026-08-14 10:21:18
2026-01-29,Centre,District1,0,2,0,0.0,6.0,21.4,86.3,2026-08-14 10:21:18
2026-01-29,Centre,District2,0,2,0,0.0,0.5,27.7,64.6,2026-08-14 10:21:18
2026-01-29,Centre,District3,1,0,1,100.0,12.39,28.7,80.6,2026-08-14 10:21:18
2026-01-29,Centre,District4,0,3,0,0.0,10.3,34.8,58.8,2026-08-14 10:21:18
2026-01-29,Centre,District5,0,5,0,0.0,6.8,34.4,53.6,2026-08-14 10:21:18
2026-01-29,Centre,District6,0,1,0,0.0,19.02,29.7,72.7,2026-08-14 10:21:18
2026-01-29,Centre,District7,0,4,0,0.0,9.13,24.7,72.0,2026-08-14 10:21:18
2026-01-29,Centre,District8,0,3,0,0.0,5.68,25.8,89.1,2026-08-14 10:21:18
2026-01-29,Centre,District9,1,3,0,0.0,3.31,26.3,57.7,2026-08-14 10:21:18
2026-01-29,Centre,District10,0,4,0,0.0,7.2,20.9,75.4,2026-08-14 10:21:18
2026-01-29,East,District1,1,5,0,0.0,19.7,22.6,58.5,2026-08-14 10:21:18
2026-01-29,East,District2,0,0,0,0.0,4.88,32.9,74.3,2026-08-14 10:21:18
2026-01-29,East,District3,0,0,0,0.0,19.5,31.8,78.8,2026-08-14 10:21:18
2026-01-29,East,District4,0,4,0,0.0,10.07,34.0,71.0,2026-08-14 10:21:18
2026-01-29,East,District5,1,4,1,100.0,7.18,20.1,53.7,2026-08-14 10:21:18
2026-01-29,East,District6,0,5,0,0.0,13.9,24.3,75.1,2026-08-14 10:21:18
2026-01-29,East,District7,0,5,0,0.0,12.88,34.4,64.0,2026-08-14 10:21:18
2026-01-29,East,District8,0,0,0,0.0,18.53,32.7,80.3,2026-08-14 10:21:18
2026-01-29,East,District9,0,0,0,0.0,10.37,27.3,71.4,2026-08-14 10:21:18
2026-01-29,East,District10,0,3,0,0.0,15.21,27.0,68.1,2026-08-14 10:21:18
2026-01-29,Far North,District1,2,3,1,50.0,11.69,24.9,88.3,2026-08-14 10:21:18
2026-01-29,Far North,District2,0,1,0,0.0,15.89,25.2,78.2,2026-08-14 10:21:18
2026-01-29,Far North,District3,0,3,0,0.0,5.38,27.5,54.7,2026-08-14 10:21:18
2026-01-29,Far North,District4,0,0,0,0.0,4.27,33.6,75.0,2026-08-14 10:21:18
2026-01-29,Far North,District5,0,4,0,0.0,13.78,31.7,82.6,2026-08-14 10:21:18
2026-01-29,Far North,District6,0,2,0,0.0,8.53,28.5,67.0,2026-08-14 10:21:18
2026-01-29,Far North,District7,0,3,0,0.0,7.35,20.8,66.8,2026-08-14 10:21:18
2026-01-29,Far North,District8,1,2,1,100.0,4.11,31.9,61.1,2026-08-14 10:21:18
2026-01-29,Far North,District9,1,2,0,0.0,11.37,29.5,77.0,2026-08-14 10:21:18
2026-01-29,Far North,District10,1,3,1,100.0,6.06,20.1,53.3,2026-08-14 10:21:18
2026-01-29,Littoral,District1,0,0,0,0.0,16.56,30.2,51.3,2026-08-14 10:21:18
2026-01-29,Littoral,District2,1,3,1,100.0,9.84,33.7,88.6,2026-08-14 10:21:18
2026-01-29,Littoral,District3,1,4,1,100.0,2.33,27.4,59.7,2026-08-14 10:21:18
2026-01-29,Littoral,District4,0,1,0,0.0,18.83,27.0,64.6,2026-08-14 10:21:18
2026-01-29,Littoral,District5,0,0,0,0.0,6.61,32.9,69.1,2026-08-14 10:21:18
2026-01-29,Littoral,District6,0,5,0,0.0,10.96,34.2,70.5,2026-08-14 10:21:18
2026-01-29,Littoral,District7,0,4,0,0.0,10.08,32.7,77.6,2026-08-14 10:21:18
2026-01-29,Littoral,District8,1,4,0,0.0,18.81,35.0,79.7,2026-08-14 10:21:18
2026-01-29,Littoral,District9,0,1,0,0.0,2.49,20.1,70.5,2026-08-14 10:21:18
2026-01-29,Littoral,District10,0,5,0,0.0,1.62,26.5,59.5,2026-08-14 10:21:18
2026-01-29,North,District1,2,1,0,0.0,16.29,28.1,64.4,2026-08-14 10:21:18
2026-01-29,North,District2,0,4,0,0.0,1.68,22.7,79.7,2026-08-14 10:21:18
2026-01-29,North,District3,1,1,0,0.0,4.72,22.7,61.7,2026-08-14 10:21:18
2026-01-29,North,District4,0,2,0,0.0,18.14,22.2,61.4,2026-08-14 10:21:18
2026-01-29,North,District5,0,3,0,0.0,17.33,32.8,69.9,2026-08-14 10:21:18
2026-01-29,North,District6,0,0,0,0.0,14.96,21.9,65.8,2026-08-14 10:21:18
2026-01-29,North,District7,0,2,0,0.0,10.67,30.4,62.8,2026-08-14 10:21:18
2026-01-29,North,District8,0,2,0,0.0,13.26,33.7,79.9,2026-08-14 10:21:18
2026-01-29,North,District9,0,3,0,0.0,10.05,20.5,61.5,2026-08-14 10:21:18
2026-01-29,North,District10,0,2,0,0.0,4.7,22.2,73.4,2026-08-14 10:21:18
2026-01-29,North-West,District1,0,1,0,0.0,4.08,20.9,68.9,2026-08-14 10:21:18
2026-01-29,North-West,District2,2,3,0,0.0,13.8,22.6,80.1,2026-08-14 10:21:18
2026-01-29,North-West,District3,0,1,0,0.0,4.83,22.5,90.0,2026-08-14 10:21:18
2026-01-29,North-West,District4,0,3,0,0.0,19.47,22.8,89.1,2026-08-14 10:21:18
2026-01-29,North-West,District5,0,0,0,0.0,18.45,34.8,53.5,2026-08-14 10:21:18
2026-01-29,North-West,District6,1,1,0,0.0,7.46,32.9,72.1,2026-08-14 10:21:18
2026-01-29,North-West,District7,1,2,0,0.0,9.73,22.4,66.4,2026-08-14 10:21:18
2026-01-29,North-West,District8,0,3,0,0.0,7.0,21.4,80.3,2026-08-14 10:21:18
2026-01-29,North-West,District9,0,3,0,0.0,1.62,23.7,74.2,2026-08-14 10:21:18
2026-01-29,North-West,District10,0,2,0,0.0,7.74,31.0,79.1,2026-08-14 10:21:18
2026-01-29,South,District1,1,2,1,100.0,10.87,30.3,87.4,2026-08-14 10:21:18
2026-01-29,South,District2,0,1,0,0.0,17.64,34.1,69.0,2026-08-14 10:21:18
2026-01-29,South,District3,0,4,0,0.0,15.32,32.5,82.4,2026-08-14 10:21:18
2026-01-29,South,District4,0,0,0,0.0,19.27,31.6,72.8,2026-08-14 10:21:18
2026-01-29,South,District5,0,0,0,0.0,17.75,33.2,85.3,2026-08-14 10:21:18
2026-01-29,South,District6,0,1,0,0.0,2.99,23.6,79.4,2026-08-14 10:21:18
2026-01-29,South,District7,0,0,0,0.0,1.15,22.8,53.0,2026-08-14 10:21:18
2026-01-29,South,District8,0,5,0,0.0,16.35,22.2,90.0,2026-08-14 10:21:18
2026-01-29,South,District9,0,0,0,0.0,6.3,28.5,65.8,2026-08-14 10:21:18
2026-01-29,South,District10,0,3,0,0.0,7.19,33.2,51.5,2026-08-14 10:21:18
2026-01-29,South-West,District1,1,4,0,0.0,13.93,32.4,62.1,2026-08-14 10:21:18
2026-01-29,South-West,District2,0,0,0,0.0,17.9,23.6,51.2,2026-08-14 10:21:18
2026-01-29,South-West,District3,0,5,0,0.0,7.02,29.1,72.5,2026-08-14 10:21:18
2026-01-29,South-West,District4,0,0,0,0.0,5.65,21.2,50.5,2026-08-14 10:21:18
2026-01-29,South-West,District5,0,0,0,0.0,19.51,24.8,86.2,2026-08-14 10:21:18
2026-01-29,South-West,District6,0,0,0,0.0,17.46,24.0,52.3,2026-08-14 10:21:18
2026-01-29,South-West,District7,0,1,0,0.0,17.57,28.5,56.9,2026-08-14 10:21:18
2026-01-29,South-West,District8,0,2,0,0.0,10.54,21.7,75.4,2026-08-14 10:21:18
2026-01-29,South-West,District9,0,5,0,0.0,16.29,27.3,87.8,2026-08-14 10:21:18
2026-01-29,South-West,District10,0,0,0,0.0,1.36,34.3,86.2,2026-08-14 10:21:18
2026-01-29,West,District1,0,2,0,0.0,13.89,25.0,74.5,2026-08-14 10:21:18
2026-01-29,West,District2,0,1,0,0.0,6.61,25.0,82.1,2026-08-14 10:21:18
2026-01-29,West,District3,0,2,0,0.0,6.51,26.1,51.3,2026-08-14 10:21:18
2026-01-29,West,District4,0,5,0,0.0,14.51,20.1,65.3,2026-08-14 10:21:18
2026-01-29,West,District5,2,1,1,50.0,15.24,27.2,73.1,2026-08-14 10:21:18
2026-01-29,West,District6,0,1,0,0.0,10.09,28.1,65.5,2026-08-14 10:21:18
2026-01-29,West,District7,0,1,0,0.0,11.25,34.1,62.5,2026-08-14 10:21:18
2026-01-29,West,District8,0,4,0,0.0,10.3,25.4,54.6,2026-08-14 10:21:18
2026-01-29,West,District9,1,3,1,100.0,9.83,34.8,51.5,2026-08-14 10:21:18
2026-01-29,West,District10,1,3,0,0.0,2.05,24.1,78.4,2026-08-14 10:21:18
2026-01-02,Adamawa,District1,0,1,0,0.0,18.97,32.0,88.2,2026-08-14 10:21:18
2026-01-02,Adamawa,District2,2,4,1,50.0,3.42,21.7,77.3,2026-08-14 10:21:18
2026-01-02,Adamawa,District3,0,3,0,0.0,16.48,26.3,87.5,2026-08-14 10:21:18
2026-01-02,Adamawa,District4,0,2,0,0.0,13.04,20.2,88.4,2026-08-14 10:21:18
2026-01-02,Adamawa,District5,0,1,0,0.0,4.27,31.2,84.9,2026-08-14 10:21:18
2026-01-02,Adamawa,District6,0,0,0,0.0,8.76,21.3,63.8,2026-08-14 10:21:18
2026-01-02,Adamawa,District7,3,1,0,0.0,3.68,21.3,69.3,2026-08-14 10:21:18
2026-01-02,Adamawa,District8,0,1,0,0.0,12.78,30.2,73.8,2026-08-14 10:21:18
2026-01-02,Adamawa,District9,0,5,0,0.0,11.88,34.3,70.7,2026-08-14 10:21:18
2026-01-02,Adamawa,District10,0,0,0,0.0,15.55,23.1,69.9,2026-08-14 10:21:18
2026-01-02,Centre,District1,2,5,1,50.0,4.54,25.9,59.2,2026-08-14 10:21:18
2026-01-02,Centre,District2,0,4,0,0.0,19.21,30.5,59.5,2026-08-14 10:21:18
2026-01-02,Centre,District3,0,2,0,0.0,13.02,28.3,52.7,2026-08-14 10:21:18
2026-01-02,Centre,District4,3,0,1,33.33,5.68,28.1,82.5,2026-08-14 10:21:18
2026-01-02,Centre,District5,2,1,0,0.0,10.35,20.5,82.5,2026-08-14 10:21:18
2026-01-02,Centre,District6,0,4,0,0.0,7.95,20.4,82.3,2026-08-14 10:21:18
2026-01-02,Centre,District7,2,0,1,50.0,3.68,29.1,89.8,2026-08-14 10:21:18
2026-01-02,Centre,District8,0,4,0,0.0,15.01,24.1,54.7,2026-08-14 10:21:18
2026-01-02,Centre,District9,0,4,0,0.0,7.6,21.1,63.5,2026-08-14 10:21:18
2026-01-02,Centre,District10,0,4,0,0.0,16.8,26.9,61.0,2026-08-14 10:21:18
2026-01-02,East,District1,2,3,1,50.0,11.2,33.1,52.1,2026-08-14 10:21:18
2026-01-02,East,District2,0,3,0,0.0,16.47,27.1,82.2,2026-08-14 10:21:18
2026-01-02,East,District3,0,5,0,0.0,18.15,31.8,51.9,2026-08-14 10:21:18
2026-01-02,East,District4,0,4,0,0.0,14.38,26.2,53.7,2026-08-14 10:21:18
2026-01-02,East,District5,1,1,1,100.0,8.76,28.3,51.0,2026-08-14 10:21:18
2026-01-02,East,District6,0,0,0,0.0,16.23,33.4,61.0,2026-08-14 10:21:18
2026-01-02,East,District7,0,3,0,0.0,11.44,20.9,72.8,2026-08-14 10:21:18
2026-01-02,East,District8,2,5,0,0.0,12.69,20.5,61.7,2026-08-14 10:21:18
2026-01-02,East,District9,2,2,1,50.0,9.62,23.3,50.2,2026-08-14 10:21:18
2026-01-02,East,District10,3,5,0,0.0,7.36,23.8,62.2,2026-08-14 10:21:18
2026-01-02,Far North,District1,0,4,0,0.0,13.67,30.2,50.2,2026-08-14 10:21:18
2026-01-02,Far North,District2,0,0,0,0.0,14.97,27.3,68.8,2026-08-14 10:21:18
2026-01-02,Far North,District3,0,5,0,0.0,7.11,25.3,69.6,2026-08-14 10:21:18
2026-01-02,Far North,District4,0,1,0,0.0,17.14,24.6,65.2,2026-08-14 10:21:18
2026-01-02,Far North,District5,0,1,0,0.0,7.98,34.5,51.3,2026-08-14 10:21:18
2026-01-02,Far North,District6,0,2,0,0.0,0.43,28.5,69.1,2026-08-14 10:21:18
2026-01-02,Far North,District7,0,4,0,0.0,7.57,31.3,65.2,2026-08-14 10:21:18
2026-01-02,Far North,District8,1,5,1,100.0,2.85,25.5,85.5,2026-08-14 10:21:18
2026-01-02,Far North,District9,0,4,0,0.0,13.93,30.4,68.9,2026-08-14 10:21:18
2026-01-02,Far North,District10,0,3,0,0.0,15.16,30.8,63.0,2026-08-14 10:21:18
2026-01-02,Littoral,District1,1,3,1,100.0,8.15,20.4,53.9,2026-08-14 10:21:18
2026-01-02,Littoral,District2,3,1,0,0.0,9.06,31.6,73.1,2026-08-14 10:21:18
2026-01-02,Littoral,District3,3,5,1,33.33,18.21,32.5,63.4,2026-08-14 10:21:18
2026-01-02,Littoral,District4,0,1,0,0.0,9.22,33.3,78.7,2026-08-14 10:21:18
2026-01-02,Littoral,District5,0,3,0,0.0,15.76,20.1,56.4,2026-08-14 10:21:18
2026-01-02,Littoral,District6,0,5,0,0.0,1.71,20.5,89.3,2026-08-14 10:21:18
2026-01-02,Littoral,District7,1,3,0,0.0,5.36,32.8,68.4,2026-08-14 10:21:18
2026-01-02,Littoral,District8,0,3,0,0.0,11.58,30.7,83.7,2026-08-14 10:21:18
2026-01-02,Littoral,District9,3,1,1,33.33,18.83,27.5,62.5,2026-08-14 10:21:18
2026-01-02,Littoral,District10,0,1,0,0.0,9.78,26.2,78.6,2026-08-14 10:21:18
2026-01-02,North,District1,0,5,0,0.0,6.74,32.2,63.9,2026-08-14 10:21:18
2026-01-02,North,District2,0,5,0,0.0,11.77,22.9,85.8,2026-08-14 10:21:18
2026-01-02,North,District3,0,1,0,0.0,15.62,27.1,81.1,2026-08-14 10:21:18
2026-01-02,North,District4,0,4,0,0.0,12.32,21.8,52.1,2026-08-14 10:21:18
2026-01-02,North,District5,0,5,0,0.0,19.93,30.8,70.9,2026-08-14 10:21:18
2026-01-02,North,District6,0,5,0,0.0,5.84,22.1,56.2,2026-08-14 10:21:18
2026-01-02,North,District7,1,5,1,100.0,12.86,32.2,90.0,2026-08-14 10:21:18
2026-01-02,North,District8,0,4,0,0.0,13.06,29.0,54.0,2026-08-14 10:21:18
2026-01-02,North,District9,1,4,1,100.0,6.08,32.2,88.7,2026-08-14 10:21:18
2026-01-02,North,District10,0,5,0,0.0,13.45,26.5,78.4,2026-08-14 10:21:18
2026-01-02,North-West,District1,0,2,0,0.0,2.71,35.0,88.9,2026-08-14 10:21:18
2026-01-02,North-West,District2,3,2,0,0.0,11.71,20.2,53.4,2026-08-14 10:21:18
2026-01-02,North-West,District3,0,5,0,0.0,4.3,21.2,52.8,2026-08-14 10:21:18
2026-01-02,North-West,District4,0,4,0,0.0,5.22,31.8,87.4,2026-08-14 10:21:18
2026-01-02,North-West,District5,1,3,1,100.0,8.42,23.0,81.3,2026-08-14 10:21:18
2026-01-02,North-West,District6,1,2,1,100.0,3.38,23.5,75.3,2026-08-14 10:21:18
2026-01-02,North-West,District7,0,1,0,0.0,9.13,22.5,83.8,2026-08-14 10:21:18
2026-01-02,North-West,District8,1,0,1,100.0,2.72,26.3,72.1,2026-08-14 10:21:18
2026-01-02,North-West,District9,0,1,0,0.0,16.45,33.8,82.2,2026-08-14 10:21:18
2026-01-02,North-West,District10,0,1,0,0.0,13.02,21.3,85.8,2026-08-14 10:21:18
2026-01-02,South,District1,0,4,0,0.0,1.69,22.0,73.8,2026-08-14 10:21:18
2026-01-02,South,District2,0,3,0,0.0,3.08,28.8,63.0,2026-08-14 10:21:18
2026-01-02,South,District3,2,4,0,0.0,18.71,22.7,73.9,2026-08-14 10:21:18
2026-01-02,South,District4,2,2,1,50.0,14.7,21.0,75.7,2026-08-14 10:21:18
2026-01-02,South,District5,1,5,1,100.0,16.28,24.8,53.0,2026-08-14 10:21:18
2026-01-02,South,District6,0,3,0,0.0,8.27,26.7,66.1,2026-08-14 10:21:18
2026-01-02,South,District7,0,4,0,0.0,16.94,26.1,81.4,2026-08-14 10:21:18
2026-01-02,South,District8,0,1,0,0.0,10.49,26.9,52.6,2026-08-14 10:21:18
2026-01-02,South,District9,0,0,0,0.0,14.53,24.7,75.6,2026-08-14 10:21:18
2026-01-02,South,District10,1,0,1,100.0,17.58,29.3,71.8,2026-08-14 10:21:18
2026-01-02,South-West,District1,3,5,1,33.33,5.35,23.1,69.0,2026-08-14 10:21:18
2026-01-02,South-West,District2,0,5,0,0.0,12.81,23.2,82.5,2026-08-14 10:21:18
2026-01-02,South-West,District3,0,1,0,0.0,3.23,20.7,79.0,2026-08-14 10:21:18
2026-01-02,South-West,District4,1,3,0,0.0,16.33,21.6,78.4,2026-08-14 10:21:18
2026-01-02,South-West,District5,0,5,0,0.0,3.25,23.0,58.3,2026-08-14 10:21:18
2026-01-02,South-West,District6,2,3,0,0.0,5.21,27.9,66.4,2026-08-14 10:21:18
2026-01-02,South-West,District7,1,0,1,100.0,1.31,29.5,73.7,2026-08-14 10:21:18
2026-01-02,South-West,District8,1,4,1,100.0,6.04,29.8,57.0,2026-08-14 10:21:18
2026-01-02,South-West,District9,2,5,0,0.0,5.86,31.8,73.6,2026-08-14 10:21:18
2026-01-02,South-West,District10,1,3,0,0.0,11.61,27.3,52.8,2026-08-14 10:21:18
2026-01-02,West,District1,0,5,0,0.0,0.63,23.0,68.0,2026-08-14 10:21:18
2026-01-02,West,District2,3,3,0,0.0,17.45,28.2,52.2,2026-08-14 10:21:18
2026-01-02,West,District3,0,2,0,0.0,4.39,23.0,88.6,2026-08-14 10:21:18
2026-01-02,West,District4,0,5,0,0.0,6.76,28.9,59.7,2026-08-14 10:21:18
2026-01-02,West,District5,0,4,0,0.0,18.91,26.8,82.5,2026-08-14 10:21:18
2026-01-02,West,District6,0,3,0,0.0,7.02,26.1,81.8,2026-08-14 10:21:18
2026-01-02,West,District7,0,4,0,0.0,11.24,31.5,76.6,2026-08-14 10:21:18
2026-01-02,West,District8,0,4,0,0.0,15.12,30.5,53.4,2026-08-14 10:21:18
2026-01-02,West,District9,1,5,0,0.0,16.08,20.2,82.5,2026-08-14 10:21:18
2026-01-02,West,District10,0,2,0,0.0,10.74,20.2,68.3,2026-08-14 10:21:18
2026-02-16,Adamawa,District1,0,4,0,0.0,7.24,31.5,85.3,2026-08-14 10:21:18
2026-02-16,Adamawa,District2,0,3,0,0.0,15.6,22.8,53.9,2026-08-14 10:21:18
2026-02-16,Adamawa,District3,2,0,0,0.0,3.27,25.7,81.3,2026-08-14 10:21:18
2026-02-16,Adamawa,District4,1,0,0,0.0,3.98,22.6,66.1,2026-08-14 10:21:18
2026-02-16,Adamawa,District5,0,3,0,0.0,6.09,29.4,68.7,2026-08-14 10:21:18
2026-02-16,Adamawa,District6,0,2,0,0.0,1.44,31.3,85.7,2026-08-14 10:21:18
2026-02-16,Adamawa,District7,0,0,0,0.0,10.86,30.3,78.3,2026-08-14 10:21:18
2026-02-16,Adamawa,District8,0,4,0,0.0,17.96,20.5,60.0,2026-08-14 10:21:18
2026-02-16,Adamawa,District9,0,4,0,0.0,3.98,23.0,77.6,2026-08-14 10:21:18
2026-02-16,Adamawa,District10,0,2,0,0.0,5.43,30.6,89.9,2026-08-14 10:21:18
2026-02-16,Centre,District1,1,3,0,0.0,10.01,24.0,68.9,2026-08-14 10:21:18
2026-02-16,Centre,District2,0,0,0,0.0,13.59,34.5,66.5,2026-08-14 10:21:18
2026-02-16,Centre,District3,0,1,0,0.0,12.97,20.4,70.7,2026-08-14 10:21:18
2026-02-16,Centre,District4,1,4,0,0.0,1.56,27.8,64.8,2026-08-14 10:21:18
2026-02-16,Centre,District5,0,5,0,0.0,7.96,28.3,58.4,2026-08-14 10:21:18
2026-02-16,Centre,District6,0,0,0,0.0,15.71,31.6,51.7,2026-08-14 10:21:18
2026-02-16,Centre,District7,0,1,0,0.0,16.89,21.5,57.3,2026-08-14 10:21:18
2026-02-16,Centre,District8,0,3,0,0.0,18.14,30.3,70.0,2026-08-14 10:21:18
2026-02-16,Centre,District9,2,1,1,50.0,12.51,21.1,51.7,2026-08-14 10:21:18
2026-02-16,Centre,District10,1,4,1,100.0,14.22,26.8,63.2,2026-08-14 10:21:18
2026-02-16,East,District1,0,0,0,0.0,10.2,21.9,76.6,2026-08-14 10:21:18
2026-02-16,East,District2,2,4,0,0.0,18.02,25.1,60.0,2026-08-14 10:21:18
2026-02-16,East,District3,0,1,0,0.0,4.45,32.4,89.6,2026-08-14 10:21:18
2026-02-16,East,District4,1,5,1,100.0,3.08,26.8,60.7,2026-08-14 10:21:18
2026-02-16,East,District5,0,2,0,0.0,10.64,32.8,85.7,2026-08-14 10:21:18
2026-02-16,East,District6,1,1,1,100.0,3.33,26.3,88.9,2026-08-14 10:21:18
2026-02-16,East,District7,0,0,0,0.0,10.51,30.2,64.1,2026-08-14 10:21:18
2026-02-16,East,District8,3,1,1,33.33,1.97,32.8,89.1,2026-08-14 10:21:18
2026-02-16,East,District9,0,2,0,0.0,1.43,32.7,79.1,2026-08-14 10:21:18
2026-02-16,East,District10,0,3,0,0.0,19.8,30.7,86.6,2026-08-14 10:21:18
2026-02-16,Far North,District1,0,1,0,0.0,2.12,29.7,79.2,2026-08-14 10:21:18
2026-02-16,Far North,District2,0,2,0,0.0,18.51,23.5,78.4,2026-08-14 10:21:18
2026-02-16,Far North,District3,0,2,0,0.0,13.85,22.7,89.1,2026-08-14 10:21:18
2026-02-16,Far North,District4,0,3,0,0.0,9.46,34.4,60.4,2026-08-14 10:21:18
2026-02-16,Far North,District5,2,2,1,50.0,6.28,29.1,71.8,2026-08-14 10:21:18
2026-02-16,Far North,District6,0,5,0,0.0,13.59,21.3,66.3,2026-08-14 10:21:18
2026-02-16,Far North,District7,0,4,0,0.0,14.86,25.5,52.6,2026-08-14 10:21:18
2026-02-16,Far North,District8,0,4,0,0.0,17.68,30.6,71.6,2026-08-14 10:21:18
2026-02-16,Far North,District9,0,2,0,0.0,1.8,22.1,60.5,2026-08-14 10:21:18
2026-02-16,Far North,District10,0,2,0,0.0,6.58,31.6,86.1,2026-08-14 10:21:18
2026-02-16,Littoral,District1,0,3,0,0.0,2.02,21.1,79.9,2026-08-14 10:21:18
2026-02-16,Littoral,District2,0,3,0,0.0,17.02,31.9,71.5,2026-08-14 10:21:18
2026-02-16,Littoral,District3,0,3,0,0.0,14.34,24.7,60.4,2026-08-14 10:21:18
2026-02-16,Littoral,District4,0,3,0,0.0,1.29,20.7,53.9,2026-08-14 10:21:18
2026-02-16,Littoral,District5,1,4,1,100.0,12.11,27.0,73.0,2026-08-14 10:21:18
2026-02-16,Littoral,District6,0,2,0,0.0,10.37,24.2,59.3,2026-08-14 10:21:18
2026-02-16,Littoral,District7,0,2,0,0.0,16.58,22.4,72.4,2026-08-14 10:21:18
2026-02-16,Littoral,District8,0,1,0,0.0,18.08,29.6,60.4,2026-08-14 10:21:18
2026-02-16,Littoral,District9,0,0,0,0.0,19.0,24.8,63.0,2026-08-14 10:21:18
2026-02-16,Littoral,District10,0,0,0,0.0,6.12,27.0,62.5,2026-08-14 10:21:18
2026-02-16,North,District1,0,3,0,0.0,4.01,27.6,51.1,2026-08-14 10:21:18
2026-02-16,North,District2,0,4,0,0.0,13.27,26.9,87.6,2026-08-14 10:21:18
2026-02-16,North,District3,0,5,0,0.0,6.05,33.6,73.9,2026-08-14 10:21:18
2026-02-16,North,District4,0,4,0,0.0,5.78,30.6,81.5,2026-08-14 10:21:18
2026-02-16,North,District5,0,1,0,0.0,18.63,25.6,82.0,2026-08-14 10:21:18
2026-02-16,North,District6,0,0,0,0.0,19.46,31.9,89.8,2026-08-14 10:21:18
2026-02-16,North,District7,0,1,0,0.0,13.63,34.4,50.6,2026-08-14 10:21:18
2026-02-16,North,District8,0,1,0,0.0,10.76,32.9,74.0,2026-08-14 10:21:18
2026-02-16,North,District9,2,1,0,0.0,10.42,23.6,70.0,2026-08-14 10:21:18
2026-02-16,North,District10,0,1,0,0.0,16.74,25.1,86.1,2026-08-14 10:21:18
2026-02-16,North-West,District1,2,2,1,50.0,14.81,26.8,81.1,2026-08-14 10:21:18
2026-02-16,North-West,District2,0,5,0,0.0,16.7,28.9,55.0,2026-08-14 10:21:18
2026-02-16,North-West,District3,0,4,0,0.0,15.61,24.9,53.1,2026-08-14 10:21:18
2026-02-16,North-West,District4,2,5,0,0.0,6.97,32.8,73.0,2026-08-14 10:21:18
2026-02-16,North-West,District5,1,3,0,0.0,4.23,28.6,78.5,2026-08-14 10:21:18
2026-02-16,North-West,District6,0,4,0,0.0,11.13,23.2,54.9,2026-08-14 10:21:18
2026-02-16,North-West,District7,2,3,1,50.0,17.33,20.8,53.3,2026-08-14 10:21:18
2026-02-16,North-West,District8,1,4,1,100.0,9.25,31.3,88.9,2026-08-14 10:21:18
2026-02-16,North-West,District9,1,3,1,100.0,7.09,21.7,89.0,2026-08-14 10:21:18
2026-02-16,North-West,District10,0,0,0,0.0,0.21,20.8,78.9,2026-08-14 10:21:18
2026-02-16,South,District1,0,0,0,0.0,4.92,31.9,51.0,2026-08-14 10:21:18
2026-02-16,South,District2,0,4,0,0.0,19.19,31.5,77.7,2026-08-14 10:21:18
2026-02-16,South,District3,0,2,0,0.0,3.12,33.6,56.7,2026-08-14 10:21:18
2026-02-16,South,District4,0,5,0,0.0,3.09,26.1,60.0,2026-08-14 10:21:18
2026-02-16,South,District5,0,2,0,0.0,6.72,34.7,58.0,2026-08-14 10:21:18
2026-02-16,South,District6,0,3,0,0.0,4.48,30.4,78.6,2026-08-14 10:21:18
2026-02-16,South,District7,0,1,0,0.0,10.72,22.9,62.1,2026-08-14 10:21:18
2026-02-16,South,District8,0,1,0,0.0,9.77,20.4,61.6,2026-08-14 10:21:18
2026-02-16,South,District9,1,5,0,0.0,5.46,23.7,58.9,2026-08-14 10:21:18
2026-02-16,South,District10,3,0,0,0.0,2.73,20.9,62.3,2026-08-14 10:21:18
2026-02-16,South-West,District1,0,3,0,0.0,12.64,34.2,68.5,2026-08-14 10:21:18
2026-02-16,South-West,District2,0,3,0,0.0,19.42,34.1,77.3,2026-08-14 10:21:18
2026-02-16,South-West,District3,2,5,0,0.0,14.58,23.9,57.8,2026-08-14 10:21:18
2026-02-16,South-West,District4,1,1,0,0.0,7.97,24.0,69.9,2026-08-14 10:21:18
2026-02-16,South-West,District5,2,4,0,0.0,5.23,34.9,62.6,2026-08-14 10:21:18
2026-02-16,South-West,District6,1,0,1,100.0,6.64,20.4,89.9,2026-08-14 10:21:18
2026-02-16,South-West,District7,0,5,0,0.0,11.18,28.1,89.4,2026-08-14 10:21:18
2026-02-16,South-West,District8,0,5,0,0.0,7.21,22.1,83.9,2026-08-14 10:21:18
2026-02-16,South-West,District9,1,3,1,100.0,16.1,24.6,77.3,2026-08-14 10:21:18
2026-02-16,South-West,District10,0,5,0,0.0,0.97,34.9,88.6,2026-08-14 10:21:18
2026-02-16,West,District1,0,0,0,0.0,3.22,27.6,55.8,2026-08-14 10:21:18
2026-02-16,West,District2,2,5,0,0.0,8.64,31.8,66.8,2026-08-14 10:21:18
2026-02-16,West,District3,0,2,0,0.0,14.44,27.1,65.8,2026-08-14 10:21:18
2026-02-16,West,District4,0,0,0,0.0,16.03,31.4,75.5,2026-08-14 10:21:18
2026-02-16,West,District5,0,3,0,0.0,7.67,29.5,60.8,2026-08-14 10:21:18
2026-02-16,West,District6,0,0,0,0.0,13.46,23.4,54.4,2026-08-14 10:21:18
2026-02-16,West,District7,2,0,1,50.0,0.67,22.6,70.0,2026-08-14 10:21:18
2026-02-16,West,District8,0,0,0,0.0,3.69,32.3,70.0,2026-08-14 10:21:18
2026-02-16,West,District9,0,4,0,0.0,5.31,23.2,60.6,2026-08-14 10:21:18
2026-02-16,West,District10,0,3,0,0.0,11.17,29.6,88.7,2026-08-14 10:21:18
2026-02-12,Adamawa,District1,0,2,0,0.0,0.69,25.7,86.7,2026-08-14 10:21:18
2026-02-12,Adamawa,District2,0,2,0,0.0,12.63,20.1,86.1,2026-08-14 10:21:18
2026-02-12,Adamawa,District3,1,3,0,0.0,2.42,23.9,69.3,2026-08-14 10:21:18
2026-02-12,Adamawa,District4,0,3,0,0.0,17.71,32.8,56.1,2026-08-14 10:21:18
2026-02-12,Adamawa,District5,0,1,0,0.0,5.26,21.3,81.0,2026-08-14 10:21:18
2026-02-12,Adamawa,District6,0,1,0,0.0,12.45,32.5,83.7,2026-08-14 10:21:18
2026-02-12,Adamawa,District7,0,1,0,0.0,3.68,24.6,69.5,2026-08-14 10:21:18
2026-02-12,Adamawa,District8,0,0,0,0.0,4.9,32.4,59.2,2026-08-14 10:21:18
2026-02-12,Adamawa,District9,0,1,0,0.0,15.8,30.9,64.5,2026-08-14 10:21:18
2026-02-12,Adamawa,District10,0,4,0,0.0,8.12,23.7,57.7,2026-08-14 10:21:18
2026-02-12,Centre,District1,1,1,0,0.0,13.61,24.9,73.7,2026-08-14 10:21:18
2026-02-12,Centre,District2,0,3,0,0.0,18.51,29.3,79.2,2026-08-14 10:21:18
2026-02-12,Centre,District3,0,2,0,0.0,8.66,22.7,81.9,2026-08-14 10:21:18
2026-02-12,Centre,District4,0,0,0,0.0,17.81,24.0,69.8,2026-08-14 10:21:18
2026-02-12,Centre,District5,0,5,0,0.0,1.53,22.7,58.4,2026-08-14 10:21:18
2026-02-12,Centre,District6,0,3,0,0.0,5.84,20.5,72.8,2026-08-14 10:21:18
2026-02-12,Centre,District7,0,3,0,0.0,1.43,32.5,51.9,2026-08-14 10:21:18
2026-02-12,Centre,District8,1,4,1,100.0,5.48,25.8,51.8,2026-08-14 10:21:18
2026-02-12,Centre,District9,3,3,0,0.0,2.46,33.2,69.6,2026-08-14 10:21:18
2026-02-12,Centre,District10,1,4,1,100.0,8.7,26.1,62.3,2026-08-14 10:21:18
2026-02-12,East,District1,0,2,0,0.0,18.04,32.6,55.6,2026-08-14 10:21:18
2026-02-12,East,District2,0,2,0,0.0,12.2,30.0,50.0,2026-08-14 10:21:18
2026-02-12,East,District3,0,4,0,0.0,11.79,24.9,64.1,2026-08-14 10:21:18
2026-02-12,East,District4,1,5,1,100.0,10.59,33.2,68.7,2026-08-14 10:21:18
2026-02-12,East,District5,0,2,0,0.0,3.02,32.1,64.0,2026-08-14 10:21:18
2026-02-12,East,District6,0,2,0,0.0,13.3,31.9,81.4,2026-08-14 10:21:18
2026-02-12,East,District7,0,0,0,0.0,7.03,30.4,72.5,2026-08-14 10:21:18
2026-02-12,East,District8,1,3,1,100.0,12.93,27.7,59.6,2026-08-14 10:21:18
2026-02-12,East,District9,0,3,0,0.0,6.3,22.0,70.6,2026-08-14 10:21:18
2026-02-12,East,District10,0,3,0,0.0,3.43,20.0,72.1,2026-08-14 10:21:18
2026-02-12,Far North,District1,0,1,0,0.0,13.68,27.3,82.0,2026-08-14 10:21:18
2026-02-12,Far North,District2,2,0,0,0.0,1.82,30.5,73.1,2026-08-14 10:21:18
2026-02-12,Far North,District3,2,3,1,50.0,2.15,33.5,57.8,2026-08-14 10:21:18
2026-02-12,Far North,District4,1,1,1,100.0,5.8,34.7,70.4,2026-08-14 10:21:18
2026-02-12,Far North,District5,0,5,0,0.0,19.23,22.2,67.5,2026-08-14 10:21:18
2026-02-12,Far North,District6,2,0,1,50.0,19.69,32.1,80.0,2026-08-14 10:21:18
2026-02-12,Far North,District7,0,3,0,0.0,13.27,29.9,85.9,2026-08-14 10:21:18
2026-02-12,Far North,District8,0,5,0,0.0,19.42,22.1,81.0,2026-08-14 10:21:18
2026-02-12,Far North,District9,0,4,0,0.0,4.02,31.9,50.0,2026-08-14 10:21:18
2026-02-12,Far North,District10,0,1,0,0.0,5.55,26.5,66.7,2026-08-14 10:21:18
2026-02-12,Littoral,District1,0,1,0,0.0,10.86,32.5,84.0,2026-08-14 10:21:18
2026-02-12,Littoral,District2,2,3,0,0.0,19.12,22.8,85.9,2026-08-14 10:21:18
2026-02-12,Littoral,District3,0,5,0,0.0,9.34,34.6,58.0,2026-08-14 10:21:18
2026-02-12,Littoral,District4,0,5,0,0.0,6.09,33.5,55.5,2026-08-14 10:21:18
2026-02-12,Littoral,District5,0,2,0,0.0,9.32,20.9,85.4,2026-08-14 10:21:18
2026-02-12,Littoral,District6,0,0,0,0.0,13.36,20.7,84.9,2026-08-14 10:21:18
2026-02-12,Littoral,District7,0,2,0,0.0,13.88,33.8,81.1,2026-08-14 10:21:18
2026-02-12,Littoral,District8,0,1,0,0.0,18.98,22.0,58.0,2026-08-14 10:21:18
2026-02-12,Littoral,District9,0,0,0,0.0,19.33,20.5,56.8,2026-08-14 10:21:18
2026-02-12,Littoral,District10,0,4,0,0.0,17.03,27.1,77.7,2026-08-14 10:21:18
2026-02-12,North,District1,0,5,0,0.0,0.83,33.5,62.4,2026-08-14 10:21:18
2026-02-12,North,District2,0,1,0,0.0,4.49,28.3,70.9,2026-08-14 10:21:18
2026-02-12,North,District3,1,1,0,0.0,18.62,32.1,67.9,2026-08-14 10:21:18
2026-02-12,North,District4,1,0,0,0.0,17.56,34.8,80.0,2026-08-14 10:21:18
2026-02-12,North,District5,0,2,0,0.0,12.6,28.9,87.3,2026-08-14 10:21:18
2026-02-12,North,District6,0,4,0,0.0,19.88,22.3,87.5,2026-08-14 10:21:18
2026-02-12,North,District7,0,1,0,0.0,9.37,28.6,62.9,2026-08-14 10:21:18
2026-02-12,North,District8,3,1,1,33.33,16.26,21.0,68.0,2026-08-14 10:21:18
2026-02-12,North,District9,0,2,0,0.0,12.48,31.3,73.5,2026-08-14 10:21:18
2026-02-12,North,District10,0,0,0,0.0,18.08,31.9,56.9,2026-08-14 10:21:18
2026-02-12,North-West,District1,0,3,0,0.0,5.77,21.9,78.5,2026-08-14 10:21:18
2026-02-12,North-West,District2,0,0,0,0.0,7.96,20.5,59.5,2026-08-14 10:21:18
2026-02-12,North-West,District3,0,5,0,0.0,2.41,22.8,61.0,2026-08-14 10:21:18
2026-02-12,North-West,District4,1,1,1,100.0,9.52,29.3,50.5,2026-08-14 10:21:18
2026-02-12,North-West,District5,0,2,0,0.0,10.7,31.8,62.7,2026-08-14 10:21:18
2026-02-12,North-West,District6,3,0,0,0.0,16.44,22.1,72.9,2026-08-14 10:21:18
2026-02-12,North-West,District7,1,1,1,100.0,11.44,24.3,69.7,2026-08-14 10:21:18
2026-02-12,North-West,District8,0,1,0,0.0,2.91,24.4,63.1,2026-08-14 10:21:18
2026-02-12,North-West,District9,2,0,0,0.0,2.11,22.6,51.3,2026-08-14 10:21:18
2026-02-12,North-West,District10,0,1,0,0.0,13.95,23.4,88.3,2026-08-14 10:21:18
2026-02-12,South,District1,0,1,0,0.0,10.63,34.0,55.6,2026-08-14 10:21:18
2026-02-12,South,District2,1,2,0,0.0,1.88,24.4,67.2,2026-08-14 10:21:18
2026-02-12,South,District3,0,5,0,0.0,7.67,27.3,78.5,2026-08-14 10:21:18
2026-02-12,South,District4,0,1,0,0.0,19.97,32.1,81.8,2026-08-14 10:21:18
2026-02-12,South,District5,0,2,0,0.0,11.17,21.8,66.5,2026-08-14 10:21:18
2026-02-12,South,District6,2,0,0,0.0,14.6,30.0,68.2,2026-08-14 10:21:18
2026-02-12,South,District7,0,4,0,0.0,5.09,34.4,65.4,2026-08-14 10:21:18
2026-02-12,South,District8,1,2,1,100.0,1.98,20.0,69.3,2026-08-14 10:21:18
2026-02-12,South,District9,2,0,1,50.0,13.7,34.7,86.9,2026-08-14 10:21:18
2026-02-12,South,District10,2,5,1,50.0,2.03,33.4,78.5,2026-08-14 10:21:18
2026-02-12,South-West,District1,0,2,0,0.0,16.22,23.2,80.4,2026-08-14 10:21:18
2026-02-12,South-West,District2,0,3,0,0.0,1.52,29.5,80.6,2026-08-14 10:21:18
2026-02-12,South-West,District3,0,3,0,0.0,7.45,20.8,70.7,2026-08-14 10:21:18
2026-02-12,South-West,District4,0,3,0,0.0,6.57,20.1,52.4,2026-08-14 10:21:18
2026-02-12,South-West,District5,0,2,0,0.0,2.02,21.9,88.4,2026-08-14 10:21:18
2026-02-12,South-West,District6,0,2,0,0.0,2.7,22.8,77.7,2026-08-14 10:21:18
2026-02-12,South-West,District7,0,3,0,0.0,19.61,28.6,86.3,2026-08-14 10:21:18
2026-02-12,South-West,District8,1,2,0,0.0,6.92,32.1,54.3,2026-08-14 10:21:18
2026-02-12,South-West,District9,0,2,0,0.0,18.95,27.8,59.5,2026-08-14 10:21:18
2026-02-12,South-West,District10,2,0,0,0.0,2.69,30.8,88.5,2026-08-14 10:21:18
2026-02-12,West,District1,0,1,0,0.0,6.35,28.9,71.7,2026-08-14 10:21:18
2026-02-12,West,District2,0,1,0,0.0,16.82,32.2,66.9,2026-08-14 10:21:18
2026-02-12,West,District3,1,5,0,0.0,11.3,33.8,61.2,2026-08-14 10:21:18
2026-02-12,West,District4,0,0,0,0.0,16.84,21.4,58.9,2026-08-14 10:21:18
2026-02-12,West,District5,0,5,0,0.0,0.17,32.8,61.1,2026-08-14 10:21:18
2026-02-12,West,District6,0,4,0,0.0,15.46,21.1,52.8,2026-08-14 10:21:18
2026-02-12,West,District7,0,0,0,0.0,7.89,28.1,59.9,2026-08-14 10:21:18
2026-02-12,West,District8,0,5,0,0.0,10.91,33.1,50.3,2026-08-14 10:21:18
2026-02-12,West,District9,0,0,0,0.0,2.27,31.8,56.9,2026-08-14 10:21:18
2026-02-12,West,District10,0,4,0,0.0,17.52,32.7,60.8,2026-08-14 10:21:18
2026-02-08,Adamawa,District1,0,3,0,0.0,12.54,29.6,71.6,2026-08-14 10:21:18
2026-02-08,Adamawa,District2,1,2,0,0.0,12.87,23.5,75.5,2026-08-14 10:21:18
2026-02-08,Adamawa,District3,1,2,0,0.0,12.13,28.3,77.1,2026-08-14 10:21:18
2026-02-08,Adamawa,District4,0,0,0,0.0,8.14,32.2,53.8,2026-08-14 10:21:18
2026-02-08,Adamawa,District5,1,3,1,100.0,4.78,20.1,64.2,2026-08-14 10:21:18
2026-02-08,Adamawa,District6,3,4,1,33.33,5.24,32.7,70.3,2026-08-14 10:21:18
2026-02-08,Adamawa,District7,3,4,0,0.0,2.6,25.9,76.4,2026-08-14 10:21:18
2026-02-08,Adamawa,District8,0,5,0,0.0,12.06,21.5,73.4,2026-08-14 10:21:18
2026-02-08,Adamawa,District9,0,3,0,0.0,6.54,25.6,55.7,2026-08-14 10:21:18
2026-02-08,Adamawa,District10,0,3,0,0.0,12.46,25.3,71.2,2026-08-14 10:21:18
2026-02-08,Centre,District1,0,1,0,0.0,8.42,26.9,72.9,2026-08-14 10:21:18
2026-02-08,Centre,District2,0,5,0,0.0,8.27,29.7,87.3,2026-08-14 10:21:18
2026-02-08,Centre,District3,3,3,0,0.0,1.22,23.8,58.9,2026-08-14 10:21:18
2026-02-08,Centre,District4,0,1,0,0.0,0.37,28.2,73.5,2026-08-14 10:21:18
2026-02-08,Centre,District5,0,1,0,0.0,0.01,20.9,83.2,2026-08-14 10:21:18
2026-02-08,Centre,District6,0,1,0,0.0,10.6,33.4,73.4,2026-08-14 10:21:18
2026-02-08,Centre,District7,0,3,0,0.0,3.25,31.8,74.1,2026-08-14 10:21:18
2026-02-08,Centre,District8,0,1,0,0.0,12.75,28.5,66.7,2026-08-14 10:21:18
2026-02-08,Centre,District9,0,5,0,0.0,17.49,26.2,53.8,2026-08-14 10:21:18
2026-02-08,Centre,District10,0,2,0,0.0,2.39,31.2,64.1,2026-08-14 10:21:18
2026-02-08,East,District1,0,5,0,0.0,19.36,27.7,56.9,2026-08-14 10:21:18
2026-02-08,East,District2,0,2,0,0.0,11.01,22.6,57.5,2026-08-14 10:21:18
2026-02-08,East,District3,1,4,1,100.0,12.92,27.7,88.5,2026-08-14 10:21:18
2026-02-08,East,District4,2,1,1,50.0,14.26,29.1,65.8,2026-08-14 10:21:18
2026-02-08,East,District5,0,4,0,0.0,9.71,29.0,53.1,2026-08-14 10:21:18
2026-02-08,East,District6,0,5,0,0.0,13.69,27.0,73.2,2026-08-14 10:21:18
2026-02-08,East,District7,0,3,0,0.0,17.62,24.7,67.2,2026-08-14 10:21:18
2026-02-08,East,District8,0,3,0,0.0,14.95,23.9,74.9,2026-08-14 10:21:18
2026-02-08,East,District9,3,5,1,33.33,14.13,23.8,55.9,2026-08-14 10:21:18
2026-02-08,East,District10,0,4,0,0.0,1.43,32.9,59.3,2026-08-14 10:21:18
2026-02-08,Far North,District1,1,3,1,100.0,15.85,29.8,54.9,2026-08-14 10:21:18
2026-02-08,Far North,District2,0,3,0,0.0,16.81,25.6,55.7,2026-08-14 10:21:18
2026-02-08,Far North,District3,0,1,0,0.0,19.73,32.7,62.7,2026-08-14 10:21:18
2026-02-08,Far North,District4,0,5,0,0.0,3.5,30.4,63.9,2026-08-14 10:21:18
2026-02-08,Far North,District5,0,3,0,0.0,18.19,21.1,74.0,2026-08-14 10:21:18
2026-02-08,Far North,District6,0,2,0,0.0,18.22,23.1,85.3,2026-08-14 10:21:18
2026-02-08,Far North,District7,0,0,0,0.0,7.37,22.4,60.6,2026-08-14 10:21:18
2026-02-08,Far North,District8,0,3,0,0.0,0.23,28.8,66.2,2026-08-14 10:21:18
2026-02-08,Far North,District9,0,0,0,0.0,8.54,30.6,54.4,2026-08-14 10:21:18
2026-02-08,Far North,District10,0,4,0,0.0,16.49,24.4,63.7,2026-08-14 10:21:18
2026-02-08,Littoral,District1,0,1,0,0.0,19.77,22.5,82.2,2026-08-14 10:21:18
2026-02-08,Littoral,District2,3,2,1,33.33,4.97,23.4,83.7,2026-08-14 10:21:18
2026-02-08,Littoral,District3,0,1,0,0.0,10.9,21.8,76.5,2026-08-14 10:21:18
2026-02-08,Littoral,District4,0,3,0,0.0,9.32,23.0,70.5,2026-08-14 10:21:18
2026-02-08,Littoral,District5,0,2,0,0.0,13.33,26.3,81.9,2026-08-14 10:21:18
2026-02-08,Littoral,District6,2,1,1,50.0,16.78,24.7,69.9,2026-08-14 10:21:18
2026-02-08,Littoral,District7,1,5,1,100.0,1.8,22.5,75.8,2026-08-14 10:21:18
2026-02-08,Littoral,District8,2,2,1,50.0,6.26,35.0,63.9,2026-08-14 10:21:18
2026-02-08,Littoral,District9,0,4,0,0.0,15.4,28.8,66.6,2026-08-14 10:21:18
2026-02-08,Littoral,District10,0,4,0,0.0,2.13,31.6,89.6,2026-08-14 10:21:18
2026-02-08,North,District1,0,3,0,0.0,11.16,30.5,64.0,2026-08-14 10:21:18
2026-02-08,North,District2,0,4,0,0.0,5.3,34.7,84.1,2026-08-14 10:21:18
2026-02-08,North,District3,0,5,0,0.0,6.46,21.6,69.6,2026-08-14 10:21:18
2026-02-08,North,District4,0,4,0,0.0,5.97,27.7,59.7,2026-08-14 10:21:18
2026-02-08,North,District5,0,2,0,0.0,18.95,28.7,54.7,2026-08-14 10:21:18
2026-02-08,North,District6,1,3,1,100.0,7.23,20.2,78.4,2026-08-14 10:21:18
2026-02-08,North,District7,0,0,0,0.0,9.23,23.5,72.2,2026-08-14 10:21:18
2026-02-08,North,District8,0,0,0,0.0,18.35,29.9,80.7,2026-08-14 10:21:18
2026-02-08,North,District9,0,0,0,0.0,9.22,33.6,61.4,2026-08-14 10:21:18
2026-02-08,North,District10,0,0,0,0.0,18.3,26.1,50.3,2026-08-14 10:21:18
2026-02-08,North-West,District1,0,5,0,0.0,11.04,27.8,79.6,2026-08-14 10:21:18
2026-02-08,North-West,District2,3,0,1,33.33,19.82,33.7,83.0,2026-08-14 10:21:18
2026-02-08,North-West,District3,0,2,0,0.0,14.59,25.8,73.3,2026-08-14 10:21:18
2026-02-08,North-West,District4,0,3,0,0.0,13.03,23.1,86.5,2026-08-14 10:21:18
2026-02-08,North-West,District5,0,4,0,0.0,1.8,21.3,64.7,2026-08-14 10:21:18
2026-02-08,North-West,District6,0,3,0,0.0,8.69,24.7,88.4,2026-08-14 10:21:18
2026-02-08,North-West,District7,3,1,1,33.33,6.28,29.8,81.3,2026-08-14 10:21:18
2026-02-08,North-West,District8,1,3,1,100.0,19.36,31.2,80.5,2026-08-14 10:21:18
2026-02-08,North-West,District9,0,2,0,0.0,11.82,33.1,83.7,2026-08-14 10:21:18
2026-02-08,North-West,District10,1,3,0,0.0,3.58,27.3,68.8,2026-08-14 10:21:18
2026-02-08,South,District1,0,0,0,0.0,3.08,27.5,89.2,2026-08-14 10:21:18
2026-02-08,South,District2,1,5,1,100.0,1.59,29.9,63.1,2026-08-14 10:21:18
2026-02-08,South,District3,0,4,0,0.0,13.42,23.8,68.7,2026-08-14 10:21:18
2026-02-08,South,District4,0,4,0,0.0,9.14,30.0,59.1,2026-08-14 10:21:18
2026-02-08,South,District5,0,0,0,0.0,17.66,24.4,71.4,2026-08-14 10:21:18
2026-02-08,South,District6,2,1,1,50.0,2.22,25.9,83.4,2026-08-14 10:21:18
2026-02-08,South,District7,0,5,0,0.0,3.71,20.4,74.9,2026-08-14 10:21:18
2026-02-08,South,District8,3,0,1,33.33,7.41,35.0,59.2,2026-08-14 10:21:18
2026-02-08,South,District9,0,4,0,0.0,9.91,22.3,60.2,2026-08-14 10:21:18
2026-02-08,South,District10,1,2,0,0.0,8.23,33.2,57.1,2026-08-14 10:21:18
2026-02-08,South-West,District1,0,0,0,0.0,6.4,27.4,61.1,2026-08-14 10:21:18
2026-02-08,South-West,District2,0,2,0,0.0,0.03,29.2,58.3,2026-08-14 10:21:18
2026-02-08,South-West,District3,0,2,0,0.0,16.2,29.0,81.9,2026-08-14 10:21:18
2026-02-08,South-West,District4,0,1,0,0.0,8.57,25.6,62.9,2026-08-14 10:21:18
2026-02-08,South-West,District5,0,3,0,0.0,6.41,34.1,82.9,2026-08-14 10:21:18
2026-02-08,South-West,District6,0,0,0,0.0,14.59,21.5,65.7,2026-08-14 10:21:18
2026-02-08,South-West,District7,0,1,0,0.0,19.79,21.8,77.7,2026-08-14 10:21:18
2026-02-08,South-West,District8,1,4,0,0.0,19.08,29.7,79.6,2026-08-14 10:21:18
2026-02-08,South-West,District9,2,0,1,50.0,14.61,31.8,53.0,2026-08-14 10:21:18
2026-02-08,South-West,District10,1,0,1,100.0,17.42,34.9,80.6,2026-08-14 10:21:18
2026-02-08,West,District1,0,2,0,0.0,9.36,23.3,67.3,2026-08-14 10:21:18
2026-02-08,West,District2,0,1,0,0.0,19.55,25.1,70.2,2026-08-14 10:21:18
2026-02-08,West,District3,2,1,0,0.0,18.43,24.9,78.7,2026-08-14 10:21:18
2026-02-08,West,District4,0,3,0,0.0,16.59,28.3,69.8,2026-08-14 10:21:18
2026-02-08,West,District5,0,2,0,0.0,17.01,24.9,88.5,2026-08-14 10:21:18
2026-02-08,West,District6,0,5,0,0.0,3.32,22.8,80.8,2026-08-14 10:21:18
2026-02-08,West,District7,0,5,0,0.0,16.0,27.8,65.8,2026-08-14 10:21:18
2026-02-08,West,District8,1,5,1,100.0,15.65,24.5,65.7,2026-08-14 10:21:18
2026-02-08,West,District9,2,5,0,0.0,3.02,33.7,56.2,2026-08-14 10:21:18
2026-02-08,West,District10,2,2,1,50.0,14.35,26.8,71.3,2026-08-14 10:21:18
2026-02-21,Adamawa,District1,0,2,0,0.0,6.37,29.5,67.0,2026-08-14 10:21:18
2026-02-21,Adamawa,District2,0,2,0,0.0,3.06,28.0,51.9,2026-08-14 10:21:18
2026-02-21,Adamawa,District3,3,0,1,33.33,18.92,22.9,89.4,2026-08-14 10:21:18
2026-02-21,Adamawa,District4,1,0,1,100.0,1.4,20.1,71.2,2026-08-14 10:21:18
2026-02-21,Adamawa,District5,0,4,0,0.0,6.69,24.5,78.1,2026-08-14 10:21:18
2026-02-21,Adamawa,District6,0,2,0,0.0,6.24,28.5,53.0,2026-08-14 10:21:18
2026-02-21,Adamawa,District7,2,1,0,0.0,10.7,34.2,51.6,2026-08-14 10:21:18
2026-02-21,Adamawa,District8,0,0,0,0.0,4.28,23.3,55.6,2026-08-14 10:21:18
2026-02-21,Adamawa,District9,1,3,0,0.0,19.5,26.9,67.4,2026-08-14 10:21:18
2026-02-21,Adamawa,District10,0,0,0,0.0,10.4,23.8,50.0,2026-08-14 10:21:18
2026-02-21,Centre,District1,2,1,0,0.0,10.72,24.2,64.6,2026-08-14 10:21:18
2026-02-21,Centre,District2,0,3,0,0.0,1.01,28.8,51.0,2026-08-14 10:21:18
2026-02-21,Centre,District3,0,4,0,0.0,5.25,21.4,64.4,2026-08-14 10:21:18
2026-02-21,Centre,District4,0,4,0,0.0,5.48,23.8,73.6,2026-08-14 10:21:18
2026-02-21,Centre,District5,0,5,0,0.0,0.91,23.7,61.6,2026-08-14 10:21:18
2026-02-21,Centre,District6,0,4,0,0.0,8.35,23.5,85.8,2026-08-14 10:21:18
2026-02-21,Centre,District7,0,2,0,0.0,0.97,31.5,55.9,2026-08-14 10:21:18
2026-02-21,Centre,District8,0,0,0,0.0,18.56,28.1,73.9,2026-08-14 10:21:18
2026-02-21,Centre,District9,0,3,0,0.0,3.06,28.1,85.6,2026-08-14 10:21:18
2026-02-21,Centre,District10,0,4,0,0.0,7.15,24.3,69.5,2026-08-14 10:21:18
2026-02-21,East,District1,1,4,0,0.0,3.13,23.4,79.6,2026-08-14 10:21:18
2026-02-21,East,District2,2,5,1,50.0,1.79,28.5,81.8,2026-08-14 10:21:18
2026-02-21,East,District3,0,0,0,0.0,10.66,31.6,67.1,2026-08-14 10:21:18
2026-02-21,East,District4,0,2,0,0.0,18.52,31.7,62.7,2026-08-14 10:21:18
2026-02-21,East,District5,1,5,1,100.0,10.68,29.3,54.6,2026-08-14 10:21:18
2026-02-21,East,District6,0,2,0,0.0,14.47,31.1,89.1,2026-08-14 10:21:18
2026-02-21,East,District7,0,1,0,0.0,12.07,32.4,76.8,2026-08-14 10:21:18
2026-02-21,East,District8,0,0,0,0.0,4.41,31.7,88.4,2026-08-14 10:21:18
2026-02-21,East,District9,0,1,0,0.0,5.9,21.4,73.8,2026-08-14 10:21:18
2026-02-21,East,District10,1,3,0,0.0,12.2,30.9,89.1,2026-08-14 10:21:18
2026-02-21,Far North,District1,0,3,0,0.0,10.71,21.3,81.6,2026-08-14 10:21:18
2026-02-21,Far North,District2,0,5,0,0.0,15.33,34.6,71.8,2026-08-14 10:21:18
2026-02-21,Far North,District3,1,0,1,100.0,0.42,34.3,67.1,2026-08-14 10:21:18
2026-02-21,Far North,District4,0,1,0,0.0,5.39,27.4,66.1,2026-08-14 10:21:18
2026-02-21,Far North,District5,2,4,0,0.0,18.87,24.6,57.3,2026-08-14 10:21:18
2026-02-21,Far North,District6,0,1,0,0.0,7.69,27.7,66.5,2026-08-14 10:21:18
2026-02-21,Far North,District7,0,2,0,0.0,7.77,29.1,72.2,2026-08-14 10:21:18
2026-02-21,Far North,District8,0,4,0,0.0,18.62,31.3,54.6,2026-08-14 10:21:18
2026-02-21,Far North,District9,0,4,0,0.0,6.2,24.6,81.3,2026-08-14 10:21:18
2026-02-21,Far North,District10,0,1,0,0.0,1.64,24.3,60.0,2026-08-14 10:21:18
2026-02-21,Littoral,District1,0,2,0,0.0,2.46,33.3,61.8,2026-08-14 10:21:18
2026-02-21,Littoral,District2,1,1,0,0.0,12.41,28.6,53.9,2026-08-14 10:21:18
2026-02-21,Littoral,District3,0,2,0,0.0,17.22,24.2,79.5,2026-08-14 10:21:18
2026-02-21,Littoral,District4,0,0,0,0.0,4.06,26.4,61.2,2026-08-14 10:21:18
2026-02-21,Littoral,District5,0,1,0,0.0,15.91,32.0,81.4,2026-08-14 10:21:18
2026-02-21,Littoral,District6,0,4,0,0.0,16.24,28.7,63.1,2026-08-14 10:21:18
2026-02-21,Littoral,District7,0,3,0,0.0,19.74,32.1,82.1,2026-08-14 10:21:18
2026-02-21,Littoral,District8,3,3,0,0.0,19.95,23.2,61.0,2026-08-14 10:21:18
2026-02-21,Littoral,District9,0,4,0,0.0,14.4,26.6,66.6,2026-08-14 10:21:18
2026-02-21,Littoral,District10,1,2,1,100.0,4.66,30.2,72.2,2026-08-14 10:21:18
2026-02-21,North,District1,0,1,0,0.0,17.26,30.9,74.8,2026-08-14 10:21:18
2026-02-21,North,District2,0,3,0,0.0,10.78,26.1,59.0,2026-08-14 10:21:18
2026-02-21,North,District3,0,2,0,0.0,4.27,21.6,84.8,2026-08-14 10:21:18
2026-02-21,North,District4,2,3,0,0.0,15.36,33.5,50.3,2026-08-14 10:21:18
2026-02-21,North,District5,0,1,0,0.0,3.76,23.0,75.7,2026-08-14 10:21:18
2026-02-21,North,District6,0,1,0,0.0,19.19,22.1,61.3,2026-08-14 10:21:18
2026-02-21,North,District7,2,1,1,50.0,5.01,30.3,62.7,2026-08-14 10:21:18
2026-02-21,North,District8,0,4,0,0.0,13.88,23.4,65.3,2026-08-14 10:21:18
2026-02-21,North,District9,0,1,0,0.0,6.83,21.2,56.0,2026-08-14 10:21:18
2026-02-21,North,District10,0,5,0,0.0,1.75,29.3,74.7,2026-08-14 10:21:18
2026-02-21,North-West,District1,0,5,0,0.0,18.24,28.1,84.7,2026-08-14 10:21:18
2026-02-21,North-West,District2,1,2,1,100.0,13.05,34.1,76.0,2026-08-14 10:21:18
2026-02-21,North-West,District3,0,5,0,0.0,0.28,22.0,65.0,2026-08-14 10:21:18
2026-02-21,North-West,District4,0,4,0,0.0,17.63,23.4,57.5,2026-08-14 10:21:18
2026-02-21,North-West,District5,2,0,0,0.0,2.87,25.8,61.8,2026-08-14 10:21:18
2026-02-21,North-West,District6,0,0,0,0.0,6.62,20.7,54.1,2026-08-14 10:21:18
2026-02-21,North-West,District7,3,3,1,33.33,4.34,26.2,59.3,2026-08-14 10:21:18
2026-02-21,North-West,District8,0,5,0,0.0,18.79,29.7,65.4,2026-08-14 10:21:18
2026-02-21,North-West,District9,0,4,0,0.0,1.19,22.3,73.5,2026-08-14 10:21:18
2026-02-21,North-West,District10,0,0,0,0.0,4.48,31.5,50.3,2026-08-14 10:21:18
2026-02-21,South,District1,0,0,0,0.0,7.36,27.0,74.8,2026-08-14 10:21:18
2026-02-21,South,District2,0,5,0,0.0,0.48,21.3,81.6,2026-08-14 10:21:18
2026-02-21,South,District3,0,0,0,0.0,13.64,31.4,85.2,2026-08-14 10:21:18
2026-02-21,South,District4,0,0,0,0.0,9.43,23.9,67.8,2026-08-14 10:21:18
2026-02-21,South,District5,0,1,0,0.0,12.59,28.5,71.2,2026-08-14 10:21:18
2026-02-21,South,District6,3,2,0,0.0,15.99,26.2,71.1,2026-08-14 10:21:18
2026-02-21,South,District7,0,3,0,0.0,17.44,32.0,55.8,2026-08-14 10:21:18
2026-02-21,South,District8,2,3,0,0.0,3.21,23.1,63.9,2026-08-14 10:21:18
2026-02-21,South,District9,0,3,0,0.0,8.85,31.2,85.2,2026-08-14 10:21:18
2026-02-21,South,District10,0,5,0,0.0,13.77,20.5,68.5,2026-08-14 10:21:18
2026-02-21,South-West,District1,0,5,0,0.0,4.9,22.7,57.2,2026-08-14 10:21:18
2026-02-21,South-West,District2,1,1,0,0.0,5.79,20.4,74.3,2026-08-14 10:21:18
2026-02-21,South-West,District3,1,0,1,100.0,4.53,28.5,68.7,2026-08-14 10:21:18
2026-02-21,South-West,District4,2,5,1,50.0,18.21,33.8,69.1,2026-08-14 10:21:18
2026-02-21,South-West,District5,0,5,0,0.0,15.15,33.0,53.4,2026-08-14 10:21:18
2026-02-21,South-West,District6,0,2,0,0.0,16.31,22.1,75.6,2026-08-14 10:21:18
2026-02-21,South-West,District7,0,5,0,0.0,18.12,28.8,77.6,2026-08-14 10:21:18
2026-02-21,South-West,District8,2,0,0,0.0,7.49,31.6,74.6,2026-08-14 10:21:18
2026-02-21,South-West,District9,1,5,1,100.0,14.6,21.1,76.4,2026-08-14 10:21:18
2026-02-21,South-West,District10,1,2,1,100.0,7.11,26.3,60.8,2026-08-14 10:21:18
2026-02-21,West,District1,0,2,0,0.0,10.7,25.1,50.1,2026-08-14 10:21:18
2026-02-21,West,District2,1,4,1,100.0,9.96,33.5,85.4,2026-08-14 10:21:18
2026-02-21,West,District3,1,5,1,100.0,2.59,20.1,68.1,2026-08-14 10:21:18
2026-02-21,West,District4,0,0,0,0.0,7.72,26.4,77.6,2026-08-14 10:21:18
2026-02-21,West,District5,1,4,0,0.0,4.14,21.7,66.7,2026-08-14 10:21:18
2026-02-21,West,District6,0,1,0,0.0,8.96,20.7,85.9,2026-08-14 10:21:18
2026-02-21,West,District7,0,3,0,0.0,4.95,20.1,61.7,2026-08-14 10:21:18
2026-02-21,West,District8,0,4,0,0.0,10.4,34.3,86.7,2026-08-14 10:21:18
2026-02-21,West,District9,2,5,0,0.0,12.86,20.7,78.0,2026-08-14 10:21:18
2026-02-21,West,District10,0,3,0,0.0,16.5,28.4,55.0,2026-08-14 10:21:18
2026-03-31,Adamawa,District1,0,5,0,0.0,4.42,25.8,79.7,2026-08-14 10:21:18
2026-03-31,Adamawa,District2,0,1,0,0.0,14.29,25.9,51.8,2026-08-14 10:21:18
2026-03-31,Adamawa,District3,1,0,1,100.0,5.84,23.2,81.6,2026-08-14 10:21:18
2026-03-31,Adamawa,District4,0,5,0,0.0,10.09,29.2,67.3,2026-08-14 10:21:18
2026-03-31,Adamawa,District5,0,3,0,0.0,10.25,32.0,52.4,2026-08-14 10:21:18
2026-03-31,Adamawa,District6,2,2,1,50.0,17.05,23.7,86.9,2026-08-14 10:21:18
2026-03-31,Adamawa,District7,0,0,0,0.0,5.32,29.3,59.4,2026-08-14 10:21:18
2026-03-31,Adamawa,District8,0,3,0,0.0,7.75,29.5,87.2,2026-08-14 10:21:18
2026-03-31,Adamawa,District9,0,4,0,0.0,19.86,22.8,61.1,2026-08-14 10:21:18
2026-03-31,Adamawa,District10,0,4,0,0.0,15.25,25.2,52.8,2026-08-14 10:21:18
2026-03-31,Centre,District1,2,4,1,50.0,14.37,23.8,88.0,2026-08-14 10:21:18
2026-03-31,Centre,District2,0,3,0,0.0,3.98,22.4,59.7,2026-08-14 10:21:18
2026-03-31,Centre,District3,0,3,0,0.0,5.97,35.0,88.8,2026-08-14 10:21:18
2026-03-31,Centre,District4,0,0,0,0.0,4.2,31.7,88.6,2026-08-14 10:21:18
2026-03-31,Centre,District5,0,1,0,0.0,18.93,25.4,60.1,2026-08-14 10:21:18
2026-03-31,Centre,District6,0,0,0,0.0,12.82,26.8,78.7,2026-08-14 10:21:18
2026-03-31,Centre,District7,0,0,0,0.0,9.39,34.6,77.4,2026-08-14 10:21:18
2026-03-31,Centre,District8,0,4,0,0.0,16.74,22.5,59.2,2026-08-14 10:21:18
2026-03-31,Centre,District9,0,4,0,0.0,16.9,22.9,85.3,2026-08-14 10:21:18
2026-03-31,Centre,District10,0,4,0,0.0,19.66,22.0,64.9,2026-08-14 10:21:18
2026-03-31,East,District1,1,3,1,100.0,8.19,24.3,53.0,2026-08-14 10:21:18
2026-03-31,East,District2,3,1,1,33.33,17.56,22.0,76.2,2026-08-14 10:21:18
2026-03-31,East,District3,0,1,0,0.0,1.79,20.5,82.2,2026-08-14 10:21:18
2026-03-31,East,District4,2,2,0,0.0,19.49,21.9,53.6,2026-08-14 10:21:18
2026-03-31,East,District5,0,4,0,0.0,14.78,23.2,71.2,2026-08-14 10:21:18
2026-03-31,East,District6,0,1,0,0.0,11.37,22.9,74.7,2026-08-14 10:21:18
2026-03-31,East,District7,0,4,0,0.0,0.91,30.6,68.3,2026-08-14 10:21:18
2026-03-31,East,District8,0,0,0,0.0,18.26,21.5,73.5,2026-08-14 10:21:18
2026-03-31,East,District9,2,5,1,50.0,14.86,21.3,54.6,2026-08-14 10:21:18
2026-03-31,East,District10,0,5,0,0.0,0.5,23.2,77.2,2026-08-14 10:21:18
2026-03-31,Far North,District1,2,4,1,50.0,13.04,26.3,79.9,2026-08-14 10:21:18
2026-03-31,Far North,District2,0,4,0,0.0,17.03,25.7,62.9,2026-08-14 10:21:18
2026-03-31,Far North,District3,1,4,0,0.0,5.73,21.1,54.2,2026-08-14 10:21:18
2026-03-31,Far North,District4,0,0,0,0.0,17.68,30.6,88.9,2026-08-14 10:21:18
2026-03-31,Far North,District5,0,2,0,0.0,13.24,24.9,88.8,2026-08-14 10:21:18
2026-03-31,Far North,District6,0,2,0,0.0,3.18,26.4,60.2,2026-08-14 10:21:18
2026-03-31,Far North,District7,0,0,0,0.0,2.77,32.4,58.8,2026-08-14 10:21:18
2026-03-31,Far North,District8,0,0,0,0.0,12.41,34.9,73.2,2026-08-14 10:21:18
2026-03-31,Far North,District9,0,4,0,0.0,8.63,23.6,87.5,2026-08-14 10:21:18
2026-03-31,Far North,District10,0,3,0,0.0,17.29,33.6,83.2,2026-08-14 10:21:18
2026-03-31,Littoral,District1,2,2,1,50.0,14.76,34.6,85.8,2026-08-14 10:21:18
2026-03-31,Littoral,District2,0,5,0,0.0,0.53,24.5,66.3,2026-08-14 10:21:18
2026-03-31,Littoral,District3,2,5,1,50.0,15.26,33.8,72.3,2026-08-14 10:21:18
2026-03-31,Littoral,District4,0,5,0,0.0,5.56,31.7,66.3,2026-08-14 10:21:18
2026-03-31,Littoral,District5,1,5,0,0.0,15.55,24.3,82.2,2026-08-14 10:21:18
2026-03-31,Littoral,District6,3,5,0,0.0,4.82,26.6,75.6,2026-08-14 10:21:18
2026-03-31,Littoral,District7,0,4,0,0.0,9.32,28.1,58.3,2026-08-14 10:21:18
2026-03-31,Littoral,District8,0,0,0,0.0,0.99,31.3,66.3,2026-08-14 10:21:18
2026-03-31,Littoral,District9,0,3,0,0.0,1.74,31.2,86.1,2026-08-14 10:21:18
2026-03-31,Littoral,District10,1,5,0,0.0,1.09,21.9,51.3,2026-08-14 10:21:18
2026-03-31,North,District1,1,4,0,0.0,13.87,21.1,87.3,2026-08-14 10:21:18
2026-03-31,North,District2,0,0,0,0.0,13.08,22.7,72.3,2026-08-14 10:21:18
2026-03-31,North,District3,0,1,0,0.0,11.34,30.1,69.8,2026-08-14 10:21:18
2026-03-31,North,District4,0,2,0,0.0,6.5,22.2,56.0,2026-08-14 10:21:18
2026-03-31,North,District5,0,1,0,0.0,3.5,27.1,77.6,2026-08-14 10:21:18
2026-03-31,North,District6,1,0,1,100.0,7.34,34.5,88.7,2026-08-14 10:21:18
2026-03-31,North,District7,0,1,0,0.0,19.33,34.1,72.3,2026-08-14 10:21:18
2026-03-31,North,District8,0,1,0,0.0,6.36,30.3,61.8,2026-08-14 10:21:18
2026-03-31,North,District9,0,1,0,0.0,0.47,32.3,76.2,2026-08-14 10:21:18
2026-03-31,North,District10,0,4,0,0.0,18.22,25.7,85.3,2026-08-14 10:21:18
2026-03-31,North-West,District1,0,4,0,0.0,7.56,26.3,72.5,2026-08-14 10:21:18
2026-03-31,North-West,District2,3,3,1,33.33,6.18,27.2,56.0,2026-08-14 10:21:18
2026-03-31,North-West,District3,0,2,0,0.0,12.35,22.8,51.8,2026-08-14 10:21:18
2026-03-31,North-West,District4,0,1,0,0.0,13.85,28.4,64.1,2026-08-14 10:21:18
2026-03-31,North-West,District5,2,1,0,0.0,3.91,20.5,81.2,2026-08-14 10:21:18
2026-03-31,North-West,District6,0,4,0,0.0,7.72,25.3,83.4,2026-08-14 10:21:18
2026-03-31,North-West,District7,0,3,0,0.0,3.54,24.8,72.3,2026-08-14 10:21:18
2026-03-31,North-West,District8,0,2,0,0.0,16.32,26.0,73.9,2026-08-14 10:21:18
2026-03-31,North-West,District9,2,5,1,50.0,8.96,31.3,77.4,2026-08-14 10:21:18
2026-03-31,North-West,District10,0,1,0,0.0,13.47,24.4,79.1,2026-08-14 10:21:18
2026-03-31,South,District1,1,4,0,0.0,12.17,30.2,75.1,2026-08-14 10:21:18
2026-03-31,South,District2,2,2,1,50.0,8.0,23.7,71.1,2026-08-14 10:21:18
2026-03-31,South,District3,0,1,0,0.0,5.57,20.9,61.3,2026-08-14 10:21:18
2026-03-31,South,District4,0,5,0,0.0,7.99,22.9,58.2,2026-08-14 10:21:18
2026-03-31,South,District5,0,3,0,0.0,19.87,25.5,53.3,2026-08-14 10:21:18
2026-03-31,South,District6,0,0,0,0.0,0.85,30.0,89.9,2026-08-14 10:21:18
2026-03-31,South,District7,1,4,1,100.0,12.68,20.2,86.8,2026-08-14 10:21:18
2026-03-31,South,District8,0,3,0,0.0,1.09,35.0,69.2,2026-08-14 10:21:18
2026-03-31,South,District9,0,0,0,0.0,14.14,25.3,54.9,2026-08-14 10:21:18
2026-03-31,South,District10,2,3,1,50.0,13.96,22.7,74.2,2026-08-14 10:21:18
2026-03-31,South-West,District1,2,0,1,50.0,9.76,30.5,58.5,2026-08-14 10:21:18
2026-03-31,South-West,District2,0,4,0,0.0,19.15,31.2,72.2,2026-08-14 10:21:18
2026-03-31,South-West,District3,0,3,0,0.0,7.75,29.5,73.2,2026-08-14 10:21:18
2026-03-31,South-West,District4,2,5,1,50.0,19.38,28.4,55.5,2026-08-14 10:21:18
2026-03-31,South-West,District5,0,3,0,0.0,19.77,20.9,87.7,2026-08-14 10:21:18
2026-03-31,South-West,District6,1,2,1,100.0,0.33,25.8,73.2,2026-08-14 10:21:18
2026-03-31,South-West,District7,0,1,0,0.0,11.78,34.3,76.7,2026-08-14 10:21:18
2026-03-31,South-West,District8,0,3,0,0.0,0.21,20.6,83.3,2026-08-14 10:21:18
2026-03-31,South-West,District9,1,5,1,100.0,6.36,33.2,62.2,2026-08-14 10:21:18
2026-03-31,South-West,District10,1,1,0,0.0,10.26,29.2,66.7,2026-08-14 10:21:18
2026-03-31,West,District1,0,2,0,0.0,17.27,26.5,71.7,2026-08-14 10:21:18
2026-03-31,West,District2,0,5,0,0.0,15.46,23.8,71.4,2026-08-14 10:21:18
2026-03-31,West,District3,0,0,0,0.0,19.56,22.2,66.1,2026-08-14 10:21:18
2026-03-31,West,District4,0,1,0,0.0,18.97,29.9,69.1,2026-08-14 10:21:18
2026-03-31,West,District5,0,5,0,0.0,5.93,28.9,57.4,2026-08-14 10:21:18
2026-03-31,West,District6,0,4,0,0.0,14.94,20.3,72.3,2026-08-14 10:21:18
2026-03-31,West,District7,0,0,0,0.0,15.11,26.1,80.1,2026-08-14 10:21:18
2026-03-31,West,District8,0,0,0,0.0,13.37,30.7,78.4,2026-08-14 10:21:18
2026-03-31,West,District9,0,5,0,0.0,17.4,26.4,85.3,2026-08-14 10:21:18
2026-03-31,West,District10,0,5,0,0.0,3.73,24.5,67.1,2026-08-14 10:21:18
2026-03-02,Adamawa,District1,1,5,1,100.0,11.23,21.8,63.3,2026-08-14 10:21:18
2026-03-02,Adamawa,District2,0,1,0,0.0,11.23,34.2,73.0,2026-08-14 10:21:18
2026-03-02,Adamawa,District3,0,0,0,0.0,14.08,33.4,85.4,2026-08-14 10:21:18
2026-03-02,Adamawa,District4,2,4,1,50.0,16.82,30.6,76.1,2026-08-14 10:21:18
2026-03-02,Adamawa,District5,2,4,0,0.0,15.14,33.2,60.2,2026-08-14 10:21:18
2026-03-02,Adamawa,District6,0,0,0,0.0,5.7,31.2,84.9,2026-08-14 10:21:18
2026-03-02,Adamawa,District7,0,5,0,0.0,16.02,22.4,67.6,2026-08-14 10:21:18
2026-03-02,Adamawa,District8,0,3,0,0.0,17.84,32.8,70.1,2026-08-14 10:21:18
2026-03-02,Adamawa,District9,0,2,0,0.0,4.4,28.1,85.3,2026-08-14 10:21:18
2026-03-02,Adamawa,District10,0,3,0,0.0,3.45,33.7,81.2,2026-08-14 10:21:18
2026-03-02,Centre,District1,0,1,0,0.0,16.68,26.2,51.6,2026-08-14 10:21:18
2026-03-02,Centre,District2,0,3,0,0.0,9.62,32.2,76.5,2026-08-14 10:21:18
2026-03-02,Centre,District3,0,0,0,0.0,13.24,30.7,75.6,2026-08-14 10:21:18
2026-03-02,Centre,District4,3,3,0,0.0,18.32,29.3,85.2,2026-08-14 10:21:18
2026-03-02,Centre,District5,0,3,0,0.0,8.77,25.9,87.2,2026-08-14 10:21:18
2026-03-02,Centre,District6,0,1,0,0.0,12.8,31.5,75.1,2026-08-14 10:21:18
2026-03-02,Centre,District7,2,5,1,50.0,4.19,32.1,80.7,2026-08-14 10:21:18
2026-03-02,Centre,District8,0,3,0,0.0,5.63,27.9,68.7,2026-08-14 10:21:18
2026-03-02,Centre,District9,0,0,0,0.0,16.84,22.7,52.4,2026-08-14 10:21:18
2026-03-02,Centre,District10,0,4,0,0.0,2.32,22.7,50.2,2026-08-14 10:21:18
2026-03-02,East,District1,0,4,0,0.0,19.09,20.1,61.0,2026-08-14 10:21:18
2026-03-02,East,District2,0,0,0,0.0,18.55,35.0,68.6,2026-08-14 10:21:18
2026-03-02,East,District3,0,1,0,0.0,13.31,32.0,80.9,2026-08-14 10:21:18
2026-03-02,East,District4,2,0,1,50.0,1.37,26.9,84.3,2026-08-14 10:21:18
2026-03-02,East,District5,0,2,0,0.0,17.78,25.7,59.6,2026-08-14 10:21:18
2026-03-02,East,District6,0,1,0,0.0,0.08,32.2,60.6,2026-08-14 10:21:18
2026-03-02,East,District7,0,2,0,0.0,14.59,34.4,83.4,2026-08-14 10:21:18
2026-03-02,East,District8,0,2,0,0.0,9.11,20.1,86.8,2026-08-14 10:21:18
2026-03-02,East,District9,0,4,0,0.0,1.65,26.2,72.7,2026-08-14 10:21:18
2026-03-02,East,District10,2,1,1,50.0,18.29,28.3,87.5,2026-08-14 10:21:18
2026-03-02,Far North,District1,1,4,1,100.0,15.71,32.4,71.1,2026-08-14 10:21:18
2026-03-02,Far North,District2,0,3,0,0.0,4.12,28.7,52.4,2026-08-14 10:21:18
2026-03-02,Far North,District3,0,5,0,0.0,10.46,25.0,54.7,2026-08-14 10:21:18
2026-03-02,Far North,District4,0,5,0,0.0,9.62,30.1,60.7,2026-08-14 10:21:18
2026-03-02,Far North,District5,0,4,0,0.0,8.98,27.0,55.1,2026-08-14 10:21:18
2026-03-02,Far North,District6,2,5,1,50.0,7.41,33.3,68.4,2026-08-14 10:21:18
2026-03-02,Far North,District7,0,4,0,0.0,14.56,29.4,62.1,2026-08-14 10:21:18
2026-03-02,Far North,District8,0,2,0,0.0,12.99,20.9,56.5,2026-08-14 10:21:18
2026-03-02,Far North,District9,2,5,0,0.0,0.75,32.6,58.9,2026-08-14 10:21:18
2026-03-02,Far North,District10,0,0,0,0.0,17.24,33.1,54.7,2026-08-14 10:21:18
2026-03-02,Littoral,District1,0,1,0,0.0,12.18,28.8,84.6,2026-08-14 10:21:18
2026-03-02,Littoral,District2,0,4,0,0.0,6.97,27.8,82.3,2026-08-14 10:21:18
2026-03-02,Littoral,District3,0,0,0,0.0,3.43,27.8,66.5,2026-08-14 10:21:18
2026-03-02,Littoral,District4,0,2,0,0.0,17.53,34.4,87.2,2026-08-14 10:21:18
2026-03-02,Littoral,District5,0,4,0,0.0,4.23,33.0,78.5,2026-08-14 10:21:18
2026-03-02,Littoral,District6,0,3,0,0.0,12.49,26.8,85.2,2026-08-14 10:21:18
2026-03-02,Littoral,District7,1,3,1,100.0,8.21,26.4,75.1,2026-08-14 10:21:18
2026-03-02,Littoral,District8,1,1,1,100.0,9.29,34.4,80.8,2026-08-14 10:21:18
2026-03-02,Littoral,District9,0,1,0,0.0,17.11,28.5,62.0,2026-08-14 10:21:18
2026-03-02,Littoral,District10,2,4,0,0.0,19.52,31.8,74.2,2026-08-14 10:21:18
2026-03-02,North,District1,0,2,0,0.0,0.14,21.3,64.6,2026-08-14 10:21:18
2026-03-02,North,District2,0,1,0,0.0,0.88,29.8,85.2,2026-08-14 10:21:18
2026-03-02,North,District3,2,3,0,0.0,7.47,21.3,74.6,2026-08-14 10:21:18
2026-03-02,North,District4,0,4,0,0.0,19.53,22.4,56.4,2026-08-14 10:21:18
2026-03-02,North,District5,0,5,0,0.0,2.79,29.0,50.4,2026-08-14 10:21:18
2026-03-02,North,District6,0,4,0,0.0,4.97,34.2,73.4,2026-08-14 10:21:18
2026-03-02,North,District7,0,1,0,0.0,14.09,27.0,59.1,2026-08-14 10:21:18
2026-03-02,North,District8,0,0,0,0.0,10.61,31.6,62.0,2026-08-14 10:21:18
2026-03-02,North,District9,0,0,0,0.0,9.58,22.1,65.6,2026-08-14 10:21:18
2026-03-02,North,District10,2,4,1,50.0,10.73,27.3,71.0,2026-08-14 10:21:18
2026-03-02,North-West,District1,0,2,0,0.0,2.06,28.1,62.7,2026-08-14 10:21:18
2026-03-02,North-West,District2,2,1,1,50.0,2.75,34.6,64.2,2026-08-14 10:21:18
2026-03-02,North-West,District3,2,5,1,50.0,3.39,33.9,54.9,2026-08-14 10:21:18
2026-03-02,North-West,District4,0,4,0,0.0,7.57,23.8,51.6,2026-08-14 10:21:18
2026-03-02,North-West,District5,0,2,0,0.0,16.04,27.1,75.3,2026-08-14 10:21:18
2026-03-02,North-West,District6,1,4,0,0.0,11.26,30.9,57.0,2026-08-14 10:21:18
2026-03-02,North-West,District7,0,4,0,0.0,5.35,34.3,87.8,2026-08-14 10:21:18
2026-03-02,North-West,District8,0,1,0,0.0,2.66,23.5,65.6,2026-08-14 10:21:18
2026-03-02,North-West,District9,3,0,1,33.33,1.63,23.9,62.6,2026-08-14 10:21:18
2026-03-02,North-West,District10,0,1,0,0.0,12.24,27.2,85.0,2026-08-14 10:21:18
2026-03-02,South,District1,0,1,0,0.0,17.53,27.5,74.6,2026-08-14 10:21:18
2026-03-02,South,District2,0,1,0,0.0,19.49,23.8,80.8,2026-08-14 10:21:18
2026-03-02,South,District3,0,4,0,0.0,3.23,27.0,63.4,2026-08-14 10:21:18
2026-03-02,South,District4,0,3,0,0.0,18.83,33.8,74.9,2026-08-14 10:21:18
2026-03-02,South,District5,0,3,0,0.0,19.92,22.1,66.4,2026-08-14 10:21:18
2026-03-02,South,District6,1,4,1,100.0,17.24,21.5,60.4,2026-08-14 10:21:18
2026-03-02,South,District7,0,5,0,0.0,13.22,26.9,61.2,2026-08-14 10:21:18
2026-03-02,South,District8,0,5,0,0.0,19.79,20.9,83.8,2026-08-14 10:21:18
2026-03-02,South,District9,0,3,0,0.0,15.35,24.6,50.6,2026-08-14 10:21:18
2026-03-02,South,District10,1,1,1,100.0,2.28,23.2,66.0,2026-08-14 10:21:18
2026-03-02,South-West,District1,0,0,0,0.0,6.17,31.6,60.3,2026-08-14 10:21:18
2026-03-02,South-West,District2,0,2,0,0.0,13.59,20.1,62.1,2026-08-14 10:21:18
2026-03-02,South-West,District3,0,2,0,0.0,1.92,31.9,67.5,2026-08-14 10:21:18
2026-03-02,South-West,District4,0,4,0,0.0,12.09,24.5,60.9,2026-08-14 10:21:18
2026-03-02,South-West,District5,0,5,0,0.0,5.33,20.1,52.7,2026-08-14 10:21:18
2026-03-02,South-West,District6,0,1,0,0.0,4.86,31.6,80.9,2026-08-14 10:21:18
2026-03-02,South-West,District7,2,2,1,50.0,17.95,26.0,55.0,2026-08-14 10:21:18
2026-03-02,South-West,District8,0,3,0,0.0,14.04,22.6,58.2,2026-08-14 10:21:18
2026-03-02,South-West,District9,0,2,0,0.0,17.26,27.9,87.2,2026-08-14 10:21:18
2026-03-02,South-West,District10,2,5,1,50.0,19.99,21.2,80.0,2026-08-14 10:21:18
2026-03-02,West,District1,0,1,0,0.0,15.67,30.3,72.7,2026-08-14 10:21:18
2026-03-02,West,District2,2,2,1,50.0,7.47,27.3,56.3,2026-08-14 10:21:18
2026-03-02,West,District3,0,5,0,0.0,16.85,27.0,50.1,2026-08-14 10:21:18
2026-03-02,West,District4,0,2,0,0.0,14.28,32.0,80.1,2026-08-14 10:21:18
2026-03-02,West,District5,0,1,0,0.0,7.95,28.1,75.2,2026-08-14 10:21:18
2026-03-02,West,District6,1,0,0,0.0,4.99,24.6,87.6,2026-08-14 10:21:18
2026-03-02,West,District7,2,0,0,0.0,13.83,26.9,80.0,2026-08-14 10:21:18
2026-03-02,West,District8,0,2,0,0.0,1.16,29.1,66.8,2026-08-14 10:21:18
2026-03-02,West,District9,0,2,0,0.0,0.25,24.8,65.8,2026-08-14 10:21:18
2026-03-02,West,District10,0,3,0,0.0,9.31,27.9,72.5,2026-08-14 10:21:18
2026-03-28,Adamawa,District1,0,0,0,0.0,16.3,32.8,51.0,2026-08-14 10:21:18
2026-03-28,Adamawa,District2,0,2,0,0.0,2.06,31.9,75.7,2026-08-14 10:21:18
2026-03-28,Adamawa,District3,0,0,0,0.0,10.05,21.6,52.5,2026-08-14 10:21:18
2026-03-28,Adamawa,District4,0,5,0,0.0,2.09,27.3,69.6,2026-08-14 10:21:18
2026-03-28,Adamawa,District5,0,5,0,0.0,12.95,28.1,56.5,2026-08-14 10:21:18
2026-03-28,Adamawa,District6,0,5,0,0.0,11.93,30.1,52.0,2026-08-14 10:21:18
2026-03-28,Adamawa,District7,1,0,1,100.0,19.12,20.2,53.1,2026-08-14 10:21:18
2026-03-28,Adamawa,District8,3,3,0,0.0,8.68,22.5,69.5,2026-08-14 10:21:18
2026-03-28,Adamawa,District9,0,0,0,0.0,4.58,24.2,81.1,2026-08-14 10:21:18
2026-03-28,Adamawa,District10,0,5,0,0.0,16.21,24.2,79.2,2026-08-14 10:21:18
2026-03-28,Centre,District1,0,5,0,0.0,2.53,34.2,59.8,2026-08-14 10:21:18
2026-03-28,Centre,District2,3,2,0,0.0,12.64,27.5,89.5,2026-08-14 10:21:18
2026-03-28,Centre,District3,0,5,0,0.0,11.47,33.8,68.1,2026-08-14 10:21:18
2026-03-28,Centre,District4,1,2,1,100.0,19.93,22.2,55.0,2026-08-14 10:21:18
2026-03-28,Centre,District5,1,0,0,0.0,2.03,23.2,80.0,2026-08-14 10:21:18
2026-03-28,Centre,District6,0,2,0,0.0,11.04,21.0,82.8,2026-08-14 10:21:18
2026-03-28,Centre,District7,0,1,0,0.0,6.17,34.8,66.0,2026-08-14 10:21:18
2026-03-28,Centre,District8,0,1,0,0.0,11.21,22.4,66.9,2026-08-14 10:21:18
2026-03-28,Centre,District9,0,4,0,0.0,3.22,27.5,65.5,2026-08-14 10:21:18
2026-03-28,Centre,District10,3,4,1,33.33,16.14,21.4,78.5,2026-08-14 10:21:18
2026-03-28,East,District1,0,4,0,0.0,5.37,34.0,71.5,2026-08-14 10:21:18
2026-03-28,East,District2,3,4,1,33.33,15.79,21.5,82.0,2026-08-14 10:21:18
2026-03-28,East,District3,0,4,0,0.0,14.8,31.7,77.8,2026-08-14 10:21:18
2026-03-28,East,District4,0,4,0,0.0,15.12,27.7,88.8,2026-08-14 10:21:18
2026-03-28,East,District5,1,5,0,0.0,4.63,33.3,85.3,2026-08-14 10:21:18
2026-03-28,East,District6,0,5,0,0.0,4.96,26.8,67.7,2026-08-14 10:21:18
2026-03-28,East,District7,1,5,1,100.0,5.15,26.2,60.3,2026-08-14 10:21:18
2026-03-28,East,District8,2,1,0,0.0,0.33,25.9,77.2,2026-08-14 10:21:18
2026-03-28,East,District9,0,2,0,0.0,18.43,27.4,67.2,2026-08-14 10:21:18
2026-03-28,East,District10,0,3,0,0.0,0.3,27.3,62.1,2026-08-14 10:21:18
2026-03-28,Far North,District1,0,3,0,0.0,5.95,21.0,73.6,2026-08-14 10:21:18
2026-03-28,Far North,District2,0,4,0,0.0,14.28,30.2,87.4,2026-08-14 10:21:18
2026-03-28,Far North,District3,3,2,0,0.0,14.55,34.6,72.9,2026-08-14 10:21:18
2026-03-28,Far North,District4,0,3,0,0.0,13.74,29.3,58.6,2026-08-14 10:21:18
2026-03-28,Far North,District5,0,1,0,0.0,15.43,26.0,89.6,2026-08-14 10:21:18
2026-03-28,Far North,District6,2,0,0,0.0,17.44,22.4,61.8,2026-08-14 10:21:18
2026-03-28,Far North,District7,3,0,1,33.33,10.97,29.4,73.6,2026-08-14 10:21:18
2026-03-28,Far North,District8,1,3,0,0.0,12.08,33.5,50.8,2026-08-14 10:21:18
2026-03-28,Far North,District9,0,1,0,0.0,18.64,33.3,74.8,2026-08-14 10:21:18
2026-03-28,Far North,District10,0,0,0,0.0,15.14,20.6,58.8,2026-08-14 10:21:18
2026-03-28,Littoral,District1,1,2,1,100.0,15.2,24.6,60.7,2026-08-14 10:21:18
2026-03-28,Littoral,District2,3,1,0,0.0,0.07,21.0,86.6,2026-08-14 10:21:18
2026-03-28,Littoral,District3,0,0,0,0.0,2.73,34.0,79.5,2026-08-14 10:21:18
2026-03-28,Littoral,District4,0,0,0,0.0,4.0,30.4,62.5,2026-08-14 10:21:18
2026-03-28,Littoral,District5,2,3,1,50.0,7.08,22.6,75.2,2026-08-14 10:21:18
2026-03-28,Littoral,District6,0,5,0,0.0,6.98,30.2,60.4,2026-08-14 10:21:18
2026-03-28,Littoral,District7,0,3,0,0.0,2.5,31.5,71.7,2026-08-14 10:21:18
2026-03-28,Littoral,District8,0,4,0,0.0,7.65,31.0,86.5,2026-08-14 10:21:18
2026-03-28,Littoral,District9,2,4,1,50.0,12.81,31.5,65.0,2026-08-14 10:21:18
2026-03-28,Littoral,District10,0,0,0,0.0,19.58,27.7,85.6,2026-08-14 10:21:18
2026-03-28,North,District1,0,0,0,0.0,13.95,30.6,61.2,2026-08-14 10:21:18
2026-03-28,North,District2,0,3,0,0.0,8.47,28.9,83.2,2026-08-14 10:21:18
2026-03-28,North,District3,0,3,0,0.0,11.83,21.9,84.6,2026-08-14 10:21:18
2026-03-28,North,District4,0,1,0,0.0,11.53,34.1,63.4,2026-08-14 10:21:18
2026-03-28,North,District5,0,4,0,0.0,15.92,33.9,87.2,2026-08-14 10:21:18
2026-03-28,North,District6,0,1,0,0.0,18.43,27.4,79.7,2026-08-14 10:21:18
2026-03-28,North,District7,0,3,0,0.0,3.0,21.4,51.3,2026-08-14 10:21:18
2026-03-28,North,District8,0,0,0,0.0,18.28,28.1,85.0,2026-08-14 10:21:18
2026-03-28,North,District9,0,4,0,0.0,8.42,21.4,63.8,2026-08-14 10:21:18
2026-03-28,North,District10,0,3,0,0.0,11.52,29.3,51.6,2026-08-14 10:21:18
2026-03-28,North-West,District1,0,5,0,0.0,9.81,33.3,55.3,2026-08-14 10:21:18
2026-03-28,North-West,District2,0,1,0,0.0,16.08,29.0,78.5,2026-08-14 10:21:18
2026-03-28,North-West,District3,0,3,0,0.0,17.31,22.5,57.9,2026-08-14 10:21:18
2026-03-28,North-West,District4,0,3,0,0.0,4.72,24.6,77.0,2026-08-14 10:21:18
2026-03-28,North-West,District5,0,4,0,0.0,3.46,34.3,67.9,2026-08-14 10:21:18
2026-03-28,North-West,District6,2,2,1,50.0,2.25,33.9,53.9,2026-08-14 10:21:18
2026-03-28,North-West,District7,0,1,0,0.0,17.74,29.3,79.4,2026-08-14 10:21:18
2026-03-28,North-West,District8,0,4,0,0.0,7.11,33.2,52.7,2026-08-14 10:21:18
2026-03-28,North-West,District9,0,4,0,0.0,3.7,32.7,89.3,2026-08-14 10:21:18
2026-03-28,North-West,District10,0,4,0,0.0,16.4,22.9,69.5,2026-08-14 10:21:18
2026-03-28,South,District1,0,1,0,0.0,19.23,28.0,66.9,2026-08-14 10:21:18
2026-03-28,South,District2,0,2,0,0.0,12.72,25.6,70.5,2026-08-14 10:21:18
2026-03-28,South,District3,0,2,0,0.0,14.67,25.5,60.9,2026-08-14 10:21:18
2026-03-28,South,District4,0,1,0,0.0,14.6,24.3,56.5,2026-08-14 10:21:18
2026-03-28,South,District5,1,4,0,0.0,15.38,25.0,58.6,2026-08-14 10:21:18
2026-03-28,South,District6,2,0,1,50.0,8.33,27.0,72.6,2026-08-14 10:21:18
2026-03-28,South,District7,0,2,0,0.0,5.69,26.6,50.1,2026-08-14 10:21:18
2026-03-28,South,District8,0,5,0,0.0,16.77,29.2,52.4,2026-08-14 10:21:18
2026-03-28,South,District9,0,0,0,0.0,11.46,31.6,57.3,2026-08-14 10:21:18
2026-03-28,South,District10,0,5,0,0.0,7.48,32.6,55.9,2026-08-14 10:21:18
2026-03-28,South-West,District1,1,2,0,0.0,2.81,23.1,83.3,2026-08-14 10:21:18
2026-03-28,South-West,District2,0,2,0,0.0,5.64,21.7,56.7,2026-08-14 10:21:18
2026-03-28,South-West,District3,0,1,0,0.0,2.93,29.8,86.2,2026-08-14 10:21:18
2026-03-28,South-West,District4,0,4,0,0.0,18.63,33.7,81.4,2026-08-14 10:21:18
2026-03-28,South-West,District5,0,0,0,0.0,9.6,33.2,77.1,2026-08-14 10:21:18
2026-03-28,South-West,District6,0,5,0,0.0,1.4,28.3,72.4,2026-08-14 10:21:18
2026-03-28,South-West,District7,0,3,0,0.0,6.54,26.0,87.7,2026-08-14 10:21:18
2026-03-28,South-West,District8,2,5,1,50.0,16.05,28.2,55.6,2026-08-14 10:21:18
2026-03-28,South-West,District9,0,5,0,0.0,0.83,20.7,87.9,2026-08-14 10:21:18
2026-03-28,South-West,District10,0,0,0,0.0,7.61,27.7,61.7,2026-08-14 10:21:18
2026-03-28,West,District1,0,2,0,0.0,0.29,28.8,54.5,2026-08-14 10:21:18
2026-03-28,West,District2,0,2,0,0.0,15.1,34.1,75.0,2026-08-14 10:21:18
2026-03-28,West,District3,0,2,0,0.0,0.34,35.0,72.1,2026-08-14 10:21:18
2026-03-28,West,District4,2,3,0,0.0,10.49,31.5,50.5,2026-08-14 10:21:18
2026-03-28,West,District5,1,4,0,0.0,12.82,33.3,74.4,2026-08-14 10:21:18
2026-03-28,West,District6,1,3,1,100.0,16.94,24.8,67.9,2026-08-14 10:21:18
2026-03-28,West,District7,2,5,0,0.0,5.59,34.6,53.1,2026-08-14 10:21:18
2026-03-28,West,District8,0,4,0,0.0,7.5,31.8,84.5,2026-08-14 10:21:18
2026-03-28,West,District9,0,2,0,0.0,16.33,25.3,72.9,2026-08-14 10:21:18
2026-03-28,West,District10,2,3,0,0.0,10.0,27.0,74.3,2026-08-14 10:21:18
2026-03-22,Adamawa,District1,0,5,0,0.0,19.18,33.2,52.6,2026-08-14 10:21:18
2026-03-22,Adamawa,District2,2,0,0,0.0,12.35,27.1,50.5,2026-08-14 10:21:18
2026-03-22,Adamawa,District3,0,0,0,0.0,19.02,23.7,67.7,2026-08-14 10:21:18
2026-03-22,Adamawa,District4,0,3,0,0.0,19.4,21.9,62.3,2026-08-14 10:21:18
2026-03-22,Adamawa,District5,0,5,0,0.0,12.8,31.0,56.1,2026-08-14 10:21:18
2026-03-22,Adamawa,District6,0,5,0,0.0,19.77,30.4,55.4,2026-08-14 10:21:18
2026-03-22,Adamawa,District7,0,1,0,0.0,8.45,27.6,55.7,2026-08-14 10:21:18
2026-03-22,Adamawa,District8,3,4,1,33.33,17.72,24.4,73.8,2026-08-14 10:21:18
2026-03-22,Adamawa,District9,1,0,0,0.0,3.89,28.9,61.9,2026-08-14 10:21:18
2026-03-22,Adamawa,District10,1,3,1,100.0,6.92,23.3,86.6,2026-08-14 10:21:18
2026-03-22,Centre,District1,1,4,0,0.0,0.37,34.9,86.6,2026-08-14 10:21:18
2026-03-22,Centre,District2,0,0,0,0.0,4.46,26.3,64.1,2026-08-14 10:21:18
2026-03-22,Centre,District3,0,3,0,0.0,18.04,23.8,63.7,2026-08-14 10:21:18
2026-03-22,Centre,District4,0,0,0,0.0,10.5,32.6,62.3,2026-08-14 10:21:18
2026-03-22,Centre,District5,0,1,0,0.0,4.59,31.2,66.2,2026-08-14 10:21:18
2026-03-22,Centre,District6,3,2,1,33.33,18.38,25.0,74.5,2026-08-14 10:21:18
2026-03-22,Centre,District7,0,0,0,0.0,3.0,23.7,70.2,2026-08-14 10:21:18
2026-03-22,Centre,District8,0,2,0,0.0,7.31,33.7,81.7,2026-08-14 10:21:18
2026-03-22,Centre,District9,0,1,0,0.0,7.7,33.2,59.0,2026-08-14 10:21:18
2026-03-22,Centre,District10,0,4,0,0.0,7.88,23.7,50.0,2026-08-14 10:21:18
2026-03-22,East,District1,2,2,1,50.0,8.29,27.1,60.2,2026-08-14 10:21:18
2026-03-22,East,District2,0,5,0,0.0,9.35,21.7,62.2,2026-08-14 10:21:18
2026-03-22,East,District3,2,3,0,0.0,14.23,26.3,55.1,2026-08-14 10:21:18
2026-03-22,East,District4,0,4,0,0.0,7.74,23.3,71.3,2026-08-14 10:21:18
2026-03-22,East,District5,0,0,0,0.0,5.19,21.0,86.3,2026-08-14 10:21:18
2026-03-22,East,District6,1,5,1,100.0,16.19,20.6,87.0,2026-08-14 10:21:18
2026-03-22,East,District7,0,5,0,0.0,7.67,34.7,77.0,2026-08-14 10:21:18
2026-03-22,East,District8,0,0,0,0.0,3.12,27.5,54.2,2026-08-14 10:21:18
2026-03-22,East,District9,0,2,0,0.0,13.86,31.3,63.5,2026-08-14 10:21:18
2026-03-22,East,District10,2,0,0,0.0,9.83,26.9,85.6,2026-08-14 10:21:18
2026-03-22,Far North,District1,0,4,0,0.0,11.38,24.1,69.3,2026-08-14 10:21:18
2026-03-22,Far North,District2,0,1,0,0.0,16.39,21.8,57.4,2026-08-14 10:21:18
2026-03-22,Far North,District3,0,0,0,0.0,2.28,33.9,64.7,2026-08-14 10:21:18
2026-03-22,Far North,District4,3,3,0,0.0,0.13,25.0,59.6,2026-08-14 10:21:18
2026-03-22,Far North,District5,0,5,0,0.0,2.97,32.7,59.3,2026-08-14 10:21:18
2026-03-22,Far North,District6,0,5,0,0.0,1.59,25.8,76.9,2026-08-14 10:21:18
2026-03-22,Far North,District7,0,0,0,0.0,19.79,27.5,69.2,2026-08-14 10:21:18
2026-03-22,Far North,District8,0,4,0,0.0,7.2,32.8,77.1,2026-08-14 10:21:18
2026-03-22,Far North,District9,1,5,1,100.0,15.94,23.7,65.3,2026-08-14 10:21:18
2026-03-22,Far North,District10,0,4,0,0.0,16.17,26.9,75.9,2026-08-14 10:21:18
2026-03-22,Littoral,District1,0,5,0,0.0,13.49,31.8,72.5,2026-08-14 10:21:18
2026-03-22,Littoral,District2,0,3,0,0.0,18.01,26.7,76.4,2026-08-14 10:21:18
2026-03-22,Littoral,District3,2,1,0,0.0,18.41,22.8,64.0,2026-08-14 10:21:18
2026-03-22,Littoral,District4,1,4,1,100.0,18.34,29.9,76.6,2026-08-14 10:21:18
2026-03-22,Littoral,District5,0,4,0,0.0,13.08,26.7,82.1,2026-08-14 10:21:18
2026-03-22,Littoral,District6,0,0,0,0.0,12.27,32.4,75.1,2026-08-14 10:21:18
2026-03-22,Littoral,District7,3,2,0,0.0,9.39,33.4,68.3,2026-08-14 10:21:18
2026-03-22,Littoral,District8,0,1,0,0.0,14.37,24.6,55.5,2026-08-14 10:21:18
2026-03-22,Littoral,District9,0,5,0,0.0,15.19,28.9,89.3,2026-08-14 10:21:18
2026-03-22,Littoral,District10,0,3,0,0.0,9.78,30.9,71.5,2026-08-14 10:21:18
2026-03-22,North,District1,0,1,0,0.0,13.83,29.4,69.6,2026-08-14 10:21:18
2026-03-22,North,District2,2,2,1,50.0,16.88,29.4,88.1,2026-08-14 10:21:18
2026-03-22,North,District3,0,3,0,0.0,10.04,21.2,67.1,2026-08-14 10:21:18
2026-03-22,North,District4,1,4,1,100.0,0.22,24.1,66.2,2026-08-14 10:21:18
2026-03-22,North,District5,1,3,0,0.0,19.15,26.7,80.8,2026-08-14 10:21:18
2026-03-22,North,District6,0,2,0,0.0,11.58,22.8,61.0,2026-08-14 10:21:18
2026-03-22,North,District7,2,3,0,0.0,13.76,30.2,71.4,2026-08-14 10:21:18
2026-03-22,North,District8,0,1,0,0.0,5.25,20.1,68.0,2026-08-14 10:21:18
2026-03-22,North,District9,2,4,0,0.0,14.32,23.1,54.7,2026-08-14 10:21:18
2026-03-22,North,District10,1,4,1,100.0,12.97,30.3,88.3,2026-08-14 10:21:18
2026-03-22,North-West,District1,2,5,0,0.0,1.14,31.4,85.1,2026-08-14 10:21:18
2026-03-22,North-West,District2,0,5,0,0.0,9.91,28.5,73.4,2026-08-14 10:21:18
2026-03-22,North-West,District3,0,2,0,0.0,6.99,20.8,50.0,2026-08-14 10:21:18
2026-03-22,North-West,District4,3,4,0,0.0,15.0,28.1,67.8,2026-08-14 10:21:18
2026-03-22,North-West,District5,1,0,1,100.0,4.22,26.0,58.4,2026-08-14 10:21:18
2026-03-22,North-West,District6,0,5,0,0.0,16.54,24.4,81.1,2026-08-14 10:21:18
2026-03-22,North-West,District7,0,2,0,0.0,12.48,25.9,84.2,2026-08-14 10:21:18
2026-03-22,North-West,District8,0,3,0,0.0,1.57,33.0,82.7,2026-08-14 10:21:18
2026-03-22,North-West,District9,0,5,0,0.0,10.81,34.4,61.4,2026-08-14 10:21:18
2026-03-22,North-West,District10,0,0,0,0.0,12.71,34.0,64.2,2026-08-14 10:21:18
2026-03-22,South,District1,0,3,0,0.0,4.49,25.9,77.3,2026-08-14 10:21:18
2026-03-22,South,District2,0,3,0,0.0,18.71,21.3,89.8,2026-08-14 10:21:18
2026-03-22,South,District3,0,0,0,0.0,12.06,25.4,55.3,2026-08-14 10:21:18
2026-03-22,South,District4,1,3,1,100.0,3.51,31.5,80.9,2026-08-14 10:21:18
2026-03-22,South,District5,0,1,0,0.0,4.8,23.2,70.0,2026-08-14 10:21:18
2026-03-22,South,District6,0,3,0,0.0,15.72,20.7,62.6,2026-08-14 10:21:18
2026-03-22,South,District7,0,3,0,0.0,18.41,24.4,59.3,2026-08-14 10:21:18
2026-03-22,South,District8,2,2,1,50.0,19.27,34.5,78.3,2026-08-14 10:21:18
2026-03-22,South,District9,0,1,0,0.0,3.83,33.1,59.8,2026-08-14 10:21:18
2026-03-22,South,District10,0,1,0,0.0,13.75,23.0,89.8,2026-08-14 10:21:18
2026-03-22,South-West,District1,0,3,0,0.0,8.51,23.2,50.1,2026-08-14 10:21:18
2026-03-22,South-West,District2,0,1,0,0.0,11.56,28.2,65.3,2026-08-14 10:21:18
2026-03-22,South-West,District3,2,1,0,0.0,5.8,32.1,66.9,2026-08-14 10:21:18
2026-03-22,South-West,District4,0,5,0,0.0,19.76,25.6,63.2,2026-08-14 10:21:18
2026-03-22,South-West,District5,0,3,0,0.0,15.38,25.8,63.5,2026-08-14 10:21:18
2026-03-22,South-West,District6,0,2,0,0.0,16.65,28.0,65.5,2026-08-14 10:21:18
2026-03-22,South-West,District7,0,4,0,0.0,1.9,30.7,87.3,2026-08-14 10:21:18
2026-03-22,South-West,District8,0,2,0,0.0,16.47,33.8,68.0,2026-08-14 10:21:18
2026-03-22,South-West,District9,0,1,0,0.0,4.68,33.7,76.6,2026-08-14 10:21:18
2026-03-22,South-West,District10,2,2,0,0.0,8.5,28.0,50.1,2026-08-14 10:21:18
2026-03-22,West,District1,0,2,0,0.0,16.93,26.9,71.9,2026-08-14 10:21:18
2026-03-22,West,District2,0,4,0,0.0,1.54,28.5,64.1,2026-08-14 10:21:18
2026-03-22,West,District3,0,0,0,0.0,17.39,20.2,75.4,2026-08-14 10:21:18
2026-03-22,West,District4,0,4,0,0.0,10.25,21.7,87.3,2026-08-14 10:21:18
2026-03-22,West,District5,0,1,0,0.0,2.44,31.0,86.3,2026-08-14 10:21:18
2026-03-22,West,District6,0,0,0,0.0,1.08,23.6,65.7,2026-08-14 10:21:18
2026-03-22,West,District7,0,3,0,0.0,8.08,29.6,53.6,2026-08-14 10:21:18
2026-03-22,West,District8,3,4,1,33.33,4.89,30.1,82.4,2026-08-14 10:21:18
2026-03-22,West,District9,0,2,0,0.0,16.31,26.6,64.4,2026-08-14 10:21:18
2026-03-22,West,District10,0,3,0,0.0,18.94,30.1,82.1,2026-08-14 10:21:18
2026-04-19,Adamawa,District1,2,4,0,0.0,10.36,27.3,61.9,2026-08-14 10:21:18
2026-04-19,Adamawa,District2,0,4,0,0.0,12.05,29.0,65.5,2026-08-14 10:21:18
2026-04-19,Adamawa,District3,0,0,0,0.0,17.9,34.6,57.0,2026-08-14 10:21:18
2026-04-19,Adamawa,District4,0,3,0,0.0,0.16,28.9,75.5,2026-08-14 10:21:18
2026-04-19,Adamawa,District5,0,2,0,0.0,19.98,23.3,50.5,2026-08-14 10:21:18
2026-04-19,Adamawa,District6,0,3,0,0.0,0.21,29.3,55.6,2026-08-14 10:21:18
2026-04-19,Adamawa,District7,2,5,0,0.0,5.58,33.3,84.0,2026-08-14 10:21:18
2026-04-19,Adamawa,District8,0,0,0,0.0,10.98,34.8,73.4,2026-08-14 10:21:18
2026-04-19,Adamawa,District9,0,4,0,0.0,4.24,29.0,85.1,2026-08-14 10:21:18
2026-04-19,Adamawa,District10,0,0,0,0.0,6.47,31.6,52.3,2026-08-14 10:21:18
2026-04-19,Centre,District1,0,1,0,0.0,13.89,20.6,68.2,2026-08-14 10:21:18
2026-04-19,Centre,District2,0,4,0,0.0,15.88,34.4,51.0,2026-08-14 10:21:18
2026-04-19,Centre,District3,1,2,0,0.0,17.05,27.7,64.7,2026-08-14 10:21:18
2026-04-19,Centre,District4,0,1,0,0.0,3.05,28.9,83.6,2026-08-14 10:21:18
2026-04-19,Centre,District5,0,4,0,0.0,4.81,30.8,62.5,2026-08-14 10:21:18
2026-04-19,Centre,District6,3,3,1,33.33,12.34,21.2,59.4,2026-08-14 10:21:18
2026-04-19,Centre,District7,0,1,0,0.0,14.58,33.4,73.9,2026-08-14 10:21:18
2026-04-19,Centre,District8,0,4,0,0.0,7.57,24.2,80.6,2026-08-14 10:21:18
2026-04-19,Centre,District9,1,1,0,0.0,3.91,33.3,66.4,2026-08-14 10:21:18
2026-04-19,Centre,District10,2,0,0,0.0,0.19,28.8,55.5,2026-08-14 10:21:18
2026-04-19,East,District1,1,4,0,0.0,7.01,23.0,69.3,2026-08-14 10:21:18
2026-04-19,East,District2,1,4,1,100.0,3.39,32.6,81.9,2026-08-14 10:21:18
2026-04-19,East,District3,2,2,0,0.0,3.17,25.3,57.6,2026-08-14 10:21:18
2026-04-19,East,District4,0,2,0,0.0,13.62,30.5,65.2,2026-08-14 10:21:18
2026-04-19,East,District5,2,0,1,50.0,11.36,31.2,59.1,2026-08-14 10:21:18
2026-04-19,East,District6,0,1,0,0.0,4.1,26.4,50.0,2026-08-14 10:21:18
2026-04-19,East,District7,2,0,1,50.0,13.17,34.2,52.6,2026-08-14 10:21:18
2026-04-19,East,District8,0,0,0,0.0,16.87,33.3,74.9,2026-08-14 10:21:18
2026-04-19,East,District9,0,1,0,0.0,13.96,24.6,50.3,2026-08-14 10:21:18
2026-04-19,East,District10,0,2,0,0.0,0.09,23.3,80.7,2026-08-14 10:21:18
2026-04-19,Far North,District1,3,1,0,0.0,17.2,34.9,66.7,2026-08-14 10:21:18
2026-04-19,Far North,District2,0,5,0,0.0,4.92,31.0,84.3,2026-08-14 10:21:18
2026-04-19,Far North,District3,2,0,1,50.0,0.71,21.0,74.8,2026-08-14 10:21:18
2026-04-19,Far North,District4,1,4,0,0.0,8.46,27.3,89.4,2026-08-14 10:21:18
2026-04-19,Far North,District5,0,2,0,0.0,19.32,20.9,60.5,2026-08-14 10:21:18
2026-04-19,Far North,District6,0,3,0,0.0,2.15,27.5,55.0,2026-08-14 10:21:18
2026-04-19,Far North,District7,1,5,0,0.0,8.16,28.9,79.0,2026-08-14 10:21:18
2026-04-19,Far North,District8,1,1,0,0.0,6.92,22.0,55.7,2026-08-14 10:21:18
2026-04-19,Far North,District9,0,2,0,0.0,10.77,20.1,52.5,2026-08-14 10:21:18
2026-04-19,Far North,District10,3,4,0,0.0,15.01,30.6,82.6,2026-08-14 10:21:18
2026-04-19,Littoral,District1,0,5,0,0.0,2.58,27.3,82.0,2026-08-14 10:21:18
2026-04-19,Littoral,District2,0,1,0,0.0,7.77,20.3,52.5,2026-08-14 10:21:18
2026-04-19,Littoral,District3,0,4,0,0.0,4.96,26.2,83.4,2026-08-14 10:21:18
2026-04-19,Littoral,District4,0,4,0,0.0,2.9,29.9,66.7,2026-08-14 10:21:18
2026-04-19,Littoral,District5,0,3,0,0.0,2.5,31.6,62.2,2026-08-14 10:21:18
2026-04-19,Littoral,District6,0,1,0,0.0,16.55,31.6,63.6,2026-08-14 10:21:18
2026-04-19,Littoral,District7,0,3,0,0.0,13.34,30.9,69.9,2026-08-14 10:21:18
2026-04-19,Littoral,District8,0,4,0,0.0,0.34,33.0,52.7,2026-08-14 10:21:18
2026-04-19,Littoral,District9,1,3,1,100.0,0.08,30.0,87.5,2026-08-14 10:21:18
2026-04-19,Littoral,District10,0,4,0,0.0,1.15,33.8,86.2,2026-08-14 10:21:18
2026-04-19,North,District1,1,5,0,0.0,10.28,29.2,66.9,2026-08-14 10:21:18
2026-04-19,North,District2,0,4,0,0.0,18.17,20.5,88.2,2026-08-14 10:21:18
2026-04-19,North,District3,3,4,0,0.0,16.77,28.4,50.4,2026-08-14 10:21:18
2026-04-19,North,District4,0,1,0,0.0,7.55,26.3,89.7,2026-08-14 10:21:18
2026-04-19,North,District5,0,1,0,0.0,0.58,24.6,64.5,2026-08-14 10:21:18
2026-04-19,North,District6,2,4,1,50.0,4.64,22.5,70.2,2026-08-14 10:21:18
2026-04-19,North,District7,0,2,0,0.0,9.9,25.7,54.7,2026-08-14 10:21:18
2026-04-19,North,District8,2,4,1,50.0,4.28,22.2,61.0,2026-08-14 10:21:18
2026-04-19,North,District9,0,3,0,0.0,12.59,32.1,50.9,2026-08-14 10:21:18
2026-04-19,North,District10,0,3,0,0.0,0.58,21.8,50.7,2026-08-14 10:21:18
2026-04-19,North-West,District1,0,1,0,0.0,12.86,31.5,78.3,2026-08-14 10:21:18
2026-04-19,North-West,District2,0,3,0,0.0,7.78,23.1,63.8,2026-08-14 10:21:18
2026-04-19,North-West,District3,0,3,0,0.0,15.03,31.7,69.6,2026-08-14 10:21:18
2026-04-19,North-West,District4,0,3,0,0.0,13.7,26.3,65.9,2026-08-14 10:21:18
2026-04-19,North-West,District5,0,2,0,0.0,9.59,27.7,89.4,2026-08-14 10:21:18
2026-04-19,North-West,District6,0,4,0,0.0,1.29,23.9,67.0,2026-08-14 10:21:18
2026-04-19,North-West,District7,0,5,0,0.0,3.88,29.5,52.9,2026-08-14 10:21:18
2026-04-19,North-West,District8,0,1,0,0.0,9.31,20.0,83.4,2026-08-14 10:21:18
2026-04-19,North-West,District9,0,3,0,0.0,18.61,28.4,74.9,2026-08-14 10:21:18
2026-04-19,North-West,District10,0,5,0,0.0,12.54,24.6,66.7,2026-08-14 10:21:18
2026-04-19,South,District1,0,2,0,0.0,2.27,20.4,75.9,2026-08-14 10:21:18
2026-04-19,South,District2,0,2,0,0.0,18.09,34.3,72.4,2026-08-14 10:21:18
2026-04-19,South,District3,0,5,0,0.0,2.43,31.9,88.9,2026-08-14 10:21:18
2026-04-19,South,District4,2,1,0,0.0,10.38,23.5,59.0,2026-08-14 10:21:18
2026-04-19,South,District5,0,5,0,0.0,8.67,34.4,53.1,2026-08-14 10:21:18
2026-04-19,South,District6,0,2,0,0.0,18.28,29.0,89.4,2026-08-14 10:21:18
2026-04-19,South,District7,0,0,0,0.0,1.03,30.2,61.8,2026-08-14 10:21:18
2026-04-19,South,District8,0,5,0,0.0,8.01,29.7,65.5,2026-08-14 10:21:18
2026-04-19,South,District9,3,3,0,0.0,18.4,24.2,51.9,2026-08-14 10:21:18
2026-04-19,South,District10,0,2,0,0.0,10.67,34.7,58.5,2026-08-14 10:21:18
2026-04-19,South-West,District1,1,4,0,0.0,2.65,23.3,51.3,2026-08-14 10:21:18
2026-04-19,South-West,District2,1,4,1,100.0,11.59,33.8,76.0,2026-08-14 10:21:18
2026-04-19,South-West,District3,0,4,0,0.0,10.98,20.2,75.4,2026-08-14 10:21:18
2026-04-19,South-West,District4,1,1,0,0.0,7.57,20.1,66.1,2026-08-14 10:21:18
2026-04-19,South-West,District5,0,0,0,0.0,7.98,24.6,51.6,2026-08-14 10:21:18
2026-04-19,South-West,District6,0,4,0,0.0,12.93,29.5,89.6,2026-08-14 10:21:18
2026-04-19,South-West,District7,2,4,0,0.0,0.6,27.5,62.4,2026-08-14 10:21:18
2026-04-19,South-West,District8,3,1,0,0.0,4.04,21.6,59.6,2026-08-14 10:21:18
2026-04-19,South-West,District9,0,3,0,0.0,11.03,22.6,78.8,2026-08-14 10:21:18
2026-04-19,South-West,District10,0,3,0,0.0,11.38,24.6,68.6,2026-08-14 10:21:18
2026-04-19,West,District1,2,0,1,50.0,8.43,27.5,73.5,2026-08-14 10:21:18
2026-04-19,West,District2,0,2,0,0.0,14.89,29.1,61.4,2026-08-14 10:21:18
2026-04-19,West,District3,0,0,0,0.0,5.05,30.8,53.9,2026-08-14 10:21:18
2026-04-19,West,District4,1,2,1,100.0,6.25,35.0,56.0,2026-08-14 10:21:18
2026-04-19,West,District5,3,1,1,33.33,17.19,33.3,58.8,2026-08-14 10:21:18
2026-04-19,West,District6,2,1,0,0.0,2.22,22.3,69.0,2026-08-14 10:21:18
2026-04-19,West,District7,0,5,0,0.0,4.79,26.8,54.2,2026-08-14 10:21:18
2026-04-19,West,District8,0,4,0,0.0,1.66,30.8,73.8,2026-08-14 10:21:18
2026-04-19,West,District9,0,3,0,0.0,3.4,23.0,77.0,2026-08-14 10:21:18
2026-04-19,West,District10,1,4,1,100.0,12.46,34.4,80.0,2026-08-14 10:21:18
2026-04-20,Adamawa,District1,0,5,0,0.0,14.79,32.5,71.1,2026-08-14 10:21:18
2026-04-20,Adamawa,District2,0,5,0,0.0,4.79,21.1,74.8,2026-08-14 10:21:18
2026-04-20,Adamawa,District3,1,1,1,100.0,14.06,24.7,52.3,2026-08-14 10:21:18
2026-04-20,Adamawa,District4,0,3,0,0.0,19.07,28.8,75.4,2026-08-14 10:21:18
2026-04-20,Adamawa,District5,3,0,1,33.33,2.84,24.5,67.6,2026-08-14 10:21:18
2026-04-20,Adamawa,District6,0,0,0,0.0,13.44,25.6,78.8,2026-08-14 10:21:18
2026-04-20,Adamawa,District7,0,3,0,0.0,2.13,22.2,81.9,2026-08-14 10:21:18
2026-04-20,Adamawa,District8,0,0,0,0.0,12.16,24.4,82.0,2026-08-14 10:21:18
2026-04-20,Adamawa,District9,0,4,0,0.0,0.03,26.4,58.6,2026-08-14 10:21:18
2026-04-20,Adamawa,District10,0,3,0,0.0,7.4,27.2,77.6,2026-08-14 10:21:18
2026-04-20,Centre,District1,0,1,0,0.0,17.75,27.2,80.9,2026-08-14 10:21:18
2026-04-20,Centre,District2,1,1,1,100.0,10.62,33.8,72.5,2026-08-14 10:21:18
2026-04-20,Centre,District3,0,2,0,0.0,7.6,21.6,60.6,2026-08-14 10:21:18
2026-04-20,Centre,District4,0,0,0,0.0,12.14,22.2,71.6,2026-08-14 10:21:18
2026-04-20,Centre,District5,1,2,0,0.0,19.32,31.2,55.0,2026-08-14 10:21:18
2026-04-20,Centre,District6,0,2,0,0.0,2.3,33.8,85.0,2026-08-14 10:21:18
2026-04-20,Centre,District7,0,3,0,0.0,9.68,32.8,81.6,2026-08-14 10:21:18
2026-04-20,Centre,District8,0,4,0,0.0,8.7,31.2,69.1,2026-08-14 10:21:18
2026-04-20,Centre,District9,3,2,1,33.33,11.62,34.1,67.4,2026-08-14 10:21:18
2026-04-20,Centre,District10,0,3,0,0.0,17.89,21.7,81.5,2026-08-14 10:21:18
2026-04-20,East,District1,0,2,0,0.0,18.26,33.4,72.3,2026-08-14 10:21:18
2026-04-20,East,District2,0,2,0,0.0,19.23,25.5,75.6,2026-08-14 10:21:18
2026-04-20,East,District3,0,5,0,0.0,12.8,27.7,89.2,2026-08-14 10:21:18
2026-04-20,East,District4,0,5,0,0.0,5.41,24.0,52.5,2026-08-14 10:21:18
2026-04-20,East,District5,0,2,0,0.0,6.07,32.4,65.1,2026-08-14 10:21:18
2026-04-20,East,District6,0,2,0,0.0,0.34,20.7,51.3,2026-08-14 10:21:18
2026-04-20,East,District7,0,1,0,0.0,8.08,33.5,59.8,2026-08-14 10:21:18
2026-04-20,East,District8,1,5,1,100.0,2.03,21.0,86.5,2026-08-14 10:21:18
2026-04-20,East,District9,2,3,0,0.0,19.73,34.4,88.4,2026-08-14 10:21:18
2026-04-20,East,District10,0,4,0,0.0,18.6,28.1,57.6,2026-08-14 10:21:18
2026-04-20,Far North,District1,0,1,0,0.0,18.07,21.2,89.3,2026-08-14 10:21:18
2026-04-20,Far North,District2,0,1,0,0.0,4.54,20.5,55.5,2026-08-14 10:21:18
2026-04-20,Far North,District3,2,4,0,0.0,14.52,31.5,58.3,2026-08-14 10:21:18
2026-04-20,Far North,District4,0,3,0,0.0,3.87,26.8,54.7,2026-08-14 10:21:18
2026-04-20,Far North,District5,3,1,0,0.0,5.63,25.4,56.4,2026-08-14 10:21:18
2026-04-20,Far North,District6,0,1,0,0.0,17.71,23.8,79.0,2026-08-14 10:21:18
2026-04-20,Far North,District7,0,2,0,0.0,14.04,32.5,79.1,2026-08-14 10:21:18
2026-04-20,Far North,District8,0,4,0,0.0,16.65,34.2,72.1,2026-08-14 10:21:18
2026-04-20,Far North,District9,0,5,0,0.0,9.45,24.7,62.9,2026-08-14 10:21:18
2026-04-20,Far North,District10,0,3,0,0.0,9.03,30.1,71.0,2026-08-14 10:21:18
2026-04-20,Littoral,District1,0,4,0,0.0,17.74,20.6,55.5,2026-08-14 10:21:18
2026-04-20,Littoral,District2,0,5,0,0.0,15.71,24.9,59.9,2026-08-14 10:21:18
2026-04-20,Littoral,District3,0,0,0,0.0,9.21,20.2,59.6,2026-08-14 10:21:18
2026-04-20,Littoral,District4,0,0,0,0.0,0.36,21.3,71.6,2026-08-14 10:21:18
2026-04-20,Littoral,District5,0,0,0,0.0,12.66,30.5,67.8,2026-08-14 10:21:18
2026-04-20,Littoral,District6,0,0,0,0.0,2.44,22.1,74.8,2026-08-14 10:21:18
2026-04-20,Littoral,District7,0,5,0,0.0,15.35,33.8,55.0,2026-08-14 10:21:18
2026-04-20,Littoral,District8,0,1,0,0.0,17.57,30.4,70.4,2026-08-14 10:21:18
2026-04-20,Littoral,District9,2,1,0,0.0,8.29,30.4,56.6,2026-08-14 10:21:18
2026-04-20,Littoral,District10,0,3,0,0.0,3.2,34.4,71.4,2026-08-14 10:21:18
2026-04-20,North,District1,2,1,0,0.0,16.6,28.1,79.8,2026-08-14 10:21:18
2026-04-20,North,District2,2,3,0,0.0,12.42,29.6,74.8,2026-08-14 10:21:18
2026-04-20,North,District3,0,1,0,0.0,17.91,27.9,80.8,2026-08-14 10:21:18
2026-04-20,North,District4,1,1,0,0.0,4.2,32.2,58.7,2026-08-14 10:21:18
2026-04-20,North,District5,0,1,0,0.0,13.63,30.7,65.7,2026-08-14 10:21:18
2026-04-20,North,District6,0,2,0,0.0,10.34,29.2,53.8,2026-08-14 10:21:18
2026-04-20,North,District7,0,3,0,0.0,14.53,23.2,75.9,2026-08-14 10:21:18
2026-04-20,North,District8,3,2,1,33.33,5.33,21.6,74.9,2026-08-14 10:21:18
2026-04-20,North,District9,2,4,0,0.0,18.6,22.0,50.3,2026-08-14 10:21:18
2026-04-20,North,District10,0,1,0,0.0,15.61,21.6,61.9,2026-08-14 10:21:18
2026-04-20,North-West,District1,0,3,0,0.0,7.14,29.6,77.9,2026-08-14 10:21:18
2026-04-20,North-West,District2,1,5,0,0.0,3.57,29.0,86.7,2026-08-14 10:21:18
2026-04-20,North-West,District3,3,4,0,0.0,6.92,28.5,71.7,2026-08-14 10:21:18
2026-04-20,North-West,District4,0,5,0,0.0,7.37,34.5,89.7,2026-08-14 10:21:18
2026-04-20,North-West,District5,0,0,0,0.0,4.63,33.5,71.5,2026-08-14 10:21:18
2026-04-20,North-West,District6,0,2,0,0.0,10.11,22.0,56.9,2026-08-14 10:21:18
2026-04-20,North-West,District7,0,3,0,0.0,11.7,25.0,82.7,2026-08-14 10:21:18
2026-04-20,North-West,District8,0,3,0,0.0,5.47,21.9,54.2,2026-08-14 10:21:18
2026-04-20,North-West,District9,0,3,0,0.0,18.93,24.4,74.1,2026-08-14 10:21:18
2026-04-20,North-West,District10,0,3,0,0.0,0.12,31.8,76.4,2026-08-14 10:21:18
2026-04-20,South,District1,0,5,0,0.0,16.95,25.4,57.1,2026-08-14 10:21:18
2026-04-20,South,District2,0,5,0,0.0,0.08,27.7,62.8,2026-08-14 10:21:18
2026-04-20,South,District3,0,1,0,0.0,13.43,24.2,56.8,2026-08-14 10:21:18
2026-04-20,South,District4,1,0,1,100.0,9.24,23.1,58.1,2026-08-14 10:21:18
2026-04-20,South,District5,1,2,1,100.0,5.77,22.8,63.6,2026-08-14 10:21:18
2026-04-20,South,District6,3,3,0,0.0,17.22,20.8,57.4,2026-08-14 10:21:18
2026-04-20,South,District7,0,2,0,0.0,16.5,26.5,62.1,2026-08-14 10:21:18
2026-04-20,South,District8,0,5,0,0.0,19.69,20.1,54.4,2026-08-14 10:21:18
2026-04-20,South,District9,0,5,0,0.0,11.54,24.1,88.6,2026-08-14 10:21:18
2026-04-20,South,District10,1,1,1,100.0,15.22,28.3,57.5,2026-08-14 10:21:18
2026-04-20,South-West,District1,0,3,0,0.0,19.08,25.2,53.6,2026-08-14 10:21:18
2026-04-20,South-West,District2,3,3,0,0.0,19.59,20.2,58.4,2026-08-14 10:21:18
2026-04-20,South-West,District3,1,4,1,100.0,11.02,27.3,60.4,2026-08-14 10:21:18
2026-04-20,South-West,District4,2,4,1,50.0,9.56,30.3,62.2,2026-08-14 10:21:18
2026-04-20,South-West,District5,0,3,0,0.0,2.04,22.0,55.5,2026-08-14 10:21:18
2026-04-20,South-West,District6,0,3,0,0.0,15.35,29.2,70.4,2026-08-14 10:21:18
2026-04-20,South-West,District7,0,4,0,0.0,4.36,22.2,73.5,2026-08-14 10:21:18
2026-04-20,South-West,District8,1,3,0,0.0,5.63,21.7,63.0,2026-08-14 10:21:18
2026-04-20,South-West,District9,0,5,0,0.0,14.13,33.0,71.5,2026-08-14 10:21:18
2026-04-20,South-West,District10,1,5,1,100.0,4.16,21.4,78.2,2026-08-14 10:21:18
2026-04-20,West,District1,2,1,0,0.0,5.48,28.4,79.7,2026-08-14 10:21:18
2026-04-20,West,District2,0,2,0,0.0,1.01,31.0,81.2,2026-08-14 10:21:18
2026-04-20,West,District3,1,3,1,100.0,12.16,26.3,60.5,2026-08-14 10:21:18
2026-04-20,West,District4,0,4,0,0.0,15.63,34.1,83.0,2026-08-14 10:21:18
2026-04-20,West,District5,0,0,0,0.0,17.35,27.6,70.5,2026-08-14 10:21:18
2026-04-20,West,District6,3,0,0,0.0,8.66,28.1,56.9,2026-08-14 10:21:18
2026-04-20,West,District7,3,5,0,0.0,15.63,32.6,69.5,2026-08-14 10:21:18
2026-04-20,West,District8,2,0,1,50.0,10.68,32.7,64.8,2026-08-14 10:21:18
2026-04-20,West,District9,0,1,0,0.0,15.12,27.9,73.3,2026-08-14 10:21:18
2026-04-20,West,District10,1,5,0,0.0,18.82,24.9,71.7,2026-08-14 10:21:18
2026-04-18,Adamawa,District1,0,0,0,0.0,2.77,21.9,89.1,2026-08-14 10:21:18
2026-04-18,Adamawa,District2,0,2,0,0.0,8.8,22.8,58.6,2026-08-14 10:21:18
2026-04-18,Adamawa,District3,0,0,0,0.0,5.45,22.6,57.8,2026-08-14 10:21:18
2026-04-18,Adamawa,District4,0,5,0,0.0,10.75,24.8,50.8,2026-08-14 10:21:18
2026-04-18,Adamawa,District5,0,1,0,0.0,16.48,26.5,54.0,2026-08-14 10:21:18
2026-04-18,Adamawa,District6,1,4,0,0.0,8.9,29.3,59.2,2026-08-14 10:21:18
2026-04-18,Adamawa,District7,0,0,0,0.0,8.38,26.1,52.0,2026-08-14 10:21:18
2026-04-18,Adamawa,District8,2,3,1,50.0,10.86,32.5,52.1,2026-08-14 10:21:18
2026-04-18,Adamawa,District9,0,5,0,0.0,4.95,27.3,81.7,2026-08-14 10:21:18
2026-04-18,Adamawa,District10,0,5,0,0.0,16.68,34.1,66.7,2026-08-14 10:21:18
2026-04-18,Centre,District1,0,0,0,0.0,0.17,21.8,82.4,2026-08-14 10:21:18
2026-04-18,Centre,District2,3,3,0,0.0,16.64,30.8,52.4,2026-08-14 10:21:18
2026-04-18,Centre,District3,2,4,1,50.0,9.3,22.7,65.8,2026-08-14 10:21:18
2026-04-18,Centre,District4,1,4,1,100.0,9.41,24.7,65.6,2026-08-14 10:21:18
2026-04-18,Centre,District5,0,1,0,0.0,8.0,28.8,56.7,2026-08-14 10:21:18
2026-04-18,Centre,District6,0,2,0,0.0,18.42,28.5,72.8,2026-08-14 10:21:18
2026-04-18,Centre,District7,0,1,0,0.0,3.03,32.0,50.9,2026-08-14 10:21:18
2026-04-18,Centre,District8,0,0,0,0.0,6.69,25.3,51.1,2026-08-14 10:21:18
2026-04-18,Centre,District9,0,4,0,0.0,15.25,25.6,52.7,2026-08-14 10:21:18
2026-04-18,Centre,District10,1,5,1,100.0,12.87,25.1,60.2,2026-08-14 10:21:18
2026-04-18,East,District1,0,4,0,0.0,15.86,28.4,63.4,2026-08-14 10:21:18
2026-04-18,East,District2,0,0,0,0.0,2.95,33.3,65.2,2026-08-14 10:21:18
2026-04-18,East,District3,0,2,0,0.0,16.85,22.6,89.5,2026-08-14 10:21:18
2026-04-18,East,District4,0,2,0,0.0,10.23,25.4,79.9,2026-08-14 10:21:18
2026-04-18,East,District5,0,5,0,0.0,15.46,21.0,68.0,2026-08-14 10:21:18
2026-04-18,East,District6,0,4,0,0.0,10.21,24.8,77.3,2026-08-14 10:21:18
2026-04-18,East,District7,0,2,0,0.0,3.76,25.6,51.3,2026-08-14 10:21:18
2026-04-18,East,District8,0,0,0,0.0,5.2,30.9,55.7,2026-08-14 10:21:18
2026-04-18,East,District9,0,5,0,0.0,11.83,31.9,51.3,2026-08-14 10:21:18
2026-04-18,East,District10,0,1,0,0.0,5.32,24.4,69.7,2026-08-14 10:21:18
2026-04-18,Far North,District1,0,2,0,0.0,12.11,29.9,75.6,2026-08-14 10:21:18
2026-04-18,Far North,District2,0,5,0,0.0,2.48,20.0,85.8,2026-08-14 10:21:18
2026-04-18,Far North,District3,0,2,0,0.0,7.86,30.2,62.3,2026-08-14 10:21:18
2026-04-18,Far North,District4,0,5,0,0.0,6.95,28.9,59.5,2026-08-14 10:21:18
2026-04-18,Far North,District5,0,1,0,0.0,1.93,24.5,64.3,2026-08-14 10:21:18
2026-04-18,Far North,District6,0,1,0,0.0,8.52,20.2,63.0,2026-08-14 10:21:18
2026-04-18,Far North,District7,0,1,0,0.0,1.99,34.9,60.7,2026-08-14 10:21:18
2026-04-18,Far North,District8,0,1,0,0.0,15.24,22.0,70.1,2026-08-14 10:21:18
2026-04-18,Far North,District9,0,4,0,0.0,2.7,23.5,78.2,2026-08-14 10:21:18
2026-04-18,Far North,District10,0,4,0,0.0,0.51,29.3,63.1,2026-08-14 10:21:18
2026-04-18,Littoral,District1,0,1,0,0.0,18.21,21.5,69.7,2026-08-14 10:21:18
2026-04-18,Littoral,District2,0,3,0,0.0,4.5,30.6,81.6,2026-08-14 10:21:18
2026-04-18,Littoral,District3,0,1,0,0.0,2.64,23.5,81.2,2026-08-14 10:21:18
2026-04-18,Littoral,District4,2,0,1,50.0,15.62,22.8,74.6,2026-08-14 10:21:18
2026-04-18,Littoral,District5,2,2,1,50.0,16.43,21.8,63.2,2026-08-14 10:21:18
2026-04-18,Littoral,District6,0,2,0,0.0,5.81,21.7,78.9,2026-08-14 10:21:18
2026-04-18,Littoral,District7,0,0,0,0.0,10.78,31.1,88.2,2026-08-14 10:21:18
2026-04-18,Littoral,District8,0,4,0,0.0,0.9,29.1,66.2,2026-08-14 10:21:18
2026-04-18,Littoral,District9,2,1,0,0.0,2.87,23.9,75.1,2026-08-14 10:21:18
2026-04-18,Littoral,District10,0,0,0,0.0,6.17,28.9,52.2,2026-08-14 10:21:18
2026-04-18,North,District1,0,1,0,0.0,7.53,32.6,87.1,2026-08-14 10:21:18
2026-04-18,North,District2,0,3,0,0.0,13.2,33.3,84.3,2026-08-14 10:21:18
2026-04-18,North,District3,0,4,0,0.0,10.4,33.8,86.2,2026-08-14 10:21:18
2026-04-18,North,District4,3,1,1,33.33,16.13,30.3,80.7,2026-08-14 10:21:18
2026-04-18,North,District5,0,2,0,0.0,19.21,34.1,77.3,2026-08-14 10:21:18
2026-04-18,North,District6,0,2,0,0.0,15.26,27.4,85.9,2026-08-14 10:21:18
2026-04-18,North,District7,0,0,0,0.0,17.03,32.6,74.9,2026-08-14 10:21:18
2026-04-18,North,District8,1,4,1,100.0,5.96,28.9,59.1,2026-08-14 10:21:18
2026-04-18,North,District9,0,2,0,0.0,16.94,22.1,67.8,2026-08-14 10:21:18
2026-04-18,North,District10,2,3,0,0.0,11.06,27.0,50.6,2026-08-14 10:21:18
2026-04-18,North-West,District1,0,1,0,0.0,12.18,30.3,69.1,2026-08-14 10:21:18
2026-04-18,North-West,District2,0,3,0,0.0,11.74,21.8,70.6,2026-08-14 10:21:18
2026-04-18,North-West,District3,0,2,0,0.0,5.04,26.6,76.5,2026-08-14 10:21:18
2026-04-18,North-West,District4,0,4,0,0.0,19.2,25.9,55.4,2026-08-14 10:21:18
2026-04-18,North-West,District5,0,3,0,0.0,17.0,26.9,60.4,2026-08-14 10:21:18
2026-04-18,North-West,District6,0,0,0,0.0,12.99,27.7,61.2,2026-08-14 10:21:18
2026-04-18,North-West,District7,0,2,0,0.0,7.49,32.7,87.0,2026-08-14 10:21:18
2026-04-18,North-West,District8,0,5,0,0.0,5.96,27.1,65.2,2026-08-14 10:21:18
2026-04-18,North-West,District9,0,1,0,0.0,4.03,33.3,67.8,2026-08-14 10:21:18
2026-04-18,North-West,District10,0,3,0,0.0,11.68,26.5,84.5,2026-08-14 10:21:18
2026-04-18,South,District1,0,1,0,0.0,11.51,22.6,50.3,2026-08-14 10:21:18
2026-04-18,South,District2,0,3,0,0.0,4.82,32.7,59.4,2026-08-14 10:21:18
2026-04-18,South,District3,0,0,0,0.0,16.9,22.7,73.8,2026-08-14 10:21:18
2026-04-18,South,District4,0,1,0,0.0,18.39,27.6,58.0,2026-08-14 10:21:18
2026-04-18,South,District5,0,4,0,0.0,5.29,34.9,87.3,2026-08-14 10:21:18
2026-04-18,South,District6,0,4,0,0.0,19.89,26.8,81.7,2026-08-14 10:21:18
2026-04-18,South,District7,3,1,1,33.33,19.78,23.9,84.9,2026-08-14 10:21:18
2026-04-18,South,District8,0,2,0,0.0,9.47,22.7,57.2,2026-08-14 10:21:18
2026-04-18,South,District9,0,0,0,0.0,3.28,24.1,81.2,2026-08-14 10:21:18
2026-04-18,South,District10,0,5,0,0.0,11.2,20.3,70.0,2026-08-14 10:21:18
2026-04-18,South-West,District1,2,3,0,0.0,13.62,29.3,87.6,2026-08-14 10:21:18
2026-04-18,South-West,District2,0,2,0,0.0,1.5,21.8,69.4,2026-08-14 10:21:18
2026-04-18,South-West,District3,0,0,0,0.0,1.88,34.9,51.6,2026-08-14 10:21:18
2026-04-18,South-West,District4,0,5,0,0.0,8.04,33.2,53.3,2026-08-14 10:21:18
2026-04-18,South-West,District5,0,3,0,0.0,4.55,28.0,71.5,2026-08-14 10:21:18
2026-04-18,South-West,District6,0,4,0,0.0,8.51,29.4,68.3,2026-08-14 10:21:18
2026-04-18,South-West,District7,1,1,1,100.0,2.17,26.1,82.9,2026-08-14 10:21:18
2026-04-18,South-West,District8,1,2,1,100.0,8.36,34.2,73.4,2026-08-14 10:21:18
2026-04-18,South-West,District9,0,2,0,0.0,14.0,21.5,73.8,2026-08-14 10:21:18
2026-04-18,South-West,District10,0,1,0,0.0,17.52,30.9,83.7,2026-08-14 10:21:18
2026-04-18,West,District1,0,1,0,0.0,11.74,27.3,64.3,2026-08-14 10:21:18
2026-04-18,West,District2,1,5,1,100.0,11.88,29.9,81.1,2026-08-14 10:21:18
2026-04-18,West,District3,0,3,0,0.0,4.49,34.4,74.1,2026-08-14 10:21:18
2026-04-18,West,District4,0,4,0,0.0,17.93,24.3,56.4,2026-08-14 10:21:18
2026-04-18,West,District5,3,3,0,0.0,2.39,30.2,87.5,2026-08-14 10:21:18
2026-04-18,West,District6,0,0,0,0.0,1.86,33.3,78.2,2026-08-14 10:21:18
2026-04-18,West,District7,0,2,0,0.0,10.07,23.5,59.1,2026-08-14 10:21:18
2026-04-18,West,District8,0,4,0,0.0,3.57,22.3,74.4,2026-08-14 10:21:18
2026-04-18,West,District9,0,2,0,0.0,12.5,24.1,81.9,2026-08-14 10:21:18
2026-04-18,West,District10,2,3,0,0.0,13.63,27.7,63.0,2026-08-14 10:21:18
2026-04-29,Adamawa,District1,0,1,0,0.0,13.8,23.2,88.7,2026-08-14 10:21:18
2026-04-29,Adamawa,District2,1,2,0,0.0,13.71,25.3,79.8,2026-08-14 10:21:18
2026-04-29,Adamawa,District3,0,5,0,0.0,4.38,24.9,80.7,2026-08-14 10:21:18
2026-04-29,Adamawa,District4,0,0,0,0.0,1.68,20.3,76.6,2026-08-14 10:21:18
2026-04-29,Adamawa,District5,0,5,0,0.0,10.18,26.0,66.8,2026-08-14 10:21:18
2026-04-29,Adamawa,District6,1,1,1,100.0,19.43,23.3,59.0,2026-08-14 10:21:18
2026-04-29,Adamawa,District7,0,0,0,0.0,1.56,23.6,81.1,2026-08-14 10:21:18
2026-04-29,Adamawa,District8,0,2,0,0.0,5.49,26.7,86.1,2026-08-14 10:21:18
2026-04-29,Adamawa,District9,0,5,0,0.0,7.86,21.5,76.4,2026-08-14 10:21:18
2026-04-29,Adamawa,District10,0,4,0,0.0,6.32,31.0,63.2,2026-08-14 10:21:18
2026-04-29,Centre,District1,0,2,0,0.0,11.28,21.7,68.4,2026-08-14 10:21:18
2026-04-29,Centre,District2,2,0,1,50.0,4.8,29.8,89.4,2026-08-14 10:21:18
2026-04-29,Centre,District3,0,1,0,0.0,1.26,26.2,72.2,2026-08-14 10:21:18
2026-04-29,Centre,District4,3,3,1,33.33,1.91,20.9,75.9,2026-08-14 10:21:18
2026-04-29,Centre,District5,1,0,0,0.0,16.77,31.8,88.9,2026-08-14 10:21:18
2026-04-29,Centre,District6,1,4,0,0.0,18.12,27.2,55.5,2026-08-14 10:21:18
2026-04-29,Centre,District7,0,0,0,0.0,19.9,32.7,66.8,2026-08-14 10:21:18
2026-04-29,Centre,District8,0,5,0,0.0,1.89,22.8,51.9,2026-08-14 10:21:18
2026-04-29,Centre,District9,0,4,0,0.0,7.12,25.3,50.5,2026-08-14 10:21:18
2026-04-29,Centre,District10,0,2,0,0.0,6.66,30.7,63.9,2026-08-14 10:21:18
2026-04-29,East,District1,0,3,0,0.0,5.39,34.3,85.6,2026-08-14 10:21:18
2026-04-29,East,District2,0,2,0,0.0,19.12,25.2,59.5,2026-08-14 10:21:18
2026-04-29,East,District3,2,3,0,0.0,19.28,20.8,68.6,2026-08-14 10:21:18
2026-04-29,East,District4,0,1,0,0.0,14.26,32.8,60.0,2026-08-14 10:21:18
2026-04-29,East,District5,0,3,0,0.0,8.86,23.7,68.5,2026-08-14 10:21:18
2026-04-29,East,District6,0,5,0,0.0,8.03,24.5,65.2,2026-08-14 10:21:18
2026-04-29,East,District7,1,0,1,100.0,7.63,31.4,70.1,2026-08-14 10:21:18
2026-04-29,East,District8,1,4,0,0.0,3.38,27.2,54.7,2026-08-14 10:21:18
2026-04-29,East,District9,0,4,0,0.0,18.47,30.3,64.2,2026-08-14 10:21:18
2026-04-29,East,District10,0,5,0,0.0,1.01,28.1,61.2,2026-08-14 10:21:18
2026-04-29,Far North,District1,0,3,0,0.0,5.49,22.8,75.8,2026-08-14 10:21:18
2026-04-29,Far North,District2,0,2,0,0.0,7.15,29.5,87.1,2026-08-14 10:21:18
2026-04-29,Far North,District3,1,1,0,0.0,11.7,28.4,89.0,2026-08-14 10:21:18
2026-04-29,Far North,District4,0,5,0,0.0,7.88,27.5,83.2,2026-08-14 10:21:18
2026-04-29,Far North,District5,0,1,0,0.0,19.59,32.1,79.4,2026-08-14 10:21:18
2026-04-29,Far North,District6,1,4,0,0.0,0.89,33.2,75.8,2026-08-14 10:21:18
2026-04-29,Far North,District7,0,1,0,0.0,19.71,29.5,58.9,2026-08-14 10:21:18
2026-04-29,Far North,District8,0,5,0,0.0,5.31,29.1,77.6,2026-08-14 10:21:18
2026-04-29,Far North,District9,2,3,1,50.0,17.73,28.1,59.6,2026-08-14 10:21:18
2026-04-29,Far North,District10,0,0,0,0.0,18.68,34.4,86.4,2026-08-14 10:21:18
2026-04-29,Littoral,District1,1,4,0,0.0,7.47,22.8,70.1,2026-08-14 10:21:18
2026-04-29,Littoral,District2,0,1,0,0.0,19.5,21.2,78.5,2026-08-14 10:21:18
2026-04-29,Littoral,District3,0,5,0,0.0,1.1,28.1,78.0,2026-08-14 10:21:18
2026-04-29,Littoral,District4,0,2,0,0.0,4.22,34.6,73.9,2026-08-14 10:21:18
2026-04-29,Littoral,District5,0,1,0,0.0,17.41,34.0,66.6,2026-08-14 10:21:18
2026-04-29,Littoral,District6,2,4,0,0.0,5.85,21.1,79.3,2026-08-14 10:21:18
2026-04-29,Littoral,District7,0,0,0,0.0,13.52,30.3,60.4,2026-08-14 10:21:18
2026-04-29,Littoral,District8,1,2,0,0.0,6.94,28.7,80.4,2026-08-14 10:21:18
2026-04-29,Littoral,District9,2,3,1,50.0,10.33,29.6,86.3,2026-08-14 10:21:18
2026-04-29,Littoral,District10,0,1,0,0.0,10.1,22.8,83.1,2026-08-14 10:21:18
2026-04-29,North,District1,0,2,0,0.0,2.58,25.7,67.2,2026-08-14 10:21:18
2026-04-29,North,District2,0,4,0,0.0,0.8,25.0,62.1,2026-08-14 10:21:18
2026-04-29,North,District3,0,5,0,0.0,14.94,23.3,64.4,2026-08-14 10:21:18
2026-04-29,North,District4,0,2,0,0.0,15.85,28.6,76.6,2026-08-14 10:21:18
2026-04-29,North,District5,0,4,0,0.0,16.5,32.3,54.1,2026-08-14 10:21:18
2026-04-29,North,District6,0,4,0,0.0,17.9,20.2,75.1,2026-08-14 10:21:18
2026-04-29,North,District7,0,2,0,0.0,6.17,32.5,84.2,2026-08-14 10:21:18
2026-04-29,North,District8,0,5,0,0.0,6.89,22.2,75.3,2026-08-14 10:21:18
2026-04-29,North,District9,0,1,0,0.0,4.0,25.7,60.5,2026-08-14 10:21:18
2026-04-29,North,District10,0,5,0,0.0,10.23,22.4,81.4,2026-08-14 10:21:18
2026-04-29,North-West,District1,0,2,0,0.0,18.86,27.3,89.4,2026-08-14 10:21:18
2026-04-29,North-West,District2,0,1,0,0.0,7.67,21.0,84.9,2026-08-14 10:21:18
2026-04-29,North-West,District3,1,3,0,0.0,2.99,22.3,67.4,2026-08-14 10:21:18
2026-04-29,North-West,District4,1,0,0,0.0,11.83,32.5,65.3,2026-08-14 10:21:18
2026-04-29,North-West,District5,0,5,0,0.0,7.26,20.1,85.6,2026-08-14 10:21:18
2026-04-29,North-West,District6,0,2,0,0.0,0.28,29.5,79.6,2026-08-14 10:21:18
2026-04-29,North-West,District7,0,2,0,0.0,2.72,30.4,57.4,2026-08-14 10:21:18
2026-04-29,North-West,District8,0,5,0,0.0,0.64,26.0,89.7,2026-08-14 10:21:18
2026-04-29,North-West,District9,0,5,0,0.0,3.12,33.8,57.9,2026-08-14 10:21:18
2026-04-29,North-West,District10,0,0,0,0.0,11.39,27.2,83.5,2026-08-14 10:21:18
2026-04-29,South,District1,0,4,0,0.0,0.87,26.5,87.7,2026-08-14 10:21:18
2026-04-29,South,District2,0,2,0,0.0,16.11,22.5,85.6,2026-08-14 10:21:18
2026-04-29,South,District3,0,0,0,0.0,10.42,24.1,63.1,2026-08-14 10:21:18
2026-04-29,South,District4,1,4,1,100.0,4.65,32.9,73.7,2026-08-14 10:21:18
2026-04-29,South,District5,0,2,0,0.0,10.51,32.7,53.2,2026-08-14 10:21:18
2026-04-29,South,District6,1,4,1,100.0,13.28,34.3,61.8,2026-08-14 10:21:18
2026-04-29,South,District7,1,5,0,0.0,10.48,30.4,87.5,2026-08-14 10:21:18
2026-04-29,South,District8,0,0,0,0.0,3.47,34.5,70.6,2026-08-14 10:21:18
2026-04-29,South,District9,0,5,0,0.0,13.95,22.4,70.7,2026-08-14 10:21:18
2026-04-29,South,District10,2,2,0,0.0,7.55,30.8,67.6,2026-08-14 10:21:18
2026-04-29,South-West,District1,1,4,1,100.0,12.21,26.2,85.5,2026-08-14 10:21:18
2026-04-29,South-West,District2,0,0,0,0.0,12.92,25.6,51.3,2026-08-14 10:21:18
2026-04-29,South-West,District3,1,4,1,100.0,17.44,25.2,64.3,2026-08-14 10:21:18
2026-04-29,South-West,District4,0,4,0,0.0,5.75,29.8,84.9,2026-08-14 10:21:18
2026-04-29,South-West,District5,1,4,1,100.0,18.45,25.5,68.9,2026-08-14 10:21:18
2026-04-29,South-West,District6,0,2,0,0.0,15.5,22.6,65.7,2026-08-14 10:21:18
2026-04-29,South-West,District7,0,0,0,0.0,0.17,21.2,75.7,2026-08-14 10:21:18
2026-04-29,South-West,District8,0,3,0,0.0,2.73,30.9,57.0,2026-08-14 10:21:18
2026-04-29,South-West,District9,0,5,0,0.0,17.6,34.9,88.8,2026-08-14 10:21:18
2026-04-29,South-West,District10,1,4,1,100.0,16.26,29.4,50.3,2026-08-14 10:21:18
2026-04-29,West,District1,0,1,0,0.0,7.52,26.3,54.6,2026-08-14 10:21:18
2026-04-29,West,District2,2,1,1,50.0,17.39,22.0,64.2,2026-08-14 10:21:18
2026-04-29,West,District3,3,2,0,0.0,6.55,26.9,51.5,2026-08-14 10:21:18
2026-04-29,West,District4,0,4,0,0.0,7.43,27.6,82.6,2026-08-14 10:21:18
2026-04-29,West,District5,0,4,0,0.0,5.08,28.2,63.1,2026-08-14 10:21:18
2026-04-29,West,District6,0,4,0,0.0,12.09,32.8,82.5,2026-08-14 10:21:18
2026-04-29,West,District7,0,2,0,0.0,6.94,32.0,55.8,2026-08-14 10:21:18
2026-04-29,West,District8,2,2,1,50.0,0.03,26.2,54.1,2026-08-14 10:21:18
2026-04-29,West,District9,0,2,0,0.0,7.65,23.3,89.7,2026-08-14 10:21:18
2026-04-29,West,District10,2,2,0,0.0,6.86,28.6,59.4,2026-08-14 10:21:18
2026-05-13,Adamawa,District1,1,3,0,0.0,9.27,22.9,87.4,2026-08-14 10:21:18
2026-05-13,Adamawa,District2,0,2,0,0.0,5.35,24.3,53.7,2026-08-14 10:21:18
2026-05-13,Adamawa,District3,1,5,0,0.0,19.66,29.9,70.1,2026-08-14 10:21:18
2026-05-13,Adamawa,District4,1,2,1,100.0,5.71,20.5,88.9,2026-08-14 10:21:18
2026-05-13,Adamawa,District5,1,5,0,0.0,8.93,28.2,54.6,2026-08-14 10:21:18
2026-05-13,Adamawa,District6,0,2,0,0.0,6.45,20.4,50.4,2026-08-14 10:21:18
2026-05-13,Adamawa,District7,2,0,1,50.0,0.66,33.9,69.1,2026-08-14 10:21:18
2026-05-13,Adamawa,District8,0,3,0,0.0,17.18,22.5,75.7,2026-08-14 10:21:18
2026-05-13,Adamawa,District9,0,5,0,0.0,3.92,31.4,69.1,2026-08-14 10:21:18
2026-05-13,Adamawa,District10,0,3,0,0.0,3.61,23.7,88.2,2026-08-14 10:21:18
2026-05-13,Centre,District1,0,5,0,0.0,0.0,32.0,52.2,2026-08-14 10:21:18
2026-05-13,Centre,District2,2,5,1,50.0,5.65,23.3,60.4,2026-08-14 10:21:18
2026-05-13,Centre,District3,0,5,0,0.0,4.77,22.2,77.5,2026-08-14 10:21:18
2026-05-13,Centre,District4,2,3,0,0.0,5.84,22.7,89.5,2026-08-14 10:21:18
2026-05-13,Centre,District5,2,1,1,50.0,6.22,26.7,81.3,2026-08-14 10:21:18
2026-05-13,Centre,District6,0,4,0,0.0,1.51,34.4,63.3,2026-08-14 10:21:18
2026-05-13,Centre,District7,2,0,0,0.0,7.46,22.8,64.8,2026-08-14 10:21:18
2026-05-13,Centre,District8,0,0,0,0.0,0.77,31.3,78.2,2026-08-14 10:21:18
2026-05-13,Centre,District9,0,2,0,0.0,15.83,27.2,79.0,2026-08-14 10:21:18
2026-05-13,Centre,District10,2,0,0,0.0,9.58,29.6,59.4,2026-08-14 10:21:18
2026-05-13,East,District1,2,1,1,50.0,4.09,30.6,69.0,2026-08-14 10:21:18
2026-05-13,East,District2,1,4,1,100.0,15.68,29.1,80.6,2026-08-14 10:21:18
2026-05-13,East,District3,0,2,0,0.0,16.77,31.7,73.0,2026-08-14 10:21:18
2026-05-13,East,District4,1,5,0,0.0,9.79,24.6,83.1,2026-08-14 10:21:18
2026-05-13,East,District5,0,3,0,0.0,5.71,32.2,89.5,2026-08-14 10:21:18
2026-05-13,East,District6,2,4,1,50.0,7.93,34.8,60.9,2026-08-14 10:21:18
2026-05-13,East,District7,0,2,0,0.0,7.13,32.7,56.5,2026-08-14 10:21:18
2026-05-13,East,District8,0,3,0,0.0,2.84,31.8,89.0,2026-08-14 10:21:18
2026-05-13,East,District9,0,1,0,0.0,4.99,26.3,53.9,2026-08-14 10:21:18
2026-05-13,East,District10,1,4,1,100.0,1.06,21.7,77.6,2026-08-14 10:21:18
2026-05-13,Far North,District1,0,4,0,0.0,3.25,32.7,57.9,2026-08-14 10:21:18
2026-05-13,Far North,District2,0,4,0,0.0,4.57,31.3,59.3,2026-08-14 10:21:18
2026-05-13,Far North,District3,0,3,0,0.0,16.97,33.1,52.7,2026-08-14 10:21:18
2026-05-13,Far North,District4,1,4,0,0.0,0.17,24.7,60.0,2026-08-14 10:21:18
2026-05-13,Far North,District5,1,5,1,100.0,0.27,34.9,71.4,2026-08-14 10:21:18
2026-05-13,Far North,District6,0,5,0,0.0,12.92,30.3,70.9,2026-08-14 10:21:18
2026-05-13,Far North,District7,0,3,0,0.0,18.19,24.6,89.5,2026-08-14 10:21:18
2026-05-13,Far North,District8,1,2,1,100.0,13.37,23.2,68.3,2026-08-14 10:21:18
2026-05-13,Far North,District9,0,0,0,0.0,1.34,25.5,80.7,2026-08-14 10:21:18
2026-05-13,Far North,District10,0,4,0,0.0,12.93,26.6,86.5,2026-08-14 10:21:18
2026-05-13,Littoral,District1,0,4,0,0.0,9.32,30.1,67.0,2026-08-14 10:21:18
2026-05-13,Littoral,District2,1,4,0,0.0,3.61,32.3,68.2,2026-08-14 10:21:18
2026-05-13,Littoral,District3,0,1,0,0.0,13.67,23.4,61.0,2026-08-14 10:21:18
2026-05-13,Littoral,District4,0,1,0,0.0,9.74,23.8,73.5,2026-08-14 10:21:18
2026-05-13,Littoral,District5,0,2,0,0.0,10.38,27.1,84.9,2026-08-14 10:21:18
2026-05-13,Littoral,District6,0,3,0,0.0,15.53,26.2,85.9,2026-08-14 10:21:18
2026-05-13,Littoral,District7,0,2,0,0.0,19.63,33.5,72.6,2026-08-14 10:21:18
2026-05-13,Littoral,District8,0,3,0,0.0,7.91,29.7,89.6,2026-08-14 10:21:18
2026-05-13,Littoral,District9,0,2,0,0.0,17.4,26.6,78.9,2026-08-14 10:21:18
2026-05-13,Littoral,District10,0,0,0,0.0,3.97,27.5,75.7,2026-08-14 10:21:18
2026-05-13,North,District1,0,4,0,0.0,8.9,34.3,81.9,2026-08-14 10:21:18
2026-05-13,North,District2,0,1,0,0.0,10.82,25.0,80.3,2026-08-14 10:21:18
2026-05-13,North,District3,0,2,0,0.0,11.75,33.9,76.0,2026-08-14 10:21:18
2026-05-13,North,District4,0,4,0,0.0,6.98,31.1,87.3,2026-08-14 10:21:18
2026-05-13,North,District5,0,4,0,0.0,0.52,34.9,86.5,2026-08-14 10:21:18
2026-05-13,North,District6,0,1,0,0.0,1.94,21.7,60.1,2026-08-14 10:21:18
2026-05-13,North,District7,0,2,0,0.0,17.63,32.4,85.9,2026-08-14 10:21:18
2026-05-13,North,District8,0,5,0,0.0,1.4,22.9,82.0,2026-08-14 10:21:18
2026-05-13,North,District9,0,0,0,0.0,4.28,25.8,69.8,2026-08-14 10:21:18
2026-05-13,North,District10,0,1,0,0.0,7.19,34.7,76.8,2026-08-14 10:21:18
2026-05-13,North-West,District1,1,1,1,100.0,16.6,24.7,74.3,2026-08-14 10:21:18
2026-05-13,North-West,District2,0,0,0,0.0,6.71,30.5,61.7,2026-08-14 10:21:18
2026-05-13,North-West,District3,2,2,1,50.0,3.91,21.3,59.6,2026-08-14 10:21:18
2026-05-13,North-West,District4,2,2,0,0.0,6.77,32.2,59.3,2026-08-14 10:21:18
2026-05-13,North-West,District5,2,0,0,0.0,1.68,28.7,61.0,2026-08-14 10:21:18
2026-05-13,North-West,District6,0,1,0,0.0,11.88,33.2,79.2,2026-08-14 10:21:18
2026-05-13,North-West,District7,1,1,1,100.0,6.0,33.3,56.1,2026-08-14 10:21:18
2026-05-13,North-West,District8,0,5,0,0.0,9.59,30.9,50.2,2026-08-14 10:21:18
2026-05-13,North-West,District9,1,2,1,100.0,18.84,29.8,56.6,2026-08-14 10:21:18
2026-05-13,North-West,District10,0,3,0,0.0,16.05,28.7,75.6,2026-08-14 10:21:18
2026-05-13,South,District1,0,0,0,0.0,6.2,26.8,81.6,2026-08-14 10:21:18
2026-05-13,South,District2,0,1,0,0.0,3.9,25.7,69.7,2026-08-14 10:21:18
2026-05-13,South,District3,0,4,0,0.0,3.23,25.2,81.8,2026-08-14 10:21:18
2026-05-13,South,District4,0,2,0,0.0,4.65,28.3,64.7,2026-08-14 10:21:18
2026-05-13,South,District5,0,1,0,0.0,12.76,27.3,60.6,2026-08-14 10:21:18
2026-05-13,South,District6,0,0,0,0.0,10.79,29.5,57.0,2026-08-14 10:21:18
2026-05-13,South,District7,0,4,0,0.0,5.05,31.2,72.3,2026-08-14 10:21:18
2026-05-13,South,District8,1,0,0,0.0,12.89,33.3,88.7,2026-08-14 10:21:18
2026-05-13,South,District9,0,1,0,0.0,17.38,22.6,60.1,2026-08-14 10:21:18
2026-05-13,South,District10,0,1,0,0.0,11.82,25.8,74.3,2026-08-14 10:21:18
2026-05-13,South-West,District1,0,1,0,0.0,11.55,27.8,76.7,2026-08-14 10:21:18
2026-05-13,South-West,District2,0,2,0,0.0,10.81,33.9,83.9,2026-08-14 10:21:18
2026-05-13,South-West,District3,0,0,0,0.0,17.96,32.2,51.0,2026-08-14 10:21:18
2026-05-13,South-West,District4,0,3,0,0.0,14.37,21.6,69.2,2026-08-14 10:21:18
2026-05-13,South-West,District5,2,3,1,50.0,15.06,21.0,89.4,2026-08-14 10:21:18
2026-05-13,South-West,District6,0,1,0,0.0,2.53,34.4,73.4,2026-08-14 10:21:18
2026-05-13,South-West,District7,0,2,0,0.0,9.54,21.1,89.9,2026-08-14 10:21:18
2026-05-13,South-West,District8,0,2,0,0.0,13.25,21.8,88.0,2026-08-14 10:21:18
2026-05-13,South-West,District9,0,5,0,0.0,11.26,20.5,64.1,2026-08-14 10:21:18
2026-05-13,South-West,District10,0,0,0,0.0,13.9,26.7,77.7,2026-08-14 10:21:18
2026-05-13,West,District1,3,5,0,0.0,13.5,21.9,63.8,2026-08-14 10:21:18
2026-05-13,West,District2,3,3,1,33.33,19.79,32.4,82.5,2026-08-14 10:21:18
2026-05-13,West,District3,3,0,0,0.0,17.68,26.4,59.1,2026-08-14 10:21:18
2026-05-13,West,District4,0,0,0,0.0,15.21,32.2,61.1,2026-08-14 10:21:18
2026-05-13,West,District5,1,0,1,100.0,16.19,27.1,79.1,2026-08-14 10:21:18
2026-05-13,West,District6,0,4,0,0.0,11.26,30.3,61.2,2026-08-14 10:21:18
2026-05-13,West,District7,0,4,0,0.0,4.58,29.9,70.1,2026-08-14 10:21:18
2026-05-13,West,District8,0,1,0,0.0,3.07,22.4,83.8,2026-08-14 10:21:18
2026-05-13,West,District9,0,3,0,0.0,10.91,22.3,77.9,2026-08-14 10:21:18
2026-05-13,West,District10,1,0,0,0.0,17.26,31.8,70.2,2026-08-14 10:21:18
2026-05-20,Adamawa,District1,0,2,0,0.0,6.09,34.2,67.7,2026-08-14 10:21:18
2026-05-20,Adamawa,District2,0,3,0,0.0,17.16,23.1,71.7,2026-08-14 10:21:18
2026-05-20,Adamawa,District3,0,0,0,0.0,18.11,30.7,64.8,2026-08-14 10:21:18
2026-05-20,Adamawa,District4,1,5,0,0.0,4.24,29.8,72.6,2026-08-14 10:21:18
2026-05-20,Adamawa,District5,0,3,0,0.0,5.36,22.4,53.1,2026-08-14 10:21:18
2026-05-20,Adamawa,District6,0,1,0,0.0,2.6,24.0,74.2,2026-08-14 10:21:18
2026-05-20,Adamawa,District7,0,2,0,0.0,15.49,29.0,84.7,2026-08-14 10:21:18
2026-05-20,Adamawa,District8,0,2,0,0.0,11.95,32.6,52.6,2026-08-14 10:21:18
2026-05-20,Adamawa,District9,2,5,1,50.0,2.35,20.6,61.7,2026-08-14 10:21:18
2026-05-20,Adamawa,District10,0,0,0,0.0,11.14,26.2,71.5,2026-08-14 10:21:18
2026-05-20,Centre,District1,3,5,0,0.0,16.27,27.5,61.3,2026-08-14 10:21:18
2026-05-20,Centre,District2,0,1,0,0.0,3.58,24.7,55.8,2026-08-14 10:21:18
2026-05-20,Centre,District3,0,0,0,0.0,5.87,28.5,85.5,2026-08-14 10:21:18
2026-05-20,Centre,District4,0,4,0,0.0,2.48,32.0,60.1,2026-08-14 10:21:18
2026-05-20,Centre,District5,0,4,0,0.0,17.27,25.1,62.2,2026-08-14 10:21:18
2026-05-20,Centre,District6,0,3,0,0.0,5.98,21.5,82.4,2026-08-14 10:21:18
2026-05-20,Centre,District7,0,1,0,0.0,4.41,27.4,87.5,2026-08-14 10:21:18
2026-05-20,Centre,District8,2,1,1,50.0,8.62,21.8,57.9,2026-08-14 10:21:18
2026-05-20,Centre,District9,2,4,1,50.0,6.42,20.6,60.8,2026-08-14 10:21:18
2026-05-20,Centre,District10,0,2,0,0.0,10.91,29.6,52.9,2026-08-14 10:21:18
2026-05-20,East,District1,0,5,0,0.0,4.74,28.1,57.5,2026-08-14 10:21:18
2026-05-20,East,District2,0,3,0,0.0,2.37,28.9,52.8,2026-08-14 10:21:18
2026-05-20,East,District3,2,2,1,50.0,7.85,32.4,85.9,2026-08-14 10:21:18
2026-05-20,East,District4,0,3,0,0.0,13.28,34.3,64.4,2026-08-14 10:21:18
2026-05-20,East,District5,0,1,0,0.0,12.52,24.3,86.3,2026-08-14 10:21:18
2026-05-20,East,District6,0,3,0,0.0,9.05,24.4,60.4,2026-08-14 10:21:18
2026-05-20,East,District7,3,1,0,0.0,16.61,24.2,89.6,2026-08-14 10:21:18
2026-05-20,East,District8,0,2,0,0.0,11.71,32.9,67.5,2026-08-14 10:21:18
2026-05-20,East,District9,1,4,1,100.0,0.33,33.5,62.5,2026-08-14 10:21:18
2026-05-20,East,District10,2,2,1,50.0,9.12,27.1,77.7,2026-08-14 10:21:18
2026-05-20,Far North,District1,1,0,1,100.0,3.71,22.4,59.9,2026-08-14 10:21:18
2026-05-20,Far North,District2,0,5,0,0.0,5.28,26.2,57.2,2026-08-14 10:21:18
2026-05-20,Far North,District3,0,5,0,0.0,0.72,26.7,77.9,2026-08-14 10:21:18
2026-05-20,Far North,District4,0,1,0,0.0,11.74,21.7,85.2,2026-08-14 10:21:18
2026-05-20,Far North,District5,3,1,1,33.33,13.62,32.4,67.5,2026-08-14 10:21:18
2026-05-20,Far North,District6,0,4,0,0.0,0.48,30.9,86.3,2026-08-14 10:21:18
2026-05-20,Far North,District7,1,5,0,0.0,0.06,32.6,85.7,2026-08-14 10:21:18
2026-05-20,Far North,District8,2,1,0,0.0,11.47,25.6,54.9,2026-08-14 10:21:18
2026-05-20,Far North,District9,0,5,0,0.0,6.83,22.9,67.5,2026-08-14 10:21:18
2026-05-20,Far North,District10,0,2,0,0.0,8.77,28.6,57.7,2026-08-14 10:21:18
2026-05-20,Littoral,District1,0,3,0,0.0,12.77,21.7,87.8,2026-08-14 10:21:18
2026-05-20,Littoral,District2,0,2,0,0.0,10.25,25.1,61.5,2026-08-14 10:21:18
2026-05-20,Littoral,District3,0,2,0,0.0,14.36,25.8,85.6,2026-08-14 10:21:18
2026-05-20,Littoral,District4,0,2,0,0.0,11.05,33.1,52.8,2026-08-14 10:21:18
2026-05-20,Littoral,District5,0,4,0,0.0,19.0,28.8,62.7,2026-08-14 10:21:18
2026-05-20,Littoral,District6,1,2,1,100.0,8.2,28.0,79.2,2026-08-14 10:21:18
2026-05-20,Littoral,District7,0,2,0,0.0,0.41,30.0,50.9,2026-08-14 10:21:18
2026-05-20,Littoral,District8,0,3,0,0.0,5.0,24.9,75.3,2026-08-14 10:21:18
2026-05-20,Littoral,District9,0,3,0,0.0,15.53,33.2,53.0,2026-08-14 10:21:18
2026-05-20,Littoral,District10,0,4,0,0.0,19.37,26.8,59.5,2026-08-14 10:21:18
2026-05-20,North,District1,0,1,0,0.0,10.51,31.8,66.7,2026-08-14 10:21:18
2026-05-20,North,District2,0,4,0,0.0,3.73,27.6,69.4,2026-08-14 10:21:18
2026-05-20,North,District3,0,1,0,0.0,4.33,24.1,75.7,2026-08-14 10:21:18
2026-05-20,North,District4,0,5,0,0.0,18.7,32.5,85.2,2026-08-14 10:21:18
2026-05-20,North,District5,0,1,0,0.0,15.33,24.4,65.7,2026-08-14 10:21:18
2026-05-20,North,District6,0,2,0,0.0,4.67,33.2,83.9,2026-08-14 10:21:18
2026-05-20,North,District7,0,4,0,0.0,15.92,24.4,77.8,2026-08-14 10:21:18
2026-05-20,North,District8,2,4,0,0.0,10.26,27.3,83.0,2026-08-14 10:21:18
2026-05-20,North,District9,0,3,0,0.0,9.85,30.7,63.7,2026-08-14 10:21:18
2026-05-20,North,District10,0,0,0,0.0,9.82,31.5,51.8,2026-08-14 10:21:18
2026-05-20,North-West,District1,0,3,0,0.0,17.82,24.4,64.9,2026-08-14 10:21:18
2026-05-20,North-West,District2,0,3,0,0.0,9.58,27.4,79.1,2026-08-14 10:21:18
2026-05-20,North-West,District3,0,0,0,0.0,11.68,30.4,52.0,2026-08-14 10:21:18
2026-05-20,North-West,District4,3,5,0,0.0,8.93,24.4,60.3,2026-08-14 10:21:18
2026-05-20,North-West,District5,2,4,0,0.0,19.99,26.5,64.4,2026-08-14 10:21:18
2026-05-20,North-West,District6,0,4,0,0.0,15.75,25.7,58.8,2026-08-14 10:21:18
2026-05-20,North-West,District7,2,5,0,0.0,15.83,32.9,63.0,2026-08-14 10:21:18
2026-05-20,North-West,District8,0,1,0,0.0,11.4,28.8,80.5,2026-08-14 10:21:18
2026-05-20,North-West,District9,0,4,0,0.0,19.28,30.3,83.7,2026-08-14 10:21:18
2026-05-20,North-West,District10,0,0,0,0.0,7.1,27.2,53.2,2026-08-14 10:21:18
2026-05-20,South,District1,0,3,0,0.0,1.95,22.3,84.1,2026-08-14 10:21:18
2026-05-20,South,District2,0,5,0,0.0,5.99,22.5,73.9,2026-08-14 10:21:18
2026-05-20,South,District3,0,1,0,0.0,7.48,26.5,80.2,2026-08-14 10:21:18
2026-05-20,South,District4,0,3,0,0.0,13.09,28.1,84.0,2026-08-14 10:21:18
2026-05-20,South,District5,0,4,0,0.0,11.77,34.8,83.7,2026-08-14 10:21:18
2026-05-20,South,District6,1,5,1,100.0,3.95,24.8,87.0,2026-08-14 10:21:18
2026-05-20,South,District7,0,4,0,0.0,2.34,21.8,55.2,2026-08-14 10:21:18
2026-05-20,South,District8,0,4,0,0.0,10.08,29.1,59.2,2026-08-14 10:21:18
2026-05-20,South,District9,0,2,0,0.0,9.6,34.6,51.7,2026-08-14 10:21:18
2026-05-20,South,District10,0,2,0,0.0,8.84,22.8,65.3,2026-08-14 10:21:18
2026-05-20,South-West,District1,0,2,0,0.0,11.22,20.1,76.3,2026-08-14 10:21:18
2026-05-20,South-West,District2,2,3,1,50.0,16.2,20.7,79.2,2026-08-14 10:21:18
2026-05-20,South-West,District3,0,5,0,0.0,16.93,33.4,85.5,2026-08-14 10:21:18
2026-05-20,South-West,District4,0,3,0,0.0,11.12,23.9,64.7,2026-08-14 10:21:18
2026-05-20,South-West,District5,0,1,0,0.0,7.48,32.1,75.8,2026-08-14 10:21:18
2026-05-20,South-West,District6,0,5,0,0.0,3.87,32.1,76.2,2026-08-14 10:21:18
2026-05-20,South-West,District7,0,3,0,0.0,2.31,22.9,76.5,2026-08-14 10:21:18
2026-05-20,South-West,District8,0,1,0,0.0,7.36,23.8,58.0,2026-08-14 10:21:18
2026-05-20,South-West,District9,2,0,1,50.0,12.15,31.4,71.7,2026-08-14 10:21:18
2026-05-20,South-West,District10,0,0,0,0.0,16.85,22.3,56.6,2026-08-14 10:21:18
2026-05-20,West,District1,0,0,0,0.0,2.91,32.0,66.9,2026-08-14 10:21:18
2026-05-20,West,District2,0,4,0,0.0,14.34,34.8,76.3,2026-08-14 10:21:18
2026-05-20,West,District3,0,0,0,0.0,18.33,34.2,57.3,2026-08-14 10:21:18
2026-05-20,West,District4,0,4,0,0.0,13.17,33.2,53.5,2026-08-14 10:21:18
2026-05-20,West,District5,0,3,0,0.0,15.22,23.8,56.8,2026-08-14 10:21:18
2026-05-20,West,District6,0,3,0,0.0,11.85,21.7,64.7,2026-08-14 10:21:18
2026-05-20,West,District7,0,4,0,0.0,9.35,23.3,81.1,2026-08-14 10:21:18
2026-05-20,West,District8,0,0,0,0.0,2.91,21.5,73.0,2026-08-14 10:21:18
2026-05-20,West,District9,0,1,0,0.0,3.5,23.1,59.3,2026-08-14 10:21:18
2026-05-20,West,District10,0,1,0,0.0,5.23,20.5,65.9,2026-08-14 10:21:18
2026-05-04,Adamawa,District1,3,3,1,33.33,8.8,20.6,75.1,2026-08-14 10:21:18
2026-05-04,Adamawa,District2,0,4,0,0.0,12.36,32.3,68.6,2026-08-14 10:21:18
2026-05-04,Adamawa,District3,0,1,0,0.0,7.08,27.4,86.8,2026-08-14 10:21:18
2026-05-04,Adamawa,District4,0,5,0,0.0,3.96,35.0,60.0,2026-08-14 10:21:18
2026-05-04,Adamawa,District5,1,3,1,100.0,16.32,26.6,59.3,2026-08-14 10:21:18
2026-05-04,Adamawa,District6,0,2,0,0.0,15.67,22.8,69.7,2026-08-14 10:21:18
2026-05-04,Adamawa,District7,0,2,0,0.0,15.49,21.8,60.2,2026-08-14 10:21:18
2026-05-04,Adamawa,District8,0,0,0,0.0,5.68,31.4,85.6,2026-08-14 10:21:18
2026-05-04,Adamawa,District9,0,5,0,0.0,16.27,31.5,85.8,2026-08-14 10:21:18
2026-05-04,Adamawa,District10,1,3,1,100.0,19.13,24.0,68.3,2026-08-14 10:21:18
2026-05-04,Centre,District1,2,0,0,0.0,10.62,27.5,60.5,2026-08-14 10:21:18
2026-05-04,Centre,District2,0,4,0,0.0,9.94,20.8,58.5,2026-08-14 10:21:18
2026-05-04,Centre,District3,0,1,0,0.0,7.12,31.8,70.6,2026-08-14 10:21:18
2026-05-04,Centre,District4,3,1,1,33.33,14.03,28.2,86.2,2026-08-14 10:21:18
2026-05-04,Centre,District5,0,2,0,0.0,1.27,26.2,69.9,2026-08-14 10:21:18
2026-05-04,Centre,District6,3,0,0,0.0,19.61,31.6,60.6,2026-08-14 10:21:18
2026-05-04,Centre,District7,0,5,0,0.0,12.87,34.7,88.2,2026-08-14 10:21:18
2026-05-04,Centre,District8,0,1,0,0.0,18.16,29.4,64.1,2026-08-14 10:21:18
2026-05-04,Centre,District9,0,4,0,0.0,10.67,32.9,89.1,2026-08-14 10:21:18
2026-05-04,Centre,District10,0,2,0,0.0,9.3,29.2,77.7,2026-08-14 10:21:18
2026-05-04,East,District1,0,0,0,0.0,15.5,20.9,67.0,2026-08-14 10:21:18
2026-05-04,East,District2,0,5,0,0.0,0.36,33.2,87.0,2026-08-14 10:21:18
2026-05-04,East,District3,0,1,0,0.0,8.73,30.9,64.6,2026-08-14 10:21:18
2026-05-04,East,District4,0,3,0,0.0,7.67,29.1,50.3,2026-08-14 10:21:18
2026-05-04,East,District5,0,5,0,0.0,10.3,20.7,63.4,2026-08-14 10:21:18
2026-05-04,East,District6,0,5,0,0.0,14.09,28.4,71.2,2026-08-14 10:21:18
2026-05-04,East,District7,0,2,0,0.0,7.12,27.7,79.6,2026-08-14 10:21:18
2026-05-04,East,District8,3,2,0,0.0,10.32,30.8,50.3,2026-08-14 10:21:18
2026-05-04,East,District9,0,3,0,0.0,18.94,21.8,78.9,2026-08-14 10:21:18
2026-05-04,East,District10,2,0,1,50.0,4.31,34.7,82.4,2026-08-14 10:21:18
2026-05-04,Far North,District1,2,0,0,0.0,15.55,22.2,76.7,2026-08-14 10:21:18
2026-05-04,Far North,District2,0,5,0,0.0,3.51,29.9,77.7,2026-08-14 10:21:18
2026-05-04,Far North,District3,2,2,1,50.0,3.41,20.9,85.3,2026-08-14 10:21:18
2026-05-04,Far North,District4,0,1,0,0.0,7.84,23.5,55.6,2026-08-14 10:21:18
2026-05-04,Far North,District5,0,4,0,0.0,12.53,34.8,81.0,2026-08-14 10:21:18
2026-05-04,Far North,District6,2,1,1,50.0,16.37,31.7,80.2,2026-08-14 10:21:18
2026-05-04,Far North,District7,0,1,0,0.0,7.4,26.9,70.9,2026-08-14 10:21:18
2026-05-04,Far North,District8,0,4,0,0.0,9.76,25.8,58.9,2026-08-14 10:21:18
2026-05-04,Far North,District9,0,2,0,0.0,18.52,30.0,61.9,2026-08-14 10:21:18
2026-05-04,Far North,District10,1,5,1,100.0,9.49,28.8,84.5,2026-08-14 10:21:18
2026-05-04,Littoral,District1,0,5,0,0.0,9.38,23.7,67.5,2026-08-14 10:21:18
2026-05-04,Littoral,District2,0,5,0,0.0,14.58,30.8,56.4,2026-08-14 10:21:18
2026-05-04,Littoral,District3,1,5,0,0.0,5.08,29.1,53.5,2026-08-14 10:21:18
2026-05-04,Littoral,District4,0,3,0,0.0,18.62,34.4,59.1,2026-08-14 10:21:18
2026-05-04,Littoral,District5,0,4,0,0.0,7.95,33.4,67.6,2026-08-14 10:21:18
2026-05-04,Littoral,District6,1,3,0,0.0,15.05,29.2,61.6,2026-08-14 10:21:18
2026-05-04,Littoral,District7,0,2,0,0.0,6.29,28.0,81.6,2026-08-14 10:21:18
2026-05-04,Littoral,District8,1,5,0,0.0,18.86,32.1,53.0,2026-08-14 10:21:18
2026-05-04,Littoral,District9,1,4,1,100.0,10.64,34.6,81.7,2026-08-14 10:21:18
2026-05-04,Littoral,District10,0,1,0,0.0,3.44,30.8,90.0,2026-08-14 10:21:18
2026-05-04,North,District1,0,1,0,0.0,12.53,24.8,54.1,2026-08-14 10:21:18
2026-05-04,North,District2,0,0,0,0.0,3.81,28.8,54.8,2026-08-14 10:21:18
2026-05-04,North,District3,0,1,0,0.0,4.29,21.4,77.2,2026-08-14 10:21:18
2026-05-04,North,District4,0,1,0,0.0,18.24,25.8,68.6,2026-08-14 10:21:18
2026-05-04,North,District5,2,5,1,50.0,14.75,31.0,86.8,2026-08-14 10:21:18
2026-05-04,North,District6,0,2,0,0.0,4.5,25.5,83.1,2026-08-14 10:21:18
2026-05-04,North,District7,0,4,0,0.0,18.76,31.9,84.9,2026-08-14 10:21:18
2026-05-04,North,District8,0,3,0,0.0,2.32,30.0,61.4,2026-08-14 10:21:18
2026-05-04,North,District9,1,3,1,100.0,4.76,23.4,68.8,2026-08-14 10:21:18
2026-05-04,North,District10,0,0,0,0.0,1.43,30.5,89.1,2026-08-14 10:21:18
2026-05-04,North-West,District1,0,4,0,0.0,1.94,32.9,67.2,2026-08-14 10:21:18
2026-05-04,North-West,District2,0,5,0,0.0,10.53,24.5,56.4,2026-08-14 10:21:18
2026-05-04,North-West,District3,0,2,0,0.0,1.4,29.2,50.5,2026-08-14 10:21:18
2026-05-04,North-West,District4,0,2,0,0.0,1.75,34.6,82.7,2026-08-14 10:21:18
2026-05-04,North-West,District5,0,0,0,0.0,4.63,25.0,87.6,2026-08-14 10:21:18
2026-05-04,North-West,District6,0,5,0,0.0,7.85,34.9,54.2,2026-08-14 10:21:18
2026-05-04,North-West,District7,0,1,0,0.0,11.98,21.4,52.9,2026-08-14 10:21:18
2026-05-04,North-West,District8,0,1,0,0.0,7.51,33.2,83.9,2026-08-14 10:21:18
2026-05-04,North-West,District9,0,2,0,0.0,0.14,34.2,70.3,2026-08-14 10:21:18
2026-05-04,North-West,District10,0,1,0,0.0,17.73,22.0,88.8,2026-08-14 10:21:18
2026-05-04,South,District1,2,2,0,0.0,14.96,22.7,82.8,2026-08-14 10:21:18
2026-05-04,South,District2,1,1,1,100.0,16.24,34.2,85.6,2026-08-14 10:21:18
2026-05-04,South,District3,0,1,0,0.0,19.11,31.8,78.6,2026-08-14 10:21:18
2026-05-04,South,District4,3,5,0,0.0,1.77,33.9,82.4,2026-08-14 10:21:18
2026-05-04,South,District5,0,4,0,0.0,6.11,20.9,66.9,2026-08-14 10:21:18
2026-05-04,South,District6,0,5,0,0.0,0.6,22.4,57.8,2026-08-14 10:21:18
2026-05-04,South,District7,0,5,0,0.0,12.94,31.6,81.8,2026-08-14 10:21:18
2026-05-04,South,District8,1,5,1,100.0,9.8,25.4,75.2,2026-08-14 10:21:18
2026-05-04,South,District9,0,5,0,0.0,12.89,21.4,78.2,2026-08-14 10:21:18
2026-05-04,South,District10,0,1,0,0.0,6.59,28.6,75.0,2026-08-14 10:21:18
2026-05-04,South-West,District1,0,2,0,0.0,4.68,27.1,89.9,2026-08-14 10:21:18
2026-05-04,South-West,District2,0,4,0,0.0,8.41,30.0,81.6,2026-08-14 10:21:18
2026-05-04,South-West,District3,0,2,0,0.0,2.58,27.2,74.8,2026-08-14 10:21:18
2026-05-04,South-West,District4,1,3,1,100.0,0.71,22.9,70.9,2026-08-14 10:21:18
2026-05-04,South-West,District5,0,0,0,0.0,3.78,25.9,77.3,2026-08-14 10:21:18
2026-05-04,South-West,District6,0,3,0,0.0,14.57,24.3,63.0,2026-08-14 10:21:18
2026-05-04,South-West,District7,0,5,0,0.0,8.4,27.0,53.6,2026-08-14 10:21:18
2026-05-04,South-West,District8,1,0,0,0.0,15.27,22.1,52.3,2026-08-14 10:21:18
2026-05-04,South-West,District9,0,0,0,0.0,16.08,33.2,60.1,2026-08-14 10:21:18
2026-05-04,South-West,District10,0,4,0,0.0,5.28,20.5,65.5,2026-08-14 10:21:18
2026-05-04,West,District1,3,4,0,0.0,7.09,28.2,67.0,2026-08-14 10:21:18
2026-05-04,West,District2,0,4,0,0.0,19.99,34.8,68.7,2026-08-14 10:21:18
2026-05-04,West,District3,0,3,0,0.0,5.81,31.6,53.0,2026-08-14 10:21:18
2026-05-04,West,District4,1,4,1,100.0,14.47,31.3,57.4,2026-08-14 10:21:18
2026-05-04,West,District5,0,0,0,0.0,17.56,33.2,69.0,2026-08-14 10:21:18
2026-05-04,West,District6,0,1,0,0.0,13.38,29.1,55.8,2026-08-14 10:21:18
2026-05-04,West,District7,0,2,0,0.0,4.13,30.7,55.5,2026-08-14 10:21:18
2026-05-04,West,District8,0,2,0,0.0,16.06,25.1,53.5,2026-08-14 10:21:18
2026-05-04,West,District9,0,1,0,0.0,3.78,34.5,61.2,2026-08-14 10:21:18
2026-05-04,West,District10,0,1,0,0.0,15.01,26.9,64.2,2026-08-14 10:21:18
2026-05-23,Adamawa,District1,1,3,0,0.0,11.46,27.1,90.0,2026-08-14 10:21:18
2026-05-23,Adamawa,District2,0,5,0,0.0,11.44,27.3,87.8,2026-08-14 10:21:18
2026-05-23,Adamawa,District3,0,4,0,0.0,14.12,34.1,86.0,2026-08-14 10:21:18
2026-05-23,Adamawa,District4,0,1,0,0.0,3.65,22.4,51.9,2026-08-14 10:21:18
2026-05-23,Adamawa,District5,0,4,0,0.0,10.84,22.0,73.6,2026-08-14 10:21:18
2026-05-23,Adamawa,District6,1,2,1,100.0,9.75,22.1,66.3,2026-08-14 10:21:18
2026-05-23,Adamawa,District7,0,2,0,0.0,9.25,32.0,57.0,2026-08-14 10:21:18
2026-05-23,Adamawa,District8,0,5,0,0.0,15.37,25.4,74.1,2026-08-14 10:21:18
2026-05-23,Adamawa,District9,0,1,0,0.0,18.13,32.1,72.9,2026-08-14 10:21:18
2026-05-23,Adamawa,District10,0,0,0,0.0,13.58,22.9,82.5,2026-08-14 10:21:18
2026-05-23,Centre,District1,0,1,0,0.0,15.94,21.7,67.5,2026-08-14 10:21:18
2026-05-23,Centre,District2,3,2,0,0.0,17.03,23.3,53.1,2026-08-14 10:21:18
2026-05-23,Centre,District3,2,3,0,0.0,14.96,25.7,77.1,2026-08-14 10:21:18
2026-05-23,Centre,District4,0,1,0,0.0,14.86,23.5,69.3,2026-08-14 10:21:18
2026-05-23,Centre,District5,0,4,0,0.0,18.56,22.4,72.3,2026-08-14 10:21:18
2026-05-23,Centre,District6,2,5,1,50.0,18.66,21.7,86.3,2026-08-14 10:21:18
2026-05-23,Centre,District7,2,0,0,0.0,1.57,22.5,78.7,2026-08-14 10:21:18
2026-05-23,Centre,District8,3,3,0,0.0,3.49,23.8,70.1,2026-08-14 10:21:18
2026-05-23,Centre,District9,0,5,0,0.0,3.36,21.9,72.0,2026-08-14 10:21:18
2026-05-23,Centre,District10,0,2,0,0.0,3.27,28.0,52.2,2026-08-14 10:21:18
2026-05-23,East,District1,0,1,0,0.0,4.16,20.5,88.8,2026-08-14 10:21:18
2026-05-23,East,District2,0,5,0,0.0,17.23,32.5,67.0,2026-08-14 10:21:18
2026-05-23,East,District3,0,5,0,0.0,19.32,29.6,84.7,2026-08-14 10:21:18
2026-05-23,East,District4,0,1,0,0.0,3.97,29.6,72.7,2026-08-14 10:21:18
2026-05-23,East,District5,0,0,0,0.0,2.31,28.8,67.4,2026-08-14 10:21:18
2026-05-23,East,District6,0,5,0,0.0,9.66,21.7,73.7,2026-08-14 10:21:18
2026-05-23,East,District7,2,0,1,50.0,8.98,31.4,78.5,2026-08-14 10:21:18
2026-05-23,East,District8,0,1,0,0.0,8.65,21.7,77.9,2026-08-14 10:21:18
2026-05-23,East,District9,0,3,0,0.0,5.88,31.6,70.4,2026-08-14 10:21:18
2026-05-23,East,District10,0,2,0,0.0,14.99,27.3,57.4,2026-08-14 10:21:18
2026-05-23,Far North,District1,3,0,1,33.33,8.18,26.3,71.6,2026-08-14 10:21:18
2026-05-23,Far North,District2,1,3,0,0.0,8.45,31.6,54.7,2026-08-14 10:21:18
2026-05-23,Far North,District3,3,0,1,33.33,11.46,22.4,87.4,2026-08-14 10:21:18
2026-05-23,Far North,District4,0,3,0,0.0,13.54,26.1,61.3,2026-08-14 10:21:18
2026-05-23,Far North,District5,0,5,0,0.0,6.53,26.4,76.1,2026-08-14 10:21:18
2026-05-23,Far North,District6,0,2,0,0.0,8.27,31.7,61.5,2026-08-14 10:21:18
2026-05-23,Far North,District7,1,0,1,100.0,17.92,32.6,73.1,2026-08-14 10:21:18
2026-05-23,Far North,District8,0,2,0,0.0,16.25,30.2,79.6,2026-08-14 10:21:18
2026-05-23,Far North,District9,0,1,0,0.0,11.7,31.8,65.2,2026-08-14 10:21:18
2026-05-23,Far North,District10,0,4,0,0.0,6.49,26.5,60.0,2026-08-14 10:21:18
2026-05-23,Littoral,District1,0,2,0,0.0,7.46,29.8,81.1,2026-08-14 10:21:18
2026-05-23,Littoral,District2,0,2,0,0.0,19.95,20.7,55.6,2026-08-14 10:21:18
2026-05-23,Littoral,District3,0,3,0,0.0,19.32,29.4,51.2,2026-08-14 10:21:18
2026-05-23,Littoral,District4,1,2,1,100.0,15.56,29.2,67.8,2026-08-14 10:21:18
2026-05-23,Littoral,District5,0,1,0,0.0,12.25,33.4,87.4,2026-08-14 10:21:18
2026-05-23,Littoral,District6,0,3,0,0.0,0.07,25.3,50.5,2026-08-14 10:21:18
2026-05-23,Littoral,District7,0,4,0,0.0,1.12,21.0,57.6,2026-08-14 10:21:18
2026-05-23,Littoral,District8,0,4,0,0.0,2.61,20.9,53.5,2026-08-14 10:21:18
2026-05-23,Littoral,District9,0,1,0,0.0,9.73,26.4,52.4,2026-08-14 10:21:18
2026-05-23,Littoral,District10,0,2,0,0.0,15.85,28.1,86.6,2026-08-14 10:21:18
2026-05-23,North,District1,0,5,0,0.0,8.03,29.2,85.1,2026-08-14 10:21:18
2026-05-23,North,District2,1,3,0,0.0,5.87,29.8,81.0,2026-08-14 10:21:18
2026-05-23,North,District3,1,4,0,0.0,5.45,29.4,83.8,2026-08-14 10:21:18
2026-05-23,North,District4,0,3,0,0.0,14.48,25.7,63.9,2026-08-14 10:21:18
2026-05-23,North,District5,0,0,0,0.0,2.21,33.2,87.3,2026-08-14 10:21:18
2026-05-23,North,District6,0,3,0,0.0,0.98,28.8,73.0,2026-08-14 10:21:18
2026-05-23,North,District7,0,4,0,0.0,2.76,25.0,81.9,2026-08-14 10:21:18
2026-05-23,North,District8,0,0,0,0.0,13.14,21.5,73.4,2026-08-14 10:21:18
2026-05-23,North,District9,0,4,0,0.0,17.76,34.8,72.0,2026-08-14 10:21:18
2026-05-23,North,District10,2,1,1,50.0,2.16,27.2,57.2,2026-08-14 10:21:18
2026-05-23,North-West,District1,2,2,1,50.0,5.62,21.1,62.7,2026-08-14 10:21:18
2026-05-23,North-West,District2,1,3,1,100.0,17.1,26.8,85.5,2026-08-14 10:21:18
2026-05-23,North-West,District3,0,2,0,0.0,19.63,31.9,88.3,2026-08-14 10:21:18
2026-05-23,North-West,District4,0,4,0,0.0,16.35,30.7,66.0,2026-08-14 10:21:18
2026-05-23,North-West,District5,0,4,0,0.0,0.83,31.6,59.6,2026-08-14 10:21:18
2026-05-23,North-West,District6,0,0,0,0.0,5.91,21.5,86.1,2026-08-14 10:21:18
2026-05-23,North-West,District7,3,0,1,33.33,14.54,26.9,58.2,2026-08-14 10:21:18
2026-05-23,North-West,District8,0,4,0,0.0,12.46,26.6,55.9,2026-08-14 10:21:18
2026-05-23,North-West,District9,3,0,0,0.0,10.25,22.1,76.2,2026-08-14 10:21:18
2026-05-23,North-West,District10,0,3,0,0.0,7.42,26.5,73.3,2026-08-14 10:21:18
2026-05-23,South,District1,0,2,0,0.0,2.55,27.5,56.7,2026-08-14 10:21:18
2026-05-23,South,District2,1,0,0,0.0,11.99,21.9,74.3,2026-08-14 10:21:18
2026-05-23,South,District3,0,3,0,0.0,4.42,33.1,88.2,2026-08-14 10:21:18
2026-05-23,South,District4,3,1,0,0.0,15.82,30.3,55.1,2026-08-14 10:21:18
2026-05-23,South,District5,0,3,0,0.0,16.81,27.5,62.7,2026-08-14 10:21:18
2026-05-23,South,District6,0,3,0,0.0,12.17,26.4,78.3,2026-08-14 10:21:18
2026-05-23,South,District7,0,1,0,0.0,3.68,32.4,60.4,2026-08-14 10:21:18
2026-05-23,South,District8,2,4,1,50.0,10.42,20.5,86.3,2026-08-14 10:21:18
2026-05-23,South,District9,2,5,1,50.0,3.9,34.9,86.0,2026-08-14 10:21:18
2026-05-23,South,District10,0,2,0,0.0,10.01,22.2,60.4,2026-08-14 10:21:18
2026-05-23,South-West,District1,0,4,0,0.0,1.22,27.8,72.3,2026-08-14 10:21:18
2026-05-23,South-West,District2,1,5,0,0.0,7.41,25.2,62.2,2026-08-14 10:21:18
2026-05-23,South-West,District3,3,1,0,0.0,12.79,32.9,83.1,2026-08-14 10:21:18
2026-05-23,South-West,District4,0,2,0,0.0,15.13,21.4,62.0,2026-08-14 10:21:18
2026-05-23,South-West,District5,0,1,0,0.0,17.5,23.8,72.6,2026-08-14 10:21:18
2026-05-23,South-West,District6,0,4,0,0.0,17.51,20.5,79.0,2026-08-14 10:21:18
2026-05-23,South-West,District7,0,0,0,0.0,6.29,25.0,76.1,2026-08-14 10:21:18
2026-05-23,South-West,District8,0,1,0,0.0,2.67,21.4,76.6,2026-08-14 10:21:18
2026-05-23,South-West,District9,0,0,0,0.0,5.61,27.4,53.7,2026-08-14 10:21:18
2026-05-23,South-West,District10,3,5,0,0.0,11.72,28.2,61.6,2026-08-14 10:21:18
2026-05-23,West,District1,0,3,0,0.0,11.0,27.8,77.7,2026-08-14 10:21:18
2026-05-23,West,District2,3,4,0,0.0,4.78,22.5,80.5,2026-08-14 10:21:18
2026-05-23,West,District3,1,5,0,0.0,18.51,31.0,72.2,2026-08-14 10:21:18
2026-05-23,West,District4,0,2,0,0.0,19.07,21.9,88.4,2026-08-14 10:21:18
2026-05-23,West,District5,3,3,1,33.33,2.16,25.5,61.5,2026-08-14 10:21:18
2026-05-23,West,District6,0,4,0,0.0,5.27,28.7,79.2,2026-08-14 10:21:18
2026-05-23,West,District7,3,3,1,33.33,4.31,30.6,85.3,2026-08-14 10:21:18
2026-05-23,West,District8,0,0,0,0.0,15.37,34.4,59.4,2026-08-14 10:21:18
2026-05-23,West,District9,1,0,1,100.0,2.53,32.0,53.3,2026-08-14 10:21:18
2026-05-23,West,District10,0,4,0,0.0,8.89,33.5,65.7,2026-08-14 10:21:18
2026-06-04,Adamawa,District1,0,2,0,0.0,3.3,22.6,52.3,2026-08-14 10:21:18
2026-06-04,Adamawa,District2,1,3,0,0.0,3.89,22.9,66.5,2026-08-14 10:21:18
2026-06-04,Adamawa,District3,0,4,0,0.0,14.6,25.0,52.9,2026-08-14 10:21:18
2026-06-04,Adamawa,District4,0,2,0,0.0,6.16,28.4,86.4,2026-08-14 10:21:18
2026-06-04,Adamawa,District5,0,1,0,0.0,9.46,22.9,50.4,2026-08-14 10:21:18
2026-06-04,Adamawa,District6,0,3,0,0.0,1.9,24.9,64.6,2026-08-14 10:21:18
2026-06-04,Adamawa,District7,1,3,1,100.0,5.48,22.2,65.0,2026-08-14 10:21:18
2026-06-04,Adamawa,District8,1,0,0,0.0,5.69,29.9,59.0,2026-08-14 10:21:18
2026-06-04,Adamawa,District9,1,0,0,0.0,0.41,26.8,70.7,2026-08-14 10:21:18
2026-06-04,Adamawa,District10,0,0,0,0.0,4.45,28.9,61.1,2026-08-14 10:21:18
2026-06-04,Centre,District1,0,1,0,0.0,19.49,20.6,80.4,2026-08-14 10:21:18
2026-06-04,Centre,District2,0,0,0,0.0,9.26,34.1,75.8,2026-08-14 10:21:18
2026-06-04,Centre,District3,0,0,0,0.0,8.0,25.8,83.9,2026-08-14 10:21:18
2026-06-04,Centre,District4,0,3,0,0.0,0.86,28.0,77.9,2026-08-14 10:21:18
2026-06-04,Centre,District5,1,1,0,0.0,11.23,23.6,68.3,2026-08-14 10:21:18
2026-06-04,Centre,District6,0,3,0,0.0,1.83,25.6,50.1,2026-08-14 10:21:18
2026-06-04,Centre,District7,1,0,1,100.0,18.39,27.2,62.9,2026-08-14 10:21:18
2026-06-04,Centre,District8,0,5,0,0.0,0.61,22.9,66.1,2026-08-14 10:21:18
2026-06-04,Centre,District9,2,4,0,0.0,15.75,27.5,74.8,2026-08-14 10:21:18
2026-06-04,Centre,District10,1,2,0,0.0,15.55,30.2,74.9,2026-08-14 10:21:18
2026-06-04,East,District1,0,0,0,0.0,17.7,23.2,54.7,2026-08-14 10:21:18
2026-06-04,East,District2,0,4,0,0.0,2.62,33.8,74.4,2026-08-14 10:21:18
2026-06-04,East,District3,0,5,0,0.0,19.9,25.3,79.5,2026-08-14 10:21:18
2026-06-04,East,District4,0,2,0,0.0,12.32,33.0,81.2,2026-08-14 10:21:18
2026-06-04,East,District5,0,3,0,0.0,5.82,22.0,58.1,2026-08-14 10:21:18
2026-06-04,East,District6,0,4,0,0.0,12.87,31.6,80.1,2026-08-14 10:21:18
2026-06-04,East,District7,2,1,0,0.0,3.73,25.6,84.0,2026-08-14 10:21:18
2026-06-04,East,District8,0,4,0,0.0,7.02,25.9,76.1,2026-08-14 10:21:18
2026-06-04,East,District9,1,2,0,0.0,17.83,28.6,70.5,2026-08-14 10:21:18
2026-06-04,East,District10,0,4,0,0.0,15.62,24.2,82.3,2026-08-14 10:21:18
2026-06-04,Far North,District1,3,5,1,33.33,3.76,34.2,88.4,2026-08-14 10:21:18
2026-06-04,Far North,District2,0,3,0,0.0,17.12,27.0,57.4,2026-08-14 10:21:18
2026-06-04,Far North,District3,2,3,1,50.0,3.39,28.0,76.8,2026-08-14 10:21:18
2026-06-04,Far North,District4,0,5,0,0.0,8.63,29.1,89.0,2026-08-14 10:21:18
2026-06-04,Far North,District5,0,5,0,0.0,19.53,34.2,86.6,2026-08-14 10:21:18
2026-06-04,Far North,District6,0,1,0,0.0,11.14,27.0,76.3,2026-08-14 10:21:18
2026-06-04,Far North,District7,0,4,0,0.0,15.38,22.5,82.5,2026-08-14 10:21:18
2026-06-04,Far North,District8,0,1,0,0.0,2.81,21.2,89.6,2026-08-14 10:21:18
2026-06-04,Far North,District9,0,5,0,0.0,7.53,31.6,80.6,2026-08-14 10:21:18
2026-06-04,Far North,District10,0,3,0,0.0,3.2,33.2,69.7,2026-08-14 10:21:18
2026-06-04,Littoral,District1,3,0,1,33.33,11.03,34.2,66.8,2026-08-14 10:21:18
2026-06-04,Littoral,District2,0,1,0,0.0,18.83,30.3,67.2,2026-08-14 10:21:18
2026-06-04,Littoral,District3,2,3,1,50.0,10.8,27.6,50.7,2026-08-14 10:21:18
2026-06-04,Littoral,District4,0,2,0,0.0,5.87,32.1,81.9,2026-08-14 10:21:18
2026-06-04,Littoral,District5,0,3,0,0.0,14.29,20.9,69.0,2026-08-14 10:21:18
2026-06-04,Littoral,District6,0,4,0,0.0,13.43,28.4,72.8,2026-08-14 10:21:18
2026-06-04,Littoral,District7,0,2,0,0.0,12.06,33.4,60.4,2026-08-14 10:21:18
2026-06-04,Littoral,District8,1,3,1,100.0,17.6,25.2,74.9,2026-08-14 10:21:18
2026-06-04,Littoral,District9,0,0,0,0.0,13.08,33.7,79.6,2026-08-14 10:21:18
2026-06-04,Littoral,District10,0,1,0,0.0,18.65,32.9,66.7,2026-08-14 10:21:18
2026-06-04,North,District1,0,0,0,0.0,7.12,24.9,50.8,2026-08-14 10:21:18
2026-06-04,North,District2,0,5,0,0.0,15.92,20.3,65.1,2026-08-14 10:21:18
2026-06-04,North,District3,0,2,0,0.0,6.49,25.9,89.4,2026-08-14 10:21:18
2026-06-04,North,District4,1,5,1,100.0,10.06,34.2,62.3,2026-08-14 10:21:18
2026-06-04,North,District5,0,4,0,0.0,7.68,29.5,72.8,2026-08-14 10:21:18
2026-06-04,North,District6,0,0,0,0.0,2.56,29.0,64.1,2026-08-14 10:21:18
2026-06-04,North,District7,0,5,0,0.0,11.48,31.8,74.7,2026-08-14 10:21:18
2026-06-04,North,District8,0,5,0,0.0,6.12,34.8,68.2,2026-08-14 10:21:18
2026-06-04,North,District9,0,4,0,0.0,18.14,31.1,69.7,2026-08-14 10:21:18
2026-06-04,North,District10,0,1,0,0.0,8.03,21.6,55.1,2026-08-14 10:21:18
2026-06-04,North-West,District1,0,3,0,0.0,14.12,20.6,59.1,2026-08-14 10:21:18
2026-06-04,North-West,District2,0,1,0,0.0,15.14,29.1,65.3,2026-08-14 10:21:18
2026-06-04,North-West,District3,0,0,0,0.0,15.83,28.5,53.7,2026-08-14 10:21:18
2026-06-04,North-West,District4,0,3,0,0.0,0.12,34.6,84.8,2026-08-14 10:21:18
2026-06-04,North-West,District5,0,2,0,0.0,17.34,33.2,59.2,2026-08-14 10:21:18
2026-06-04,North-West,District6,0,2,0,0.0,7.62,27.3,71.7,2026-08-14 10:21:18
2026-06-04,North-West,District7,0,5,0,0.0,13.54,30.3,84.5,2026-08-14 10:21:18
2026-06-04,North-West,District8,3,2,0,0.0,15.13,31.0,63.9,2026-08-14 10:21:18
2026-06-04,North-West,District9,0,2,0,0.0,4.6,32.0,50.5,2026-08-14 10:21:18
2026-06-04,North-West,District10,0,0,0,0.0,1.54,28.7,66.8,2026-08-14 10:21:18
2026-06-04,South,District1,3,3,0,0.0,0.49,25.7,77.6,2026-08-14 10:21:18
2026-06-04,South,District2,2,2,0,0.0,13.61,33.9,84.7,2026-08-14 10:21:18
2026-06-04,South,District3,0,1,0,0.0,13.42,21.3,72.8,2026-08-14 10:21:18
2026-06-04,South,District4,0,0,0,0.0,5.8,26.7,56.8,2026-08-14 10:21:18
2026-06-04,South,District5,3,2,0,0.0,15.88,33.9,87.4,2026-08-14 10:21:18
2026-06-04,South,District6,2,3,1,50.0,12.17,26.2,89.5,2026-08-14 10:21:18
2026-06-04,South,District7,0,3,0,0.0,16.64,25.4,73.3,2026-08-14 10:21:18
2026-06-04,South,District8,1,1,1,100.0,19.08,23.1,78.0,2026-08-14 10:21:18
2026-06-04,South,District9,2,2,0,0.0,11.3,24.0,89.4,2026-08-14 10:21:18
2026-06-04,South,District10,1,2,1,100.0,13.59,28.8,74.4,2026-08-14 10:21:18
2026-06-04,South-West,District1,0,0,0,0.0,13.63,31.9,62.1,2026-08-14 10:21:18
2026-06-04,South-West,District2,0,4,0,0.0,13.04,29.1,77.9,2026-08-14 10:21:18
2026-06-04,South-West,District3,0,5,0,0.0,15.61,24.6,57.6,2026-08-14 10:21:18
2026-06-04,South-West,District4,0,1,0,0.0,13.37,23.0,51.7,2026-08-14 10:21:18
2026-06-04,South-West,District5,0,4,0,0.0,9.75,25.0,73.0,2026-08-14 10:21:18
2026-06-04,South-West,District6,0,0,0,0.0,12.32,30.7,62.8,2026-08-14 10:21:18
2026-06-04,South-West,District7,0,4,0,0.0,5.16,20.4,77.8,2026-08-14 10:21:18
2026-06-04,South-West,District8,1,2,1,100.0,7.32,31.9,65.7,2026-08-14 10:21:18
2026-06-04,South-West,District9,0,5,0,0.0,14.05,26.5,63.8,2026-08-14 10:21:18
2026-06-04,South-West,District10,0,2,0,0.0,1.99,23.8,50.3,2026-08-14 10:21:18
2026-06-04,West,District1,0,2,0,0.0,14.69,34.2,74.7,2026-08-14 10:21:18
2026-06-04,West,District2,0,4,0,0.0,10.46,28.8,55.9,2026-08-14 10:21:18
2026-06-04,West,District3,0,4,0,0.0,18.58,27.9,86.6,2026-08-14 10:21:18
2026-06-04,West,District4,0,5,0,0.0,17.98,27.8,72.9,2026-08-14 10:21:18
2026-06-04,West,District5,3,0,0,0.0,8.8,22.8,80.1,2026-08-14 10:21:18
2026-06-04,West,District6,0,2,0,0.0,15.43,28.7,89.6,2026-08-14 10:21:18
2026-06-04,West,District7,0,1,0,0.0,13.1,27.5,82.5,2026-08-14 10:21:18
2026-06-04,West,District8,0,5,0,0.0,2.96,28.6,77.2,2026-08-14 10:21:18
2026-06-04,West,District9,0,2,0,0.0,13.59,26.1,52.5,2026-08-14 10:21:18
2026-06-04,West,District10,0,3,0,0.0,17.54,33.3,62.9,2026-08-14 10:21:18
2026-06-27,Adamawa,District1,0,1,0,0.0,5.01,34.4,66.0,2026-08-14 10:21:18
2026-06-27,Adamawa,District2,2,5,0,0.0,2.63,22.9,55.5,2026-08-14 10:21:18
2026-06-27,Adamawa,District3,0,0,0,0.0,8.06,24.7,87.9,2026-08-14 10:21:18
2026-06-27,Adamawa,District4,0,4,0,0.0,16.5,31.2,89.9,2026-08-14 10:21:18
2026-06-27,Adamawa,District5,1,2,0,0.0,7.81,21.9,64.8,2026-08-14 10:21:18
2026-06-27,Adamawa,District6,2,0,1,50.0,6.67,29.9,81.5,2026-08-14 10:21:18
2026-06-27,Adamawa,District7,3,0,0,0.0,19.05,27.8,89.2,2026-08-14 10:21:18
2026-06-27,Adamawa,District8,0,4,0,0.0,13.56,28.9,58.7,2026-08-14 10:21:18
2026-06-27,Adamawa,District9,0,4,0,0.0,3.58,23.2,52.4,2026-08-14 10:21:18
2026-06-27,Adamawa,District10,0,1,0,0.0,15.88,22.2,74.4,2026-08-14 10:21:18
2026-06-27,Centre,District1,1,1,0,0.0,12.88,23.0,83.2,2026-08-14 10:21:18
2026-06-27,Centre,District2,1,3,1,100.0,2.19,25.0,58.9,2026-08-14 10:21:18
2026-06-27,Centre,District3,0,0,0,0.0,16.53,20.7,61.2,2026-08-14 10:21:18
2026-06-27,Centre,District4,1,0,0,0.0,5.39,27.8,65.5,2026-08-14 10:21:18
2026-06-27,Centre,District5,0,4,0,0.0,14.28,34.4,87.8,2026-08-14 10:21:18
2026-06-27,Centre,District6,0,0,0,0.0,4.95,25.7,67.9,2026-08-14 10:21:18
2026-06-27,Centre,District7,0,0,0,0.0,5.36,26.0,58.0,2026-08-14 10:21:18
2026-06-27,Centre,District8,2,5,0,0.0,13.54,20.0,66.2,2026-08-14 10:21:18
2026-06-27,Centre,District9,0,5,0,0.0,13.39,30.0,68.4,2026-08-14 10:21:18
2026-06-27,Centre,District10,0,4,0,0.0,10.01,28.7,58.8,2026-08-14 10:21:18
2026-06-27,East,District1,0,0,0,0.0,16.73,30.7,52.4,2026-08-14 10:21:18
2026-06-27,East,District2,0,0,0,0.0,16.09,31.0,51.6,2026-08-14 10:21:18
2026-06-27,East,District3,0,4,0,0.0,10.16,34.4,87.9,2026-08-14 10:21:18
2026-06-27,East,District4,0,2,0,0.0,11.41,33.1,64.2,2026-08-14 10:21:18
2026-06-27,East,District5,0,1,0,0.0,13.42,34.1,89.1,2026-08-14 10:21:18
2026-06-27,East,District6,1,1,0,0.0,2.7,25.8,56.3,2026-08-14 10:21:18
2026-06-27,East,District7,1,2,0,0.0,19.79,27.8,53.2,2026-08-14 10:21:18
2026-06-27,East,District8,0,0,0,0.0,6.71,21.1,63.1,2026-08-14 10:21:18
2026-06-27,East,District9,0,0,0,0.0,9.95,23.4,68.7,2026-08-14 10:21:18
2026-06-27,East,District10,0,2,0,0.0,2.2,24.7,71.5,2026-08-14 10:21:18
2026-06-27,Far North,District1,0,0,0,0.0,19.38,20.6,57.6,2026-08-14 10:21:18
2026-06-27,Far North,District2,0,3,0,0.0,2.52,22.3,88.4,2026-08-14 10:21:18
2026-06-27,Far North,District3,1,3,0,0.0,12.19,32.0,81.7,2026-08-14 10:21:18
2026-06-27,Far North,District4,0,3,0,0.0,7.18,26.0,53.0,2026-08-14 10:21:18
2026-06-27,Far North,District5,0,0,0,0.0,10.29,34.0,79.0,2026-08-14 10:21:18
2026-06-27,Far North,District6,3,3,1,33.33,6.25,27.2,67.4,2026-08-14 10:21:18
2026-06-27,Far North,District7,0,5,0,0.0,14.34,24.6,64.5,2026-08-14 10:21:18
2026-06-27,Far North,District8,0,2,0,0.0,4.78,22.8,57.7,2026-08-14 10:21:18
2026-06-27,Far North,District9,1,3,0,0.0,12.42,20.2,70.1,2026-08-14 10:21:18
2026-06-27,Far North,District10,1,2,0,0.0,18.44,31.7,56.1,2026-08-14 10:21:18
2026-06-27,Littoral,District1,0,0,0,0.0,16.1,30.8,69.4,2026-08-14 10:21:18
2026-06-27,Littoral,District2,0,3,0,0.0,14.67,21.7,88.9,2026-08-14 10:21:18
2026-06-27,Littoral,District3,0,0,0,0.0,19.87,20.4,60.8,2026-08-14 10:21:18
2026-06-27,Littoral,District4,0,0,0,0.0,2.8,34.7,74.5,2026-08-14 10:21:18
2026-06-27,Littoral,District5,0,5,0,0.0,7.16,24.2,81.1,2026-08-14 10:21:18
2026-06-27,Littoral,District6,0,4,0,0.0,19.44,34.0,87.2,2026-08-14 10:21:18
2026-06-27,Littoral,District7,3,4,0,0.0,1.96,21.3,85.1,2026-08-14 10:21:18
2026-06-27,Littoral,District8,0,4,0,0.0,11.51,23.5,74.1,2026-08-14 10:21:18
2026-06-27,Littoral,District9,0,5,0,0.0,18.35,20.2,67.5,2026-08-14 10:21:18
2026-06-27,Littoral,District10,2,1,1,50.0,9.71,26.9,70.8,2026-08-14 10:21:18
2026-06-27,North,District1,1,0,1,100.0,18.67,29.7,79.0,2026-08-14 10:21:18
2026-06-27,North,District2,3,3,0,0.0,13.14,26.3,71.6,2026-08-14 10:21:18
2026-06-27,North,District3,0,2,0,0.0,7.11,22.7,84.8,2026-08-14 10:21:18
2026-06-27,North,District4,0,3,0,0.0,12.78,29.4,77.6,2026-08-14 10:21:18
2026-06-27,North,District5,1,4,0,0.0,1.97,25.8,73.9,2026-08-14 10:21:18
2026-06-27,North,District6,0,2,0,0.0,2.77,31.4,80.8,2026-08-14 10:21:18
2026-06-27,North,District7,0,5,0,0.0,17.88,34.0,62.6,2026-08-14 10:21:18
2026-06-27,North,District8,3,4,0,0.0,4.76,27.3,75.4,2026-08-14 10:21:18
2026-06-27,North,District9,0,3,0,0.0,16.07,22.5,53.0,2026-08-14 10:21:18
2026-06-27,North,District10,0,2,0,0.0,8.94,27.6,78.1,2026-08-14 10:21:18
2026-06-27,North-West,District1,0,2,0,0.0,7.24,29.9,64.3,2026-08-14 10:21:18
2026-06-27,North-West,District2,1,5,1,100.0,18.23,34.0,78.7,2026-08-14 10:21:18
2026-06-27,North-West,District3,0,0,0,0.0,1.24,28.8,70.9,2026-08-14 10:21:18
2026-06-27,North-West,District4,0,1,0,0.0,0.67,33.9,56.1,2026-08-14 10:21:18
2026-06-27,North-West,District5,0,2,0,0.0,8.04,23.5,66.3,2026-08-14 10:21:18
2026-06-27,North-West,District6,0,1,0,0.0,4.06,29.1,70.2,2026-08-14 10:21:18
2026-06-27,North-West,District7,0,2,0,0.0,4.58,28.9,85.1,2026-08-14 10:21:18
2026-06-27,North-West,District8,1,5,1,100.0,7.96,32.0,60.5,2026-08-14 10:21:18
2026-06-27,North-West,District9,0,1,0,0.0,4.97,32.0,60.6,2026-08-14 10:21:18
2026-06-27,North-West,District10,0,1,0,0.0,9.36,33.5,68.2,2026-08-14 10:21:18
2026-06-27,South,District1,0,0,0,0.0,11.07,21.8,65.8,2026-08-14 10:21:18
2026-06-27,South,District2,0,2,0,0.0,16.25,33.8,87.8,2026-08-14 10:21:18
2026-06-27,South,District3,0,4,0,0.0,12.48,30.8,58.1,2026-08-14 10:21:18
2026-06-27,South,District4,1,1,1,100.0,18.52,24.8,59.3,2026-08-14 10:21:18
2026-06-27,South,District5,2,2,0,0.0,18.86,31.2,89.6,2026-08-14 10:21:18
2026-06-27,South,District6,1,3,1,100.0,13.77,25.2,86.6,2026-08-14 10:21:18
2026-06-27,South,District7,0,3,0,0.0,19.0,22.9,64.1,2026-08-14 10:21:18
2026-06-27,South,District8,0,5,0,0.0,11.23,23.7,52.0,2026-08-14 10:21:18
2026-06-27,South,District9,0,5,0,0.0,14.7,30.1,76.2,2026-08-14 10:21:18
2026-06-27,South,District10,0,3,0,0.0,14.23,25.9,77.6,2026-08-14 10:21:18
2026-06-27,South-West,District1,0,4,0,0.0,12.74,21.9,53.1,2026-08-14 10:21:18
2026-06-27,South-West,District2,0,5,0,0.0,12.47,29.9,52.7,2026-08-14 10:21:18
2026-06-27,South-West,District3,2,3,1,50.0,13.36,21.4,70.3,2026-08-14 10:21:18
2026-06-27,South-West,District4,0,3,0,0.0,13.9,27.0,64.6,2026-08-14 10:21:18
2026-06-27,South-West,District5,2,1,0,0.0,10.28,29.1,55.8,2026-08-14 10:21:18
2026-06-27,South-West,District6,0,5,0,0.0,4.72,29.1,71.5,2026-08-14 10:21:18
2026-06-27,South-West,District7,2,3,1,50.0,7.36,25.6,51.0,2026-08-14 10:21:18
2026-06-27,South-West,District8,0,1,0,0.0,7.44,34.8,61.9,2026-08-14 10:21:18
2026-06-27,South-West,District9,0,5,0,0.0,18.97,21.1,57.0,2026-08-14 10:21:18
2026-06-27,South-West,District10,0,2,0,0.0,19.81,25.8,60.2,2026-08-14 10:21:18
2026-06-27,West,District1,0,4,0,0.0,17.85,26.9,74.7,2026-08-14 10:21:18
2026-06-27,West,District2,0,4,0,0.0,7.78,30.5,53.2,2026-08-14 10:21:18
2026-06-27,West,District3,0,2,0,0.0,7.05,21.6,62.1,2026-08-14 10:21:18
2026-06-27,West,District4,0,1,0,0.0,16.49,28.3,82.2,2026-08-14 10:21:18
2026-06-27,West,District5,0,3,0,0.0,8.96,23.4,50.7,2026-08-14 10:21:18
2026-06-27,West,District6,0,5,0,0.0,18.71,22.0,71.1,2026-08-14 10:21:18
2026-06-27,West,District7,0,2,0,0.0,8.74,30.7,65.3,2026-08-14 10:21:18
2026-06-27,West,District8,2,5,0,0.0,6.61,29.2,52.5,2026-08-14 10:21:18
2026-06-27,West,District9,0,0,0,0.0,6.98,30.6,57.7,2026-08-14 10:21:18
2026-06-27,West,District10,0,0,0,0.0,0.15,34.9,85.9,2026-08-14 10:21:18
2026-06-18,Adamawa,District1,1,0,1,100.0,18.91,31.8,65.4,2026-08-14 10:21:18
2026-06-18,Adamawa,District2,0,4,0,0.0,9.98,33.8,54.9,2026-08-14 10:21:18
2026-06-18,Adamawa,District3,0,4,0,0.0,14.7,33.3,89.7,2026-08-14 10:21:18
2026-06-18,Adamawa,District4,0,2,0,0.0,6.85,22.8,83.9,2026-08-14 10:21:18
2026-06-18,Adamawa,District5,3,2,0,0.0,7.63,21.3,55.0,2026-08-14 10:21:18
2026-06-18,Adamawa,District6,0,1,0,0.0,8.0,33.3,65.8,2026-08-14 10:21:18
2026-06-18,Adamawa,District7,0,0,0,0.0,1.96,25.4,84.8,2026-08-14 10:21:18
2026-06-18,Adamawa,District8,2,3,1,50.0,19.43,26.0,58.1,2026-08-14 10:21:18
2026-06-18,Adamawa,District9,0,1,0,0.0,12.69,29.6,68.1,2026-08-14 10:21:18
2026-06-18,Adamawa,District10,1,4,0,0.0,15.8,21.3,51.4,2026-08-14 10:21:18
2026-06-18,Centre,District1,0,0,0,0.0,12.26,27.4,84.6,2026-08-14 10:21:18
2026-06-18,Centre,District2,0,3,0,0.0,4.96,24.1,87.6,2026-08-14 10:21:18
2026-06-18,Centre,District3,0,3,0,0.0,7.16,33.9,68.0,2026-08-14 10:21:18
2026-06-18,Centre,District4,0,2,0,0.0,13.29,22.5,86.7,2026-08-14 10:21:18
2026-06-18,Centre,District5,0,5,0,0.0,2.9,28.2,66.1,2026-08-14 10:21:18
2026-06-18,Centre,District6,0,3,0,0.0,0.86,22.9,54.3,2026-08-14 10:21:18
2026-06-18,Centre,District7,0,3,0,0.0,18.21,33.5,67.9,2026-08-14 10:21:18
2026-06-18,Centre,District8,2,4,0,0.0,10.43,33.5,82.8,2026-08-14 10:21:18
2026-06-18,Centre,District9,0,4,0,0.0,15.46,27.4,81.2,2026-08-14 10:21:18
2026-06-18,Centre,District10,2,4,0,0.0,7.27,21.0,67.2,2026-08-14 10:21:18
2026-06-18,East,District1,3,0,1,33.33,5.68,23.5,64.5,2026-08-14 10:21:18
2026-06-18,East,District2,0,1,0,0.0,3.16,32.3,83.9,2026-08-14 10:21:18
2026-06-18,East,District3,0,4,0,0.0,4.88,33.0,89.9,2026-08-14 10:21:18
2026-06-18,East,District4,0,0,0,0.0,7.88,23.6,83.1,2026-08-14 10:21:18
2026-06-18,East,District5,0,0,0,0.0,10.01,34.7,67.9,2026-08-14 10:21:18
2026-06-18,East,District6,1,5,0,0.0,1.16,29.3,76.4,2026-08-14 10:21:18
2026-06-18,East,District7,2,0,1,50.0,6.41,26.2,54.8,2026-08-14 10:21:18
2026-06-18,East,District8,0,1,0,0.0,1.91,24.9,58.6,2026-08-14 10:21:18
2026-06-18,East,District9,0,3,0,0.0,4.08,23.9,86.4,2026-08-14 10:21:18
2026-06-18,East,District10,1,5,1,100.0,0.46,22.2,89.3,2026-08-14 10:21:18
2026-06-18,Far North,District1,0,4,0,0.0,15.39,30.5,87.1,2026-08-14 10:21:18
2026-06-18,Far North,District2,0,5,0,0.0,3.53,25.9,65.7,2026-08-14 10:21:18
2026-06-18,Far North,District3,0,0,0,0.0,3.01,26.6,80.2,2026-08-14 10:21:18
2026-06-18,Far North,District4,0,1,0,0.0,1.77,29.5,67.8,2026-08-14 10:21:18
2026-06-18,Far North,District5,1,1,1,100.0,16.24,26.2,82.1,2026-08-14 10:21:18
2026-06-18,Far North,District6,0,4,0,0.0,19.5,30.8,65.3,2026-08-14 10:21:18
2026-06-18,Far North,District7,0,2,0,0.0,2.71,26.2,60.7,2026-08-14 10:21:18
2026-06-18,Far North,District8,0,3,0,0.0,2.0,29.2,74.2,2026-08-14 10:21:18
2026-06-18,Far North,District9,1,3,1,100.0,18.44,31.6,74.6,2026-08-14 10:21:18
2026-06-18,Far North,District10,2,1,0,0.0,15.64,28.1,84.1,2026-08-14 10:21:18
2026-06-18,Littoral,District1,0,4,0,0.0,11.78,32.7,84.5,2026-08-14 10:21:18
2026-06-18,Littoral,District2,2,1,0,0.0,15.25,29.8,52.8,2026-08-14 10:21:18
2026-06-18,Littoral,District3,3,3,1,33.33,17.88,29.1,86.7,2026-08-14 10:21:18
2026-06-18,Littoral,District4,0,5,0,0.0,18.45,26.5,86.5,2026-08-14 10:21:18
2026-06-18,Littoral,District5,2,3,1,50.0,9.1,32.6,60.5,2026-08-14 10:21:18
2026-06-18,Littoral,District6,1,3,1,100.0,15.91,21.4,53.0,2026-08-14 10:21:18
2026-06-18,Littoral,District7,1,0,0,0.0,17.2,29.0,73.6,2026-08-14 10:21:18
2026-06-18,Littoral,District8,0,2,0,0.0,12.79,29.2,61.5,2026-08-14 10:21:18
2026-06-18,Littoral,District9,0,0,0,0.0,0.08,34.7,72.3,2026-08-14 10:21:18
2026-06-18,Littoral,District10,0,1,0,0.0,2.7,22.2,77.3,2026-08-14 10:21:18
2026-06-18,North,District1,2,1,0,0.0,3.44,26.2,88.3,2026-08-14 10:21:18
2026-06-18,North,District2,0,4,0,0.0,7.37,21.1,56.4,2026-08-14 10:21:18
2026-06-18,North,District3,0,1,0,0.0,12.66,26.0,53.2,2026-08-14 10:21:18
2026-06-18,North,District4,1,4,1,100.0,19.51,25.7,58.7,2026-08-14 10:21:18
2026-06-18,North,District5,1,5,1,100.0,4.54,34.6,79.8,2026-08-14 10:21:18
2026-06-18,North,District6,0,5,0,0.0,6.3,32.6,50.6,2026-08-14 10:21:18
2026-06-18,North,District7,2,3,0,0.0,16.42,21.7,84.3,2026-08-14 10:21:18
2026-06-18,North,District8,0,5,0,0.0,7.31,23.8,63.4,2026-08-14 10:21:18
2026-06-18,North,District9,1,0,0,0.0,7.72,33.5,63.6,2026-08-14 10:21:18
2026-06-18,North,District10,0,0,0,0.0,15.39,25.2,61.3,2026-08-14 10:21:18
2026-06-18,North-West,District1,1,4,1,100.0,5.62,22.5,82.8,2026-08-14 10:21:18
2026-06-18,North-West,District2,0,2,0,0.0,7.18,34.1,61.6,2026-08-14 10:21:18
2026-06-18,North-West,District3,2,3,0,0.0,11.22,24.8,60.3,2026-08-14 10:21:18
2026-06-18,North-West,District4,1,2,1,100.0,9.17,22.4,87.1,2026-08-14 10:21:18
2026-06-18,North-West,District5,0,0,0,0.0,12.78,33.5,72.7,2026-08-14 10:21:18
2026-06-18,North-West,District6,0,5,0,0.0,17.07,30.5,72.0,2026-08-14 10:21:18
2026-06-18,North-West,District7,2,2,0,0.0,10.13,22.3,87.8,2026-08-14 10:21:18
2026-06-18,North-West,District8,0,0,0,0.0,5.47,24.5,68.6,2026-08-14 10:21:18
2026-06-18,North-West,District9,0,2,0,0.0,18.97,25.5,80.0,2026-08-14 10:21:18
2026-06-18,North-West,District10,1,3,0,0.0,10.29,31.0,80.9,2026-08-14 10:21:18
2026-06-18,South,District1,0,3,0,0.0,18.95,21.8,71.9,2026-08-14 10:21:18
2026-06-18,South,District2,0,2,0,0.0,6.15,34.8,64.6,2026-08-14 10:21:18
2026-06-18,South,District3,2,2,1,50.0,18.13,30.6,67.8,2026-08-14 10:21:18
2026-06-18,South,District4,0,1,0,0.0,2.59,25.5,81.5,2026-08-14 10:21:18
2026-06-18,South,District5,2,3,1,50.0,1.26,28.4,72.4,2026-08-14 10:21:18
2026-06-18,South,District6,1,1,1,100.0,11.75,28.3,51.6,2026-08-14 10:21:18
2026-06-18,South,District7,1,5,1,100.0,1.5,33.4,72.8,2026-08-14 10:21:18
2026-06-18,South,District8,0,4,0,0.0,12.08,26.0,54.2,2026-08-14 10:21:18
2026-06-18,South,District9,0,4,0,0.0,19.93,31.2,80.4,2026-08-14 10:21:18
2026-06-18,South,District10,1,0,0,0.0,10.7,34.7,87.4,2026-08-14 10:21:18
2026-06-18,South-West,District1,0,2,0,0.0,19.6,27.2,72.6,2026-08-14 10:21:18
2026-06-18,South-West,District2,2,2,1,50.0,5.76,30.2,68.9,2026-08-14 10:21:18
2026-06-18,South-West,District3,0,4,0,0.0,3.06,28.3,75.8,2026-08-14 10:21:18
2026-06-18,South-West,District4,0,4,0,0.0,14.96,23.4,82.2,2026-08-14 10:21:18
2026-06-18,South-West,District5,2,0,0,0.0,19.98,33.6,68.3,2026-08-14 10:21:18
2026-06-18,South-West,District6,1,3,0,0.0,14.58,23.4,75.2,2026-08-14 10:21:18
2026-06-18,South-West,District7,0,2,0,0.0,9.71,29.7,73.4,2026-08-14 10:21:18
2026-06-18,South-West,District8,0,2,0,0.0,15.38,25.7,63.9,2026-08-14 10:21:18
2026-06-18,South-West,District9,0,1,0,0.0,7.55,25.9,58.6,2026-08-14 10:21:18
2026-06-18,South-West,District10,3,4,1,33.33,9.54,24.7,80.8,2026-08-14 10:21:18
2026-06-18,West,District1,0,4,0,0.0,3.77,33.6,64.9,2026-08-14 10:21:18
2026-06-18,West,District2,0,1,0,0.0,18.88,27.9,58.1,2026-08-14 10:21:18
2026-06-18,West,District3,1,1,1,100.0,4.44,30.5,65.2,2026-08-14 10:21:18
2026-06-18,West,District4,0,5,0,0.0,18.34,31.3,59.1,2026-08-14 10:21:18
2026-06-18,West,District5,0,3,0,0.0,5.77,21.1,80.3,2026-08-14 10:21:18
2026-06-18,West,District6,0,3,0,0.0,3.19,30.0,73.8,2026-08-14 10:21:18
2026-06-18,West,District7,1,3,0,0.0,2.16,30.9,86.7,2026-08-14 10:21:18
2026-06-18,West,District8,0,1,0,0.0,11.35,31.2,76.2,2026-08-14 10:21:18
2026-06-18,West,District9,0,4,0,0.0,11.55,21.4,66.9,2026-08-14 10:21:18
2026-06-18,West,District10,0,1,0,0.0,7.45,26.5,70.6,2026-08-14 10:21:18
2026-06-13,Adamawa,District1,0,1,0,0.0,6.84,31.3,50.9,2026-08-14 10:21:18
2026-06-13,Adamawa,District2,0,5,0,0.0,5.64,29.5,63.7,2026-08-14 10:21:18
2026-06-13,Adamawa,District3,1,1,0,0.0,4.49,21.2,56.5,2026-08-14 10:21:18
2026-06-13,Adamawa,District4,0,0,0,0.0,19.63,26.4,83.9,2026-08-14 10:21:18
2026-06-13,Adamawa,District5,0,3,0,0.0,8.82,25.1,53.0,2026-08-14 10:21:18
2026-06-13,Adamawa,District6,0,0,0,0.0,5.78,21.9,86.1,2026-08-14 10:21:18
2026-06-13,Adamawa,District7,0,2,0,0.0,6.86,23.8,66.2,2026-08-14 10:21:18
2026-06-13,Adamawa,District8,3,3,0,0.0,14.1,21.0,71.1,2026-08-14 10:21:18
2026-06-13,Adamawa,District9,1,5,1,100.0,13.48,26.4,69.3,2026-08-14 10:21:18
2026-06-13,Adamawa,District10,1,2,1,100.0,8.13,26.8,52.7,2026-08-14 10:21:18
2026-06-13,Centre,District1,0,1,0,0.0,3.73,30.0,69.5,2026-08-14 10:21:18
2026-06-13,Centre,District2,0,2,0,0.0,6.89,29.3,89.4,2026-08-14 10:21:18
2026-06-13,Centre,District3,0,2,0,0.0,7.78,34.6,63.5,2026-08-14 10:21:18
2026-06-13,Centre,District4,0,5,0,0.0,17.83,30.7,58.7,2026-08-14 10:21:18
2026-06-13,Centre,District5,0,1,0,0.0,10.83,21.7,50.4,2026-08-14 10:21:18
2026-06-13,Centre,District6,0,5,0,0.0,3.02,30.3,88.7,2026-08-14 10:21:18
2026-06-13,Centre,District7,1,2,1,100.0,10.89,22.1,72.3,2026-08-14 10:21:18
2026-06-13,Centre,District8,0,2,0,0.0,7.26,29.6,86.1,2026-08-14 10:21:18
2026-06-13,Centre,District9,0,0,0,0.0,5.77,27.7,86.0,2026-08-14 10:21:18
2026-06-13,Centre,District10,0,2,0,0.0,2.49,27.6,66.4,2026-08-14 10:21:18
2026-06-13,East,District1,0,0,0,0.0,15.22,22.7,69.0,2026-08-14 10:21:18
2026-06-13,East,District2,1,2,1,100.0,4.59,22.8,65.0,2026-08-14 10:21:18
2026-06-13,East,District3,0,1,0,0.0,4.52,31.7,87.6,2026-08-14 10:21:18
2026-06-13,East,District4,3,0,1,33.33,2.42,29.8,80.6,2026-08-14 10:21:18
2026-06-13,East,District5,0,3,0,0.0,15.65,34.2,87.4,2026-08-14 10:21:18
2026-06-13,East,District6,0,0,0,0.0,9.0,31.5,54.3,2026-08-14 10:21:18
2026-06-13,East,District7,0,1,0,0.0,7.79,29.2,73.0,2026-08-14 10:21:18
2026-06-13,East,District8,0,0,0,0.0,5.21,21.7,76.7,2026-08-14 10:21:18
2026-06-13,East,District9,0,0,0,0.0,12.88,23.9,74.5,2026-08-14 10:21:18
2026-06-13,East,District10,0,3,0,0.0,9.05,28.5,72.8,2026-08-14 10:21:18
2026-06-13,Far North,District1,0,5,0,0.0,5.44,26.5,61.2,2026-08-14 10:21:18
2026-06-13,Far North,District2,2,0,0,0.0,4.18,35.0,89.4,2026-08-14 10:21:18
2026-06-13,Far North,District3,0,0,0,0.0,9.24,22.7,89.1,2026-08-14 10:21:18
2026-06-13,Far North,District4,0,4,0,0.0,4.93,30.6,77.4,2026-08-14 10:21:18
2026-06-13,Far North,District5,0,4,0,0.0,9.31,31.3,52.2,2026-08-14 10:21:18
2026-06-13,Far North,District6,0,3,0,0.0,8.19,21.8,70.9,2026-08-14 10:21:18
2026-06-13,Far North,District7,0,3,0,0.0,8.9,20.3,81.3,2026-08-14 10:21:18
2026-06-13,Far North,District8,0,2,0,0.0,19.05,23.4,85.3,2026-08-14 10:21:18
2026-06-13,Far North,District9,1,2,1,100.0,1.29,28.0,63.6,2026-08-14 10:21:18
2026-06-13,Far North,District10,0,4,0,0.0,7.66,22.4,58.6,2026-08-14 10:21:18
2026-06-13,Littoral,District1,0,1,0,0.0,19.41,22.0,71.4,2026-08-14 10:21:18
2026-06-13,Littoral,District2,0,4,0,0.0,11.92,22.3,62.9,2026-08-14 10:21:18
2026-06-13,Littoral,District3,0,5,0,0.0,6.21,32.0,78.9,2026-08-14 10:21:18
2026-06-13,Littoral,District4,0,3,0,0.0,5.0,31.8,63.5,2026-08-14 10:21:18
2026-06-13,Littoral,District5,0,3,0,0.0,13.39,23.1,63.7,2026-08-14 10:21:18
2026-06-13,Littoral,District6,1,3,1,100.0,13.41,25.8,86.8,2026-08-14 10:21:18
2026-06-13,Littoral,District7,1,3,0,0.0,8.7,34.9,76.8,2026-08-14 10:21:18
2026-06-13,Littoral,District8,1,3,1,100.0,14.73,21.4,84.3,2026-08-14 10:21:18
2026-06-13,Littoral,District9,0,0,0,0.0,5.4,25.8,56.9,2026-08-14 10:21:18
2026-06-13,Littoral,District10,1,5,1,100.0,12.88,20.0,80.6,2026-08-14 10:21:18
2026-06-13,North,District1,0,3,0,0.0,19.21,23.7,79.6,2026-08-14 10:21:18
2026-06-13,North,District2,1,1,0,0.0,8.58,31.1,50.5,2026-08-14 10:21:18
2026-06-13,North,District3,0,1,0,0.0,15.69,33.7,84.3,2026-08-14 10:21:18
2026-06-13,North,District4,2,5,0,0.0,16.39,32.0,50.0,2026-08-14 10:21:18
2026-06-13,North,District5,1,2,1,100.0,1.49,21.5,67.3,2026-08-14 10:21:18
2026-06-13,North,District6,0,4,0,0.0,4.41,22.4,70.4,2026-08-14 10:21:18
2026-06-13,North,District7,0,2,0,0.0,4.94,34.0,56.8,2026-08-14 10:21:18
2026-06-13,North,District8,0,0,0,0.0,12.56,24.3,50.6,2026-08-14 10:21:18
2026-06-13,North,District9,2,3,1,50.0,6.21,34.3,59.1,2026-08-14 10:21:18
2026-06-13,North,District10,0,0,0,0.0,14.71,20.3,87.5,2026-08-14 10:21:18
2026-06-13,North-West,District1,1,2,0,0.0,10.95,34.0,57.7,2026-08-14 10:21:18
2026-06-13,North-West,District2,0,1,0,0.0,19.71,23.0,76.0,2026-08-14 10:21:18
2026-06-13,North-West,District3,1,3,1,100.0,3.98,28.8,63.1,2026-08-14 10:21:18
2026-06-13,North-West,District4,0,2,0,0.0,2.89,33.3,73.8,2026-08-14 10:21:18
2026-06-13,North-West,District5,0,0,0,0.0,2.54,20.2,53.2,2026-08-14 10:21:18
2026-06-13,North-West,District6,0,0,0,0.0,15.39,33.8,54.5,2026-08-14 10:21:18
2026-06-13,North-West,District7,0,3,0,0.0,16.46,27.1,87.1,2026-08-14 10:21:18
2026-06-13,North-West,District8,0,4,0,0.0,9.1,20.8,57.5,2026-08-14 10:21:18
2026-06-13,North-West,District9,0,4,0,0.0,8.43,26.2,56.7,2026-08-14 10:21:18
2026-06-13,North-West,District10,0,5,0,0.0,1.2,30.8,87.3,2026-08-14 10:21:18
2026-06-13,South,District1,0,0,0,0.0,7.49,31.4,69.2,2026-08-14 10:21:18
2026-06-13,South,District2,0,3,0,0.0,6.43,22.9,57.9,2026-08-14 10:21:18
2026-06-13,South,District3,0,1,0,0.0,7.53,31.3,68.8,2026-08-14 10:21:18
2026-06-13,South,District4,2,1,1,50.0,2.75,29.7,56.4,2026-08-14 10:21:18
2026-06-13,South,District5,0,1,0,0.0,7.78,23.9,83.5,2026-08-14 10:21:18
2026-06-13,South,District6,1,2,1,100.0,14.75,29.8,72.6,2026-08-14 10:21:18
2026-06-13,South,District7,0,4,0,0.0,14.89,23.9,63.5,2026-08-14 10:21:18
2026-06-13,South,District8,0,3,0,0.0,14.31,27.0,51.9,2026-08-14 10:21:18
2026-06-13,South,District9,0,1,0,0.0,6.5,24.1,71.5,2026-08-14 10:21:18
2026-06-13,South,District10,0,3,0,0.0,8.61,32.3,86.3,2026-08-14 10:21:18
2026-06-13,South-West,District1,2,0,1,50.0,8.86,24.4,86.2,2026-08-14 10:21:18
2026-06-13,South-West,District2,0,3,0,0.0,1.77,33.8,82.1,2026-08-14 10:21:18
2026-06-13,South-West,District3,0,4,0,0.0,17.55,21.2,79.1,2026-08-14 10:21:18
2026-06-13,South-West,District4,1,1,0,0.0,0.66,25.6,84.1,2026-08-14 10:21:18
2026-06-13,South-West,District5,0,5,0,0.0,6.42,28.4,74.7,2026-08-14 10:21:18
2026-06-13,South-West,District6,0,1,0,0.0,10.61,25.5,81.3,2026-08-14 10:21:18
2026-06-13,South-West,District7,2,3,1,50.0,6.75,30.8,53.9,2026-08-14 10:21:18
2026-06-13,South-West,District8,0,0,0,0.0,3.0,25.8,84.9,2026-08-14 10:21:18
2026-06-13,South-West,District9,0,3,0,0.0,13.5,29.0,80.3,2026-08-14 10:21:18
2026-06-13,South-West,District10,0,1,0,0.0,2.23,28.2,64.5,2026-08-14 10:21:18
2026-06-13,West,District1,0,4,0,0.0,2.59,27.2,89.4,2026-08-14 10:21:18
2026-06-13,West,District2,1,1,0,0.0,5.69,30.2,72.4,2026-08-14 10:21:18
2026-06-13,West,District3,0,4,0,0.0,0.72,25.8,53.8,2026-08-14 10:21:18
2026-06-13,West,District4,0,3,0,0.0,10.01,20.4,88.8,2026-08-14 10:21:18
2026-06-13,West,District5,0,2,0,0.0,14.91,24.2,70.3,2026-08-14 10:21:18
2026-06-13,West,District6,0,3,0,0.0,11.99,24.7,87.9,2026-08-14 10:21:18
2026-06-13,West,District7,0,0,0,0.0,1.36,33.3,77.6,2026-08-14 10:21:18
2026-06-13,West,District8,1,3,1,100.0,7.95,23.6,73.6,2026-08-14 10:21:18
2026-06-13,West,District9,0,4,0,0.0,4.31,23.9,84.6,2026-08-14 10:21:18
2026-06-13,West,District10,0,5,0,0.0,17.06,27.6,53.2,2026-08-14 10:21:18
2026-07-18,Adamawa,District1,2,2,1,50.0,15.49,24.7,65.6,2026-08-14 10:21:18
2026-07-18,Adamawa,District2,3,4,1,33.33,13.81,30.9,87.1,2026-08-14 10:21:18
2026-07-18,Adamawa,District3,2,1,0,0.0,12.63,24.6,71.3,2026-08-14 10:21:18
2026-07-18,Adamawa,District4,0,0,0,0.0,3.81,27.1,74.7,2026-08-14 10:21:18
2026-07-18,Adamawa,District5,0,3,0,0.0,14.71,25.4,58.9,2026-08-14 10:21:18
2026-07-18,Adamawa,District6,0,5,0,0.0,4.15,34.1,77.6,2026-08-14 10:21:18
2026-07-18,Adamawa,District7,0,2,0,0.0,10.29,32.3,64.4,2026-08-14 10:21:18
2026-07-18,Adamawa,District8,0,5,0,0.0,5.88,24.4,56.4,2026-08-14 10:21:18
2026-07-18,Adamawa,District9,0,5,0,0.0,19.75,26.0,62.2,2026-08-14 10:21:18
2026-07-18,Adamawa,District10,0,3,0,0.0,13.22,33.2,73.2,2026-08-14 10:21:18
2026-07-18,Centre,District1,0,2,0,0.0,4.73,20.5,64.3,2026-08-14 10:21:18
2026-07-18,Centre,District2,0,3,0,0.0,13.84,24.0,65.1,2026-08-14 10:21:18
2026-07-18,Centre,District3,0,3,0,0.0,4.33,28.4,77.4,2026-08-14 10:21:18
2026-07-18,Centre,District4,0,1,0,0.0,0.99,31.6,55.2,2026-08-14 10:21:18
2026-07-18,Centre,District5,0,0,0,0.0,11.34,28.6,84.0,2026-08-14 10:21:18
2026-07-18,Centre,District6,0,0,0,0.0,14.6,28.1,53.7,2026-08-14 10:21:18
2026-07-18,Centre,District7,0,0,0,0.0,4.17,28.7,85.7,2026-08-14 10:21:18
2026-07-18,Centre,District8,0,0,0,0.0,8.12,31.4,59.6,2026-08-14 10:21:18
2026-07-18,Centre,District9,0,3,0,0.0,19.03,31.1,70.9,2026-08-14 10:21:18
2026-07-18,Centre,District10,0,0,0,0.0,3.02,34.7,75.7,2026-08-14 10:21:18
2026-07-18,East,District1,0,3,0,0.0,11.55,22.4,75.4,2026-08-14 10:21:18
2026-07-18,East,District2,0,2,0,0.0,2.48,33.8,77.8,2026-08-14 10:21:18
2026-07-18,East,District3,1,3,1,100.0,15.42,23.5,54.4,2026-08-14 10:21:18
2026-07-18,East,District4,2,2,0,0.0,10.14,29.7,76.5,2026-08-14 10:21:18
2026-07-18,East,District5,1,5,0,0.0,1.77,33.3,71.6,2026-08-14 10:21:18
2026-07-18,East,District6,0,5,0,0.0,0.83,25.1,72.1,2026-08-14 10:21:18
2026-07-18,East,District7,0,0,0,0.0,17.52,20.2,75.3,2026-08-14 10:21:18
2026-07-18,East,District8,0,5,0,0.0,10.95,20.3,77.6,2026-08-14 10:21:18
2026-07-18,East,District9,0,0,0,0.0,2.62,26.4,54.6,2026-08-14 10:21:18
2026-07-18,East,District10,0,2,0,0.0,2.58,29.5,58.8,2026-08-14 10:21:18
2026-07-18,Far North,District1,2,5,0,0.0,14.64,30.0,80.9,2026-08-14 10:21:18
2026-07-18,Far North,District2,3,3,1,33.33,18.09,26.1,76.5,2026-08-14 10:21:18
2026-07-18,Far North,District3,0,3,0,0.0,19.29,30.3,72.1,2026-08-14 10:21:18
2026-07-18,Far North,District4,2,5,0,0.0,10.48,30.7,65.3,2026-08-14 10:21:18
2026-07-18,Far North,District5,0,4,0,0.0,8.0,28.8,88.3,2026-08-14 10:21:18
2026-07-18,Far North,District6,0,2,0,0.0,0.42,31.0,56.4,2026-08-14 10:21:18
2026-07-18,Far North,District7,1,0,0,0.0,15.74,33.4,80.0,2026-08-14 10:21:18
2026-07-18,Far North,District8,0,3,0,0.0,15.35,34.5,59.0,2026-08-14 10:21:18
2026-07-18,Far North,District9,0,5,0,0.0,1.33,33.6,88.2,2026-08-14 10:21:18
2026-07-18,Far North,District10,0,4,0,0.0,15.03,26.3,61.7,2026-08-14 10:21:18
2026-07-18,Littoral,District1,0,4,0,0.0,12.07,27.2,75.2,2026-08-14 10:21:18
2026-07-18,Littoral,District2,1,2,0,0.0,5.29,31.2,81.8,2026-08-14 10:21:18
2026-07-18,Littoral,District3,0,1,0,0.0,15.41,25.6,61.7,2026-08-14 10:21:18
2026-07-18,Littoral,District4,0,3,0,0.0,2.89,31.5,61.4,2026-08-14 10:21:18
2026-07-18,Littoral,District5,0,4,0,0.0,9.91,29.0,86.4,2026-08-14 10:21:18
2026-07-18,Littoral,District6,2,4,1,50.0,3.64,25.6,52.8,2026-08-14 10:21:18
2026-07-18,Littoral,District7,0,1,0,0.0,10.16,27.8,51.8,2026-08-14 10:21:18
2026-07-18,Littoral,District8,0,1,0,0.0,7.84,32.5,66.7,2026-08-14 10:21:18
2026-07-18,Littoral,District9,0,3,0,0.0,0.18,21.8,86.0,2026-08-14 10:21:18
2026-07-18,Littoral,District10,2,1,0,0.0,3.05,34.8,78.5,2026-08-14 10:21:18
2026-07-18,North,District1,2,1,1,50.0,10.81,29.4,89.2,2026-08-14 10:21:18
2026-07-18,North,District2,0,5,0,0.0,0.78,30.7,77.3,2026-08-14 10:21:18
2026-07-18,North,District3,0,5,0,0.0,13.68,34.9,83.3,2026-08-14 10:21:18
2026-07-18,North,District4,0,2,0,0.0,15.51,21.0,81.4,2026-08-14 10:21:18
2026-07-18,North,District5,2,2,0,0.0,2.17,30.8,63.2,2026-08-14 10:21:18
2026-07-18,North,District6,1,0,1,100.0,4.89,21.7,51.1,2026-08-14 10:21:18
2026-07-18,North,District7,0,5,0,0.0,17.96,31.9,79.8,2026-08-14 10:21:18
2026-07-18,North,District8,0,0,0,0.0,19.88,33.8,61.9,2026-08-14 10:21:18
2026-07-18,North,District9,0,5,0,0.0,13.38,21.5,83.2,2026-08-14 10:21:18
2026-07-18,North,District10,0,2,0,0.0,12.13,24.0,74.5,2026-08-14 10:21:18
2026-07-18,North-West,District1,0,0,0,0.0,2.59,30.6,81.1,2026-08-14 10:21:18
2026-07-18,North-West,District2,0,5,0,0.0,6.22,30.8,82.0,2026-08-14 10:21:18
2026-07-18,North-West,District3,0,1,0,0.0,16.59,29.3,57.5,2026-08-14 10:21:18
2026-07-18,North-West,District4,1,4,0,0.0,12.78,34.7,55.3,2026-08-14 10:21:18
2026-07-18,North-West,District5,1,3,1,100.0,17.1,23.0,65.7,2026-08-14 10:21:18
2026-07-18,North-West,District6,0,0,0,0.0,13.55,23.3,58.5,2026-08-14 10:21:18
2026-07-18,North-West,District7,0,0,0,0.0,8.8,34.5,80.8,2026-08-14 10:21:18
2026-07-18,North-West,District8,0,5,0,0.0,9.75,22.0,50.7,2026-08-14 10:21:18
2026-07-18,North-West,District9,0,2,0,0.0,1.83,33.1,57.5,2026-08-14 10:21:18
2026-07-18,North-West,District10,0,0,0,0.0,2.81,29.8,51.2,2026-08-14 10:21:18
2026-07-18,South,District1,0,2,0,0.0,0.37,20.3,60.9,2026-08-14 10:21:18
2026-07-18,South,District2,0,0,0,0.0,2.73,27.5,51.7,2026-08-14 10:21:18
2026-07-18,South,District3,1,2,1,100.0,12.94,23.8,77.0,2026-08-14 10:21:18
2026-07-18,South,District4,0,5,0,0.0,19.78,33.4,75.3,2026-08-14 10:21:18
2026-07-18,South,District5,0,3,0,0.0,17.55,21.0,74.9,2026-08-14 10:21:18
2026-07-18,South,District6,1,3,1,100.0,9.01,24.7,84.2,2026-08-14 10:21:18
2026-07-18,South,District7,0,1,0,0.0,5.21,21.6,59.7,2026-08-14 10:21:18
2026-07-18,South,District8,2,0,0,0.0,15.29,32.2,76.6,2026-08-14 10:21:18
2026-07-18,South,District9,0,3,0,0.0,1.28,28.3,54.8,2026-08-14 10:21:18
2026-07-18,South,District10,0,4,0,0.0,2.33,25.3,75.7,2026-08-14 10:21:18
2026-07-18,South-West,District1,0,2,0,0.0,12.56,25.0,72.2,2026-08-14 10:21:18
2026-07-18,South-West,District2,2,3,0,0.0,19.13,28.2,68.7,2026-08-14 10:21:18
2026-07-18,South-West,District3,3,2,1,33.33,19.16,23.8,75.2,2026-08-14 10:21:18
2026-07-18,South-West,District4,0,3,0,0.0,12.14,23.3,71.3,2026-08-14 10:21:18
2026-07-18,South-West,District5,2,0,1,50.0,18.76,23.2,70.7,2026-08-14 10:21:18
2026-07-18,South-West,District6,0,4,0,0.0,16.01,25.5,80.8,2026-08-14 10:21:18
2026-07-18,South-West,District7,0,2,0,0.0,1.01,29.4,78.6,2026-08-14 10:21:18
2026-07-18,South-West,District8,0,1,0,0.0,13.79,30.4,73.2,2026-08-14 10:21:18
2026-07-18,South-West,District9,0,4,0,0.0,1.01,25.3,60.3,2026-08-14 10:21:18
2026-07-18,South-West,District10,1,0,0,0.0,3.22,31.9,71.6,2026-08-14 10:21:18
2026-07-18,West,District1,0,4,0,0.0,10.52,26.4,59.6,2026-08-14 10:21:18
2026-07-18,West,District2,0,2,0,0.0,10.0,30.7,85.9,2026-08-14 10:21:18
2026-07-18,West,District3,0,4,0,0.0,16.2,28.0,64.9,2026-08-14 10:21:18
2026-07-18,West,District4,1,1,1,100.0,14.02,26.8,51.1,2026-08-14 10:21:18
2026-07-18,West,District5,0,1,0,0.0,4.22,33.9,64.1,2026-08-14 10:21:18
2026-07-18,West,District6,0,3,0,0.0,8.52,30.8,88.6,2026-08-14 10:21:18
2026-07-18,West,District7,0,5,0,0.0,0.08,20.1,81.7,2026-08-14 10:21:18
2026-07-18,West,District8,0,3,0,0.0,13.99,26.5,68.4,2026-08-14 10:21:18
2026-07-18,West,District9,2,1,1,50.0,2.34,33.3,68.0,2026-08-14 10:21:18
2026-07-18,West,District10,0,4,0,0.0,19.46,33.1,75.4,2026-08-14 10:21:18
2026-07-20,Adamawa,District1,0,0,0,0.0,4.51,25.4,88.7,2026-08-14 10:21:18
2026-07-20,Adamawa,District2,0,0,0,0.0,10.85,23.1,72.4,2026-08-14 10:21:18
2026-07-20,Adamawa,District3,0,4,0,0.0,11.32,20.7,86.2,2026-08-14 10:21:18
2026-07-20,Adamawa,District4,2,3,0,0.0,7.93,29.2,62.5,2026-08-14 10:21:18
2026-07-20,Adamawa,District5,0,2,0,0.0,12.71,33.2,56.8,2026-08-14 10:21:18
2026-07-20,Adamawa,District6,0,1,0,0.0,8.12,23.8,78.6,2026-08-14 10:21:18
2026-07-20,Adamawa,District7,0,3,0,0.0,7.6,31.9,65.0,2026-08-14 10:21:18
2026-07-20,Adamawa,District8,0,5,0,0.0,17.06,23.9,54.2,2026-08-14 10:21:18
2026-07-20,Adamawa,District9,0,3,0,0.0,8.53,20.3,87.0,2026-08-14 10:21:18
2026-07-20,Adamawa,District10,0,1,0,0.0,0.49,31.2,60.0,2026-08-14 10:21:18
2026-07-20,Centre,District1,0,3,0,0.0,5.98,32.9,64.8,2026-08-14 10:21:18
2026-07-20,Centre,District2,0,2,0,0.0,18.31,29.7,76.0,2026-08-14 10:21:18
2026-07-20,Centre,District3,1,1,1,100.0,13.51,25.5,55.9,2026-08-14 10:21:18
2026-07-20,Centre,District4,1,0,1,100.0,15.1,34.7,66.1,2026-08-14 10:21:18
2026-07-20,Centre,District5,0,3,0,0.0,16.27,22.9,81.8,2026-08-14 10:21:18
2026-07-20,Centre,District6,0,5,0,0.0,13.52,32.2,71.9,2026-08-14 10:21:18
2026-07-20,Centre,District7,0,2,0,0.0,2.21,22.3,50.3,2026-08-14 10:21:18
2026-07-20,Centre,District8,0,0,0,0.0,17.97,28.0,51.0,2026-08-14 10:21:18
2026-07-20,Centre,District9,0,5,0,0.0,1.65,20.5,77.0,2026-08-14 10:21:18
2026-07-20,Centre,District10,0,1,0,0.0,5.57,27.8,78.3,2026-08-14 10:21:18
2026-07-20,East,District1,0,2,0,0.0,0.02,22.6,82.3,2026-08-14 10:21:18
2026-07-20,East,District2,0,3,0,0.0,17.08,29.9,61.9,2026-08-14 10:21:18
2026-07-20,East,District3,0,0,0,0.0,17.87,31.5,54.6,2026-08-14 10:21:18
2026-07-20,East,District4,2,5,1,50.0,6.9,23.9,59.0,2026-08-14 10:21:18
2026-07-20,East,District5,0,4,0,0.0,1.21,22.7,63.9,2026-08-14 10:21:18
2026-07-20,East,District6,1,4,0,0.0,9.46,30.7,80.8,2026-08-14 10:21:18
2026-07-20,East,District7,0,4,0,0.0,12.91,34.0,83.1,2026-08-14 10:21:18
2026-07-20,East,District8,0,1,0,0.0,16.38,27.0,57.6,2026-08-14 10:21:18
2026-07-20,East,District9,3,3,0,0.0,5.47,34.4,67.3,2026-08-14 10:21:18
2026-07-20,East,District10,0,3,0,0.0,11.33,23.7,69.3,2026-08-14 10:21:18
2026-07-20,Far North,District1,0,3,0,0.0,19.09,23.8,64.6,2026-08-14 10:21:18
2026-07-20,Far North,District2,3,5,0,0.0,4.07,31.0,55.2,2026-08-14 10:21:18
2026-07-20,Far North,District3,0,1,0,0.0,12.4,22.5,54.9,2026-08-14 10:21:18
2026-07-20,Far North,District4,0,0,0,0.0,0.64,32.5,79.4,2026-08-14 10:21:18
2026-07-20,Far North,District5,0,5,0,0.0,4.17,30.2,78.0,2026-08-14 10:21:18
2026-07-20,Far North,District6,0,2,0,0.0,8.85,32.9,66.6,2026-08-14 10:21:18
2026-07-20,Far North,District7,1,4,0,0.0,9.2,29.7,67.7,2026-08-14 10:21:18
2026-07-20,Far North,District8,0,5,0,0.0,8.07,30.3,87.6,2026-08-14 10:21:18
2026-07-20,Far North,District9,2,0,0,0.0,7.61,23.7,70.2,2026-08-14 10:21:18
2026-07-20,Far North,District10,3,3,0,0.0,3.55,29.2,66.4,2026-08-14 10:21:18
2026-07-20,Littoral,District1,0,0,0,0.0,6.93,23.3,86.1,2026-08-14 10:21:18
2026-07-20,Littoral,District2,0,0,0,0.0,15.08,33.3,61.9,2026-08-14 10:21:18
2026-07-20,Littoral,District3,0,3,0,0.0,3.53,25.8,59.7,2026-08-14 10:21:18
2026-07-20,Littoral,District4,1,2,0,0.0,5.99,26.9,72.4,2026-08-14 10:21:18
2026-07-20,Littoral,District5,0,3,0,0.0,18.32,23.1,57.4,2026-08-14 10:21:18
2026-07-20,Littoral,District6,0,0,0,0.0,19.19,27.2,79.1,2026-08-14 10:21:18
2026-07-20,Littoral,District7,1,1,1,100.0,13.51,29.6,50.0,2026-08-14 10:21:18
2026-07-20,Littoral,District8,0,3,0,0.0,19.14,30.4,58.4,2026-08-14 10:21:18
2026-07-20,Littoral,District9,0,2,0,0.0,10.47,28.1,81.2,2026-08-14 10:21:18
2026-07-20,Littoral,District10,0,1,0,0.0,2.86,22.7,58.0,2026-08-14 10:21:18
2026-07-20,North,District1,1,2,0,0.0,15.63,26.4,60.4,2026-08-14 10:21:18
2026-07-20,North,District2,0,5,0,0.0,11.06,33.1,86.0,2026-08-14 10:21:18
2026-07-20,North,District3,0,5,0,0.0,19.64,22.2,71.2,2026-08-14 10:21:18
2026-07-20,North,District4,0,3,0,0.0,18.34,25.5,80.6,2026-08-14 10:21:18
2026-07-20,North,District5,0,4,0,0.0,3.05,26.2,79.7,2026-08-14 10:21:18
2026-07-20,North,District6,0,5,0,0.0,18.29,25.0,75.1,2026-08-14 10:21:18
2026-07-20,North,District7,0,3,0,0.0,17.41,28.5,60.5,2026-08-14 10:21:18
2026-07-20,North,District8,0,5,0,0.0,4.64,28.3,77.5,2026-08-14 10:21:18
2026-07-20,North,District9,0,2,0,0.0,18.05,28.7,58.8,2026-08-14 10:21:18
2026-07-20,North,District10,0,5,0,0.0,10.75,22.4,63.7,2026-08-14 10:21:18
2026-07-20,North-West,District1,0,5,0,0.0,12.01,28.2,86.3,2026-08-14 10:21:18
2026-07-20,North-West,District2,3,1,1,33.33,14.6,24.8,81.2,2026-08-14 10:21:18
2026-07-20,North-West,District3,1,1,1,100.0,7.19,21.8,63.1,2026-08-14 10:21:18
2026-07-20,North-West,District4,0,5,0,0.0,1.36,25.5,62.1,2026-08-14 10:21:18
2026-07-20,North-West,District5,2,2,0,0.0,4.47,27.3,84.7,2026-08-14 10:21:18
2026-07-20,North-West,District6,0,2,0,0.0,19.35,21.0,82.9,2026-08-14 10:21:18
2026-07-20,North-West,District7,0,0,0,0.0,9.95,30.5,85.8,2026-08-14 10:21:18
2026-07-20,North-West,District8,2,1,0,0.0,7.1,31.2,85.9,2026-08-14 10:21:18
2026-07-20,North-West,District9,0,3,0,0.0,3.26,34.0,67.3,2026-08-14 10:21:18
2026-07-20,North-West,District10,0,4,0,0.0,14.9,25.5,71.9,2026-08-14 10:21:18
2026-07-20,South,District1,0,1,0,0.0,14.19,21.4,66.9,2026-08-14 10:21:18
2026-07-20,South,District2,1,0,0,0.0,2.47,24.8,55.3,2026-08-14 10:21:18
2026-07-20,South,District3,1,3,0,0.0,10.33,25.3,80.1,2026-08-14 10:21:18
2026-07-20,South,District4,2,5,1,50.0,9.33,28.3,54.7,2026-08-14 10:21:18
2026-07-20,South,District5,0,3,0,0.0,4.81,27.8,53.1,2026-08-14 10:21:18
2026-07-20,South,District6,0,0,0,0.0,8.59,29.3,75.1,2026-08-14 10:21:18
2026-07-20,South,District7,0,0,0,0.0,6.33,20.8,63.3,2026-08-14 10:21:18
2026-07-20,South,District8,0,4,0,0.0,17.63,32.6,75.0,2026-08-14 10:21:18
2026-07-20,South,District9,0,0,0,0.0,6.31,26.7,56.0,2026-08-14 10:21:18
2026-07-20,South,District10,0,2,0,0.0,8.84,33.1,72.8,2026-08-14 10:21:18
2026-07-20,South-West,District1,0,3,0,0.0,4.68,23.0,78.2,2026-08-14 10:21:18
2026-07-20,South-West,District2,0,3,0,0.0,8.6,20.3,58.0,2026-08-14 10:21:18
2026-07-20,South-West,District3,2,0,1,50.0,13.82,29.8,59.0,2026-08-14 10:21:18
2026-07-20,South-West,District4,2,0,1,50.0,6.34,31.2,70.7,2026-08-14 10:21:18
2026-07-20,South-West,District5,0,2,0,0.0,19.36,26.9,55.6,2026-08-14 10:21:18
2026-07-20,South-West,District6,0,1,0,0.0,12.17,33.4,51.7,2026-08-14 10:21:18
2026-07-20,South-West,District7,0,3,0,0.0,16.38,28.2,70.7,2026-08-14 10:21:18
2026-07-20,South-West,District8,0,4,0,0.0,19.75,31.2,66.3,2026-08-14 10:21:18
2026-07-20,South-West,District9,0,3,0,0.0,14.89,28.6,73.9,2026-08-14 10:21:18
2026-07-20,South-West,District10,0,2,0,0.0,5.1,20.1,68.9,2026-08-14 10:21:18
2026-07-20,West,District1,0,0,0,0.0,8.48,32.3,82.1,2026-08-14 10:21:18
2026-07-20,West,District2,2,4,0,0.0,0.56,31.5,82.3,2026-08-14 10:21:18
2026-07-20,West,District3,0,2,0,0.0,16.47,20.6,65.0,2026-08-14 10:21:18
2026-07-20,West,District4,0,3,0,0.0,18.39,28.4,83.0,2026-08-14 10:21:18
2026-07-20,West,District5,2,4,1,50.0,15.23,32.3,75.7,2026-08-14 10:21:18
2026-07-20,West,District6,2,2,1,50.0,15.27,20.7,50.4,2026-08-14 10:21:18
2026-07-20,West,District7,1,3,1,100.0,16.23,26.6,79.5,2026-08-14 10:21:18
2026-07-20,West,District8,0,1,0,0.0,12.81,21.2,54.3,2026-08-14 10:21:18
2026-07-20,West,District9,0,2,0,0.0,2.59,27.1,72.1,2026-08-14 10:21:18
2026-07-20,West,District10,0,0,0,0.0,18.09,24.8,68.5,2026-08-14 10:21:18
2026-07-23,Adamawa,District1,0,3,0,0.0,14.05,20.5,70.7,2026-08-14 10:21:18
2026-07-23,Adamawa,District2,0,3,0,0.0,15.62,29.5,56.1,2026-08-14 10:21:18
2026-07-23,Adamawa,District3,1,1,0,0.0,4.74,33.2,71.2,2026-08-14 10:21:18
2026-07-23,Adamawa,District4,2,4,1,50.0,11.88,20.9,65.4,2026-08-14 10:21:18
2026-07-23,Adamawa,District5,0,3,0,0.0,0.41,20.1,59.3,2026-08-14 10:21:18
2026-07-23,Adamawa,District6,0,3,0,0.0,17.21,32.7,60.2,2026-08-14 10:21:18
2026-07-23,Adamawa,District7,0,1,0,0.0,2.59,29.5,58.7,2026-08-14 10:21:18
2026-07-23,Adamawa,District8,3,3,1,33.33,10.9,32.0,52.2,2026-08-14 10:21:18
2026-07-23,Adamawa,District9,2,1,0,0.0,10.8,20.4,50.0,2026-08-14 10:21:18
2026-07-23,Adamawa,District10,2,3,1,50.0,9.51,26.6,81.5,2026-08-14 10:21:18
2026-07-23,Centre,District1,0,3,0,0.0,16.2,29.7,60.3,2026-08-14 10:21:18
2026-07-23,Centre,District2,1,2,1,100.0,12.29,32.4,62.5,2026-08-14 10:21:18
2026-07-23,Centre,District3,0,2,0,0.0,7.45,22.9,87.5,2026-08-14 10:21:18
2026-07-23,Centre,District4,1,2,0,0.0,19.55,20.9,66.9,2026-08-14 10:21:18
2026-07-23,Centre,District5,2,5,1,50.0,13.18,26.7,53.5,2026-08-14 10:21:18
2026-07-23,Centre,District6,3,5,0,0.0,8.74,28.9,72.3,2026-08-14 10:21:18
2026-07-23,Centre,District7,0,1,0,0.0,19.4,26.2,89.8,2026-08-14 10:21:18
2026-07-23,Centre,District8,3,2,1,33.33,13.96,32.4,79.4,2026-08-14 10:21:18
2026-07-23,Centre,District9,2,2,0,0.0,2.46,34.4,69.5,2026-08-14 10:21:18
2026-07-23,Centre,District10,1,3,0,0.0,0.05,24.5,52.4,2026-08-14 10:21:18
2026-07-23,East,District1,2,0,1,50.0,8.04,27.2,59.4,2026-08-14 10:21:18
2026-07-23,East,District2,0,5,0,0.0,2.27,30.6,76.0,2026-08-14 10:21:18
2026-07-23,East,District3,0,5,0,0.0,6.3,25.3,76.3,2026-08-14 10:21:18
2026-07-23,East,District4,2,3,0,0.0,4.19,28.7,87.7,2026-08-14 10:21:18
2026-07-23,East,District5,0,4,0,0.0,11.25,30.4,60.1,2026-08-14 10:21:18
2026-07-23,East,District6,0,1,0,0.0,14.9,25.8,78.2,2026-08-14 10:21:18
2026-07-23,East,District7,0,1,0,0.0,2.72,21.0,55.5,2026-08-14 10:21:18
2026-07-23,East,District8,0,3,0,0.0,18.91,28.7,85.5,2026-08-14 10:21:18
2026-07-23,East,District9,0,2,0,0.0,8.95,21.6,63.8,2026-08-14 10:21:18
2026-07-23,East,District10,0,4,0,0.0,9.51,34.8,69.4,2026-08-14 10:21:18
2026-07-23,Far North,District1,0,0,0,0.0,3.39,22.2,60.9,2026-08-14 10:21:18
2026-07-23,Far North,District2,1,0,0,0.0,1.1,30.9,83.8,2026-08-14 10:21:18
2026-07-23,Far North,District3,0,3,0,0.0,16.81,26.2,54.9,2026-08-14 10:21:18
2026-07-23,Far North,District4,0,0,0,0.0,1.88,25.8,53.6,2026-08-14 10:21:18
2026-07-23,Far North,District5,2,3,0,0.0,16.29,31.1,59.2,2026-08-14 10:21:18
2026-07-23,Far North,District6,0,1,0,0.0,4.0,21.8,86.3,2026-08-14 10:21:18
2026-07-23,Far North,District7,0,2,0,0.0,18.08,24.4,85.4,2026-08-14 10:21:18
2026-07-23,Far North,District8,2,0,1,50.0,7.45,22.0,88.9,2026-08-14 10:21:18
2026-07-23,Far North,District9,0,4,0,0.0,4.98,22.7,54.5,2026-08-14 10:21:18
2026-07-23,Far North,District10,0,0,0,0.0,1.46,31.3,60.1,2026-08-14 10:21:18
2026-07-23,Littoral,District1,0,4,0,0.0,19.86,32.6,76.0,2026-08-14 10:21:18
2026-07-23,Littoral,District2,1,0,0,0.0,12.61,20.1,78.4,2026-08-14 10:21:18
2026-07-23,Littoral,District3,0,3,0,0.0,14.42,27.0,63.2,2026-08-14 10:21:18
2026-07-23,Littoral,District4,0,5,0,0.0,7.92,33.9,80.9,2026-08-14 10:21:18
2026-07-23,Littoral,District5,0,5,0,0.0,5.88,21.6,77.2,2026-08-14 10:21:18
2026-07-23,Littoral,District6,0,0,0,0.0,19.28,28.5,71.2,2026-08-14 10:21:18
2026-07-23,Littoral,District7,0,1,0,0.0,15.6,20.2,55.1,2026-08-14 10:21:18
2026-07-23,Littoral,District8,0,2,0,0.0,13.41,28.4,50.6,2026-08-14 10:21:18
2026-07-23,Littoral,District9,1,4,0,0.0,2.42,23.3,65.3,2026-08-14 10:21:18
2026-07-23,Littoral,District10,0,5,0,0.0,5.47,26.0,50.6,2026-08-14 10:21:18
2026-07-23,North,District1,0,1,0,0.0,2.8,31.6,69.5,2026-08-14 10:21:18
2026-07-23,North,District2,0,4,0,0.0,17.94,32.9,54.9,2026-08-14 10:21:18
2026-07-23,North,District3,0,1,0,0.0,7.6,26.7,58.6,2026-08-14 10:21:18
2026-07-23,North,District4,0,3,0,0.0,12.59,22.8,61.0,2026-08-14 10:21:18
2026-07-23,North,District5,0,5,0,0.0,1.41,31.1,62.1,2026-08-14 10:21:18
2026-07-23,North,District6,0,2,0,0.0,19.31,21.1,77.6,2026-08-14 10:21:18
2026-07-23,North,District7,0,5,0,0.0,10.56,29.0,72.6,2026-08-14 10:21:18
2026-07-23,North,District8,0,2,0,0.0,4.83,21.8,70.2,2026-08-14 10:21:18
2026-07-23,North,District9,0,5,0,0.0,7.51,25.3,68.2,2026-08-14 10:21:18
2026-07-23,North,District10,0,5,0,0.0,11.41,32.8,89.1,2026-08-14 10:21:18
2026-07-23,North-West,District1,0,0,0,0.0,7.02,34.8,75.1,2026-08-14 10:21:18
2026-07-23,North-West,District2,0,3,0,0.0,11.63,29.0,88.3,2026-08-14 10:21:18
2026-07-23,North-West,District3,0,5,0,0.0,17.53,29.0,62.4,2026-08-14 10:21:18
2026-07-23,North-West,District4,3,2,0,0.0,9.03,27.7,65.8,2026-08-14 10:21:18
2026-07-23,North-West,District5,1,1,0,0.0,2.16,20.1,62.5,2026-08-14 10:21:18
2026-07-23,North-West,District6,0,0,0,0.0,18.47,32.6,75.8,2026-08-14 10:21:18
2026-07-23,North-West,District7,0,4,0,0.0,7.64,34.7,75.7,2026-08-14 10:21:18
2026-07-23,North-West,District8,0,2,0,0.0,14.9,23.1,60.8,2026-08-14 10:21:18
2026-07-23,North-West,District9,2,2,1,50.0,15.29,28.4,51.9,2026-08-14 10:21:18
2026-07-23,North-West,District10,2,0,1,50.0,18.69,22.0,60.2,2026-08-14 10:21:18
2026-07-23,South,District1,3,1,1,33.33,2.09,31.5,79.5,2026-08-14 10:21:18
2026-07-23,South,District2,0,2,0,0.0,10.4,26.2,58.0,2026-08-14 10:21:18
2026-07-23,South,District3,2,0,0,0.0,1.93,24.4,53.4,2026-08-14 10:21:18
2026-07-23,South,District4,1,4,1,100.0,16.93,21.2,74.1,2026-08-14 10:21:18
2026-07-23,South,District5,0,4,0,0.0,0.51,32.1,58.5,2026-08-14 10:21:18
2026-07-23,South,District6,0,0,0,0.0,7.29,30.0,77.5,2026-08-14 10:21:18
2026-07-23,South,District7,0,2,0,0.0,9.77,25.3,84.7,2026-08-14 10:21:18
2026-07-23,South,District8,0,2,0,0.0,17.76,26.1,85.3,2026-08-14 10:21:18
2026-07-23,South,District9,1,0,0,0.0,7.38,33.7,74.5,2026-08-14 10:21:18
2026-07-23,South,District10,3,2,0,0.0,1.56,30.2,66.2,2026-08-14 10:21:18
2026-07-23,South-West,District1,0,4,0,0.0,12.17,21.0,56.7,2026-08-14 10:21:18
2026-07-23,South-West,District2,0,4,0,0.0,12.13,29.0,56.6,2026-08-14 10:21:18
2026-07-23,South-West,District3,0,3,0,0.0,6.34,31.4,88.7,2026-08-14 10:21:18
2026-07-23,South-West,District4,0,1,0,0.0,14.69,25.1,84.7,2026-08-14 10:21:18
2026-07-23,South-West,District5,1,1,1,100.0,16.1,34.6,85.7,2026-08-14 10:21:18
2026-07-23,South-West,District6,0,1,0,0.0,9.43,31.9,87.1,2026-08-14 10:21:18
2026-07-23,South-West,District7,0,3,0,0.0,5.49,26.3,67.3,2026-08-14 10:21:18
2026-07-23,South-West,District8,2,4,0,0.0,16.88,34.6,72.4,2026-08-14 10:21:18
2026-07-23,South-West,District9,0,5,0,0.0,13.08,32.0,82.3,2026-08-14 10:21:18
2026-07-23,South-West,District10,0,2,0,0.0,3.69,22.5,64.8,2026-08-14 10:21:18
2026-07-23,West,District1,0,0,0,0.0,13.56,24.7,70.4,2026-08-14 10:21:18
2026-07-23,West,District2,0,2,0,0.0,17.93,30.1,50.4,2026-08-14 10:21:18
2026-07-23,West,District3,0,3,0,0.0,15.98,25.7,67.3,2026-08-14 10:21:18
2026-07-23,West,District4,0,2,0,0.0,6.59,32.0,61.0,2026-08-14 10:21:18
2026-07-23,West,District5,0,4,0,0.0,19.54,25.4,82.3,2026-08-14 10:21:18
2026-07-23,West,District6,0,0,0,0.0,2.04,26.0,50.5,2026-08-14 10:21:18
2026-07-23,West,District7,0,5,0,0.0,8.29,32.8,57.9,2026-08-14 10:21:18
2026-07-23,West,District8,0,3,0,0.0,13.15,21.8,62.3,2026-08-14 10:21:18
2026-07-23,West,District9,0,2,0,0.0,16.26,33.4,67.2,2026-08-14 10:21:18
2026-07-23,West,District10,0,3,0,0.0,2.84,21.7,72.0,2026-08-14 10:21:18
2026-07-24,Adamawa,District1,0,2,0,0.0,1.98,22.0,73.5,2026-08-14 10:21:18
2026-07-24,Adamawa,District2,2,1,1,50.0,17.98,29.0,56.6,2026-08-14 10:21:18
2026-07-24,Adamawa,District3,2,4,0,0.0,14.93,29.6,59.4,2026-08-14 10:21:18
2026-07-24,Adamawa,District4,0,1,0,0.0,17.77,26.5,81.6,2026-08-14 10:21:18
2026-07-24,Adamawa,District5,2,2,1,50.0,17.23,29.4,50.9,2026-08-14 10:21:18
2026-07-24,Adamawa,District6,2,3,1,50.0,18.0,25.0,53.0,2026-08-14 10:21:18
2026-07-24,Adamawa,District7,0,4,0,0.0,10.45,28.9,86.6,2026-08-14 10:21:18
2026-07-24,Adamawa,District8,0,1,0,0.0,19.47,23.7,65.5,2026-08-14 10:21:18
2026-07-24,Adamawa,District9,1,2,1,100.0,19.36,33.7,66.4,2026-08-14 10:21:18
2026-07-24,Adamawa,District10,0,5,0,0.0,17.95,25.2,65.7,2026-08-14 10:21:18
2026-07-24,Centre,District1,0,2,0,0.0,8.18,30.7,87.5,2026-08-14 10:21:18
2026-07-24,Centre,District2,0,5,0,0.0,11.13,27.7,82.1,2026-08-14 10:21:18
2026-07-24,Centre,District3,0,3,0,0.0,0.49,23.3,87.8,2026-08-14 10:21:18
2026-07-24,Centre,District4,3,1,1,33.33,9.44,27.3,58.1,2026-08-14 10:21:18
2026-07-24,Centre,District5,0,4,0,0.0,1.24,31.2,64.4,2026-08-14 10:21:18
2026-07-24,Centre,District6,0,1,0,0.0,9.24,33.6,61.0,2026-08-14 10:21:18
2026-07-24,Centre,District7,0,5,0,0.0,12.16,29.4,73.0,2026-08-14 10:21:18
2026-07-24,Centre,District8,0,4,0,0.0,0.33,34.8,63.4,2026-08-14 10:21:18
2026-07-24,Centre,District9,0,4,0,0.0,5.5,22.5,71.2,2026-08-14 10:21:18
2026-07-24,Centre,District10,0,5,0,0.0,0.08,20.1,57.6,2026-08-14 10:21:18
2026-07-24,East,District1,0,1,0,0.0,13.04,34.4,70.7,2026-08-14 10:21:18
2026-07-24,East,District2,0,4,0,0.0,5.53,28.4,77.6,2026-08-14 10:21:18
2026-07-24,East,District3,1,4,0,0.0,3.31,30.0,60.0,2026-08-14 10:21:18
2026-07-24,East,District4,0,1,0,0.0,3.18,27.9,56.6,2026-08-14 10:21:18
2026-07-24,East,District5,0,3,0,0.0,16.77,34.6,53.2,2026-08-14 10:21:18
2026-07-24,East,District6,0,5,0,0.0,1.78,27.8,54.0,2026-08-14 10:21:18
2026-07-24,East,District7,0,2,0,0.0,11.55,24.7,77.7,2026-08-14 10:21:18
2026-07-24,East,District8,0,3,0,0.0,5.57,26.3,67.1,2026-08-14 10:21:18
2026-07-24,East,District9,0,0,0,0.0,19.48,20.8,72.7,2026-08-14 10:21:18
2026-07-24,East,District10,3,2,0,0.0,17.62,28.0,65.5,2026-08-14 10:21:18
2026-07-24,Far North,District1,1,0,0,0.0,13.68,26.8,85.0,2026-08-14 10:21:18
2026-07-24,Far North,District2,0,5,0,0.0,6.12,33.5,62.7,2026-08-14 10:21:18
2026-07-24,Far North,District3,0,2,0,0.0,4.26,31.7,81.9,2026-08-14 10:21:18
2026-07-24,Far North,District4,0,3,0,0.0,15.68,28.9,85.8,2026-08-14 10:21:18
2026-07-24,Far North,District5,0,2,0,0.0,19.49,24.5,81.0,2026-08-14 10:21:18
2026-07-24,Far North,District6,2,3,1,50.0,8.85,29.5,76.6,2026-08-14 10:21:18
2026-07-24,Far North,District7,2,3,0,0.0,2.74,29.2,61.3,2026-08-14 10:21:18
2026-07-24,Far North,District8,0,3,0,0.0,12.3,34.0,75.1,2026-08-14 10:21:18
2026-07-24,Far North,District9,0,2,0,0.0,11.66,31.4,55.4,2026-08-14 10:21:18
2026-07-24,Far North,District10,0,5,0,0.0,13.96,20.8,60.7,2026-08-14 10:21:18
2026-07-24,Littoral,District1,0,2,0,0.0,6.59,22.0,89.8,2026-08-14 10:21:18
2026-07-24,Littoral,District2,3,3,0,0.0,13.49,31.6,55.5,2026-08-14 10:21:18
2026-07-24,Littoral,District3,1,5,1,100.0,12.24,24.8,85.8,2026-08-14 10:21:18
2026-07-24,Littoral,District4,0,0,0,0.0,4.26,24.6,70.6,2026-08-14 10:21:18
2026-07-24,Littoral,District5,1,2,1,100.0,11.47,27.4,86.9,2026-08-14 10:21:18
2026-07-24,Littoral,District6,0,1,0,0.0,1.48,32.5,78.9,2026-08-14 10:21:18
2026-07-24,Littoral,District7,0,1,0,0.0,10.6,30.6,61.4,2026-08-14 10:21:18
2026-07-24,Littoral,District8,0,0,0,0.0,4.68,32.2,70.9,2026-08-14 10:21:18
2026-07-24,Littoral,District9,0,1,0,0.0,7.03,20.9,69.6,2026-08-14 10:21:18
2026-07-24,Littoral,District10,0,1,0,0.0,0.1,29.4,85.6,2026-08-14 10:21:18
2026-07-24,North,District1,0,5,0,0.0,7.15,25.2,79.2,2026-08-14 10:21:18
2026-07-24,North,District2,1,4,1,100.0,4.54,31.9,81.3,2026-08-14 10:21:18
2026-07-24,North,District3,0,2,0,0.0,15.61,23.0,51.9,2026-08-14 10:21:18
2026-07-24,North,District4,0,4,0,0.0,6.12,28.4,58.0,2026-08-14 10:21:18
2026-07-24,North,District5,1,0,0,0.0,0.59,24.3,64.3,2026-08-14 10:21:18
2026-07-24,North,District6,0,2,0,0.0,18.97,31.0,67.6,2026-08-14 10:21:18
2026-07-24,North,District7,0,2,0,0.0,14.16,31.4,84.6,2026-08-14 10:21:18
2026-07-24,North,District8,1,3,1,100.0,16.4,32.7,61.5,2026-08-14 10:21:18
2026-07-24,North,District9,0,3,0,0.0,12.63,30.3,74.1,2026-08-14 10:21:18
2026-07-24,North,District10,2,1,0,0.0,12.5,35.0,61.5,2026-08-14 10:21:18
2026-07-24,North-West,District1,0,5,0,0.0,6.1,20.3,50.5,2026-08-14 10:21:18
2026-07-24,North-West,District2,0,5,0,0.0,3.4,32.3,76.1,2026-08-14 10:21:18
2026-07-24,North-West,District3,1,5,1,100.0,12.81,21.3,51.4,2026-08-14 10:21:18
2026-07-24,North-West,District4,0,3,0,0.0,4.46,20.8,70.7,2026-08-14 10:21:18
2026-07-24,North-West,District5,1,3,0,0.0,13.65,30.4,56.7,2026-08-14 10:21:18
2026-07-24,North-West,District6,0,0,0,0.0,5.8,22.1,85.2,2026-08-14 10:21:18
2026-07-24,North-West,District7,0,5,0,0.0,5.35,27.4,72.2,2026-08-14 10:21:18
2026-07-24,North-West,District8,1,0,0,0.0,16.34,31.6,66.3,2026-08-14 10:21:18
2026-07-24,North-West,District9,1,0,1,100.0,8.08,30.7,83.8,2026-08-14 10:21:18
2026-07-24,North-West,District10,0,3,0,0.0,4.69,32.8,84.6,2026-08-14 10:21:18
2026-07-24,South,District1,2,5,1,50.0,13.11,33.4,77.7,2026-08-14 10:21:18
2026-07-24,South,District2,1,5,1,100.0,12.19,27.5,65.1,2026-08-14 10:21:18
2026-07-24,South,District3,0,3,0,0.0,19.11,28.3,63.5,2026-08-14 10:21:18
2026-07-24,South,District4,0,4,0,0.0,8.32,21.1,81.6,2026-08-14 10:21:18
2026-07-24,South,District5,0,0,0,0.0,0.48,20.2,53.8,2026-08-14 10:21:18
2026-07-24,South,District6,2,3,0,0.0,14.03,23.5,75.9,2026-08-14 10:21:18
2026-07-24,South,District7,1,3,1,100.0,19.99,23.1,75.8,2026-08-14 10:21:18
2026-07-24,South,District8,0,5,0,0.0,10.93,29.4,66.8,2026-08-14 10:21:18
2026-07-24,South,District9,0,5,0,0.0,7.13,29.2,52.4,2026-08-14 10:21:18
2026-07-24,South,District10,1,4,1,100.0,10.11,27.2,59.8,2026-08-14 10:21:18
2026-07-24,South-West,District1,0,1,0,0.0,4.91,31.5,72.3,2026-08-14 10:21:18
2026-07-24,South-West,District2,1,0,1,100.0,5.2,22.6,59.4,2026-08-14 10:21:18
2026-07-24,South-West,District3,1,3,0,0.0,3.28,34.8,70.4,2026-08-14 10:21:18
2026-07-24,South-West,District4,0,1,0,0.0,0.68,32.8,61.9,2026-08-14 10:21:18
2026-07-24,South-West,District5,0,1,0,0.0,8.81,23.0,61.5,2026-08-14 10:21:18
2026-07-24,South-West,District6,0,3,0,0.0,19.85,22.4,78.7,2026-08-14 10:21:18
2026-07-24,South-West,District7,0,5,0,0.0,12.69,24.5,72.1,2026-08-14 10:21:18
2026-07-24,South-West,District8,1,2,0,0.0,5.26,30.6,56.5,2026-08-14 10:21:18
2026-07-24,South-West,District9,0,2,0,0.0,5.58,20.4,78.8,2026-08-14 10:21:18
2026-07-24,South-West,District10,0,0,0,0.0,2.28,30.3,66.7,2026-08-14 10:21:18
2026-07-24,West,District1,0,3,0,0.0,8.19,31.1,81.6,2026-08-14 10:21:18
2026-07-24,West,District2,2,0,0,0.0,17.07,27.1,74.5,2026-08-14 10:21:18
2026-07-24,West,District3,0,3,0,0.0,15.48,30.6,66.6,2026-08-14 10:21:18
2026-07-24,West,District4,0,2,0,0.0,4.68,25.0,52.1,2026-08-14 10:21:18
2026-07-24,West,District5,0,3,0,0.0,0.89,28.6,55.3,2026-08-14 10:21:18
2026-07-24,West,District6,0,0,0,0.0,15.42,29.6,72.3,2026-08-14 10:21:18
2026-07-24,West,District7,2,0,1,50.0,15.85,23.2,77.4,2026-08-14 10:21:18
2026-07-24,West,District8,1,2,0,0.0,18.41,29.3,80.7,2026-08-14 10:21:18
2026-07-24,West,District9,0,5,0,0.0,3.7,32.5,59.6,2026-08-14 10:21:18
2026-07-24,West,District10,2,5,1,50.0,3.26,32.5,53.8,2026-08-14 10:21:18
2026-08-17,Adamawa,District1,0,1,0,0.0,3.43,22.3,62.0,2026-08-14 10:21:18
2026-08-17,Adamawa,District2,0,3,0,0.0,2.24,33.4,87.3,2026-08-14 10:21:18
2026-08-17,Adamawa,District3,0,3,0,0.0,13.98,28.8,89.7,2026-08-14 10:21:18
2026-08-17,Adamawa,District4,0,0,0,0.0,9.25,23.0,73.9,2026-08-14 10:21:18
2026-08-17,Adamawa,District5,0,4,0,0.0,13.26,32.0,55.6,2026-08-14 10:21:18
2026-08-17,Adamawa,District6,1,0,0,0.0,2.11,27.9,86.4,2026-08-14 10:21:18
2026-08-17,Adamawa,District7,0,5,0,0.0,3.25,27.5,54.5,2026-08-14 10:21:18
2026-08-17,Adamawa,District8,0,1,0,0.0,9.94,28.4,59.7,2026-08-14 10:21:18
2026-08-17,Adamawa,District9,0,4,0,0.0,0.39,25.3,82.4,2026-08-14 10:21:18
2026-08-17,Adamawa,District10,3,0,1,33.33,4.15,23.0,68.1,2026-08-14 10:21:18
2026-08-17,Centre,District1,0,3,0,0.0,14.44,31.4,80.3,2026-08-14 10:21:18
2026-08-17,Centre,District2,0,4,0,0.0,4.69,24.3,63.2,2026-08-14 10:21:18
2026-08-17,Centre,District3,0,0,0,0.0,10.19,28.9,59.3,2026-08-14 10:21:18
2026-08-17,Centre,District4,0,3,0,0.0,12.54,27.1,71.0,2026-08-14 10:21:18
2026-08-17,Centre,District5,0,2,0,0.0,9.31,20.4,84.0,2026-08-14 10:21:18
2026-08-17,Centre,District6,2,1,0,0.0,0.67,28.1,82.0,2026-08-14 10:21:18
2026-08-17,Centre,District7,0,4,0,0.0,10.77,27.3,87.0,2026-08-14 10:21:18
2026-08-17,Centre,District8,0,3,0,0.0,17.62,26.9,88.0,2026-08-14 10:21:18
2026-08-17,Centre,District9,0,1,0,0.0,17.21,21.8,51.0,2026-08-14 10:21:18
2026-08-17,Centre,District10,0,4,0,0.0,10.54,34.3,50.2,2026-08-14 10:21:18
2026-08-17,East,District1,2,5,1,50.0,7.67,25.2,89.1,2026-08-14 10:21:18
2026-08-17,East,District2,0,4,0,0.0,3.27,29.8,80.9,2026-08-14 10:21:18
2026-08-17,East,District3,3,0,0,0.0,10.45,22.5,76.6,2026-08-14 10:21:18
2026-08-17,East,District4,0,2,0,0.0,16.36,26.1,87.2,2026-08-14 10:21:18
2026-08-17,East,District5,0,4,0,0.0,0.08,24.7,76.1,2026-08-14 10:21:18
2026-08-17,East,District6,0,1,0,0.0,13.35,30.6,62.3,2026-08-14 10:21:18
2026-08-17,East,District7,0,4,0,0.0,9.12,32.8,63.1,2026-08-14 10:21:18
2026-08-17,East,District8,0,5,0,0.0,0.44,24.7,70.0,2026-08-14 10:21:18
2026-08-17,East,District9,0,2,0,0.0,16.56,21.6,74.0,2026-08-14 10:21:18
2026-08-17,East,District10,0,5,0,0.0,2.81,33.2,61.7,2026-08-14 10:21:18
2026-08-17,Far North,District1,2,3,1,50.0,14.91,30.2,51.5,2026-08-14 10:21:18
2026-08-17,Far North,District2,0,5,0,0.0,19.06,26.3,72.1,2026-08-14 10:21:18
2026-08-17,Far North,District3,0,5,0,0.0,9.32,28.0,50.5,2026-08-14 10:21:18
2026-08-17,Far North,District4,0,4,0,0.0,9.21,33.6,80.8,2026-08-14 10:21:18
2026-08-17,Far North,District5,1,5,1,100.0,1.57,30.3,89.5,2026-08-14 10:21:18
2026-08-17,Far North,District6,0,3,0,0.0,7.95,31.2,85.2,2026-08-14 10:21:18
2026-08-17,Far North,District7,0,4,0,0.0,7.48,33.1,52.6,2026-08-14 10:21:18
2026-08-17,Far North,District8,0,1,0,0.0,1.42,33.7,60.6,2026-08-14 10:21:18
2026-08-17,Far North,District9,3,5,1,33.33,4.48,24.7,73.1,2026-08-14 10:21:18
2026-08-17,Far North,District10,0,0,0,0.0,0.85,22.6,88.0,2026-08-14 10:21:18
2026-08-17,Littoral,District1,0,3,0,0.0,11.69,34.2,60.9,2026-08-14 10:21:18
2026-08-17,Littoral,District2,0,0,0,0.0,1.25,23.8,83.6,2026-08-14 10:21:18
2026-08-17,Littoral,District3,2,5,0,0.0,4.77,26.3,72.1,2026-08-14 10:21:18
2026-08-17,Littoral,District4,2,2,0,0.0,4.69,32.3,50.8,2026-08-14 10:21:18
2026-08-17,Littoral,District5,0,4,0,0.0,17.09,30.7,70.3,2026-08-14 10:21:18
2026-08-17,Littoral,District6,1,1,0,0.0,19.86,29.1,62.2,2026-08-14 10:21:18
2026-08-17,Littoral,District7,0,0,0,0.0,17.87,21.0,65.9,2026-08-14 10:21:18
2026-08-17,Littoral,District8,2,5,0,0.0,2.71,24.9,64.7,2026-08-14 10:21:18
2026-08-17,Littoral,District9,0,1,0,0.0,8.14,31.9,80.4,2026-08-14 10:21:18
2026-08-17,Littoral,District10,0,2,0,0.0,1.19,29.8,58.4,2026-08-14 10:21:18
2026-08-17,North,District1,0,5,0,0.0,15.17,25.9,78.6,2026-08-14 10:21:18
2026-08-17,North,District2,0,2,0,0.0,6.42,28.7,59.3,2026-08-14 10:21:18
2026-08-17,North,District3,0,4,0,0.0,1.5,25.8,59.3,2026-08-14 10:21:18
2026-08-17,North,District4,0,3,0,0.0,1.25,23.7,89.4,2026-08-14 10:21:18
2026-08-17,North,District5,0,1,0,0.0,11.5,30.0,83.4,2026-08-14 10:21:18
2026-08-17,North,District6,2,3,1,50.0,1.2,32.1,58.6,2026-08-14 10:21:18
2026-08-17,North,District7,0,3,0,0.0,19.34,29.3,71.5,2026-08-14 10:21:18
2026-08-17,North,District8,0,2,0,0.0,15.75,30.5,61.8,2026-08-14 10:21:18
2026-08-17,North,District9,0,4,0,0.0,2.78,32.5,56.0,2026-08-14 10:21:18
2026-08-17,North,District10,0,0,0,0.0,1.26,26.6,63.6,2026-08-14 10:21:18
2026-08-17,North-West,District1,0,0,0,0.0,8.75,24.9,50.2,2026-08-14 10:21:18
2026-08-17,North-West,District2,0,4,0,0.0,5.08,22.7,62.0,2026-08-14 10:21:18
2026-08-17,North-West,District3,1,5,0,0.0,3.99,27.6,74.5,2026-08-14 10:21:18
2026-08-17,North-West,District4,1,5,0,0.0,18.86,22.4,63.1,2026-08-14 10:21:18
2026-08-17,North-West,District5,3,4,0,0.0,11.03,24.6,58.2,2026-08-14 10:21:18
2026-08-17,North-West,District6,0,4,0,0.0,14.28,26.7,79.7,2026-08-14 10:21:18
2026-08-17,North-West,District7,1,3,1,100.0,16.55,26.9,86.3,2026-08-14 10:21:18
2026-08-17,North-West,District8,2,3,0,0.0,3.18,34.2,74.5,2026-08-14 10:21:18
2026-08-17,North-West,District9,0,2,0,0.0,6.57,23.7,56.2,2026-08-14 10:21:18
2026-08-17,North-West,District10,1,1,0,0.0,11.15,24.0,88.0,2026-08-14 10:21:18
2026-08-17,South,District1,1,4,1,100.0,6.88,25.6,88.0,2026-08-14 10:21:18
2026-08-17,South,District2,0,4,0,0.0,11.75,25.4,60.8,2026-08-14 10:21:18
2026-08-17,South,District3,1,2,0,0.0,8.7,34.7,87.0,2026-08-14 10:21:18
2026-08-17,South,District4,1,5,1,100.0,15.46,23.9,55.6,2026-08-14 10:21:18
2026-08-17,South,District5,0,5,0,0.0,3.53,26.5,59.6,2026-08-14 10:21:18
2026-08-17,South,District6,0,2,0,0.0,12.45,29.5,54.3,2026-08-14 10:21:18
2026-08-17,South,District7,2,1,1,50.0,11.57,22.5,54.1,2026-08-14 10:21:18
2026-08-17,South,District8,0,1,0,0.0,13.26,23.4,61.8,2026-08-14 10:21:18
2026-08-17,South,District9,0,1,0,0.0,6.15,26.9,83.0,2026-08-14 10:21:18
2026-08-17,South,District10,3,2,0,0.0,17.31,30.6,57.9,2026-08-14 10:21:18
2026-08-17,South-West,District1,0,4,0,0.0,11.59,24.2,77.5,2026-08-14 10:21:18
2026-08-17,South-West,District2,0,0,0,0.0,17.94,33.8,83.9,2026-08-14 10:21:18
2026-08-17,South-West,District3,0,0,0,0.0,8.62,30.5,50.5,2026-08-14 10:21:18
2026-08-17,South-West,District4,0,1,0,0.0,15.65,25.6,72.9,2026-08-14 10:21:18
2026-08-17,South-West,District5,0,4,0,0.0,0.87,22.0,77.3,2026-08-14 10:21:18
2026-08-17,South-West,District6,0,2,0,0.0,13.89,25.2,51.4,2026-08-14 10:21:18
2026-08-17,South-West,District7,0,4,0,0.0,19.1,26.3,77.3,2026-08-14 10:21:18
2026-08-17,South-West,District8,0,4,0,0.0,5.22,27.4,67.6,2026-08-14 10:21:18
2026-08-17,South-West,District9,0,4,0,0.0,7.66,32.7,56.0,2026-08-14 10:21:18
2026-08-17,South-West,District10,3,4,0,0.0,5.85,22.0,70.3,2026-08-14 10:21:18
2026-08-17,West,District1,0,1,0,0.0,2.06,32.9,79.7,2026-08-14 10:21:18
2026-08-17,West,District2,3,1,1,33.33,1.05,33.5,65.3,2026-08-14 10:21:18
2026-08-17,West,District3,0,5,0,0.0,15.84,31.6,80.6,2026-08-14 10:21:18
2026-08-17,West,District4,0,1,0,0.0,10.97,34.7,81.1,2026-08-14 10:21:18
2026-08-17,West,District5,1,0,1,100.0,17.93,29.3,81.6,2026-08-14 10:21:18
2026-08-17,West,District6,0,2,0,0.0,12.67,27.6,54.6,2026-08-14 10:21:18
2026-08-17,West,District7,2,2,0,0.0,7.65,23.1,64.8,2026-08-14 10:21:18
2026-08-17,West,District8,0,1,0,0.0,4.83,27.3,59.8,2026-08-14 10:21:18
2026-08-17,West,District9,0,5,0,0.0,0.84,33.9,64.6,2026-08-14 10:21:18
2026-08-17,West,District10,0,1,0,0.0,15.12,26.1,86.3,2026-08-14 10:21:18
2026-08-16,Adamawa,District1,2,3,1,50.0,12.66,23.2,80.5,2026-08-14 10:21:18
2026-08-16,Adamawa,District2,0,0,0,0.0,8.34,34.1,74.3,2026-08-14 10:21:18
2026-08-16,Adamawa,District3,0,5,0,0.0,2.94,25.4,54.2,2026-08-14 10:21:18
2026-08-16,Adamawa,District4,1,2,0,0.0,13.94,30.3,55.2,2026-08-14 10:21:18
2026-08-16,Adamawa,District5,0,3,0,0.0,3.71,31.4,83.6,2026-08-14 10:21:18
2026-08-16,Adamawa,District6,0,5,0,0.0,1.9,29.2,51.3,2026-08-14 10:21:18
2026-08-16,Adamawa,District7,0,4,0,0.0,12.97,22.5,81.7,2026-08-14 10:21:18
2026-08-16,Adamawa,District8,0,1,0,0.0,2.07,29.6,76.8,2026-08-14 10:21:18
2026-08-16,Adamawa,District9,0,1,0,0.0,19.9,26.3,58.9,2026-08-14 10:21:18
2026-08-16,Adamawa,District10,0,3,0,0.0,13.71,27.1,58.7,2026-08-14 10:21:18
2026-08-16,Centre,District1,2,2,1,50.0,0.38,32.7,82.7,2026-08-14 10:21:18
2026-08-16,Centre,District2,0,3,0,0.0,19.49,34.4,83.7,2026-08-14 10:21:18
2026-08-16,Centre,District3,1,0,0,0.0,11.9,31.3,79.5,2026-08-14 10:21:18
2026-08-16,Centre,District4,0,1,0,0.0,4.81,32.2,51.7,2026-08-14 10:21:18
2026-08-16,Centre,District5,0,4,0,0.0,19.88,28.6,68.0,2026-08-14 10:21:18
2026-08-16,Centre,District6,1,0,0,0.0,15.74,25.6,78.7,2026-08-14 10:21:18
2026-08-16,Centre,District7,0,5,0,0.0,5.24,28.0,52.9,2026-08-14 10:21:18
2026-08-16,Centre,District8,0,1,0,0.0,10.03,27.8,58.6,2026-08-14 10:21:18
2026-08-16,Centre,District9,0,3,0,0.0,4.18,23.2,71.9,2026-08-14 10:21:18
2026-08-16,Centre,District10,0,2,0,0.0,0.22,34.5,60.1,2026-08-14 10:21:18
2026-08-16,East,District1,3,1,1,33.33,13.49,22.9,53.7,2026-08-14 10:21:18
2026-08-16,East,District2,0,2,0,0.0,8.69,25.1,64.5,2026-08-14 10:21:18
2026-08-16,East,District3,0,3,0,0.0,9.25,30.2,73.5,2026-08-14 10:21:18
2026-08-16,East,District4,0,0,0,0.0,16.05,25.0,67.9,2026-08-14 10:21:18
2026-08-16,East,District5,0,1,0,0.0,9.16,32.1,55.4,2026-08-14 10:21:18
2026-08-16,East,District6,0,4,0,0.0,0.53,30.6,82.4,2026-08-14 10:21:18
2026-08-16,East,District7,1,0,1,100.0,15.19,34.9,89.5,2026-08-14 10:21:18
2026-08-16,East,District8,2,0,1,50.0,4.79,22.0,73.1,2026-08-14 10:21:18
2026-08-16,East,District9,0,0,0,0.0,4.92,31.9,86.5,2026-08-14 10:21:18
2026-08-16,East,District10,0,2,0,0.0,13.26,28.9,86.2,2026-08-14 10:21:18
2026-08-16,Far North,District1,0,2,0,0.0,8.22,22.9,71.6,2026-08-14 10:21:18
2026-08-16,Far North,District2,0,2,0,0.0,13.85,34.4,58.5,2026-08-14 10:21:18
2026-08-16,Far North,District3,0,5,0,0.0,6.12,26.8,54.1,2026-08-14 10:21:18
2026-08-16,Far North,District4,2,2,1,50.0,13.27,28.8,62.4,2026-08-14 10:21:18
2026-08-16,Far North,District5,1,5,1,100.0,19.55,20.2,81.8,2026-08-14 10:21:18
2026-08-16,Far North,District6,0,3,0,0.0,4.5,28.4,52.9,2026-08-14 10:21:18
2026-08-16,Far North,District7,0,3,0,0.0,2.79,28.5,64.0,2026-08-14 10:21:18
2026-08-16,Far North,District8,1,3,0,0.0,19.52,34.5,57.9,2026-08-14 10:21:18
2026-08-16,Far North,District9,1,1,0,0.0,12.63,23.9,59.0,2026-08-14 10:21:18
2026-08-16,Far North,District10,1,5,0,0.0,16.48,33.6,63.9,2026-08-14 10:21:18
2026-08-16,Littoral,District1,0,3,0,0.0,19.67,27.1,59.4,2026-08-14 10:21:18
2026-08-16,Littoral,District2,0,2,0,0.0,13.9,34.1,73.2,2026-08-14 10:21:18
2026-08-16,Littoral,District3,0,5,0,0.0,5.32,26.2,68.6,2026-08-14 10:21:18
2026-08-16,Littoral,District4,1,0,0,0.0,8.77,32.4,65.1,2026-08-14 10:21:18
2026-08-16,Littoral,District5,0,0,0,0.0,5.44,25.5,70.2,2026-08-14 10:21:18
2026-08-16,Littoral,District6,2,1,1,50.0,8.4,33.6,76.9,2026-08-14 10:21:18
2026-08-16,Littoral,District7,0,0,0,0.0,19.08,23.8,70.6,2026-08-14 10:21:18
2026-08-16,Littoral,District8,0,2,0,0.0,1.59,27.7,57.6,2026-08-14 10:21:18
2026-08-16,Littoral,District9,2,0,1,50.0,5.47,33.0,82.9,2026-08-14 10:21:18
2026-08-16,Littoral,District10,0,0,0,0.0,12.65,32.1,70.2,2026-08-14 10:21:18
2026-08-16,North,District1,0,2,0,0.0,4.88,32.4,82.8,2026-08-14 10:21:18
2026-08-16,North,District2,0,3,0,0.0,10.96,29.9,69.5,2026-08-14 10:21:18
2026-08-16,North,District3,0,4,0,0.0,0.77,24.7,58.4,2026-08-14 10:21:18
2026-08-16,North,District4,0,2,0,0.0,6.76,21.1,64.9,2026-08-14 10:21:18
2026-08-16,North,District5,0,4,0,0.0,3.05,23.1,73.9,2026-08-14 10:21:18
2026-08-16,North,District6,0,5,0,0.0,6.69,31.4,88.7,2026-08-14 10:21:18
2026-08-16,North,District7,0,2,0,0.0,16.53,32.6,78.5,2026-08-14 10:21:18
2026-08-16,North,District8,2,0,0,0.0,17.97,34.1,65.0,2026-08-14 10:21:18
2026-08-16,North,District9,0,3,0,0.0,1.02,21.6,68.7,2026-08-14 10:21:18
2026-08-16,North,District10,1,0,0,0.0,3.09,23.5,56.1,2026-08-14 10:21:18
2026-08-16,North-West,District1,0,5,0,0.0,7.27,21.5,87.5,2026-08-14 10:21:18
2026-08-16,North-West,District2,0,2,0,0.0,2.53,32.3,67.5,2026-08-14 10:21:18
2026-08-16,North-West,District3,0,3,0,0.0,2.66,25.3,85.3,2026-08-14 10:21:18
2026-08-16,North-West,District4,0,1,0,0.0,17.38,23.1,89.7,2026-08-14 10:21:18
2026-08-16,North-West,District5,2,2,0,0.0,10.49,28.9,83.5,2026-08-14 10:21:18
2026-08-16,North-West,District6,2,0,1,50.0,8.67,33.4,59.6,2026-08-14 10:21:18
2026-08-16,North-West,District7,0,2,0,0.0,2.08,23.9,66.8,2026-08-14 10:21:18
2026-08-16,North-West,District8,1,1,0,0.0,16.46,30.1,88.3,2026-08-14 10:21:18
2026-08-16,North-West,District9,1,5,0,0.0,15.37,28.9,53.0,2026-08-14 10:21:18
2026-08-16,North-West,District10,2,0,0,0.0,13.12,30.0,60.6,2026-08-14 10:21:18
2026-08-16,South,District1,2,3,1,50.0,7.23,23.9,55.5,2026-08-14 10:21:18
2026-08-16,South,District2,0,1,0,0.0,10.19,24.3,62.3,2026-08-14 10:21:18
2026-08-16,South,District3,0,0,0,0.0,7.26,24.7,89.0,2026-08-14 10:21:18
2026-08-16,South,District4,0,3,0,0.0,6.82,33.9,60.8,2026-08-14 10:21:18
2026-08-16,South,District5,0,5,0,0.0,10.01,26.0,59.9,2026-08-14 10:21:18
2026-08-16,South,District6,0,1,0,0.0,6.07,28.3,73.9,2026-08-14 10:21:18
2026-08-16,South,District7,2,5,0,0.0,10.9,30.1,65.2,2026-08-14 10:21:18
2026-08-16,South,District8,1,0,0,0.0,19.86,22.9,62.1,2026-08-14 10:21:18
2026-08-16,South,District9,1,5,1,100.0,1.62,30.0,89.9,2026-08-14 10:21:18
2026-08-16,South,District10,3,0,1,33.33,18.53,33.1,74.8,2026-08-14 10:21:18
2026-08-16,South-West,District1,0,1,0,0.0,9.33,21.3,83.1,2026-08-14 10:21:18
2026-08-16,South-West,District2,0,3,0,0.0,0.69,27.5,79.3,2026-08-14 10:21:18
2026-08-16,South-West,District3,1,1,1,100.0,0.33,21.2,87.4,2026-08-14 10:21:18
2026-08-16,South-West,District4,0,3,0,0.0,6.28,32.2,61.2,2026-08-14 10:21:18
2026-08-16,South-West,District5,0,5,0,0.0,4.78,22.5,87.1,2026-08-14 10:21:18
2026-08-16,South-West,District6,3,4,0,0.0,10.7,33.0,61.2,2026-08-14 10:21:18
2026-08-16,South-West,District7,1,5,1,100.0,3.71,34.2,59.3,2026-08-14 10:21:18
2026-08-16,South-West,District8,2,2,1,50.0,1.69,28.8,59.3,2026-08-14 10:21:18
2026-08-16,South-West,District9,0,3,0,0.0,4.75,25.3,69.6,2026-08-14 10:21:18
2026-08-16,South-West,District10,0,5,0,0.0,11.73,34.0,64.1,2026-08-14 10:21:18
2026-08-16,West,District1,0,3,0,0.0,18.15,27.6,57.2,2026-08-14 10:21:18
2026-08-16,West,District2,0,4,0,0.0,12.28,25.9,87.2,2026-08-14 10:21:18
2026-08-16,West,District3,0,5,0,0.0,10.03,20.5,61.2,2026-08-14 10:21:18
2026-08-16,West,District4,0,5,0,0.0,7.14,31.7,86.8,2026-08-14 10:21:18
2026-08-16,West,District5,0,4,0,0.0,1.69,31.2,76.7,2026-08-14 10:21:18
2026-08-16,West,District6,0,3,0,0.0,5.43,34.8,59.2,2026-08-14 10:21:18
2026-08-16,West,District7,2,3,1,50.0,1.12,25.4,67.1,2026-08-14 10:21:18
2026-08-16,West,District8,2,1,1,50.0,4.01,29.3,88.5,2026-08-14 10:21:18
2026-08-16,West,District9,0,5,0,0.0,4.01,28.8,84.9,2026-08-14 10:21:18
2026-08-16,West,District10,0,5,0,0.0,14.84,34.8,69.8,2026-08-14 10:21:18
2026-08-07,Adamawa,District1,0,1,0,0.0,13.13,32.2,74.4,2026-08-14 10:21:18
2026-08-07,Adamawa,District2,0,2,0,0.0,11.17,29.9,77.2,2026-08-14 10:21:18
2026-08-07,Adamawa,District3,2,4,1,50.0,5.44,32.1,70.7,2026-08-14 10:21:18
2026-08-07,Adamawa,District4,1,5,1,100.0,19.15,34.2,57.9,2026-08-14 10:21:18
2026-08-07,Adamawa,District5,2,0,0,0.0,18.25,26.2,81.3,2026-08-14 10:21:18
2026-08-07,Adamawa,District6,0,4,0,0.0,18.17,24.5,62.1,2026-08-14 10:21:18
2026-08-07,Adamawa,District7,0,3,0,0.0,14.64,27.5,63.0,2026-08-14 10:21:18
2026-08-07,Adamawa,District8,0,4,0,0.0,14.36,22.2,54.2,2026-08-14 10:21:18
2026-08-07,Adamawa,District9,0,5,0,0.0,2.23,27.7,77.7,2026-08-14 10:21:18
2026-08-07,Adamawa,District10,0,4,0,0.0,7.87,27.1,79.8,2026-08-14 10:21:18
2026-08-07,Centre,District1,2,5,1,50.0,4.86,24.6,69.2,2026-08-14 10:21:18
2026-08-07,Centre,District2,0,2,0,0.0,10.31,24.3,63.8,2026-08-14 10:21:18
2026-08-07,Centre,District3,0,0,0,0.0,19.6,23.7,70.9,2026-08-14 10:21:18
2026-08-07,Centre,District4,0,0,0,0.0,1.32,25.7,56.4,2026-08-14 10:21:18
2026-08-07,Centre,District5,0,3,0,0.0,2.39,22.4,50.3,2026-08-14 10:21:18
2026-08-07,Centre,District6,0,5,0,0.0,5.33,28.3,63.2,2026-08-14 10:21:18
2026-08-07,Centre,District7,1,3,1,100.0,7.81,20.2,59.2,2026-08-14 10:21:18
2026-08-07,Centre,District8,0,3,0,0.0,17.78,22.9,75.7,2026-08-14 10:21:18
2026-08-07,Centre,District9,0,0,0,0.0,5.63,21.3,68.9,2026-08-14 10:21:18
2026-08-07,Centre,District10,1,1,1,100.0,4.44,22.4,52.8,2026-08-14 10:21:18
2026-08-07,East,District1,0,3,0,0.0,4.19,21.5,71.3,2026-08-14 10:21:18
2026-08-07,East,District2,2,0,0,0.0,14.55,23.7,75.0,2026-08-14 10:21:18
2026-08-07,East,District3,0,5,0,0.0,16.76,26.6,62.7,2026-08-14 10:21:18
2026-08-07,East,District4,0,1,0,0.0,13.13,31.5,53.4,2026-08-14 10:21:18
2026-08-07,East,District5,3,0,1,33.33,0.7,29.1,63.0,2026-08-14 10:21:18
2026-08-07,East,District6,1,0,1,100.0,16.07,28.0,53.2,2026-08-14 10:21:18
2026-08-07,East,District7,0,2,0,0.0,7.76,29.2,55.4,2026-08-14 10:21:18
2026-08-07,East,District8,0,4,0,0.0,16.55,34.2,74.7,2026-08-14 10:21:18
2026-08-07,East,District9,0,5,0,0.0,7.25,21.9,80.1,2026-08-14 10:21:18
2026-08-07,East,District10,0,1,0,0.0,16.99,26.4,55.9,2026-08-14 10:21:18
2026-08-07,Far North,District1,1,4,0,0.0,11.0,20.7,88.3,2026-08-14 10:21:18
2026-08-07,Far North,District2,2,2,1,50.0,4.62,29.7,52.0,2026-08-14 10:21:18
2026-08-07,Far North,District3,0,3,0,0.0,3.61,24.4,70.1,2026-08-14 10:21:18
2026-08-07,Far North,District4,0,3,0,0.0,14.87,22.5,77.4,2026-08-14 10:21:18
2026-08-07,Far North,District5,0,0,0,0.0,3.23,28.8,74.6,2026-08-14 10:21:18
2026-08-07,Far North,District6,0,4,0,0.0,12.61,23.8,56.9,2026-08-14 10:21:18
2026-08-07,Far North,District7,0,1,0,0.0,15.54,27.2,88.8,2026-08-14 10:21:18
2026-08-07,Far North,District8,1,5,1,100.0,14.32,20.2,57.0,2026-08-14 10:21:18
2026-08-07,Far North,District9,0,1,0,0.0,11.2,30.0,54.3,2026-08-14 10:21:18
2026-08-07,Far North,District10,0,0,0,0.0,11.4,27.0,53.6,2026-08-14 10:21:18
2026-08-07,Littoral,District1,0,5,0,0.0,19.74,30.2,70.0,2026-08-14 10:21:18
2026-08-07,Littoral,District2,0,5,0,0.0,18.95,21.8,75.3,2026-08-14 10:21:18
2026-08-07,Littoral,District3,0,2,0,0.0,7.56,24.9,57.2,2026-08-14 10:21:18
2026-08-07,Littoral,District4,0,0,0,0.0,2.0,25.9,87.4,2026-08-14 10:21:18
2026-08-07,Littoral,District5,1,4,0,0.0,16.31,27.0,81.4,2026-08-14 10:21:18
2026-08-07,Littoral,District6,0,1,0,0.0,10.76,30.6,82.1,2026-08-14 10:21:18
2026-08-07,Littoral,District7,0,2,0,0.0,8.15,23.7,84.6,2026-08-14 10:21:18
2026-08-07,Littoral,District8,0,2,0,0.0,9.77,31.8,72.9,2026-08-14 10:21:18
2026-08-07,Littoral,District9,0,5,0,0.0,18.19,26.6,60.4,2026-08-14 10:21:18
2026-08-07,Littoral,District10,0,3,0,0.0,5.14,22.3,67.3,2026-08-14 10:21:18
2026-08-07,North,District1,2,4,0,0.0,5.97,24.9,69.2,2026-08-14 10:21:18
2026-08-07,North,District2,0,0,0,0.0,3.34,22.0,75.7,2026-08-14 10:21:18
2026-08-07,North,District3,0,5,0,0.0,14.89,20.4,65.8,2026-08-14 10:21:18
2026-08-07,North,District4,1,3,1,100.0,14.03,21.6,87.0,2026-08-14 10:21:18
2026-08-07,North,District5,1,0,1,100.0,14.17,34.8,69.1,2026-08-14 10:21:18
2026-08-07,North,District6,1,5,0,0.0,15.34,33.8,53.1,2026-08-14 10:21:18
2026-08-07,North,District7,0,1,0,0.0,6.35,23.0,52.9,2026-08-14 10:21:18
2026-08-07,North,District8,2,0,1,50.0,3.56,24.8,86.2,2026-08-14 10:21:18
2026-08-07,North,District9,0,2,0,0.0,9.95,25.1,86.6,2026-08-14 10:21:18
2026-08-07,North,District10,0,1,0,0.0,1.54,28.8,75.6,2026-08-14 10:21:18
2026-08-07,North-West,District1,0,5,0,0.0,3.93,24.4,88.8,2026-08-14 10:21:18
2026-08-07,North-West,District2,0,3,0,0.0,6.03,28.5,76.7,2026-08-14 10:21:18
2026-08-07,North-West,District3,0,1,0,0.0,1.36,21.7,83.4,2026-08-14 10:21:18
2026-08-07,North-West,District4,0,2,0,0.0,5.85,29.5,86.3,2026-08-14 10:21:18
2026-08-07,North-West,District5,0,1,0,0.0,12.07,26.4,74.3,2026-08-14 10:21:18
2026-08-07,North-West,District6,0,5,0,0.0,8.01,26.9,60.6,2026-08-14 10:21:18
2026-08-07,North-West,District7,0,0,0,0.0,10.79,28.0,75.5,2026-08-14 10:21:18
2026-08-07,North-West,District8,0,1,0,0.0,7.01,23.5,62.9,2026-08-14 10:21:18
2026-08-07,North-West,District9,2,5,1,50.0,14.61,23.9,79.4,2026-08-14 10:21:18
2026-08-07,North-West,District10,0,4,0,0.0,0.27,30.1,71.4,2026-08-14 10:21:18
2026-08-07,South,District1,0,0,0,0.0,15.38,21.9,53.1,2026-08-14 10:21:18
2026-08-07,South,District2,0,1,0,0.0,18.16,29.9,62.8,2026-08-14 10:21:18
2026-08-07,South,District3,0,3,0,0.0,0.7,20.2,54.2,2026-08-14 10:21:18
2026-08-07,South,District4,0,3,0,0.0,14.12,34.5,73.7,2026-08-14 10:21:18
2026-08-07,South,District5,0,0,0,0.0,18.36,31.4,64.3,2026-08-14 10:21:18
2026-08-07,South,District6,3,2,0,0.0,4.83,29.5,75.4,2026-08-14 10:21:18
2026-08-07,South,District7,0,0,0,0.0,3.39,25.4,63.4,2026-08-14 10:21:18
2026-08-07,South,District8,2,5,0,0.0,15.68,33.6,53.4,2026-08-14 10:21:18
2026-08-07,South,District9,0,4,0,0.0,2.11,34.0,66.8,2026-08-14 10:21:18
2026-08-07,South,District10,2,2,1,50.0,10.89,26.3,75.1,2026-08-14 10:21:18
2026-08-07,South-West,District1,0,1,0,0.0,14.7,29.3,85.7,2026-08-14 10:21:18
2026-08-07,South-West,District2,0,2,0,0.0,15.18,34.3,52.3,2026-08-14 10:21:18
2026-08-07,South-West,District3,2,2,0,0.0,0.1,30.6,77.0,2026-08-14 10:21:18
2026-08-07,South-West,District4,1,4,0,0.0,3.9,33.4,75.9,2026-08-14 10:21:18
2026-08-07,South-West,District5,2,2,1,50.0,6.23,31.2,62.9,2026-08-14 10:21:18
2026-08-07,South-West,District6,3,4,0,0.0,1.24,20.7,76.4,2026-08-14 10:21:18
2026-08-07,South-West,District7,2,2,1,50.0,17.39,24.7,56.3,2026-08-14 10:21:18
2026-08-07,South-West,District8,0,5,0,0.0,15.78,34.2,66.5,2026-08-14 10:21:18
2026-08-07,South-West,District9,1,4,1,100.0,12.78,30.1,70.9,2026-08-14 10:21:18
2026-08-07,South-West,District10,0,2,0,0.0,12.77,25.1,68.8,2026-08-14 10:21:18
2026-08-07,West,District1,1,4,1,100.0,9.43,34.2,61.2,2026-08-14 10:21:18
2026-08-07,West,District2,0,0,0,0.0,10.95,25.3,79.8,2026-08-14 10:21:18
2026-08-07,West,District3,0,3,0,0.0,0.3,28.8,76.1,2026-08-14 10:21:18
2026-08-07,West,District4,0,5,0,0.0,6.48,27.7,74.9,2026-08-14 10:21:18
2026-08-07,West,District5,2,5,1,50.0,4.14,20.4,52.5,2026-08-14 10:21:18
2026-08-07,West,District6,0,4,0,0.0,0.47,33.7,59.3,2026-08-14 10:21:18
2026-08-07,West,District7,0,1,0,0.0,19.14,33.0,69.5,2026-08-14 10:21:18
2026-08-07,West,District8,0,3,0,0.0,14.46,28.8,74.1,2026-08-14 10:21:18
2026-08-07,West,District9,0,1,0,0.0,1.2,31.9,71.1,2026-08-14 10:21:18
2026-08-07,West,District10,0,2,0,0.0,15.91,25.1,74.9,2026-08-14 10:21:18
2026-08-12,Adamawa,District1,0,1,0,0.0,16.24,25.6,88.9,2026-08-14 10:21:18
2026-08-12,Adamawa,District2,0,3,0,0.0,15.14,27.9,60.5,2026-08-14 10:21:18
2026-08-12,Adamawa,District3,0,4,0,0.0,16.2,30.0,85.7,2026-08-14 10:21:18
2026-08-12,Adamawa,District4,0,4,0,0.0,3.76,30.8,79.6,2026-08-14 10:21:18
2026-08-12,Adamawa,District5,0,0,0,0.0,12.76,33.9,85.3,2026-08-14 10:21:18
2026-08-12,Adamawa,District6,0,1,0,0.0,0.06,27.6,66.8,2026-08-14 10:21:18
2026-08-12,Adamawa,District7,0,4,0,0.0,16.21,20.8,51.4,2026-08-14 10:21:18
2026-08-12,Adamawa,District8,0,4,0,0.0,4.19,30.4,79.2,2026-08-14 10:21:18
2026-08-12,Adamawa,District9,0,5,0,0.0,19.69,32.6,79.8,2026-08-14 10:21:18
2026-08-12,Adamawa,District10,1,3,0,0.0,12.31,32.1,84.9,2026-08-14 10:21:18
2026-08-12,Centre,District1,0,5,0,0.0,3.68,34.2,56.9,2026-08-14 10:21:18
2026-08-12,Centre,District2,0,2,0,0.0,1.03,27.7,72.8,2026-08-14 10:21:18
2026-08-12,Centre,District3,0,5,0,0.0,9.54,30.6,51.0,2026-08-14 10:21:18
2026-08-12,Centre,District4,0,4,0,0.0,1.88,26.9,50.5,2026-08-14 10:21:18
2026-08-12,Centre,District5,0,4,0,0.0,10.09,20.7,72.7,2026-08-14 10:21:18
2026-08-12,Centre,District6,0,2,0,0.0,4.57,25.2,52.9,2026-08-14 10:21:18
2026-08-12,Centre,District7,2,1,0,0.0,11.18,33.3,69.4,2026-08-14 10:21:18
2026-08-12,Centre,District8,0,4,0,0.0,15.29,26.4,65.2,2026-08-14 10:21:18
2026-08-12,Centre,District9,3,5,1,33.33,19.11,29.8,63.1,2026-08-14 10:21:18
2026-08-12,Centre,District10,0,4,0,0.0,10.73,22.2,75.1,2026-08-14 10:21:18
2026-08-12,East,District1,0,0,0,0.0,13.65,35.0,87.1,2026-08-14 10:21:18
2026-08-12,East,District2,0,1,0,0.0,9.77,30.3,56.0,2026-08-14 10:21:18
2026-08-12,East,District3,0,5,0,0.0,3.17,29.9,58.2,2026-08-14 10:21:18
2026-08-12,East,District4,0,0,0,0.0,7.75,29.4,63.8,2026-08-14 10:21:18
2026-08-12,East,District5,0,4,0,0.0,15.6,25.5,77.1,2026-08-14 10:21:18
2026-08-12,East,District6,0,1,0,0.0,13.54,21.5,73.3,2026-08-14 10:21:18
2026-08-12,East,District7,0,1,0,0.0,12.14,31.5,81.3,2026-08-14 10:21:18
2026-08-12,East,District8,0,3,0,0.0,2.96,21.9,79.9,2026-08-14 10:21:18
2026-08-12,East,District9,1,3,1,100.0,18.98,25.9,58.3,2026-08-14 10:21:18
2026-08-12,East,District10,0,0,0,0.0,18.42,25.5,69.1,2026-08-14 10:21:18
2026-08-12,Far North,District1,0,3,0,0.0,9.75,29.1,74.2,2026-08-14 10:21:18
2026-08-12,Far North,District2,0,2,0,0.0,14.45,34.9,78.3,2026-08-14 10:21:18
2026-08-12,Far North,District3,0,3,0,0.0,11.86,24.4,87.1,2026-08-14 10:21:18
2026-08-12,Far North,District4,0,0,0,0.0,6.38,26.1,54.3,2026-08-14 10:21:18
2026-08-12,Far North,District5,1,0,1,100.0,18.26,24.8,52.2,2026-08-14 10:21:18
2026-08-12,Far North,District6,0,1,0,0.0,18.24,29.2,74.1,2026-08-14 10:21:18
2026-08-12,Far North,District7,1,3,0,0.0,5.89,31.2,81.7,2026-08-14 10:21:18
2026-08-12,Far North,District8,1,5,0,0.0,3.4,33.7,85.2,2026-08-14 10:21:18
2026-08-12,Far North,District9,0,5,0,0.0,11.88,24.1,67.4,2026-08-14 10:21:18
2026-08-12,Far North,District10,2,3,0,0.0,3.14,22.4,73.6,2026-08-14 10:21:18
2026-08-12,Littoral,District1,0,2,0,0.0,16.38,30.7,70.1,2026-08-14 10:21:18
2026-08-12,Littoral,District2,0,3,0,0.0,7.96,28.8,73.8,2026-08-14 10:21:18
2026-08-12,Littoral,District3,1,0,0,0.0,16.49,29.0,84.9,2026-08-14 10:21:18
2026-08-12,Littoral,District4,2,5,0,0.0,8.88,22.4,68.6,2026-08-14 10:21:18
2026-08-12,Littoral,District5,2,5,0,0.0,7.36,27.0,61.5,2026-08-14 10:21:18
2026-08-12,Littoral,District6,0,3,0,0.0,17.27,30.1,69.8,2026-08-14 10:21:18
2026-08-12,Littoral,District7,0,5,0,0.0,5.79,21.2,87.4,2026-08-14 10:21:18
2026-08-12,Littoral,District8,0,1,0,0.0,12.61,24.8,68.8,2026-08-14 10:21:18
2026-08-12,Littoral,District9,0,4,0,0.0,8.18,24.1,73.0,2026-08-14 10:21:18
2026-08-12,Littoral,District10,2,3,0,0.0,13.1,29.8,90.0,2026-08-14 10:21:18
2026-08-12,North,District1,0,2,0,0.0,5.62,25.7,55.1,2026-08-14 10:21:18
2026-08-12,North,District2,0,3,0,0.0,1.33,24.2,88.8,2026-08-14 10:21:18
2026-08-12,North,District3,0,5,0,0.0,13.23,32.5,67.4,2026-08-14 10:21:18
2026-08-12,North,District4,0,4,0,0.0,4.51,22.5,71.4,2026-08-14 10:21:18
2026-08-12,North,District5,0,0,0,0.0,11.35,26.2,75.2,2026-08-14 10:21:18
2026-08-12,North,District6,3,5,1,33.33,19.0,26.9,73.4,2026-08-14 10:21:18
2026-08-12,North,District7,0,3,0,0.0,1.52,33.6,56.2,2026-08-14 10:21:18
2026-08-12,North,District8,0,4,0,0.0,3.73,30.3,53.2,2026-08-14 10:21:18
2026-08-12,North,District9,0,3,0,0.0,10.46,30.1,70.6,2026-08-14 10:21:18
2026-08-12,North,District10,3,1,0,0.0,7.63,27.7,86.9,2026-08-14 10:21:18
2026-08-12,North-West,District1,0,5,0,0.0,15.98,32.3,62.6,2026-08-14 10:21:18
2026-08-12,North-West,District2,0,3,0,0.0,15.39,21.5,88.4,2026-08-14 10:21:18
2026-08-12,North-West,District3,0,1,0,0.0,17.21,27.1,77.1,2026-08-14 10:21:18
2026-08-12,North-West,District4,0,4,0,0.0,12.54,24.7,84.6,2026-08-14 10:21:18
2026-08-12,North-West,District5,0,5,0,0.0,18.04,22.6,75.7,2026-08-14 10:21:18
2026-08-12,North-West,District6,0,5,0,0.0,8.93,20.9,88.2,2026-08-14 10:21:18
2026-08-12,North-West,District7,0,2,0,0.0,16.3,30.6,69.4,2026-08-14 10:21:18
2026-08-12,North-West,District8,0,0,0,0.0,18.58,29.4,69.0,2026-08-14 10:21:18
2026-08-12,North-West,District9,2,3,0,0.0,14.48,24.4,89.3,2026-08-14 10:21:18
2026-08-12,North-West,District10,1,3,1,100.0,5.03,20.4,70.2,2026-08-14 10:21:18
2026-08-12,South,District1,0,2,0,0.0,19.92,28.3,63.8,2026-08-14 10:21:18
2026-08-12,South,District2,0,0,0,0.0,4.88,34.4,64.5,2026-08-14 10:21:18
2026-08-12,South,District3,0,1,0,0.0,17.98,23.2,83.3,2026-08-14 10:21:18
2026-08-12,South,District4,0,5,0,0.0,0.66,28.1,77.8,2026-08-14 10:21:18
2026-08-12,South,District5,0,4,0,0.0,15.59,23.2,71.2,2026-08-14 10:21:18
2026-08-12,South,District6,0,4,0,0.0,2.34,29.8,88.4,2026-08-14 10:21:18
2026-08-12,South,District7,0,4,0,0.0,11.57,28.2,76.1,2026-08-14 10:21:18
2026-08-12,South,District8,2,3,0,0.0,13.48,29.2,72.2,2026-08-14 10:21:18
2026-08-12,South,District9,0,5,0,0.0,0.5,25.2,70.5,2026-08-14 10:21:18
2026-08-12,South,District10,0,5,0,0.0,17.6,28.9,50.9,2026-08-14 10:21:18
2026-08-12,South-West,District1,0,5,0,0.0,5.79,31.7,72.1,2026-08-14 10:21:18
2026-08-12,South-West,District2,2,2,0,0.0,18.36,25.8,77.0,2026-08-14 10:21:18
2026-08-12,South-West,District3,0,1,0,0.0,19.92,29.1,59.9,2026-08-14 10:21:18
2026-08-12,South-West,District4,0,2,0,0.0,11.52,28.8,85.1,2026-08-14 10:21:18
2026-08-12,South-West,District5,0,5,0,0.0,13.65,31.6,68.0,2026-08-14 10:21:18
2026-08-12,South-West,District6,0,4,0,0.0,19.27,33.6,56.7,2026-08-14 10:21:18
2026-08-12,South-West,District7,0,0,0,0.0,7.2,23.8,89.6,2026-08-14 10:21:18
2026-08-12,South-West,District8,0,3,0,0.0,19.72,32.1,57.1,2026-08-14 10:21:18
2026-08-12,South-West,District9,0,1,0,0.0,17.61,28.2,85.0,2026-08-14 10:21:18
2026-08-12,South-West,District10,0,4,0,0.0,13.18,29.9,81.7,2026-08-14 10:21:18
2026-08-12,West,District1,0,0,0,0.0,5.22,20.5,75.9,2026-08-14 10:21:18
2026-08-12,West,District2,0,2,0,0.0,2.38,31.5,86.7,2026-08-14 10:21:18
2026-08-12,West,District3,0,5,0,0.0,10.13,23.6,65.5,2026-08-14 10:21:18
2026-08-12,West,District4,0,1,0,0.0,15.55,30.0,79.1,2026-08-14 10:21:18
2026-08-12,West,District5,3,2,0,0.0,6.1,28.3,80.3,2026-08-14 10:21:18
2026-08-12,West,District6,0,2,0,0.0,6.55,33.5,68.4,2026-08-14 10:21:18
2026-08-12,West,District7,0,3,0,0.0,14.23,33.2,57.3,2026-08-14 10:21:18
2026-08-12,West,District8,2,1,1,50.0,12.78,33.9,51.1,2026-08-14 10:21:18
2026-08-12,West,District9,0,3,0,0.0,19.44,25.2,86.6,2026-08-14 10:21:18
2026-08-12,West,District10,0,2,0,0.0,17.48,23.2,87.9,2026-08-14 10:21:18
