,Unnamed: 0,Index,Location,TL,TR,deaths,sCh,cCh,CFR,reporting_date,source_index,source,confidence_weight,processing_notes,source_database,delete_flag,location_parts
85717,85717,85719,AFR::CMR,2020-01-01,2020-09-30,0,0,0,,2020-09-30,28,JHU Cholera Database (UID: 21144),0.95,"Converted from JHU database. Primary: True, Phantom: False - JHU reported 1848 cases, 79 deaths | Adjusted synthetic outcome counts for dashboard environmental trend testing.",JHU,0,1
85718,85718,85720,AFR::CMR,2018-05-18,2018-11-02,4,745,53,7.55,2018-11-02,18,WHO AFRO Surveillance Report (UID: 21027),0.97,"Converted from JHU database. Primary: True, Phantom: False - JHU reported 745 cases, 48 deaths | Adjusted synthetic outcome counts for dashboard environmental trend testing.",JHU,0,1
85727,85727,85729,AFR::CMR,2018-05-18,2018-07-05,0,26,8,0.0,2018-07-05,38,WHO AFRO Surveillance Report (UID: 20926),0.97,"Converted from JHU database. Primary: True, Phantom: False - JHU reported 20 cases, 3 deaths | Adjusted synthetic outcome counts for dashboard environmental trend testing.",JHU,0,1
85741,85741,85745,AFR::CMR,2010-05-06,2010-12-31,0,10759,0,,2010-12-31,34,JHU Cholera Database (UID: 182),0.95,"Converted from JHU database. Primary: True, Phantom: False - JHU reported 10759 cases, 657 deaths | Adjusted synthetic outcome counts for dashboard environmental trend testing.",JHU,0,1
85752,85752,85756,AFR::CMR,2011-01-01,2011-09-22,0,17121,0,,2011-09-22,34,JHU Cholera Database (UID: 182),0.95,"Converted from JHU database. Primary: True, Phantom: False - JHU reported 17121 cases, 636 deaths | Adjusted synthetic outcome counts for dashboard environmental trend testing.",JHU,0,1
85763,85763,85767,AFR::CMR,2010-05-03,2010-05-09,1,81,22,4.55,2010-05-09,34,JHU Cholera Database (UID: 182),0.95,"Converted from JHU database. Primary: True, Phantom: False - JHU reported 23 cases, 3 deaths | Adjusted synthetic outcome counts for dashboard environmental trend testing.",JHU,0,1
85764,85764,85768,AFR::CMR,2010-05-10,2010-05-16,0,35,17,0.0,2010-05-16,34,JHU Cholera Database (UID: 182),0.95,"Converted from JHU database. Primary: True, Phantom: False - JHU reported 31 cases, 0 deaths | Adjusted synthetic outcome counts for dashboard environmental trend testing.",JHU,0,1
85765,85765,85769,AFR::CMR,2010-05-17,2010-05-23,0,67,0,,2010-05-23,34,JHU Cholera Database (UID: 182),0.95,"Converted from JHU database. Primary: True, Phantom: False - JHU reported 11 cases, 0 deaths | Adjusted synthetic outcome counts for dashboard environmental trend testing.",JHU,0,1
85766,85766,85770,AFR::CMR,2010-05-24,2010-05-30,0,27,0,,2010-05-30,34,JHU Cholera Database (UID: 182),0.95,"Converted from JHU database. Primary: True, Phantom: False - JHU reported 11 cases, 5 deaths | Adjusted synthetic outcome counts for dashboard environmental trend testing.",JHU,0,1
85767,85767,85771,AFR::CMR,2010-05-31,2010-06-06,1,50,14,7.14,2010-06-06,34,JHU Cholera Database (UID: 182),0.95,"Converted from JHU database. Primary: True, Phantom: False - JHU reported 23 cases, 2 deaths | Adjusted synthetic outcome counts for dashboard environmental trend testing.",JHU,0,1
85768,85768,85772,AFR::CMR,2010-06-07,2010-06-13,1,50,22,4.55,2010-06-13,34,JHU Cholera Database (UID: 182),0.95,"Converted from JHU database. Primary: True, Phantom: False - JHU reported 23 cases, 8 deaths | Adjusted synthetic outcome counts for dashboard environmental trend testing.",JHU,0,1
85769,85769,85773,AFR::CMR,2010-06-14,2010-06-20,2,54,34,5.88,2010-06-20,34,JHU Cholera Database (UID: 182),0.95,"Converted from JHU database. Primary: True, Phantom: False - JHU reported 54 cases, 2 deaths | Adjusted synthetic outcome counts for dashboard environmental trend testing.",JHU,0,1
85770,85770,85774,AFR::CMR,2010-06-21,2010-06-27,3,123,46,6.52,2010-06-27,34,JHU Cholera Database (UID: 182),0.95,"Converted from JHU database. Primary: True, Phantom: False - JHU reported 123 cases, 5 deaths | Adjusted synthetic outcome counts for dashboard environmental trend testing.",JHU,0,1
85771,85771,85775,AFR::CMR,2010-06-28,2010-07-04,4,189,59,6.78,2010-07-04,34,JHU Cholera Database (UID: 182),0.95,"Converted from JHU database. Primary: True, Phantom: False - JHU reported 189 cases, 11 deaths | Adjusted synthetic outcome counts for dashboard environmental trend testing.",JHU,0,1
85772,85772,85776,AFR::CMR,2010-07-05,2010-07-11,8,170,109,7.34,2010-07-11,34,JHU Cholera Database (UID: 182),0.95,"Converted from JHU database. Primary: True, Phantom: False - JHU reported 170 cases, 18 deaths | Adjusted synthetic outcome counts for dashboard environmental trend testing.",JHU,0,1
85773,85773,85777,AFR::CMR,2010-07-12,2010-07-18,0,286,0,,2010-07-18,34,JHU Cholera Database (UID: 182),0.95,"Converted from JHU database. Primary: True, Phantom: False - JHU reported 286 cases, 18 deaths | Adjusted synthetic outcome counts for dashboard environmental trend testing.",JHU,0,1
85774,85774,85778,AFR::CMR,2010-07-19,2010-07-25,0,297,0,,2010-07-25,34,JHU Cholera Database (UID: 182),0.95,"Converted from JHU database. Primary: True, Phantom: False - JHU reported 297 cases, 22 deaths | Adjusted synthetic outcome counts for dashboard environmental trend testing.",JHU,0,1
85775,85775,85779,AFR::CMR,2010-07-26,2010-08-01,21,440,265,7.92,2010-08-01,34,JHU Cholera Database (UID: 182),0.95,"Converted from JHU database. Primary: True, Phantom: False - JHU reported 440 cases, 27 deaths | Adjusted synthetic outcome counts for dashboard environmental trend testing.",JHU,0,1
85776,85776,85780,AFR::CMR,2010-08-02,2010-08-08,30,588,385,7.79,2010-08-08,34,JHU Cholera Database (UID: 182),0.95,"Converted from JHU database. Primary: True, Phantom: False - JHU reported 588 cases, 48 deaths | Adjusted synthetic outcome counts for dashboard environmental trend testing.",JHU,0,1
85777,85777,85781,AFR::CMR,2010-08-09,2010-08-15,19,742,247,7.69,2010-08-15,34,JHU Cholera Database (UID: 182),0.95,"Converted from JHU database. Primary: True, Phantom: False - JHU reported 742 cases, 51 deaths | Adjusted synthetic outcome counts for dashboard environmental trend testing.",JHU,0,1
85778,85778,85782,AFR::CMR,2010-08-16,2010-08-22,27,785,340,7.94,2010-08-22,34,JHU Cholera Database (UID: 182),0.95,"Converted from JHU database. Primary: True, Phantom: False - JHU reported 785 cases, 45 deaths | Adjusted synthetic outcome counts for dashboard environmental trend testing.",JHU,0,1
85779,85779,85783,AFR::CMR,2010-08-23,2010-08-29,20,939,250,8.0,2010-08-29,34,JHU Cholera Database (UID: 182),0.95,"Converted from JHU database. Primary: True, Phantom: False - JHU reported 939 cases, 56 deaths | Adjusted synthetic outcome counts for dashboard environmental trend testing.",JHU,0,1
85780,85780,85784,AFR::CMR,2010-08-30,2010-09-05,28,916,356,7.87,2010-09-05,34,JHU Cholera Database (UID: 182),0.95,"Converted from JHU database. Primary: True, Phantom: False - JHU reported 916 cases, 57 deaths | Adjusted synthetic outcome counts for dashboard environmental trend testing.",JHU,0,1
85781,85781,85785,AFR::CMR,2010-09-06,2010-09-12,0,789,0,,2010-09-12,34,JHU Cholera Database (UID: 182),0.95,"Converted from JHU database. Primary: True, Phantom: False - JHU reported 789 cases, 43 deaths | Adjusted synthetic outcome counts for dashboard environmental trend testing.",JHU,0,1
85782,85782,85786,AFR::CMR,2010-09-13,2010-09-19,37,730,469,7.89,2010-09-19,34,JHU Cholera Database (UID: 182),0.95,"Converted from JHU database. Primary: True, Phantom: False - JHU reported 730 cases, 42 deaths | Adjusted synthetic outcome counts for dashboard environmental trend testing.",JHU,0,1
85783,85783,85787,AFR::CMR,2010-09-20,2010-09-26,20,576,255,7.84,2010-09-26,34,JHU Cholera Database (UID: 182),0.95,"Converted from JHU database. Primary: True, Phantom: False - JHU reported 576 cases, 39 deaths | Adjusted synthetic outcome counts for dashboard environmental trend testing.",JHU,0,1
85784,85784,85788,AFR::CMR,2010-09-27,2010-10-03,7,394,99,7.07,2010-10-03,34,JHU Cholera Database (UID: 182),0.95,"Converted from JHU database. Primary: True, Phantom: False - JHU reported 394 cases, 16 deaths | Adjusted synthetic outcome counts for dashboard environmental trend testing.",JHU,0,1
85785,85785,85789,AFR::CMR,2010-10-04,2010-10-10,17,336,215,7.91,2010-10-10,34,JHU Cholera Database (UID: 182),0.95,"Converted from JHU database. Primary: True, Phantom: False - JHU reported 336 cases, 20 deaths | Adjusted synthetic outcome counts for dashboard environmental trend testing.",JHU,0,1
85786,85786,85790,AFR::CMR,2010-10-11,2010-10-17,0,0,0,,2010-10-17,34,JHU Cholera Database (UID: 182),0.95,"Converted from JHU database. Primary: True, Phantom: False - JHU reported 251 cases, 21 deaths | Adjusted synthetic outcome counts for dashboard environmental trend testing.",JHU,0,1
85787,85787,85791,AFR::CMR,2010-10-18,2010-10-24,7,239,98,7.14,2010-10-24,34,JHU Cholera Database (UID: 182),0.95,"Converted from JHU database. Primary: True, Phantom: False - JHU reported 239 cases, 12 deaths | Adjusted synthetic outcome counts for dashboard environmental trend testing.",JHU,0,1
85788,85788,85792,AFR::CMR,2010-10-25,2010-10-31,0,0,0,,2010-10-31,34,JHU Cholera Database (UID: 182),0.95,"Converted from JHU database. Primary: True, Phantom: False - JHU reported 255 cases, 11 deaths | Adjusted synthetic outcome counts for dashboard environmental trend testing.",JHU,0,1
85789,85789,85793,AFR::CMR,2010-11-01,2010-11-07,3,147,45,6.67,2010-11-07,34,JHU Cholera Database (UID: 182),0.95,"Converted from JHU database. Primary: True, Phantom: False - JHU reported 147 cases, 8 deaths | Adjusted synthetic outcome counts for dashboard environmental trend testing.",JHU,0,1
85790,85790,85794,AFR::CMR,2010-11-08,2010-11-14,3,193,43,6.98,2010-11-14,34,JHU Cholera Database (UID: 182),0.95,"Converted from JHU database. Primary: True, Phantom: False - JHU reported 193 cases, 10 deaths | Adjusted synthetic outcome counts for dashboard environmental trend testing.",JHU,0,1
85791,85791,85795,AFR::CMR,2010-11-15,2010-11-21,6,185,80,7.5,2010-11-21,34,JHU Cholera Database (UID: 182),0.95,"Converted from JHU database. Primary: True, Phantom: False - JHU reported 185 cases, 7 deaths | Adjusted synthetic outcome counts for dashboard environmental trend testing.",JHU,0,1
85792,85792,85796,AFR::CMR,2010-11-22,2010-11-28,6,193,116,5.17,2010-11-28,34,JHU Cholera Database (UID: 182),0.95,"Converted from JHU database. Primary: True, Phantom: False - JHU reported 193 cases, 6 deaths | Adjusted synthetic outcome counts for dashboard environmental trend testing.",JHU,0,1
85793,85793,85797,AFR::CMR,2010-11-29,2010-12-05,5,174,94,5.32,2010-12-05,34,JHU Cholera Database (UID: 182),0.95,"Converted from JHU database. Primary: True, Phantom: False - JHU reported 174 cases, 5 deaths | Adjusted synthetic outcome counts for dashboard environmental trend testing.",JHU,0,1
85794,85794,85798,AFR::CMR,2010-12-06,2010-12-12,0,135,0,,2010-12-12,34,JHU Cholera Database (UID: 182),0.95,"Converted from JHU database. Primary: True, Phantom: False - JHU reported 135 cases, 6 deaths | Adjusted synthetic outcome counts for dashboard environmental trend testing.",JHU,0,1
85795,85795,85799,AFR::CMR,2010-12-13,2010-12-19,0,11,6,0.0,2010-12-19,34,JHU Cholera Database (UID: 182),0.95,"Converted from JHU database. Primary: True, Phantom: False - JHU reported 123 cases, 3 deaths | Adjusted synthetic outcome counts for dashboard environmental trend testing.",JHU,0,1
85796,85796,85800,AFR::CMR,2010-12-20,2010-12-26,2,135,32,6.25,2010-12-26,34,JHU Cholera Database (UID: 182),0.95,"Converted from JHU database. Primary: True, Phantom: False - JHU reported 135 cases, 9 deaths | Adjusted synthetic outcome counts for dashboard environmental trend testing.",JHU,0,1
85797,85797,85801,AFR::CMR,2010-12-27,2011-01-02,5,185,66,7.58,2011-01-02,34,JHU Cholera Database (UID: 182),0.95,"Converted from JHU database. Primary: True, Phantom: False - JHU reported 185 cases, 7 deaths | Adjusted synthetic outcome counts for dashboard environmental trend testing.",JHU,0,1
85798,85798,85802,AFR::CMR,2011-01-03,2011-01-09,3,135,77,3.9,2011-01-09,34,JHU Cholera Database (UID: 182),0.95,"Converted from JHU database. Primary: True, Phantom: False - JHU reported 135 cases, 3 deaths | Adjusted synthetic outcome counts for dashboard environmental trend testing.",JHU,0,1
85799,85799,85803,AFR::CMR,2011-01-10,2011-01-16,2,100,28,7.14,2011-01-16,34,JHU Cholera Database (UID: 182),0.95,"Converted from JHU database. Primary: True, Phantom: False - JHU reported 100 cases, 4 deaths | Adjusted synthetic outcome counts for dashboard environmental trend testing.",JHU,0,1
85800,85800,85804,AFR::CMR,2011-01-17,2011-01-23,4,143,66,6.06,2011-01-23,34,JHU Cholera Database (UID: 182),0.95,"Converted from JHU database. Primary: True, Phantom: False - JHU reported 143 cases, 4 deaths | Adjusted synthetic outcome counts for dashboard environmental trend testing.",JHU,0,1
85801,85801,85805,AFR::CMR,2011-01-24,2011-01-30,2,131,33,6.06,2011-01-30,34,JHU Cholera Database (UID: 182),0.95,"Converted from JHU database. Primary: True, Phantom: False - JHU reported 131 cases, 4 deaths | Adjusted synthetic outcome counts for dashboard environmental trend testing.",JHU,0,1
85802,85802,85806,AFR::CMR,2011-01-31,2011-02-06,2,154,65,3.08,2011-02-06,34,JHU Cholera Database (UID: 182),0.95,"Converted from JHU database. Primary: True, Phantom: False - JHU reported 154 cases, 2 deaths | Adjusted synthetic outcome counts for dashboard environmental trend testing.",JHU,0,1
85803,85803,85807,AFR::CMR,2011-02-07,2011-02-13,5,166,108,4.63,2011-02-13,34,JHU Cholera Database (UID: 182),0.95,"Converted from JHU database. Primary: True, Phantom: False - JHU reported 166 cases, 5 deaths | Adjusted synthetic outcome counts for dashboard environmental trend testing.",JHU,0,1
85804,85804,85808,AFR::CMR,2011-02-14,2011-02-20,0,178,0,,2011-02-20,34,JHU Cholera Database (UID: 182),0.95,"Converted from JHU database. Primary: True, Phantom: False - JHU reported 178 cases, 4 deaths | Adjusted synthetic outcome counts for dashboard environmental trend testing.",JHU,0,1
85805,85805,85809,AFR::CMR,2011-02-21,2011-02-27,4,178,115,3.48,2011-02-27,34,JHU Cholera Database (UID: 182),0.95,"Converted from JHU database. Primary: True, Phantom: False - JHU reported 178 cases, 4 deaths | Adjusted synthetic outcome counts for dashboard environmental trend testing.",JHU,0,1
85806,85806,85810,AFR::CMR,2011-02-28,2011-03-06,0,197,0,,2011-03-06,34,JHU Cholera Database (UID: 182),0.95,"Converted from JHU database. Primary: True, Phantom: False - JHU reported 197 cases, 6 deaths | Adjusted synthetic outcome counts for dashboard environmental trend testing.",JHU,0,1
85807,85807,85811,AFR::CMR,2011-03-07,2011-03-13,5,197,68,7.35,2011-03-13,34,JHU Cholera Database (UID: 182),0.95,"Converted from JHU database. Primary: True, Phantom: False - JHU reported 197 cases, 15 deaths | Adjusted synthetic outcome counts for dashboard environmental trend testing.",JHU,0,1
85808,85808,85812,AFR::CMR,2011-03-14,2011-03-20,0,297,0,,2011-03-20,34,JHU Cholera Database (UID: 182),0.95,"Converted from JHU database. Primary: True, Phantom: False - JHU reported 297 cases, 20 deaths | Adjusted synthetic outcome counts for dashboard environmental trend testing.",JHU,0,1
85809,85809,85813,AFR::CMR,2011-03-21,2011-03-27,9,495,122,7.38,2011-03-27,34,JHU Cholera Database (UID: 182),0.95,"Converted from JHU database. Primary: True, Phantom: False - JHU reported 495 cases, 16 deaths | Adjusted synthetic outcome counts for dashboard environmental trend testing.",JHU,0,1
85810,85810,85814,AFR::CMR,2011-03-28,2011-04-03,8,406,104,7.69,2011-04-03,34,JHU Cholera Database (UID: 182),0.95,"Converted from JHU database. Primary: True, Phantom: False - JHU reported 406 cases, 14 deaths | Adjusted synthetic outcome counts for dashboard environmental trend testing.",JHU,0,1
85811,85811,85815,AFR::CMR,2011-04-04,2011-04-10,8,429,103,7.77,2011-04-10,34,JHU Cholera Database (UID: 182),0.95,"Converted from JHU database. Primary: True, Phantom: False - JHU reported 429 cases, 11 deaths | Adjusted synthetic outcome counts for dashboard environmental trend testing.",JHU,0,1
85812,85812,85816,AFR::CMR,2011-04-11,2011-04-17,0,375,0,,2011-04-17,34,JHU Cholera Database (UID: 182),0.95,"Converted from JHU database. Primary: True, Phantom: False - JHU reported 375 cases, 5 deaths | Adjusted synthetic outcome counts for dashboard environmental trend testing.",JHU,0,1
85813,85813,85817,AFR::CMR,2011-04-18,2011-04-24,13,537,172,7.56,2011-04-24,34,JHU Cholera Database (UID: 182),0.95,"Converted from JHU database. Primary: True, Phantom: False - JHU reported 537 cases, 15 deaths | Adjusted synthetic outcome counts for dashboard environmental trend testing.",JHU,0,1
85814,85814,85818,AFR::CMR,2011-04-25,2011-05-01,0,0,0,,2011-05-01,34,JHU Cholera Database (UID: 182),0.95,"Converted from JHU database. Primary: True, Phantom: False - JHU reported 557 cases, 16 deaths | Adjusted synthetic outcome counts for dashboard environmental trend testing.",JHU,0,1
85815,85815,85819,AFR::CMR,2011-05-02,2011-05-08,0,0,0,,2011-05-08,34,JHU Cholera Database (UID: 182),0.95,"Converted from JHU database. Primary: True, Phantom: False - JHU reported 545 cases, 19 deaths | Adjusted synthetic outcome counts for dashboard environmental trend testing.",JHU,0,1
85816,85816,85820,AFR::CMR,2011-05-09,2011-05-15,22,669,363,6.06,2011-05-15,34,JHU Cholera Database (UID: 182),0.95,"Converted from JHU database. Primary: True, Phantom: False - JHU reported 669 cases, 22 deaths | Adjusted synthetic outcome counts for dashboard environmental trend testing.",JHU,0,1
85817,85817,85821,AFR::CMR,2011-05-16,2011-05-22,0,0,0,,2011-05-22,34,JHU Cholera Database (UID: 182),0.95,"Converted from JHU database. Primary: True, Phantom: False - JHU reported 444 cases, 9 deaths | Adjusted synthetic outcome counts for dashboard environmental trend testing.",JHU,0,1
85818,85818,85822,AFR::CMR,2011-05-23,2011-05-29,0,522,0,,2011-05-29,34,JHU Cholera Database (UID: 182),0.95,"Converted from JHU database. Primary: True, Phantom: False - JHU reported 522 cases, 19 deaths | Adjusted synthetic outcome counts for dashboard environmental trend testing.",JHU,0,1
85819,85819,85823,AFR::CMR,2011-05-30,2011-06-05,19,464,245,7.76,2011-06-05,34,JHU Cholera Database (UID: 182),0.95,"Converted from JHU database. Primary: True, Phantom: False - JHU reported 464 cases, 23 deaths | Adjusted synthetic outcome counts for dashboard environmental trend testing.",JHU,0,1
85820,85820,85824,AFR::CMR,2011-06-06,2011-06-12,0,375,0,,2011-06-12,34,JHU Cholera Database (UID: 182),0.95,"Converted from JHU database. Primary: True, Phantom: False - JHU reported 375 cases, 12 deaths | Adjusted synthetic outcome counts for dashboard environmental trend testing.",JHU,0,1
85821,85821,85825,AFR::CMR,2011-06-13,2011-06-19,9,460,116,7.76,2011-06-19,34,JHU Cholera Database (UID: 182),0.95,"Converted from JHU database. Primary: True, Phantom: False - JHU reported 460 cases, 21 deaths | Adjusted synthetic outcome counts for dashboard environmental trend testing.",JHU,0,1
85822,85822,85826,AFR::CMR,2011-06-20,2011-06-26,11,394,149,7.38,2011-06-26,34,JHU Cholera Database (UID: 182),0.95,"Converted from JHU database. Primary: True, Phantom: False - JHU reported 394 cases, 21 deaths | Adjusted synthetic outcome counts for dashboard environmental trend testing.",JHU,0,1
85823,85823,85827,AFR::CMR,2011-06-27,2011-07-03,5,255,73,6.85,2011-07-03,34,JHU Cholera Database (UID: 182),0.95,"Converted from JHU database. Primary: True, Phantom: False - JHU reported 255 cases, 7 deaths | Adjusted synthetic outcome counts for dashboard environmental trend testing.",JHU,0,1
85824,85824,85828,AFR::CMR,2011-07-04,2011-07-10,0,580,0,,2011-07-10,34,JHU Cholera Database (UID: 182),0.95,"Converted from JHU database. Primary: True, Phantom: False - JHU reported 580 cases, 18 deaths | Adjusted synthetic outcome counts for dashboard environmental trend testing.",JHU,0,1
85825,85825,85829,AFR::CMR,2011-07-11,2011-07-17,0,0,0,,2011-07-17,34,JHU Cholera Database (UID: 182),0.95,"Converted from JHU database. Primary: True, Phantom: False - JHU reported 665 cases, 26 deaths | Adjusted synthetic outcome counts for dashboard environmental trend testing.",JHU,0,1
85826,85826,85830,AFR::CMR,2011-07-18,2011-07-24,10,580,132,7.58,2011-07-24,34,JHU Cholera Database (UID: 182),0.95,"Converted from JHU database. Primary: True, Phantom: False - JHU reported 580 cases, 33 deaths | Adjusted synthetic outcome counts for dashboard environmental trend testing.",JHU,0,1
85827,85827,85831,AFR::CMR,2011-07-25,2011-07-31,0,595,0,,2011-07-31,34,JHU Cholera Database (UID: 182),0.95,"Converted from JHU database. Primary: True, Phantom: False - JHU reported 595 cases, 25 deaths | Adjusted synthetic outcome counts for dashboard environmental trend testing.",JHU,0,1
85828,85828,85832,AFR::CMR,2011-08-01,2011-08-07,0,0,0,,2011-08-07,34,JHU Cholera Database (UID: 182),0.95,"Converted from JHU database. Primary: True, Phantom: False - JHU reported 715 cases, 54 deaths | Adjusted synthetic outcome counts for dashboard environmental trend testing.",JHU,0,1
85829,85829,85833,AFR::CMR,2011-08-08,2011-08-14,20,518,259,7.72,2011-08-14,34,JHU Cholera Database (UID: 182),0.95,"Converted from JHU database. Primary: True, Phantom: False - JHU reported 518 cases, 21 deaths | Adjusted synthetic outcome counts for dashboard environmental trend testing.",JHU,0,1
85830,85830,85834,AFR::CMR,2011-08-15,2011-08-21,0,816,0,,2011-08-21,34,JHU Cholera Database (UID: 182),0.95,"Converted from JHU database. Primary: True, Phantom: False - JHU reported 816 cases, 31 deaths | Adjusted synthetic outcome counts for dashboard environmental trend testing.",JHU,0,1
85831,85831,85835,AFR::CMR,2011-08-22,2011-08-28,0,909,0,,2011-08-28,34,JHU Cholera Database (UID: 182),0.95,"Converted from JHU database. Primary: True, Phantom: False - JHU reported 909 cases, 25 deaths | Adjusted synthetic outcome counts for dashboard environmental trend testing.",JHU,0,1
85832,85832,85836,AFR::CMR,2011-08-29,2011-09-04,37,731,465,7.96,2011-09-04,34,JHU Cholera Database (UID: 182),0.95,"Converted from JHU database. Primary: True, Phantom: False - JHU reported 731 cases, 41 deaths | Adjusted synthetic outcome counts for dashboard environmental trend testing.",JHU,0,1
85833,85833,85837,AFR::CMR,2011-09-05,2011-09-11,14,487,294,4.76,2011-09-11,34,JHU Cholera Database (UID: 182),0.95,"Converted from JHU database. Primary: True, Phantom: False - JHU reported 487 cases, 14 deaths | Adjusted synthetic outcome counts for dashboard environmental trend testing.",JHU,0,1
85834,85834,85838,AFR::CMR,2011-09-12,2011-09-18,0,541,0,,2011-09-18,34,JHU Cholera Database (UID: 182),0.95,"Converted from JHU database. Primary: True, Phantom: False - JHU reported 541 cases, 19 deaths | Adjusted synthetic outcome counts for dashboard environmental trend testing.",JHU,0,1
85835,85835,85839,AFR::CMR,2011-09-19,2011-09-25,0,696,0,,2011-09-25,34,JHU Cholera Database (UID: 182),0.95,"Converted from JHU database. Primary: True, Phantom: False - JHU reported 696 cases, 15 deaths | Adjusted synthetic outcome counts for dashboard environmental trend testing.",JHU,0,1
85963,85963,85971,AFR::CMR,2018-05-18,2018-07-08,0,57,5,0.0,2018-07-08,31,WHO AFRO Surveillance Report (UID: 20927),0.97,"Converted from JHU database. Primary: True, Phantom: False - JHU reported 38 cases, 4 deaths | Adjusted synthetic outcome counts for dashboard environmental trend testing.",JHU,0,1
85964,85964,85972,AFR::CMR,2018-07-02,2018-07-08,1,72,28,3.57,2018-07-08,31,WHO AFRO Surveillance Report (UID: 20927),0.97,"Converted from JHU database. Primary: True, Phantom: False - JHU reported 19 cases, 1 deaths | Adjusted synthetic outcome counts for dashboard environmental trend testing.",JHU,0,1
85965,85965,85973,AFR::CMR,2018-06-25,2018-07-01,0,20,7,0.0,2018-07-01,31,WHO AFRO Surveillance Report (UID: 20927),0.97,"Converted from JHU database. Primary: True, Phantom: False - JHU reported 15 cases, 2 deaths | Adjusted synthetic outcome counts for dashboard environmental trend testing.",JHU,0,1
85970,85970,85978,AFR::CMR,2018-05-14,2018-05-20,1,81,51,1.96,2018-05-20,31,WHO AFRO Surveillance Report (UID: 20927),0.97,"Converted from JHU database. Primary: True, Phantom: False - JHU reported 2 cases | Adjusted synthetic outcome counts for dashboard environmental trend testing.",JHU,0,1
85971,85971,85979,AFR::CMR,2018-05-21,2018-05-27,1,64,35,2.86,2018-05-27,31,WHO AFRO Surveillance Report (UID: 20927),0.97,"Converted from JHU database. Primary: True, Phantom: False - JHU reported 1 cases | Adjusted synthetic outcome counts for dashboard environmental trend testing.",JHU,0,1
85972,85972,85980,AFR::CMR,2018-05-28,2018-06-03,0,0,0,,2018-06-03,31,WHO AFRO Surveillance Report (UID: 20927),0.97,"Converted from JHU database. Primary: True, Phantom: False - JHU reported 0 cases | Adjusted synthetic outcome counts for dashboard environmental trend testing.",JHU,0,1
85973,85973,85981,AFR::CMR,2018-06-04,2018-06-10,0,14,7,0.0,2018-06-10,31,WHO AFRO Surveillance Report (UID: 20927),0.97,"Converted from JHU database. Primary: True, Phantom: False - JHU reported 1 cases | Adjusted synthetic outcome counts for dashboard environmental trend testing.",JHU,0,1
85974,85974,85982,AFR::CMR,2018-06-11,2018-06-17,0,0,0,,2018-06-17,31,WHO AFRO Surveillance Report (UID: 20927),0.97,"Converted from JHU database. Primary: True, Phantom: False - JHU reported 0 cases | Adjusted synthetic outcome counts for dashboard environmental trend testing.",JHU,0,1
85975,85975,85983,AFR::CMR,2018-06-18,2018-06-24,0,0,0,,2018-06-24,31,WHO AFRO Surveillance Report (UID: 20927),0.97,"Converted from JHU database. Primary: True, Phantom: False - JHU reported 0 cases | Adjusted synthetic outcome counts for dashboard environmental trend testing.",JHU,0,1
85976,85976,85986,AFR::CMR,2010-05-01,2010-08-26,0,41,0,,2010-08-26,43,JHU Cholera Database (UID: 960),0.95,"Converted from JHU database. Primary: True, Phantom: False - JHU reported 297 deaths | Adjusted synthetic outcome counts for dashboard environmental trend testing.",JHU,0,1
85978,85978,85988,AFR::CMR,2018-11-18,2018-11-23,0,46,22,0.0,2018-11-23,17,WHO AFRO Surveillance Report (UID: 21036),0.97,"Converted from JHU database. Primary: True, Phantom: False - JHU reported 11 cases | Adjusted synthetic outcome counts for dashboard environmental trend testing.",JHU,0,1
86067,86067,86077,AFR::CMR,2018-05-18,2018-10-29,14,645,186,7.53,2018-10-29,23,WHO AFRO Surveillance Report (UID: 21021),0.97,"Converted from JHU database. Primary: True, Phantom: False - JHU reported 645 cases, 43 deaths | Adjusted synthetic outcome counts for dashboard environmental trend testing.",JHU,0,1
86068,86068,86078,AFR::CMR,2018-10-23,2018-10-29,0,75,0,,2018-10-29,23,WHO AFRO Surveillance Report (UID: 21021),0.97,"Converted from JHU database. Primary: True, Phantom: False - JHU reported 44 cases, 3 deaths | Adjusted synthetic outcome counts for dashboard environmental trend testing.",JHU,0,1
86073,86073,86083,AFR::CMR,2018-05-18,2018-09-24,14,367,175,8.0,2018-09-24,25,WHO AFRO Surveillance Report (UID: 20990),0.97,"Converted from JHU database. Primary: True, Phantom: False - JHU reported 367 cases, 31 deaths | Adjusted synthetic outcome counts for dashboard environmental trend testing.",JHU,0,1
86075,86075,86085,AFR::CMR,2018-09-07,2018-09-24,5,116,74,6.76,2018-09-24,25,WHO AFRO Surveillance Report (UID: 20990),0.97,"Converted from JHU database. Primary: True, Phantom: False - JHU reported 116 cases, 11 deaths | Adjusted synthetic outcome counts for dashboard environmental trend testing.",JHU,0,1
86098,86098,86112,AFR::CMR,2018-05-18,2018-07-31,4,120,50,8.0,2018-07-31,10,WHO AFRO Surveillance Report (UID: 20947),0.97,"Converted from JHU database. Primary: True, Phantom: False - JHU reported 120 cases, 11 deaths | Adjusted synthetic outcome counts for dashboard environmental trend testing.",JHU,0,1
86101,86101,86115,AFR::CMR,2018-05-18,2018-08-09,4,161,56,7.14,2018-08-09,21,WHO AFRO Surveillance Report (UID: 20953),0.97,"Converted from JHU database. Primary: True, Phantom: False - JHU reported 161 cases, 12 deaths | Adjusted synthetic outcome counts for dashboard environmental trend testing.",JHU,0,1
86102,86102,86116,AFR::CMR,2018-08-06,2018-08-12,0,73,0,,2018-08-12,21,WHO AFRO Surveillance Report (UID: 20953),0.97,"Converted from JHU database. Primary: True, Phantom: False - JHU reported 4 cases | Adjusted synthetic outcome counts for dashboard environmental trend testing.",JHU,0,1
86104,86104,86119,AFR::CMR,2018-05-18,2018-08-12,1,101,61,1.64,2018-08-12,21,WHO AFRO Surveillance Report (UID: 20953),0.97,"Converted from JHU database. Primary: True, Phantom: False - JHU reported 101 cases | Adjusted synthetic outcome counts for dashboard environmental trend testing.",JHU,0,1
86112,86112,86130,AFR::CMR,2015-01-01,2015-01-07,0,0,0,,2015-01-07,2,JHU Cholera Database (UID: 5103),0.95,"Converted from JHU database. Primary: True, Phantom: False - JHU reported 0 cases | Adjusted synthetic outcome counts for dashboard environmental trend testing.",JHU,0,1
86113,86113,86131,AFR::CMR,2015-01-01,2015-12-28,0,0,0,,2015-12-28,2,JHU Cholera Database (UID: 5103),0.95,"Converted from JHU database. Primary: True, Phantom: False - JHU reported 5 deaths | Adjusted synthetic outcome counts for dashboard environmental trend testing.",JHU,0,1
86114,86114,86132,AFR::CMR,2015-01-08,2015-01-14,0,0,0,,2015-01-14,2,JHU Cholera Database (UID: 5103),0.95,"Converted from JHU database. Primary: True, Phantom: False - JHU reported 0 cases | Adjusted synthetic outcome counts for dashboard environmental trend testing.",JHU,0,1
86115,86115,86133,AFR::CMR,2015-01-15,2015-01-21,0,0,0,,2015-01-21,2,JHU Cholera Database (UID: 5103),0.95,"Converted from JHU database. Primary: True, Phantom: False - JHU reported 0 cases | Adjusted synthetic outcome counts for dashboard environmental trend testing.",JHU,0,1
86116,86116,86134,AFR::CMR,2015-01-22,2015-01-28,0,0,0,,2015-01-28,2,JHU Cholera Database (UID: 5103),0.95,"Converted from JHU database. Primary: True, Phantom: False - JHU reported 0 cases | Adjusted synthetic outcome counts for dashboard environmental trend testing.",JHU,0,1
86117,86117,86135,AFR::CMR,2015-01-29,2015-02-04,0,0,0,,2015-02-04,2,JHU Cholera Database (UID: 5103),0.95,"Converted from JHU database. Primary: True, Phantom: False - JHU reported 0 cases | Adjusted synthetic outcome counts for dashboard environmental trend testing.",JHU,0,1
86118,86118,86136,AFR::CMR,2015-02-05,2015-03-11,0,0,0,,2015-03-11,2,JHU Cholera Database (UID: 5103),0.95,"Converted from JHU database. Primary: True, Phantom: False - JHU reported 0 cases | Adjusted synthetic outcome counts for dashboard environmental trend testing.",JHU,0,1
86119,86119,86137,AFR::CMR,2015-03-12,2015-03-18,0,0,0,,2015-03-18,2,JHU Cholera Database (UID: 5103),0.95,"Converted from JHU database. Primary: True, Phantom: False - JHU reported 0 cases | Adjusted synthetic outcome counts for dashboard environmental trend testing.",JHU,0,1
86120,86120,86138,AFR::CMR,2015-03-19,2015-03-25,0,38,17,0.0,2015-03-25,2,JHU Cholera Database (UID: 5103),0.95,"Converted from JHU database. Primary: True, Phantom: False - JHU reported 1 cases | Adjusted synthetic outcome counts for dashboard environmental trend testing.",JHU,0,1
86121,86121,86139,AFR::CMR,2015-03-26,2015-04-01,0,0,0,,2015-04-01,2,JHU Cholera Database (UID: 5103),0.95,"Converted from JHU database. Primary: True, Phantom: False - JHU reported 0 cases | Adjusted synthetic outcome counts for dashboard environmental trend testing.",JHU,0,1
86122,86122,86140,AFR::CMR,2015-04-02,2015-04-08,0,28,0,,2015-04-08,2,JHU Cholera Database (UID: 5103),0.95,"Converted from JHU database. Primary: True, Phantom: False - JHU reported 1 cases | Adjusted synthetic outcome counts for dashboard environmental trend testing.",JHU,0,1
86123,86123,86141,AFR::CMR,2015-04-09,2015-04-15,0,0,0,,2015-04-15,2,JHU Cholera Database (UID: 5103),0.95,"Converted from JHU database. Primary: True, Phantom: False - JHU reported 0 cases | Adjusted synthetic outcome counts for dashboard environmental trend testing.",JHU,0,1
86124,86124,86142,AFR::CMR,2015-04-16,2015-04-22,0,0,0,,2015-04-22,2,JHU Cholera Database (UID: 5103),0.95,"Converted from JHU database. Primary: True, Phantom: False - JHU reported 0 cases | Adjusted synthetic outcome counts for dashboard environmental trend testing.",JHU,0,1
86125,86125,86143,AFR::CMR,2015-04-23,2015-04-29,0,0,0,,2015-04-29,2,JHU Cholera Database (UID: 5103),0.95,"Converted from JHU database. Primary: True, Phantom: False - JHU reported 0 cases | Adjusted synthetic outcome counts for dashboard environmental trend testing.",JHU,0,1
86126,86126,86144,AFR::CMR,2015-04-30,2015-05-06,2,174,117,1.71,2015-05-06,2,JHU Cholera Database (UID: 5103),0.95,"Converted from JHU database. Primary: True, Phantom: False - JHU reported 0 cases | Adjusted synthetic outcome counts for dashboard environmental trend testing.",JHU,0,1
86127,86127,86145,AFR::CMR,2015-05-07,2015-05-13,0,0,0,,2015-05-13,2,JHU Cholera Database (UID: 5103),0.95,"Converted from JHU database. Primary: True, Phantom: False - JHU reported 0 cases | Adjusted synthetic outcome counts for dashboard environmental trend testing.",JHU,0,1
86128,86128,86146,AFR::CMR,2015-05-14,2015-05-20,0,53,0,,2015-05-20,2,JHU Cholera Database (UID: 5103),0.95,"Converted from JHU database. Primary: True, Phantom: False - JHU reported 0 cases | Adjusted synthetic outcome counts for dashboard environmental trend testing.",JHU,0,1
86129,86129,86147,AFR::CMR,2015-05-21,2015-05-27,0,0,0,,2015-05-27,2,JHU Cholera Database (UID: 5103),0.95,"Converted from JHU database. Primary: True, Phantom: False - JHU reported 0 cases | Adjusted synthetic outcome counts for dashboard environmental trend testing.",JHU,0,1
86130,86130,86148,AFR::CMR,2015-05-28,2015-06-03,0,0,0,,2015-06-03,2,JHU Cholera Database (UID: 5103),0.95,"Converted from JHU database. Primary: True, Phantom: False - JHU reported 0 cases | Adjusted synthetic outcome counts for dashboard environmental trend testing.",JHU,0,1
86131,86131,86149,AFR::CMR,2015-06-04,2015-06-10,0,77,31,0.0,2015-06-10,2,JHU Cholera Database (UID: 5103),0.95,"Converted from JHU database. Primary: True, Phantom: False - JHU reported 0 cases | Adjusted synthetic outcome counts for dashboard environmental trend testing.",JHU,0,1
86132,86132,86150,AFR::CMR,2015-06-11,2015-06-17,0,0,0,,2015-06-17,2,JHU Cholera Database (UID: 5103),0.95,"Converted from JHU database. Primary: True, Phantom: False - JHU reported 0 cases | Adjusted synthetic outcome counts for dashboard environmental trend testing.",JHU,0,1
86133,86133,86151,AFR::CMR,2015-06-18,2015-06-24,0,28,0,,2015-06-24,2,JHU Cholera Database (UID: 5103),0.95,"Converted from JHU database. Primary: True, Phantom: False - JHU reported 1 cases | Adjusted synthetic outcome counts for dashboard environmental trend testing.",JHU,0,1
86134,86134,86152,AFR::CMR,2015-06-25,2015-07-01,0,0,0,,2015-07-01,2,JHU Cholera Database (UID: 5103),0.95,"Converted from JHU database. Primary: True, Phantom: False - JHU reported 0 cases | Adjusted synthetic outcome counts for dashboard environmental trend testing.",JHU,0,1
86135,86135,86153,AFR::CMR,2015-07-02,2015-07-08,0,0,0,,2015-07-08,2,JHU Cholera Database (UID: 5103),0.95,"Converted from JHU database. Primary: True, Phantom: False - JHU reported 0 cases | Adjusted synthetic outcome counts for dashboard environmental trend testing.",JHU,0,1
86136,86136,86154,AFR::CMR,2015-07-09,2015-07-15,0,33,0,,2015-07-15,2,JHU Cholera Database (UID: 5103),0.95,"Converted from JHU database. Primary: True, Phantom: False - JHU reported 3 cases | Adjusted synthetic outcome counts for dashboard environmental trend testing.",JHU,0,1
86137,86137,86155,AFR::CMR,2015-07-16,2015-07-22,0,0,0,,2015-07-22,2,JHU Cholera Database (UID: 5103),0.95,"Converted from JHU database. Primary: True, Phantom: False - JHU reported 0 cases | Adjusted synthetic outcome counts for dashboard environmental trend testing.",JHU,0,1
86138,86138,86156,AFR::CMR,2015-07-23,2015-07-29,1,80,27,3.7,2015-07-29,2,JHU Cholera Database (UID: 5103),0.95,"Converted from JHU database. Primary: True, Phantom: False - JHU reported 0 cases | Adjusted synthetic outcome counts for dashboard environmental trend testing.",JHU,0,1
86139,86139,86157,AFR::CMR,2015-07-30,2015-08-05,0,27,14,0.0,2015-08-05,2,JHU Cholera Database (UID: 5103),0.95,"Converted from JHU database. Primary: True, Phantom: False - JHU reported 1 cases | Adjusted synthetic outcome counts for dashboard environmental trend testing.",JHU,0,1
86140,86140,86158,AFR::CMR,2015-08-06,2015-08-12,0,0,0,,2015-08-12,2,JHU Cholera Database (UID: 5103),0.95,"Converted from JHU database. Primary: True, Phantom: False - JHU reported 0 cases | Adjusted synthetic outcome counts for dashboard environmental trend testing.",JHU,0,1
86141,86141,86159,AFR::CMR,2015-08-13,2015-08-19,0,60,14,0.0,2015-08-19,2,JHU Cholera Database (UID: 5103),0.95,"Converted from JHU database. Primary: True, Phantom: False - JHU reported 2 cases | Adjusted synthetic outcome counts for dashboard environmental trend testing.",JHU,0,1
86142,86142,86160,AFR::CMR,2015-08-20,2015-08-26,2,102,37,5.41,2015-08-26,2,JHU Cholera Database (UID: 5103),0.95,"Converted from JHU database. Primary: True, Phantom: False - JHU reported 3 cases | Adjusted synthetic outcome counts for dashboard environmental trend testing.",JHU,0,1
86143,86143,86161,AFR::CMR,2015-08-27,2015-09-02,0,21,8,0.0,2015-09-02,2,JHU Cholera Database (UID: 5103),0.95,"Converted from JHU database. Primary: True, Phantom: False - JHU reported 1 cases | Adjusted synthetic outcome counts for dashboard environmental trend testing.",JHU,0,1
86144,86144,86162,AFR::CMR,2015-09-03,2015-09-09,0,0,0,,2015-09-09,2,JHU Cholera Database (UID: 5103),0.95,"Converted from JHU database. Primary: True, Phantom: False - JHU reported 0 cases | Adjusted synthetic outcome counts for dashboard environmental trend testing.",JHU,0,1
86145,86145,86163,AFR::CMR,2015-09-10,2015-09-16,0,66,18,0.0,2015-09-16,2,JHU Cholera Database (UID: 5103),0.95,"Converted from JHU database. Primary: True, Phantom: False - JHU reported 4 cases | Adjusted synthetic outcome counts for dashboard environmental trend testing.",JHU,0,1
86146,86146,86164,AFR::CMR,2015-09-17,2015-09-23,0,0,0,,2015-09-23,2,JHU Cholera Database (UID: 5103),0.95,"Converted from JHU database. Primary: True, Phantom: False - JHU reported 3 cases | Adjusted synthetic outcome counts for dashboard environmental trend testing.",JHU,0,1
86147,86147,86165,AFR::CMR,2015-09-24,2015-09-30,0,0,0,,2015-09-30,2,JHU Cholera Database (UID: 5103),0.95,"Converted from JHU database. Primary: True, Phantom: False - JHU reported 3 cases | Adjusted synthetic outcome counts for dashboard environmental trend testing.",JHU,0,1
86148,86148,86166,AFR::CMR,2015-10-01,2015-10-07,0,51,0,,2015-10-07,2,JHU Cholera Database (UID: 5103),0.95,"Converted from JHU database. Primary: True, Phantom: False - JHU reported 2 cases | Adjusted synthetic outcome counts for dashboard environmental trend testing.",JHU,0,1
86149,86149,86167,AFR::CMR,2015-10-08,2015-10-14,0,0,0,,2015-10-14,2,JHU Cholera Database (UID: 5103),0.95,"Converted from JHU database. Primary: True, Phantom: False - JHU reported 0 cases | Adjusted synthetic outcome counts for dashboard environmental trend testing.",JHU,0,1
86150,86150,86168,AFR::CMR,2015-10-15,2015-10-21,0,47,20,0.0,2015-10-21,2,JHU Cholera Database (UID: 5103),0.95,"Converted from JHU database. Primary: True, Phantom: False - JHU reported 1 cases | Adjusted synthetic outcome counts for dashboard environmental trend testing.",JHU,0,1
86151,86151,86169,AFR::CMR,2015-10-22,2015-10-28,0,22,11,0.0,2015-10-28,2,JHU Cholera Database (UID: 5103),0.95,"Converted from JHU database. Primary: True, Phantom: False - JHU reported 17 cases | Adjusted synthetic outcome counts for dashboard environmental trend testing.",JHU,0,1
86152,86152,86170,AFR::CMR,2015-10-29,2015-11-04,0,35,14,0.0,2015-11-04,2,JHU Cholera Database (UID: 5103),0.95,"Converted from JHU database. Primary: True, Phantom: False - JHU reported 11 cases | Adjusted synthetic outcome counts for dashboard environmental trend testing.",JHU,0,1
86153,86153,86171,AFR::CMR,2015-11-05,2015-11-11,0,24,11,0.0,2015-11-11,2,JHU Cholera Database (UID: 5103),0.95,"Converted from JHU database. Primary: True, Phantom: False - JHU reported 7 cases | Adjusted synthetic outcome counts for dashboard environmental trend testing.",JHU,0,1
86154,86154,86172,AFR::CMR,2015-11-12,2015-11-18,0,0,0,,2015-11-18,2,JHU Cholera Database (UID: 5103),0.95,"Converted from JHU database. Primary: True, Phantom: False - JHU reported 5 cases | Adjusted synthetic outcome counts for dashboard environmental trend testing.",JHU,0,1
86155,86155,86173,AFR::CMR,2015-11-19,2015-11-25,0,49,16,0.0,2015-11-25,2,JHU Cholera Database (UID: 5103),0.95,"Converted from JHU database. Primary: True, Phantom: False - JHU reported 10 cases | Adjusted synthetic outcome counts for dashboard environmental trend testing.",JHU,0,1
86156,86156,86174,AFR::CMR,2015-11-26,2015-12-02,0,14,0,,2015-12-02,2,JHU Cholera Database (UID: 5103),0.95,"Converted from JHU database. Primary: True, Phantom: False - JHU reported 2 cases | Adjusted synthetic outcome counts for dashboard environmental trend testing.",JHU,0,1
86157,86157,86175,AFR::CMR,2015-12-03,2015-12-09,0,0,0,,2015-12-09,2,JHU Cholera Database (UID: 5103),0.95,"Converted from JHU database. Primary: True, Phantom: False - JHU reported 5 cases | Adjusted synthetic outcome counts for dashboard environmental trend testing.",JHU,0,1
86158,86158,86176,AFR::CMR,2015-12-10,2015-12-16,0,30,12,0.0,2015-12-16,2,JHU Cholera Database (UID: 5103),0.95,"Converted from JHU database. Primary: True, Phantom: False - JHU reported 30 cases | Adjusted synthetic outcome counts for dashboard environmental trend testing.",JHU,0,1
86159,86159,86177,AFR::CMR,2015-12-17,2015-12-23,0,0,0,,2015-12-23,2,JHU Cholera Database (UID: 5103),0.95,"Converted from JHU database. Primary: True, Phantom: False - JHU reported 3 cases | Adjusted synthetic outcome counts for dashboard environmental trend testing.",JHU,0,1
86160,86160,86178,AFR::CMR,2015-12-24,2015-12-30,0,43,0,,2015-12-30,2,JHU Cholera Database (UID: 5103),0.95,"Converted from JHU database. Primary: True, Phantom: False - JHU reported 4 cases | Adjusted synthetic outcome counts for dashboard environmental trend testing.",JHU,0,1
86161,86161,86179,AFR::CMR,2015-12-31,2016-01-06,0,0,0,,2016-01-06,2,JHU Cholera Database (UID: 5103),0.95,"Converted from JHU database. Primary: True, Phantom: False - JHU reported 0 cases | Adjusted synthetic outcome counts for dashboard environmental trend testing.",JHU,0,1
86162,86162,86180,AFR::CMR,2016-01-01,2016-12-28,0,42,0,,2016-12-28,2,JHU Cholera Database (UID: 5103),0.95,"Converted from JHU database. Primary: True, Phantom: False - JHU reported 1 deaths | Adjusted synthetic outcome counts for dashboard environmental trend testing.",JHU,0,1
86163,86163,86181,AFR::CMR,2016-01-07,2016-01-13,0,0,0,,2016-01-13,2,JHU Cholera Database (UID: 5103),0.95,"Converted from JHU database. Primary: True, Phantom: False - JHU reported 0 cases | Adjusted synthetic outcome counts for dashboard environmental trend testing.",JHU,0,1
86164,86164,86182,AFR::CMR,2016-01-14,2016-01-20,0,0,0,,2016-01-20,2,JHU Cholera Database (UID: 5103),0.95,"Converted from JHU database. Primary: True, Phantom: False - JHU reported 0 cases | Adjusted synthetic outcome counts for dashboard environmental trend testing.",JHU,0,1
86165,86165,86183,AFR::CMR,2016-01-21,2016-01-27,0,0,0,,2016-01-27,2,JHU Cholera Database (UID: 5103),0.95,"Converted from JHU database. Primary: True, Phantom: False - JHU reported 0 cases | Adjusted synthetic outcome counts for dashboard environmental trend testing.",JHU,0,1
86166,86166,86184,AFR::CMR,2016-01-28,2016-02-03,0,0,0,,2016-02-03,2,JHU Cholera Database (UID: 5103),0.95,"Converted from JHU database. Primary: True, Phantom: False - JHU reported 0 cases | Adjusted synthetic outcome counts for dashboard environmental trend testing.",JHU,0,1
86167,86167,86185,AFR::CMR,2016-02-04,2016-02-10,0,0,0,,2016-02-10,2,JHU Cholera Database (UID: 5103),0.95,"Converted from JHU database. Primary: True, Phantom: False - JHU reported 0 cases | Adjusted synthetic outcome counts for dashboard environmental trend testing.",JHU,0,1
86168,86168,86186,AFR::CMR,2016-02-11,2016-02-17,0,0,0,,2016-02-17,2,JHU Cholera Database (UID: 5103),0.95,"Converted from JHU database. Primary: True, Phantom: False - JHU reported 0 cases | Adjusted synthetic outcome counts for dashboard environmental trend testing.",JHU,0,1
86169,86169,86187,AFR::CMR,2016-02-18,2016-02-24,0,0,0,,2016-02-24,2,JHU Cholera Database (UID: 5103),0.95,"Converted from JHU database. Primary: True, Phantom: False - JHU reported 0 cases | Adjusted synthetic outcome counts for dashboard environmental trend testing.",JHU,0,1
86170,86170,86188,AFR::CMR,2016-02-25,2016-03-02,0,0,0,,2016-03-02,2,JHU Cholera Database (UID: 5103),0.95,"Converted from JHU database. Primary: True, Phantom: False - JHU reported 0 cases | Adjusted synthetic outcome counts for dashboard environmental trend testing.",JHU,0,1
86171,86171,86189,AFR::CMR,2016-03-03,2016-03-09,0,0,0,,2016-03-09,2,JHU Cholera Database (UID: 5103),0.95,"Converted from JHU database. Primary: True, Phantom: False - JHU reported 0 cases | Adjusted synthetic outcome counts for dashboard environmental trend testing.",JHU,0,1
86172,86172,86190,AFR::CMR,2016-03-10,2016-03-16,0,0,0,,2016-03-16,2,JHU Cholera Database (UID: 5103),0.95,"Converted from JHU database. Primary: True, Phantom: False - JHU reported 0 cases | Adjusted synthetic outcome counts for dashboard environmental trend testing.",JHU,0,1
86173,86173,86191,AFR::CMR,2016-03-17,2016-03-23,0,0,0,,2016-03-23,2,JHU Cholera Database (UID: 5103),0.95,"Converted from JHU database. Primary: True, Phantom: False - JHU reported 0 cases | Adjusted synthetic outcome counts for dashboard environmental trend testing.",JHU,0,1
86174,86174,86192,AFR::CMR,2016-03-24,2016-03-30,0,0,0,,2016-03-30,2,JHU Cholera Database (UID: 5103),0.95,"Converted from JHU database. Primary: True, Phantom: False - JHU reported 0 cases | Adjusted synthetic outcome counts for dashboard environmental trend testing.",JHU,0,1
86175,86175,86193,AFR::CMR,2016-03-31,2016-04-06,0,2,1,0.0,2016-04-06,2,JHU Cholera Database (UID: 5103),0.95,"Converted from JHU database. Primary: True, Phantom: False - JHU reported 0 cases | Adjusted synthetic outcome counts for dashboard environmental trend testing.",JHU,0,1
86176,86176,86194,AFR::CMR,2016-04-07,2016-04-13,0,0,0,,2016-04-13,2,JHU Cholera Database (UID: 5103),0.95,"Converted from JHU database. Primary: True, Phantom: False - JHU reported 0 cases | Adjusted synthetic outcome counts for dashboard environmental trend testing.",JHU,0,1
86177,86177,86195,AFR::CMR,2016-04-14,2016-04-20,0,0,0,,2016-04-20,2,JHU Cholera Database (UID: 5103),0.95,"Converted from JHU database. Primary: True, Phantom: False - JHU reported 0 cases | Adjusted synthetic outcome counts for dashboard environmental trend testing.",JHU,0,1
86178,86178,86196,AFR::CMR,2016-04-21,2016-04-27,0,0,0,,2016-04-27,2,JHU Cholera Database (UID: 5103),0.95,"Converted from JHU database. Primary: True, Phantom: False - JHU reported 0 cases | Adjusted synthetic outcome counts for dashboard environmental trend testing.",JHU,0,1
86179,86179,86197,AFR::CMR,2016-04-28,2016-05-04,0,60,23,0.0,2016-05-04,2,JHU Cholera Database (UID: 5103),0.95,"Converted from JHU database. Primary: True, Phantom: False - JHU reported 1 cases | Adjusted synthetic outcome counts for dashboard environmental trend testing.",JHU,0,1
86180,86180,86198,AFR::CMR,2016-05-05,2016-05-11,0,21,0,,2016-05-11,2,JHU Cholera Database (UID: 5103),0.95,"Converted from JHU database. Primary: True, Phantom: False - JHU reported 0 cases | Adjusted synthetic outcome counts for dashboard environmental trend testing.",JHU,0,1
86181,86181,86199,AFR::CMR,2016-05-12,2016-05-18,0,0,0,,2016-05-18,2,JHU Cholera Database (UID: 5103),0.95,"Converted from JHU database. Primary: True, Phantom: False - JHU reported 0 cases | Adjusted synthetic outcome counts for dashboard environmental trend testing.",JHU,0,1
86182,86182,86200,AFR::CMR,2016-05-19,2016-05-25,0,0,0,,2016-05-25,2,JHU Cholera Database (UID: 5103),0.95,"Converted from JHU database. Primary: True, Phantom: False - JHU reported 0 cases | Adjusted synthetic outcome counts for dashboard environmental trend testing.",JHU,0,1
86183,86183,86201,AFR::CMR,2016-05-26,2016-06-01,0,0,0,,2016-06-01,2,JHU Cholera Database (UID: 5103),0.95,"Converted from JHU database. Primary: True, Phantom: False - JHU reported 0 cases | Adjusted synthetic outcome counts for dashboard environmental trend testing.",JHU,0,1
86184,86184,86202,AFR::CMR,2016-06-02,2016-06-08,0,0,0,,2016-06-08,2,JHU Cholera Database (UID: 5103),0.95,"Converted from JHU database. Primary: True, Phantom: False - JHU reported 0 cases | Adjusted synthetic outcome counts for dashboard environmental trend testing.",JHU,0,1
86185,86185,86203,AFR::CMR,2016-06-09,2016-06-15,0,0,0,,2016-06-15,2,JHU Cholera Database (UID: 5103),0.95,"Converted from JHU database. Primary: True, Phantom: False - JHU reported 0 cases | Adjusted synthetic outcome counts for dashboard environmental trend testing.",JHU,0,1
86186,86186,86204,AFR::CMR,2016-06-16,2016-06-22,0,0,0,,2016-06-22,2,JHU Cholera Database (UID: 5103),0.95,"Converted from JHU database. Primary: True, Phantom: False - JHU reported 0 cases | Adjusted synthetic outcome counts for dashboard environmental trend testing.",JHU,0,1
86187,86187,86205,AFR::CMR,2016-06-23,2016-06-29,0,0,0,,2016-06-29,2,JHU Cholera Database (UID: 5103),0.95,"Converted from JHU database. Primary: True, Phantom: False - JHU reported 0 cases | Adjusted synthetic outcome counts for dashboard environmental trend testing.",JHU,0,1
86188,86188,86206,AFR::CMR,2016-06-30,2016-07-06,0,0,0,,2016-07-06,2,JHU Cholera Database (UID: 5103),0.95,"Converted from JHU database. Primary: True, Phantom: False - JHU reported 0 cases | Adjusted synthetic outcome counts for dashboard environmental trend testing.",JHU,0,1
86189,86189,86207,AFR::CMR,2016-07-07,2016-07-13,0,0,0,,2016-07-13,2,JHU Cholera Database (UID: 5103),0.95,"Converted from JHU database. Primary: True, Phantom: False - JHU reported 0 cases | Adjusted synthetic outcome counts for dashboard environmental trend testing.",JHU,0,1
86190,86190,86208,AFR::CMR,2016-07-14,2016-07-20,0,98,40,0.0,2016-07-20,2,JHU Cholera Database (UID: 5103),0.95,"Converted from JHU database. Primary: True, Phantom: False - JHU reported 1 cases | Adjusted synthetic outcome counts for dashboard environmental trend testing.",JHU,0,1
86191,86191,86209,AFR::CMR,2016-07-21,2016-07-27,0,0,0,,2016-07-27,2,JHU Cholera Database (UID: 5103),0.95,"Converted from JHU database. Primary: True, Phantom: False - JHU reported 0 cases | Adjusted synthetic outcome counts for dashboard environmental trend testing.",JHU,0,1
86192,86192,86210,AFR::CMR,2016-07-28,2016-08-03,1,67,28,3.57,2016-08-03,2,JHU Cholera Database (UID: 5103),0.95,"Converted from JHU database. Primary: True, Phantom: False - JHU reported 2 cases | Adjusted synthetic outcome counts for dashboard environmental trend testing.",JHU,0,1
86193,86193,86211,AFR::CMR,2016-08-04,2016-08-10,1,65,20,5.0,2016-08-10,2,JHU Cholera Database (UID: 5103),0.95,"Converted from JHU database. Primary: True, Phantom: False - JHU reported 2 cases | Adjusted synthetic outcome counts for dashboard environmental trend testing.",JHU,0,1
86194,86194,86212,AFR::CMR,2016-08-11,2016-08-17,0,0,0,,2016-08-17,2,JHU Cholera Database (UID: 5103),0.95,"Converted from JHU database. Primary: True, Phantom: False - JHU reported 0 cases | Adjusted synthetic outcome counts for dashboard environmental trend testing.",JHU,0,1
86195,86195,86213,AFR::CMR,2016-08-18,2016-08-24,0,92,0,,2016-08-24,2,JHU Cholera Database (UID: 5103),0.95,"Converted from JHU database. Primary: True, Phantom: False - JHU reported 5 cases | Adjusted synthetic outcome counts for dashboard environmental trend testing.",JHU,0,1
86196,86196,86214,AFR::CMR,2016-08-25,2016-08-31,0,0,0,,2016-08-31,2,JHU Cholera Database (UID: 5103),0.95,"Converted from JHU database. Primary: True, Phantom: False - JHU reported 0 cases | Adjusted synthetic outcome counts for dashboard environmental trend testing.",JHU,0,1
86197,86197,86215,AFR::CMR,2016-09-01,2016-09-07,0,0,0,,2016-09-07,2,JHU Cholera Database (UID: 5103),0.95,"Converted from JHU database. Primary: True, Phantom: False - JHU reported 0 cases | Adjusted synthetic outcome counts for dashboard environmental trend testing.",JHU,0,1
86198,86198,86216,AFR::CMR,2016-09-08,2016-09-14,0,0,0,,2016-09-14,2,JHU Cholera Database (UID: 5103),0.95,"Converted from JHU database. Primary: True, Phantom: False - JHU reported 0 cases | Adjusted synthetic outcome counts for dashboard environmental trend testing.",JHU,0,1
86199,86199,86217,AFR::CMR,2016-09-15,2016-09-21,0,39,0,,2016-09-21,2,JHU Cholera Database (UID: 5103),0.95,"Converted from JHU database. Primary: True, Phantom: False - JHU reported 1 cases | Adjusted synthetic outcome counts for dashboard environmental trend testing.",JHU,0,1
86200,86200,86218,AFR::CMR,2016-09-22,2016-09-28,0,0,0,,2016-09-28,2,JHU Cholera Database (UID: 5103),0.95,"Converted from JHU database. Primary: True, Phantom: False - JHU reported 0 cases | Adjusted synthetic outcome counts for dashboard environmental trend testing.",JHU,0,1
86201,86201,86219,AFR::CMR,2016-09-29,2016-10-05,0,0,0,,2016-10-05,2,JHU Cholera Database (UID: 5103),0.95,"Converted from JHU database. Primary: True, Phantom: False - JHU reported 0 cases | Adjusted synthetic outcome counts for dashboard environmental trend testing.",JHU,0,1
86202,86202,86220,AFR::CMR,2016-10-06,2016-10-12,0,0,0,,2016-10-12,2,JHU Cholera Database (UID: 5103),0.95,"Converted from JHU database. Primary: True, Phantom: False - JHU reported 0 cases | Adjusted synthetic outcome counts for dashboard environmental trend testing.",JHU,0,1
86203,86203,86221,AFR::CMR,2016-10-13,2016-10-19,0,0,0,,2016-10-19,2,JHU Cholera Database (UID: 5103),0.95,"Converted from JHU database. Primary: True, Phantom: False - JHU reported 0 cases | Adjusted synthetic outcome counts for dashboard environmental trend testing.",JHU,0,1
86204,86204,86222,AFR::CMR,2016-10-20,2016-10-26,0,32,0,,2016-10-26,2,JHU Cholera Database (UID: 5103),0.95,"Converted from JHU database. Primary: True, Phantom: False - JHU reported 1 cases | Adjusted synthetic outcome counts for dashboard environmental trend testing.",JHU,0,1
86205,86205,86223,AFR::CMR,2016-10-27,2016-11-02,0,0,0,,2016-11-02,2,JHU Cholera Database (UID: 5103),0.95,"Converted from JHU database. Primary: True, Phantom: False - JHU reported 0 cases | Adjusted synthetic outcome counts for dashboard environmental trend testing.",JHU,0,1
86206,86206,86224,AFR::CMR,2016-11-03,2016-11-09,0,0,0,,2016-11-09,2,JHU Cholera Database (UID: 5103),0.95,"Converted from JHU database. Primary: True, Phantom: False - JHU reported 0 cases | Adjusted synthetic outcome counts for dashboard environmental trend testing.",JHU,0,1
86207,86207,86225,AFR::CMR,2016-11-10,2016-11-16,0,33,15,0.0,2016-11-16,2,JHU Cholera Database (UID: 5103),0.95,"Converted from JHU database. Primary: True, Phantom: False - JHU reported 2 cases | Adjusted synthetic outcome counts for dashboard environmental trend testing.",JHU,0,1
86208,86208,86226,AFR::CMR,2016-11-17,2016-11-23,0,94,0,,2016-11-23,2,JHU Cholera Database (UID: 5103),0.95,"Converted from JHU database. Primary: True, Phantom: False - JHU reported 0 cases | Adjusted synthetic outcome counts for dashboard environmental trend testing.",JHU,0,1
86209,86209,86227,AFR::CMR,2016-11-24,2016-11-30,0,62,0,,2016-11-30,2,JHU Cholera Database (UID: 5103),0.95,"Converted from JHU database. Primary: True, Phantom: False - JHU reported 32 cases | Adjusted synthetic outcome counts for dashboard environmental trend testing.",JHU,0,1
86210,86210,86228,AFR::CMR,2016-12-01,2016-12-07,0,59,14,0.0,2016-12-07,2,JHU Cholera Database (UID: 5103),0.95,"Converted from JHU database. Primary: True, Phantom: False - JHU reported 27 cases | Adjusted synthetic outcome counts for dashboard environmental trend testing.",JHU,0,1
86211,86211,86229,AFR::CMR,2016-12-08,2016-12-14,0,0,0,,2016-12-14,2,JHU Cholera Database (UID: 5103),0.95,"Converted from JHU database. Primary: True, Phantom: False - JHU reported 0 cases | Adjusted synthetic outcome counts for dashboard environmental trend testing.",JHU,0,1
86212,86212,86230,AFR::CMR,2016-12-15,2016-12-21,0,0,0,,2016-12-21,2,JHU Cholera Database (UID: 5103),0.95,"Converted from JHU database. Primary: True, Phantom: False - JHU reported 0 cases | Adjusted synthetic outcome counts for dashboard environmental trend testing.",JHU,0,1
86213,86213,86231,AFR::CMR,2016-12-22,2016-12-28,0,0,0,,2016-12-28,2,JHU Cholera Database (UID: 5103),0.95,"Converted from JHU database. Primary: True, Phantom: False - JHU reported 0 cases | Adjusted synthetic outcome counts for dashboard environmental trend testing.",JHU,0,1
86214,86214,86232,AFR::CMR,2018-01-01,2018-01-07,0,0,0,,2018-01-07,2,JHU Cholera Database (UID: 5103),0.95,"Converted from JHU database. Primary: True, Phantom: False - JHU reported 0 cases | Adjusted synthetic outcome counts for dashboard environmental trend testing.",JHU,0,1
86215,86215,86233,AFR::CMR,2018-01-08,2018-01-14,0,0,0,,2018-01-14,2,JHU Cholera Database (UID: 5103),0.95,"Converted from JHU database. Primary: True, Phantom: False - JHU reported 0 cases | Adjusted synthetic outcome counts for dashboard environmental trend testing.",JHU,0,1
86216,86216,86234,AFR::CMR,2018-01-15,2018-01-21,0,0,0,,2018-01-21,2,JHU Cholera Database (UID: 5103),0.95,"Converted from JHU database. Primary: True, Phantom: False - JHU reported 0 cases | Adjusted synthetic outcome counts for dashboard environmental trend testing.",JHU,0,1
86217,86217,86235,AFR::CMR,2018-01-22,2018-01-28,0,0,0,,2018-01-28,2,JHU Cholera Database (UID: 5103),0.95,"Converted from JHU database. Primary: True, Phantom: False - JHU reported 2 cases | Adjusted synthetic outcome counts for dashboard environmental trend testing.",JHU,0,1
86218,86218,86236,AFR::CMR,2018-01-29,2018-02-04,0,0,0,,2018-02-04,2,JHU Cholera Database (UID: 5103),0.95,"Converted from JHU database. Primary: True, Phantom: False - JHU reported 0 cases | Adjusted synthetic outcome counts for dashboard environmental trend testing.",JHU,0,1
86219,86219,86237,AFR::CMR,2018-02-05,2018-02-11,0,0,0,,2018-02-11,2,JHU Cholera Database (UID: 5103),0.95,"Converted from JHU database. Primary: True, Phantom: False - JHU reported 0 cases | Adjusted synthetic outcome counts for dashboard environmental trend testing.",JHU,0,1
86220,86220,86238,AFR::CMR,2018-02-12,2018-02-18,0,1,0,,2018-02-18,2,JHU Cholera Database (UID: 5103),0.95,"Converted from JHU database. Primary: True, Phantom: False - JHU reported 0 cases | Adjusted synthetic outcome counts for dashboard environmental trend testing.",JHU,0,1
86221,86221,86239,AFR::CMR,2018-02-19,2018-02-25,0,0,0,,2018-02-25,2,JHU Cholera Database (UID: 5103),0.95,"Converted from JHU database. Primary: True, Phantom: False - JHU reported 0 cases | Adjusted synthetic outcome counts for dashboard environmental trend testing.",JHU,0,1
86222,86222,86240,AFR::CMR,2018-02-26,2018-03-04,0,0,0,,2018-03-04,2,JHU Cholera Database (UID: 5103),0.95,"Converted from JHU database. Primary: True, Phantom: False - JHU reported 0 cases | Adjusted synthetic outcome counts for dashboard environmental trend testing.",JHU,0,1
86223,86223,86241,AFR::CMR,2018-03-05,2018-03-11,0,0,0,,2018-03-11,2,JHU Cholera Database (UID: 5103),0.95,"Converted from JHU database. Primary: True, Phantom: False - JHU reported 0 cases | Adjusted synthetic outcome counts for dashboard environmental trend testing.",JHU,0,1
86224,86224,86242,AFR::CMR,2018-03-12,2018-03-18,0,3,0,,2018-03-18,2,JHU Cholera Database (UID: 5103),0.95,"Converted from JHU database. Primary: True, Phantom: False - JHU reported 1 cases | Adjusted synthetic outcome counts for dashboard environmental trend testing.",JHU,0,1
86225,86225,86243,AFR::CMR,2018-03-19,2018-03-25,0,0,0,,2018-03-25,2,JHU Cholera Database (UID: 5103),0.95,"Converted from JHU database. Primary: True, Phantom: False - JHU reported 0 cases | Adjusted synthetic outcome counts for dashboard environmental trend testing.",JHU,0,1
86226,86226,86244,AFR::CMR,2018-03-26,2018-04-01,1,54,36,2.78,2018-04-01,2,JHU Cholera Database (UID: 5103),0.95,"Converted from JHU database. Primary: True, Phantom: False - JHU reported 4 cases | Adjusted synthetic outcome counts for dashboard environmental trend testing.",JHU,0,1
86227,86227,86245,AFR::CMR,2018-04-02,2018-04-08,0,12,0,,2018-04-08,2,JHU Cholera Database (UID: 5103),0.95,"Converted from JHU database. Primary: True, Phantom: False - JHU reported 3 cases | Adjusted synthetic outcome counts for dashboard environmental trend testing.",JHU,0,1
86228,86228,86246,AFR::CMR,2018-04-09,2018-04-15,0,0,0,,2018-04-15,2,JHU Cholera Database (UID: 5103),0.95,"Converted from JHU database. Primary: True, Phantom: False - JHU reported 0 cases | Adjusted synthetic outcome counts for dashboard environmental trend testing.",JHU,0,1
86229,86229,86247,AFR::CMR,2018-04-16,2018-04-22,0,6,3,0.0,2018-04-22,2,JHU Cholera Database (UID: 5103),0.95,"Converted from JHU database. Primary: True, Phantom: False - JHU reported 1 cases | Adjusted synthetic outcome counts for dashboard environmental trend testing.",JHU,0,1
86230,86230,86248,AFR::CMR,2018-04-23,2018-04-29,0,0,0,,2018-04-29,2,JHU Cholera Database (UID: 5103),0.95,"Converted from JHU database. Primary: True, Phantom: False - JHU reported 0 cases | Adjusted synthetic outcome counts for dashboard environmental trend testing.",JHU,0,1
86231,86231,86249,AFR::CMR,2018-04-30,2018-05-06,0,0,0,,2018-05-06,2,JHU Cholera Database (UID: 5103),0.95,"Converted from JHU database. Primary: True, Phantom: False - JHU reported 0 cases | Adjusted synthetic outcome counts for dashboard environmental trend testing.",JHU,0,1
86232,86232,86250,AFR::CMR,2018-05-07,2018-05-13,0,18,0,,2018-05-13,2,JHU Cholera Database (UID: 5103),0.95,"Converted from JHU database. Primary: True, Phantom: False - JHU reported 1 cases | Adjusted synthetic outcome counts for dashboard environmental trend testing.",JHU,0,1
86233,86233,86259,AFR::CMR,2018-07-09,2018-07-15,0,5,0,,2018-07-15,2,JHU Cholera Database (UID: 5103),0.95,"Converted from JHU database. Primary: True, Phantom: False - JHU reported 13 cases | Adjusted synthetic outcome counts for dashboard environmental trend testing.",JHU,0,1
86234,86234,86260,AFR::CMR,2018-07-16,2018-07-22,0,70,45,0.0,2018-07-22,2,JHU Cholera Database (UID: 5103),0.95,"Converted from JHU database. Primary: True, Phantom: False - JHU reported 70 cases | Adjusted synthetic outcome counts for dashboard environmental trend testing.",JHU,0,1
86235,86235,86261,AFR::CMR,2018-07-23,2018-07-29,1,95,43,2.33,2018-07-29,2,JHU Cholera Database (UID: 5103),0.95,"Converted from JHU database. Primary: True, Phantom: False - JHU reported 50 cases | Adjusted synthetic outcome counts for dashboard environmental trend testing.",JHU,0,1
86236,86236,86262,AFR::CMR,2018-07-30,2018-08-05,0,38,11,0.0,2018-08-05,2,JHU Cholera Database (UID: 5103),0.95,"Converted from JHU database. Primary: True, Phantom: False - JHU reported 33 cases | Adjusted synthetic outcome counts for dashboard environmental trend testing.",JHU,0,1
86237,86237,86264,AFR::CMR,2018-08-13,2018-08-19,0,52,0,,2018-08-19,2,JHU Cholera Database (UID: 5103),0.95,"Converted from JHU database. Primary: True, Phantom: False - JHU reported 15 cases | Adjusted synthetic outcome counts for dashboard environmental trend testing.",JHU,0,1
86238,86238,86265,AFR::CMR,2018-08-27,2018-09-02,1,38,24,4.17,2018-09-02,2,JHU Cholera Database (UID: 5103),0.95,"Converted from JHU database. Primary: True, Phantom: False - JHU reported 16 cases | Adjusted synthetic outcome counts for dashboard environmental trend testing.",JHU,0,1
86239,86239,86266,AFR::CMR,2018-09-03,2018-09-09,0,28,0,,2018-09-09,2,JHU Cholera Database (UID: 5103),0.95,"Converted from JHU database. Primary: True, Phantom: False - JHU reported 7 cases | Adjusted synthetic outcome counts for dashboard environmental trend testing.",JHU,0,1
86240,86240,86267,AFR::CMR,2018-09-10,2018-09-16,0,51,0,,2018-09-16,2,JHU Cholera Database (UID: 5103),0.95,"Converted from JHU database. Primary: True, Phantom: False - JHU reported 51 cases | Adjusted synthetic outcome counts for dashboard environmental trend testing.",JHU,0,1
86241,86241,86268,AFR::CMR,2018-09-17,2018-09-23,4,245,130,3.08,2018-09-23,2,JHU Cholera Database (UID: 5103),0.95,"Converted from JHU database. Primary: True, Phantom: False - JHU reported 34 cases | Adjusted synthetic outcome counts for dashboard environmental trend testing.",JHU,0,1
86242,86242,86269,AFR::CMR,2018-09-24,2018-09-30,0,52,32,0.0,2018-09-30,2,JHU Cholera Database (UID: 5103),0.95,"Converted from JHU database. Primary: True, Phantom: False - JHU reported 52 cases | Adjusted synthetic outcome counts for dashboard environmental trend testing.",JHU,0,1
86243,86243,86270,AFR::CMR,2018-10-01,2018-10-07,0,56,16,0.0,2018-10-07,2,JHU Cholera Database (UID: 5103),0.95,"Converted from JHU database. Primary: True, Phantom: False - JHU reported 44 cases | Adjusted synthetic outcome counts for dashboard environmental trend testing.",JHU,0,1
86244,86244,86271,AFR::CMR,2018-10-08,2018-10-14,0,0,0,,2018-10-14,2,JHU Cholera Database (UID: 5103),0.95,"Converted from JHU database. Primary: True, Phantom: False - JHU reported 49 cases | Adjusted synthetic outcome counts for dashboard environmental trend testing.",JHU,0,1
86245,86245,86272,AFR::CMR,2018-10-15,2018-10-21,0,99,0,,2018-10-21,2,JHU Cholera Database (UID: 5103),0.95,"Converted from JHU database. Primary: True, Phantom: False - JHU reported 99 cases | Adjusted synthetic outcome counts for dashboard environmental trend testing.",JHU,0,1
86246,86246,86273,AFR::CMR,2018-10-22,2018-10-28,0,102,0,,2018-10-28,2,JHU Cholera Database (UID: 5103),0.95,"Converted from JHU database. Primary: True, Phantom: False - JHU reported 102 cases | Adjusted synthetic outcome counts for dashboard environmental trend testing.",JHU,0,1
86247,86247,86274,AFR::CMR,2018-10-29,2018-11-04,0,101,0,,2018-11-04,2,JHU Cholera Database (UID: 5103),0.95,"Converted from JHU database. Primary: True, Phantom: False - JHU reported 101 cases | Adjusted synthetic outcome counts for dashboard environmental trend testing.",JHU,0,1
86248,86248,86275,AFR::CMR,2018-11-05,2018-11-11,0,0,0,,2018-11-11,2,JHU Cholera Database (UID: 5103),0.95,"Converted from JHU database. Primary: True, Phantom: False - JHU reported 91 cases | Adjusted synthetic outcome counts for dashboard environmental trend testing.",JHU,0,1
86249,86249,86276,AFR::CMR,2018-11-12,2018-11-18,0,51,0,,2018-11-18,2,JHU Cholera Database (UID: 5103),0.95,"Converted from JHU database. Primary: True, Phantom: False - JHU reported 51 cases | Adjusted synthetic outcome counts for dashboard environmental trend testing.",JHU,0,1
86250,86250,86277,AFR::CMR,2018-11-19,2018-11-25,0,33,14,0.0,2018-11-25,2,JHU Cholera Database (UID: 5103),0.95,"Converted from JHU database. Primary: True, Phantom: False - JHU reported 30 cases | Adjusted synthetic outcome counts for dashboard environmental trend testing.",JHU,0,1
86251,86251,86278,AFR::CMR,2018-11-26,2018-12-02,0,22,0,,2018-12-02,2,JHU Cholera Database (UID: 5103),0.95,"Converted from JHU database. Primary: True, Phantom: False - JHU reported 11 cases | Adjusted synthetic outcome counts for dashboard environmental trend testing.",JHU,0,1
86252,86252,86279,AFR::CMR,2018-12-03,2018-12-09,1,47,27,3.7,2018-12-09,2,JHU Cholera Database (UID: 5103),0.95,"Converted from JHU database. Primary: True, Phantom: False - JHU reported 2 cases | Adjusted synthetic outcome counts for dashboard environmental trend testing.",JHU,0,1
86253,86253,86280,AFR::CMR,2018-12-10,2018-12-16,0,0,0,,2018-12-16,2,JHU Cholera Database (UID: 5103),0.95,"Converted from JHU database. Primary: True, Phantom: False - JHU reported 0 cases | Adjusted synthetic outcome counts for dashboard environmental trend testing.",JHU,0,1
86254,86254,86281,AFR::CMR,2018-12-17,2018-12-23,0,32,20,0.0,2018-12-23,2,JHU Cholera Database (UID: 5103),0.95,"Converted from JHU database. Primary: True, Phantom: False - JHU reported 1 cases | Adjusted synthetic outcome counts for dashboard environmental trend testing.",JHU,0,1
86255,86255,86282,AFR::CMR,2018-12-24,2018-12-30,0,0,0,,2018-12-30,2,JHU Cholera Database (UID: 5103),0.95,"Converted from JHU database. Primary: True, Phantom: False - JHU reported 0 cases | Adjusted synthetic outcome counts for dashboard environmental trend testing.",JHU,0,1
86256,86256,86283,AFR::CMR,2018-12-31,2019-01-06,0,0,0,,2019-01-06,2,JHU Cholera Database (UID: 5103),0.95,"Converted from JHU database. Primary: True, Phantom: False - JHU reported 2 cases, 0 deaths | Adjusted synthetic outcome counts for dashboard environmental trend testing.",JHU,0,1
86257,86257,86284,AFR::CMR,2019-01-07,2019-01-13,0,26,0,,2019-01-13,2,JHU Cholera Database (UID: 5103),0.95,"Converted from JHU database. Primary: True, Phantom: False - JHU reported 2 cases, 0 deaths | Adjusted synthetic outcome counts for dashboard environmental trend testing.",JHU,0,1
86258,86258,86285,AFR::CMR,2019-01-14,2019-01-20,0,14,5,0.0,2019-01-20,2,JHU Cholera Database (UID: 5103),0.95,"Converted from JHU database. Primary: True, Phantom: False - JHU reported 1 cases, 0 deaths | Adjusted synthetic outcome counts for dashboard environmental trend testing.",JHU,0,1
86259,86259,86286,AFR::CMR,2019-01-21,2019-01-27,0,25,15,0.0,2019-01-27,2,JHU Cholera Database (UID: 5103),0.95,"Converted from JHU database. Primary: True, Phantom: False - JHU reported 1 cases, 0 deaths | Adjusted synthetic outcome counts for dashboard environmental trend testing.",JHU,0,1
86260,86260,86287,AFR::CMR,2019-01-28,2019-02-03,0,50,21,0.0,2019-02-03,2,JHU Cholera Database (UID: 5103),0.95,"Converted from JHU database. Primary: True, Phantom: False - JHU reported 1 cases, 0 deaths | Adjusted synthetic outcome counts for dashboard environmental trend testing.",JHU,0,1
86261,86261,86288,AFR::CMR,2019-02-04,2019-02-10,0,0,0,,2019-02-10,2,JHU Cholera Database (UID: 5103),0.95,"Converted from JHU database. Primary: True, Phantom: False - JHU reported 0 cases, 0 deaths | Adjusted synthetic outcome counts for dashboard environmental trend testing.",JHU,0,1
86262,86262,86289,AFR::CMR,2019-02-11,2019-02-17,0,0,0,,2019-02-17,2,JHU Cholera Database (UID: 5103),0.95,"Converted from JHU database. Primary: True, Phantom: False - JHU reported 0 cases, 0 deaths | Adjusted synthetic outcome counts for dashboard environmental trend testing.",JHU,0,1
86263,86263,86290,AFR::CMR,2019-02-18,2019-02-24,0,22,5,0.0,2019-02-24,2,JHU Cholera Database (UID: 5103),0.95,"Converted from JHU database. Primary: True, Phantom: False - JHU reported 2 cases, 0 deaths | Adjusted synthetic outcome counts for dashboard environmental trend testing.",JHU,0,1
86264,86264,86291,AFR::CMR,2019-02-25,2019-03-03,0,31,19,0.0,2019-03-03,2,JHU Cholera Database (UID: 5103),0.95,"Converted from JHU database. Primary: True, Phantom: False - JHU reported 4 cases, 0 deaths | Adjusted synthetic outcome counts for dashboard environmental trend testing.",JHU,0,1
86265,86265,86292,AFR::CMR,2019-03-04,2019-03-10,0,62,30,0.0,2019-03-10,2,JHU Cholera Database (UID: 5103),0.95,"Converted from JHU database. Primary: True, Phantom: False - JHU reported 8 cases, 0 deaths | Adjusted synthetic outcome counts for dashboard environmental trend testing.",JHU,0,1
86266,86266,86293,AFR::CMR,2019-03-11,2019-03-17,0,61,0,,2019-03-17,2,JHU Cholera Database (UID: 5103),0.95,"Converted from JHU database. Primary: True, Phantom: False - JHU reported 18 cases, 0 deaths | Adjusted synthetic outcome counts for dashboard environmental trend testing.",JHU,0,1
86267,86267,86294,AFR::CMR,2019-03-18,2019-03-24,0,50,0,,2019-03-24,2,JHU Cholera Database (UID: 5103),0.95,"Converted from JHU database. Primary: True, Phantom: False - JHU reported 5 cases, 1 deaths | Adjusted synthetic outcome counts for dashboard environmental trend testing.",JHU,0,1
86268,86268,86295,AFR::CMR,2019-03-25,2019-03-31,0,3,0,,2019-03-31,2,JHU Cholera Database (UID: 5103),0.95,"Converted from JHU database. Primary: True, Phantom: False - JHU reported 8 cases | Adjusted synthetic outcome counts for dashboard environmental trend testing.",JHU,0,1
86269,86269,86296,AFR::CMR,2019-04-01,2019-04-07,1,40,24,4.17,2019-04-07,2,JHU Cholera Database (UID: 5103),0.95,"Converted from JHU database. Primary: True, Phantom: False - JHU reported 1 cases | Adjusted synthetic outcome counts for dashboard environmental trend testing.",JHU,0,1
86270,86270,86297,AFR::CMR,2019-04-08,2019-04-14,1,51,26,3.85,2019-04-14,2,JHU Cholera Database (UID: 5103),0.95,"Converted from JHU database. Primary: True, Phantom: False - JHU reported 3 cases | Adjusted synthetic outcome counts for dashboard environmental trend testing.",JHU,0,1
86271,86271,86298,AFR::CMR,2019-04-15,2019-04-21,0,77,44,0.0,2019-04-21,2,JHU Cholera Database (UID: 5103),0.95,"Converted from JHU database. Primary: True, Phantom: False - JHU reported 1 cases | Adjusted synthetic outcome counts for dashboard environmental trend testing.",JHU,0,1
86272,86272,86299,AFR::CMR,2019-04-22,2019-04-28,0,58,15,0.0,2019-04-28,2,JHU Cholera Database (UID: 5103),0.95,"Converted from JHU database. Primary: True, Phantom: False - JHU reported 7 cases | Adjusted synthetic outcome counts for dashboard environmental trend testing.",JHU,0,1
86273,86273,86300,AFR::CMR,2019-04-29,2019-05-05,0,27,0,,2019-05-05,2,JHU Cholera Database (UID: 5103),0.95,"Converted from JHU database. Primary: True, Phantom: False - JHU reported 5 cases | Adjusted synthetic outcome counts for dashboard environmental trend testing.",JHU,0,1
86274,86274,86301,AFR::CMR,2019-05-06,2019-05-12,0,30,16,0.0,2019-05-12,2,JHU Cholera Database (UID: 5103),0.95,"Converted from JHU database. Primary: True, Phantom: False - JHU reported 2 cases | Adjusted synthetic outcome counts for dashboard environmental trend testing.",JHU,0,1
86275,86275,86302,AFR::CMR,2019-05-13,2019-05-19,0,0,0,,2019-05-19,2,JHU Cholera Database (UID: 5103),0.95,"Converted from JHU database. Primary: True, Phantom: False - JHU reported 0 cases | Adjusted synthetic outcome counts for dashboard environmental trend testing.",JHU,0,1
86276,86276,86303,AFR::CMR,2019-05-20,2019-05-26,0,54,15,0.0,2019-05-26,2,JHU Cholera Database (UID: 5103),0.95,"Converted from JHU database. Primary: True, Phantom: False - JHU reported 3 cases | Adjusted synthetic outcome counts for dashboard environmental trend testing.",JHU,0,1
86277,86277,86304,AFR::CMR,2019-05-27,2019-06-02,0,82,0,,2019-06-02,2,JHU Cholera Database (UID: 5103),0.95,"Converted from JHU database. Primary: True, Phantom: False - JHU reported 6 cases | Adjusted synthetic outcome counts for dashboard environmental trend testing.",JHU,0,1
86278,86278,86305,AFR::CMR,2019-06-03,2019-06-09,0,34,14,0.0,2019-06-09,2,JHU Cholera Database (UID: 5103),0.95,"Converted from JHU database. Primary: True, Phantom: False - JHU reported 6 cases | Adjusted synthetic outcome counts for dashboard environmental trend testing.",JHU,0,1
86279,86279,86306,AFR::CMR,2019-06-17,2019-06-23,0,53,0,,2019-06-23,2,JHU Cholera Database (UID: 5103),0.95,"Converted from JHU database. Primary: True, Phantom: False - JHU reported 7 cases, 7 deaths | Adjusted synthetic outcome counts for dashboard environmental trend testing.",JHU,0,1
86280,86280,86307,AFR::CMR,2019-06-24,2019-06-30,0,65,25,0.0,2019-06-30,2,JHU Cholera Database (UID: 5103),0.95,"Converted from JHU database. Primary: True, Phantom: False - JHU reported 26 cases | Adjusted synthetic outcome counts for dashboard environmental trend testing.",JHU,0,1
86281,86281,86308,AFR::CMR,2019-07-01,2019-07-07,1,28,18,5.56,2019-07-07,2,JHU Cholera Database (UID: 5103),0.95,"Converted from JHU database. Primary: True, Phantom: False - JHU reported 23 cases, 6 deaths | Adjusted synthetic outcome counts for dashboard environmental trend testing.",JHU,0,1
86282,86282,86309,AFR::CMR,2019-07-08,2019-07-14,0,28,0,,2019-07-14,2,JHU Cholera Database (UID: 5103),0.95,"Converted from JHU database. Primary: True, Phantom: False - JHU reported 21 cases | Adjusted synthetic outcome counts for dashboard environmental trend testing.",JHU,0,1
86283,86283,86310,AFR::CMR,2019-07-15,2019-07-21,0,68,26,0.0,2019-07-21,2,JHU Cholera Database (UID: 5103),0.95,"Converted from JHU database. Primary: True, Phantom: False - JHU reported 29 cases | Adjusted synthetic outcome counts for dashboard environmental trend testing.",JHU,0,1
86284,86284,86311,AFR::CMR,2019-07-22,2019-07-28,1,43,13,7.69,2019-07-28,2,JHU Cholera Database (UID: 5103),0.95,"Converted from JHU database. Primary: True, Phantom: False - JHU reported 43 cases, 1 deaths | Adjusted synthetic outcome counts for dashboard environmental trend testing.",JHU,0,1
86285,86285,86312,AFR::CMR,2019-07-29,2019-08-04,1,35,20,5.0,2019-08-04,2,JHU Cholera Database (UID: 5103),0.95,"Converted from JHU database. Primary: True, Phantom: False - JHU reported 35 cases, 1 deaths | Adjusted synthetic outcome counts for dashboard environmental trend testing.",JHU,0,1
86286,86286,86313,AFR::CMR,2019-08-05,2019-08-11,1,33,15,6.67,2019-08-11,2,JHU Cholera Database (UID: 5103),0.95,"Converted from JHU database. Primary: True, Phantom: False - JHU reported 33 cases, 1 deaths | Adjusted synthetic outcome counts for dashboard environmental trend testing.",JHU,0,1
86287,86287,86314,AFR::CMR,2019-08-12,2019-08-18,0,28,17,0.0,2019-08-18,2,JHU Cholera Database (UID: 5103),0.95,"Converted from JHU database. Primary: True, Phantom: False - JHU reported 28 cases | Adjusted synthetic outcome counts for dashboard environmental trend testing.",JHU,0,1
86288,86288,86315,AFR::CMR,2019-08-19,2019-08-25,0,0,0,,2019-08-25,2,JHU Cholera Database (UID: 5103),0.95,"Converted from JHU database. Primary: True, Phantom: False - JHU reported 10 cases | Adjusted synthetic outcome counts for dashboard environmental trend testing.",JHU,0,1
86289,86289,86316,AFR::CMR,2019-08-26,2019-09-01,1,49,29,3.45,2019-09-01,2,JHU Cholera Database (UID: 5103),0.95,"Converted from JHU database. Primary: True, Phantom: False - JHU reported 32 cases | Adjusted synthetic outcome counts for dashboard environmental trend testing.",JHU,0,1
86290,86290,86317,AFR::CMR,2019-09-02,2019-09-08,1,69,17,5.88,2019-09-08,2,JHU Cholera Database (UID: 5103),0.95,"Converted from JHU database. Primary: True, Phantom: False - JHU reported 32 cases, 5 deaths | Adjusted synthetic outcome counts for dashboard environmental trend testing.",JHU,0,1
86291,86291,86318,AFR::CMR,2019-09-09,2019-09-15,0,16,0,,2019-09-15,2,JHU Cholera Database (UID: 5103),0.95,"Converted from JHU database. Primary: True, Phantom: False - JHU reported 16 cases | Adjusted synthetic outcome counts for dashboard environmental trend testing.",JHU,0,1
86292,86292,86319,AFR::CMR,2019-09-16,2019-09-22,0,39,20,0.0,2019-09-22,2,JHU Cholera Database (UID: 5103),0.95,"Converted from JHU database. Primary: True, Phantom: False - JHU reported 20 cases | Adjusted synthetic outcome counts for dashboard environmental trend testing.",JHU,0,1
86293,86293,86320,AFR::CMR,2019-09-23,2019-09-29,0,28,12,0.0,2019-09-29,2,JHU Cholera Database (UID: 5103),0.95,"Converted from JHU database. Primary: True, Phantom: False - JHU reported 28 cases, 2 deaths | Adjusted synthetic outcome counts for dashboard environmental trend testing.",JHU,0,1
86294,86294,86321,AFR::CMR,2019-09-30,2019-10-06,0,93,39,0.0,2019-10-06,2,JHU Cholera Database (UID: 5103),0.95,"Converted from JHU database. Primary: True, Phantom: False - JHU reported 10 cases | Adjusted synthetic outcome counts for dashboard environmental trend testing.",JHU,0,1
86295,86295,86322,AFR::CMR,2019-10-07,2019-10-13,1,82,52,1.92,2019-10-13,2,JHU Cholera Database (UID: 5103),0.95,"Converted from JHU database. Primary: True, Phantom: False - JHU reported 42 cases | Adjusted synthetic outcome counts for dashboard environmental trend testing.",JHU,0,1
86296,86296,86323,AFR::CMR,2019-10-14,2019-10-20,0,40,0,,2019-10-20,2,JHU Cholera Database (UID: 5103),0.95,"Converted from JHU database. Primary: True, Phantom: False - JHU reported 6 cases | Adjusted synthetic outcome counts for dashboard environmental trend testing.",JHU,0,1
86297,86297,86324,AFR::CMR,2019-10-21,2019-10-27,0,31,0,,2019-10-27,2,JHU Cholera Database (UID: 5103),0.95,"Converted from JHU database. Primary: True, Phantom: False - JHU reported 31 cases | Adjusted synthetic outcome counts for dashboard environmental trend testing.",JHU,0,1
86298,86298,86325,AFR::CMR,2019-10-28,2019-11-03,0,3,0,,2019-11-03,2,JHU Cholera Database (UID: 5103),0.95,"Converted from JHU database. Primary: True, Phantom: False - JHU reported 17 cases | Adjusted synthetic outcome counts for dashboard environmental trend testing.",JHU,0,1
86299,86299,86326,AFR::CMR,2019-11-04,2019-11-10,0,13,0,,2019-11-10,2,JHU Cholera Database (UID: 5103),0.95,"Converted from JHU database. Primary: True, Phantom: False - JHU reported 6 cases, 1 deaths | Adjusted synthetic outcome counts for dashboard environmental trend testing.",JHU,0,1
86300,86300,86327,AFR::CMR,2019-11-11,2019-11-17,2,101,36,5.56,2019-11-17,2,JHU Cholera Database (UID: 5103),0.95,"Converted from JHU database. Primary: True, Phantom: False - JHU reported 101 cases, 5 deaths | Adjusted synthetic outcome counts for dashboard environmental trend testing.",JHU,0,1
86301,86301,86328,AFR::CMR,2019-11-18,2019-11-24,1,44,24,4.17,2019-11-24,2,JHU Cholera Database (UID: 5103),0.95,"Converted from JHU database. Primary: True, Phantom: False - JHU reported 37 cases, 5 deaths | Adjusted synthetic outcome counts for dashboard environmental trend testing.",JHU,0,1
86302,86302,86329,AFR::CMR,2019-11-25,2019-12-01,1,70,21,4.76,2019-12-01,2,JHU Cholera Database (UID: 5103),0.95,"Converted from JHU database. Primary: True, Phantom: False - JHU reported 70 cases, 3 deaths | Adjusted synthetic outcome counts for dashboard environmental trend testing.",JHU,0,1
86303,86303,86330,AFR::CMR,2019-12-02,2019-12-08,1,62,29,3.45,2019-12-08,2,JHU Cholera Database (UID: 5103),0.95,"Converted from JHU database. Primary: True, Phantom: False - JHU reported 29 cases | Adjusted synthetic outcome counts for dashboard environmental trend testing.",JHU,0,1
86304,86304,86331,AFR::CMR,2019-12-09,2019-12-15,0,0,0,,2019-12-15,2,JHU Cholera Database (UID: 5103),0.95,"Converted from JHU database. Primary: True, Phantom: False - JHU reported 125 cases | Adjusted synthetic outcome counts for dashboard environmental trend testing.",JHU,0,1
86305,86305,86332,AFR::CMR,2019-12-16,2019-12-22,2,60,39,5.13,2019-12-22,2,JHU Cholera Database (UID: 5103),0.95,"Converted from JHU database. Primary: True, Phantom: False - JHU reported 60 cases, 2 deaths | Adjusted synthetic outcome counts for dashboard environmental trend testing.",JHU,0,1
86306,86306,86333,AFR::CMR,2019-12-23,2019-12-29,0,49,0,,2019-12-29,2,JHU Cholera Database (UID: 5103),0.95,"Converted from JHU database. Primary: True, Phantom: False - JHU reported 47 cases | Adjusted synthetic outcome counts for dashboard environmental trend testing.",JHU,0,1
86307,86307,86334,AFR::CMR,2021-01-04,2021-01-10,0,0,0,,2021-01-10,2,JHU Cholera Database (UID: 5103),0.95,"Converted from JHU database. Primary: True, Phantom: False - JHU reported 0 cases | Adjusted synthetic outcome counts for dashboard environmental trend testing.",JHU,0,1
86308,86308,86335,AFR::CMR,2021-01-04,2021-07-04,1,50,26,3.85,2021-07-04,2,JHU Cholera Database (UID: 5103),0.95,"Converted from JHU database. Primary: True, Phantom: False - JHU reported 10 cases, 1 deaths | Adjusted synthetic outcome counts for dashboard environmental trend testing.",JHU,0,1
86309,86309,86336,AFR::CMR,2021-01-11,2021-01-17,0,0,0,,2021-01-17,2,JHU Cholera Database (UID: 5103),0.95,"Converted from JHU database. Primary: True, Phantom: False - JHU reported 0 cases | Adjusted synthetic outcome counts for dashboard environmental trend testing.",JHU,0,1
86310,86310,86337,AFR::CMR,2021-01-18,2021-01-24,0,0,0,,2021-01-24,2,JHU Cholera Database (UID: 5103),0.95,"Converted from JHU database. Primary: True, Phantom: False - JHU reported 0 cases | Adjusted synthetic outcome counts for dashboard environmental trend testing.",JHU,0,1
86311,86311,86338,AFR::CMR,2021-01-25,2021-01-31,0,42,15,0.0,2021-01-31,2,JHU Cholera Database (UID: 5103),0.95,"Converted from JHU database. Primary: True, Phantom: False - JHU reported 10 cases | Adjusted synthetic outcome counts for dashboard environmental trend testing.",JHU,0,1
86312,86312,86339,AFR::CMR,2021-02-01,2021-02-07,1,44,26,3.85,2021-02-07,2,JHU Cholera Database (UID: 5103),0.95,"Converted from JHU database. Primary: True, Phantom: False - JHU reported 0 cases | Adjusted synthetic outcome counts for dashboard environmental trend testing.",JHU,0,1
86313,86313,86340,AFR::CMR,2021-02-08,2021-02-14,0,0,0,,2021-02-14,2,JHU Cholera Database (UID: 5103),0.95,"Converted from JHU database. Primary: True, Phantom: False - JHU reported 0 cases | Adjusted synthetic outcome counts for dashboard environmental trend testing.",JHU,0,1
86314,86314,86341,AFR::CMR,2021-02-15,2021-02-21,0,50,0,,2021-02-21,2,JHU Cholera Database (UID: 5103),0.95,"Converted from JHU database. Primary: True, Phantom: False - JHU reported 10 cases | Adjusted synthetic outcome counts for dashboard environmental trend testing.",JHU,0,1
86315,86315,86342,AFR::CMR,2021-02-22,2021-02-28,0,10,0,,2021-02-28,2,JHU Cholera Database (UID: 5103),0.95,"Converted from JHU database. Primary: True, Phantom: False - JHU reported 10 cases | Adjusted synthetic outcome counts for dashboard environmental trend testing.",JHU,0,1
86316,86316,86343,AFR::CMR,2021-03-01,2021-03-07,0,0,0,,2021-03-07,2,JHU Cholera Database (UID: 5103),0.95,"Converted from JHU database. Primary: True, Phantom: False - JHU reported 0 cases | Adjusted synthetic outcome counts for dashboard environmental trend testing.",JHU,0,1
86317,86317,86344,AFR::CMR,2021-03-08,2021-03-14,1,44,27,3.7,2021-03-14,2,JHU Cholera Database (UID: 5103),0.95,"Converted from JHU database. Primary: True, Phantom: False - JHU reported 0 cases | Adjusted synthetic outcome counts for dashboard environmental trend testing.",JHU,0,1
86318,86318,86345,AFR::CMR,2021-03-15,2021-03-21,0,0,0,,2021-03-21,2,JHU Cholera Database (UID: 5103),0.95,"Converted from JHU database. Primary: True, Phantom: False - JHU reported 0 cases | Adjusted synthetic outcome counts for dashboard environmental trend testing.",JHU,0,1
86319,86319,86346,AFR::CMR,2021-03-22,2021-03-28,0,0,0,,2021-03-28,2,JHU Cholera Database (UID: 5103),0.95,"Converted from JHU database. Primary: True, Phantom: False - JHU reported 0 cases | Adjusted synthetic outcome counts for dashboard environmental trend testing.",JHU,0,1
86320,86320,86347,AFR::CMR,2021-03-29,2021-04-04,0,0,0,,2021-04-04,2,JHU Cholera Database (UID: 5103),0.95,"Converted from JHU database. Primary: True, Phantom: False - JHU reported 0 cases | Adjusted synthetic outcome counts for dashboard environmental trend testing.",JHU,0,1
86321,86321,86348,AFR::CMR,2021-04-05,2021-04-11,0,0,0,,2021-04-11,2,JHU Cholera Database (UID: 5103),0.95,"Converted from JHU database. Primary: True, Phantom: False - JHU reported 0 cases | Adjusted synthetic outcome counts for dashboard environmental trend testing.",JHU,0,1
86322,86322,86349,AFR::CMR,2021-04-12,2021-04-18,0,0,0,,2021-04-18,2,JHU Cholera Database (UID: 5103),0.95,"Converted from JHU database. Primary: True, Phantom: False - JHU reported 0 cases | Adjusted synthetic outcome counts for dashboard environmental trend testing.",JHU,0,1
86323,86323,86350,AFR::CMR,2021-04-19,2021-04-25,0,28,16,0.0,2021-04-25,2,JHU Cholera Database (UID: 5103),0.95,"Converted from JHU database. Primary: True, Phantom: False - JHU reported 0 cases | Adjusted synthetic outcome counts for dashboard environmental trend testing.",JHU,0,1
86324,86324,86351,AFR::CMR,2021-04-26,2021-05-02,0,0,0,,2021-05-02,2,JHU Cholera Database (UID: 5103),0.95,"Converted from JHU database. Primary: True, Phantom: False - JHU reported 0 cases | Adjusted synthetic outcome counts for dashboard environmental trend testing.",JHU,0,1
86325,86325,86352,AFR::CMR,2021-05-03,2021-05-09,0,0,0,,2021-05-09,2,JHU Cholera Database (UID: 5103),0.95,"Converted from JHU database. Primary: True, Phantom: False - JHU reported 0 cases | Adjusted synthetic outcome counts for dashboard environmental trend testing.",JHU,0,1
86326,86326,86353,AFR::CMR,2021-05-10,2021-05-16,0,0,0,,2021-05-16,2,JHU Cholera Database (UID: 5103),0.95,"Converted from JHU database. Primary: True, Phantom: False - JHU reported 0 cases | Adjusted synthetic outcome counts for dashboard environmental trend testing.",JHU,0,1
86327,86327,86354,AFR::CMR,2021-05-17,2021-05-23,0,0,0,,2021-05-23,2,JHU Cholera Database (UID: 5103),0.95,"Converted from JHU database. Primary: True, Phantom: False - JHU reported 0 cases | Adjusted synthetic outcome counts for dashboard environmental trend testing.",JHU,0,1
86328,86328,86355,AFR::CMR,2021-05-24,2021-05-30,0,19,8,0.0,2021-05-30,2,JHU Cholera Database (UID: 5103),0.95,"Converted from JHU database. Primary: True, Phantom: False - JHU reported 0 cases | Adjusted synthetic outcome counts for dashboard environmental trend testing.",JHU,0,1
86329,86329,86356,AFR::CMR,2021-05-31,2021-06-06,0,0,0,,2021-06-06,2,JHU Cholera Database (UID: 5103),0.95,"Converted from JHU database. Primary: True, Phantom: False - JHU reported 0 cases | Adjusted synthetic outcome counts for dashboard environmental trend testing.",JHU,0,1
86330,86330,86357,AFR::CMR,2021-06-07,2021-06-13,0,0,0,,2021-06-13,2,JHU Cholera Database (UID: 5103),0.95,"Converted from JHU database. Primary: True, Phantom: False - JHU reported 0 cases | Adjusted synthetic outcome counts for dashboard environmental trend testing.",JHU,0,1
86331,86331,86358,AFR::CMR,2021-06-14,2021-06-20,0,0,0,,2021-06-20,2,JHU Cholera Database (UID: 5103),0.95,"Converted from JHU database. Primary: True, Phantom: False - JHU reported 0 cases | Adjusted synthetic outcome counts for dashboard environmental trend testing.",JHU,0,1
86332,86332,86359,AFR::CMR,2021-06-21,2021-06-27,0,0,0,,2021-06-27,2,JHU Cholera Database (UID: 5103),0.95,"Converted from JHU database. Primary: True, Phantom: False - JHU reported 0 cases | Adjusted synthetic outcome counts for dashboard environmental trend testing.",JHU,0,1
86333,86333,86360,AFR::CMR,2021-06-28,2021-07-04,0,0,0,,2021-07-04,2,JHU Cholera Database (UID: 5103),0.95,"Converted from JHU database. Primary: True, Phantom: False - JHU reported 0 cases | Adjusted synthetic outcome counts for dashboard environmental trend testing.",JHU,0,1
86334,86334,86361,AFR::CMR,2021-07-05,2021-07-11,0,0,0,,2021-07-11,2,JHU Cholera Database (UID: 5103),0.95,"Converted from JHU database. Primary: True, Phantom: False - JHU reported 0 cases | Adjusted synthetic outcome counts for dashboard environmental trend testing.",JHU,0,1
86335,86335,86362,AFR::CMR,2021-07-12,2021-07-18,0,14,6,0.0,2021-07-18,2,JHU Cholera Database (UID: 5103),0.95,"Converted from JHU database. Primary: True, Phantom: False - JHU reported 10 cases | Adjusted synthetic outcome counts for dashboard environmental trend testing.",JHU,0,1
86336,86336,86363,AFR::CMR,2021-07-19,2021-07-25,0,0,0,,2021-07-25,2,JHU Cholera Database (UID: 5103),0.95,"Converted from JHU database. Primary: True, Phantom: False - JHU reported 0 cases | Adjusted synthetic outcome counts for dashboard environmental trend testing.",JHU,0,1
86337,86337,86364,AFR::CMR,2021-07-26,2021-08-01,0,0,0,,2021-08-01,2,JHU Cholera Database (UID: 5103),0.95,"Converted from JHU database. Primary: True, Phantom: False - JHU reported 0 cases | Adjusted synthetic outcome counts for dashboard environmental trend testing.",JHU,0,1
86338,86338,86365,AFR::CMR,2021-08-02,2021-08-08,0,25,8,0.0,2021-08-08,2,JHU Cholera Database (UID: 5103),0.95,"Converted from JHU database. Primary: True, Phantom: False - JHU reported 0 cases | Adjusted synthetic outcome counts for dashboard environmental trend testing.",JHU,0,1
86339,86339,86366,AFR::CMR,2021-08-09,2021-08-15,0,0,0,,2021-08-15,2,JHU Cholera Database (UID: 5103),0.95,"Converted from JHU database. Primary: True, Phantom: False - JHU reported 0 cases | Adjusted synthetic outcome counts for dashboard environmental trend testing.",JHU,0,1
86340,86340,86367,AFR::CMR,2021-08-16,2021-08-22,0,0,0,,2021-08-22,2,JHU Cholera Database (UID: 5103),0.95,"Converted from JHU database. Primary: True, Phantom: False - JHU reported 0 cases | Adjusted synthetic outcome counts for dashboard environmental trend testing.",JHU,0,1
86341,86341,86368,AFR::CMR,2021-08-23,2021-08-29,0,0,0,,2021-08-29,2,JHU Cholera Database (UID: 5103),0.95,"Converted from JHU database. Primary: True, Phantom: False - JHU reported 0 cases | Adjusted synthetic outcome counts for dashboard environmental trend testing.",JHU,0,1
86342,86342,86369,AFR::CMR,2021-08-30,2021-09-05,0,0,0,,2021-09-05,2,JHU Cholera Database (UID: 5103),0.95,"Converted from JHU database. Primary: True, Phantom: False - JHU reported 0 cases | Adjusted synthetic outcome counts for dashboard environmental trend testing.",JHU,0,1
86343,86343,86370,AFR::CMR,2021-09-06,2021-09-12,0,0,0,,2021-09-12,2,JHU Cholera Database (UID: 5103),0.95,"Converted from JHU database. Primary: True, Phantom: False - JHU reported 2 cases | Adjusted synthetic outcome counts for dashboard environmental trend testing.",JHU,0,1
86344,86344,86371,AFR::CMR,2021-09-13,2021-09-19,0,61,18,0.0,2021-09-19,2,JHU Cholera Database (UID: 5103),0.95,"Converted from JHU database. Primary: True, Phantom: False - JHU reported 10 cases | Adjusted synthetic outcome counts for dashboard environmental trend testing.",JHU,0,1
86345,86345,86372,AFR::CMR,2021-09-20,2021-09-26,0,0,0,,2021-09-26,2,JHU Cholera Database (UID: 5103),0.95,"Converted from JHU database. Primary: True, Phantom: False - JHU reported 0 cases | Adjusted synthetic outcome counts for dashboard environmental trend testing.",JHU,0,1
86346,86346,86373,AFR::CMR,2021-09-27,2021-10-03,0,0,0,,2021-10-03,2,JHU Cholera Database (UID: 5103),0.95,"Converted from JHU database. Primary: True, Phantom: False - JHU reported 0 cases | Adjusted synthetic outcome counts for dashboard environmental trend testing.",JHU,0,1
86347,86347,86374,AFR::CMR,2021-10-04,2021-10-10,0,0,0,,2021-10-10,2,JHU Cholera Database (UID: 5103),0.95,"Converted from JHU database. Primary: True, Phantom: False - JHU reported 0 cases | Adjusted synthetic outcome counts for dashboard environmental trend testing.",JHU,0,1
86348,86348,86375,AFR::CMR,2021-10-11,2021-10-17,0,56,0,,2021-10-17,2,JHU Cholera Database (UID: 5103),0.95,"Converted from JHU database. Primary: True, Phantom: False - JHU reported 10 cases | Adjusted synthetic outcome counts for dashboard environmental trend testing.",JHU,0,1
86349,86349,86376,AFR::CMR,2021-10-18,2021-10-24,0,23,0,,2021-10-24,2,JHU Cholera Database (UID: 5103),0.95,"Converted from JHU database. Primary: True, Phantom: False - JHU reported 10 cases | Adjusted synthetic outcome counts for dashboard environmental trend testing.",JHU,0,1
86350,86350,86377,AFR::CMR,2021-10-25,2021-10-31,0,13,6,0.0,2021-10-31,2,JHU Cholera Database (UID: 5103),0.95,"Converted from JHU database. Primary: True, Phantom: False - JHU reported 10 cases | Adjusted synthetic outcome counts for dashboard environmental trend testing.",JHU,0,1
86351,86351,86378,AFR::CMR,2021-11-01,2021-11-07,0,84,0,,2021-11-07,2,JHU Cholera Database (UID: 5103),0.95,"Converted from JHU database. Primary: True, Phantom: False - JHU reported 84 cases | Adjusted synthetic outcome counts for dashboard environmental trend testing.",JHU,0,1
86352,86352,86379,AFR::CMR,2021-11-08,2021-11-14,0,34,11,0.0,2021-11-14,2,JHU Cholera Database (UID: 5103),0.95,"Converted from JHU database. Primary: True, Phantom: False - JHU reported 34 cases | Adjusted synthetic outcome counts for dashboard environmental trend testing.",JHU,0,1
86353,86353,86380,AFR::CMR,2021-11-15,2021-11-21,0,0,0,,2021-11-21,2,JHU Cholera Database (UID: 5103),0.95,"Converted from JHU database. Primary: True, Phantom: False - JHU reported 30 cases | Adjusted synthetic outcome counts for dashboard environmental trend testing.",JHU,0,1
86354,86354,86381,AFR::CMR,2021-11-22,2021-11-28,0,20,0,,2021-11-28,2,JHU Cholera Database (UID: 5103),0.95,"Converted from JHU database. Primary: True, Phantom: False - JHU reported 20 cases | Adjusted synthetic outcome counts for dashboard environmental trend testing.",JHU,0,1
86355,86355,86382,AFR::CMR,2021-11-29,2021-12-05,1,201,75,1.33,2021-12-05,2,JHU Cholera Database (UID: 5103),0.95,"Converted from JHU database. Primary: True, Phantom: False - JHU reported 30 cases | Adjusted synthetic outcome counts for dashboard environmental trend testing.",JHU,0,1
86356,86356,86383,AFR::CMR,2021-12-06,2021-12-12,0,108,0,,2021-12-12,2,JHU Cholera Database (UID: 5103),0.95,"Converted from JHU database. Primary: True, Phantom: False - JHU reported 108 cases | Adjusted synthetic outcome counts for dashboard environmental trend testing.",JHU,0,1
86357,86357,86384,AFR::CMR,2021-12-13,2021-12-19,0,64,0,,2021-12-19,2,JHU Cholera Database (UID: 5103),0.95,"Converted from JHU database. Primary: True, Phantom: False - JHU reported 64 cases | Adjusted synthetic outcome counts for dashboard environmental trend testing.",JHU,0,1
86358,86358,86385,AFR::CMR,2021-12-20,2021-12-26,0,0,0,,2021-12-26,2,JHU Cholera Database (UID: 5103),0.95,"Converted from JHU database. Primary: True, Phantom: False - JHU reported 230 cases | Adjusted synthetic outcome counts for dashboard environmental trend testing.",JHU,0,1
86359,86359,86386,AFR::CMR,2021-12-27,2022-01-02,1,192,103,0.97,2022-01-02,2,JHU Cholera Database (UID: 5103),0.95,"Converted from JHU database. Primary: True, Phantom: False - JHU reported 192 cases | Adjusted synthetic outcome counts for dashboard environmental trend testing.",JHU,0,1
86360,86360,86387,AFR::CMR,2022-01-03,2022-01-09,0,94,0,,2022-01-09,2,JHU Cholera Database (UID: 5103),0.95,"Converted from JHU database. Primary: True, Phantom: False - JHU reported 94 cases | Adjusted synthetic outcome counts for dashboard environmental trend testing.",JHU,0,1
86361,86361,86388,AFR::CMR,2022-01-03,2023-01-01,0,14029,0,,2023-01-01,2,JHU Cholera Database (UID: 5103),0.95,"Converted from JHU database. Primary: True, Phantom: False - JHU reported 14029 cases, 303 deaths | Adjusted synthetic outcome counts for dashboard environmental trend testing.",JHU,0,1
86362,86362,86389,AFR::CMR,2022-01-10,2022-01-16,0,0,0,,2022-01-16,2,JHU Cholera Database (UID: 5103),0.95,"Converted from JHU database. Primary: True, Phantom: False - JHU reported 128 cases | Adjusted synthetic outcome counts for dashboard environmental trend testing.",JHU,0,1
86363,86363,86390,AFR::CMR,2022-01-17,2022-01-23,1,128,59,1.69,2022-01-23,2,JHU Cholera Database (UID: 5103),0.95,"Converted from JHU database. Primary: True, Phantom: False - JHU reported 128 cases | Adjusted synthetic outcome counts for dashboard environmental trend testing.",JHU,0,1
86364,86364,86391,AFR::CMR,2022-01-24,2022-01-30,0,182,0,,2022-01-30,2,JHU Cholera Database (UID: 5103),0.95,"Converted from JHU database. Primary: True, Phantom: False - JHU reported 182 cases | Adjusted synthetic outcome counts for dashboard environmental trend testing.",JHU,0,1
86365,86365,86392,AFR::CMR,2022-01-31,2022-02-06,0,236,0,,2022-02-06,2,JHU Cholera Database (UID: 5103),0.95,"Converted from JHU database. Primary: True, Phantom: False - JHU reported 236 cases | Adjusted synthetic outcome counts for dashboard environmental trend testing.",JHU,0,1
86366,86366,86393,AFR::CMR,2022-02-07,2022-02-13,0,128,0,,2022-02-13,2,JHU Cholera Database (UID: 5103),0.95,"Converted from JHU database. Primary: True, Phantom: False - JHU reported 128 cases | Adjusted synthetic outcome counts for dashboard environmental trend testing.",JHU,0,1
86367,86367,86394,AFR::CMR,2022-02-14,2022-02-20,0,148,77,0.0,2022-02-20,2,JHU Cholera Database (UID: 5103),0.95,"Converted from JHU database. Primary: True, Phantom: False - JHU reported 148 cases | Adjusted synthetic outcome counts for dashboard environmental trend testing.",JHU,0,1
86368,86368,86395,AFR::CMR,2022-02-21,2022-02-27,0,231,0,,2022-02-27,2,JHU Cholera Database (UID: 5103),0.95,"Converted from JHU database. Primary: True, Phantom: False - JHU reported 231 cases | Adjusted synthetic outcome counts for dashboard environmental trend testing.",JHU,0,1
86369,86369,86396,AFR::CMR,2022-02-28,2022-03-06,4,192,125,3.2,2022-03-06,2,JHU Cholera Database (UID: 5103),0.95,"Converted from JHU database. Primary: True, Phantom: False - JHU reported 192 cases | Adjusted synthetic outcome counts for dashboard environmental trend testing.",JHU,0,1
86370,86370,86397,AFR::CMR,2022-03-07,2022-03-13,1,212,57,1.75,2022-03-13,2,JHU Cholera Database (UID: 5103),0.95,"Converted from JHU database. Primary: True, Phantom: False - JHU reported 212 cases | Adjusted synthetic outcome counts for dashboard environmental trend testing.",JHU,0,1
86371,86371,86398,AFR::CMR,2022-03-14,2022-03-20,0,556,0,,2022-03-20,2,JHU Cholera Database (UID: 5103),0.95,"Converted from JHU database. Primary: True, Phantom: False - JHU reported 556 cases | Adjusted synthetic outcome counts for dashboard environmental trend testing.",JHU,0,1
86372,86372,86399,AFR::CMR,2022-03-21,2022-03-27,6,1403,854,0.7,2022-03-27,2,JHU Cholera Database (UID: 5103),0.95,"Converted from JHU database. Primary: True, Phantom: False - JHU reported 1403 cases | Adjusted synthetic outcome counts for dashboard environmental trend testing.",JHU,0,1
86373,86373,86400,AFR::CMR,2022-03-28,2022-04-03,13,994,559,2.33,2022-04-03,2,JHU Cholera Database (UID: 5103),0.95,"Converted from JHU database. Primary: True, Phantom: False - JHU reported 994 cases | Adjusted synthetic outcome counts for dashboard environmental trend testing.",JHU,0,1
86374,86374,86401,AFR::CMR,2022-04-04,2022-04-10,0,665,0,,2022-04-10,2,JHU Cholera Database (UID: 5103),0.95,"Converted from JHU database. Primary: True, Phantom: False - JHU reported 665 cases | Adjusted synthetic outcome counts for dashboard environmental trend testing.",JHU,0,1
86375,86375,86402,AFR::CMR,2022-04-11,2022-04-17,3,610,359,0.84,2022-04-17,2,JHU Cholera Database (UID: 5103),0.95,"Converted from JHU database. Primary: True, Phantom: False - JHU reported 610 cases | Adjusted synthetic outcome counts for dashboard environmental trend testing.",JHU,0,1
86376,86376,86403,AFR::CMR,2022-04-18,2022-04-24,0,492,0,,2022-04-24,2,JHU Cholera Database (UID: 5103),0.95,"Converted from JHU database. Primary: True, Phantom: False - JHU reported 492 cases | Adjusted synthetic outcome counts for dashboard environmental trend testing.",JHU,0,1
86377,86377,86404,AFR::CMR,2022-04-25,2022-05-01,5,458,264,1.89,2022-05-01,2,JHU Cholera Database (UID: 5103),0.95,"Converted from JHU database. Primary: True, Phantom: False - JHU reported 458 cases | Adjusted synthetic outcome counts for dashboard environmental trend testing.",JHU,0,1
86378,86378,86405,AFR::CMR,2022-05-02,2022-05-08,2,409,162,1.23,2022-05-08,2,JHU Cholera Database (UID: 5103),0.95,"Converted from JHU database. Primary: True, Phantom: False - JHU reported 409 cases | Adjusted synthetic outcome counts for dashboard environmental trend testing.",JHU,0,1
86379,86379,86406,AFR::CMR,2022-05-09,2022-05-15,4,320,153,2.61,2022-05-15,2,JHU Cholera Database (UID: 5103),0.95,"Converted from JHU database. Primary: True, Phantom: False - JHU reported 320 cases | Adjusted synthetic outcome counts for dashboard environmental trend testing.",JHU,0,1
86380,86380,86407,AFR::CMR,2022-05-16,2022-05-22,4,271,178,2.25,2022-05-22,2,JHU Cholera Database (UID: 5103),0.95,"Converted from JHU database. Primary: True, Phantom: False - JHU reported 271 cases | Adjusted synthetic outcome counts for dashboard environmental trend testing.",JHU,0,1
86381,86381,86408,AFR::CMR,2022-05-23,2022-05-29,0,463,0,,2022-05-29,2,JHU Cholera Database (UID: 5103),0.95,"Converted from JHU database. Primary: True, Phantom: False - JHU reported 463 cases | Adjusted synthetic outcome counts for dashboard environmental trend testing.",JHU,0,1
86382,86382,86409,AFR::CMR,2022-05-30,2022-06-05,3,330,121,2.48,2022-06-05,2,JHU Cholera Database (UID: 5103),0.95,"Converted from JHU database. Primary: True, Phantom: False - JHU reported 330 cases | Adjusted synthetic outcome counts for dashboard environmental trend testing.",JHU,0,1
86383,86383,86410,AFR::CMR,2022-06-06,2022-06-12,0,0,0,,2022-06-12,2,JHU Cholera Database (UID: 5103),0.95,"Converted from JHU database. Primary: True, Phantom: False - JHU reported 266 cases | Adjusted synthetic outcome counts for dashboard environmental trend testing.",JHU,0,1
86384,86384,86411,AFR::CMR,2022-06-13,2022-06-19,1,217,54,1.85,2022-06-19,2,JHU Cholera Database (UID: 5103),0.95,"Converted from JHU database. Primary: True, Phantom: False - JHU reported 217 cases | Adjusted synthetic outcome counts for dashboard environmental trend testing.",JHU,0,1
86385,86385,86412,AFR::CMR,2022-06-20,2022-06-26,0,236,0,,2022-06-26,2,JHU Cholera Database (UID: 5103),0.95,"Converted from JHU database. Primary: True, Phantom: False - JHU reported 236 cases | Adjusted synthetic outcome counts for dashboard environmental trend testing.",JHU,0,1
86386,86386,86413,AFR::CMR,2022-06-27,2022-07-03,2,310,191,1.05,2022-07-03,2,JHU Cholera Database (UID: 5103),0.95,"Converted from JHU database. Primary: True, Phantom: False - JHU reported 310 cases | Adjusted synthetic outcome counts for dashboard environmental trend testing.",JHU,0,1
86387,86387,86414,AFR::CMR,2022-07-04,2022-07-10,0,158,0,,2022-07-10,2,JHU Cholera Database (UID: 5103),0.95,"Converted from JHU database. Primary: True, Phantom: False - JHU reported 158 cases | Adjusted synthetic outcome counts for dashboard environmental trend testing.",JHU,0,1
86388,86388,86415,AFR::CMR,2022-07-11,2022-07-17,0,158,0,,2022-07-17,2,JHU Cholera Database (UID: 5103),0.95,"Converted from JHU database. Primary: True, Phantom: False - JHU reported 158 cases | Adjusted synthetic outcome counts for dashboard environmental trend testing.",JHU,0,1
86389,86389,86416,AFR::CMR,2022-07-18,2022-07-24,0,182,0,,2022-07-24,2,JHU Cholera Database (UID: 5103),0.95,"Converted from JHU database. Primary: True, Phantom: False - JHU reported 182 cases | Adjusted synthetic outcome counts for dashboard environmental trend testing.",JHU,0,1
86390,86390,86417,AFR::CMR,2022-07-25,2022-07-31,0,0,0,,2022-07-31,2,JHU Cholera Database (UID: 5103),0.95,"Converted from JHU database. Primary: True, Phantom: False - JHU reported 246 cases | Adjusted synthetic outcome counts for dashboard environmental trend testing.",JHU,0,1
86391,86391,86418,AFR::CMR,2022-08-01,2022-08-07,0,0,0,,2022-08-07,2,JHU Cholera Database (UID: 5103),0.95,"Converted from JHU database. Primary: True, Phantom: False - JHU reported 226 cases | Adjusted synthetic outcome counts for dashboard environmental trend testing.",JHU,0,1
86392,86392,86419,AFR::CMR,2022-08-08,2022-08-14,2,172,61,3.28,2022-08-14,2,JHU Cholera Database (UID: 5103),0.95,"Converted from JHU database. Primary: True, Phantom: False - JHU reported 172 cases | Adjusted synthetic outcome counts for dashboard environmental trend testing.",JHU,0,1
86393,86393,86420,AFR::CMR,2022-08-15,2022-08-21,0,340,0,,2022-08-21,2,JHU Cholera Database (UID: 5103),0.95,"Converted from JHU database. Primary: True, Phantom: False - JHU reported 340 cases | Adjusted synthetic outcome counts for dashboard environmental trend testing.",JHU,0,1
86394,86394,86421,AFR::CMR,2022-08-22,2022-08-28,5,399,205,2.44,2022-08-28,2,JHU Cholera Database (UID: 5103),0.95,"Converted from JHU database. Primary: True, Phantom: False - JHU reported 399 cases | Adjusted synthetic outcome counts for dashboard environmental trend testing.",JHU,0,1
86395,86395,86422,AFR::CMR,2022-08-29,2022-09-04,0,5,0,,2022-09-04,2,JHU Cholera Database (UID: 5103),0.95,"Converted from JHU database. Primary: True, Phantom: False - JHU reported 276 cases | Adjusted synthetic outcome counts for dashboard environmental trend testing.",JHU,0,1
86396,86396,86423,AFR::CMR,2022-09-05,2022-09-11,2,300,140,1.43,2022-09-11,2,JHU Cholera Database (UID: 5103),0.95,"Converted from JHU database. Primary: True, Phantom: False - JHU reported 300 cases | Adjusted synthetic outcome counts for dashboard environmental trend testing.",JHU,0,1
86397,86397,86424,AFR::CMR,2022-09-12,2022-09-18,1,256,0,,2022-09-18,2,JHU Cholera Database (UID: 5103),0.95,"Converted from JHU database. Primary: True, Phantom: False - JHU reported 256 cases | Adjusted synthetic outcome counts for dashboard environmental trend testing.",JHU,0,1
86398,86398,86425,AFR::CMR,2022-09-19,2022-09-25,6,271,128,4.69,2022-09-25,2,JHU Cholera Database (UID: 5103),0.95,"Converted from JHU database. Primary: True, Phantom: False - JHU reported 271 cases | Adjusted synthetic outcome counts for dashboard environmental trend testing.",JHU,0,1
86399,86399,86426,AFR::CMR,2022-09-26,2022-10-02,3,207,116,2.59,2022-10-02,2,JHU Cholera Database (UID: 5103),0.95,"Converted from JHU database. Primary: True, Phantom: False - JHU reported 207 cases | Adjusted synthetic outcome counts for dashboard environmental trend testing.",JHU,0,1
86400,86400,86427,AFR::CMR,2022-10-03,2022-10-09,0,290,0,,2022-10-09,2,JHU Cholera Database (UID: 5103),0.95,"Converted from JHU database. Primary: True, Phantom: False - JHU reported 290 cases | Adjusted synthetic outcome counts for dashboard environmental trend testing.",JHU,0,1
86401,86401,86428,AFR::CMR,2022-10-10,2022-10-16,0,225,0,,2022-10-16,2,JHU Cholera Database (UID: 5103),0.95,"Converted from JHU database. Primary: True, Phantom: False - JHU reported 225 cases | Adjusted synthetic outcome counts for dashboard environmental trend testing.",JHU,0,1
86402,86402,86429,AFR::CMR,2022-10-17,2022-10-23,3,161,62,4.84,2022-10-23,2,JHU Cholera Database (UID: 5103),0.95,"Converted from JHU database. Primary: True, Phantom: False - JHU reported 161 cases | Adjusted synthetic outcome counts for dashboard environmental trend testing.",JHU,0,1
86403,86403,86430,AFR::CMR,2022-10-24,2022-10-30,0,128,0,,2022-10-30,2,JHU Cholera Database (UID: 5103),0.95,"Converted from JHU database. Primary: True, Phantom: False - JHU reported 128 cases | Adjusted synthetic outcome counts for dashboard environmental trend testing.",JHU,0,1
86404,86404,86431,AFR::CMR,2022-10-31,2022-11-06,1,165,88,1.14,2022-11-06,2,JHU Cholera Database (UID: 5103),0.95,"Converted from JHU database. Primary: True, Phantom: False - JHU reported 165 cases | Adjusted synthetic outcome counts for dashboard environmental trend testing.",JHU,0,1
86405,86405,86432,AFR::CMR,2022-11-07,2022-11-13,0,0,0,,2022-11-13,2,JHU Cholera Database (UID: 5103),0.95,"Converted from JHU database. Primary: True, Phantom: False - JHU reported 98 cases | Adjusted synthetic outcome counts for dashboard environmental trend testing.",JHU,0,1
86406,86406,86433,AFR::CMR,2022-11-14,2022-11-20,1,73,21,4.76,2022-11-20,2,JHU Cholera Database (UID: 5103),0.95,"Converted from JHU database. Primary: True, Phantom: False - JHU reported 73 cases | Adjusted synthetic outcome counts for dashboard environmental trend testing.",JHU,0,1
86407,86407,86434,AFR::CMR,2022-11-21,2022-11-27,1,83,50,2.0,2022-11-27,2,JHU Cholera Database (UID: 5103),0.95,"Converted from JHU database. Primary: True, Phantom: False - JHU reported 83 cases | Adjusted synthetic outcome counts for dashboard environmental trend testing.",JHU,0,1
86408,86408,86435,AFR::CMR,2022-11-28,2022-12-04,0,0,0,,2022-12-04,2,JHU Cholera Database (UID: 5103),0.95,"Converted from JHU database. Primary: True, Phantom: False - JHU reported 14 cases | Adjusted synthetic outcome counts for dashboard environmental trend testing.",JHU,0,1
86409,86409,86436,AFR::CMR,2022-12-05,2022-12-11,0,26,16,0.0,2022-12-11,2,JHU Cholera Database (UID: 5103),0.95,"Converted from JHU database. Primary: True, Phantom: False - JHU reported 22 cases | Adjusted synthetic outcome counts for dashboard environmental trend testing.",JHU,0,1
86410,86410,86437,AFR::CMR,2022-12-12,2022-12-18,0,36,18,0.0,2022-12-18,2,JHU Cholera Database (UID: 5103),0.95,"Converted from JHU database. Primary: True, Phantom: False - JHU reported 10 cases | Adjusted synthetic outcome counts for dashboard environmental trend testing.",JHU,0,1
86411,86411,86438,AFR::CMR,2022-12-19,2022-12-25,1,105,26,3.85,2022-12-25,2,JHU Cholera Database (UID: 5103),0.95,"Converted from JHU database. Primary: True, Phantom: False - JHU reported 54 cases | Adjusted synthetic outcome counts for dashboard environmental trend testing.",JHU,0,1
86412,86412,86439,AFR::CMR,2022-12-26,2023-01-01,1,35,20,5.0,2023-01-01,2,JHU Cholera Database (UID: 5103),0.95,"Converted from JHU database. Primary: True, Phantom: False - JHU reported 26 cases | Adjusted synthetic outcome counts for dashboard environmental trend testing.",JHU,0,1
87258,87258,96892,AFR::CMR,2018-12-07,2018-12-14,0,0,0,,2018-12-14,46,WHO AFRO Surveillance Report (UID: 21050),0.97,"Converted from JHU database. Primary: True, Phantom: False - JHU reported 0 cases | Adjusted synthetic outcome counts for dashboard environmental trend testing.",JHU,0,1
87267,87267,96901,AFR::CMR,2018-05-18,2019-05-15,7,1060,97,7.22,2019-05-15,37,WHO AFRO Surveillance Report (UID: 20439),0.97,"Converted from JHU database. Primary: True, Phantom: False - JHU reported 1060 cases, 64 deaths | Adjusted synthetic outcome counts for dashboard environmental trend testing.",JHU,0,1
87269,87269,96903,AFR::CMR,2019-03-01,2019-03-31,0,0,0,,2019-03-31,37,WHO AFRO Surveillance Report (UID: 20439),0.97,"Converted from JHU database. Primary: True, Phantom: False - JHU reported 5 cases | Adjusted synthetic outcome counts for dashboard environmental trend testing.",JHU,0,1
87270,87270,96904,AFR::CMR,2010-04-01,2010-10-25,0,8528,0,,2010-10-25,32,JHU Cholera Database (UID: 20607),0.95,"Converted from JHU database. Primary: True, Phantom: False - JHU reported 8528 cases, 559 deaths | Adjusted synthetic outcome counts for dashboard environmental trend testing.",JHU,0,1
87274,87274,96908,AFR::CMR,2018-05-18,2018-07-26,0,0,0,,2018-07-26,14,WHO AFRO Surveillance Report (UID: 20940),0.97,"Converted from JHU database. Primary: True, Phantom: False - JHU reported 140 cases, 11 deaths | Adjusted synthetic outcome counts for dashboard environmental trend testing.",JHU,0,1
87278,87278,96912,AFR::CMR,2018-05-18,2018-09-17,15,310,188,7.98,2018-09-17,45,WHO AFRO Surveillance Report (UID: 20983),0.97,"Converted from JHU database. Primary: True, Phantom: False - JHU reported 310 cases, 27 deaths | Adjusted synthetic outcome counts for dashboard environmental trend testing.",JHU,0,1
87283,87283,96917,AFR::CMR,2011-01-01,2011-08-31,484,14730,6056,7.99,2011-08-31,29,JHU Cholera Database (UID: 20570),0.95,"Converted from JHU database. Primary: True, Phantom: False - JHU reported 14730 cases, 554 deaths | Adjusted synthetic outcome counts for dashboard environmental trend testing.",JHU,0,1
87285,87285,96919,AFR::CMR,2018-05-18,2018-08-13,1,168,17,5.88,2018-08-13,7,WHO AFRO Surveillance Report (UID: 20955),0.68,"Converted from JHU database. Primary: True, Phantom: True - JHU reported 168 cases, 12 deaths | Adjusted synthetic outcome counts for dashboard environmental trend testing.",JHU,0,1
87296,87296,96932,AFR::CMR,2018-05-18,2018-09-28,0,0,0,,2018-09-28,44,WHO AFRO Surveillance Report (UID: 20999),0.68,"Converted from JHU database. Primary: True, Phantom: True - JHU reported 394 cases, 31 deaths | Adjusted synthetic outcome counts for dashboard environmental trend testing.",JHU,0,1
87324,87324,96967,AFR::CMR,2018-05-18,2020-01-26,79,2226,988,8.0,2020-01-26,36,JHU Cholera Database (UID: 21139),0.66,"Converted from JHU database. Primary: True, Phantom: True - JHU reported 2226 cases, 118 deaths | Adjusted synthetic outcome counts for dashboard environmental trend testing.",JHU,0,1
87369,87369,97054,AFR::CMR,2018-05-18,2020-01-20,41,2222,520,7.88,2020-01-20,36,JHU Cholera Database (UID: 21139),0.66,"Converted from JHU database. Primary: True, Phantom: True - JHU reported 2222 cases, 117 deaths | Adjusted synthetic outcome counts for dashboard environmental trend testing.",JHU,0,1
87554,87554,97476,AFR::CMR,2010-05-06,2010-10-03,0,7869,0,,2010-10-03,35,JHU Cholera Database (UID: 20418),0.66,"Converted from JHU database. Primary: True, Phantom: True - JHU reported 7869 cases, 515 deaths | Adjusted synthetic outcome counts for dashboard environmental trend testing.",JHU,0,1
87555,87555,97477,AFR::CMR,2018-05-18,2018-09-03,1,251,23,4.35,2018-09-03,11,WHO AFRO Surveillance Report (UID: 20974),0.97,"Converted from JHU database. Primary: True, Phantom: False - JHU reported 251 cases, 20 deaths | Adjusted synthetic outcome counts for dashboard environmental trend testing.",JHU,0,1
87556,87556,97478,AFR::CMR,2018-08-10,2018-09-03,4,90,54,7.41,2018-09-03,11,WHO AFRO Surveillance Report (UID: 20974),0.97,"Converted from JHU database. Primary: True, Phantom: False - JHU reported 90 cases, 9 deaths | Adjusted synthetic outcome counts for dashboard environmental trend testing.",JHU,0,1
87557,87557,97479,AFR::CMR,2018-08-31,2018-09-03,0,0,0,,2018-09-03,11,WHO AFRO Surveillance Report (UID: 20974),0.97,"Converted from JHU database. Primary: True, Phantom: False - JHU reported 16 cases, 3 deaths | Adjusted synthetic outcome counts for dashboard environmental trend testing.",JHU,0,1
87561,87561,97487,AFR::CMR,1971-01-01,1971-12-31,80,2167,1001,7.99,1971-12-31,48,WHO Annual Cholera Report (UID: 307),1.0,"Converted from JHU database. Primary: True, Phantom: False - JHU reported 2167 cases, 336 deaths | Adjusted synthetic outcome counts for dashboard environmental trend testing.",JHU,0,1
87562,87562,97488,AFR::CMR,1972-01-01,1972-12-31,0,0,0,,1972-12-31,48,WHO Annual Cholera Report (UID: 307),1.0,"Converted from JHU database. Primary: True, Phantom: False - JHU reported 362 cases, 27 deaths | Adjusted synthetic outcome counts for dashboard environmental trend testing.",JHU,0,1
87563,87563,97489,AFR::CMR,1973-01-01,1973-12-31,0,206,0,,1973-12-31,48,WHO Annual Cholera Report (UID: 307),1.0,"Converted from JHU database. Primary: True, Phantom: False - JHU reported 206 cases, 16 deaths | Adjusted synthetic outcome counts for dashboard environmental trend testing.",JHU,0,1
87564,87564,97490,AFR::CMR,1974-01-01,1974-12-31,0,0,0,,1974-12-31,48,WHO Annual Cholera Report (UID: 307),1.0,"Converted from JHU database. Primary: True, Phantom: False - JHU reported 83 cases, 16 deaths | Adjusted synthetic outcome counts for dashboard environmental trend testing.",JHU,0,1
87565,87565,97491,AFR::CMR,1975-01-01,1975-12-31,0,0,0,,1975-12-31,48,WHO Annual Cholera Report (UID: 307),1.0,"Converted from JHU database. Primary: True, Phantom: False - JHU reported 3 cases, 0 deaths | Adjusted synthetic outcome counts for dashboard environmental trend testing.",JHU,0,1
87566,87566,97492,AFR::CMR,1976-01-01,1976-12-31,4,135,52,7.69,1976-12-31,48,WHO Annual Cholera Report (UID: 307),1.0,"Converted from JHU database. Primary: True, Phantom: False - JHU reported 135 cases, 27 deaths | Adjusted synthetic outcome counts for dashboard environmental trend testing.",JHU,0,1
87567,87567,97493,AFR::CMR,1978-01-01,1978-12-31,0,25,8,0.0,1978-12-31,48,WHO Annual Cholera Report (UID: 307),1.0,"Converted from JHU database. Primary: True, Phantom: False - JHU reported 3 cases, 0 deaths | Adjusted synthetic outcome counts for dashboard environmental trend testing.",JHU,0,1
87568,87568,97494,AFR::CMR,1979-01-01,1979-12-31,0,16,8,0.0,1979-12-31,48,WHO Annual Cholera Report (UID: 307),1.0,"Converted from JHU database. Primary: True, Phantom: False - JHU reported 16 cases, 4 deaths | Adjusted synthetic outcome counts for dashboard environmental trend testing.",JHU,0,1
87569,87569,97495,AFR::CMR,1980-01-01,1980-12-31,0,229,0,,1980-12-31,48,WHO Annual Cholera Report (UID: 307),1.0,"Converted from JHU database. Primary: True, Phantom: False - JHU reported 229 cases, 23 deaths | Adjusted synthetic outcome counts for dashboard environmental trend testing.",JHU,0,1
87570,87570,97496,AFR::CMR,1981-01-01,1981-12-31,0,0,0,,1981-12-31,48,WHO Annual Cholera Report (UID: 307),1.0,"Converted from JHU database. Primary: True, Phantom: False - JHU reported 243 cases, 17 deaths | Adjusted synthetic outcome counts for dashboard environmental trend testing.",JHU,0,1
87571,87571,97497,AFR::CMR,1982-01-01,1982-12-31,0,8,4,0.0,1982-12-31,48,WHO Annual Cholera Report (UID: 307),1.0,"Converted from JHU database. Primary: True, Phantom: False - JHU reported 5 cases, 3 deaths | Adjusted synthetic outcome counts for dashboard environmental trend testing.",JHU,0,1
87572,87572,97498,AFR::CMR,1983-01-01,1983-12-31,2,55,30,6.67,1983-12-31,48,WHO Annual Cholera Report (UID: 307),1.0,"Converted from JHU database. Primary: True, Phantom: False - JHU reported 55 cases, 18 deaths | Adjusted synthetic outcome counts for dashboard environmental trend testing.",JHU,0,1
87573,87573,97499,AFR::CMR,1984-01-01,1984-12-31,10,392,137,7.3,1984-12-31,48,WHO Annual Cholera Report (UID: 307),1.0,"Converted from JHU database. Primary: True, Phantom: False - JHU reported 392 cases, 60 deaths | Adjusted synthetic outcome counts for dashboard environmental trend testing.",JHU,0,1
87574,87574,97500,AFR::CMR,1985-01-01,1985-12-31,0,1158,0,,1985-12-31,48,WHO Annual Cholera Report (UID: 307),1.0,"Converted from JHU database. Primary: True, Phantom: False - JHU reported 1158 cases, 103 deaths | Adjusted synthetic outcome counts for dashboard environmental trend testing.",JHU,0,1
87575,87575,97501,AFR::CMR,1986-01-01,1986-12-31,0,165,0,,1986-12-31,48,WHO Annual Cholera Report (UID: 307),1.0,"Converted from JHU database. Primary: True, Phantom: False - JHU reported 165 cases, 12 deaths | Adjusted synthetic outcome counts for dashboard environmental trend testing.",JHU,0,1
87576,87576,97502,AFR::CMR,1987-01-01,1987-12-31,0,94,0,,1987-12-31,48,WHO Annual Cholera Report (UID: 307),1.0,"Converted from JHU database. Primary: True, Phantom: False - JHU reported 94 cases, 6 deaths | Adjusted synthetic outcome counts for dashboard environmental trend testing.",JHU,0,1
87577,87577,97503,AFR::CMR,1988-01-01,1988-12-31,0,26,6,0.0,1988-12-31,48,WHO Annual Cholera Report (UID: 307),1.0,"Converted from JHU database. Primary: True, Phantom: False - JHU reported 4 cases, 0 deaths | Adjusted synthetic outcome counts for dashboard environmental trend testing.",JHU,0,1
87578,87578,97504,AFR::CMR,1989-01-01,1989-12-31,0,23,11,0.0,1989-12-31,48,WHO Annual Cholera Report (UID: 307),1.0,"Converted from JHU database. Primary: True, Phantom: False - JHU reported 4 cases, 2 deaths | Adjusted synthetic outcome counts for dashboard environmental trend testing.",JHU,0,1
87579,87579,97505,AFR::CMR,1990-01-01,1990-12-31,1,32,0,,1990-12-31,48,WHO Annual Cholera Report (UID: 307),1.0,"Converted from JHU database. Primary: True, Phantom: False - JHU reported 16 cases, 0 deaths | Adjusted synthetic outcome counts for dashboard environmental trend testing.",JHU,0,1
87580,87580,97506,AFR::CMR,1991-01-01,1991-12-31,152,4026,1910,7.96,1991-12-31,48,WHO Annual Cholera Report (UID: 307),1.0,"Converted from JHU database. Primary: True, Phantom: False - JHU reported 4026 cases, 491 deaths | Adjusted synthetic outcome counts for dashboard environmental trend testing.",JHU,0,1
87581,87581,97507,AFR::CMR,1992-01-01,1992-12-31,37,1268,471,7.86,1992-12-31,48,WHO Annual Cholera Report (UID: 307),1.0,"Converted from JHU database. Primary: True, Phantom: False - JHU reported 1268 cases, 66 deaths | Adjusted synthetic outcome counts for dashboard environmental trend testing.",JHU,0,1
87582,87582,97508,AFR::CMR,1993-01-01,1993-12-31,0,0,0,,1993-12-31,48,WHO Annual Cholera Report (UID: 307),1.0,"Converted from JHU database. Primary: True, Phantom: False - JHU reported 648 cases, 19 deaths | Adjusted synthetic outcome counts for dashboard environmental trend testing.",JHU,0,1
87583,87583,97509,AFR::CMR,1994-01-01,1994-12-31,20,527,255,7.84,1994-12-31,48,WHO Annual Cholera Report (UID: 307),1.0,"Converted from JHU database. Primary: True, Phantom: False - JHU reported 527 cases, 61 deaths | Adjusted synthetic outcome counts for dashboard environmental trend testing.",JHU,0,1
87584,87584,97510,AFR::CMR,1995-01-01,1995-12-31,21,615,292,7.19,1995-12-31,48,WHO Annual Cholera Report (UID: 307),1.0,"Converted from JHU database. Primary: True, Phantom: False - JHU reported 615 cases, 21 deaths | Adjusted synthetic outcome counts for dashboard environmental trend testing.",JHU,0,1
87585,87585,97511,AFR::CMR,1996-01-01,1996-12-31,141,5796,1773,7.95,1996-12-31,48,WHO Annual Cholera Report (UID: 307),1.0,"Converted from JHU database. Primary: True, Phantom: False - JHU reported 5796 cases, 485 deaths | Adjusted synthetic outcome counts for dashboard environmental trend testing.",JHU,0,1
87586,87586,97512,AFR::CMR,1997-01-01,1997-12-31,63,1709,798,7.89,1997-12-31,48,WHO Annual Cholera Report (UID: 307),1.0,"Converted from JHU database. Primary: True, Phantom: False - JHU reported 1709 cases, 180 deaths | Adjusted synthetic outcome counts for dashboard environmental trend testing.",JHU,0,1
87587,87587,97513,AFR::CMR,1998-01-01,1998-12-31,0,4603,0,,1998-12-31,48,WHO Annual Cholera Report (UID: 307),1.0,"Converted from JHU database. Primary: True, Phantom: False - JHU reported 4603 cases, 316 deaths | Adjusted synthetic outcome counts for dashboard environmental trend testing.",JHU,0,1
87588,87588,97514,AFR::CMR,1999-01-01,1999-12-31,35,1584,527,6.64,1999-12-31,48,WHO Annual Cholera Report (UID: 307),1.0,"Converted from JHU database. Primary: True, Phantom: False - JHU reported 1584 cases, 35 deaths | Adjusted synthetic outcome counts for dashboard environmental trend testing.",JHU,0,1
87589,87589,97515,AFR::CMR,2000-01-01,2000-12-31,0,123,0,,2000-12-31,48,WHO Annual Cholera Report (UID: 307),1.0,"Converted from JHU database. Primary: True, Phantom: False - JHU reported 123 cases, 29 deaths | Adjusted synthetic outcome counts for dashboard environmental trend testing.",JHU,0,1
87590,87590,97516,AFR::CMR,2001-01-01,2001-12-31,5,259,68,7.35,2001-12-31,48,WHO Annual Cholera Report (UID: 307),1.0,"Converted from JHU database. Primary: True, Phantom: False - JHU reported 259 cases, 7 deaths | Adjusted synthetic outcome counts for dashboard environmental trend testing.",JHU,0,1
87591,87591,97517,AFR::CMR,2002-01-01,2002-12-31,1,66,20,5.0,2002-12-31,48,WHO Annual Cholera Report (UID: 307),1.0,"Converted from JHU database. Primary: True, Phantom: False - JHU reported 66 cases, 8 deaths | Adjusted synthetic outcome counts for dashboard environmental trend testing.",JHU,0,1
87592,87592,97518,AFR::CMR,2003-01-01,2003-12-31,7,207,96,7.29,2003-12-31,48,WHO Annual Cholera Report (UID: 307),1.0,"Converted from JHU database. Primary: True, Phantom: False - JHU reported 207 cases, 36 deaths | Adjusted synthetic outcome counts for dashboard environmental trend testing.",JHU,0,1
87593,87593,97519,AFR::CMR,2004-01-01,2004-12-31,0,230,0,,2004-12-31,48,WHO Annual Cholera Report (UID: 307),1.0,"Converted from JHU database. Primary: True, Phantom: False - JHU reported 8005 cases, 137 deaths | Adjusted synthetic outcome counts for dashboard environmental trend testing.",JHU,0,1
87594,87594,97520,AFR::CMR,2005-01-01,2005-12-31,91,2847,1138,8.0,2005-12-31,48,WHO Annual Cholera Report (UID: 307),1.0,"Converted from JHU database. Primary: True, Phantom: False - JHU reported 2847 cases, 110 deaths | Adjusted synthetic outcome counts for dashboard environmental trend testing.",JHU,0,1
87595,87595,97521,AFR::CMR,2006-01-01,2006-12-31,0,922,0,,2006-12-31,48,WHO Annual Cholera Report (UID: 307),1.0,"Converted from JHU database. Primary: True, Phantom: False - JHU reported 922 cases, 35 deaths | Adjusted synthetic outcome counts for dashboard environmental trend testing.",JHU,0,1
87596,87596,97522,AFR::CMR,2007-01-01,2007-12-31,1,50,23,4.35,2007-12-31,48,WHO Annual Cholera Report (UID: 307),1.0,"Converted from JHU database. Primary: True, Phantom: False - JHU reported 10 cases, 1 deaths | Adjusted synthetic outcome counts for dashboard environmental trend testing.",JHU,0,1
87597,87597,97523,AFR::CMR,2008-01-01,2008-12-31,0,0,0,,2008-12-31,48,WHO Annual Cholera Report (UID: 307),1.0,"Converted from JHU database. Primary: True, Phantom: False - JHU reported 0 cases, 0 deaths | Adjusted synthetic outcome counts for dashboard environmental trend testing.",JHU,0,1
87598,87598,97524,AFR::CMR,2009-01-01,2009-12-31,0,804,0,,2009-12-31,48,WHO Annual Cholera Report (UID: 307),1.0,"Converted from JHU database. Primary: True, Phantom: False - JHU reported 804 cases, 89 deaths | Adjusted synthetic outcome counts for dashboard environmental trend testing.",JHU,0,1
87599,87599,97525,AFR::CMR,2010-01-01,2010-12-31,445,10759,5572,7.99,2010-12-31,48,WHO Annual Cholera Report (UID: 307),1.0,"Converted from JHU database. Primary: True, Phantom: False - JHU reported 10759 cases, 657 deaths | Adjusted synthetic outcome counts for dashboard environmental trend testing.",JHU,0,1
87600,87600,97526,AFR::CMR,2011-01-01,2011-12-31,0,22433,0,,2011-12-31,48,WHO Annual Cholera Report (UID: 307),1.0,"Converted from JHU database. Primary: True, Phantom: False - JHU reported 22433 cases, 783 deaths | Adjusted synthetic outcome counts for dashboard environmental trend testing.",JHU,0,1
87601,87601,97527,AFR::CMR,2012-01-01,2012-12-31,5,363,169,2.96,2012-12-31,48,WHO Annual Cholera Report (UID: 307),1.0,"Converted from JHU database. Primary: True, Phantom: False - JHU reported 363 cases, 5 deaths | Adjusted synthetic outcome counts for dashboard environmental trend testing.",JHU,0,1
87602,87602,97528,AFR::CMR,2013-01-01,2013-12-31,0,38,0,,2013-12-31,48,WHO Annual Cholera Report (UID: 307),1.0,"Converted from JHU database. Primary: True, Phantom: False - JHU reported 29 cases, 0 deaths | Adjusted synthetic outcome counts for dashboard environmental trend testing.",JHU,0,1
87603,87603,97529,AFR::CMR,2014-01-01,2014-12-31,111,3355,1391,7.98,2014-12-31,48,WHO Annual Cholera Report (UID: 307),1.0,"Converted from JHU database. Primary: True, Phantom: False - JHU reported 3355 cases, 184 deaths | Adjusted synthetic outcome counts for dashboard environmental trend testing.",JHU,0,1
87604,87604,97530,AFR::CMR,2015-01-01,2015-12-31,0,0,0,,2015-12-31,48,WHO Annual Cholera Report (UID: 307),1.0,"Converted from JHU database. Primary: True, Phantom: False - JHU reported 124 cases, 6 deaths | Adjusted synthetic outcome counts for dashboard environmental trend testing.",JHU,0,1
87605,87605,97531,AFR::CMR,2017-01-01,2017-12-31,0,59,0,,2017-12-31,48,WHO Annual Cholera Report (UID: 307),1.0,"Converted from JHU database. Primary: True, Phantom: False - JHU reported 22 cases, 0 deaths | Adjusted synthetic outcome counts for dashboard environmental trend testing.",JHU,0,1
87606,87606,97532,AFR::CMR,2018-01-01,2018-12-31,51,1052,638,7.99,2018-12-31,48,WHO Annual Cholera Report (UID: 307),1.0,"Converted from JHU database. Primary: True, Phantom: False - JHU reported 1052 cases, 58 deaths | Adjusted synthetic outcome counts for dashboard environmental trend testing.",JHU,0,1
87607,87607,97533,AFR::CMR,2019-01-01,2019-12-31,73,1840,916,7.97,2019-12-31,48,WHO Annual Cholera Report (UID: 307),1.0,"Converted from JHU database. Primary: True, Phantom: False - JHU reported 1840 cases, 93 deaths | Adjusted synthetic outcome counts for dashboard environmental trend testing.",JHU,0,1
87608,87608,97534,AFR::CMR,2020-01-01,2020-12-31,0,1890,0,,2020-12-31,48,WHO Annual Cholera Report (UID: 307),1.0,"Converted from JHU database. Primary: True, Phantom: False - JHU reported 1890 cases, 73 deaths | Adjusted synthetic outcome counts for dashboard environmental trend testing.",JHU,0,1
87609,87609,97535,AFR::CMR,2021-01-01,2021-12-31,0,728,0,,2021-12-31,48,WHO Annual Cholera Report (UID: 307),1.0,"Converted from JHU database. Primary: True, Phantom: False - JHU reported 728 cases, 23 deaths | Adjusted synthetic outcome counts for dashboard environmental trend testing.",JHU,0,1
87610,87610,97536,AFR::CMR,2022-01-01,2022-12-31,279,14431,4978,5.6,2022-12-31,48,WHO Annual Cholera Report (UID: 307),1.0,"Converted from JHU database. Primary: True, Phantom: False - JHU reported 14431 cases, 279 deaths | Adjusted synthetic outcome counts for dashboard environmental trend testing.",JHU,0,1
87611,87611,97541,AFR::CMR,2023-01-01,2023-12-31,209,6470,4984,4.19,2023-12-31,48,WHO Annual Cholera Report (UID: 307),1.0,"Converted from JHU database. Primary: True, Phantom: False - JHU reported 6470 cases, 209 deaths | Adjusted synthetic outcome counts for dashboard environmental trend testing.",JHU,0,1
87614,87614,97548,AFR::CMR,2018-05-18,2018-10-16,3,507,46,6.52,2018-10-16,24,WHO AFRO Surveillance Report (UID: 21010),0.97,"Converted from JHU database. Primary: True, Phantom: False - JHU reported 507 cases, 36 deaths | Adjusted synthetic outcome counts for dashboard environmental trend testing.",JHU,0,1
87766,87766,97823,AFR::CMR,2019-06-10,2019-06-16,0,2,0,,2019-06-16,13,UNICEF Country Programme Report (UID: 20734),0.9,"Converted from JHU database. Primary: True, Phantom: False - JHU reported 0 cases, 0 deaths | Adjusted synthetic outcome counts for dashboard environmental trend testing.",JHU,0,1
87914,87914,183617,AFR::CMR,2018-05-18,2018-10-23,4,82,51,7.84,2018-10-23,20,WHO AFRO Surveillance Report (UID: 21017),0.97,"Converted from JHU database. Primary: True, Phantom: False - JHU reported 600 cases, 40 deaths | Adjusted synthetic outcome counts for dashboard environmental trend testing.",JHU,0,1
87915,87915,183618,AFR::CMR,2018-05-18,2018-05-18,0,0,0,,2018-05-18,20,WHO AFRO Surveillance Report (UID: 21017),0.97,"Converted from JHU database. Primary: True, Phantom: False - JHU reported 3 cases | Adjusted synthetic outcome counts for dashboard environmental trend testing.",JHU,0,1
87923,87923,183626,AFR::CMR,2018-05-13,2018-05-13,0,0,0,,2018-05-13,20,WHO AFRO Surveillance Report (UID: 21017),0.97,"Converted from JHU database. Primary: True, Phantom: False - JHU reported 0 cases, 0 deaths | Adjusted synthetic outcome counts for dashboard environmental trend testing.",JHU,0,1
87924,87924,183627,AFR::CMR,2018-05-14,2018-05-14,0,0,0,,2018-05-14,20,WHO AFRO Surveillance Report (UID: 21017),0.97,"Converted from JHU database. Primary: True, Phantom: False - JHU reported 0 cases, 0 deaths | Adjusted synthetic outcome counts for dashboard environmental trend testing.",JHU,0,1
87925,87925,183628,AFR::CMR,2018-05-15,2018-05-15,0,0,0,,2018-05-15,20,WHO AFRO Surveillance Report (UID: 21017),0.97,"Converted from JHU database. Primary: True, Phantom: False - JHU reported 0 cases, 0 deaths | Adjusted synthetic outcome counts for dashboard environmental trend testing.",JHU,0,1
87926,87926,183629,AFR::CMR,2018-05-16,2018-05-16,0,0,0,,2018-05-16,20,WHO AFRO Surveillance Report (UID: 21017),0.97,"Converted from JHU database. Primary: True, Phantom: False - JHU reported 0 cases, 0 deaths | Adjusted synthetic outcome counts for dashboard environmental trend testing.",JHU,0,1
87927,87927,183630,AFR::CMR,2018-05-17,2018-05-17,0,0,0,,2018-05-17,20,WHO AFRO Surveillance Report (UID: 21017),0.97,"Converted from JHU database. Primary: True, Phantom: False - JHU reported 0 cases, 0 deaths | Adjusted synthetic outcome counts for dashboard environmental trend testing.",JHU,0,1
87928,87928,183632,AFR::CMR,2018-05-19,2018-05-19,0,41,0,,2018-05-19,20,WHO AFRO Surveillance Report (UID: 21017),0.97,"Converted from JHU database. Primary: True, Phantom: False - JHU reported 0 cases, 0 deaths | Adjusted synthetic outcome counts for dashboard environmental trend testing.",JHU,0,1
87929,87929,183633,AFR::CMR,2018-05-20,2018-05-20,0,50,20,0.0,2018-05-20,20,WHO AFRO Surveillance Report (UID: 21017),0.97,"Converted from JHU database. Primary: True, Phantom: False - JHU reported 0 cases, 0 deaths | Adjusted synthetic outcome counts for dashboard environmental trend testing.",JHU,0,1
87930,87930,183634,AFR::CMR,2018-05-21,2018-05-21,0,0,0,,2018-05-21,20,WHO AFRO Surveillance Report (UID: 21017),0.97,"Converted from JHU database. Primary: True, Phantom: False - JHU reported 1 cases, 0 deaths | Adjusted synthetic outcome counts for dashboard environmental trend testing.",JHU,0,1
87931,87931,183635,AFR::CMR,2018-05-22,2018-05-22,0,167,0,,2018-05-22,20,WHO AFRO Surveillance Report (UID: 21017),0.97,"Converted from JHU database. Primary: True, Phantom: False - JHU reported 0 cases, 0 deaths | Adjusted synthetic outcome counts for dashboard environmental trend testing.",JHU,0,1
87932,87932,183636,AFR::CMR,2018-05-23,2018-05-23,0,0,0,,2018-05-23,20,WHO AFRO Surveillance Report (UID: 21017),0.97,"Converted from JHU database. Primary: True, Phantom: False - JHU reported 0 cases, 0 deaths | Adjusted synthetic outcome counts for dashboard environmental trend testing.",JHU,0,1
87933,87933,183637,AFR::CMR,2018-05-24,2018-05-24,0,0,0,,2018-05-24,20,WHO AFRO Surveillance Report (UID: 21017),0.97,"Converted from JHU database. Primary: True, Phantom: False - JHU reported 0 cases, 0 deaths | Adjusted synthetic outcome counts for dashboard environmental trend testing.",JHU,0,1
87934,87934,183638,AFR::CMR,2018-05-25,2018-05-25,0,0,0,,2018-05-25,20,WHO AFRO Surveillance Report (UID: 21017),0.97,"Converted from JHU database. Primary: True, Phantom: False - JHU reported 0 cases, 0 deaths | Adjusted synthetic outcome counts for dashboard environmental trend testing.",JHU,0,1
87935,87935,183639,AFR::CMR,2018-05-26,2018-05-26,0,0,0,,2018-05-26,20,WHO AFRO Surveillance Report (UID: 21017),0.97,"Converted from JHU database. Primary: True, Phantom: False - JHU reported 0 cases, 0 deaths | Adjusted synthetic outcome counts for dashboard environmental trend testing.",JHU,0,1
87936,87936,183640,AFR::CMR,2018-05-27,2018-05-27,0,0,0,,2018-05-27,20,WHO AFRO Surveillance Report (UID: 21017),0.97,"Converted from JHU database. Primary: True, Phantom: False - JHU reported 0 cases, 0 deaths | Adjusted synthetic outcome counts for dashboard environmental trend testing.",JHU,0,1
87937,87937,183641,AFR::CMR,2018-05-28,2018-05-28,0,0,0,,2018-05-28,20,WHO AFRO Surveillance Report (UID: 21017),0.97,"Converted from JHU database. Primary: True, Phantom: False - JHU reported 0 cases, 0 deaths | Adjusted synthetic outcome counts for dashboard environmental trend testing.",JHU,0,1
87938,87938,183642,AFR::CMR,2018-05-29,2018-05-29,0,0,0,,2018-05-29,20,WHO AFRO Surveillance Report (UID: 21017),0.97,"Converted from JHU database. Primary: True, Phantom: False - JHU reported 0 cases, 0 deaths | Adjusted synthetic outcome counts for dashboard environmental trend testing.",JHU,0,1
87939,87939,183643,AFR::CMR,2018-05-30,2018-05-30,0,0,0,,2018-05-30,20,WHO AFRO Surveillance Report (UID: 21017),0.97,"Converted from JHU database. Primary: True, Phantom: False - JHU reported 0 cases, 0 deaths | Adjusted synthetic outcome counts for dashboard environmental trend testing.",JHU,0,1
87940,87940,183644,AFR::CMR,2018-05-31,2018-05-31,0,0,0,,2018-05-31,20,WHO AFRO Surveillance Report (UID: 21017),0.97,"Converted from JHU database. Primary: True, Phantom: False - JHU reported 0 cases, 0 deaths | Adjusted synthetic outcome counts for dashboard environmental trend testing.",JHU,0,1
87941,87941,183645,AFR::CMR,2018-06-01,2018-06-01,0,0,0,,2018-06-01,20,WHO AFRO Surveillance Report (UID: 21017),0.97,"Converted from JHU database. Primary: True, Phantom: False - JHU reported 0 cases, 0 deaths | Adjusted synthetic outcome counts for dashboard environmental trend testing.",JHU,0,1
87942,87942,183646,AFR::CMR,2018-06-02,2018-06-02,0,0,0,,2018-06-02,20,WHO AFRO Surveillance Report (UID: 21017),0.97,"Converted from JHU database. Primary: True, Phantom: False - JHU reported 0 cases, 0 deaths | Adjusted synthetic outcome counts for dashboard environmental trend testing.",JHU,0,1
87943,87943,183647,AFR::CMR,2018-06-03,2018-06-03,0,0,0,,2018-06-03,20,WHO AFRO Surveillance Report (UID: 21017),0.97,"Converted from JHU database. Primary: True, Phantom: False - JHU reported 0 cases, 0 deaths | Adjusted synthetic outcome counts for dashboard environmental trend testing.",JHU,0,1
87944,87944,183648,AFR::CMR,2018-06-04,2018-06-04,0,0,0,,2018-06-04,20,WHO AFRO Surveillance Report (UID: 21017),0.97,"Converted from JHU database. Primary: True, Phantom: False - JHU reported 0 cases, 0 deaths | Adjusted synthetic outcome counts for dashboard environmental trend testing.",JHU,0,1
87945,87945,183649,AFR::CMR,2018-06-05,2018-06-05,0,0,0,,2018-06-05,20,WHO AFRO Surveillance Report (UID: 21017),0.97,"Converted from JHU database. Primary: True, Phantom: False - JHU reported 0 cases, 0 deaths | Adjusted synthetic outcome counts for dashboard environmental trend testing.",JHU,0,1
87946,87946,183650,AFR::CMR,2018-06-06,2018-06-06,0,0,0,,2018-06-06,20,WHO AFRO Surveillance Report (UID: 21017),0.97,"Converted from JHU database. Primary: True, Phantom: False - JHU reported 0 cases, 0 deaths | Adjusted synthetic outcome counts for dashboard environmental trend testing.",JHU,0,1
87947,87947,183651,AFR::CMR,2018-06-07,2018-06-07,0,0,0,,2018-06-07,20,WHO AFRO Surveillance Report (UID: 21017),0.97,"Converted from JHU database. Primary: True, Phantom: False - JHU reported 0 cases, 0 deaths | Adjusted synthetic outcome counts for dashboard environmental trend testing.",JHU,0,1
87948,87948,183652,AFR::CMR,2018-06-08,2018-06-08,0,0,0,,2018-06-08,20,WHO AFRO Surveillance Report (UID: 21017),0.97,"Converted from JHU database. Primary: True, Phantom: False - JHU reported 1 cases, 0 deaths | Adjusted synthetic outcome counts for dashboard environmental trend testing.",JHU,0,1
87949,87949,183653,AFR::CMR,2018-06-09,2018-06-09,0,0,0,,2018-06-09,20,WHO AFRO Surveillance Report (UID: 21017),0.97,"Converted from JHU database. Primary: True, Phantom: False - JHU reported 0 cases, 0 deaths | Adjusted synthetic outcome counts for dashboard environmental trend testing.",JHU,0,1
87950,87950,183654,AFR::CMR,2018-06-10,2018-06-10,0,0,0,,2018-06-10,20,WHO AFRO Surveillance Report (UID: 21017),0.97,"Converted from JHU database. Primary: True, Phantom: False - JHU reported 0 cases, 0 deaths | Adjusted synthetic outcome counts for dashboard environmental trend testing.",JHU,0,1
87951,87951,183655,AFR::CMR,2018-06-11,2018-06-11,0,0,0,,2018-06-11,20,WHO AFRO Surveillance Report (UID: 21017),0.97,"Converted from JHU database. Primary: True, Phantom: False - JHU reported 0 cases, 0 deaths | Adjusted synthetic outcome counts for dashboard environmental trend testing.",JHU,0,1
87952,87952,183656,AFR::CMR,2018-06-12,2018-06-12,0,0,0,,2018-06-12,20,WHO AFRO Surveillance Report (UID: 21017),0.97,"Converted from JHU database. Primary: True, Phantom: False - JHU reported 0 cases, 0 deaths | Adjusted synthetic outcome counts for dashboard environmental trend testing.",JHU,0,1
87953,87953,183657,AFR::CMR,2018-06-13,2018-06-13,0,0,0,,2018-06-13,20,WHO AFRO Surveillance Report (UID: 21017),0.97,"Converted from JHU database. Primary: True, Phantom: False - JHU reported 0 cases, 0 deaths | Adjusted synthetic outcome counts for dashboard environmental trend testing.",JHU,0,1
87954,87954,183658,AFR::CMR,2018-06-14,2018-06-14,0,0,0,,2018-06-14,20,WHO AFRO Surveillance Report (UID: 21017),0.97,"Converted from JHU database. Primary: True, Phantom: False - JHU reported 0 cases, 0 deaths | Adjusted synthetic outcome counts for dashboard environmental trend testing.",JHU,0,1
87955,87955,183659,AFR::CMR,2018-06-15,2018-06-15,0,0,0,,2018-06-15,20,WHO AFRO Surveillance Report (UID: 21017),0.97,"Converted from JHU database. Primary: True, Phantom: False - JHU reported 0 cases, 0 deaths | Adjusted synthetic outcome counts for dashboard environmental trend testing.",JHU,0,1
87956,87956,183660,AFR::CMR,2018-06-16,2018-06-16,3,243,114,2.63,2018-06-16,20,WHO AFRO Surveillance Report (UID: 21017),0.97,"Converted from JHU database. Primary: True, Phantom: False - JHU reported 0 cases, 0 deaths | Adjusted synthetic outcome counts for dashboard environmental trend testing.",JHU,0,1
87957,87957,183661,AFR::CMR,2018-06-17,2018-06-17,0,0,0,,2018-06-17,20,WHO AFRO Surveillance Report (UID: 21017),0.97,"Converted from JHU database. Primary: True, Phantom: False - JHU reported 0 cases, 0 deaths | Adjusted synthetic outcome counts for dashboard environmental trend testing.",JHU,0,1
87958,87958,183662,AFR::CMR,2018-06-18,2018-06-18,0,0,0,,2018-06-18,20,WHO AFRO Surveillance Report (UID: 21017),0.97,"Converted from JHU database. Primary: True, Phantom: False - JHU reported 0 cases, 0 deaths | Adjusted synthetic outcome counts for dashboard environmental trend testing.",JHU,0,1
87959,87959,183663,AFR::CMR,2018-06-19,2018-06-19,0,0,0,,2018-06-19,20,WHO AFRO Surveillance Report (UID: 21017),0.97,"Converted from JHU database. Primary: True, Phantom: False - JHU reported 0 cases, 0 deaths | Adjusted synthetic outcome counts for dashboard environmental trend testing.",JHU,0,1
87960,87960,183664,AFR::CMR,2018-06-20,2018-06-20,0,0,0,,2018-06-20,20,WHO AFRO Surveillance Report (UID: 21017),0.97,"Converted from JHU database. Primary: True, Phantom: False - JHU reported 0 cases, 0 deaths | Adjusted synthetic outcome counts for dashboard environmental trend testing.",JHU,0,1
87961,87961,183665,AFR::CMR,2018-06-21,2018-06-21,0,0,0,,2018-06-21,20,WHO AFRO Surveillance Report (UID: 21017),0.97,"Converted from JHU database. Primary: True, Phantom: False - JHU reported 0 cases, 0 deaths | Adjusted synthetic outcome counts for dashboard environmental trend testing.",JHU,0,1
87962,87962,183666,AFR::CMR,2018-06-22,2018-06-22,0,0,0,,2018-06-22,20,WHO AFRO Surveillance Report (UID: 21017),0.97,"Converted from JHU database. Primary: True, Phantom: False - JHU reported 0 cases, 0 deaths | Adjusted synthetic outcome counts for dashboard environmental trend testing.",JHU,0,1
87963,87963,183667,AFR::CMR,2018-06-23,2018-06-23,0,0,0,,2018-06-23,20,WHO AFRO Surveillance Report (UID: 21017),0.97,"Converted from JHU database. Primary: True, Phantom: False - JHU reported 0 cases, 0 deaths | Adjusted synthetic outcome counts for dashboard environmental trend testing.",JHU,0,1
87964,87964,183668,AFR::CMR,2018-06-24,2018-06-24,0,0,0,,2018-06-24,20,WHO AFRO Surveillance Report (UID: 21017),0.97,"Converted from JHU database. Primary: True, Phantom: False - JHU reported 0 cases, 0 deaths | Adjusted synthetic outcome counts for dashboard environmental trend testing.",JHU,0,1
87965,87965,183669,AFR::CMR,2018-06-25,2018-06-25,0,24,16,0.0,2018-06-25,20,WHO AFRO Surveillance Report (UID: 21017),0.97,"Converted from JHU database. Primary: True, Phantom: False - JHU reported 0 cases, 0 deaths | Adjusted synthetic outcome counts for dashboard environmental trend testing.",JHU,0,1
87966,87966,183670,AFR::CMR,2018-06-26,2018-06-26,0,0,0,,2018-06-26,20,WHO AFRO Surveillance Report (UID: 21017),0.97,"Converted from JHU database. Primary: True, Phantom: False - JHU reported 0 cases, 0 deaths | Adjusted synthetic outcome counts for dashboard environmental trend testing.",JHU,0,1
87967,87967,183671,AFR::CMR,2018-06-27,2018-06-27,1,54,16,6.25,2018-06-27,20,WHO AFRO Surveillance Report (UID: 21017),0.97,"Converted from JHU database. Primary: True, Phantom: False - JHU reported 5 cases, 2 deaths | Adjusted synthetic outcome counts for dashboard environmental trend testing.",JHU,0,1
87968,87968,183672,AFR::CMR,2018-06-28,2018-06-28,0,44,22,0.0,2018-06-28,20,WHO AFRO Surveillance Report (UID: 21017),0.97,"Converted from JHU database. Primary: True, Phantom: False - JHU reported 3 cases, 0 deaths | Adjusted synthetic outcome counts for dashboard environmental trend testing.",JHU,0,1
87969,87969,183673,AFR::CMR,2018-06-29,2018-06-29,0,0,0,,2018-06-29,20,WHO AFRO Surveillance Report (UID: 21017),0.97,"Converted from JHU database. Primary: True, Phantom: False - JHU reported 5 cases, 1 deaths | Adjusted synthetic outcome counts for dashboard environmental trend testing.",JHU,0,1
87970,87970,183674,AFR::CMR,2018-06-30,2018-06-30,0,27,14,0.0,2018-06-30,20,WHO AFRO Surveillance Report (UID: 21017),0.97,"Converted from JHU database. Primary: True, Phantom: False - JHU reported 1 cases, 0 deaths | Adjusted synthetic outcome counts for dashboard environmental trend testing.",JHU,0,1
87971,87971,183675,AFR::CMR,2018-07-01,2018-07-01,1,35,17,5.88,2018-07-01,20,WHO AFRO Surveillance Report (UID: 21017),0.97,"Converted from JHU database. Primary: True, Phantom: False - JHU reported 5 cases, 1 deaths | Adjusted synthetic outcome counts for dashboard environmental trend testing.",JHU,0,1
87972,87972,183676,AFR::CMR,2018-07-02,2018-07-02,0,41,0,,2018-07-02,20,WHO AFRO Surveillance Report (UID: 21017),0.97,"Converted from JHU database. Primary: True, Phantom: False - JHU reported 2 cases, 1 deaths | Adjusted synthetic outcome counts for dashboard environmental trend testing.",JHU,0,1
87973,87973,183677,AFR::CMR,2018-07-03,2018-07-03,0,0,0,,2018-07-03,20,WHO AFRO Surveillance Report (UID: 21017),0.97,"Converted from JHU database. Primary: True, Phantom: False - JHU reported 0 cases, 0 deaths | Adjusted synthetic outcome counts for dashboard environmental trend testing.",JHU,0,1
87974,87974,183678,AFR::CMR,2018-07-04,2018-07-04,0,16,5,0.0,2018-07-04,20,WHO AFRO Surveillance Report (UID: 21017),0.97,"Converted from JHU database. Primary: True, Phantom: False - JHU reported 3 cases, 0 deaths | Adjusted synthetic outcome counts for dashboard environmental trend testing.",JHU,0,1
87975,87975,183679,AFR::CMR,2018-07-05,2018-07-05,0,0,0,,2018-07-05,20,WHO AFRO Surveillance Report (UID: 21017),0.97,"Converted from JHU database. Primary: True, Phantom: False - JHU reported 3 cases, 0 deaths | Adjusted synthetic outcome counts for dashboard environmental trend testing.",JHU,0,1
87976,87976,183680,AFR::CMR,2018-07-06,2018-07-06,0,0,0,,2018-07-06,20,WHO AFRO Surveillance Report (UID: 21017),0.97,"Converted from JHU database. Primary: True, Phantom: False - JHU reported 0 cases, 0 deaths | Adjusted synthetic outcome counts for dashboard environmental trend testing.",JHU,0,1
87977,87977,183681,AFR::CMR,2018-07-07,2018-07-07,0,26,9,0.0,2018-07-07,20,WHO AFRO Surveillance Report (UID: 21017),0.97,"Converted from JHU database. Primary: True, Phantom: False - JHU reported 4 cases, 0 deaths | Adjusted synthetic outcome counts for dashboard environmental trend testing.",JHU,0,1
87978,87978,183682,AFR::CMR,2018-07-08,2018-07-08,1,97,57,1.75,2018-07-08,20,WHO AFRO Surveillance Report (UID: 21017),0.97,"Converted from JHU database. Primary: True, Phantom: False - JHU reported 3 cases, 0 deaths | Adjusted synthetic outcome counts for dashboard environmental trend testing.",JHU,0,1
87979,87979,183683,AFR::CMR,2018-07-09,2018-07-09,0,0,0,,2018-07-09,20,WHO AFRO Surveillance Report (UID: 21017),0.97,"Converted from JHU database. Primary: True, Phantom: False - JHU reported 0 cases, 0 deaths | Adjusted synthetic outcome counts for dashboard environmental trend testing.",JHU,0,1
87980,87980,183684,AFR::CMR,2018-07-10,2018-07-10,1,65,39,2.56,2018-07-10,20,WHO AFRO Surveillance Report (UID: 21017),0.97,"Converted from JHU database. Primary: True, Phantom: False - JHU reported 2 cases, 0 deaths | Adjusted synthetic outcome counts for dashboard environmental trend testing.",JHU,0,1
87981,87981,183685,AFR::CMR,2018-07-11,2018-07-11,0,0,0,,2018-07-11,20,WHO AFRO Surveillance Report (UID: 21017),0.97,"Converted from JHU database. Primary: True, Phantom: False - JHU reported 0 cases, 0 deaths | Adjusted synthetic outcome counts for dashboard environmental trend testing.",JHU,0,1
87982,87982,183686,AFR::CMR,2018-07-12,2018-07-12,0,0,0,,2018-07-12,20,WHO AFRO Surveillance Report (UID: 21017),0.97,"Converted from JHU database. Primary: True, Phantom: False - JHU reported 2 cases, 0 deaths | Adjusted synthetic outcome counts for dashboard environmental trend testing.",JHU,0,1
87983,87983,183687,AFR::CMR,2018-07-13,2018-07-13,0,12,0,,2018-07-13,20,WHO AFRO Surveillance Report (UID: 21017),0.97,"Converted from JHU database. Primary: True, Phantom: False - JHU reported 2 cases, 1 deaths | Adjusted synthetic outcome counts for dashboard environmental trend testing.",JHU,0,1
87984,87984,183688,AFR::CMR,2018-07-14,2018-07-14,0,29,18,0.0,2018-07-14,20,WHO AFRO Surveillance Report (UID: 21017),0.97,"Converted from JHU database. Primary: True, Phantom: False - JHU reported 2 cases, 0 deaths | Adjusted synthetic outcome counts for dashboard environmental trend testing.",JHU,0,1
87985,87985,183689,AFR::CMR,2018-07-15,2018-07-15,0,33,10,0.0,2018-07-15,20,WHO AFRO Surveillance Report (UID: 21017),0.97,"Converted from JHU database. Primary: True, Phantom: False - JHU reported 1 cases, 0 deaths | Adjusted synthetic outcome counts for dashboard environmental trend testing.",JHU,0,1
87986,87986,183690,AFR::CMR,2018-07-16,2018-07-16,0,32,0,,2018-07-16,20,WHO AFRO Surveillance Report (UID: 21017),0.97,"Converted from JHU database. Primary: True, Phantom: False - JHU reported 2 cases, 0 deaths | Adjusted synthetic outcome counts for dashboard environmental trend testing.",JHU,0,1
87987,87987,183691,AFR::CMR,2018-07-17,2018-07-17,0,22,0,,2018-07-17,20,WHO AFRO Surveillance Report (UID: 21017),0.97,"Converted from JHU database. Primary: True, Phantom: False - JHU reported 5 cases, 1 deaths | Adjusted synthetic outcome counts for dashboard environmental trend testing.",JHU,0,1
87988,87988,183692,AFR::CMR,2018-07-18,2018-07-18,1,70,42,2.38,2018-07-18,20,WHO AFRO Surveillance Report (UID: 21017),0.97,"Converted from JHU database. Primary: True, Phantom: False - JHU reported 0 cases, 1 deaths | Adjusted synthetic outcome counts for dashboard environmental trend testing.",JHU,0,1
87989,87989,183693,AFR::CMR,2018-07-19,2018-07-19,0,0,0,,2018-07-19,20,WHO AFRO Surveillance Report (UID: 21017),0.97,"Converted from JHU database. Primary: True, Phantom: False - JHU reported 3 cases, 1 deaths | Adjusted synthetic outcome counts for dashboard environmental trend testing.",JHU,0,1
87990,87990,183694,AFR::CMR,2018-07-20,2018-07-20,0,45,13,0.0,2018-07-20,20,WHO AFRO Surveillance Report (UID: 21017),0.97,"Converted from JHU database. Primary: True, Phantom: False - JHU reported 4 cases, 0 deaths | Adjusted synthetic outcome counts for dashboard environmental trend testing.",JHU,0,1
87991,87991,183695,AFR::CMR,2018-07-21,2018-07-21,0,60,0,,2018-07-21,20,WHO AFRO Surveillance Report (UID: 21017),0.97,"Converted from JHU database. Primary: True, Phantom: False - JHU reported 2 cases, 0 deaths | Adjusted synthetic outcome counts for dashboard environmental trend testing.",JHU,0,1
87992,87992,183696,AFR::CMR,2018-07-22,2018-07-22,1,40,25,4.0,2018-07-22,20,WHO AFRO Surveillance Report (UID: 21017),0.97,"Converted from JHU database. Primary: True, Phantom: False - JHU reported 1 cases, 0 deaths | Adjusted synthetic outcome counts for dashboard environmental trend testing.",JHU,0,1
87993,87993,183697,AFR::CMR,2018-07-23,2018-07-23,0,22,13,0.0,2018-07-23,20,WHO AFRO Surveillance Report (UID: 21017),0.97,"Converted from JHU database. Primary: True, Phantom: False - JHU reported 3 cases, 0 deaths | Adjusted synthetic outcome counts for dashboard environmental trend testing.",JHU,0,1
87994,87994,183698,AFR::CMR,2018-07-24,2018-07-24,0,57,15,0.0,2018-07-24,20,WHO AFRO Surveillance Report (UID: 21017),0.97,"Converted from JHU database. Primary: True, Phantom: False - JHU reported 4 cases, 0 deaths | Adjusted synthetic outcome counts for dashboard environmental trend testing.",JHU,0,1
87995,87995,183699,AFR::CMR,2018-07-25,2018-07-25,0,0,0,,2018-07-25,20,WHO AFRO Surveillance Report (UID: 21017),0.97,"Converted from JHU database. Primary: True, Phantom: False - JHU reported 3 cases, 0 deaths | Adjusted synthetic outcome counts for dashboard environmental trend testing.",JHU,0,1
87996,87996,183700,AFR::CMR,2018-07-26,2018-07-26,0,0,0,,2018-07-26,20,WHO AFRO Surveillance Report (UID: 21017),0.97,"Converted from JHU database. Primary: True, Phantom: False - JHU reported 0 cases, 0 deaths | Adjusted synthetic outcome counts for dashboard environmental trend testing.",JHU,0,1
87997,87997,183701,AFR::CMR,2018-07-27,2018-07-27,0,63,0,,2018-07-27,20,WHO AFRO Surveillance Report (UID: 21017),0.97,"Converted from JHU database. Primary: True, Phantom: False - JHU reported 3 cases, 1 deaths | Adjusted synthetic outcome counts for dashboard environmental trend testing.",JHU,0,1
87998,87998,183702,AFR::CMR,2018-07-28,2018-07-28,1,98,59,1.69,2018-07-28,20,WHO AFRO Surveillance Report (UID: 21017),0.97,"Converted from JHU database. Primary: True, Phantom: False - JHU reported 2 cases, 0 deaths | Adjusted synthetic outcome counts for dashboard environmental trend testing.",JHU,0,1
87999,87999,183703,AFR::CMR,2018-07-29,2018-07-29,0,14,0,,2018-07-29,20,WHO AFRO Surveillance Report (UID: 21017),0.97,"Converted from JHU database. Primary: True, Phantom: False - JHU reported 4 cases, 0 deaths | Adjusted synthetic outcome counts for dashboard environmental trend testing.",JHU,0,1
88000,88000,183704,AFR::CMR,2018-07-30,2018-07-30,1,98,27,3.7,2018-07-30,20,WHO AFRO Surveillance Report (UID: 21017),0.97,"Converted from JHU database. Primary: True, Phantom: False - JHU reported 3 cases, 0 deaths | Adjusted synthetic outcome counts for dashboard environmental trend testing.",JHU,0,1
88001,88001,183705,AFR::CMR,2018-07-31,2018-07-31,0,0,0,,2018-07-31,20,WHO AFRO Surveillance Report (UID: 21017),0.97,"Converted from JHU database. Primary: True, Phantom: False - JHU reported 2 cases, 0 deaths | Adjusted synthetic outcome counts for dashboard environmental trend testing.",JHU,0,1
88002,88002,183706,AFR::CMR,2018-08-01,2018-08-01,0,28,14,0.0,2018-08-01,20,WHO AFRO Surveillance Report (UID: 21017),0.97,"Converted from JHU database. Primary: True, Phantom: False - JHU reported 1 cases, 0 deaths | Adjusted synthetic outcome counts for dashboard environmental trend testing.",JHU,0,1
88003,88003,183707,AFR::CMR,2018-08-02,2018-08-02,0,74,38,0.0,2018-08-02,20,WHO AFRO Surveillance Report (UID: 21017),0.97,"Converted from JHU database. Primary: True, Phantom: False - JHU reported 1 cases, 0 deaths | Adjusted synthetic outcome counts for dashboard environmental trend testing.",JHU,0,1
88004,88004,183708,AFR::CMR,2018-08-03,2018-08-03,0,33,18,0.0,2018-08-03,20,WHO AFRO Surveillance Report (UID: 21017),0.97,"Converted from JHU database. Primary: True, Phantom: False - JHU reported 1 cases, 0 deaths | Adjusted synthetic outcome counts for dashboard environmental trend testing.",JHU,0,1
88005,88005,183709,AFR::CMR,2018-08-04,2018-08-04,0,61,37,0.0,2018-08-04,20,WHO AFRO Surveillance Report (UID: 21017),0.97,"Converted from JHU database. Primary: True, Phantom: False - JHU reported 4 cases, 0 deaths | Adjusted synthetic outcome counts for dashboard environmental trend testing.",JHU,0,1
88006,88006,183710,AFR::CMR,2018-08-05,2018-08-05,0,65,0,,2018-08-05,20,WHO AFRO Surveillance Report (UID: 21017),0.97,"Converted from JHU database. Primary: True, Phantom: False - JHU reported 1 cases, 0 deaths | Adjusted synthetic outcome counts for dashboard environmental trend testing.",JHU,0,1
88007,88007,183711,AFR::CMR,2018-08-06,2018-08-06,1,159,65,1.54,2018-08-06,20,WHO AFRO Surveillance Report (UID: 21017),0.97,"Converted from JHU database. Primary: True, Phantom: False - JHU reported 3 cases, 0 deaths | Adjusted synthetic outcome counts for dashboard environmental trend testing.",JHU,0,1
88008,88008,183712,AFR::CMR,2018-08-07,2018-08-07,0,35,10,0.0,2018-08-07,20,WHO AFRO Surveillance Report (UID: 21017),0.97,"Converted from JHU database. Primary: True, Phantom: False - JHU reported 1 cases, 0 deaths | Adjusted synthetic outcome counts for dashboard environmental trend testing.",JHU,0,1
88009,88009,183713,AFR::CMR,2018-08-08,2018-08-08,1,20,13,7.69,2018-08-08,20,WHO AFRO Surveillance Report (UID: 21017),0.97,"Converted from JHU database. Primary: True, Phantom: False - JHU reported 4 cases, 1 deaths | Adjusted synthetic outcome counts for dashboard environmental trend testing.",JHU,0,1
88010,88010,183714,AFR::CMR,2018-08-09,2018-08-09,0,0,0,,2018-08-09,20,WHO AFRO Surveillance Report (UID: 21017),0.97,"Converted from JHU database. Primary: True, Phantom: False - JHU reported 0 cases, 0 deaths | Adjusted synthetic outcome counts for dashboard environmental trend testing.",JHU,0,1
88011,88011,183715,AFR::CMR,2018-08-10,2018-08-10,1,76,44,2.27,2018-08-10,20,WHO AFRO Surveillance Report (UID: 21017),0.97,"Converted from JHU database. Primary: True, Phantom: False - JHU reported 4 cases, 0 deaths | Adjusted synthetic outcome counts for dashboard environmental trend testing.",JHU,0,1
88012,88012,183716,AFR::CMR,2018-08-11,2018-08-11,1,97,0,,2018-08-11,20,WHO AFRO Surveillance Report (UID: 21017),0.97,"Converted from JHU database. Primary: True, Phantom: False - JHU reported 4 cases, 1 deaths | Adjusted synthetic outcome counts for dashboard environmental trend testing.",JHU,0,1
88013,88013,183717,AFR::CMR,2018-08-12,2018-08-12,0,88,0,,2018-08-12,20,WHO AFRO Surveillance Report (UID: 21017),0.97,"Converted from JHU database. Primary: True, Phantom: False - JHU reported 2 cases, 0 deaths | Adjusted synthetic outcome counts for dashboard environmental trend testing.",JHU,0,1
88014,88014,183718,AFR::CMR,2018-08-13,2018-08-13,1,34,13,7.69,2018-08-13,20,WHO AFRO Surveillance Report (UID: 21017),0.97,"Converted from JHU database. Primary: True, Phantom: False - JHU reported 3 cases, 1 deaths | Adjusted synthetic outcome counts for dashboard environmental trend testing.",JHU,0,1
88015,88015,183719,AFR::CMR,2018-08-14,2018-08-14,0,20,12,0.0,2018-08-14,20,WHO AFRO Surveillance Report (UID: 21017),0.97,"Converted from JHU database. Primary: True, Phantom: False - JHU reported 4 cases, 0 deaths | Adjusted synthetic outcome counts for dashboard environmental trend testing.",JHU,0,1
88016,88016,183720,AFR::CMR,2018-08-15,2018-08-15,0,33,20,0.0,2018-08-15,20,WHO AFRO Surveillance Report (UID: 21017),0.97,"Converted from JHU database. Primary: True, Phantom: False - JHU reported 3 cases, 0 deaths | Adjusted synthetic outcome counts for dashboard environmental trend testing.",JHU,0,1
88017,88017,183721,AFR::CMR,2018-08-16,2018-08-16,0,59,24,0.0,2018-08-16,20,WHO AFRO Surveillance Report (UID: 21017),0.97,"Converted from JHU database. Primary: True, Phantom: False - JHU reported 5 cases, 0 deaths | Adjusted synthetic outcome counts for dashboard environmental trend testing.",JHU,0,1
88018,88018,183722,AFR::CMR,2018-08-17,2018-08-17,0,52,19,0.0,2018-08-17,20,WHO AFRO Surveillance Report (UID: 21017),0.97,"Converted from JHU database. Primary: True, Phantom: False - JHU reported 3 cases, 0 deaths | Adjusted synthetic outcome counts for dashboard environmental trend testing.",JHU,0,1
88019,88019,183723,AFR::CMR,2018-08-18,2018-08-18,0,49,19,0.0,2018-08-18,20,WHO AFRO Surveillance Report (UID: 21017),0.97,"Converted from JHU database. Primary: True, Phantom: False - JHU reported 5 cases, 0 deaths | Adjusted synthetic outcome counts for dashboard environmental trend testing.",JHU,0,1
88020,88020,183724,AFR::CMR,2018-08-19,2018-08-19,0,23,0,,2018-08-19,20,WHO AFRO Surveillance Report (UID: 21017),0.97,"Converted from JHU database. Primary: True, Phantom: False - JHU reported 2 cases, 0 deaths | Adjusted synthetic outcome counts for dashboard environmental trend testing.",JHU,0,1
88021,88021,183725,AFR::CMR,2018-08-20,2018-08-20,0,0,0,,2018-08-20,20,WHO AFRO Surveillance Report (UID: 21017),0.97,"Converted from JHU database. Primary: True, Phantom: False - JHU reported 0 cases, 0 deaths | Adjusted synthetic outcome counts for dashboard environmental trend testing.",JHU,0,1
88022,88022,183726,AFR::CMR,2018-08-21,2018-08-21,1,42,13,7.69,2018-08-21,20,WHO AFRO Surveillance Report (UID: 21017),0.97,"Converted from JHU database. Primary: True, Phantom: False - JHU reported 5 cases, 1 deaths | Adjusted synthetic outcome counts for dashboard environmental trend testing.",JHU,0,1
88023,88023,183727,AFR::CMR,2018-08-22,2018-08-22,0,37,11,0.0,2018-08-22,20,WHO AFRO Surveillance Report (UID: 21017),0.97,"Converted from JHU database. Primary: True, Phantom: False - JHU reported 2 cases, 0 deaths | Adjusted synthetic outcome counts for dashboard environmental trend testing.",JHU,0,1
88024,88024,183728,AFR::CMR,2018-08-23,2018-08-23,0,15,4,0.0,2018-08-23,20,WHO AFRO Surveillance Report (UID: 21017),0.97,"Converted from JHU database. Primary: True, Phantom: False - JHU reported 4 cases, 0 deaths | Adjusted synthetic outcome counts for dashboard environmental trend testing.",JHU,0,1
88025,88025,183729,AFR::CMR,2018-08-24,2018-08-24,0,58,0,,2018-08-24,20,WHO AFRO Surveillance Report (UID: 21017),0.97,"Converted from JHU database. Primary: True, Phantom: False - JHU reported 4 cases, 0 deaths | Adjusted synthetic outcome counts for dashboard environmental trend testing.",JHU,0,1
88026,88026,183730,AFR::CMR,2018-08-25,2018-08-25,0,27,16,0.0,2018-08-25,20,WHO AFRO Surveillance Report (UID: 21017),0.97,"Converted from JHU database. Primary: True, Phantom: False - JHU reported 7 cases, 0 deaths | Adjusted synthetic outcome counts for dashboard environmental trend testing.",JHU,0,1
88027,88027,183731,AFR::CMR,2018-08-26,2018-08-26,0,75,0,,2018-08-26,20,WHO AFRO Surveillance Report (UID: 21017),0.97,"Converted from JHU database. Primary: True, Phantom: False - JHU reported 0 cases, 1 deaths | Adjusted synthetic outcome counts for dashboard environmental trend testing.",JHU,0,1
88028,88028,183732,AFR::CMR,2018-08-27,2018-08-27,0,15,5,0.0,2018-08-27,20,WHO AFRO Surveillance Report (UID: 21017),0.97,"Converted from JHU database. Primary: True, Phantom: False - JHU reported 2 cases, 0 deaths | Adjusted synthetic outcome counts for dashboard environmental trend testing.",JHU,0,1
88029,88029,183733,AFR::CMR,2018-08-28,2018-08-28,0,26,0,,2018-08-28,20,WHO AFRO Surveillance Report (UID: 21017),0.97,"Converted from JHU database. Primary: True, Phantom: False - JHU reported 5 cases, 2 deaths | Adjusted synthetic outcome counts for dashboard environmental trend testing.",JHU,0,1
88030,88030,183734,AFR::CMR,2018-08-29,2018-08-29,0,45,0,,2018-08-29,20,WHO AFRO Surveillance Report (UID: 21017),0.97,"Converted from JHU database. Primary: True, Phantom: False - JHU reported 8 cases, 2 deaths | Adjusted synthetic outcome counts for dashboard environmental trend testing.",JHU,0,1
88031,88031,183735,AFR::CMR,2018-08-30,2018-08-30,0,10,6,0.0,2018-08-30,20,WHO AFRO Surveillance Report (UID: 21017),0.97,"Converted from JHU database. Primary: True, Phantom: False - JHU reported 2 cases, 0 deaths | Adjusted synthetic outcome counts for dashboard environmental trend testing.",JHU,0,1
88032,88032,183736,AFR::CMR,2018-08-31,2018-08-31,0,0,0,,2018-08-31,20,WHO AFRO Surveillance Report (UID: 21017),0.97,"Converted from JHU database. Primary: True, Phantom: False - JHU reported 3 cases, 0 deaths | Adjusted synthetic outcome counts for dashboard environmental trend testing.",JHU,0,1
88033,88033,183737,AFR::CMR,2018-09-01,2018-09-01,0,25,0,,2018-09-01,20,WHO AFRO Surveillance Report (UID: 21017),0.97,"Converted from JHU database. Primary: True, Phantom: False - JHU reported 0 cases, 1 deaths | Adjusted synthetic outcome counts for dashboard environmental trend testing.",JHU,0,1
88034,88034,183738,AFR::CMR,2018-09-02,2018-09-02,0,0,0,,2018-09-02,20,WHO AFRO Surveillance Report (UID: 21017),0.97,"Converted from JHU database. Primary: True, Phantom: False - JHU reported 0 cases, 0 deaths | Adjusted synthetic outcome counts for dashboard environmental trend testing.",JHU,0,1
88035,88035,183739,AFR::CMR,2018-09-03,2018-09-03,0,0,0,,2018-09-03,20,WHO AFRO Surveillance Report (UID: 21017),0.97,"Converted from JHU database. Primary: True, Phantom: False - JHU reported 0 cases, 0 deaths | Adjusted synthetic outcome counts for dashboard environmental trend testing.",JHU,0,1
88036,88036,183740,AFR::CMR,2018-09-04,2018-09-04,0,35,0,,2018-09-04,20,WHO AFRO Surveillance Report (UID: 21017),0.97,"Converted from JHU database. Primary: True, Phantom: False - JHU reported 2 cases, 0 deaths | Adjusted synthetic outcome counts for dashboard environmental trend testing.",JHU,0,1
88037,88037,183741,AFR::CMR,2018-09-05,2018-09-05,0,31,0,,2018-09-05,20,WHO AFRO Surveillance Report (UID: 21017),0.97,"Converted from JHU database. Primary: True, Phantom: False - JHU reported 3 cases, 0 deaths | Adjusted synthetic outcome counts for dashboard environmental trend testing.",JHU,0,1
88038,88038,183742,AFR::CMR,2018-09-06,2018-09-06,0,18,8,0.0,2018-09-06,20,WHO AFRO Surveillance Report (UID: 21017),0.97,"Converted from JHU database. Primary: True, Phantom: False - JHU reported 1 cases, 0 deaths | Adjusted synthetic outcome counts for dashboard environmental trend testing.",JHU,0,1
88039,88039,183743,AFR::CMR,2018-09-07,2018-09-07,0,60,0,,2018-09-07,20,WHO AFRO Surveillance Report (UID: 21017),0.97,"Converted from JHU database. Primary: True, Phantom: False - JHU reported 6 cases, 1 deaths | Adjusted synthetic outcome counts for dashboard environmental trend testing.",JHU,0,1
88040,88040,183744,AFR::CMR,2018-09-08,2018-09-08,0,57,0,,2018-09-08,20,WHO AFRO Surveillance Report (UID: 21017),0.97,"Converted from JHU database. Primary: True, Phantom: False - JHU reported 8 cases, 0 deaths | Adjusted synthetic outcome counts for dashboard environmental trend testing.",JHU,0,1
88041,88041,183745,AFR::CMR,2018-09-09,2018-09-09,1,70,34,2.94,2018-09-09,20,WHO AFRO Surveillance Report (UID: 21017),0.97,"Converted from JHU database. Primary: True, Phantom: False - JHU reported 4 cases, 0 deaths | Adjusted synthetic outcome counts for dashboard environmental trend testing.",JHU,0,1
88042,88042,183746,AFR::CMR,2018-09-10,2018-09-10,0,25,11,0.0,2018-09-10,20,WHO AFRO Surveillance Report (UID: 21017),0.97,"Converted from JHU database. Primary: True, Phantom: False - JHU reported 1 cases, 0 deaths | Adjusted synthetic outcome counts for dashboard environmental trend testing.",JHU,0,1
88043,88043,183747,AFR::CMR,2018-09-11,2018-09-11,1,48,15,6.67,2018-09-11,20,WHO AFRO Surveillance Report (UID: 21017),0.97,"Converted from JHU database. Primary: True, Phantom: False - JHU reported 5 cases, 1 deaths | Adjusted synthetic outcome counts for dashboard environmental trend testing.",JHU,0,1
88044,88044,183748,AFR::CMR,2018-09-12,2018-09-12,0,19,0,,2018-09-12,20,WHO AFRO Surveillance Report (UID: 21017),0.97,"Converted from JHU database. Primary: True, Phantom: False - JHU reported 14 cases, 2 deaths | Adjusted synthetic outcome counts for dashboard environmental trend testing.",JHU,0,1
88045,88045,183749,AFR::CMR,2018-09-13,2018-09-13,0,79,24,0.0,2018-09-13,20,WHO AFRO Surveillance Report (UID: 21017),0.97,"Converted from JHU database. Primary: True, Phantom: False - JHU reported 6 cases, 0 deaths | Adjusted synthetic outcome counts for dashboard environmental trend testing.",JHU,0,1
88046,88046,183750,AFR::CMR,2018-09-14,2018-09-14,1,54,28,3.57,2018-09-14,20,WHO AFRO Surveillance Report (UID: 21017),0.97,"Converted from JHU database. Primary: True, Phantom: False - JHU reported 11 cases, 0 deaths | Adjusted synthetic outcome counts for dashboard environmental trend testing.",JHU,0,1
88047,88047,183751,AFR::CMR,2018-09-15,2018-09-15,1,47,17,5.88,2018-09-15,20,WHO AFRO Surveillance Report (UID: 21017),0.97,"Converted from JHU database. Primary: True, Phantom: False - JHU reported 7 cases, 1 deaths | Adjusted synthetic outcome counts for dashboard environmental trend testing.",JHU,0,1
88048,88048,183752,AFR::CMR,2018-09-16,2018-09-16,0,66,0,,2018-09-16,20,WHO AFRO Surveillance Report (UID: 21017),0.97,"Converted from JHU database. Primary: True, Phantom: False - JHU reported 2 cases, 0 deaths | Adjusted synthetic outcome counts for dashboard environmental trend testing.",JHU,0,1
88049,88049,183753,AFR::CMR,2018-09-17,2018-09-17,0,0,0,,2018-09-17,20,WHO AFRO Surveillance Report (UID: 21017),0.97,"Converted from JHU database. Primary: True, Phantom: False - JHU reported 0 cases, 0 deaths | Adjusted synthetic outcome counts for dashboard environmental trend testing.",JHU,0,1
88050,88050,183754,AFR::CMR,2018-09-18,2018-09-18,0,73,0,,2018-09-18,20,WHO AFRO Surveillance Report (UID: 21017),0.97,"Converted from JHU database. Primary: True, Phantom: False - JHU reported 5 cases, 0 deaths | Adjusted synthetic outcome counts for dashboard environmental trend testing.",JHU,0,1
88051,88051,183755,AFR::CMR,2018-09-19,2018-09-19,1,69,22,4.55,2018-09-19,20,WHO AFRO Surveillance Report (UID: 21017),0.97,"Converted from JHU database. Primary: True, Phantom: False - JHU reported 4 cases, 1 deaths | Adjusted synthetic outcome counts for dashboard environmental trend testing.",JHU,0,1
88052,88052,183756,AFR::CMR,2018-09-20,2018-09-20,0,15,0,,2018-09-20,20,WHO AFRO Surveillance Report (UID: 21017),0.97,"Converted from JHU database. Primary: True, Phantom: False - JHU reported 4 cases, 1 deaths | Adjusted synthetic outcome counts for dashboard environmental trend testing.",JHU,0,1
88053,88053,183757,AFR::CMR,2018-09-21,2018-09-21,0,87,23,0.0,2018-09-21,20,WHO AFRO Surveillance Report (UID: 21017),0.97,"Converted from JHU database. Primary: True, Phantom: False - JHU reported 6 cases, 0 deaths | Adjusted synthetic outcome counts for dashboard environmental trend testing.",JHU,0,1
88054,88054,183758,AFR::CMR,2018-09-22,2018-09-22,2,77,25,8.0,2018-09-22,20,WHO AFRO Surveillance Report (UID: 21017),0.97,"Converted from JHU database. Primary: True, Phantom: False - JHU reported 14 cases, 2 deaths | Adjusted synthetic outcome counts for dashboard environmental trend testing.",JHU,0,1
88055,88055,183759,AFR::CMR,2018-09-23,2018-09-23,0,97,63,0.0,2018-09-23,20,WHO AFRO Surveillance Report (UID: 21017),0.97,"Converted from JHU database. Primary: True, Phantom: False - JHU reported 6 cases, 0 deaths | Adjusted synthetic outcome counts for dashboard environmental trend testing.",JHU,0,1
88056,88056,183760,AFR::CMR,2018-09-24,2018-09-24,0,33,20,0.0,2018-09-24,20,WHO AFRO Surveillance Report (UID: 21017),0.97,"Converted from JHU database. Primary: True, Phantom: False - JHU reported 9 cases, 0 deaths | Adjusted synthetic outcome counts for dashboard environmental trend testing.",JHU,0,1
88057,88057,183761,AFR::CMR,2018-09-25,2018-09-25,1,78,22,4.55,2018-09-25,20,WHO AFRO Surveillance Report (UID: 21017),0.97,"Converted from JHU database. Primary: True, Phantom: False - JHU reported 10 cases, 0 deaths | Adjusted synthetic outcome counts for dashboard environmental trend testing.",JHU,0,1
88058,88058,183762,AFR::CMR,2018-09-26,2018-09-26,0,16,8,0.0,2018-09-26,20,WHO AFRO Surveillance Report (UID: 21017),0.97,"Converted from JHU database. Primary: True, Phantom: False - JHU reported 2 cases, 0 deaths | Adjusted synthetic outcome counts for dashboard environmental trend testing.",JHU,0,1
88059,88059,183763,AFR::CMR,2018-09-27,2018-09-27,0,31,14,0.0,2018-09-27,20,WHO AFRO Surveillance Report (UID: 21017),0.97,"Converted from JHU database. Primary: True, Phantom: False - JHU reported 10 cases, 0 deaths | Adjusted synthetic outcome counts for dashboard environmental trend testing.",JHU,0,1
88060,88060,183764,AFR::CMR,2018-09-28,2018-09-28,0,65,0,,2018-09-28,20,WHO AFRO Surveillance Report (UID: 21017),0.97,"Converted from JHU database. Primary: True, Phantom: False - JHU reported 10 cases, 0 deaths | Adjusted synthetic outcome counts for dashboard environmental trend testing.",JHU,0,1
88061,88061,183765,AFR::CMR,2018-09-29,2018-09-29,0,48,24,0.0,2018-09-29,20,WHO AFRO Surveillance Report (UID: 21017),0.97,"Converted from JHU database. Primary: True, Phantom: False - JHU reported 3 cases, 0 deaths | Adjusted synthetic outcome counts for dashboard environmental trend testing.",JHU,0,1
88062,88062,183766,AFR::CMR,2018-09-30,2018-09-30,0,0,0,,2018-09-30,20,WHO AFRO Surveillance Report (UID: 21017),0.97,"Converted from JHU database. Primary: True, Phantom: False - JHU reported 5 cases, 0 deaths | Adjusted synthetic outcome counts for dashboard environmental trend testing.",JHU,0,1
88063,88063,183767,AFR::CMR,2018-10-01,2018-10-01,1,59,30,3.33,2018-10-01,20,WHO AFRO Surveillance Report (UID: 21017),0.97,"Converted from JHU database. Primary: True, Phantom: False - JHU reported 6 cases, 0 deaths | Adjusted synthetic outcome counts for dashboard environmental trend testing.",JHU,0,1
88064,88064,183768,AFR::CMR,2018-10-02,2018-10-02,0,35,15,0.0,2018-10-02,20,WHO AFRO Surveillance Report (UID: 21017),0.97,"Converted from JHU database. Primary: True, Phantom: False - JHU reported 4 cases, 0 deaths | Adjusted synthetic outcome counts for dashboard environmental trend testing.",JHU,0,1
88065,88065,183769,AFR::CMR,2018-10-03,2018-10-03,0,63,0,,2018-10-03,20,WHO AFRO Surveillance Report (UID: 21017),0.97,"Converted from JHU database. Primary: True, Phantom: False - JHU reported 7 cases, 0 deaths | Adjusted synthetic outcome counts for dashboard environmental trend testing.",JHU,0,1
88066,88066,183770,AFR::CMR,2018-10-04,2018-10-04,0,0,0,,2018-10-04,20,WHO AFRO Surveillance Report (UID: 21017),0.97,"Converted from JHU database. Primary: True, Phantom: False - JHU reported 3 cases, 0 deaths | Adjusted synthetic outcome counts for dashboard environmental trend testing.",JHU,0,1
88067,88067,183771,AFR::CMR,2018-10-05,2018-10-05,0,45,0,,2018-10-05,20,WHO AFRO Surveillance Report (UID: 21017),0.97,"Converted from JHU database. Primary: True, Phantom: False - JHU reported 4 cases, 0 deaths | Adjusted synthetic outcome counts for dashboard environmental trend testing.",JHU,0,1
88068,88068,183772,AFR::CMR,2018-10-06,2018-10-06,0,13,7,0.0,2018-10-06,20,WHO AFRO Surveillance Report (UID: 21017),0.97,"Converted from JHU database. Primary: True, Phantom: False - JHU reported 7 cases, 0 deaths | Adjusted synthetic outcome counts for dashboard environmental trend testing.",JHU,0,1
88069,88069,183773,AFR::CMR,2018-10-07,2018-10-07,0,28,0,,2018-10-07,20,WHO AFRO Surveillance Report (UID: 21017),0.97,"Converted from JHU database. Primary: True, Phantom: False - JHU reported 9 cases, 1 deaths | Adjusted synthetic outcome counts for dashboard environmental trend testing.",JHU,0,1
88070,88070,183774,AFR::CMR,2018-10-08,2018-10-08,0,18,7,0.0,2018-10-08,20,WHO AFRO Surveillance Report (UID: 21017),0.97,"Converted from JHU database. Primary: True, Phantom: False - JHU reported 4 cases, 0 deaths | Adjusted synthetic outcome counts for dashboard environmental trend testing.",JHU,0,1
88071,88071,183775,AFR::CMR,2018-10-09,2018-10-09,0,73,20,0.0,2018-10-09,20,WHO AFRO Surveillance Report (UID: 21017),0.97,"Converted from JHU database. Primary: True, Phantom: False - JHU reported 3 cases, 0 deaths | Adjusted synthetic outcome counts for dashboard environmental trend testing.",JHU,0,1
88072,88072,183776,AFR::CMR,2018-10-10,2018-10-10,1,75,44,2.27,2018-10-10,20,WHO AFRO Surveillance Report (UID: 21017),0.97,"Converted from JHU database. Primary: True, Phantom: False - JHU reported 5 cases, 0 deaths | Adjusted synthetic outcome counts for dashboard environmental trend testing.",JHU,0,1
88073,88073,183777,AFR::CMR,2018-10-11,2018-10-11,0,0,0,,2018-10-11,20,WHO AFRO Surveillance Report (UID: 21017),0.97,"Converted from JHU database. Primary: True, Phantom: False - JHU reported 13 cases, 2 deaths | Adjusted synthetic outcome counts for dashboard environmental trend testing.",JHU,0,1
88074,88074,183778,AFR::CMR,2018-10-12,2018-10-12,0,34,11,0.0,2018-10-12,20,WHO AFRO Surveillance Report (UID: 21017),0.97,"Converted from JHU database. Primary: True, Phantom: False - JHU reported 8 cases, 0 deaths | Adjusted synthetic outcome counts for dashboard environmental trend testing.",JHU,0,1
88075,88075,183779,AFR::CMR,2018-10-13,2018-10-13,0,80,32,0.0,2018-10-13,20,WHO AFRO Surveillance Report (UID: 21017),0.97,"Converted from JHU database. Primary: True, Phantom: False - JHU reported 5 cases, 0 deaths | Adjusted synthetic outcome counts for dashboard environmental trend testing.",JHU,0,1
88076,88076,183780,AFR::CMR,2018-10-14,2018-10-14,0,33,0,,2018-10-14,20,WHO AFRO Surveillance Report (UID: 21017),0.97,"Converted from JHU database. Primary: True, Phantom: False - JHU reported 6 cases, 1 deaths | Adjusted synthetic outcome counts for dashboard environmental trend testing.",JHU,0,1
88077,88077,183781,AFR::CMR,2018-10-15,2018-10-15,0,44,0,,2018-10-15,20,WHO AFRO Surveillance Report (UID: 21017),0.97,"Converted from JHU database. Primary: True, Phantom: False - JHU reported 19 cases, 0 deaths | Adjusted synthetic outcome counts for dashboard environmental trend testing.",JHU,0,1
88078,88078,183782,AFR::CMR,2018-10-16,2018-10-16,0,34,19,0.0,2018-10-16,20,WHO AFRO Surveillance Report (UID: 21017),0.97,"Converted from JHU database. Primary: True, Phantom: False - JHU reported 21 cases, 0 deaths | Adjusted synthetic outcome counts for dashboard environmental trend testing.",JHU,0,1
88079,88079,183783,AFR::CMR,2018-10-17,2018-10-17,0,16,0,,2018-10-17,20,WHO AFRO Surveillance Report (UID: 21017),0.97,"Converted from JHU database. Primary: True, Phantom: False - JHU reported 12 cases, 1 deaths | Adjusted synthetic outcome counts for dashboard environmental trend testing.",JHU,0,1
88080,88080,183784,AFR::CMR,2018-10-18,2018-10-18,2,89,55,3.64,2018-10-18,20,WHO AFRO Surveillance Report (UID: 21017),0.97,"Converted from JHU database. Primary: True, Phantom: False - JHU reported 10 cases, 0 deaths | Adjusted synthetic outcome counts for dashboard environmental trend testing.",JHU,0,1
88081,88081,183785,AFR::CMR,2018-10-19,2018-10-19,1,83,30,3.33,2018-10-19,20,WHO AFRO Surveillance Report (UID: 21017),0.97,"Converted from JHU database. Primary: True, Phantom: False - JHU reported 3 cases, 0 deaths | Adjusted synthetic outcome counts for dashboard environmental trend testing.",JHU,0,1
88082,88082,183786,AFR::CMR,2018-10-20,2018-10-20,0,28,0,,2018-10-20,20,WHO AFRO Surveillance Report (UID: 21017),0.97,"Converted from JHU database. Primary: True, Phantom: False - JHU reported 5 cases, 0 deaths | Adjusted synthetic outcome counts for dashboard environmental trend testing.",JHU,0,1
88083,88083,183787,AFR::CMR,2018-10-21,2018-10-21,0,32,14,0.0,2018-10-21,20,WHO AFRO Surveillance Report (UID: 21017),0.97,"Converted from JHU database. Primary: True, Phantom: False - JHU reported 5 cases, 0 deaths | Adjusted synthetic outcome counts for dashboard environmental trend testing.",JHU,0,1
88084,88084,183788,AFR::CMR,2018-10-22,2018-10-22,0,0,0,,2018-10-22,20,WHO AFRO Surveillance Report (UID: 21017),0.97,"Converted from JHU database. Primary: True, Phantom: False - JHU reported 0 cases, 0 deaths | Adjusted synthetic outcome counts for dashboard environmental trend testing.",JHU,0,1
88090,88090,183794,AFR::CMR,2018-05-18,2018-06-27,0,64,2,0.0,2018-06-27,26,WHO AFRO Surveillance Report (UID: 20916),0.97,"Converted from JHU database. Primary: True, Phantom: False - JHU reported 7 cases, 0 deaths | Adjusted synthetic outcome counts for dashboard environmental trend testing.",JHU,0,1
88094,88094,183800,AFR::CMR,2021-10-01,2023-09-10,0,20460,0,,2023-09-10,22,JHU Cholera Database (UID: 21407),0.95,"Converted from JHU database. Primary: True, Phantom: False - JHU reported 20460 cases, 484 deaths | Adjusted synthetic outcome counts for dashboard environmental trend testing.",JHU,0,1
88095,88095,183801,AFR::CMR,2021-10-01,2023-08-13,475,19860,11048,4.3,2023-08-13,22,JHU Cholera Database (UID: 21407),0.95,"Converted from JHU database. Primary: True, Phantom: False - JHU reported 19860 cases, 475 deaths | Adjusted synthetic outcome counts for dashboard environmental trend testing.",JHU,0,1
88096,88096,183802,AFR::CMR,2021-10-01,2023-07-09,463,19395,8308,5.57,2023-07-09,22,JHU Cholera Database (UID: 21407),0.95,"Converted from JHU database. Primary: True, Phantom: False - JHU reported 19395 cases, 463 deaths | Adjusted synthetic outcome counts for dashboard environmental trend testing.",JHU,0,1
88097,88097,183803,AFR::CMR,2021-10-01,2023-05-14,374,16859,5164,7.24,2023-05-14,22,JHU Cholera Database (UID: 21407),0.95,"Converted from JHU database. Primary: True, Phantom: False - JHU reported 16859 cases, 374 deaths | Adjusted synthetic outcome counts for dashboard environmental trend testing.",JHU,0,1
88098,88098,183804,AFR::CMR,2021-10-01,2023-04-16,312,15394,6497,4.8,2023-04-16,22,JHU Cholera Database (UID: 21407),0.95,"Converted from JHU database. Primary: True, Phantom: False - JHU reported 15394 cases, 312 deaths | Adjusted synthetic outcome counts for dashboard environmental trend testing.",JHU,0,1
88099,88099,183805,AFR::CMR,2021-10-01,2023-03-12,0,15309,0,,2023-03-12,22,JHU Cholera Database (UID: 21407),0.95,"Converted from JHU database. Primary: True, Phantom: False - JHU reported 15309 cases, 311 deaths | Adjusted synthetic outcome counts for dashboard environmental trend testing.",JHU,0,1
88100,88100,183806,AFR::CMR,2021-10-01,2023-06-12,0,19087,0,,2023-06-12,22,JHU Cholera Database (UID: 21407),0.95,"Converted from JHU database. Primary: True, Phantom: False - JHU reported 19087 cases, 450 deaths | Adjusted synthetic outcome counts for dashboard environmental trend testing.",JHU,0,1
88101,88101,183807,AFR::CMR,2024-01-01,2024-11-24,0,0,0,,2024-11-24,22,JHU Cholera Database (UID: 21407),0.95,"Converted from JHU database. Primary: True, Phantom: False - JHU reported 50 cases, 81 deaths | Adjusted synthetic outcome counts for dashboard environmental trend testing.",JHU,0,1
88102,88102,183808,AFR::CMR,2024-10-28,2024-11-24,0,26,0,,2024-11-24,22,JHU Cholera Database (UID: 21407),0.95,"Converted from JHU database. Primary: True, Phantom: False - JHU reported 1 cases, 32 deaths | Adjusted synthetic outcome counts for dashboard environmental trend testing.",JHU,0,1
88103,88103,183809,AFR::CMR,2024-01-01,2024-10-27,0,24,0,,2024-10-27,22,JHU Cholera Database (UID: 21407),0.95,"Converted from JHU database. Primary: True, Phantom: False - JHU reported 0 cases, 49 deaths | Adjusted synthetic outcome counts for dashboard environmental trend testing.",JHU,0,1
88104,88104,183810,AFR::CMR,2024-01-01,2024-09-29,0,34,10,0.0,2024-09-29,22,JHU Cholera Database (UID: 21407),0.95,"Converted from JHU database. Primary: True, Phantom: False - JHU reported 0 cases, 49 deaths | Adjusted synthetic outcome counts for dashboard environmental trend testing.",JHU,0,1
88105,88105,183811,AFR::CMR,2024-01-01,2024-08-25,2,59,30,6.67,2024-08-25,22,JHU Cholera Database (UID: 21407),0.95,"Converted from JHU database. Primary: True, Phantom: False - JHU reported 0 cases, 49 deaths | Adjusted synthetic outcome counts for dashboard environmental trend testing.",JHU,0,1
88107,88107,183813,AFR::CMR,2014-01-01,2014-04-30,1,115,39,2.56,2014-04-30,42,JHU Cholera Database (UID: 819),0.95,"Converted from JHU database. Primary: True, Phantom: False - JHU reported 19 cases | Adjusted synthetic outcome counts for dashboard environmental trend testing.",JHU,0,1
88123,88123,183829,AFR::CMR,2011-01-01,2011-08-15,379,10582,5562,6.81,2011-08-15,30,JHU Cholera Database (UID: 20532),0.95,"Converted from JHU database. Primary: True, Phantom: False - JHU reported 10582 cases, 379 deaths | Adjusted synthetic outcome counts for dashboard environmental trend testing.",JHU,0,1
88127,88127,232164,AFR::CMR,2018-05-18,2018-11-09,23,863,295,7.8,2018-11-09,8,WHO AFRO Surveillance Report (UID: 21029),0.97,"Converted from JHU database. Primary: True, Phantom: False - JHU reported 863 cases, 54 deaths | Adjusted synthetic outcome counts for dashboard environmental trend testing.",JHU,0,1
