Region,month_date,cases,deaths,CFR,rainfall_avg,temperature_avg,humidity_avg,year,month,cases_lag1,cases_lag2,rainfall_lag1,rainfall_lag2,temperature_lag1,temperature_lag2,humidity_lag1,humidity_lag2,risk_level,Region_Adamaoua,Region_Centre,Region_East,Region_Far North,Region_Littoral,Region_North,Region_North-West,Region_South,Region_South-West,Region_West
Adamaoua,2010-01-01,19,0,0.0,0.0282142857142857,22.46857142857143,40.16392857142857,2010,1,0.0,0.0,0.0,0.0,0.0,0.0,0.0,0.0,0,1,0,0,0,0,0,0,0,0,0
Adamaoua,2010-02-01,47,0,0.0,0.039642857142857126,24.665,43.45821428571429,2010,2,19.0,0.0,0.0282142857142857,0.0,22.46857142857143,0.0,40.16392857142857,0.0,0,1,0,0,0,0,0,0,0,0,0
Adamaoua,2010-03-01,154,1,0.9615384615384616,1.1575000000000002,25.286428571428573,47.182500000000005,2010,3,47.0,19.0,0.039642857142857126,0.0282142857142857,24.665,22.46857142857143,43.45821428571429,40.16392857142857,0,1,0,0,0,0,0,0,0,0,0
Adamaoua,2010-04-01,378,1,0.5434782608695652,3.931428571428571,25.590357142857144,63.30928571428571,2010,4,154.0,47.0,1.1575000000000002,0.039642857142857126,25.286428571428573,24.665,47.182500000000005,43.45821428571429,1,1,0,0,0,0,0,0,0,0,0
Adamaoua,2010-05-01,86,0,0.0,4.798285714285714,24.232857142857146,77.56571428571428,2010,5,378.0,154.0,3.931428571428571,1.1575000000000002,25.590357142857144,25.286428571428573,63.30928571428571,47.182500000000005,0,1,0,0,0,0,0,0,0,0,0
Adamaoua,2010-06-01,126,0,0.0,6.7785714285714285,23.13107142857143,79.70821428571429,2010,6,86.0,378.0,4.798285714285714,3.931428571428571,24.232857142857146,25.590357142857144,77.56571428571428,63.30928571428571,0,1,0,0,0,0,0,0,0,0,0
Adamaoua,2010-07-01,479,2,0.7839912280701753,8.108214285714286,21.512857142857143,85.185,2010,7,126.0,86.0,6.7785714285714285,4.798285714285714,23.13107142857143,24.232857142857146,79.70821428571429,77.56571428571428,1,1,0,0,0,0,0,0,0,0,0
Adamaoua,2010-08-01,204,1,0.5128205128205128,11.916857142857143,21.222857142857144,86.64371428571428,2010,8,479.0,126.0,8.108214285714286,6.7785714285714285,21.512857142857143,23.13107142857143,85.185,79.70821428571429,0,1,0,0,0,0,0,0,0,0,0
Adamaoua,2010-09-01,120,1,1.0,5.096785714285714,21.299642857142857,86.56607142857143,2010,9,204.0,479.0,11.916857142857143,8.108214285714286,21.222857142857144,21.512857142857143,86.64371428571428,85.185,0,1,0,0,0,0,0,0,0,0,0
Adamaoua,2010-10-01,62,0,0.0,5.518571428571429,21.85257142857143,84.12342857142858,2010,10,120.0,204.0,5.096785714285714,11.916857142857143,21.299642857142857,21.222857142857144,86.56607142857143,86.64371428571428,0,1,0,0,0,0,0,0,0,0,0
Adamaoua,2010-11-01,128,1,1.0416666666666665,1.0967857142857143,22.248214285714287,73.47892857142857,2010,11,62.0,120.0,5.518571428571429,5.096785714285714,21.85257142857143,21.299642857142857,84.12342857142858,86.56607142857143,0,1,0,0,0,0,0,0,0,0,0
Adamaoua,2010-12-01,82,0,0.0,1.0992595238095237,21.084288095238094,58.55356904761904,2010,12,128.0,62.0,1.0967857142857143,5.518571428571429,22.248214285714287,21.85257142857143,73.47892857142857,84.12342857142858,0,1,0,0,0,0,0,0,0,0,0
Adamaoua,2011-01-01,161,0,0.0,0.0,20.175428571428572,46.48542857142857,2011,1,82.0,128.0,1.0992595238095237,1.0967857142857143,21.084288095238094,22.248214285714287,58.55356904761904,73.47892857142857,0,1,0,0,0,0,0,0,0,0,0
Adamaoua,2011-02-01,0,0,0.0,0.24428571428571424,24.35107142857143,46.879285714285714,2011,2,161.0,82.0,0.0,1.0992595238095237,20.175428571428572,21.084288095238094,46.48542857142857,58.55356904761904,0,1,0,0,0,0,0,0,0,0,0
Adamaoua,2011-03-01,75,0,0.0,0.1682142857142857,25.752142857142857,39.08821428571429,2011,3,0.0,161.0,0.24428571428571424,0.0,24.35107142857143,20.175428571428572,46.879285714285714,46.48542857142857,0,1,0,0,0,0,0,0,0,0,0
Adamaoua,2011-04-01,209,0,0.0,1.2435714285714285,25.98142857142857,49.80535714285715,2011,4,75.0,0.0,0.1682142857142857,0.24428571428571424,25.752142857142857,24.35107142857143,39.08821428571429,46.879285714285714,0,1,0,0,0,0,0,0,0,0,0
Adamaoua,2011-05-01,190,1,1.176470588235294,3.937142857142857,24.271142857142856,74.07771428571428,2011,5,209.0,75.0,1.2435714285714285,0.1682142857142857,25.98142857142857,25.752142857142857,49.80535714285715,39.08821428571429,0,1,0,0,0,0,0,0,0,0,0
Adamaoua,2011-06-01,315,2,1.7679900744416872,5.107142857142857,23.128571428571426,79.03142857142856,2011,6,190.0,209.0,3.937142857142857,1.2435714285714285,24.271142857142856,25.98142857142857,74.07771428571428,49.80535714285715,1,1,0,0,0,0,0,0,0,0,0
Adamaoua,2011-07-01,518,3,0.8823529411764707,6.030857142857142,22.032285714285713,82.23314285714285,2011,7,315.0,190.0,5.107142857142857,3.937142857142857,23.128571428571426,24.271142857142856,79.03142857142856,74.07771428571428,1,1,0,0,0,0,0,0,0,0,0
Adamaoua,2011-08-01,575,0,0.0,10.132857142857144,20.91321428571429,86.53428571428572,2011,8,518.0,315.0,6.030857142857142,5.107142857142857,22.032285714285713,23.128571428571426,82.23314285714285,79.03142857142856,1,1,0,0,0,0,0,0,0,0,0
Adamaoua,2011-09-01,609,1,0.3508771929824561,8.363948247978438,21.476637196765502,82.16011320754717,2011,9,575.0,518.0,10.132857142857144,6.030857142857142,20.91321428571429,22.032285714285713,86.53428571428572,82.23314285714285,1,1,0,0,0,0,0,0,0,0,0
Adamaoua,2011-10-01,743,2,0.8979885057471263,5.073142857142857,21.91,81.07828571428571,2011,10,609.0,575.0,8.363948247978438,10.132857142857144,21.476637196765502,20.91321428571429,82.16011320754717,86.53428571428572,2,1,0,0,0,0,0,0,0,0,0
Adamaoua,2011-11-01,189,0,0.0,0.19071428571428567,21.94,65.37964285714285,2011,11,743.0,609.0,5.073142857142857,8.363948247978438,21.91,21.476637196765502,81.07828571428571,82.16011320754717,0,1,0,0,0,0,0,0,0,0,0
Adamaoua,2011-12-01,94,0,0.0,0.65403125,20.168999999999997,53.835866071428576,2011,12,189.0,743.0,0.19071428571428567,5.073142857142857,21.94,21.91,65.37964285714285,81.07828571428571,0,1,0,0,0,0,0,0,0,0,0
Adamaoua,2012-01-01,265,0,0.0,0.0,21.436285714285713,41.81628571428572,2012,1,94.0,189.0,0.65403125,0.19071428571428567,20.168999999999997,21.94,53.835866071428576,65.37964285714285,1,1,0,0,0,0,0,0,0,0,0
Adamaoua,2012-02-01,219,1,0.6097560975609756,0.27035714285714285,24.69,38.99928571428572,2012,2,265.0,94.0,0.0,0.65403125,21.436285714285713,20.168999999999997,41.81628571428572,53.835866071428576,1,1,0,0,0,0,0,0,0,0,0
Adamaoua,2012-03-01,235,1,0.5,0.009285714285714276,26.043214285714285,32.097142857142856,2012,3,219.0,265.0,0.27035714285714285,0.0,24.69,21.436285714285713,38.99928571428572,41.81628571428572,1,1,0,0,0,0,0,0,0,0,0
Adamaoua,2012-04-01,698,5,1.2842663635502511,2.886857142857143,25.494857142857143,60.61485714285715,2012,4,235.0,219.0,0.009285714285714276,0.27035714285714285,26.043214285714285,24.69,32.097142857142856,38.99928571428572,2,1,0,0,0,0,0,0,0,0,0
Adamaoua,2012-05-01,816,6,0.940792068052504,6.784642857142858,23.590714285714284,76.90428571428572,2012,5,698.0,235.0,2.886857142857143,0.009285714285714276,25.494857142857143,26.043214285714285,60.61485714285715,32.097142857142856,2,1,0,0,0,0,0,0,0,0,0
Adamaoua,2012-06-01,87,0,0.0,6.975,22.45357142857143,80.91285714285715,2012,6,816.0,698.0,6.784642857142858,2.886857142857143,23.590714285714284,25.494857142857143,76.90428571428572,60.61485714285715,0,1,0,0,0,0,0,0,0,0,0
Adamaoua,2012-07-01,370,1,0.22222222222222224,6.553428571428571,20.90542857142857,86.27685714285715,2012,7,87.0,816.0,6.975,6.784642857142858,22.45357142857143,23.590714285714284,80.91285714285715,76.90428571428572,1,1,0,0,0,0,0,0,0,0,0
Adamaoua,2012-08-01,309,2,0.617283950617284,10.118214285714288,20.737857142857145,87.75892857142857,2012,8,370.0,87.0,6.553428571428571,6.975,20.90542857142857,22.45357142857143,86.27685714285715,80.91285714285715,1,1,0,0,0,0,0,0,0,0,0
Adamaoua,2012-09-01,336,2,1.1587301587301586,12.726285714285714,20.902285714285714,87.36857142857143,2012,9,309.0,370.0,10.118214285714288,6.553428571428571,20.737857142857145,20.90542857142857,87.75892857142857,86.27685714285715,1,1,0,0,0,0,0,0,0,0,0
Adamaoua,2012-10-01,489,1,0.5,5.674285714285714,21.653928571428576,84.80178571428571,2012,10,336.0,309.0,12.726285714285714,10.118214285714288,20.902285714285714,20.737857142857145,87.36857142857143,87.75892857142857,1,1,0,0,0,0,0,0,0,0,0
Adamaoua,2012-11-01,145,0,0.0,0.9660714285714285,21.84428571428571,75.8617857142857,2012,11,489.0,336.0,5.674285714285714,12.726285714285714,21.653928571428576,20.902285714285714,84.80178571428571,87.36857142857143,0,1,0,0,0,0,0,0,0,0,0
Adamaoua,2012-12-01,204,1,0.42553191479999997,0.02657142857142854,20.624857142857145,59.71142857142858,2012,12,145.0,489.0,0.9660714285714285,5.674285714285714,21.84428571428571,21.653928571428576,75.8617857142857,84.80178571428571,0,1,0,0,0,0,0,0,0,0,0
Adamaoua,2013-01-01,149,0,0.0,0.04499999999999997,22.027500000000003,51.417500000000004,2013,1,204.0,145.0,0.02657142857142854,0.9660714285714285,20.624857142857145,21.84428571428571,59.71142857142858,75.8617857142857,0,1,0,0,0,0,0,0,0,0,0
Adamaoua,2013-02-01,81,0,0.0,0.0039285714285714,23.46964285714286,42.68857142857143,2013,2,149.0,204.0,0.04499999999999997,0.02657142857142854,22.027500000000003,20.624857142857145,51.417500000000004,59.71142857142858,0,1,0,0,0,0,0,0,0,0,0
Adamaoua,2013-03-01,269,1,0.33333333333333337,0.8968571428571426,25.634285714285717,58.662,2013,3,81.0,149.0,0.0039285714285714,0.04499999999999997,23.46964285714286,22.027500000000003,42.68857142857143,51.417500000000004,1,1,0,0,0,0,0,0,0,0,0
Adamaoua,2013-04-01,291,2,0.5208333333333333,4.236071428571428,24.412857142857145,68.94357142857143,2013,4,269.0,81.0,0.8968571428571426,0.0039285714285714,25.634285714285717,23.46964285714286,58.662,42.68857142857143,1,1,0,0,0,0,0,0,0,0,0
Adamaoua,2013-05-01,204,1,0.5434782608695652,4.474642857142857,23.626785714285713,77.12107142857143,2013,5,291.0,269.0,4.236071428571428,0.8968571428571426,24.412857142857145,25.634285714285717,68.94357142857143,58.662,0,1,0,0,0,0,0,0,0,0,0
Adamaoua,2013-06-01,380,0,0.0,6.060857142857143,22.766,79.806,2013,6,204.0,291.0,4.474642857142857,4.236071428571428,23.626785714285713,24.412857142857145,77.12107142857143,68.94357142857143,1,1,0,0,0,0,0,0,0,0,0
Adamaoua,2013-07-01,150,0,0.0,11.5975,21.493928571428576,83.77035714285714,2013,7,380.0,204.0,6.060857142857143,4.474642857142857,22.766,23.626785714285713,79.806,77.12107142857143,0,1,0,0,0,0,0,0,0,0,0
Adamaoua,2013-08-01,339,2,0.3333333333333334,11.675,20.611785714285713,88.47428571428571,2013,8,150.0,380.0,11.5975,6.060857142857143,21.493928571428576,22.766,83.77035714285714,79.806,1,1,0,0,0,0,0,0,0,0,0
Adamaoua,2013-09-01,270,1,0.33333333333333337,11.898285714285713,21.247142857142855,86.55114285714285,2013,9,339.0,150.0,11.675,11.5975,20.611785714285713,21.493928571428576,88.47428571428571,83.77035714285714,1,1,0,0,0,0,0,0,0,0,0
Adamaoua,2013-10-01,242,1,1.1904761904761905,5.095357142857143,21.590714285714284,83.69035714285714,2013,10,270.0,339.0,11.898285714285713,11.675,21.247142857142855,20.611785714285713,86.55114285714285,88.47428571428571,1,1,0,0,0,0,0,0,0,0,0
Adamaoua,2013-11-01,120,0,0.0,0.05071428571428568,22.070714285714285,70.905,2013,11,242.0,270.0,5.095357142857143,11.898285714285713,21.590714285714284,21.247142857142855,83.69035714285714,86.55114285714285,0,1,0,0,0,0,0,0,0,0,0
Adamaoua,2013-12-01,112,0,0.0,0.15657142857142858,21.18257142857143,62.91428571428571,2013,12,120.0,242.0,0.05071428571428568,5.095357142857143,22.070714285714285,21.590714285714284,70.905,83.69035714285714,0,1,0,0,0,0,0,0,0,0,0
Adamaoua,2014-01-01,258,1,0.625,0.0,21.271071428571428,43.00928571428572,2014,1,112.0,120.0,0.15657142857142858,0.05071428571428568,21.18257142857143,22.070714285714285,62.91428571428571,70.905,1,1,0,0,0,0,0,0,0,0,0
Adamaoua,2014-02-01,144,0,0.0,0.00285714285714285,23.069285714285712,38.253928571428574,2014,2,258.0,112.0,0.0,0.15657142857142858,21.271071428571428,21.18257142857143,43.00928571428572,62.91428571428571,0,1,0,0,0,0,0,0,0,0,0
Adamaoua,2014-03-01,485,1,0.5263157894736842,1.4505714285714286,25.51342857142857,48.24714285714286,2014,3,144.0,258.0,0.00285714285714285,0.0,23.069285714285712,21.271071428571428,38.253928571428574,43.00928571428572,1,1,0,0,0,0,0,0,0,0,0
Adamaoua,2014-04-01,24,0,0.0,3.4949999999999997,24.749285714285712,68.27071428571429,2014,4,485.0,144.0,1.4505714285714286,0.00285714285714285,25.51342857142857,23.069285714285712,48.24714285714286,38.253928571428574,0,1,0,0,0,0,0,0,0,0,0
Adamaoua,2014-05-01,445,2,1.691919191919192,6.645357142857143,23.41857142857143,78.89892857142857,2014,5,24.0,485.0,3.4949999999999997,1.4505714285714286,24.749285714285712,25.51342857142857,68.27071428571429,48.24714285714286,1,1,0,0,0,0,0,0,0,0,0
Adamaoua,2014-06-01,357,1,0.30303030303030304,7.610000000000001,22.935142857142857,81.32114285714286,2014,6,445.0,24.0,6.645357142857143,3.4949999999999997,23.41857142857143,24.749285714285712,78.89892857142857,68.27071428571429,1,1,0,0,0,0,0,0,0,0,0
Adamaoua,2014-07-01,14,0,0.0,5.523928571428571,22.119642857142857,82.62678571428572,2014,7,357.0,445.0,7.610000000000001,6.645357142857143,22.935142857142857,23.41857142857143,81.32114285714286,78.89892857142857,0,1,0,0,0,0,0,0,0,0,0
Adamaoua,2014-08-01,50,0,0.0,7.645428571428572,20.905142857142856,86.45142857142858,2014,8,14.0,357.0,5.523928571428571,7.610000000000001,22.119642857142857,22.935142857142857,82.62678571428572,81.32114285714286,0,1,0,0,0,0,0,0,0,0,0
Adamaoua,2014-09-01,272,1,1.0,10.028214285714284,21.057142857142857,85.42928571428571,2014,9,50.0,14.0,7.645428571428572,5.523928571428571,20.905142857142856,22.119642857142857,86.45142857142858,82.62678571428572,1,1,0,0,0,0,0,0,0,0,0
Adamaoua,2014-10-01,66,0,0.0,4.307857142857143,21.798214285714288,83.295,2014,10,272.0,50.0,10.028214285714284,7.645428571428572,21.057142857142857,20.905142857142856,85.42928571428571,86.45142857142858,0,1,0,0,0,0,0,0,0,0,0
Adamaoua,2014-11-01,155,0,0.0,0.21628571428571425,22.246857142857145,70.58285714285714,2014,11,66.0,272.0,4.307857142857143,10.028214285714284,21.798214285714288,21.057142857142857,83.295,85.42928571428571,0,1,0,0,0,0,0,0,0,0,0
Adamaoua,2014-12-01,279,1,0.3846153846153846,0.0007142857142857,21.085357142857145,49.43857142857142,2014,12,155.0,66.0,0.21628571428571425,4.307857142857143,22.246857142857145,21.798214285714288,70.58285714285714,83.295,1,1,0,0,0,0,0,0,0,0,0
Adamaoua,2015-01-01,583,4,1.4583333333333333,0.0,19.22107142857143,40.1025,2015,1,279.0,155.0,0.0007142857142857,0.21628571428571425,21.085357142857145,22.246857142857145,49.43857142857142,70.58285714285714,1,1,0,0,0,0,0,0,0,0,0
Adamaoua,2015-02-01,80,0,0.0,0.014285714285714275,24.807499999999997,37.167500000000004,2015,2,583.0,279.0,0.0,0.0007142857142857,19.22107142857143,21.085357142857145,40.1025,49.43857142857142,0,1,0,0,0,0,0,0,0,0,0
Adamaoua,2015-03-01,75,0,0.0,0.25857142857142856,26.103714285714283,44.76142857142857,2015,3,80.0,583.0,0.014285714285714275,0.0,24.807499999999997,19.22107142857143,37.167500000000004,40.1025,0,1,0,0,0,0,0,0,0,0,0
Adamaoua,2015-04-01,66,0,0.0,0.8028571428571429,25.837857142857143,49.33642857142857,2015,4,75.0,80.0,0.25857142857142856,0.014285714285714275,26.103714285714283,24.807499999999997,44.76142857142857,37.167500000000004,0,1,0,0,0,0,0,0,0,0,0
Adamaoua,2015-05-01,166,0,0.0,6.596571428571428,24.44685714285714,71.91428571428571,2015,5,66.0,75.0,0.8028571428571429,0.25857142857142856,25.837857142857143,26.103714285714283,49.33642857142857,44.76142857142857,0,1,0,0,0,0,0,0,0,0,0
Adamaoua,2015-06-01,60,0,0.0,6.701785714285715,22.915,79.83,2015,6,166.0,66.0,6.596571428571428,0.8028571428571429,24.44685714285714,25.837857142857143,71.91428571428571,49.33642857142857,0,1,0,0,0,0,0,0,0,0,0
Adamaoua,2015-07-01,192,1,0.5434782608695652,7.8896428571428565,22.325357142857143,83.79464285714286,2015,7,60.0,166.0,6.701785714285715,6.596571428571428,22.915,24.44685714285714,79.83,71.91428571428571,0,1,0,0,0,0,0,0,0,0,0
Adamaoua,2015-08-01,456,3,1.0408432147562583,12.37657142857143,21.502857142857145,86.75399999999999,2015,8,192.0,60.0,7.8896428571428565,6.701785714285715,22.325357142857143,22.915,83.79464285714286,79.83,1,1,0,0,0,0,0,0,0,0,0
Adamaoua,2015-09-01,490,1,0.25,10.072142857142858,21.782857142857143,85.50571428571429,2015,9,456.0,192.0,12.37657142857143,7.8896428571428565,21.502857142857145,22.325357142857143,86.75399999999999,83.79464285714286,1,1,0,0,0,0,0,0,0,0,0
Adamaoua,2015-10-01,286,1,0.0,5.339642857142858,22.2425,82.93,2015,10,490.0,456.0,10.072142857142858,12.37657142857143,21.782857142857143,21.502857142857145,85.50571428571429,86.75399999999999,1,1,0,0,0,0,0,0,0,0,0
Adamaoua,2015-11-01,264,0,0.0,0.8162857142857142,21.613142857142854,72.64771428571429,2015,11,286.0,490.0,5.339642857142858,10.072142857142858,22.2425,21.782857142857143,82.93,85.50571428571429,1,1,0,0,0,0,0,0,0,0,0
Adamaoua,2015-12-01,35,0,0.0,0.0,18.608571428571427,54.40714285714286,2015,12,264.0,286.0,0.8162857142857142,5.339642857142858,21.613142857142854,22.2425,72.64771428571429,82.93,0,1,0,0,0,0,0,0,0,0,0
Adamaoua,2016-01-01,78,0,0.0,0.0,20.437857142857144,41.195,2016,1,35.0,264.0,0.0,0.8162857142857142,18.608571428571427,21.613142857142854,54.40714285714286,72.64771428571429,0,1,0,0,0,0,0,0,0,0,0
Adamaoua,2016-02-01,43,0,0.0,0.0,23.096785714285716,34.57142857142857,2016,2,78.0,35.0,0.0,0.0,20.437857142857144,18.608571428571427,41.195,54.40714285714286,0,1,0,0,0,0,0,0,0,0,0
Adamaoua,2016-03-01,510,3,1.0756756756756756,1.4753571428571428,26.89107142857143,54.073928571428574,2016,3,43.0,78.0,0.0,0.0,23.096785714285716,20.437857142857144,34.57142857142857,41.195,1,1,0,0,0,0,0,0,0,0,0
Adamaoua,2016-04-01,84,1,0.8333333333333333,3.1757142857142857,25.335357142857145,64.22285714285714,2016,4,510.0,43.0,1.4753571428571428,0.0,26.89107142857143,23.096785714285716,54.073928571428574,34.57142857142857,0,1,0,0,0,0,0,0,0,0,0
Adamaoua,2016-05-01,479,4,1.384493670886076,8.383714285714287,23.63142857142857,80.41685714285714,2016,5,84.0,510.0,3.1757142857142857,1.4753571428571428,25.335357142857145,26.89107142857143,64.22285714285714,54.073928571428574,1,1,0,0,0,0,0,0,0,0,0
Adamaoua,2016-06-01,264,1,0.6578947368421052,9.157142857142858,22.43142857142857,83.14928571428571,2016,6,479.0,84.0,8.383714285714287,3.1757142857142857,23.63142857142857,25.335357142857145,80.41685714285714,64.22285714285714,1,1,0,0,0,0,0,0,0,0,0
Adamaoua,2016-07-01,61,1,0.8695652173913043,10.314857142857141,21.315714285714286,87.37314285714285,2016,7,264.0,479.0,9.157142857142858,8.383714285714287,22.43142857142857,23.63142857142857,83.14928571428571,80.41685714285714,0,1,0,0,0,0,0,0,0,0,0
Adamaoua,2016-08-01,65,0,0.0,11.405357142857143,21.43642857142857,86.97999999999999,2016,8,61.0,264.0,10.314857142857141,9.157142857142858,21.315714285714286,22.43142857142857,87.37314285714285,83.14928571428571,0,1,0,0,0,0,0,0,0,0,0
Adamaoua,2016-09-01,433,3,0.77319587628866,14.603214285714285,21.624285714285712,87.55607142857143,2016,9,65.0,61.0,11.405357142857143,10.314857142857141,21.43642857142857,21.315714285714286,86.97999999999999,87.37314285714285,1,1,0,0,0,0,0,0,0,0,0
Adamaoua,2016-10-01,383,0,0.0,4.496285714285714,22.121428571428574,82.74485714285714,2016,10,433.0,65.0,14.603214285714285,11.405357142857143,21.624285714285712,21.43642857142857,87.55607142857143,86.97999999999999,1,1,0,0,0,0,0,0,0,0,0
Adamaoua,2016-11-01,53,0,0.0,0.06785714285714285,22.107142857142858,71.06178571428572,2016,11,383.0,433.0,4.496285714285714,14.603214285714285,22.121428571428574,21.624285714285712,82.74485714285714,87.55607142857143,0,1,0,0,0,0,0,0,0,0,0
Adamaoua,2016-12-01,79,0,0.0,0.002142857142857125,21.57821428571429,58.60464285714286,2016,12,53.0,383.0,0.06785714285714285,4.496285714285714,22.107142857142858,22.121428571428574,71.06178571428572,82.74485714285714,0,1,0,0,0,0,0,0,0,0,0
Adamaoua,2017-01-01,110,0,0.0,0.00028571428571428,21.961142857142857,47.01942857142857,2017,1,79.0,53.0,0.002142857142857125,0.06785714285714285,21.57821428571429,22.107142857142858,58.60464285714286,71.06178571428572,0,1,0,0,0,0,0,0,0,0,0
Adamaoua,2017-02-01,310,1,0.7142857142857143,0.0,22.374285714285715,37.14035714285714,2017,2,110.0,79.0,0.00028571428571428,0.002142857142857125,21.961142857142857,21.57821428571429,47.01942857142857,58.60464285714286,1,1,0,0,0,0,0,0,0,0,0
Adamaoua,2017-03-01,267,0,0.0,0.0064285714285714,25.690714285714286,36.71964285714286,2017,3,310.0,110.0,0.0,0.00028571428571428,22.374285714285715,21.961142857142857,37.14035714285714,47.01942857142857,1,1,0,0,0,0,0,0,0,0,0
Adamaoua,2017-04-01,117,0,0.0,3.3465714285714285,25.50657142857143,63.97514285714285,2017,4,267.0,310.0,0.0064285714285714,0.0,25.690714285714286,22.374285714285715,36.71964285714286,37.14035714285714,0,1,0,0,0,0,0,0,0,0,0
Adamaoua,2017-05-01,118,0,0.0,11.419642857142856,23.3125,80.73678571428572,2017,5,117.0,267.0,3.3465714285714285,0.0064285714285714,25.50657142857143,25.690714285714286,63.97514285714285,36.71964285714286,0,1,0,0,0,0,0,0,0,0,0
Adamaoua,2017-06-01,350,3,1.4583333333333335,10.705714285714288,22.61357142857143,83.29357142857143,2017,6,118.0,117.0,11.419642857142856,3.3465714285714285,23.3125,25.50657142857143,80.73678571428572,63.97514285714285,1,1,0,0,0,0,0,0,0,0,0
Adamaoua,2017-07-01,283,1,0.2941176470588235,9.875142857142858,21.697714285714287,85.08114285714285,2017,7,350.0,118.0,10.705714285714288,11.419642857142856,22.61357142857143,23.3125,83.29357142857143,80.73678571428572,1,1,0,0,0,0,0,0,0,0,0
Adamaoua,2017-08-01,498,2,0.837289029535865,14.91,21.371428571428574,86.7425,2017,8,283.0,350.0,9.875142857142858,10.705714285714288,21.697714285714287,22.61357142857143,85.08114285714285,83.29357142857143,1,1,0,0,0,0,0,0,0,0,0
Adamaoua,2017-09-01,319,0,0.0,13.431071428571428,21.340357142857144,86.61392857142857,2017,9,498.0,283.0,14.91,9.875142857142858,21.371428571428574,21.697714285714287,86.7425,85.08114285714285,1,1,0,0,0,0,0,0,0,0,0
Adamaoua,2017-10-01,279,0,0.0,5.175714285714286,22.165714285714284,82.84085714285715,2017,10,319.0,498.0,13.431071428571428,14.91,21.340357142857144,21.371428571428574,86.61392857142857,86.7425,1,1,0,0,0,0,0,0,0,0,0
Adamaoua,2017-11-01,129,0,0.0,1.389285714285714,22.129285714285714,74.35857142857142,2017,11,279.0,319.0,5.175714285714286,13.431071428571428,22.165714285714284,21.340357142857144,82.84085714285715,86.61392857142857,0,1,0,0,0,0,0,0,0,0,0
Adamaoua,2017-12-01,140,0,0.0,0.0,21.293714285714284,58.868857142857145,2017,12,129.0,279.0,1.389285714285714,5.175714285714286,22.129285714285714,22.165714285714284,74.35857142857142,82.84085714285715,0,1,0,0,0,0,0,0,0,0,0
Adamaoua,2018-01-01,0,0,0.0,0.0,19.541785714285716,41.496785714285714,2018,1,140.0,129.0,0.0,1.389285714285714,21.293714285714284,22.129285714285714,58.868857142857145,74.35857142857142,0,1,0,0,0,0,0,0,0,0,0
Adamaoua,2018-02-01,0,0,0.0,0.5535714285714285,23.915714285714287,45.864999999999995,2018,2,0.0,140.0,0.0,0.0,19.541785714285716,21.293714285714284,41.496785714285714,58.868857142857145,0,1,0,0,0,0,0,0,0,0,0
Adamaoua,2018-03-01,0,0,0.0,0.5117857142857142,24.825357142857143,58.32107142857143,2018,3,0.0,0.0,0.5535714285714285,0.0,23.915714285714287,19.541785714285716,45.864999999999995,41.496785714285714,0,1,0,0,0,0,0,0,0,0,0
Adamaoua,2018-04-01,0,0,0.0,2.299714285714286,24.916571428571427,66.852,2018,4,0.0,0.0,0.5117857142857142,0.5535714285714285,24.825357142857143,23.915714285714287,58.32107142857143,45.864999999999995,0,1,0,0,0,0,0,0,0,0,0
Adamaoua,2018-05-01,0,0,0.0,6.622857142857143,23.51642857142857,80.2667857142857,2018,5,0.0,0.0,2.299714285714286,0.5117857142857142,24.916571428571427,24.825357142857143,66.852,58.32107142857143,0,1,0,0,0,0,0,0,0,0,0
Adamaoua,2018-06-01,0,0,0.0,6.5389285714285705,22.64107142857143,82.76678571428572,2018,6,0.0,0.0,6.622857142857143,2.299714285714286,23.51642857142857,24.916571428571427,80.2667857142857,66.852,0,1,0,0,0,0,0,0,0,0,0
Adamaoua,2018-07-01,0,0,0.0,14.665142857142857,21.559142857142856,85.60657142857143,2018,7,0.0,0.0,6.5389285714285705,6.622857142857143,22.64107142857143,23.51642857142857,82.76678571428572,80.2667857142857,0,1,0,0,0,0,0,0,0,0,0
Adamaoua,2018-08-01,101,0,0.0,14.885714285714286,21.00714285714286,88.0875,2018,8,0.0,0.0,14.665142857142857,6.5389285714285705,21.559142857142856,22.64107142857143,85.60657142857143,82.76678571428572,0,1,0,0,0,0,0,0,0,0,0
Adamaoua,2018-09-01,0,0,0.0,13.958571428571428,21.460857142857144,87.14571428571428,2018,9,101.0,0.0,14.885714285714286,14.665142857142857,21.00714285714286,21.559142857142856,88.0875,85.60657142857143,0,1,0,0,0,0,0,0,0,0,0
Adamaoua,2018-10-01,0,0,0.0,3.8517857142857137,22.147857142857145,84.1875,2018,10,0.0,101.0,13.958571428571428,14.885714285714286,21.460857142857144,21.00714285714286,87.14571428571428,88.0875,0,1,0,0,0,0,0,0,0,0,0
Adamaoua,2018-11-01,0,0,0.0,0.8496428571428571,22.46,74.79607142857142,2018,11,0.0,0.0,3.8517857142857137,13.958571428571428,22.147857142857145,21.460857142857144,84.1875,87.14571428571428,0,1,0,0,0,0,0,0,0,0,0
Adamaoua,2018-12-01,171,2,1.02,0.001785714285714275,20.785,56.25892857142857,2018,12,0.0,0.0,0.8496428571428571,3.8517857142857137,22.46,22.147857142857145,74.79607142857142,84.1875,0,1,0,0,0,0,0,0,0,0,0
Adamaoua,2019-01-01,0,0,0.0,0.00607142857142855,21.70535714285714,46.153571428571425,2019,1,171.0,0.0,0.001785714285714275,0.8496428571428571,20.785,22.46,56.25892857142857,74.79607142857142,0,1,0,0,0,0,0,0,0,0,0
Adamaoua,2019-02-01,0,0,0.0,0.0692857142857143,22.571428571428573,43.01571428571429,2019,2,0.0,171.0,0.00607142857142855,0.001785714285714275,21.70535714285714,20.785,46.153571428571425,56.25892857142857,0,1,0,0,0,0,0,0,0,0,0
Adamaoua,2019-03-01,0,0,0.0,0.20464285714285713,26.07642857142857,51.81892857142858,2019,3,0.0,0.0,0.0692857142857143,0.00607142857142855,22.571428571428573,21.70535714285714,43.01571428571429,46.153571428571425,0,1,0,0,0,0,0,0,0,0,0
Adamaoua,2019-05-01,0,0,0.0,6.08,24.51,71.93857142857142,2019,5,0.0,0.0,0.20464285714285713,0.0692857142857143,26.07642857142857,22.571428571428573,51.81892857142858,43.01571428571429,0,1,0,0,0,0,0,0,0,0,0
Adamaoua,2019-12-01,0,0,0.0,5.264148351648351,22.60585164835165,71.21881868131868,2019,12,0.0,0.0,6.08,0.20464285714285713,24.51,26.07642857142857,71.93857142857142,51.81892857142858,0,1,0,0,0,0,0,0,0,0,0
Centre,2010-01-01,351,1,0.4545454545454545,1.342857142857143,24.1575,63.85642857142857,2010,1,0.0,0.0,0.0,0.0,0.0,0.0,0.0,0.0,1,0,1,0,0,0,0,0,0,0,0
Centre,2010-02-01,235,0,0.0,2.415357142857143,25.793214285714285,72.56642857142856,2010,2,351.0,0.0,1.342857142857143,0.0,24.1575,0.0,63.85642857142857,0.0,1,0,1,0,0,0,0,0,0,0,0
Centre,2010-03-01,639,2,0.7708333333333333,4.5964285714285715,24.78607142857143,81.1725,2010,3,235.0,351.0,2.415357142857143,1.342857142857143,25.793214285714285,24.1575,72.56642857142856,63.85642857142857,1,0,1,0,0,0,0,0,0,0,0
Centre,2010-04-01,782,2,1.1383928571428572,5.786071428571429,24.937142857142856,85.37607142857144,2010,4,639.0,235.0,4.5964285714285715,2.415357142857143,24.78607142857143,25.793214285714285,81.1725,72.56642857142856,2,0,1,0,0,0,0,0,0,0,0
Centre,2010-05-01,2205,9,1.3702793685260848,4.702,24.37342857142857,87.66342857142857,2010,5,782.0,639.0,5.786071428571429,4.5964285714285715,24.937142857142856,24.78607142857143,85.37607142857144,81.1725,2,0,1,0,0,0,0,0,0,0,0
Centre,2010-06-01,1378,6,1.2367356207935918,6.367857142857142,23.70321428571428,86.85142857142858,2010,6,2205.0,782.0,4.702,5.786071428571429,24.37342857142857,24.937142857142856,87.66342857142857,85.37607142857144,2,0,1,0,0,0,0,0,0,0,0
Centre,2010-07-01,1419,8,1.5416666666666665,6.25,22.621071428571426,89.27607142857143,2010,7,1378.0,2205.0,6.367857142857142,4.702,23.70321428571428,24.37342857142857,86.85142857142858,87.66342857142857,2,0,1,0,0,0,0,0,0,0,0
Centre,2010-08-01,2132,10,1.2177746838380323,6.246857142857143,22.61085714285714,88.88771428571428,2010,8,1419.0,1378.0,6.25,6.367857142857142,22.621071428571426,23.70321428571428,89.27607142857143,86.85142857142858,2,0,1,0,0,0,0,0,0,0,0
Centre,2010-09-01,1555,8,1.9702842377260983,5.4507142857142865,22.550714285714285,88.63678571428572,2010,9,2132.0,1419.0,6.246857142857143,6.25,22.61085714285714,22.621071428571426,88.88771428571428,89.27607142857143,2,0,1,0,0,0,0,0,0,0,0
Centre,2010-10-01,2771,14,2.173514406756541,6.727908653846153,23.130715430402933,88.05637820512821,2010,10,1555.0,2132.0,5.4507142857142865,6.246857142857143,22.550714285714285,22.61085714285714,88.63678571428572,88.88771428571428,2,0,1,0,0,0,0,0,0,0,0
Centre,2010-11-01,606,1,0.641025641025641,4.187857142857142,23.35107142857143,85.86500000000001,2010,11,2771.0,1555.0,6.727908653846153,5.4507142857142865,23.130715430402933,22.550714285714285,88.05637820512821,88.63678571428572,1,0,1,0,0,0,0,0,0,0,0
Centre,2010-12-01,538,1,0.33333333333333337,1.7239321428571426,22.503494047619046,77.46521666666668,2010,12,606.0,2771.0,4.187857142857142,6.727908653846153,23.35107142857143,23.130715430402933,85.86500000000001,88.05637820512821,1,0,1,0,0,0,0,0,0,0,0
Centre,2011-01-01,461,0,0.0,0.09628571428571425,22.052285714285716,68.80857142857143,2011,1,538.0,606.0,1.7239321428571426,4.187857142857142,22.503494047619046,23.35107142857143,77.46521666666668,85.86500000000001,1,0,1,0,0,0,0,0,0,0,0
Centre,2011-02-01,681,4,2.4230769230769234,1.2471428571428573,24.37607142857143,76.91714285714285,2011,2,461.0,538.0,0.09628571428571425,1.7239321428571426,22.052285714285716,22.503494047619046,68.80857142857143,77.46521666666668,1,0,1,0,0,0,0,0,0,0,0
Centre,2011-03-01,1991,15,2.42940314194048,2.115,24.982142857142854,78.62785714285715,2011,3,681.0,461.0,1.2471428571428573,0.09628571428571425,24.37607142857143,22.052285714285716,76.91714285714285,68.80857142857143,2,0,1,0,0,0,0,0,0,0,0
Centre,2011-04-01,3571,14,1.7303084094701,3.907857142857143,24.505357142857143,83.41785714285714,2011,4,1991.0,681.0,2.115,1.2471428571428573,24.982142857142854,24.37607142857143,78.62785714285715,76.91714285714285,2,0,1,0,0,0,0,0,0,0,0
Centre,2011-05-01,2967,10,1.4444689611862862,4.086,23.98142857142857,87.30685714285714,2011,5,3571.0,1991.0,3.907857142857143,2.115,24.505357142857143,24.982142857142854,83.41785714285714,78.62785714285715,2,0,1,0,0,0,0,0,0,0,0
Centre,2011-06-01,2557,12,2.292202342681968,3.9875,23.780714285714286,86.54178571428571,2011,6,2967.0,3571.0,4.086,3.907857142857143,23.98142857142857,24.505357142857143,87.30685714285714,83.41785714285714,2,0,1,0,0,0,0,0,0,0,0
Centre,2011-07-01,3351,16,1.215738486811643,4.953428571428571,22.894285714285715,87.00885714285715,2011,7,2557.0,2967.0,3.9875,4.086,23.780714285714286,23.98142857142857,86.54178571428571,87.30685714285714,2,0,1,0,0,0,0,0,0,0,0
Centre,2011-08-01,3699,20,2.2906604034263607,8.751785714285715,22.245357142857145,89.62607142857144,2011,8,3351.0,2557.0,4.953428571428571,3.9875,22.894285714285715,23.780714285714286,87.00885714285715,86.54178571428571,2,0,1,0,0,0,0,0,0,0,0
Centre,2011-09-01,8435,98,3.0584914757519917,8.619458760107815,22.547962264150943,88.75036226415094,2011,9,3699.0,3351.0,8.751785714285715,4.953428571428571,22.245357142857145,22.894285714285715,89.62607142857144,87.00885714285715,2,0,1,0,0,0,0,0,0,0,0
Centre,2011-10-01,4488,28,2.423734426884956,6.8911428571428575,22.957428571428572,88.114,2011,10,8435.0,3699.0,8.619458760107815,8.751785714285715,22.547962264150943,22.245357142857145,88.75036226415094,89.62607142857144,2,0,1,0,0,0,0,0,0,0,0
Centre,2011-11-01,1588,8,1.8772187807884786,0.7474999999999999,23.24357142857143,82.83678571428571,2011,11,4488.0,8435.0,6.8911428571428575,8.619458760107815,22.957428571428572,22.547962264150943,88.114,88.75036226415094,2,0,1,0,0,0,0,0,0,0,0
Centre,2011-12-01,1168,17,2.512283950617284,0.9163794642857142,21.771232142857144,73.32268303571429,2011,12,1588.0,4488.0,0.7474999999999999,6.8911428571428575,23.24357142857143,22.957428571428572,82.83678571428571,88.114,2,0,1,0,0,0,0,0,0,0,0
Centre,2012-01-01,385,0,0.0,0.13714285714285712,23.14257142857143,65.99914285714286,2012,1,1168.0,1588.0,0.9163794642857142,0.7474999999999999,21.771232142857144,23.24357142857143,73.32268303571429,82.83678571428571,1,0,1,0,0,0,0,0,0,0,0
Centre,2012-02-01,847,4,1.3293284659820281,1.679642857142857,24.736071428571428,74.07357142857143,2012,2,385.0,1168.0,0.13714285714285712,0.9163794642857142,23.14257142857143,21.771232142857144,65.99914285714286,73.32268303571429,2,0,1,0,0,0,0,0,0,0,0
Centre,2012-03-01,691,0,0.0,0.8439285714285715,24.858571428571427,77.09642857142858,2012,3,847.0,385.0,1.679642857142857,0.13714285714285712,24.736071428571428,23.14257142857143,74.07357142857143,65.99914285714286,1,0,1,0,0,0,0,0,0,0,0
Centre,2012-04-01,1292,5,1.363035141563262,5.014,24.496000000000002,83.98599999999999,2012,4,691.0,847.0,0.8439285714285715,1.679642857142857,24.858571428571427,24.736071428571428,77.09642857142858,74.07357142857143,2,0,1,0,0,0,0,0,0,0,0
Centre,2012-05-01,840,5,1.912324822772584,4.2,23.684285714285714,86.78785714285715,2012,5,1292.0,691.0,5.014,0.8439285714285715,24.496000000000002,24.858571428571427,83.98599999999999,77.09642857142858,2,0,1,0,0,0,0,0,0,0,0
Centre,2012-06-01,1484,8,1.0715914272685818,5.949285714285714,23.587857142857146,85.69321428571428,2012,6,840.0,1292.0,4.2,5.014,23.684285714285714,24.496000000000002,86.78785714285715,83.98599999999999,2,0,1,0,0,0,0,0,0,0,0
Centre,2012-07-01,1115,3,0.7722701149425287,5.460857142857143,22.246285714285712,88.87485714285715,2012,7,1484.0,840.0,5.949285714285714,4.2,23.587857142857146,23.684285714285714,85.69321428571428,86.78785714285715,2,0,1,0,0,0,0,0,0,0,0
Centre,2012-08-01,1407,8,1.9096017286806761,7.2646428571428565,22.0725,89.31214285714286,2012,8,1115.0,1484.0,5.460857142857143,5.949285714285714,22.246285714285712,23.587857142857146,88.87485714285715,85.69321428571428,2,0,1,0,0,0,0,0,0,0,0
Centre,2012-09-01,1847,8,1.5495957654981236,8.867428571428572,22.268285714285717,89.94000000000001,2012,9,1407.0,1115.0,7.2646428571428565,5.460857142857143,22.0725,22.246285714285712,89.31214285714286,88.87485714285715,2,0,1,0,0,0,0,0,0,0,0
Centre,2012-10-01,1357,3,0.4978177850518276,7.858214285714287,22.903928571428573,88.52785714285714,2012,10,1847.0,1407.0,8.867428571428572,7.2646428571428565,22.268285714285717,22.0725,89.94000000000001,89.31214285714286,2,0,1,0,0,0,0,0,0,0,0
Centre,2012-11-01,668,2,0.7385264638649551,4.774285714285714,23.255357142857143,86.33142857142859,2012,11,1357.0,1847.0,7.858214285714287,8.867428571428572,22.903928571428573,22.268285714285717,88.52785714285714,89.94000000000001,1,0,1,0,0,0,0,0,0,0,0
Centre,2012-12-01,866,4,1.202675585284281,0.6054285714285714,22.849999999999998,76.79942857142858,2012,12,668.0,1357.0,4.774285714285714,7.858214285714287,23.255357142857143,22.903928571428573,86.33142857142859,88.52785714285714,2,0,1,0,0,0,0,0,0,0,0
Centre,2013-01-01,549,0,0.0,0.33214285714285713,23.58535714285714,73.83928571428572,2013,1,866.0,668.0,0.6054285714285714,4.774285714285714,22.849999999999998,23.255357142857143,76.79942857142858,86.33142857142859,1,0,1,0,0,0,0,0,0,0,0
Centre,2013-02-01,467,0,0.0,0.4703571428571428,24.489285714285714,73.22071428571428,2013,2,549.0,866.0,0.33214285714285713,0.6054285714285714,23.58535714285714,22.849999999999998,73.83928571428572,76.79942857142858,1,0,1,0,0,0,0,0,0,0,0
Centre,2013-03-01,707,2,1.111969111969112,3.8354285714285714,24.437714285714286,83.63771428571428,2013,3,467.0,549.0,0.4703571428571428,0.33214285714285713,24.489285714285714,23.58535714285714,73.22071428571428,73.83928571428572,2,0,1,0,0,0,0,0,0,0,0
Centre,2013-04-01,694,2,1.4015151515151514,4.742142857142857,23.937500000000004,86.78714285714285,2013,4,707.0,467.0,3.8354285714285714,0.4703571428571428,24.437714285714286,24.489285714285714,83.63771428571428,73.22071428571428,1,0,1,0,0,0,0,0,0,0,0
Centre,2013-05-01,879,2,1.026272577996716,4.5182142857142855,24.132857142857144,86.05642857142857,2013,5,694.0,707.0,4.742142857142857,3.8354285714285714,23.937500000000004,24.437714285714286,86.78714285714285,83.63771428571428,2,0,1,0,0,0,0,0,0,0,0
Centre,2013-06-01,1745,19,3.165418746903603,4.236571428571429,23.35457142857143,87.09428571428572,2013,6,879.0,694.0,4.5182142857142855,4.742142857142857,24.132857142857144,23.937500000000004,86.05642857142857,86.78714285714285,2,0,1,0,0,0,0,0,0,0,0
Centre,2013-07-01,1076,3,0.9101054214789364,4.4628571428571435,22.40464285714286,88.40357142857144,2013,7,1745.0,879.0,4.236571428571429,4.5182142857142855,23.35457142857143,24.132857142857144,87.09428571428572,86.05642857142857,2,0,1,0,0,0,0,0,0,0,0
Centre,2013-08-01,1463,9,1.9041466715885322,4.301785714285714,22.17857142857143,88.09107142857144,2013,8,1076.0,1745.0,4.4628571428571435,4.236571428571429,22.40464285714286,23.35457142857143,88.40357142857144,87.09428571428572,2,0,1,0,0,0,0,0,0,0,0
Centre,2013-09-01,2232,10,1.4989237002496059,7.085714285714286,22.59857142857143,88.74142857142857,2013,9,1463.0,1076.0,4.301785714285714,4.4628571428571435,22.17857142857143,22.40464285714286,88.09107142857144,88.40357142857144,2,0,1,0,0,0,0,0,0,0,0
Centre,2013-10-01,1307,7,1.5618021523533334,8.177142857142858,22.68357142857143,88.05678571428571,2013,10,2232.0,1463.0,7.085714285714286,4.301785714285714,22.59857142857143,22.17857142857143,88.74142857142857,88.09107142857144,2,0,1,0,0,0,0,0,0,0,0
Centre,2013-11-01,1139,6,2.2241300366300365,5.369642857142858,23.28,86.10464285714285,2013,11,1307.0,2232.0,8.177142857142858,7.085714285714286,22.68357142857143,22.59857142857143,88.05678571428571,88.74142857142857,2,0,1,0,0,0,0,0,0,0,0
Centre,2013-12-01,782,1,0.2564102564102564,1.2491428571428573,22.620285714285714,80.35342857142857,2013,12,1139.0,1307.0,5.369642857142858,8.177142857142858,23.28,22.68357142857143,86.10464285714285,88.05678571428571,2,0,1,0,0,0,0,0,0,0,0
Centre,2014-01-01,763,4,0.8939807046979865,0.08678571428571424,22.63142857142857,67.75857142857143,2014,1,782.0,1139.0,1.2491428571428573,5.369642857142858,22.620285714285714,23.28,80.35342857142857,86.10464285714285,2,0,1,0,0,0,0,0,0,0,0
Centre,2014-02-01,253,2,1.3910060975609757,0.15035714285714283,24.434285714285714,64.87642857142856,2014,2,763.0,782.0,0.08678571428571424,1.2491428571428573,22.63142857142857,22.620285714285714,67.75857142857143,80.35342857142857,1,0,1,0,0,0,0,0,0,0,0
Centre,2014-03-01,1523,5,0.6990699069906989,2.757142857142857,24.746000000000002,78.99085714285714,2014,3,253.0,763.0,0.15035714285714283,0.08678571428571424,24.434285714285714,22.63142857142857,64.87642857142856,67.75857142857143,2,0,1,0,0,0,0,0,0,0,0
Centre,2014-04-01,572,2,0.5952380952380952,4.0617857142857146,24.295714285714283,84.50964285714285,2014,4,1523.0,253.0,2.757142857142857,0.15035714285714283,24.746000000000002,24.434285714285714,78.99085714285714,64.87642857142856,1,0,1,0,0,0,0,0,0,0,0
Centre,2014-05-01,887,4,1.4362772135881379,4.655714285714286,23.958214285714288,87.64714285714285,2014,5,572.0,1523.0,4.0617857142857146,2.757142857142857,24.295714285714283,24.746000000000002,84.50964285714285,78.99085714285714,2,0,1,0,0,0,0,0,0,0,0
Centre,2014-06-01,1752,7,0.9219496934050806,4.186857142857143,23.76542857142857,85.74685714285714,2014,6,887.0,572.0,4.655714285714286,4.0617857142857146,23.958214285714288,24.295714285714283,87.64714285714285,84.50964285714285,2,0,1,0,0,0,0,0,0,0,0
Centre,2014-07-01,752,1,0.1724137931034483,3.3060714285714283,23.380357142857143,84.32964285714286,2014,7,1752.0,887.0,4.186857142857143,4.655714285714286,23.76542857142857,23.958214285714288,85.74685714285714,87.64714285714285,2,0,1,0,0,0,0,0,0,0,0
Centre,2014-08-01,1764,7,1.40500486567425,5.511714285714286,22.63257142857143,87.23828571428571,2014,8,752.0,1752.0,3.3060714285714283,4.186857142857143,23.380357142857143,23.76542857142857,84.32964285714286,85.74685714285714,2,0,1,0,0,0,0,0,0,0,0
Centre,2014-09-01,613,2,0.5555555555555556,6.638214285714286,22.583928571428572,87.25785714285715,2014,9,1764.0,752.0,5.511714285714286,3.3060714285714283,22.63257142857143,23.380357142857143,87.23828571428571,84.32964285714286,1,0,1,0,0,0,0,0,0,0,0
Centre,2014-10-01,1517,7,2.1939549799431006,5.310714285714287,22.678571428571427,89.0,2014,10,613.0,1764.0,6.638214285714286,5.511714285714286,22.583928571428572,22.63257142857143,87.25785714285715,87.23828571428571,2,0,1,0,0,0,0,0,0,0,0
Centre,2014-11-01,1490,13,3.253865098095024,4.5922857142857145,23.363428571428575,85.09657142857142,2014,11,1517.0,613.0,5.310714285714287,6.638214285714286,22.678571428571427,22.583928571428572,89.0,87.25785714285715,2,0,1,0,0,0,0,0,0,0,0
Centre,2014-12-01,510,0,0.0,0.16535714285714287,23.064285714285717,68.77857142857142,2014,12,1490.0,1517.0,4.5922857142857145,5.310714285714287,23.363428571428575,22.678571428571427,85.09657142857142,89.0,1,0,1,0,0,0,0,0,0,0,0
Centre,2015-01-01,191,1,0.43859649122807015,0.030714285714285673,22.59642857142857,56.416428571428575,2015,1,510.0,1490.0,0.16535714285714287,4.5922857142857145,23.064285714285717,23.363428571428575,68.77857142857142,85.09657142857142,0,0,1,0,0,0,0,0,0,0,0
Centre,2015-02-01,624,3,0.9712837837837837,0.737857142857143,25.96642857142857,68.12392857142858,2015,2,191.0,510.0,0.030714285714285673,0.16535714285714287,22.59642857142857,23.064285714285717,56.416428571428575,68.77857142857142,1,0,1,0,0,0,0,0,0,0,0
Centre,2015-03-01,562,0,0.0,1.3894285714285712,25.652571428571427,72.06714285714285,2015,3,624.0,191.0,0.737857142857143,0.030714285714285673,25.96642857142857,22.59642857142857,68.12392857142858,56.416428571428575,1,0,1,0,0,0,0,0,0,0,0
Centre,2015-04-01,1294,5,1.693511307796201,3.8785714285714286,24.969285714285714,78.6542857142857,2015,4,562.0,624.0,1.3894285714285712,0.737857142857143,25.652571428571427,25.96642857142857,72.06714285714285,68.12392857142858,2,0,1,0,0,0,0,0,0,0,0
Centre,2015-05-01,1481,7,1.7608985341709498,5.551714285714286,24.336,85.75628571428572,2015,5,1294.0,562.0,3.8785714285714286,1.3894285714285712,24.969285714285714,25.652571428571427,78.6542857142857,72.06714285714285,2,0,1,0,0,0,0,0,0,0,0
Centre,2015-06-01,1835,9,2.6074763433240236,4.836428571428572,23.470357142857143,87.46071428571429,2015,6,1481.0,1294.0,5.551714285714286,3.8785714285714286,24.336,24.969285714285714,85.75628571428572,78.6542857142857,2,0,1,0,0,0,0,0,0,0,0
Centre,2015-07-01,845,5,1.1982968369829683,6.3410714285714285,23.272857142857145,88.57785714285714,2015,7,1835.0,1481.0,4.836428571428572,5.551714285714286,23.470357142857143,24.336,87.46071428571429,85.75628571428572,2,0,1,0,0,0,0,0,0,0,0
Centre,2015-08-01,1539,5,2.216166724799442,4.784285714285714,22.953714285714288,87.57714285714286,2015,8,845.0,1835.0,6.3410714285714285,4.836428571428572,23.272857142857145,23.470357142857143,88.57785714285714,87.46071428571429,2,0,1,0,0,0,0,0,0,0,0
Centre,2015-09-01,891,3,1.3644688644688645,5.098928571428572,23.06107142857143,87.49785714285714,2015,9,1539.0,845.0,4.784285714285714,6.3410714285714285,22.953714285714288,23.272857142857145,87.57714285714286,88.57785714285714,2,0,1,0,0,0,0,0,0,0,0
Centre,2015-10-01,1585,8,1.8257829127394343,5.827857142857143,23.389285714285712,87.38178571428571,2015,10,891.0,1539.0,5.098928571428572,4.784285714285714,23.06107142857143,22.953714285714288,87.49785714285714,87.57714285714286,2,0,1,0,0,0,0,0,0,0,0
Centre,2015-11-01,897,2,0.40336134453781514,4.678857142857144,23.286,83.53228571428572,2015,11,1585.0,891.0,5.827857142857143,5.098928571428572,23.389285714285712,23.06107142857143,87.38178571428571,87.49785714285714,2,0,1,0,0,0,0,0,0,0,0
Centre,2015-12-01,119,0,0.0,0.17142857142857143,21.746785714285714,69.72428571428571,2015,12,897.0,1585.0,4.678857142857144,5.827857142857143,23.286,23.389285714285712,83.53228571428572,87.38178571428571,0,0,1,0,0,0,0,0,0,0,0
Centre,2016-01-01,481,2,1.4285714285714286,0.08428571428571426,24.21035714285714,53.869285714285716,2016,1,119.0,897.0,0.17142857142857143,4.678857142857144,21.746785714285714,23.286,69.72428571428571,83.53228571428572,1,0,1,0,0,0,0,0,0,0,0
Centre,2016-02-01,287,0,0.0,0.08035714285714282,26.7775,50.38249999999999,2016,2,481.0,119.0,0.08428571428571426,0.17142857142857143,24.21035714285714,21.746785714285714,53.869285714285716,69.72428571428571,1,0,1,0,0,0,0,0,0,0,0
Centre,2016-03-01,1358,6,1.6232266783209197,6.135714285714285,25.94357142857143,79.8567857142857,2016,3,287.0,481.0,0.08035714285714282,0.08428571428571426,26.7775,24.21035714285714,50.38249999999999,53.869285714285716,2,0,1,0,0,0,0,0,0,0,0
Centre,2016-04-01,1596,8,1.6528077297036827,7.5982142857142865,25.01,86.09678571428572,2016,4,1358.0,287.0,6.135714285714285,0.08035714285714282,25.94357142857143,26.7775,79.8567857142857,50.38249999999999,2,0,1,0,0,0,0,0,0,0,0
Centre,2016-05-01,2183,12,2.1747614285890644,8.234857142857143,23.96485714285714,89.24771428571428,2016,5,1596.0,1358.0,7.5982142857142865,6.135714285714285,25.01,25.94357142857143,86.09678571428572,79.8567857142857,2,0,1,0,0,0,0,0,0,0,0
Centre,2016-06-01,1727,13,2.153541153951326,9.007142857142858,23.279642857142857,88.69607142857143,2016,6,2183.0,1596.0,8.234857142857143,7.5982142857142865,23.96485714285714,25.01,89.24771428571428,86.09678571428572,2,0,1,0,0,0,0,0,0,0,0
Centre,2016-07-01,1431,13,2.3236433690596856,5.743142857142857,22.749714285714287,89.55742857142857,2016,7,1727.0,2183.0,9.007142857142858,8.234857142857143,23.279642857142857,23.96485714285714,88.69607142857143,89.24771428571428,2,0,1,0,0,0,0,0,0,0,0
Centre,2016-08-01,1988,6,0.9710398297354819,5.3585714285714285,22.801071428571426,89.44928571428572,2016,8,1431.0,1727.0,5.743142857142857,9.007142857142858,22.749714285714287,23.279642857142857,89.55742857142857,88.69607142857143,2,0,1,0,0,0,0,0,0,0,0
Centre,2016-09-01,1312,8,1.6741071428571428,8.077857142857143,22.638214285714287,90.34357142857142,2016,9,1988.0,1431.0,5.3585714285714285,5.743142857142857,22.801071428571426,22.749714285714287,89.44928571428572,89.55742857142857,2,0,1,0,0,0,0,0,0,0,0
Centre,2016-10-01,1787,5,1.8906198455070633,6.566,23.263428571428573,88.45571428571428,2016,10,1312.0,1988.0,8.077857142857143,5.3585714285714285,22.638214285714287,22.801071428571426,90.34357142857142,89.44928571428572,2,0,1,0,0,0,0,0,0,0,0
Centre,2016-11-01,942,5,1.7156862745098038,2.171785714285714,23.75964285714286,84.58392857142857,2016,11,1787.0,1312.0,6.566,8.077857142857143,23.263428571428573,22.638214285714287,88.45571428571428,90.34357142857142,2,0,1,0,0,0,0,0,0,0,0
Centre,2016-12-01,598,2,0.5319148936170213,0.5610714285714286,23.333571428571428,79.02178571428573,2016,12,942.0,1787.0,2.171785714285714,6.566,23.75964285714286,23.263428571428573,84.58392857142857,88.45571428571428,1,0,1,0,0,0,0,0,0,0,0
Centre,2017-01-01,402,2,1.3118279569892473,0.0925714285714285,23.15314285714286,73.76542857142857,2017,1,598.0,942.0,0.5610714285714286,2.171785714285714,23.333571428571428,23.75964285714286,79.02178571428573,84.58392857142857,1,0,1,0,0,0,0,0,0,0,0
Centre,2017-02-01,738,3,1.0100074128984433,0.09642857142857143,24.38,61.67107142857143,2017,2,402.0,598.0,0.0925714285714285,0.5610714285714286,23.15314285714286,23.333571428571428,73.76542857142857,79.02178571428573,2,0,1,0,0,0,0,0,0,0,0
Centre,2017-03-01,351,0,0.0,1.8582142857142858,25.48142857142857,75.02071428571429,2017,3,738.0,402.0,0.09642857142857143,0.0925714285714285,24.38,23.15314285714286,61.67107142857143,73.76542857142857,1,0,1,0,0,0,0,0,0,0,0
Centre,2017-04-01,831,4,2.048453965269876,5.299428571428572,24.769714285714286,83.75085714285714,2017,4,351.0,738.0,1.8582142857142858,0.09642857142857143,25.48142857142857,24.38,75.02071428571429,61.67107142857143,2,0,1,0,0,0,0,0,0,0,0
Centre,2017-05-01,1365,7,2.1440578897733,8.618571428571428,24.008928571428573,87.6917857142857,2017,5,831.0,351.0,5.299428571428572,1.8582142857142858,24.769714285714286,25.48142857142857,83.75085714285714,75.02071428571429,2,0,1,0,0,0,0,0,0,0,0
Centre,2017-06-01,882,2,0.4876885729148605,8.436428571428571,23.551071428571426,88.33250000000001,2017,6,1365.0,831.0,8.618571428571428,5.299428571428572,24.008928571428573,24.769714285714286,87.6917857142857,83.75085714285714,2,0,1,0,0,0,0,0,0,0,0
Centre,2017-07-01,2378,9,1.3626605964799285,4.4719999999999995,22.76,88.84171428571429,2017,7,882.0,1365.0,8.436428571428571,8.618571428571428,23.551071428571426,24.008928571428573,88.33250000000001,87.6917857142857,2,0,1,0,0,0,0,0,0,0,0
Centre,2017-08-01,1370,5,1.0610952399587785,5.165357142857143,22.730714285714285,89.10785714285713,2017,8,2378.0,882.0,4.4719999999999995,8.436428571428571,22.76,23.551071428571426,88.84171428571429,88.33250000000001,2,0,1,0,0,0,0,0,0,0,0
Centre,2017-09-01,1387,7,1.852570128285861,6.7825,22.762142857142855,89.14,2017,9,1370.0,2378.0,5.165357142857143,4.4719999999999995,22.730714285714285,22.76,89.10785714285713,88.84171428571429,2,0,1,0,0,0,0,0,0,0,0
Centre,2017-10-01,1867,6,0.9975135293257278,7.287999999999999,23.104571428571425,88.83714285714287,2017,10,1387.0,1370.0,6.7825,5.165357142857143,22.762142857142855,22.730714285714285,89.14,89.10785714285713,2,0,1,0,0,0,0,0,0,0,0
Centre,2017-11-01,734,4,1.6595367729669,3.4839285714285713,23.446785714285713,85.20714285714286,2017,11,1867.0,1387.0,7.287999999999999,6.7825,23.104571428571425,22.762142857142855,88.83714285714287,89.14,2,0,1,0,0,0,0,0,0,0,0
Centre,2017-12-01,225,0,0.0,0.1514285714285714,23.25857142857143,76.42571428571429,2017,12,734.0,1867.0,3.4839285714285713,7.287999999999999,23.446785714285713,23.104571428571425,85.20714285714286,88.83714285714287,1,0,1,0,0,0,0,0,0,0,0
Centre,2018-01-01,0,0,0.0,0.010357142857142801,21.847499999999997,62.4875,2018,1,225.0,734.0,0.1514285714285714,3.4839285714285713,23.25857142857143,23.446785714285713,76.42571428571429,85.20714285714286,0,0,1,0,0,0,0,0,0,0,0
Centre,2018-02-01,0,0,0.0,1.5507142857142857,25.15142857142857,69.94892857142857,2018,2,0.0,225.0,0.010357142857142801,0.1514285714285714,21.847499999999997,23.25857142857143,62.4875,76.42571428571429,0,0,1,0,0,0,0,0,0,0,0
Centre,2018-03-01,46,0,0.0,3.9057142857142857,24.22607142857143,83.46107142857143,2018,3,0.0,0.0,1.5507142857142857,0.010357142857142801,25.15142857142857,21.847499999999997,69.94892857142857,62.4875,0,0,1,0,0,0,0,0,0,0,0
Centre,2018-04-01,56,0,0.0,3.4682857142857144,24.35,84.68171428571428,2018,4,46.0,0.0,3.9057142857142857,1.5507142857142857,24.22607142857143,25.15142857142857,83.46107142857143,69.94892857142857,0,0,1,0,0,0,0,0,0,0,0
Centre,2018-05-01,61,0,0.0,6.557142857142856,23.970357142857143,87.57214285714286,2018,5,56.0,46.0,3.4682857142857144,3.9057142857142857,24.35,24.22607142857143,84.68171428571428,83.46107142857143,0,0,1,0,0,0,0,0,0,0,0
Centre,2018-06-01,0,0,0.0,6.130714285714286,23.537857142857142,86.92892857142857,2018,6,61.0,56.0,6.557142857142856,3.4682857142857144,23.970357142857143,24.35,87.57214285714286,84.68171428571428,0,0,1,0,0,0,0,0,0,0,0
Centre,2018-07-01,318,0,0.0,6.037291156462586,22.910492517006805,87.89887210884353,2018,7,0.0,61.0,6.130714285714286,6.557142857142856,23.537857142857142,23.970357142857143,86.92892857142857,87.57214285714286,1,0,1,0,0,0,0,0,0,0,0
Centre,2018-08-01,348,1,0.8699999999999999,4.541416149068323,22.88418633540373,87.77209627329191,2018,8,318.0,0.0,6.037291156462586,6.130714285714286,22.910492517006805,23.537857142857142,87.89887210884353,86.92892857142857,1,0,1,0,0,0,0,0,0,0,0
Centre,2018-09-01,776,6,0.958888888888889,6.278378471560124,22.900325181583373,88.28185775295032,2018,9,348.0,318.0,4.541416149068323,6.037291156462586,22.88418633540373,22.910492517006805,87.77209627329191,87.89887210884353,2,0,1,0,0,0,0,0,0,0,0
Centre,2018-10-01,125,0,0.0,8.65115819087275,23.108588698840148,88.50277766082988,2018,10,776.0,348.0,6.278378471560124,4.541416149068323,22.900325181583373,22.88418633540373,88.28185775295032,87.77209627329191,0,0,1,0,0,0,0,0,0,0,0
Centre,2018-11-01,0,0,0.0,5.137501443723558,23.52915139898656,87.00642256408182,2018,11,125.0,776.0,8.65115819087275,6.278378471560124,23.108588698840148,22.900325181583373,88.50277766082988,88.28185775295032,0,0,1,0,0,0,0,0,0,0,0
Centre,2018-12-01,14,0,0.0,0.8794865424430639,22.992840579710144,77.85598550724639,2018,12,0.0,125.0,5.137501443723558,8.65115819087275,23.52915139898656,23.108588698840148,87.00642256408182,88.50277766082988,0,0,1,0,0,0,0,0,0,0,0
Centre,2019-01-01,0,0,0.0,0.2432142857142857,23.939642857142857,68.41464285714285,2019,1,14.0,0.0,0.8794865424430639,5.137501443723558,22.992840579710144,23.52915139898656,77.85598550724639,87.00642256408182,0,0,1,0,0,0,0,0,0,0,0
Centre,2019-02-01,0,0,0.0,0.1157142857142857,25.22107142857143,63.6875,2019,2,0.0,14.0,0.2432142857142857,0.8794865424430639,23.939642857142857,22.992840579710144,68.41464285714285,77.85598550724639,0,0,1,0,0,0,0,0,0,0,0
Centre,2019-03-01,24,0,0.0,2.1103571428571426,25.563928571428573,76.81678571428571,2019,3,0.0,0.0,0.1157142857142857,0.2432142857142857,25.22107142857143,23.939642857142857,63.6875,68.41464285714285,0,0,1,0,0,0,0,0,0,0,0
Centre,2019-05-01,0,0,0.0,5.401428571428572,25.07,80.74142857142859,2019,5,24.0,0.0,2.1103571428571426,0.1157142857142857,25.563928571428573,25.22107142857143,76.81678571428571,63.6875,0,0,1,0,0,0,0,0,0,0,0
Centre,2019-12-01,36,0,0.0,3.603983516483516,23.95994505494506,80.58953296703295,2019,12,0.0,24.0,5.401428571428572,2.1103571428571426,25.07,25.563928571428573,80.74142857142859,76.81678571428571,0,0,1,0,0,0,0,0,0,0,0
Centre,2020-01-01,187,1,1.052,1.6224799564188301,23.662024565395907,71.14620499787998,2020,1,36.0,0.0,3.603983516483516,5.401428571428572,23.95994505494506,25.07,80.58953296703295,80.74142857142859,0,0,1,0,0,0,0,0,0,0,0
Centre,2020-02-01,81,0,0.0,0.026428571428571426,26.159285714285712,51.07857142857143,2020,2,187.0,36.0,1.6224799564188301,3.603983516483516,23.662024565395907,23.95994505494506,71.14620499787998,80.58953296703295,0,0,1,0,0,0,0,0,0,0,0
Centre,2020-03-01,0,0,0.0,7.430571428571428,26.439999999999998,68.78885714285715,2020,3,81.0,187.0,0.026428571428571426,1.6224799564188301,26.159285714285712,23.662024565395907,51.07857142857143,71.14620499787998,0,0,1,0,0,0,0,0,0,0,0
Centre,2020-04-01,0,0,0.0,9.6625,24.30857142857143,87.49214285714285,2020,4,0.0,81.0,7.430571428571428,0.026428571428571426,26.439999999999998,26.159285714285712,68.78885714285715,51.07857142857143,0,0,1,0,0,0,0,0,0,0,0
Centre,2020-05-01,349,2,0.426,7.114571428571428,24.26942857142857,87.46685714285714,2020,5,0.0,0.0,9.6625,7.430571428571428,24.30857142857143,26.439999999999998,87.49214285714285,68.78885714285715,1,0,1,0,0,0,0,0,0,0,0
Centre,2020-06-01,76,0,0.0,8.407637949836424,23.632041439476556,86.5694023991276,2020,6,349.0,0.0,7.114571428571428,9.6625,24.26942857142857,24.30857142857143,87.46685714285714,87.49214285714285,0,0,1,0,0,0,0,0,0,0,0
Centre,2020-07-01,460,1,0.23125,6.05553624900605,23.459778147454017,85.38743850970884,2020,7,76.0,349.0,8.407637949836424,7.114571428571428,23.632041439476556,24.26942857142857,86.5694023991276,87.46685714285714,1,0,1,0,0,0,0,0,0,0,0
Centre,2020-08-01,667,2,0.8333333333333334,5.997576112412179,22.828103044496487,88.46885636221701,2020,8,460.0,76.0,6.05553624900605,8.407637949836424,23.459778147454017,23.632041439476556,85.38743850970884,86.5694023991276,1,0,1,0,0,0,0,0,0,0,0
Centre,2020-09-01,562,2,0.3375,9.226428571428572,22.45964285714286,90.28071428571428,2020,9,667.0,460.0,5.997576112412179,6.05553624900605,22.828103044496487,23.459778147454017,88.46885636221701,85.38743850970884,1,0,1,0,0,0,0,0,0,0,0
Centre,2020-10-01,417,1,0.49,5.060864787386526,22.805377448638318,87.94415074056377,2020,10,562.0,667.0,9.226428571428572,5.997576112412179,22.45964285714286,22.828103044496487,90.28071428571428,88.46885636221701,1,0,1,0,0,0,0,0,0,0,0
Centre,2020-11-01,0,0,0.0,4.296302934457916,23.40835881215955,85.4618081180812,2020,11,417.0,562.0,5.060864787386526,9.226428571428572,22.805377448638318,22.45964285714286,87.94415074056377,90.28071428571428,0,0,1,0,0,0,0,0,0,0,0
Centre,2020-12-01,73,1,0.0,2.6102413740920096,23.18989785108959,79.7775174031477,2020,12,0.0,417.0,4.296302934457916,5.060864787386526,23.40835881215955,22.805377448638318,85.4618081180812,87.94415074056377,0,0,1,0,0,0,0,0,0,0,0
Centre,2021-11-01,57,1,5.88,4.102941176470588,23.57781045751634,82.5838888888889,2021,11,73.0,0.0,2.6102413740920096,4.296302934457916,23.18989785108959,23.40835881215955,79.7775174031477,85.4618081180812,0,0,1,0,0,0,0,0,0,0,0
Centre,2022-02-01,0,0,0.0,0.0028571428571428,26.871428571428574,51.57857142857142,2022,2,57.0,73.0,4.102941176470588,2.6102413740920096,23.57781045751634,23.18989785108959,82.5838888888889,79.7775174031477,0,0,1,0,0,0,0,0,0,0,0
Centre,2022-03-01,171,1,0.5675,3.3546428571428577,25.698928571428574,76.00321428571428,2022,3,0.0,57.0,0.0028571428571428,4.102941176470588,26.871428571428574,23.57781045751634,51.57857142857142,82.5838888888889,0,0,1,0,0,0,0,0,0,0,0
Centre,2022-04-01,100,0,0.0,0.9557142857142858,25.972142857142856,71.59642857142858,2022,4,171.0,0.0,3.3546428571428577,0.0028571428571428,25.698928571428574,26.871428571428574,76.00321428571428,51.57857142857142,0,0,1,0,0,0,0,0,0,0,0
Centre,2022-07-01,197,0,0.0,8.248571428571429,22.504285714285714,89.39999999999999,2022,7,100.0,171.0,0.9557142857142858,3.3546428571428577,25.972142857142856,25.698928571428574,71.59642857142858,76.00321428571428,0,0,1,0,0,0,0,0,0,0,0
Centre,2022-09-01,80,0,0.0,10.116753246753245,22.544155844155846,90.11162337662338,2022,9,197.0,100.0,8.248571428571429,0.9557142857142858,22.504285714285714,25.972142857142856,89.39999999999999,71.59642857142858,0,0,1,0,0,0,0,0,0,0,0
Centre,2022-10-01,185,1,1.22,7.683571428571427,22.648571428571426,90.30214285714287,2022,10,80.0,197.0,10.116753246753245,8.248571428571429,22.544155844155846,22.504285714285714,90.11162337662338,89.39999999999999,0,0,1,0,0,0,0,0,0,0,0
Centre,2022-11-01,83,1,1.96,2.3819047619047615,23.251428571428566,84.63666666666666,2022,11,185.0,80.0,7.683571428571427,10.116753246753245,22.648571428571426,22.544155844155846,90.30214285714287,90.11162337662338,0,0,1,0,0,0,0,0,0,0,0
Centre,2022-12-01,49,0,0.0,0.3914285714285714,23.710000000000004,82.08428571428571,2022,12,83.0,185.0,2.3819047619047615,7.683571428571427,23.251428571428566,22.648571428571426,84.63666666666666,90.30214285714287,0,0,1,0,0,0,0,0,0,0,0
Centre,2023-01-01,22,0,0.0,0.0,22.468571428571423,72.72,2023,1,49.0,83.0,0.3914285714285714,2.3819047619047615,23.710000000000004,23.251428571428566,82.08428571428571,84.63666666666666,0,0,1,0,0,0,0,0,0,0,0
East,2010-01-01,414,1,0.6756756756756755,0.21857142857142853,25.090714285714288,50.46892857142857,2010,1,0.0,0.0,0.0,0.0,0.0,0.0,0.0,0.0,1,0,0,1,0,0,0,0,0,0,0
East,2010-02-01,0,0,0.0,0.8010714285714285,26.787857142857142,57.50321428571429,2010,2,414.0,0.0,0.21857142857142853,0.0,25.090714285714288,0.0,50.46892857142857,0.0,0,0,0,1,0,0,0,0,0,0,0
East,2010-03-01,324,1,0.3968253968253968,3.8925,25.46428571428571,70.645,2010,3,0.0,414.0,0.8010714285714285,0.21857142857142853,26.787857142857142,25.090714285714288,57.50321428571429,50.46892857142857,1,0,0,1,0,0,0,0,0,0,0
East,2010-04-01,364,1,0.0,3.078214285714286,24.956785714285715,80.01178571428571,2010,4,324.0,0.0,3.8925,0.8010714285714285,25.46428571428571,26.787857142857142,70.645,57.50321428571429,1,0,0,1,0,0,0,0,0,0,0
East,2010-05-01,690,3,1.0784313725490196,5.108,24.234857142857145,84.62657142857142,2010,5,364.0,324.0,3.078214285714286,3.8925,24.956785714285715,25.46428571428571,80.01178571428571,70.645,1,0,0,1,0,0,0,0,0,0,0
East,2010-06-01,131,1,1.1904761904761905,5.3875,23.43142857142857,84.1975,2010,6,690.0,364.0,5.108,3.078214285714286,24.234857142857145,24.956785714285715,84.62657142857142,80.01178571428571,0,0,0,1,0,0,0,0,0,0,0
East,2010-07-01,327,0,0.0,7.7128571428571435,22.65392857142857,85.1625,2010,7,131.0,690.0,5.3875,5.108,23.43142857142857,24.234857142857145,84.1975,84.62657142857142,1,0,0,1,0,0,0,0,0,0,0
East,2010-08-01,248,0,0.0,7.631714285714286,22.447714285714284,85.99628571428572,2010,8,327.0,131.0,7.7128571428571435,5.3875,22.65392857142857,23.43142857142857,85.1625,84.1975,1,0,0,1,0,0,0,0,0,0,0
East,2010-09-01,317,1,0.6756756756756755,5.16,22.173214285714284,86.6125,2010,9,248.0,327.0,7.631714285714286,7.7128571428571435,22.447714285714284,22.65392857142857,85.99628571428572,85.1625,1,0,0,1,0,0,0,0,0,0,0
East,2010-10-01,639,5,1.1498340445708866,6.828571428571429,22.82885714285714,85.18428571428572,2010,10,317.0,248.0,5.16,7.631714285714286,22.173214285714284,22.447714285714284,86.6125,85.99628571428572,1,0,0,1,0,0,0,0,0,0,0
East,2010-11-01,301,1,0.5102040816326531,2.6432142857142855,23.058214285714286,82.32035714285715,2010,11,639.0,317.0,6.828571428571429,5.16,22.82885714285714,22.173214285714284,85.18428571428572,86.6125,1,0,0,1,0,0,0,0,0,0,0
East,2010-12-01,92,0,0.0,1.6534071428571426,22.43425595238095,70.84344523809524,2010,12,301.0,639.0,2.6432142857142855,6.828571428571429,23.058214285714286,22.82885714285714,82.32035714285715,85.18428571428572,0,0,0,1,0,0,0,0,0,0,0
East,2011-01-01,119,0,0.0,0.052571428571428526,22.806285714285714,55.215428571428575,2011,1,92.0,301.0,1.6534071428571426,2.6432142857142855,22.43425595238095,23.058214285714286,70.84344523809524,82.32035714285715,0,0,0,1,0,0,0,0,0,0,0
East,2011-02-01,165,0,0.0,1.3035714285714286,25.13857142857143,65.30714285714286,2011,2,119.0,92.0,0.052571428571428526,1.6534071428571426,22.806285714285714,22.43425595238095,55.215428571428575,70.84344523809524,0,0,0,1,0,0,0,0,0,0,0
East,2011-03-01,173,1,0.8064516129032258,1.0707142857142857,25.698928571428574,66.53892857142858,2011,3,165.0,119.0,1.3035714285714286,0.052571428571428526,25.13857142857143,22.806285714285714,65.30714285714286,55.215428571428575,0,0,0,1,0,0,0,0,0,0,0
East,2011-04-01,185,0,0.0,2.31,24.910000000000004,75.25178571428572,2011,4,173.0,165.0,1.0707142857142857,1.3035714285714286,25.698928571428574,25.13857142857143,66.53892857142858,65.30714285714286,0,0,0,1,0,0,0,0,0,0,0
East,2011-05-01,648,2,0.7255864702673213,3.2168571428571426,24.56142857142857,79.20857142857142,2011,5,185.0,173.0,2.31,1.0707142857142857,24.910000000000004,25.698928571428574,75.25178571428572,66.53892857142858,1,0,0,1,0,0,0,0,0,0,0
East,2011-06-01,340,1,1.6666666666666667,4.114642857142857,23.569642857142856,82.59214285714286,2011,6,648.0,185.0,3.2168571428571426,2.31,24.56142857142857,24.910000000000004,79.20857142857142,75.25178571428572,1,0,0,1,0,0,0,0,0,0,0
East,2011-07-01,337,1,0.4545454545454546,4.059142857142857,22.889142857142854,82.51085714285713,2011,7,340.0,648.0,4.114642857142857,3.2168571428571426,23.569642857142856,24.56142857142857,82.59214285714286,79.20857142857142,1,0,0,1,0,0,0,0,0,0,0
East,2011-08-01,285,0,0.0,7.412857142857142,22.201785714285712,86.32964285714286,2011,8,337.0,340.0,4.059142857142857,4.114642857142857,22.889142857142854,23.569642857142856,82.51085714285713,82.59214285714286,1,0,0,1,0,0,0,0,0,0,0
East,2011-09-01,627,5,1.7126649616368286,5.875526684636119,22.605219407008086,84.08906091644205,2011,9,285.0,337.0,7.412857142857142,4.059142857142857,22.201785714285712,22.889142857142854,86.32964285714286,82.51085714285713,1,0,0,1,0,0,0,0,0,0,0
East,2011-10-01,1012,4,1.5246212121212122,6.432,22.508285714285716,85.65114285714286,2011,10,627.0,285.0,5.875526684636119,7.412857142857142,22.605219407008086,22.201785714285712,84.08906091644205,86.32964285714286,2,0,0,1,0,0,0,0,0,0,0
East,2011-11-01,343,1,0.6756756756756755,1.1146428571428573,22.505357142857143,79.25607142857143,2011,11,1012.0,627.0,6.432,5.875526684636119,22.508285714285716,22.605219407008086,85.65114285714286,84.08906091644205,1,0,0,1,0,0,0,0,0,0,0
East,2011-12-01,126,1,1.39,0.857875,22.626897321428572,60.38574107142857,2011,12,343.0,1012.0,1.1146428571428573,6.432,22.505357142857143,22.508285714285716,79.25607142857143,85.65114285714286,0,0,0,1,0,0,0,0,0,0,0
East,2012-01-01,232,1,0.689655172413793,0.0077142857142857,25.095428571428574,41.48314285714285,2012,1,126.0,343.0,0.857875,1.1146428571428573,22.626897321428572,22.505357142857143,60.38574107142857,79.25607142857143,1,0,0,1,0,0,0,0,0,0,0
East,2012-02-01,173,0,0.0,1.0678571428571426,26.26678571428571,58.42607142857143,2012,2,232.0,126.0,0.0077142857142857,0.857875,25.095428571428574,22.626897321428572,41.48314285714285,60.38574107142857,0,0,0,1,0,0,0,0,0,0,0
East,2012-03-01,391,2,1.1779379157427938,0.7035714285714285,25.968928571428574,65.32214285714285,2012,3,173.0,232.0,1.0678571428571426,0.0077142857142857,26.26678571428571,25.095428571428574,58.42607142857143,41.48314285714285,1,0,0,1,0,0,0,0,0,0,0
East,2012-04-01,548,1,0.14184397163120568,3.496,25.207142857142856,75.17857142857142,2012,4,391.0,173.0,0.7035714285714285,1.0678571428571426,25.968928571428574,26.26678571428571,65.32214285714285,58.42607142857143,1,0,0,1,0,0,0,0,0,0,0
East,2012-05-01,806,1,0.35211267605633806,4.619285714285715,23.542857142857144,83.7575,2012,5,548.0,391.0,3.496,0.7035714285714285,25.207142857142856,25.968928571428574,75.17857142857142,65.32214285714285,2,0,0,1,0,0,0,0,0,0,0
East,2012-06-01,492,2,1.4615384615384617,5.4275,23.349999999999998,82.48214285714286,2012,6,806.0,548.0,4.619285714285715,3.496,23.542857142857144,25.207142857142856,83.7575,75.17857142857142,1,0,0,1,0,0,0,0,0,0,0
East,2012-07-01,875,2,0.33613445378151263,4.543428571428572,22.232,84.89857142857143,2012,7,492.0,806.0,5.4275,4.619285714285715,23.349999999999998,23.542857142857144,82.48214285714286,83.7575,2,0,0,1,0,0,0,0,0,0,0
East,2012-08-01,351,1,0.3125,7.968214285714286,22.169642857142854,85.75928571428571,2012,8,875.0,492.0,4.543428571428572,5.4275,22.232,23.349999999999998,84.89857142857143,82.48214285714286,1,0,0,1,0,0,0,0,0,0,0
East,2012-09-01,1266,8,1.566432985777493,8.722,22.112571428571428,86.17714285714285,2012,9,351.0,875.0,7.968214285714286,4.543428571428572,22.169642857142854,22.232,85.75928571428571,84.89857142857143,2,0,0,1,0,0,0,0,0,0,0
East,2012-10-01,662,2,0.3546099290780142,6.885357142857144,22.57464285714286,85.60928571428572,2012,10,1266.0,351.0,8.722,7.968214285714286,22.112571428571428,22.169642857142854,86.17714285714285,85.75928571428571,1,0,0,1,0,0,0,0,0,0,0
East,2012-11-01,379,0,0.0,2.1925,22.8875,83.67035714285714,2012,11,662.0,1266.0,6.885357142857144,8.722,22.57464285714286,22.112571428571428,85.60928571428572,86.17714285714285,1,0,0,1,0,0,0,0,0,0,0
East,2012-12-01,68,0,0.0,0.2705714285714285,22.77657142857143,69.32285714285715,2012,12,379.0,662.0,2.1925,6.885357142857144,22.8875,22.57464285714286,83.67035714285714,85.60928571428572,0,0,0,1,0,0,0,0,0,0,0
East,2013-01-01,39,0,0.0,0.4885714285714286,24.73785714285714,59.791428571428575,2013,1,68.0,379.0,0.2705714285714285,2.1925,22.77657142857143,22.8875,69.32285714285715,83.67035714285714,0,0,0,1,0,0,0,0,0,0,0
East,2013-02-01,61,0,0.0,0.4253571428571429,25.68,57.83357142857143,2013,2,39.0,68.0,0.4885714285714286,0.2705714285714285,24.73785714285714,22.77657142857143,59.791428571428575,69.32285714285715,0,0,0,1,0,0,0,0,0,0,0
East,2013-03-01,224,0,0.0,2.479142857142857,25.308000000000003,74.65885714285714,2013,3,61.0,39.0,0.4253571428571429,0.4885714285714286,25.68,24.73785714285714,57.83357142857143,59.791428571428575,1,0,0,1,0,0,0,0,0,0,0
East,2013-04-01,384,1,0.0,3.7642857142857142,24.380714285714284,79.18357142857143,2013,4,224.0,61.0,2.479142857142857,0.4253571428571429,25.308000000000003,25.68,74.65885714285714,57.83357142857143,1,0,0,1,0,0,0,0,0,0,0
East,2013-05-01,85,0,0.0,4.704285714285714,23.846785714285712,83.05071428571428,2013,5,384.0,224.0,3.7642857142857142,2.479142857142857,24.380714285714284,25.308000000000003,79.18357142857143,74.65885714285714,0,0,0,1,0,0,0,0,0,0,0
East,2013-06-01,176,1,0.7407407407407407,4.059714285714286,23.221142857142855,82.96885714285713,2013,6,85.0,384.0,4.704285714285714,3.7642857142857142,23.846785714285712,24.380714285714284,83.05071428571428,79.18357142857143,0,0,0,1,0,0,0,0,0,0,0
East,2013-07-01,693,3,0.968073336494389,4.987142857142857,22.55357142857143,83.75535714285715,2013,7,176.0,85.0,4.059714285714286,4.704285714285714,23.221142857142855,23.846785714285712,82.96885714285713,83.05071428571428,1,0,0,1,0,0,0,0,0,0,0
East,2013-08-01,175,0,0.0,5.5525,22.103214285714287,86.28392857142858,2013,8,693.0,176.0,4.987142857142857,4.059714285714286,22.55357142857143,23.221142857142855,83.75535714285715,82.96885714285713,0,0,0,1,0,0,0,0,0,0,0
East,2013-09-01,667,4,2.0512218963831867,8.968,22.496857142857145,85.2157142857143,2013,9,175.0,693.0,5.5525,4.987142857142857,22.103214285714287,22.55357142857143,86.28392857142858,83.75535714285715,1,0,0,1,0,0,0,0,0,0,0
East,2013-10-01,511,2,0.7253086419753086,6.045714285714286,22.549285714285716,85.35928571428572,2013,10,667.0,175.0,8.968,5.5525,22.496857142857145,22.103214285714287,85.2157142857143,86.28392857142858,1,0,0,1,0,0,0,0,0,0,0
East,2013-11-01,202,0,0.0,1.4235714285714287,22.640714285714285,83.35571428571428,2013,11,511.0,667.0,6.045714285714286,8.968,22.549285714285716,22.496857142857145,85.35928571428572,85.2157142857143,0,0,0,1,0,0,0,0,0,0,0
East,2013-12-01,526,2,1.1025641025641026,2.283142857142857,22.51685714285714,74.55685714285714,2013,12,202.0,511.0,1.4235714285714287,6.045714285714286,22.640714285714285,22.549285714285716,83.35571428571428,85.35928571428572,1,0,0,1,0,0,0,0,0,0,0
East,2014-01-01,26,0,0.0,0.0,23.668928571428566,54.01392857142857,2014,1,526.0,202.0,2.283142857142857,1.4235714285714287,22.51685714285714,22.640714285714285,74.55685714285714,83.35571428571428,0,0,0,1,0,0,0,0,0,0,0
East,2014-02-01,262,0,0.0,0.39321428571428574,25.422857142857143,52.56,2014,2,26.0,526.0,0.0,2.283142857142857,23.668928571428566,22.51685714285714,54.01392857142857,74.55685714285714,1,0,0,1,0,0,0,0,0,0,0
East,2014-03-01,809,1,0.14388489208633096,1.6800000000000002,25.536857142857144,68.06,2014,3,262.0,26.0,0.39321428571428574,0.0,25.422857142857143,23.668928571428566,52.56,54.01392857142857,2,0,0,1,0,0,0,0,0,0,0
East,2014-04-01,503,3,0.5681818181818182,3.5532142857142857,24.286071428571425,80.41,2014,4,809.0,262.0,1.6800000000000002,0.39321428571428574,25.536857142857144,25.422857142857143,68.06,52.56,1,0,0,1,0,0,0,0,0,0,0
East,2014-05-01,405,4,1.1764705882352942,4.541785714285714,23.861785714285716,84.14428571428572,2014,5,503.0,809.0,3.5532142857142857,1.6800000000000002,24.286071428571425,25.536857142857144,80.41,68.06,1,0,0,1,0,0,0,0,0,0,0
East,2014-06-01,535,3,1.9540847266741745,6.070285714285714,23.515428571428572,83.79171428571428,2014,6,405.0,503.0,4.541785714285714,3.5532142857142857,23.861785714285716,24.286071428571425,84.14428571428572,80.41,1,0,0,1,0,0,0,0,0,0,0
East,2014-07-01,350,1,0.5,3.092142857142857,23.065714285714286,82.2825,2014,7,535.0,405.0,6.070285714285714,4.541785714285714,23.515428571428572,23.861785714285716,83.79171428571428,84.14428571428572,1,0,0,1,0,0,0,0,0,0,0
East,2014-08-01,925,2,0.1702127659574468,5.678857142857143,22.259999999999998,85.15628571428572,2014,8,350.0,535.0,3.092142857142857,6.070285714285714,23.065714285714286,23.515428571428572,82.2825,83.79171428571428,2,0,0,1,0,0,0,0,0,0,0
East,2014-09-01,903,3,1.2651672092335011,9.32642857142857,22.364642857142858,84.94642857142857,2014,9,925.0,350.0,5.678857142857143,3.092142857142857,22.259999999999998,23.065714285714286,85.15628571428572,82.2825,2,0,0,1,0,0,0,0,0,0,0
East,2014-10-01,919,2,0.43859649122807015,4.808928571428571,22.872142857142858,84.99678571428572,2014,10,903.0,925.0,9.32642857142857,5.678857142857143,22.364642857142858,22.259999999999998,84.94642857142857,85.15628571428572,2,0,0,1,0,0,0,0,0,0,0
East,2014-11-01,587,2,0.888888888888889,1.5997142857142859,23.041999999999994,82.62114285714286,2014,11,919.0,903.0,4.808928571428571,9.32642857142857,22.872142857142858,22.364642857142858,84.99678571428572,84.94642857142857,1,0,0,1,0,0,0,0,0,0,0
East,2014-12-01,26,0,0.0,0.18499999999999997,23.378928571428567,62.14214285714286,2014,12,587.0,919.0,1.5997142857142859,4.808928571428571,23.041999999999994,22.872142857142858,82.62114285714286,84.99678571428572,0,0,0,1,0,0,0,0,0,0,0
East,2015-01-01,137,0,0.0,0.0007142857142857,23.137857142857143,41.158928571428575,2015,1,26.0,587.0,0.18499999999999997,1.5997142857142859,23.378928571428567,23.041999999999994,62.14214285714286,82.62114285714286,0,0,0,1,0,0,0,0,0,0,0
East,2015-02-01,16,0,0.0,0.9235714285714285,26.373571428571427,58.37464285714286,2015,2,137.0,26.0,0.0007142857142857,0.18499999999999997,23.137857142857143,23.378928571428567,41.158928571428575,62.14214285714286,0,0,0,1,0,0,0,0,0,0,0
East,2015-03-01,302,1,0.3278688524590164,0.6182857142857142,26.414571428571428,63.24142857142857,2015,3,16.0,137.0,0.9235714285714285,0.0007142857142857,26.373571428571427,23.137857142857143,58.37464285714286,41.158928571428575,1,0,0,1,0,0,0,0,0,0,0
East,2015-04-01,530,3,1.0874704491725768,3.324642857142857,24.935,74.5075,2015,4,302.0,16.0,0.6182857142857142,0.9235714285714285,26.414571428571428,26.373571428571427,63.24142857142857,58.37464285714286,1,0,0,1,0,0,0,0,0,0,0
East,2015-05-01,840,5,0.8451947478759791,5.863428571428571,23.994285714285716,83.37885714285713,2015,5,530.0,302.0,3.324642857142857,0.6182857142857142,24.935,26.414571428571428,74.5075,63.24142857142857,2,0,0,1,0,0,0,0,0,0,0
East,2015-06-01,677,2,0.4166666666666667,4.243214285714286,23.400714285714287,82.75714285714287,2015,6,840.0,530.0,5.863428571428571,3.324642857142857,23.994285714285716,24.935,83.37885714285713,74.5075,1,0,0,1,0,0,0,0,0,0,0
East,2015-07-01,56,1,0.0,7.481428571428571,23.412857142857142,83.81035714285714,2015,7,677.0,840.0,4.243214285714286,5.863428571428571,23.400714285714287,23.994285714285716,82.75714285714287,83.37885714285713,0,0,0,1,0,0,0,0,0,0,0
East,2015-08-01,687,2,0.47619047619047616,6.410571428571428,22.916857142857143,84.51085714285713,2015,8,56.0,677.0,7.481428571428571,4.243214285714286,23.412857142857142,23.400714285714287,83.81035714285714,82.75714285714287,1,0,0,1,0,0,0,0,0,0,0
East,2015-09-01,348,1,0.5319148936170213,7.796785714285715,22.922857142857143,84.61642857142857,2015,9,687.0,56.0,6.410571428571428,7.481428571428571,22.916857142857143,23.412857142857142,84.51085714285713,83.81035714285714,1,0,0,1,0,0,0,0,0,0,0
East,2015-10-01,609,1,0.6756756756756755,4.107142857142857,23.21785714285714,84.32857142857144,2015,10,348.0,687.0,7.796785714285715,6.410571428571428,22.922857142857143,22.916857142857143,84.61642857142857,84.51085714285713,1,0,0,1,0,0,0,0,0,0,0
East,2015-11-01,255,1,0.7692307692307693,3.8605714285714283,23.052285714285716,78.81885714285714,2015,11,609.0,348.0,4.107142857142857,7.796785714285715,23.21785714285714,22.922857142857143,84.32857142857144,84.61642857142857,1,0,0,1,0,0,0,0,0,0,0
East,2015-12-01,159,0,0.0,0.0039285714285714,22.311428571428575,57.57142857142857,2015,12,255.0,609.0,3.8605714285714283,4.107142857142857,23.052285714285716,23.21785714285714,78.81885714285714,84.32857142857144,0,0,0,1,0,0,0,0,0,0,0
East,2016-01-01,17,0,0.0,0.0,25.22678571428571,37.71821428571428,2016,1,159.0,255.0,0.0039285714285714,3.8605714285714283,22.311428571428575,23.052285714285716,57.57142857142857,78.81885714285714,0,0,0,1,0,0,0,0,0,0,0
East,2016-02-01,170,1,1.1904761904761905,0.01178571428571425,27.21892857142857,33.36642857142857,2016,2,17.0,159.0,0.0,0.0039285714285714,25.22678571428571,22.311428571428575,37.71821428571428,57.57142857142857,0,0,0,1,0,0,0,0,0,0,0
East,2016-03-01,297,3,2.860449735449735,2.906071428571429,26.776785714285715,68.96714285714286,2016,3,170.0,17.0,0.01178571428571425,0.0,27.21892857142857,25.22678571428571,33.36642857142857,37.71821428571428,1,0,0,1,0,0,0,0,0,0,0
East,2016-04-01,339,2,1.521164021164021,7.876785714285715,24.814285714285713,82.32178571428571,2016,4,297.0,170.0,2.906071428571429,0.01178571428571425,26.776785714285715,27.21892857142857,68.96714285714286,33.36642857142857,1,0,0,1,0,0,0,0,0,0,0
East,2016-05-01,331,0,0.0,6.529428571428572,23.874,85.89228571428572,2016,5,339.0,297.0,7.876785714285715,2.906071428571429,24.814285714285713,26.776785714285715,82.32178571428571,68.96714285714286,1,0,0,1,0,0,0,0,0,0,0
East,2016-06-01,563,2,0.5494505494505495,8.484285714285715,23.033571428571427,85.47285714285714,2016,6,331.0,339.0,6.529428571428572,7.876785714285715,23.874,24.814285714285713,85.89228571428572,82.32178571428571,1,0,0,1,0,0,0,0,0,0,0
East,2016-07-01,280,0,0.0,5.694285714285714,22.736000000000004,84.97914285714286,2016,7,563.0,331.0,8.484285714285715,6.529428571428572,23.033571428571427,23.874,85.47285714285714,85.89228571428572,1,0,0,1,0,0,0,0,0,0,0
East,2016-08-01,193,0,0.0,5.740714285714286,22.61357142857143,85.95107142857142,2016,8,280.0,563.0,5.694285714285714,8.484285714285715,22.736000000000004,23.033571428571427,84.97914285714286,85.47285714285714,0,0,0,1,0,0,0,0,0,0,0
East,2016-09-01,799,3,0.5244755244755245,7.347857142857144,22.729642857142856,85.57214285714285,2016,9,193.0,280.0,5.740714285714286,5.694285714285714,22.61357142857143,22.736000000000004,85.95107142857142,84.97914285714286,2,0,0,1,0,0,0,0,0,0,0
East,2016-10-01,869,4,0.7692307692307693,5.747142857142857,23.12371428571429,84.67314285714285,2016,10,799.0,193.0,7.347857142857144,5.740714285714286,22.729642857142856,22.61357142857143,85.57214285714285,85.95107142857142,2,0,0,1,0,0,0,0,0,0,0
East,2016-11-01,254,0,0.0,1.909642857142857,23.240357142857142,82.1325,2016,11,869.0,799.0,5.747142857142857,7.347857142857144,23.12371428571429,22.729642857142856,84.67314285714285,85.57214285714285,1,0,0,1,0,0,0,0,0,0,0
East,2016-12-01,34,0,0.0,0.6828571428571428,23.31285714285714,74.67821428571429,2016,12,254.0,869.0,1.909642857142857,5.747142857142857,23.240357142857142,23.12371428571429,82.1325,84.67314285714285,0,0,0,1,0,0,0,0,0,0,0
East,2017-01-01,37,0,0.0,0.1271428571428571,23.866285714285713,64.1797142857143,2017,1,34.0,254.0,0.6828571428571428,1.909642857142857,23.31285714285714,23.240357142857142,74.67821428571429,82.1325,0,0,0,1,0,0,0,0,0,0,0
East,2017-02-01,32,0,0.0,0.048928571428571425,25.353928571428572,52.26,2017,2,37.0,34.0,0.1271428571428571,0.6828571428571428,23.866285714285713,23.31285714285714,64.1797142857143,74.67821428571429,0,0,0,1,0,0,0,0,0,0,0
East,2017-03-01,160,1,0.6578947368421052,1.1871428571428573,26.2025,65.42821428571429,2017,3,32.0,37.0,0.048928571428571425,0.1271428571428571,25.353928571428572,23.866285714285713,52.26,64.1797142857143,0,0,0,1,0,0,0,0,0,0,0
East,2017-04-01,270,0,0.0,5.021714285714286,24.751142857142856,79.8577142857143,2017,4,160.0,32.0,1.1871428571428573,0.048928571428571425,26.2025,25.353928571428572,65.42821428571429,52.26,1,0,0,1,0,0,0,0,0,0,0
East,2017-05-01,603,2,1.0681818181818183,5.813928571428572,23.996785714285714,82.85678571428572,2017,5,270.0,160.0,5.021714285714286,1.1871428571428573,24.751142857142856,26.2025,79.8577142857143,65.42821428571429,1,0,0,1,0,0,0,0,0,0,0
East,2017-06-01,116,0,0.0,5.0625,23.59857142857143,83.88857142857142,2017,6,603.0,270.0,5.813928571428572,5.021714285714286,23.996785714285714,24.751142857142856,82.85678571428572,79.8577142857143,0,0,0,1,0,0,0,0,0,0,0
East,2017-07-01,817,4,1.1179652933119166,9.749714285714287,22.72228571428571,84.57114285714286,2017,7,116.0,603.0,5.0625,5.813928571428572,23.59857142857143,23.996785714285714,83.88857142857142,82.85678571428572,2,0,0,1,0,0,0,0,0,0,0
East,2017-08-01,539,3,0.6097560975609756,7.358928571428572,22.6075,85.06642857142857,2017,8,817.0,116.0,9.749714285714287,5.0625,22.72228571428571,23.59857142857143,84.57114285714286,83.88857142857142,1,0,0,1,0,0,0,0,0,0,0
East,2017-09-01,879,2,0.3048780487804878,7.391785714285714,22.60142857142857,85.76107142857143,2017,9,539.0,817.0,7.358928571428572,9.749714285714287,22.6075,22.72228571428571,85.06642857142857,84.57114285714286,2,0,0,1,0,0,0,0,0,0,0
East,2017-10-01,1021,3,1.0566276494780134,6.496571428571428,23.054285714285715,85.22085714285714,2017,10,879.0,539.0,7.391785714285714,7.358928571428572,22.60142857142857,22.6075,85.76107142857143,85.06642857142857,2,0,0,1,0,0,0,0,0,0,0
East,2017-11-01,94,0,0.0,2.2125000000000004,22.747857142857143,83.00607142857143,2017,11,1021.0,879.0,6.496571428571428,7.391785714285714,23.054285714285715,22.60142857142857,85.22085714285714,85.76107142857143,0,0,0,1,0,0,0,0,0,0,0
East,2017-12-01,243,1,0.392156862745098,0.2742857142857143,23.153714285714283,71.93314285714285,2017,12,94.0,1021.0,2.2125000000000004,6.496571428571428,22.747857142857143,23.054285714285715,83.00607142857143,85.22085714285714,1,0,0,1,0,0,0,0,0,0,0
East,2018-01-01,0,0,0.0,0.0,21.920357142857142,54.22857142857143,2018,1,243.0,94.0,0.2742857142857143,2.2125000000000004,23.153714285714283,22.747857142857143,71.93314285714285,83.00607142857143,0,0,0,1,0,0,0,0,0,0,0
East,2018-02-01,0,0,0.0,1.6475,25.19964285714286,62.96821428571428,2018,2,0.0,243.0,0.0,0.2742857142857143,21.920357142857142,23.153714285714283,54.22857142857143,71.93314285714285,0,0,0,1,0,0,0,0,0,0,0
East,2018-03-01,0,0,0.0,3.3103571428571428,24.101785714285715,79.83928571428571,2018,3,0.0,0.0,1.6475,0.0,25.19964285714286,21.920357142857142,62.96821428571428,54.22857142857143,0,0,0,1,0,0,0,0,0,0,0
East,2018-04-01,2,0,0.0,6.337714285714286,23.84314285714286,83.85142857142857,2018,4,0.0,0.0,3.3103571428571428,1.6475,24.101785714285715,25.19964285714286,79.83928571428571,62.96821428571428,0,0,0,1,0,0,0,0,0,0,0
East,2018-05-01,0,0,0.0,8.139642857142858,23.665000000000003,84.78750000000001,2018,5,2.0,0.0,6.337714285714286,3.3103571428571428,23.84314285714286,24.101785714285715,83.85142857142857,79.83928571428571,0,0,0,1,0,0,0,0,0,0,0
East,2018-06-01,39,0,0.0,6.350357142857142,23.185714285714287,84.535,2018,6,0.0,2.0,8.139642857142858,6.337714285714286,23.665000000000003,23.84314285714286,84.78750000000001,83.85142857142857,0,0,0,1,0,0,0,0,0,0,0
East,2018-07-01,97,1,0.624,11.450285714285714,22.615714285714283,84.5442857142857,2018,7,39.0,0.0,6.350357142857142,8.139642857142858,23.185714285714287,23.665000000000003,84.535,84.78750000000001,0,0,0,1,0,0,0,0,0,0,0
East,2018-08-01,492,2,1.0049137931034484,8.23589947089947,22.574140211640213,85.40927248677248,2018,8,97.0,39.0,11.450285714285714,6.350357142857142,22.615714285714283,23.185714285714287,84.5442857142857,84.535,1,0,0,1,0,0,0,0,0,0,0
East,2018-09-01,142,0,0.0,8.558285714285713,22.768285714285714,85.64285714285714,2018,9,492.0,97.0,8.23589947089947,11.450285714285714,22.574140211640213,22.615714285714283,85.40927248677248,84.5442857142857,0,0,0,1,0,0,0,0,0,0,0
East,2018-10-01,0,0,0.0,7.877857142857144,22.977857142857143,86.70464285714286,2018,10,142.0,492.0,8.558285714285713,8.23589947089947,22.768285714285714,22.574140211640213,85.64285714285714,85.40927248677248,0,0,0,1,0,0,0,0,0,0,0
East,2018-11-01,0,0,0.0,2.838214285714286,23.274285714285714,83.75964285714286,2018,11,0.0,142.0,7.877857142857144,8.558285714285713,22.977857142857143,22.768285714285714,86.70464285714286,85.64285714285714,0,0,0,1,0,0,0,0,0,0,0
East,2018-12-01,0,0,0.0,0.05749999999999995,22.406071428571426,71.25678571428571,2018,12,0.0,0.0,2.838214285714286,7.877857142857144,23.274285714285714,22.977857142857143,83.75964285714286,86.70464285714286,0,0,0,1,0,0,0,0,0,0,0
East,2019-01-01,0,0,0.0,0.0539285714285714,23.334285714285713,63.495000000000005,2019,1,0.0,0.0,0.05749999999999995,2.838214285714286,22.406071428571426,23.274285714285714,71.25678571428571,83.75964285714286,0,0,0,1,0,0,0,0,0,0,0
East,2019-02-01,28,0,0.0,0.02178571428571425,24.795357142857142,60.57214285714286,2019,2,0.0,0.0,0.0539285714285714,0.05749999999999995,23.334285714285713,22.406071428571426,63.495000000000005,71.25678571428571,0,0,0,1,0,0,0,0,0,0,0
East,2019-03-01,0,0,0.0,2.0478571428571426,25.03142857142857,75.99785714285714,2019,3,28.0,0.0,0.02178571428571425,0.0539285714285714,24.795357142857142,23.334285714285713,60.57214285714286,63.495000000000005,0,0,0,1,0,0,0,0,0,0,0
East,2019-05-01,49,0,0.0,5.207142857142857,24.68,81.05142857142857,2019,5,0.0,28.0,2.0478571428571426,0.02178571428571425,25.03142857142857,24.795357142857142,75.99785714285714,60.57214285714286,0,0,0,1,0,0,0,0,0,0,0
East,2019-12-01,12,0,0.0,4.238516483516484,23.54925824175824,78.71642857142857,2019,12,49.0,0.0,5.207142857142857,2.0478571428571426,24.68,25.03142857142857,81.05142857142857,75.99785714285714,0,0,0,1,0,0,0,0,0,0,0
Far North,2010-01-01,430,0,0.0,0.0,26.27642857142857,15.139285714285716,2010,1,0.0,0.0,0.0,0.0,0.0,0.0,0.0,0.0,1,0,0,0,1,0,0,0,0,0,0
Far North,2010-02-01,449,2,1.7352941176470589,0.0,29.636428571428574,11.898928571428572,2010,2,430.0,0.0,0.0,0.0,26.27642857142857,0.0,15.139285714285716,0.0,1,0,0,0,1,0,0,0,0,0,0
Far North,2010-03-01,936,8,1.226993865030675,0.009642857142857125,30.40464285714286,14.87,2010,3,449.0,430.0,0.0,0.0,29.636428571428574,26.27642857142857,11.898928571428572,15.139285714285716,2,0,0,0,1,0,0,0,0,0,0
Far North,2010-04-01,885,4,2.3186813186813184,0.8264285714285715,32.565000000000005,25.52107142857143,2010,4,936.0,449.0,0.009642857142857125,0.0,30.40464285714286,29.636428571428574,14.87,11.898928571428572,2,0,0,0,1,0,0,0,0,0,0
Far North,2010-05-01,2304,10,1.9560064828607024,0.9991428571428571,32.483999999999995,48.926857142857145,2010,5,885.0,936.0,0.8264285714285715,0.009642857142857125,32.565000000000005,30.40464285714286,25.52107142857143,14.87,2,0,0,0,1,0,0,0,0,0,0
Far North,2010-06-01,2454,24,3.108552055340609,4.328571428571428,29.267142857142858,63.605357142857144,2010,6,2304.0,885.0,0.9991428571428571,0.8264285714285715,32.483999999999995,32.565000000000005,48.926857142857145,25.52107142857143,2,0,0,0,1,0,0,0,0,0,0
Far North,2010-07-01,4671,39,3.33788349433949,5.434285714285714,26.724642857142857,73.69428571428571,2010,7,2454.0,2304.0,4.328571428571428,0.9991428571428571,29.267142857142858,32.483999999999995,63.605357142857144,48.926857142857145,2,0,0,0,1,0,0,0,0,0,0
Far North,2010-08-01,7739,90,4.929910876680404,8.57542857142857,24.956285714285716,84.98714285714286,2010,8,4671.0,2454.0,5.434285714285714,4.328571428571428,26.724642857142857,29.267142857142858,73.69428571428571,63.605357142857144,2,0,0,0,1,0,0,0,0,0,0
Far North,2010-09-01,6665,70,3.8581724196536427,3.1814285714285715,24.97285714285714,84.68571428571428,2010,9,7739.0,4671.0,8.57542857142857,5.434285714285714,24.956285714285716,26.724642857142857,84.98714285714286,73.69428571428571,2,0,0,0,1,0,0,0,0,0,0
Far North,2010-10-01,15177,117,3.0610282243618063,2.3107038789025545,26.628435193945126,75.30155723746452,2010,10,6665.0,7739.0,3.1814285714285715,8.57542857142857,24.97285714285714,24.956285714285716,84.68571428571428,84.98714285714286,2,0,0,0,1,0,0,0,0,0,0
Far North,2010-11-01,2351,14,2.6661942961936447,0.00285714285714285,27.212857142857143,47.18,2010,11,15177.0,6665.0,2.3107038789025545,3.1814285714285715,26.628435193945126,24.97285714285714,75.30155723746452,84.68571428571428,2,0,0,0,1,0,0,0,0,0,0
Far North,2010-12-01,945,4,1.088888888888889,0.6231416666666665,25.402313095238092,29.136357142857143,2010,12,2351.0,15177.0,0.00285714285714285,2.3107038789025545,27.212857142857143,26.628435193945126,47.18,75.30155723746452,2,0,0,0,1,0,0,0,0,0,0
Far North,2011-01-01,582,2,0.8914177335229965,0.0,23.93342857142857,17.416285714285713,2011,1,945.0,2351.0,0.6231416666666665,0.00285714285714285,25.402313095238092,27.212857142857143,29.136357142857143,47.18,1,0,0,0,1,0,0,0,0,0,0
Far North,2011-02-01,1180,7,2.0534904404575385,0.00285714285714285,29.28392857142857,16.560714285714283,2011,2,582.0,945.0,0.0,0.6231416666666665,23.93342857142857,25.402313095238092,17.416285714285713,29.136357142857143,2,0,0,0,1,0,0,0,0,0,0
Far North,2011-03-01,1008,5,1.4586268347602018,0.0032142857142857,30.581785714285715,11.738571428571428,2011,3,1180.0,582.0,0.00285714285714285,0.0,29.28392857142857,23.93342857142857,16.560714285714283,17.416285714285713,2,0,0,0,1,0,0,0,0,0,0
Far North,2011-04-01,1025,2,0.7957393483709273,0.11357142857142855,32.50357142857143,15.793928571428573,2011,4,1008.0,1180.0,0.0032142857142857,0.00285714285714285,30.581785714285715,29.28392857142857,11.738571428571428,16.560714285714283,2,0,0,0,1,0,0,0,0,0,0
Far North,2011-05-01,2427,13,1.7664656464503885,1.1939999999999997,32.002,47.36371428571429,2011,5,1025.0,1008.0,0.11357142857142855,0.0032142857142857,32.50357142857143,30.581785714285715,15.793928571428573,11.738571428571428,2,0,0,0,1,0,0,0,0,0,0
Far North,2011-06-01,2256,10,2.4263267845347047,3.132142857142857,29.98428571428571,59.10714285714286,2011,6,2427.0,1025.0,1.1939999999999997,0.11357142857142855,32.002,32.50357142857143,47.36371428571429,15.793928571428573,2,0,0,0,1,0,0,0,0,0,0
Far North,2011-07-01,5033,32,3.1252716210343325,4.013142857142857,27.30457142857143,68.94800000000001,2011,7,2256.0,2427.0,3.132142857142857,1.1939999999999997,29.98428571428571,32.002,59.10714285714286,47.36371428571429,2,0,0,0,1,0,0,0,0,0,0
Far North,2011-08-01,7170,47,2.0639608605946966,6.745166340508807,25.79118590998043,78.23070058708416,2011,8,5033.0,2256.0,4.013142857142857,3.132142857142857,27.30457142857143,29.98428571428571,68.94800000000001,59.10714285714286,2,0,0,0,1,0,0,0,0,0,0
Far North,2011-09-01,12360,188,3.593428946768813,4.624556334231807,25.75318490566038,74.8847450134771,2011,9,7170.0,5033.0,6.745166340508807,4.013142857142857,25.79118590998043,27.30457142857143,78.23070058708416,68.94800000000001,2,0,0,0,1,0,0,0,0,0,0
Far North,2011-10-01,3819,21,2.082022931565935,0.9028571428571428,26.555142857142858,70.97742857142858,2011,10,12360.0,7170.0,4.624556334231807,6.745166340508807,25.75318490566038,25.79118590998043,74.8847450134771,78.23070058708416,2,0,0,0,1,0,0,0,0,0,0
Far North,2011-11-01,1114,3,0.8055555555555556,0.0,26.229285714285716,31.385714285714283,2011,11,3819.0,12360.0,0.9028571428571428,4.624556334231807,26.555142857142858,25.75318490566038,70.97742857142858,74.8847450134771,2,0,0,0,1,0,0,0,0,0,0
Far North,2011-12-01,263,2,1.39,0.12434375,24.098258928571425,25.603875,2011,12,1114.0,3819.0,0.0,0.9028571428571428,26.229285714285716,26.555142857142858,31.385714285714283,70.97742857142858,1,0,0,0,1,0,0,0,0,0,0
Far North,2012-01-01,613,3,1.1794019933554818,0.0,24.78142857142857,17.114285714285714,2012,1,263.0,1114.0,0.12434375,0.0,24.098258928571425,26.229285714285716,25.603875,31.385714285714283,1,0,0,0,1,0,0,0,0,0,0
Far North,2012-02-01,633,0,0.0,0.0,28.970714285714283,13.73,2012,2,613.0,263.0,0.0,0.12434375,24.78142857142857,24.098258928571425,17.114285714285714,25.603875,1,0,0,0,1,0,0,0,0,0,0
Far North,2012-03-01,338,0,0.0,0.0,29.861785714285713,10.6975,2012,3,633.0,613.0,0.0,0.0,28.970714285714283,24.78142857142857,13.73,17.114285714285714,1,0,0,0,1,0,0,0,0,0,0
Far North,2012-04-01,922,3,0.9567069757702422,0.44571428571428573,32.62685714285714,26.957428571428572,2012,4,338.0,633.0,0.0,0.0,29.861785714285713,28.970714285714283,10.6975,13.73,2,0,0,0,1,0,0,0,0,0,0
Far North,2012-05-01,887,4,1.779943361652507,2.2710714285714286,31.556428571428576,49.208571428571425,2012,5,922.0,338.0,0.44571428571428573,0.0,32.62685714285714,29.861785714285713,26.957428571428572,10.6975,2,0,0,0,1,0,0,0,0,0,0
Far North,2012-06-01,1305,5,1.5127312344034096,5.154285714285714,27.654999999999998,70.08571428571429,2012,6,887.0,922.0,2.2710714285714286,0.44571428571428573,31.556428571428576,32.62685714285714,49.208571428571425,26.957428571428572,2,0,0,0,1,0,0,0,0,0,0
Far North,2012-07-01,1692,12,2.3384359096141316,5.094571428571429,25.47457142857143,78.96257142857144,2012,7,1305.0,887.0,5.154285714285714,2.2710714285714286,27.654999999999998,31.556428571428576,70.08571428571429,49.208571428571425,2,0,0,0,1,0,0,0,0,0,0
Far North,2012-08-01,1412,8,2.045793330623052,8.45357142857143,24.704642857142854,84.09428571428572,2012,8,1692.0,1305.0,5.094571428571429,5.154285714285714,25.47457142857143,27.654999999999998,78.96257142857144,70.08571428571429,2,0,0,0,1,0,0,0,0,0,0
Far North,2012-09-01,1205,2,0.5263157894736842,6.416571428571428,24.981428571428573,82.19714285714285,2012,9,1412.0,1692.0,8.45357142857143,5.094571428571429,24.704642857142854,25.47457142857143,84.09428571428572,78.96257142857144,2,0,0,0,1,0,0,0,0,0,0
Far North,2012-10-01,1540,4,0.8906976744186047,1.5046428571428574,26.234285714285715,76.22749999999999,2012,10,1205.0,1412.0,6.416571428571428,8.45357142857143,24.981428571428573,24.704642857142854,82.19714285714285,84.09428571428572,2,0,0,0,1,0,0,0,0,0,0
Far North,2012-11-01,899,3,1.9934640522875817,0.30107142857142855,26.976071428571426,50.763214285714284,2012,11,1540.0,1205.0,1.5046428571428574,6.416571428571428,26.234285714285715,24.981428571428573,76.22749999999999,82.19714285714285,2,0,0,0,1,0,0,0,0,0,0
Far North,2012-12-01,545,0,0.0,0.00028571428571428,25.26085714285714,23.585714285714285,2012,12,899.0,1540.0,0.30107142857142855,1.5046428571428574,26.976071428571426,26.234285714285715,50.763214285714284,76.22749999999999,1,0,0,0,1,0,0,0,0,0,0
Far North,2013-01-01,307,2,0.980392156862745,0.0,26.76464285714286,18.330357142857142,2013,1,545.0,899.0,0.00028571428571428,0.30107142857142855,25.26085714285714,26.976071428571426,23.585714285714285,50.763214285714284,1,0,0,0,1,0,0,0,0,0,0
Far North,2013-02-01,474,2,1.0869565217391304,0.0,28.23857142857143,14.751428571428573,2013,2,307.0,545.0,0.0,0.00028571428571428,26.76464285714286,25.26085714285714,18.330357142857142,23.585714285714285,1,0,0,0,1,0,0,0,0,0,0
Far North,2013-03-01,765,2,1.2651162790697676,0.023714285714285698,32.17628571428572,16.080857142857145,2013,3,474.0,307.0,0.0,0.0,28.23857142857143,26.76464285714286,14.751428571428573,18.330357142857142,2,0,0,0,1,0,0,0,0,0,0
Far North,2013-04-01,992,3,0.8846153846153846,0.2453571428571428,33.106785714285714,24.01607142857143,2013,4,765.0,474.0,0.023714285714285698,0.0,32.17628571428572,28.23857142857143,16.080857142857145,14.751428571428573,2,0,0,0,1,0,0,0,0,0,0
Far North,2013-05-01,1424,4,1.844580466798451,0.9739285714285715,31.993214285714288,47.566785714285714,2013,5,992.0,765.0,0.2453571428571428,0.023714285714285698,33.106785714285714,32.17628571428572,24.01607142857143,16.080857142857145,2,0,0,0,1,0,0,0,0,0,0
Far North,2013-06-01,1884,9,2.159505775223925,4.007142857142857,29.02885714285714,61.59400000000001,2013,6,1424.0,992.0,0.9739285714285715,0.2453571428571428,31.993214285714288,33.106785714285714,47.566785714285714,24.01607142857143,2,0,0,0,1,0,0,0,0,0,0
Far North,2013-07-01,2620,11,1.428696713594857,7.827500000000001,26.536785714285713,73.45857142857143,2013,7,1884.0,1424.0,4.007142857142857,0.9739285714285715,29.02885714285714,31.993214285714288,61.59400000000001,47.566785714285714,2,0,0,0,1,0,0,0,0,0,0
Far North,2013-08-01,938,3,0.6189613526570048,7.8575,24.56714285714286,84.755,2013,8,2620.0,1884.0,7.827500000000001,4.007142857142857,26.536785714285713,29.02885714285714,73.45857142857143,61.59400000000001,2,0,0,0,1,0,0,0,0,0,0
Far North,2013-09-01,1192,3,1.2956240326438722,4.611428571428571,25.226,82.414,2013,9,938.0,2620.0,7.8575,7.827500000000001,24.56714285714286,26.536785714285713,84.755,73.45857142857143,2,0,0,0,1,0,0,0,0,0,0
Far North,2013-10-01,1235,8,2.79138925698734,1.4957142857142858,26.35357142857143,65.19928571428571,2013,10,1192.0,938.0,4.611428571428571,7.8575,25.226,24.56714285714286,82.414,84.755,2,0,0,0,1,0,0,0,0,0,0
Far North,2013-11-01,638,3,1.6374466485172987,0.00035714285714285,27.353571428571428,38.496428571428574,2013,11,1235.0,1192.0,1.4957142857142858,4.611428571428571,26.35357142857143,25.226,65.19928571428571,82.414,1,0,0,0,1,0,0,0,0,0,0
Far North,2013-12-01,565,1,0.5128205128205128,0.00085714285714284,26.554857142857145,20.701428571428572,2013,12,638.0,1235.0,0.00035714285714285,1.4957142857142858,27.353571428571428,26.35357142857143,38.496428571428574,65.19928571428571,1,0,0,0,1,0,0,0,0,0,0
Far North,2014-01-01,163,0,0.0,0.0,25.32857142857143,14.824642857142857,2014,1,565.0,638.0,0.00085714285714284,0.00035714285714285,26.554857142857145,27.353571428571428,20.701428571428572,38.496428571428574,0,0,0,0,1,0,0,0,0,0,0
Far North,2014-02-01,640,2,0.7512131392310564,0.0032142857142857,27.183214285714286,12.575,2014,2,163.0,565.0,0.0,0.00085714285714284,25.32857142857143,26.554857142857145,14.824642857142857,20.701428571428572,1,0,0,0,1,0,0,0,0,0,0
Far North,2014-03-01,564,5,2.130838254467367,0.10228571428571427,30.958571428571428,17.928857142857144,2014,3,640.0,163.0,0.0032142857142857,0.0,27.183214285714286,25.32857142857143,12.575,14.824642857142857,1,0,0,0,1,0,0,0,0,0,0
Far North,2014-04-01,674,2,1.0189669087974171,1.2842857142857143,32.52928571428571,31.676428571428573,2014,4,564.0,640.0,0.10228571428571427,0.0032142857142857,30.958571428571428,27.183214285714286,17.928857142857144,12.575,1,0,0,0,1,0,0,0,0,0,0
Far North,2014-05-01,2312,9,2.03438973961362,1.9825,29.90464285714286,56.606071428571425,2014,5,674.0,564.0,1.2842857142857143,0.10228571428571427,32.52928571428571,30.958571428571428,31.676428571428573,17.928857142857144,2,0,0,0,1,0,0,0,0,0,0
Far North,2014-06-01,3376,13,1.1863045393587075,3.277428571428571,29.264857142857142,62.992000000000004,2014,6,2312.0,674.0,1.9825,1.2842857142857143,29.90464285714286,32.52928571428571,56.606071428571425,31.676428571428573,2,0,0,0,1,0,0,0,0,0,0
Far North,2014-07-01,5677,33,2.7877415365420037,2.786714285714286,27.94896583850932,66.73899689440994,2014,7,3376.0,2312.0,3.277428571428571,1.9825,29.264857142857142,29.90464285714286,62.992000000000004,56.606071428571425,2,0,0,0,1,0,0,0,0,0,0
Far North,2014-08-01,6152,34,2.529979301723434,7.383571428571428,25.39987468671679,80.69438596491229,2014,8,5677.0,3376.0,2.786714285714286,3.277428571428571,27.94896583850932,29.264857142857142,66.73899689440994,62.992000000000004,2,0,0,0,1,0,0,0,0,0,0
Far North,2014-09-01,2963,20,3.19142441482867,3.779285714285714,25.539285714285715,79.85642857142858,2014,9,6152.0,5677.0,7.383571428571428,2.786714285714286,25.39987468671679,27.94896583850932,80.69438596491229,66.73899689440994,2,0,0,0,1,0,0,0,0,0,0
Far North,2014-10-01,3494,29,3.3681909346802965,2.351785714285714,26.647142857142857,70.21607142857142,2014,10,2963.0,6152.0,3.779285714285714,7.383571428571428,25.539285714285715,25.39987468671679,79.85642857142858,80.69438596491229,2,0,0,0,1,0,0,0,0,0,0
Far North,2014-11-01,2405,11,1.5189820609094702,0.0014285714285714,27.47085714285714,42.05771428571428,2014,11,3494.0,2963.0,2.351785714285714,3.779285714285714,26.647142857142857,25.539285714285715,70.21607142857142,79.85642857142858,2,0,0,0,1,0,0,0,0,0,0
Far North,2014-12-01,533,1,0.5813953488372093,0.0,25.287857142857142,18.762500000000003,2014,12,2405.0,3494.0,0.0014285714285714,2.351785714285714,27.47085714285714,26.647142857142857,42.05771428571428,70.21607142857142,1,0,0,0,1,0,0,0,0,0,0
Far North,2015-01-01,393,0,0.0,0.0,22.692500000000003,15.262142857142857,2015,1,533.0,2405.0,0.0,0.0014285714285714,25.287857142857142,27.47085714285714,18.762500000000003,42.05771428571428,1,0,0,0,1,0,0,0,0,0,0
Far North,2015-02-01,679,3,1.5263480392156863,0.026785714285714274,29.0275,13.642857142857142,2015,2,393.0,533.0,0.0,0.0,22.692500000000003,25.287857142857142,15.262142857142857,18.762500000000003,1,0,0,0,1,0,0,0,0,0,0
Far North,2015-03-01,655,3,0.6688778330569376,0.01285714285714282,31.032,15.474571428571428,2015,3,679.0,393.0,0.026785714285714274,0.0,29.0275,22.692500000000003,13.642857142857142,15.262142857142857,1,0,0,0,1,0,0,0,0,0,0
Far North,2015-04-01,468,0,0.0,0.026785714285714274,31.902142857142856,14.490357142857144,2015,4,655.0,679.0,0.01285714285714282,0.026785714285714274,31.032,29.0275,15.474571428571428,13.642857142857142,1,0,0,0,1,0,0,0,0,0,0
Far North,2015-05-01,1884,6,0.6562869530942057,0.978857142857143,32.376285714285714,36.07628571428572,2015,5,468.0,655.0,0.026785714285714274,0.01285714285714282,31.902142857142856,31.032,14.490357142857144,15.474571428571428,2,0,0,0,1,0,0,0,0,0,0
Far North,2015-06-01,1312,7,2.011964107676969,5.266071428571428,28.80357142857143,64.68857142857144,2015,6,1884.0,468.0,0.978857142857143,0.026785714285714274,32.376285714285714,31.902142857142856,36.07628571428572,14.490357142857144,2,0,0,0,1,0,0,0,0,0,0
Far North,2015-07-01,1607,11,2.6737777398304408,3.726428571428571,27.66464285714286,70.02928571428572,2015,7,1312.0,1884.0,5.266071428571428,0.978857142857143,28.80357142857143,32.376285714285714,64.68857142857144,36.07628571428572,2,0,0,0,1,0,0,0,0,0,0
Far North,2015-08-01,2973,15,1.867999984003426,5.306857142857143,26.17885714285714,78.458,2015,8,1607.0,1312.0,3.726428571428571,5.266071428571428,27.66464285714286,28.80357142857143,70.02928571428572,64.68857142857144,2,0,0,0,1,0,0,0,0,0,0
Far North,2015-09-01,1278,3,0.3303964757709251,6.169642857142858,26.18857142857143,78.985,2015,9,2973.0,1607.0,5.306857142857143,3.726428571428571,26.17885714285714,27.66464285714286,78.458,70.02928571428572,2,0,0,0,1,0,0,0,0,0,0
Far North,2015-10-01,1260,5,0.9015594541910332,2.438214285714286,26.993214285714288,74.05571428571429,2015,10,1278.0,2973.0,6.169642857142858,5.306857142857143,26.18857142857143,26.17885714285714,78.985,78.458,2,0,0,0,1,0,0,0,0,0,0
Far North,2015-11-01,768,5,1.6387249114521842,0.25599999999999995,26.589428571428574,42.64628571428572,2015,11,1260.0,1278.0,2.438214285714286,6.169642857142858,26.993214285714288,26.18857142857143,74.05571428571429,78.985,2,0,0,0,1,0,0,0,0,0,0
Far North,2015-12-01,305,1,0.5102040816326531,0.0,23.10535714285714,21.558214285714286,2015,12,768.0,1260.0,0.25599999999999995,2.438214285714286,26.589428571428574,26.993214285714288,42.64628571428572,74.05571428571429,1,0,0,0,1,0,0,0,0,0,0
Far North,2016-01-01,253,1,0.4716981132075472,0.0,23.77857142857143,14.426428571428572,2016,1,305.0,768.0,0.0,0.25599999999999995,23.10535714285714,26.589428571428574,21.558214285714286,42.64628571428572,1,0,0,0,1,0,0,0,0,0,0
Far North,2016-02-01,644,0,0.0,0.0,26.6825,11.935714285714287,2016,2,253.0,305.0,0.0,0.0,23.77857142857143,23.10535714285714,14.426428571428572,21.558214285714286,1,0,0,0,1,0,0,0,0,0,0
Far North,2016-03-01,1116,2,0.2604166666666666,0.0289285714285714,32.87428571428571,20.488214285714285,2016,3,644.0,253.0,0.0,0.0,26.6825,23.77857142857143,11.935714285714287,14.426428571428572,2,0,0,0,1,0,0,0,0,0,0
Far North,2016-04-01,285,1,0.7575757575757576,0.6124999999999999,32.95607142857143,29.003214285714286,2016,4,1116.0,644.0,0.0289285714285714,0.0,32.87428571428571,26.6825,20.488214285714285,11.935714285714287,1,0,0,0,1,0,0,0,0,0,0
Far North,2016-05-01,2482,8,0.9014041514041514,4.142571428571428,31.89428571428571,50.16857142857142,2016,5,285.0,1116.0,0.6124999999999999,0.0289285714285714,32.95607142857143,32.87428571428571,29.003214285714286,20.488214285714285,2,0,0,0,1,0,0,0,0,0,0
Far North,2016-06-01,673,4,0.7407407407407408,4.237857142857143,27.531785714285714,68.68214285714285,2016,6,2482.0,285.0,4.142571428571428,0.6124999999999999,31.89428571428571,32.95607142857143,50.16857142857142,29.003214285714286,1,0,0,0,1,0,0,0,0,0,0
Far North,2016-07-01,2430,23,2.6315532508624218,6.438285714285715,25.684285714285714,81.39542857142857,2016,7,673.0,2482.0,4.237857142857143,4.142571428571428,27.531785714285714,31.89428571428571,68.68214285714285,50.16857142857142,2,0,0,0,1,0,0,0,0,0,0
Far North,2016-08-01,1902,15,2.2260246936971075,6.546785714285714,25.130714285714284,84.535,2016,8,2430.0,673.0,6.438285714285715,4.237857142857143,25.684285714285714,27.531785714285714,81.39542857142857,68.68214285714285,2,0,0,0,1,0,0,0,0,0,0
Far North,2016-09-01,2887,14,2.299854748891701,6.363214285714286,25.658571428571427,83.0767857142857,2016,9,1902.0,2430.0,6.546785714285714,6.438285714285715,25.130714285714284,25.684285714285714,84.535,81.39542857142857,2,0,0,0,1,0,0,0,0,0,0
Far North,2016-10-01,1791,5,1.1375554659136748,0.8471428571428572,26.70485714285714,70.11457142857144,2016,10,2887.0,1902.0,6.363214285714286,6.546785714285714,25.658571428571427,25.130714285714284,83.0767857142857,84.535,2,0,0,0,1,0,0,0,0,0,0
Far North,2016-11-01,491,1,1.1904761904761905,0.0,27.849642857142857,37.13107142857143,2016,11,1791.0,2887.0,0.8471428571428572,6.363214285714286,26.70485714285714,25.658571428571427,70.11457142857144,83.0767857142857,1,0,0,0,1,0,0,0,0,0,0
Far North,2016-12-01,206,0,0.0,0.0,27.16428571428571,19.36714285714286,2016,12,491.0,1791.0,0.0,0.8471428571428572,27.849642857142857,26.70485714285714,37.13107142857143,70.11457142857144,0,0,0,0,1,0,0,0,0,0,0
Far North,2017-01-01,666,3,0.9375,0.0,26.75542857142857,17.191142857142857,2017,1,206.0,491.0,0.0,0.0,27.16428571428571,27.849642857142857,19.36714285714286,37.13107142857143,1,0,0,0,1,0,0,0,0,0,0
Far North,2017-02-01,361,0,0.0,0.0,26.94,11.848571428571429,2017,2,666.0,206.0,0.0,0.0,26.75542857142857,27.16428571428571,17.191142857142857,19.36714285714286,1,0,0,0,1,0,0,0,0,0,0
Far North,2017-03-01,666,2,0.8168642951251646,0.0,30.39392857142857,11.223928571428573,2017,3,361.0,666.0,0.0,0.0,26.94,26.75542857142857,11.848571428571429,17.191142857142857,1,0,0,0,1,0,0,0,0,0,0
Far North,2017-04-01,665,2,0.657210401891253,0.4491428571428571,33.44114285714286,27.10257142857143,2017,4,666.0,361.0,0.0,0.0,30.39392857142857,26.94,11.223928571428573,11.848571428571429,1,0,0,0,1,0,0,0,0,0,0
Far North,2017-05-01,591,3,1.5938251804330394,1.5189285714285714,30.802142857142854,53.39785714285714,2017,5,665.0,666.0,0.4491428571428571,0.0,33.44114285714286,30.39392857142857,27.10257142857143,11.223928571428573,1,0,0,0,1,0,0,0,0,0,0
Far North,2017-06-01,2844,8,0.8343580541925681,5.067857142857143,28.363928571428573,67.31035714285714,2017,6,591.0,665.0,1.5189285714285714,0.4491428571428571,30.802142857142854,33.44114285714286,53.39785714285714,27.10257142857143,2,0,0,0,1,0,0,0,0,0,0
Far North,2017-07-01,1970,9,1.7897603782067215,6.473142857142856,26.327714285714286,77.36971428571428,2017,7,2844.0,591.0,5.067857142857143,1.5189285714285714,28.363928571428573,30.802142857142854,67.31035714285714,53.39785714285714,2,0,0,0,1,0,0,0,0,0,0
Far North,2017-08-01,2623,14,1.7615984565869356,9.802857142857142,25.15142857142857,84.33,2017,8,1970.0,2844.0,6.473142857142856,5.067857142857143,26.327714285714286,28.363928571428573,77.36971428571428,67.31035714285714,2,0,0,0,1,0,0,0,0,0,0
Far North,2017-09-01,1644,7,1.9196270273603637,4.665714285714286,25.316071428571426,82.71285714285713,2017,9,2623.0,1970.0,9.802857142857142,6.473142857142856,25.15142857142857,26.327714285714286,84.33,77.36971428571428,2,0,0,0,1,0,0,0,0,0,0
Far North,2017-10-01,1862,10,1.4771147136945353,1.5022857142857142,26.582857142857144,66.06228571428571,2017,10,1644.0,2623.0,4.665714285714286,9.802857142857142,25.316071428571426,25.15142857142857,82.71285714285713,84.33,2,0,0,0,1,0,0,0,0,0,0
Far North,2017-11-01,869,2,0.641025641025641,0.0,27.100357142857142,34.96928571428572,2017,11,1862.0,1644.0,1.5022857142857142,4.665714285714286,26.582857142857144,25.316071428571426,66.06228571428571,82.71285714285713,2,0,0,0,1,0,0,0,0,0,0
Far North,2017-12-01,648,2,0.6015377657168701,0.0,26.42685714285714,20.520857142857146,2017,12,869.0,1862.0,0.0,1.5022857142857142,27.100357142857142,26.582857142857144,34.96928571428572,66.06228571428571,1,0,0,0,1,0,0,0,0,0,0
Far North,2018-01-01,0,0,0.0,0.0,22.97357142857143,13.68142857142857,2018,1,648.0,869.0,0.0,0.0,26.42685714285714,27.100357142857142,20.520857142857146,34.96928571428572,0,0,0,0,1,0,0,0,0,0,0
Far North,2018-02-01,0,0,0.0,0.21107142857142855,28.5325,15.3375,2018,2,0.0,648.0,0.0,0.0,22.97357142857143,26.42685714285714,13.68142857142857,20.520857142857146,0,0,0,0,1,0,0,0,0,0,0
Far North,2018-03-01,38,0,0.0,0.003928571428571425,31.144285714285715,14.13,2018,3,0.0,0.0,0.21107142857142855,0.0,28.5325,22.97357142857143,15.3375,13.68142857142857,0,0,0,0,1,0,0,0,0,0,0
Far North,2018-04-01,2,0,0.0,0.23571428571428568,33.182857142857145,24.523142857142858,2018,4,38.0,0.0,0.003928571428571425,0.21107142857142855,31.144285714285715,28.5325,14.13,15.3375,0,0,0,0,1,0,0,0,0,0,0
Far North,2018-05-01,423,3,1.055,3.029642857142857,30.342142857142857,58.6125,2018,5,2.0,38.0,0.23571428571428568,0.003928571428571425,33.182857142857145,31.144285714285715,24.523142857142858,14.13,1,0,0,0,1,0,0,0,0,0,0
Far North,2018-06-01,0,0,0.0,4.972857142857144,28.558214285714286,66.43785714285714,2018,6,423.0,2.0,3.029642857142857,0.23571428571428568,30.342142857142857,33.182857142857145,58.6125,24.523142857142858,0,0,0,0,1,0,0,0,0,0,0
Far North,2018-07-01,160,1,0.426,6.7362857142857155,26.31714285714286,76.31771428571429,2018,7,0.0,423.0,4.972857142857144,3.029642857142857,28.558214285714286,30.342142857142857,66.43785714285714,58.6125,0,0,0,0,1,0,0,0,0,0,0
Far North,2018-08-01,595,1,0.1904761904761905,9.580107775477341,25.227315965033352,82.9351257188866,2018,8,160.0,0.0,6.7362857142857155,4.972857142857144,26.31714285714286,28.558214285714286,76.31771428571429,66.43785714285714,1,0,0,0,1,0,0,0,0,0,0
Far North,2018-09-01,0,0,0.0,5.768630952380953,25.430588624338622,83.27194444444443,2018,9,595.0,160.0,9.580107775477341,6.7362857142857155,25.227315965033352,26.31714285714286,82.9351257188866,76.31771428571429,0,0,0,0,1,0,0,0,0,0,0
Far North,2018-10-01,486,5,0.975,0.5737619047619048,26.871904761904762,72.47471428571428,2018,10,0.0,595.0,5.768630952380953,9.580107775477341,25.430588624338622,25.227315965033352,83.27194444444443,82.9351257188866,1,0,0,0,1,0,0,0,0,0,0
Far North,2018-11-01,701,3,1.1125,0.15377232142857142,27.13889880952381,46.26651041666667,2018,11,486.0,0.0,0.5737619047619048,5.768630952380953,26.871904761904762,25.430588624338622,72.47471428571428,83.27194444444443,2,0,0,0,1,0,0,0,0,0,0
Far North,2018-12-01,162,0,0.0,0.0,25.714285714285715,21.939142857142855,2018,12,701.0,486.0,0.15377232142857142,0.5737619047619048,27.13889880952381,26.871904761904762,46.26651041666667,72.47471428571428,0,0,0,0,1,0,0,0,0,0,0
Far North,2019-01-01,0,0,0.0,0.0,25.9925,16.235714285714284,2019,1,162.0,701.0,0.0,0.15377232142857142,25.714285714285715,27.13889880952381,21.939142857142855,46.26651041666667,0,0,0,0,1,0,0,0,0,0,0
Far North,2019-02-01,0,0,0.0,0.0032142857142857,27.425,12.855357142857144,2019,2,0.0,162.0,0.0,0.0,25.9925,25.714285714285715,16.235714285714284,21.939142857142855,0,0,0,0,1,0,0,0,0,0,0
Far North,2019-03-01,0,0,0.0,0.0037142857142857,31.94457142857143,14.92942857142857,2019,3,0.0,0.0,0.0032142857142857,0.0,27.425,25.9925,12.855357142857144,16.235714285714284,0,0,0,0,1,0,0,0,0,0,0
Far North,2019-04-01,41,0,0.0,0.0017857142857142499,34.1825,20.354642857142856,2019,4,0.0,0.0,0.0037142857142857,0.0032142857142857,31.94457142857143,27.425,14.92942857142857,12.855357142857144,0,0,0,0,1,0,0,0,0,0,0
Far North,2019-05-01,438,1,0.23,1.2164285714285714,32.82357142857143,43.574642857142855,2019,5,41.0,0.0,0.0017857142857142499,0.0037142857142857,34.1825,31.94457142857143,20.354642857142856,14.92942857142857,1,0,0,0,1,0,0,0,0,0,0
Far North,2019-06-01,97,0,0.0,8.220571428571429,28.435428571428577,68.49142857142857,2019,6,438.0,41.0,1.2164285714285714,0.0017857142857142499,32.82357142857143,34.1825,43.574642857142855,20.354642857142856,0,0,0,0,1,0,0,0,0,0,0
Far North,2019-07-01,376,5,3.11578947375,6.8378571428571435,25.890714285714285,81.08535714285715,2019,7,97.0,438.0,8.220571428571429,1.2164285714285714,28.435428571428577,32.82357142857143,68.49142857142857,43.574642857142855,1,0,0,0,1,0,0,0,0,0,0
Far North,2019-08-01,221,0,0.0,6.116071428571429,24.75821428571429,85.19392857142857,2019,8,376.0,97.0,6.8378571428571435,8.220571428571429,25.890714285714285,28.435428571428577,81.08535714285715,68.49142857142857,1,0,0,0,1,0,0,0,0,0,0
Far North,2019-09-01,582,5,2.318,4.159999999999999,25.655142857142856,82.10514285714287,2019,9,221.0,376.0,6.116071428571429,6.8378571428571435,24.75821428571429,25.890714285714285,85.19392857142857,81.08535714285715,1,0,0,0,1,0,0,0,0,0,0
Far North,2019-10-01,507,4,2.0300000000000002,3.2910714285714286,25.583571428571425,80.75928571428571,2019,10,582.0,221.0,4.159999999999999,6.116071428571429,25.655142857142856,24.75821428571429,82.10514285714287,85.19392857142857,1,0,0,0,1,0,0,0,0,0,0
Far North,2019-11-01,114,0,0.0,0.0,26.529642857142857,58.95892857142857,2019,11,507.0,582.0,3.2910714285714286,4.159999999999999,25.583571428571425,25.655142857142856,80.75928571428571,82.10514285714287,0,0,0,0,1,0,0,0,0,0,0
Far North,2019-12-01,0,0,0.0,0.4212374429223744,25.136465101108936,29.23808936725375,2019,12,114.0,507.0,0.0,3.2910714285714286,26.529642857142857,25.583571428571425,58.95892857142857,80.75928571428571,0,0,0,0,1,0,0,0,0,0,0
Far North,2020-01-01,0,0,0.0,0.0,24.41713311055416,22.818801169590643,2020,1,0.0,114.0,0.4212374429223744,0.0,25.136465101108936,26.529642857142857,29.23808936725375,58.95892857142857,0,0,0,0,1,0,0,0,0,0,0
Far North,2020-12-01,794,13,7.88,2.647298728813559,27.56050847457627,52.04450211864407,2020,12,0.0,0.0,0.0,0.4212374429223744,24.41713311055416,25.136465101108936,22.818801169590643,29.23808936725375,2,0,0,0,1,0,0,0,0,0,0
Far North,2021-10-01,63,0,0.0,1.9308695652173915,28.711920289855072,45.967971014492754,2021,10,794.0,0.0,2.647298728813559,0.0,27.56050847457627,24.41713311055416,52.04450211864407,22.818801169590643,0,0,0,0,1,0,0,0,0,0,0
Far North,2022-03-01,0,0,0.0,1.4053071253071254,28.23756756756757,41.490368550368544,2022,3,63.0,794.0,1.9308695652173915,2.647298728813559,28.711920289855072,27.56050847457627,45.967971014492754,52.04450211864407,0,0,0,0,1,0,0,0,0,0,0
Far North,2022-07-01,101,0,0.0,0.6923412698412699,28.72388888888889,33.176587301587304,2022,7,0.0,63.0,1.4053071253071254,1.9308695652173915,28.23756756756757,28.711920289855072,41.490368550368544,45.967971014492754,0,0,0,0,1,0,0,0,0,0,0
Far North,2022-10-01,299,2,4.233333333333333,0.27325396825396825,26.174603174603174,74.43003968253969,2022,10,101.0,0.0,0.6923412698412699,1.4053071253071254,28.72388888888889,28.23756756756757,33.176587301587304,41.490368550368544,1,0,0,0,1,0,0,0,0,0,0
Far North,2022-11-01,151,2,3.03,0.0,26.08428571428572,50.519999999999996,2022,11,299.0,101.0,0.27325396825396825,0.6923412698412699,26.174603174603174,28.72388888888889,74.43003968253969,33.176587301587304,0,0,0,0,1,0,0,0,0,0,0
Littoral,2010-01-01,336,0,0.0,3.0407142857142864,27.041428571428572,82.94714285714285,2010,1,0.0,0.0,0.0,0.0,0.0,0.0,0.0,0.0,1,0,0,0,0,1,0,0,0,0,0
Littoral,2010-02-01,764,2,0.8775946275946276,5.767142857142857,27.002857142857145,87.20642857142857,2010,2,336.0,0.0,3.0407142857142864,0.0,27.041428571428572,0.0,82.94714285714285,0.0,2,0,0,0,0,1,0,0,0,0,0
Littoral,2010-03-01,465,0,0.0,7.089285714285714,27.09892857142857,86.9557142857143,2010,3,764.0,336.0,5.767142857142857,3.0407142857142864,27.002857142857145,27.041428571428572,87.20642857142857,82.94714285714285,1,0,0,0,0,1,0,0,0,0,0
Littoral,2010-04-01,449,0,0.0,7.216428571428572,27.28607142857143,88.71678571428569,2010,4,465.0,764.0,7.089285714285714,5.767142857142857,27.09892857142857,27.002857142857145,86.9557142857143,87.20642857142857,1,0,0,0,0,1,0,0,0,0,0
Littoral,2010-05-01,722,2,0.3703703703703704,5.165142857142857,26.646285714285717,90.0362857142857,2010,5,449.0,465.0,7.216428571428572,7.089285714285714,27.28607142857143,27.09892857142857,88.71678571428569,86.9557142857143,2,0,0,0,0,1,0,0,0,0,0
Littoral,2010-06-01,120,0,0.0,6.215714285714285,25.681785714285716,89.56071428571428,2010,6,722.0,449.0,5.165142857142857,7.216428571428572,26.646285714285717,27.28607142857143,90.0362857142857,88.71678571428569,0,0,0,0,0,1,0,0,0,0,0
Littoral,2010-07-01,1295,7,1.320861678004535,13.489285714285714,24.71964285714286,91.43749999999999,2010,7,120.0,722.0,6.215714285714285,5.165142857142857,25.681785714285716,26.646285714285717,89.56071428571428,90.0362857142857,2,0,0,0,0,1,0,0,0,0,0
Littoral,2010-08-01,1696,7,2.1276558690351797,11.113142857142858,24.620857142857144,90.82342857142858,2010,8,1295.0,120.0,13.489285714285714,6.215714285714285,24.71964285714286,25.681785714285716,91.43749999999999,89.56071428571428,2,0,0,0,0,1,0,0,0,0,0
Littoral,2010-09-01,1659,6,1.1700388026607538,6.453214285714285,24.9275,89.335,2010,9,1696.0,1295.0,11.113142857142858,13.489285714285714,24.620857142857144,24.71964285714286,90.82342857142858,91.43749999999999,2,0,0,0,0,1,0,0,0,0,0
Littoral,2010-10-01,2320,11,2.046147452561586,7.742498855311356,25.44338827838828,89.60345695970695,2010,10,1659.0,1696.0,6.453214285714285,11.113142857142858,24.9275,24.620857142857144,89.335,90.82342857142858,2,0,0,0,0,1,0,0,0,0,0
Littoral,2010-11-01,1944,14,1.525562058841575,5.074285714285714,25.99642857142857,88.09142857142857,2010,11,2320.0,1659.0,7.742498855311356,6.453214285714285,25.44338827838828,24.9275,89.60345695970695,89.335,2,0,0,0,0,1,0,0,0,0,0
Littoral,2010-12-01,85,0,0.0,2.6066690476190475,26.21626428571428,84.11340357142856,2010,12,1944.0,2320.0,5.074285714285714,7.742498855311356,25.99642857142857,25.44338827838828,88.09142857142857,89.60345695970695,0,0,0,0,0,1,0,0,0,0,0
Littoral,2011-01-01,950,5,2.229561218922921,0.3568571428571428,26.070857142857143,79.16,2011,1,85.0,1944.0,2.6066690476190475,5.074285714285714,26.21626428571428,25.99642857142857,84.11340357142856,88.09142857142857,2,0,0,0,0,1,0,0,0,0,0
Littoral,2011-02-01,2113,10,2.0440728499079417,2.4775,26.14857142857143,87.155,2011,2,950.0,85.0,0.3568571428571428,2.6066690476190475,26.070857142857143,26.21626428571428,79.16,84.11340357142856,2,0,0,0,0,1,0,0,0,0,0
Littoral,2011-03-01,1814,11,2.243721584758606,4.0275,26.4925,87.51357142857142,2011,3,2113.0,950.0,2.4775,0.3568571428571428,26.14857142857143,26.070857142857143,87.155,79.16,2,0,0,0,0,1,0,0,0,0,0
Littoral,2011-04-01,1845,9,1.581656626313468,4.929285714285714,26.653214285714288,87.49035714285714,2011,4,1814.0,2113.0,4.0275,2.4775,26.4925,26.14857142857143,87.51357142857142,87.155,2,0,0,0,0,1,0,0,0,0,0
Littoral,2011-05-01,1891,7,1.4592756902341941,4.382285714285715,26.479142857142858,88.81142857142856,2011,5,1845.0,1814.0,4.929285714285714,4.0275,26.653214285714288,26.4925,87.49035714285714,87.51357142857142,2,0,0,0,0,1,0,0,0,0,0
Littoral,2011-06-01,3269,17,1.9052422969660534,7.953571428571429,25.439285714285717,91.04607142857142,2011,6,1891.0,1845.0,4.382285714285715,4.929285714285714,26.479142857142858,26.653214285714288,88.81142857142856,87.49035714285714,2,0,0,0,0,1,0,0,0,0,0
Littoral,2011-07-01,4378,23,1.9625235649843726,11.93057142857143,24.708,90.44085714285714,2011,7,3269.0,1891.0,7.953571428571429,4.382285714285715,25.439285714285717,26.479142857142858,91.04607142857142,88.81142857142856,2,0,0,0,0,1,0,0,0,0,0
Littoral,2011-08-01,2953,7,1.1850191659666502,17.8625,24.388571428571428,91.59714285714286,2011,8,4378.0,3269.0,11.93057142857143,7.953571428571429,24.708,25.439285714285717,90.44085714285714,91.04607142857142,2,0,0,0,0,1,0,0,0,0,0
Littoral,2011-09-01,5232,17,1.9937100647997794,14.543924528301886,25.038127223719677,90.38792237196766,2011,9,2953.0,4378.0,17.8625,11.93057142857143,24.388571428571428,24.708,91.59714285714286,90.44085714285714,2,0,0,0,0,1,0,0,0,0,0
Littoral,2011-10-01,4804,35,3.020351904507992,9.153142857142857,25.37257142857143,89.69028571428571,2011,10,5232.0,2953.0,14.543924528301886,17.8625,25.038127223719677,24.388571428571428,90.38792237196766,91.59714285714286,2,0,0,0,0,1,0,0,0,0,0
Littoral,2011-11-01,2217,10,1.5670186652477858,1.7960714285714285,26.00464285714286,86.88821428571428,2011,11,4804.0,5232.0,9.153142857142857,14.543924528301886,25.37257142857143,25.038127223719677,89.69028571428571,90.38792237196766,2,0,0,0,0,1,0,0,0,0,0
Littoral,2011-12-01,4894,36,2.369390243902439,1.5135625,26.04897767857143,82.14566517857143,2011,12,2217.0,4804.0,1.7960714285714285,9.153142857142857,26.00464285714286,25.37257142857143,86.88821428571428,89.69028571428571,2,0,0,0,0,1,0,0,0,0,0
Littoral,2012-01-01,888,5,1.9251336898395721,0.45599999999999996,26.45,82.17885714285714,2012,1,4894.0,2217.0,1.5135625,1.7960714285714285,26.04897767857143,26.00464285714286,82.14566517857143,86.88821428571428,2,0,0,0,0,1,0,0,0,0,0
Littoral,2012-02-01,594,3,1.3247282608695652,3.856071428571429,26.17214285714286,86.12535714285714,2012,2,888.0,4894.0,0.45599999999999996,1.5135625,26.45,26.04897767857143,82.17885714285714,82.14566517857143,1,0,0,0,0,1,0,0,0,0,0
Littoral,2012-03-01,359,1,1.0869565217391304,1.5728571428571427,26.409285714285712,87.31678571428571,2012,3,594.0,888.0,3.856071428571429,0.45599999999999996,26.17214285714286,26.45,86.12535714285714,82.17885714285714,1,0,0,0,0,1,0,0,0,0,0
Littoral,2012-04-01,751,3,1.1465557096625056,7.042857142857143,26.542857142857137,88.21485714285714,2012,4,359.0,594.0,1.5728571428571427,3.856071428571429,26.409285714285712,26.17214285714286,87.31678571428571,86.12535714285714,2,0,0,0,0,1,0,0,0,0,0
Littoral,2012-05-01,708,2,1.0218253968253967,3.7678571428571432,26.014285714285712,88.56535714285714,2012,5,751.0,359.0,7.042857142857143,1.5728571428571427,26.542857142857137,26.409285714285712,88.21485714285714,87.31678571428571,2,0,0,0,0,1,0,0,0,0,0
Littoral,2012-06-01,872,4,1.5933358041686523,9.756428571428572,25.597857142857144,89.83964285714285,2012,6,708.0,751.0,3.7678571428571432,7.042857142857143,26.014285714285712,26.542857142857137,88.56535714285714,88.21485714285714,2,0,0,0,0,1,0,0,0,0,0
Littoral,2012-07-01,1940,8,1.3416161303485246,13.57657142857143,24.374571428571432,91.65857142857143,2012,7,872.0,708.0,9.756428571428572,3.7678571428571432,25.597857142857144,26.014285714285712,89.83964285714285,88.56535714285714,2,0,0,0,0,1,0,0,0,0,0
Littoral,2012-08-01,735,2,1.1772486772486772,11.133928571428573,24.233214285714283,91.08142857142856,2012,8,1940.0,872.0,13.57657142857143,9.756428571428572,24.374571428571432,25.597857142857144,91.65857142857143,89.83964285714285,2,0,0,0,0,1,0,0,0,0,0
Littoral,2012-09-01,1762,8,1.2366300366300367,13.596285714285713,24.904571428571426,90.32542857142857,2012,9,735.0,1940.0,11.133928571428573,13.57657142857143,24.233214285714283,24.374571428571432,91.08142857142856,91.65857142857143,2,0,0,0,0,1,0,0,0,0,0
Littoral,2012-10-01,1214,5,0.8953274985883681,10.313214285714286,25.560714285714287,89.34214285714286,2012,10,1762.0,735.0,13.596285714285713,11.133928571428573,24.904571428571426,24.233214285714283,90.32542857142857,91.08142857142856,2,0,0,0,0,1,0,0,0,0,0
Littoral,2012-11-01,837,4,1.560483870967742,8.251071428571429,26.101785714285715,88.77214285714285,2012,11,1214.0,1762.0,10.313214285714286,13.596285714285713,25.560714285714287,24.904571428571426,89.34214285714286,90.32542857142857,2,0,0,0,0,1,0,0,0,0,0
Littoral,2012-12-01,361,0,0.0,1.796,26.42942857142857,83.804,2012,12,837.0,1214.0,8.251071428571429,10.313214285714286,26.101785714285715,25.560714285714287,88.77214285714285,89.34214285714286,1,0,0,0,0,1,0,0,0,0,0
Littoral,2013-01-01,263,0,0.0,0.59,26.711785714285718,84.24892857142858,2013,1,361.0,837.0,1.796,8.251071428571429,26.42942857142857,26.101785714285715,83.804,88.77214285714285,1,0,0,0,0,1,0,0,0,0,0
Littoral,2013-02-01,397,1,0.5555555555555556,1.6407142857142856,26.72571428571429,83.80392857142857,2013,2,263.0,361.0,0.59,1.796,26.711785714285718,26.42942857142857,84.24892857142858,83.804,1,0,0,0,0,1,0,0,0,0,0
Littoral,2013-03-01,1340,5,1.078299652340125,5.252285714285714,26.722571428571428,86.60914285714287,2013,3,397.0,263.0,1.6407142857142856,0.59,26.72571428571429,26.711785714285718,83.80392857142857,84.24892857142858,2,0,0,0,0,1,0,0,0,0,0
Littoral,2013-04-01,1118,5,0.9543593448940269,7.678571428571429,26.7275,86.97321428571429,2013,4,1340.0,397.0,5.252285714285714,1.6407142857142856,26.722571428571428,26.72571428571429,86.60914285714287,83.80392857142857,2,0,0,0,0,1,0,0,0,0,0
Littoral,2013-05-01,1019,5,1.1334866638140064,4.528214285714286,26.518571428571427,88.81357142857144,2013,5,1118.0,1340.0,7.678571428571429,5.252285714285714,26.7275,26.722571428571428,86.97321428571429,86.60914285714287,2,0,0,0,0,1,0,0,0,0,0
Littoral,2013-06-01,1995,13,1.3166931285308128,7.872857142857143,25.280285714285714,90.6422857142857,2013,6,1019.0,1118.0,4.528214285714286,7.678571428571429,26.518571428571427,26.7275,88.81357142857144,86.97321428571429,2,0,0,0,0,1,0,0,0,0,0
Littoral,2013-07-01,849,1,0.3246753246753247,10.297142857142855,24.113214285714285,91.30857142857144,2013,7,1995.0,1019.0,7.872857142857143,4.528214285714286,25.280285714285714,26.518571428571427,90.6422857142857,88.81357142857144,2,0,0,0,0,1,0,0,0,0,0
Littoral,2013-08-01,502,2,0.7042253521126761,5.963928571428571,23.99107142857143,90.20142857142858,2013,8,849.0,1995.0,10.297142857142855,7.872857142857143,24.113214285714285,25.280285714285714,91.30857142857144,90.6422857142857,1,0,0,0,0,1,0,0,0,0,0
Littoral,2013-09-01,1839,11,1.4086322966962601,12.582571428571429,24.758571428571432,91.026,2013,9,502.0,849.0,5.963928571428571,10.297142857142855,23.99107142857143,24.113214285714285,90.20142857142858,91.30857142857144,2,0,0,0,0,1,0,0,0,0,0
Littoral,2013-10-01,1553,6,1.0001000100010002,12.055357142857144,25.47357142857143,89.67357142857144,2013,10,1839.0,502.0,12.582571428571429,5.963928571428571,24.758571428571432,23.99107142857143,91.026,90.20142857142858,2,0,0,0,0,1,0,0,0,0,0
Littoral,2013-11-01,1468,5,1.5154639175257731,10.025,26.055714285714288,88.11571428571429,2013,11,1553.0,1839.0,12.055357142857144,12.582571428571429,25.47357142857143,24.758571428571432,89.67357142857144,91.026,2,0,0,0,0,1,0,0,0,0,0
Littoral,2013-12-01,646,1,0.4545454545454546,2.130857142857143,26.02914285714286,83.794,2013,12,1468.0,1553.0,10.025,12.055357142857144,26.055714285714288,25.47357142857143,88.11571428571429,89.67357142857144,1,0,0,0,0,1,0,0,0,0,0
Littoral,2014-01-01,523,1,0.3846153846153846,0.25857142857142856,26.682142857142857,81.21392857142857,2014,1,646.0,1468.0,2.130857142857143,10.025,26.02914285714286,26.055714285714288,83.794,88.11571428571429,1,0,0,0,0,1,0,0,0,0,0
Littoral,2014-02-01,701,5,3.153217654986523,0.3335714285714285,26.788214285714286,84.0757142857143,2014,2,523.0,646.0,0.25857142857142856,2.130857142857143,26.682142857142857,26.02914285714286,81.21392857142857,83.794,2,0,0,0,0,1,0,0,0,0,0
Littoral,2014-03-01,1256,4,1.1558921262425306,5.090285714285715,26.405428571428576,87.75428571428571,2014,3,701.0,523.0,0.3335714285714285,0.25857142857142856,26.788214285714286,26.682142857142857,84.0757142857143,81.21392857142857,2,0,0,0,0,1,0,0,0,0,0
Littoral,2014-04-01,551,2,0.759144237405107,3.6046428571428573,26.33571428571429,88.69357142857143,2014,4,1256.0,701.0,5.090285714285715,0.3335714285714285,26.405428571428576,26.788214285714286,87.75428571428571,84.0757142857143,1,0,0,0,0,1,0,0,0,0,0
Littoral,2014-05-01,1752,6,0.40214477211796246,6.690357142857144,26.69357142857143,87.25964285714285,2014,5,551.0,1256.0,3.6046428571428573,5.090285714285715,26.33571428571429,26.405428571428576,88.69357142857143,87.75428571428571,2,0,0,0,0,1,0,0,0,0,0
Littoral,2014-06-01,1415,12,3.4763111404902447,4.293142857142857,26.07114285714286,88.80371428571429,2014,6,1752.0,551.0,6.690357142857144,3.6046428571428573,26.69357142857143,26.33571428571429,87.25964285714285,88.69357142857143,2,0,0,0,0,1,0,0,0,0,0
Littoral,2014-07-01,1576,9,0.9787408168703132,6.557499999999999,24.862857142857145,88.72321428571429,2014,7,1415.0,1752.0,4.293142857142857,6.690357142857144,26.07114285714286,26.69357142857143,88.80371428571429,87.25964285714285,2,0,0,0,0,1,0,0,0,0,0
Littoral,2014-08-01,1981,14,2.839902261432875,8.824000000000002,24.33457142857143,90.47714285714287,2014,8,1576.0,1415.0,6.557499999999999,4.293142857142857,24.862857142857145,26.07114285714286,88.72321428571429,88.80371428571429,2,0,0,0,0,1,0,0,0,0,0
Littoral,2014-09-01,1128,6,1.3221204051796156,10.766071428571427,24.97142857142857,89.36892857142857,2014,9,1981.0,1576.0,8.824000000000002,6.557499999999999,24.33457142857143,24.862857142857145,90.47714285714287,88.72321428571429,2,0,0,0,0,1,0,0,0,0,0
Littoral,2014-10-01,1066,6,0.9964425729635544,7.660357142857142,25.40642857142857,89.40178571428571,2014,10,1128.0,1981.0,10.766071428571427,8.824000000000002,24.97142857142857,24.33457142857143,89.36892857142857,90.47714285714287,2,0,0,0,0,1,0,0,0,0,0
Littoral,2014-11-01,644,3,0.7846153846153847,5.507142857142858,26.154857142857146,87.90685714285715,2014,11,1066.0,1128.0,7.660357142857142,10.766071428571427,25.40642857142857,24.97142857142857,89.40178571428571,89.36892857142857,1,0,0,0,0,1,0,0,0,0,0
Littoral,2014-12-01,237,0,0.0,0.5546428571428571,26.7475,83.1275,2014,12,644.0,1066.0,5.507142857142858,7.660357142857142,26.154857142857146,25.40642857142857,87.90685714285715,89.40178571428571,1,0,0,0,0,1,0,0,0,0,0
Littoral,2015-01-01,458,0,0.0,0.2196428571428571,25.820357142857144,76.22928571428571,2015,1,237.0,644.0,0.5546428571428571,5.507142857142858,26.7475,26.154857142857146,83.1275,87.90685714285715,1,0,0,0,0,1,0,0,0,0,0
Littoral,2015-02-01,235,1,0.9615384615384616,1.7853571428571429,26.68714285714286,86.11999999999999,2015,2,458.0,237.0,0.2196428571428571,0.5546428571428571,25.820357142857144,26.7475,76.22928571428571,83.1275,1,0,0,0,0,1,0,0,0,0,0
Littoral,2015-03-01,433,0,0.0,2.468,26.675714285714285,86.72,2015,3,235.0,458.0,1.7853571428571429,0.2196428571428571,26.68714285714286,25.820357142857144,86.11999999999999,76.22928571428571,1,0,0,0,0,1,0,0,0,0,0
Littoral,2015-04-01,863,2,0.6505270092226614,5.613214285714286,26.493214285714284,88.35714285714286,2015,4,433.0,235.0,2.468,1.7853571428571429,26.675714285714285,26.68714285714286,86.72,86.11999999999999,2,0,0,0,0,1,0,0,0,0,0
Littoral,2015-05-01,1771,10,1.2342803912435958,6.612571428571428,26.78,87.43771428571429,2015,5,863.0,433.0,5.613214285714286,2.468,26.493214285714284,26.675714285714285,88.35714285714286,86.72,2,0,0,0,0,1,0,0,0,0,0
Littoral,2015-06-01,984,10,2.8722797883381825,17.986071428571428,25.17892857142857,91.67249999999999,2015,6,1771.0,863.0,6.612571428571428,5.613214285714286,26.78,26.493214285714284,87.43771428571429,88.35714285714286,2,0,0,0,0,1,0,0,0,0,0
Littoral,2015-07-01,1631,6,1.7494244898827183,9.643214285714286,24.947142857142858,90.90607142857144,2015,7,984.0,1771.0,17.986071428571428,6.612571428571428,25.17892857142857,26.78,91.67249999999999,87.43771428571429,2,0,0,0,0,1,0,0,0,0,0
Littoral,2015-08-01,2403,12,1.856081462544637,10.766857142857143,24.731142857142856,90.91942857142855,2015,8,1631.0,984.0,9.643214285714286,17.986071428571428,24.947142857142858,25.17892857142857,90.90607142857144,91.67249999999999,2,0,0,0,0,1,0,0,0,0,0
Littoral,2015-09-01,1643,6,2.146690141453051,11.746071428571428,25.31357142857143,90.1707142857143,2015,9,2403.0,1631.0,10.766857142857143,9.643214285714286,24.731142857142856,24.947142857142858,90.91942857142855,90.90607142857144,2,0,0,0,0,1,0,0,0,0,0
Littoral,2015-10-01,1439,6,1.136767925561029,8.584285714285713,25.64,90.85642857142858,2015,10,1643.0,2403.0,11.746071428571428,10.766857142857143,25.31357142857143,24.731142857142856,90.1707142857143,90.91942857142855,2,0,0,0,0,1,0,0,0,0,0
Littoral,2015-11-01,1150,5,1.7091121758103334,14.605714285714289,26.304571428571432,87.84942857142858,2015,11,1439.0,1643.0,8.584285714285713,11.746071428571428,25.64,25.31357142857143,90.85642857142858,90.1707142857143,2,0,0,0,0,1,0,0,0,0,0
Littoral,2015-12-01,764,3,0.47770700636942676,0.6867857142857143,26.045,77.05071428571429,2015,12,1150.0,1439.0,14.605714285714289,8.584285714285713,26.304571428571432,25.64,87.84942857142858,90.85642857142858,2,0,0,0,0,1,0,0,0,0,0
Littoral,2016-01-01,249,0,0.0,0.4503571428571428,27.170357142857146,78.00892857142857,2016,1,764.0,1150.0,0.6867857142857143,14.605714285714289,26.045,26.304571428571432,77.05071428571429,87.84942857142858,1,0,0,0,0,1,0,0,0,0,0
Littoral,2016-02-01,907,3,1.2143067412422726,0.5249999999999999,27.720357142857143,81.59392857142858,2016,2,249.0,764.0,0.4503571428571428,0.6867857142857143,27.170357142857146,26.045,78.00892857142857,77.05071428571429,2,0,0,0,0,1,0,0,0,0,0
Littoral,2016-03-01,833,4,2.1896209868069856,7.480714285714286,27.247500000000002,87.98464285714286,2016,3,907.0,249.0,0.5249999999999999,0.4503571428571428,27.720357142857143,27.170357142857146,81.59392857142858,78.00892857142857,2,0,0,0,0,1,0,0,0,0,0
Littoral,2016-04-01,909,2,1.1057692307692308,9.0975,27.410357142857144,87.93607142857142,2016,4,833.0,907.0,7.480714285714286,0.5249999999999999,27.247500000000002,27.720357142857143,87.98464285714286,81.59392857142858,2,0,0,0,0,1,0,0,0,0,0
Littoral,2016-05-01,2283,9,1.682457357828993,8.490571428571428,26.966571428571427,88.37514285714286,2016,5,909.0,833.0,9.0975,7.480714285714286,27.410357142857144,27.247500000000002,87.93607142857142,87.98464285714286,2,0,0,0,0,1,0,0,0,0,0
Littoral,2016-06-01,1867,3,0.8019105077928608,15.205357142857144,25.739642857142854,90.02250000000001,2016,6,2283.0,909.0,8.490571428571428,9.0975,26.966571428571427,27.410357142857144,88.37514285714286,87.93607142857142,2,0,0,0,0,1,0,0,0,0,0
Littoral,2016-07-01,1991,6,0.9203737899390072,11.164285714285715,25.091428571428573,91.30257142857143,2016,7,1867.0,2283.0,15.205357142857144,8.490571428571428,25.739642857142854,26.966571428571427,90.02250000000001,88.37514285714286,2,0,0,0,0,1,0,0,0,0,0
Littoral,2016-08-01,2245,5,0.9761688323003734,18.052857142857142,24.676785714285714,91.94142857142857,2016,8,1991.0,1867.0,11.164285714285715,15.205357142857144,25.091428571428573,25.739642857142854,91.30257142857143,90.02250000000001,2,0,0,0,0,1,0,0,0,0,0
Littoral,2016-09-01,1954,13,1.919244306463893,11.086785714285714,25.0975,90.90928571428572,2016,9,2245.0,1991.0,18.052857142857142,11.164285714285715,24.676785714285714,25.091428571428573,91.94142857142857,91.30257142857143,2,0,0,0,0,1,0,0,0,0,0
Littoral,2016-10-01,1164,7,2.4312238308139946,9.719714285714286,26.056285714285714,88.69771428571428,2016,10,1954.0,2245.0,11.086785714285714,18.052857142857142,25.0975,24.676785714285714,90.90928571428572,91.94142857142857,2,0,0,0,0,1,0,0,0,0,0
Littoral,2016-11-01,966,2,0.7881773399014779,3.955,26.51178571428572,87.58357142857143,2016,11,1164.0,1954.0,9.719714285714286,11.086785714285714,26.056285714285714,25.0975,88.69771428571428,90.90928571428572,2,0,0,0,0,1,0,0,0,0,0
Littoral,2016-12-01,629,1,0.9615384615384616,0.9542857142857143,26.716428571428573,85.65392857142857,2016,12,966.0,1164.0,3.955,9.719714285714286,26.51178571428572,26.056285714285714,87.58357142857143,88.69771428571428,1,0,0,0,0,1,0,0,0,0,0
Littoral,2017-01-01,296,2,1.1111111111111112,0.7291428571428571,26.57,84.4857142857143,2017,1,629.0,966.0,0.9542857142857143,3.955,26.716428571428573,26.51178571428572,85.65392857142857,87.58357142857143,1,0,0,0,0,1,0,0,0,0,0
Littoral,2017-02-01,776,0,0.0,0.8228571428571428,27.332142857142856,82.72964285714286,2017,2,296.0,629.0,0.7291428571428571,0.9542857142857143,26.57,26.716428571428573,84.4857142857143,85.65392857142857,2,0,0,0,0,1,0,0,0,0,0
Littoral,2017-03-01,775,0,0.0,6.253214285714286,26.834285714285713,87.5975,2017,3,776.0,296.0,0.8228571428571428,0.7291428571428571,27.332142857142856,26.57,82.72964285714286,84.4857142857143,2,0,0,0,0,1,0,0,0,0,0
Littoral,2017-04-01,1135,6,2.160400742217791,10.470857142857142,27.260285714285715,86.31371428571428,2017,4,775.0,776.0,6.253214285714286,0.8228571428571428,26.834285714285713,27.332142857142856,87.5975,82.72964285714286,2,0,0,0,0,1,0,0,0,0,0
Littoral,2017-05-01,874,4,0.9571428571428571,9.141785714285714,27.1375,86.21892857142856,2017,5,1135.0,775.0,10.470857142857142,6.253214285714286,27.260285714285715,26.834285714285713,86.31371428571428,87.5975,2,0,0,0,0,1,0,0,0,0,0
Littoral,2017-06-01,1851,14,2.0035887112269903,7.710714285714285,26.576428571428572,87.86964285714286,2017,6,874.0,1135.0,9.141785714285714,10.470857142857142,27.1375,27.260285714285715,86.21892857142856,86.31371428571428,2,0,0,0,0,1,0,0,0,0,0
Littoral,2017-07-01,2044,10,2.4155922643029815,14.258857142857144,24.994,90.48914285714287,2017,7,1851.0,874.0,7.710714285714285,9.141785714285714,26.576428571428572,27.1375,87.86964285714286,86.21892857142856,2,0,0,0,0,1,0,0,0,0,0
Littoral,2017-08-01,2398,11,1.4689873550059853,11.3075,24.558214285714286,91.86214285714286,2017,8,2044.0,1851.0,14.258857142857144,7.710714285714285,24.994,26.576428571428572,90.48914285714287,87.86964285714286,2,0,0,0,0,1,0,0,0,0,0
Littoral,2017-09-01,2802,14,2.596414357875402,11.545714285714284,25.035714285714285,90.88142857142857,2017,9,2398.0,2044.0,11.3075,14.258857142857144,24.558214285714286,24.994,91.86214285714286,90.48914285714287,2,0,0,0,0,1,0,0,0,0,0
Littoral,2017-10-01,2275,6,1.2359506168958478,7.7208571428571435,25.91685714285714,89.09428571428573,2017,10,2802.0,2398.0,11.545714285714284,11.3075,25.035714285714285,24.558214285714286,90.88142857142857,91.86214285714286,2,0,0,0,0,1,0,0,0,0,0
Littoral,2017-11-01,787,4,1.4874815905743743,7.88,26.331071428571427,87.47107142857143,2017,11,2275.0,2802.0,7.7208571428571435,11.545714285714284,25.91685714285714,25.035714285714285,89.09428571428573,90.88142857142857,2,0,0,0,0,1,0,0,0,0,0
Littoral,2017-12-01,223,0,0.0,0.29857142857142854,26.814571428571433,83.74371428571429,2017,12,787.0,2275.0,7.88,7.7208571428571435,26.331071428571427,25.91685714285714,87.47107142857143,89.09428571428573,1,0,0,0,0,1,0,0,0,0,0
Littoral,2018-01-01,0,0,0.0,0.579642857142857,26.496428571428574,79.80821428571429,2018,1,223.0,787.0,0.29857142857142854,7.88,26.814571428571433,26.331071428571427,83.74371428571429,87.47107142857143,0,0,0,0,0,1,0,0,0,0,0
Littoral,2018-02-01,61,0,0.0,6.455357142857142,27.081785714285715,85.26107142857143,2018,2,0.0,223.0,0.579642857142857,0.29857142857142854,26.496428571428574,26.814571428571433,79.80821428571429,83.74371428571429,0,0,0,0,0,1,0,0,0,0,0
Littoral,2018-03-01,74,0,0.0,5.210714285714285,26.279999999999998,88.13178571428571,2018,3,61.0,0.0,6.455357142857142,0.579642857142857,27.081785714285715,26.496428571428574,85.26107142857143,79.80821428571429,0,0,0,0,0,1,0,0,0,0,0
Littoral,2018-04-01,88,0,0.0,4.277714285714286,26.646571428571427,87.60657142857143,2018,4,74.0,61.0,5.210714285714285,6.455357142857142,26.279999999999998,27.081785714285715,88.13178571428571,85.26107142857143,0,0,0,0,0,1,0,0,0,0,0
Littoral,2018-05-01,37,0,0.0,3.9596428571428572,26.502857142857145,88.0292857142857,2018,5,88.0,74.0,4.277714285714286,5.210714285714285,26.646571428571427,26.279999999999998,87.60657142857143,88.13178571428571,0,0,0,0,0,1,0,0,0,0,0
Littoral,2018-06-01,126,0,0.0,9.374285714285714,25.893571428571427,89.24321428571429,2018,6,37.0,88.0,3.9596428571428572,4.277714285714286,26.502857142857145,26.646571428571427,88.0292857142857,87.60657142857143,0,0,0,0,0,1,0,0,0,0,0
Littoral,2018-07-01,447,1,0.2783333333333333,9.605428571428572,25.403261904761905,89.30295238095238,2018,7,126.0,37.0,9.374285714285714,3.9596428571428572,25.893571428571427,26.502857142857145,89.24321428571429,88.0292857142857,1,0,0,0,0,1,0,0,0,0,0
Littoral,2018-08-01,723,4,1.2371162790697674,10.519283309283308,24.87950589225589,90.29680266955268,2018,8,447.0,126.0,9.605428571428572,9.374285714285714,25.403261904761905,25.893571428571427,89.30295238095238,89.24321428571429,2,0,0,0,0,1,0,0,0,0,0
Littoral,2018-09-01,532,1,0.3375,9.396208832545927,25.497445753509325,89.19291166837348,2018,9,723.0,447.0,10.519283309283308,9.605428571428572,24.87950589225589,25.403261904761905,90.29680266955268,89.30295238095238,1,0,0,0,0,1,0,0,0,0,0
Littoral,2018-10-01,172,0,0.0,8.118973863973864,25.957706644795458,88.2629325994951,2018,10,532.0,723.0,9.396208832545927,10.519283309283308,25.497445753509325,24.87950589225589,89.19291166837348,90.29680266955268,0,0,0,0,0,1,0,0,0,0,0
Littoral,2018-11-01,83,0,0.0,6.2191562878115665,26.510224758678174,87.88820591003199,2018,11,172.0,532.0,8.118973863973864,9.396208832545927,25.957706644795458,25.497445753509325,88.2629325994951,89.19291166837348,0,0,0,0,0,1,0,0,0,0,0
Littoral,2018-12-01,134,1,0.5383333333333333,1.9931288638262323,26.676303258145367,84.69690643274852,2018,12,83.0,172.0,6.2191562878115665,8.118973863973864,26.510224758678174,25.957706644795458,87.88820591003199,88.2629325994951,0,0,0,0,0,1,0,0,0,0,0
Littoral,2019-01-01,0,0,0.0,0.6699999999999999,26.89178571428571,84.3975,2019,1,134.0,83.0,1.9931288638262323,6.2191562878115665,26.676303258145367,26.510224758678174,84.69690643274852,87.88820591003199,0,0,0,0,0,1,0,0,0,0,0
Littoral,2019-02-01,0,0,0.0,1.3014285714285716,27.035357142857144,84.07821428571428,2019,2,0.0,134.0,0.6699999999999999,1.9931288638262323,26.89178571428571,26.676303258145367,84.3975,84.69690643274852,0,0,0,0,0,1,0,0,0,0,0
Littoral,2019-03-01,0,0,0.0,2.1824999999999997,26.907857142857143,87.26357142857142,2019,3,0.0,0.0,1.3014285714285716,0.6699999999999999,27.035357142857144,26.89178571428571,84.07821428571428,84.3975,0,0,0,0,0,1,0,0,0,0,0
Littoral,2019-05-01,60,0,0.0,1.042857142857143,26.73,86.18714285714286,2019,5,0.0,0.0,2.1824999999999997,1.3014285714285716,26.907857142857143,27.035357142857144,87.26357142857142,84.07821428571428,0,0,0,0,0,1,0,0,0,0,0
Littoral,2019-12-01,192,0,0.0,5.047664835164835,26.41318681318681,86.29211538461539,2019,12,60.0,0.0,1.042857142857143,2.1824999999999997,26.73,26.907857142857143,86.18714285714286,87.26357142857142,0,0,0,0,0,1,0,0,0,0,0
Littoral,2020-01-01,447,1,0.08166666666666667,0.013943452380952381,27.147936507936507,76.09645337301588,2020,1,192.0,60.0,5.047664835164835,1.042857142857143,26.41318681318681,26.73,86.29211538461539,86.18714285714286,1,0,0,0,0,1,0,0,0,0,0
Littoral,2020-12-01,879,25,3.955,3.90347911622276,26.618804479418884,84.96018159806295,2020,12,447.0,192.0,0.013943452380952381,5.047664835164835,27.147936507936507,26.41318681318681,76.09645337301588,86.29211538461539,2,0,0,0,0,1,0,0,0,0,0
Littoral,2021-10-01,176,0,0.0,6.827463768115941,26.28800724637681,86.72300724637681,2021,10,879.0,447.0,3.90347911622276,0.013943452380952381,26.618804479418884,27.147936507936507,84.96018159806295,76.09645337301588,0,0,0,0,0,1,0,0,0,0,0
Littoral,2021-11-01,29,0,0.0,6.896535947712419,26.25330065359477,86.95767973856209,2021,11,176.0,879.0,6.827463768115941,3.90347911622276,26.28800724637681,26.618804479418884,86.72300724637681,84.96018159806295,0,0,0,0,0,1,0,0,0,0,0
Littoral,2022-01-01,121,1,0.925,0.5839285714285714,26.695714285714285,81.39535714285714,2022,1,29.0,176.0,6.896535947712419,6.827463768115941,26.25330065359477,26.28800724637681,86.95767973856209,86.72300724637681,0,0,0,0,0,1,0,0,0,0,0
Littoral,2022-02-01,150,0,0.0,0.4235714285714285,26.948571428571427,80.84928571428571,2022,2,121.0,29.0,0.5839285714285714,6.896535947712419,26.695714285714285,26.25330065359477,81.39535714285714,86.95767973856209,0,0,0,0,0,1,0,0,0,0,0
Littoral,2022-03-01,737,4,1.9025,2.5160714285714283,27.073928571428574,86.01142857142858,2022,3,150.0,121.0,0.4235714285714285,0.5839285714285714,26.948571428571427,26.695714285714285,80.84928571428571,81.39535714285714,2,0,0,0,0,1,0,0,0,0,0
Littoral,2022-04-01,761,2,0.7675000000000001,5.996428571428572,26.949285714285715,86.27321428571429,2022,4,737.0,150.0,2.5160714285714283,0.4235714285714285,27.073928571428574,26.948571428571427,86.01142857142858,80.84928571428571,2,0,0,0,0,1,0,0,0,0,0
Littoral,2022-05-01,990,5,1.458,5.868,26.586571428571425,87.468,2022,5,761.0,737.0,5.996428571428572,2.5160714285714283,26.949285714285715,27.073928571428574,86.27321428571429,86.01142857142858,2,0,0,0,0,1,0,0,0,0,0
Littoral,2022-06-01,632,5,2.895,8.774285714285714,25.71035714285714,88.88321428571429,2022,6,990.0,761.0,5.868,5.996428571428572,26.586571428571425,26.949285714285715,87.468,86.27321428571429,1,0,0,0,0,1,0,0,0,0,0
Littoral,2022-07-01,245,2,3.85,8.134285714285713,25.354285714285712,88.15142857142858,2022,7,632.0,990.0,8.774285714285714,5.868,25.71035714285714,26.586571428571425,88.88321428571429,87.468,1,0,0,0,0,1,0,0,0,0,0
Littoral,2022-09-01,368,6,2.83,30.15409090909091,25.175714285714285,89.58331168831168,2022,9,245.0,632.0,8.134285714285713,8.774285714285714,25.354285714285712,25.71035714285714,88.15142857142858,88.88321428571429,1,0,0,0,0,1,0,0,0,0,0
Littoral,2022-10-01,404,5,4.245,10.543114364859516,25.857540561931145,86.72071824297586,2022,10,368.0,245.0,30.15409090909091,8.134285714285713,25.175714285714285,25.354285714285712,89.58331168831168,88.15142857142858,1,0,0,0,0,1,0,0,0,0,0
Littoral,2022-11-01,298,2,0.8433333333333333,6.974285714285714,26.42238095238095,86.96666666666665,2022,11,404.0,368.0,10.543114364859516,30.15409090909091,25.857540561931145,25.175714285714285,86.72071824297586,89.58331168831168,1,0,0,0,0,1,0,0,0,0,0
Littoral,2022-12-01,10075,127,2.405,4.3618130665833075,26.413671459831196,86.26971397311661,2022,12,298.0,404.0,6.974285714285714,10.543114364859516,26.42238095238095,25.857540561931145,86.96666666666665,86.72071824297586,2,0,0,0,0,1,0,0,0,0,0
Littoral,2023-01-01,60,0,0.0,0.04,26.428571428571427,78.37142857142858,2023,1,10075.0,298.0,4.3618130665833075,6.974285714285714,26.413671459831196,26.42238095238095,86.26971397311661,86.96666666666665,0,0,0,0,0,1,0,0,0,0,0
North,2010-01-01,336,0,0.0,0.0,27.315,26.765,2010,1,0.0,0.0,0.0,0.0,0.0,0.0,0.0,0.0,1,0,0,0,0,0,1,0,0,0,0
North,2010-02-01,335,0,0.0,0.00107142857142855,30.206071428571427,26.251785714285713,2010,2,336.0,0.0,0.0,0.0,27.315,0.0,26.765,0.0,1,0,0,0,0,0,1,0,0,0,0
North,2010-03-01,118,2,0.8928571428571428,0.14178571428571424,31.21892857142857,26.548928571428576,2010,3,335.0,336.0,0.00107142857142855,0.0,30.206071428571427,27.315,26.251785714285713,26.765,0,0,0,0,0,0,1,0,0,0,0
North,2010-04-01,498,3,1.5735815602836878,2.3485714285714288,31.868928571428572,42.245357142857145,2010,4,118.0,335.0,0.14178571428571424,0.00107142857142855,31.21892857142857,30.206071428571427,26.548928571428576,26.251785714285713,1,0,0,0,0,0,1,0,0,0,0
North,2010-05-01,872,3,0.693452380952381,3.4051428571428572,30.149142857142856,62.00771428571429,2010,5,498.0,118.0,2.3485714285714288,0.14178571428571424,31.868928571428572,31.21892857142857,42.245357142857145,26.548928571428576,2,0,0,0,0,0,1,0,0,0,0
North,2010-06-01,1060,3,0.6445863040955064,5.427142857142856,28.450714285714284,68.60071428571429,2010,6,872.0,498.0,3.4051428571428572,2.3485714285714288,30.149142857142856,31.868928571428572,62.00771428571429,42.245357142857145,2,0,0,0,0,0,1,0,0,0,0
North,2010-07-01,1129,3,0.47770700636942676,5.472857142857143,25.861428571428572,78.71535714285714,2010,7,1060.0,872.0,5.427142857142856,3.4051428571428572,28.450714285714284,30.149142857142856,68.60071428571429,62.00771428571429,2,0,0,0,0,0,1,0,0,0,0
North,2010-08-01,1508,3,0.8123249299719888,12.752,25.112857142857145,82.866,2010,8,1129.0,1060.0,5.472857142857143,5.427142857142856,25.861428571428572,28.450714285714284,78.71535714285714,68.60071428571429,2,0,0,0,0,0,1,0,0,0,0
North,2010-09-01,1962,9,2.148413167190312,3.036428571428571,25.118214285714288,83.43535714285713,2010,9,1508.0,1129.0,12.752,5.472857142857143,25.112857142857145,25.861428571428572,82.866,78.71535714285714,2,0,0,0,0,0,1,0,0,0,0
North,2010-10-01,2438,21,2.581737035651095,3.4576877289377292,26.34505608974359,78.0762374084249,2010,10,1962.0,1508.0,3.036428571428571,12.752,25.118214285714288,25.112857142857145,83.43535714285713,82.866,2,0,0,0,0,0,1,0,0,0,0
North,2010-11-01,604,3,1.0955710955710956,0.0371428571428571,26.91428571428571,63.24035714285714,2010,11,2438.0,1962.0,3.4576877289377292,3.036428571428571,26.34505608974359,25.118214285714288,78.0762374084249,83.43535714285713,1,0,0,0,0,0,1,0,0,0,0
North,2010-12-01,774,0,0.0,0.8409416666666667,25.774802380952384,45.5857369047619,2010,12,604.0,2438.0,0.0371428571428571,3.4576877289377292,26.91428571428571,26.34505608974359,63.24035714285714,78.0762374084249,2,0,0,0,0,0,1,0,0,0,0
North,2011-01-01,193,1,1.5384615384615385,0.0,24.918,30.255142857142857,2011,1,774.0,604.0,0.8409416666666667,0.0371428571428571,25.774802380952384,26.91428571428571,45.5857369047619,63.24035714285714,0,0,0,0,0,0,1,0,0,0,0
North,2011-02-01,199,1,1.0869565217391304,0.014999999999999975,29.9175,27.88142857142857,2011,2,193.0,774.0,0.0,0.8409416666666667,24.918,25.774802380952384,30.255142857142857,45.5857369047619,0,0,0,0,0,0,1,0,0,0,0
North,2011-03-01,84,0,0.0,0.009285714285714251,31.284285714285716,21.771785714285713,2011,3,199.0,193.0,0.014999999999999975,0.0,29.9175,24.918,27.88142857142857,30.255142857142857,0,0,0,0,0,0,1,0,0,0,0
North,2011-04-01,416,0,0.0,0.3078571428571429,32.04035714285715,29.955357142857146,2011,4,84.0,199.0,0.009285714285714251,0.014999999999999975,31.284285714285716,29.9175,21.771785714285713,27.88142857142857,1,0,0,0,0,0,1,0,0,0,0
North,2011-05-01,1720,17,3.8274774774774776,2.7848571428571427,29.996000000000002,58.90657142857143,2011,5,416.0,84.0,0.3078571428571429,0.009285714285714251,32.04035714285715,31.284285714285716,29.955357142857146,21.771785714285713,2,0,0,0,0,0,1,0,0,0,0
North,2011-06-01,2988,22,3.885408942809831,4.348571428571429,28.799642857142853,65.15892857142856,2011,6,1720.0,416.0,2.7848571428571427,0.3078571428571429,29.996000000000002,32.04035714285715,58.90657142857143,29.955357142857146,2,0,0,0,0,0,1,0,0,0,0
North,2011-07-01,3841,26,2.6227944928119826,5.1168571428571425,26.39885714285714,76.19,2011,7,2988.0,1720.0,4.348571428571429,2.7848571428571427,28.799642857142853,29.996000000000002,65.15892857142856,58.90657142857143,2,0,0,0,0,0,1,0,0,0,0
North,2011-08-01,4557,34,2.6894720210893475,5.965,24.963214285714287,81.69107142857142,2011,8,3841.0,2988.0,5.1168571428571425,4.348571428571429,26.39885714285714,28.799642857142853,76.19,65.15892857142856,2,0,0,0,0,0,1,0,0,0,0
North,2011-09-01,7629,25,1.9753787762396537,5.375319676549865,25.823364959568732,75.74115040431266,2011,9,4557.0,3841.0,5.965,5.1168571428571425,24.963214285714287,26.39885714285714,81.69107142857142,76.19,2,0,0,0,0,0,1,0,0,0,0
North,2011-10-01,2542,13,2.5213245352375786,1.8822857142857141,27.07257142857143,70.48085714285715,2011,10,7629.0,4557.0,5.375319676549865,5.965,25.823364959568732,24.963214285714287,75.74115040431266,81.69107142857142,2,0,0,0,0,0,1,0,0,0,0
North,2011-11-01,657,4,1.933647723176739,0.00535714285714285,27.946785714285717,45.20821428571429,2011,11,2542.0,7629.0,1.8822857142857141,5.375319676549865,27.07257142857143,25.823364959568732,70.48085714285715,75.74115040431266,1,0,0,0,0,0,1,0,0,0,0
North,2011-12-01,1442,29,1.96,0.265125,25.4140625,36.29880357142857,2011,12,657.0,2542.0,0.00535714285714285,1.8822857142857141,27.946785714285717,27.07257142857143,45.20821428571429,70.48085714285715,2,0,0,0,0,0,1,0,0,0,0
North,2012-01-01,201,1,0.9523809523809523,0.0,26.397714285714283,23.556571428571427,2012,1,1442.0,657.0,0.265125,0.00535714285714285,25.4140625,27.946785714285717,36.29880357142857,45.20821428571429,0,0,0,0,0,0,1,0,0,0,0
North,2012-02-01,250,0,0.0,0.02107142857142855,30.29607142857143,21.304642857142856,2012,2,201.0,1442.0,0.0,0.265125,26.397714285714283,25.4140625,23.556571428571427,36.29880357142857,1,0,0,0,0,0,1,0,0,0,0
North,2012-03-01,250,2,1.222420989775641,0.0025,30.743928571428572,17.541785714285712,2012,3,250.0,201.0,0.02107142857142855,0.0,30.29607142857143,26.397714285714283,21.304642857142856,23.556571428571427,1,0,0,0,0,0,1,0,0,0,0
North,2012-04-01,232,1,0.5714285714285714,1.0705714285714287,31.635428571428577,41.668285714285716,2012,4,250.0,250.0,0.0025,0.02107142857142855,30.743928571428572,30.29607142857143,17.541785714285712,21.304642857142856,1,0,0,0,0,0,1,0,0,0,0
North,2012-05-01,733,5,2.238388724189941,4.583571428571428,29.944642857142856,59.53999999999999,2012,5,232.0,250.0,1.0705714285714287,0.0025,31.635428571428577,30.743928571428572,41.668285714285716,17.541785714285712,2,0,0,0,0,0,1,0,0,0,0
North,2012-06-01,601,3,1.0980531813865149,5.628571428571428,26.979285714285716,74.74428571428571,2012,6,733.0,232.0,4.583571428571428,1.0705714285714287,29.944642857142856,31.635428571428577,59.53999999999999,41.668285714285716,1,0,0,0,0,0,1,0,0,0,0
North,2012-07-01,677,2,0.6850117096018735,4.526,25.10142857142857,80.416,2012,7,601.0,733.0,5.628571428571428,4.583571428571428,26.979285714285716,29.944642857142856,74.74428571428571,59.53999999999999,1,0,0,0,0,0,1,0,0,0,0
North,2012-08-01,1176,1,0.3472222222222222,10.846071428571427,24.385714285714286,85.41107142857142,2012,8,677.0,601.0,4.526,5.628571428571428,25.10142857142857,26.979285714285716,80.416,74.74428571428571,2,0,0,0,0,0,1,0,0,0,0
North,2012-09-01,311,3,1.4779661016949153,9.496,24.859714285714286,83.00057142857142,2012,9,1176.0,677.0,10.846071428571427,4.526,24.385714285714286,25.10142857142857,85.41107142857142,80.416,1,0,0,0,0,0,1,0,0,0,0
North,2012-10-01,494,1,0.3472222222222222,3.966428571428571,26.032857142857143,79.35749999999999,2012,10,311.0,1176.0,9.496,10.846071428571427,24.859714285714286,24.385714285714286,83.00057142857142,85.41107142857142,1,0,0,0,0,0,1,0,0,0,0
North,2012-11-01,184,0,0.0,0.7175,26.39428571428571,67.11500000000001,2012,11,494.0,311.0,3.966428571428571,9.496,26.032857142857143,24.859714285714286,79.35749999999999,83.00057142857142,0,0,0,0,0,0,1,0,0,0,0
North,2012-12-01,225,0,0.0,0.0,25.160857142857143,47.197714285714284,2012,12,184.0,494.0,0.7175,3.966428571428571,26.39428571428571,26.032857142857143,67.11500000000001,79.35749999999999,1,0,0,0,0,0,1,0,0,0,0
North,2013-01-01,217,1,1.1904761904761905,0.00107142857142855,27.16392857142857,36.2975,2013,1,225.0,184.0,0.0,0.7175,25.160857142857143,26.39428571428571,47.197714285714284,67.11500000000001,1,0,0,0,0,0,1,0,0,0,0
North,2013-02-01,20,0,0.0,0.00035714285714285,28.69607142857143,26.763928571428576,2013,2,217.0,225.0,0.00107142857142855,0.0,27.16392857142857,25.160857142857143,36.2975,47.197714285714284,0,0,0,0,0,0,1,0,0,0,0
North,2013-03-01,321,2,1.0,0.30914285714285716,32.062285714285714,37.81428571428571,2013,3,20.0,217.0,0.00035714285714285,0.00107142857142855,28.69607142857143,27.16392857142857,26.763928571428576,36.2975,1,0,0,0,0,0,1,0,0,0,0
North,2013-04-01,356,1,0.6578947368421052,1.5617857142857146,31.35,46.07714285714286,2013,4,321.0,20.0,0.30914285714285716,0.00035714285714285,32.062285714285714,28.69607142857143,37.81428571428571,26.763928571428576,1,0,0,0,0,0,1,0,0,0,0
North,2013-05-01,815,3,1.2784090909090908,2.3825000000000003,29.945357142857144,58.75821428571428,2013,5,356.0,321.0,1.5617857142857146,0.30914285714285716,31.35,32.062285714285714,46.07714285714286,37.81428571428571,2,0,0,0,0,0,1,0,0,0,0
North,2013-06-01,350,2,0.8651633686148182,4.018285714285715,28.21,66.26314285714287,2013,6,815.0,356.0,2.3825000000000003,1.5617857142857146,29.945357142857144,31.35,58.75821428571428,46.07714285714286,1,0,0,0,0,0,1,0,0,0,0
North,2013-07-01,858,5,1.2767295597484278,9.67964285714286,25.99285714285714,76.70535714285714,2013,7,350.0,815.0,4.018285714285715,2.3825000000000003,28.21,29.945357142857144,66.26314285714287,58.75821428571428,2,0,0,0,0,0,1,0,0,0,0
North,2013-08-01,736,1,0.4807692307692308,7.6867857142857146,24.262499999999996,85.49428571428572,2013,8,858.0,350.0,9.67964285714286,4.018285714285715,25.99285714285714,28.21,76.70535714285714,66.26314285714287,2,0,0,0,0,0,1,0,0,0,0
North,2013-09-01,1091,5,0.45662100456620996,7.907428571428572,25.267714285714284,82.31914285714285,2013,9,736.0,858.0,7.6867857142857146,9.67964285714286,24.262499999999996,25.99285714285714,85.49428571428572,76.70535714285714,2,0,0,0,0,0,1,0,0,0,0
North,2013-10-01,512,3,2.527527527527527,2.6553571428571425,26.0475,75.28571428571428,2013,10,1091.0,736.0,7.907428571428572,7.6867857142857146,25.267714285714284,24.262499999999996,82.31914285714285,85.49428571428572,1,0,0,0,0,0,1,0,0,0,0
North,2013-11-01,337,2,1.5434782608695652,0.019285714285714274,27.079642857142854,56.817857142857136,2013,11,512.0,1091.0,2.6553571428571425,7.907428571428572,26.0475,25.267714285714284,75.28571428571428,82.31914285714285,1,0,0,0,0,0,1,0,0,0,0
North,2013-12-01,69,0,0.0,0.04599999999999996,26.60314285714286,43.77571428571429,2013,12,337.0,512.0,0.019285714285714274,2.6553571428571425,27.079642857142854,26.0475,56.817857142857136,75.28571428571428,0,0,0,0,0,0,1,0,0,0,0
North,2014-01-01,99,0,0.0,0.0,26.662857142857142,25.010357142857142,2014,1,69.0,337.0,0.04599999999999996,0.019285714285714274,26.60314285714286,27.079642857142854,43.77571428571429,56.817857142857136,0,0,0,0,0,0,1,0,0,0,0
North,2014-02-01,373,0,0.0,0.0,28.42857142857143,20.445357142857144,2014,2,99.0,69.0,0.0,0.04599999999999996,26.662857142857142,26.60314285714286,25.010357142857142,43.77571428571429,1,0,0,0,0,0,1,0,0,0,0
North,2014-03-01,546,0,0.0,0.34085714285714286,31.511428571428574,28.55,2014,3,373.0,99.0,0.0,0.0,28.42857142857143,26.662857142857142,20.445357142857144,25.010357142857142,1,0,0,0,0,0,1,0,0,0,0
North,2014-04-01,593,1,0.31746031746031744,2.813757142857143,31.04505714285714,44.44365,2014,4,546.0,373.0,0.34085714285714286,0.0,31.511428571428574,28.42857142857143,28.55,20.445357142857144,1,0,0,0,0,0,1,0,0,0,0
North,2014-05-01,464,1,0.3164556962025317,4.629642857142857,28.668928571428573,67.32785714285714,2014,5,593.0,546.0,2.813757142857143,0.34085714285714286,31.04505714285714,31.511428571428574,44.44365,28.55,1,0,0,0,0,0,1,0,0,0,0
North,2014-06-01,1393,6,0.641563491251407,5.506857142857143,27.73914285714286,72.87885714285714,2014,6,464.0,593.0,4.629642857142857,2.813757142857143,28.668928571428573,31.04505714285714,67.32785714285714,44.44365,2,0,0,0,0,0,1,0,0,0,0
North,2014-07-01,1018,3,0.949367088607595,3.891071428571429,26.50714285714286,75.81464285714286,2014,7,1393.0,464.0,5.506857142857143,4.629642857142857,27.73914285714286,28.668928571428573,72.87885714285714,67.32785714285714,2,0,0,0,0,0,1,0,0,0,0
North,2014-08-01,3524,21,2.3394951831419095,7.281142857142858,24.986285714285714,82.01142857142857,2014,8,1018.0,1393.0,3.891071428571429,5.506857142857143,26.50714285714286,27.73914285714286,75.81464285714286,72.87885714285714,2,0,0,0,0,0,1,0,0,0,0
North,2014-09-01,1957,14,2.9092100767632685,7.5325,25.239642857142858,81.16821428571428,2014,9,3524.0,1018.0,7.281142857142858,3.891071428571429,24.986285714285714,26.50714285714286,82.01142857142857,75.81464285714286,2,0,0,0,0,0,1,0,0,0,0
North,2014-10-01,1654,9,2.537059237036014,3.1457142857142855,26.212142857142858,76.27964285714286,2014,10,1957.0,3524.0,7.5325,7.281142857142858,25.239642857142858,24.986285714285714,81.16821428571428,82.01142857142857,2,0,0,0,0,0,1,0,0,0,0
North,2014-11-01,1358,8,2.1011257763975153,0.9041341991341992,27.251753246753243,58.172683982683985,2014,11,1654.0,1957.0,3.1457142857142855,7.5325,26.212142857142858,25.239642857142858,76.27964285714286,81.16821428571428,2,0,0,0,0,0,1,0,0,0,0
North,2014-12-01,294,1,0.3968253968253968,0.0,26.2375,31.430714285714284,2014,12,1358.0,1654.0,0.9041341991341992,3.1457142857142855,27.251753246753243,26.212142857142858,58.172683982683985,76.27964285714286,1,0,0,0,0,0,1,0,0,0,0
North,2015-01-01,75,0,0.0,0.0,23.9925,23.64392857142857,2015,1,294.0,1358.0,0.0,0.9041341991341992,26.2375,27.251753246753243,31.430714285714284,58.172683982683985,0,0,0,0,0,0,1,0,0,0,0
North,2015-02-01,133,0,0.0,0.0007142857142857,30.03964285714286,21.80892857142857,2015,2,75.0,294.0,0.0,0.0,23.9925,26.2375,23.64392857142857,31.430714285714284,0,0,0,0,0,0,1,0,0,0,0
North,2015-03-01,483,3,1.5340909090909092,0.05485714285714286,31.799142857142858,26.810285714285715,2015,3,133.0,75.0,0.0007142857142857,0.0,30.03964285714286,23.9925,21.80892857142857,23.64392857142857,1,0,0,0,0,0,1,0,0,0,0
North,2015-04-01,274,0,0.0,0.18321428571428572,32.144642857142856,26.862857142857145,2015,4,483.0,133.0,0.05485714285714286,0.0007142857142857,31.799142857142858,30.03964285714286,26.810285714285715,21.80892857142857,1,0,0,0,0,0,1,0,0,0,0
North,2015-05-01,325,2,1.360544217687075,2.5782857142857143,30.85257142857143,52.126,2015,5,274.0,483.0,0.18321428571428572,0.05485714285714286,32.144642857142856,31.799142857142858,26.862857142857145,26.810285714285715,1,0,0,0,0,0,1,0,0,0,0
North,2015-06-01,694,4,2.4923780487804876,6.038214285714286,28.46035714285714,66.15178571428572,2015,6,325.0,274.0,2.5782857142857143,0.18321428571428572,30.85257142857143,32.144642857142856,52.126,26.862857142857145,1,0,0,0,0,0,1,0,0,0,0
North,2015-07-01,381,3,1.6369047619047619,4.786785714285715,26.893571428571427,75.28,2015,7,694.0,325.0,6.038214285714286,2.5782857142857143,28.46035714285714,30.85257142857143,66.15178571428572,52.126,1,0,0,0,0,0,1,0,0,0,0
North,2015-08-01,1310,6,1.7980392156862746,6.496857142857143,25.463714285714286,81.80514285714287,2015,8,381.0,694.0,4.786785714285715,6.038214285714286,26.893571428571427,28.46035714285714,75.28,66.15178571428572,2,0,0,0,0,0,1,0,0,0,0
North,2015-09-01,2100,10,1.939859566577213,6.9592857142857145,25.798571428571428,81.43285714285715,2015,9,1310.0,381.0,6.496857142857143,4.786785714285715,25.463714285714286,26.893571428571427,81.80514285714287,75.28,2,0,0,0,0,0,1,0,0,0,0
North,2015-10-01,1373,6,1.3475499092558985,4.057142857142858,26.79642857142857,76.42571428571428,2015,10,2100.0,1310.0,6.9592857142857145,6.496857142857143,25.798571428571428,25.463714285714286,81.43285714285715,81.80514285714287,2,0,0,0,0,0,1,0,0,0,0
North,2015-11-01,756,1,0.23809523809523808,0.6131428571428572,26.869428571428568,57.85371428571428,2015,11,1373.0,2100.0,4.057142857142858,6.9592857142857145,26.79642857142857,25.798571428571428,76.42571428571428,81.43285714285715,2,0,0,0,0,0,1,0,0,0,0
North,2015-12-01,331,2,1.303475935828877,0.0,23.964285714285715,33.7625,2015,12,756.0,1373.0,0.6131428571428572,4.057142857142858,26.869428571428568,26.79642857142857,57.85371428571428,76.42571428571428,1,0,0,0,0,0,1,0,0,0,0
North,2016-01-01,0,0,0.0,0.0,25.505,22.597142857142856,2016,1,331.0,756.0,0.0,0.6131428571428572,23.964285714285715,26.869428571428568,33.7625,57.85371428571428,0,0,0,0,0,0,1,0,0,0,0
North,2016-02-01,112,0,0.0,0.0,28.231785714285714,17.515714285714285,2016,2,0.0,331.0,0.0,0.0,25.505,23.964285714285715,22.597142857142856,33.7625,0,0,0,0,0,0,1,0,0,0,0
North,2016-03-01,431,3,0.6756756756756755,0.4242857142857143,33.19642857142857,34.0475,2016,3,112.0,0.0,0.0,0.0,28.231785714285714,25.505,17.515714285714285,22.597142857142856,1,0,0,0,0,0,1,0,0,0,0
North,2016-04-01,271,0,0.0,1.3049999999999997,32.197857142857146,41.762142857142855,2016,4,431.0,112.0,0.4242857142857143,0.0,33.19642857142857,28.231785714285714,34.0475,17.515714285714285,1,0,0,0,0,0,1,0,0,0,0
North,2016-05-01,711,4,0.9444444444444443,5.784000000000001,29.496857142857145,64.84685714285715,2016,5,271.0,431.0,1.3049999999999997,0.4242857142857143,32.197857142857146,33.19642857142857,41.762142857142855,34.0475,2,0,0,0,0,0,1,0,0,0,0
North,2016-06-01,626,3,0.5813953488372093,7.291785714285714,26.82,76.46607142857142,2016,6,711.0,271.0,5.784000000000001,1.3049999999999997,29.496857142857145,32.197857142857146,64.84685714285715,41.762142857142855,1,0,0,0,0,0,1,0,0,0,0
North,2016-07-01,1324,2,0.4468864468864469,8.026857142857143,25.269714285714286,83.33114285714285,2016,7,626.0,711.0,7.291785714285714,5.784000000000001,26.82,29.496857142857145,76.46607142857142,64.84685714285715,2,0,0,0,0,0,1,0,0,0,0
North,2016-08-01,754,2,0.8041688111168297,6.154285714285715,25.24964285714286,83.8475,2016,8,1324.0,626.0,8.026857142857143,7.291785714285714,25.269714285714286,26.82,83.33114285714285,76.46607142857142,2,0,0,0,0,0,1,0,0,0,0
North,2016-09-01,1727,9,2.0289194737724148,8.185714285714285,25.471071428571427,83.2525,2016,9,754.0,1324.0,6.154285714285715,8.026857142857143,25.24964285714286,25.269714285714286,83.8475,83.33114285714285,2,0,0,0,0,0,1,0,0,0,0
North,2016-10-01,520,1,0.23255813953488377,2.3794285714285714,26.673714285714283,74.85657142857143,2016,10,1727.0,754.0,8.185714285714285,6.154285714285715,25.471071428571427,25.24964285714286,83.2525,83.8475,1,0,0,0,0,0,1,0,0,0,0
North,2016-11-01,335,0,0.0,0.00107142857142855,27.041428571428572,58.84357142857144,2016,11,520.0,1727.0,2.3794285714285714,8.185714285714285,26.673714285714283,25.471071428571427,74.85657142857143,83.2525,1,0,0,0,0,0,1,0,0,0,0
North,2016-12-01,82,0,0.0,0.0,26.889642857142857,41.3575,2016,12,335.0,520.0,0.00107142857142855,2.3794285714285714,27.041428571428572,26.673714285714283,58.84357142857144,74.85657142857143,0,0,0,0,0,0,1,0,0,0,0
North,2017-01-01,214,0,0.0,0.0,27.509142857142855,29.492857142857144,2017,1,82.0,335.0,0.0,0.00107142857142855,26.889642857142857,27.041428571428572,41.3575,58.84357142857144,1,0,0,0,0,0,1,0,0,0,0
North,2017-02-01,29,0,0.0,0.0,27.822142857142858,20.655357142857145,2017,2,214.0,82.0,0.0,0.0,27.509142857142855,26.889642857142857,29.492857142857144,41.3575,0,0,0,0,0,0,1,0,0,0,0
North,2017-03-01,156,0,0.0,0.0,31.157500000000002,20.3775,2017,3,29.0,214.0,0.0,0.0,27.822142857142858,27.509142857142855,20.655357142857145,29.492857142857144,0,0,0,0,0,0,1,0,0,0,0
North,2017-04-01,429,3,0.5769230769230769,1.8519999999999999,31.89485714285714,44.8,2017,4,156.0,29.0,0.0,0.0,31.157500000000002,27.822142857142858,20.3775,20.655357142857145,1,0,0,0,0,0,1,0,0,0,0
North,2017-05-01,920,5,1.0462614308768154,4.704642857142857,28.91357142857143,66.10642857142857,2017,5,429.0,156.0,1.8519999999999999,0.0,31.89485714285714,31.157500000000002,44.8,20.3775,2,0,0,0,0,0,1,0,0,0,0
North,2017-06-01,754,4,1.3902282224365154,8.742142857142856,27.266071428571426,75.27607142857143,2017,6,920.0,429.0,4.704642857142857,1.8519999999999999,28.91357142857143,31.89485714285714,66.10642857142857,44.8,2,0,0,0,0,0,1,0,0,0,0
North,2017-07-01,1021,3,0.5,6.363428571428571,25.549714285714288,81.84971428571428,2017,7,754.0,920.0,8.742142857142856,4.704642857142857,27.266071428571426,28.91357142857143,75.27607142857143,66.10642857142857,2,0,0,0,0,0,1,0,0,0,0
North,2017-08-01,1245,4,0.7349586902529271,7.2225,25.169642857142858,83.50428571428571,2017,8,1021.0,754.0,6.363428571428571,8.742142857142856,25.549714285714288,27.266071428571426,81.84971428571428,75.27607142857143,2,0,0,0,0,0,1,0,0,0,0
North,2017-09-01,407,3,1.494107744107744,7.117857142857143,25.329285714285714,82.48785714285714,2017,9,1245.0,1021.0,7.2225,6.363428571428571,25.169642857142858,25.549714285714288,83.50428571428571,81.84971428571428,1,0,0,0,0,0,1,0,0,0,0
North,2017-10-01,472,2,1.2347826086956522,2.6288571428571426,26.56742857142857,75.36914285714286,2017,10,407.0,1245.0,7.117857142857143,7.2225,25.329285714285714,25.169642857142858,82.48785714285714,83.50428571428571,1,0,0,0,0,0,1,0,0,0,0
North,2017-11-01,86,0,0.0,0.3046428571428571,27.303214285714283,60.06214285714285,2017,11,472.0,407.0,2.6288571428571426,7.117857142857143,26.56742857142857,25.329285714285714,75.36914285714286,82.48785714285714,0,0,0,0,0,0,1,0,0,0,0
North,2017-12-01,325,1,0.3225806451612903,0.0,26.916571428571434,39.10142857142857,2017,12,86.0,472.0,0.3046428571428571,2.6288571428571426,27.303214285714283,26.56742857142857,60.06214285714285,75.36914285714286,1,0,0,0,0,0,1,0,0,0,0
North,2018-01-01,0,0,0.0,0.0,24.758214285714285,22.111428571428572,2018,1,325.0,86.0,0.0,0.3046428571428571,26.916571428571434,27.303214285714283,39.10142857142857,60.06214285714285,0,0,0,0,0,0,1,0,0,0,0
North,2018-02-01,0,0,0.0,0.08142857142857142,29.586785714285714,26.59714285714286,2018,2,0.0,325.0,0.0,0.0,24.758214285714285,26.916571428571434,22.111428571428572,39.10142857142857,0,0,0,0,0,0,1,0,0,0,0
North,2018-03-01,0,0,0.0,0.08142857142857142,31.549285714285716,33.15857142857143,2018,3,0.0,0.0,0.08142857142857142,0.0,29.586785714285714,24.758214285714285,26.59714285714286,22.111428571428572,0,0,0,0,0,0,1,0,0,0,0
North,2018-04-01,0,0,0.0,1.0994285714285712,31.562285714285714,43.69228571428572,2018,4,0.0,0.0,0.08142857142857142,0.08142857142857142,31.549285714285716,29.586785714285714,33.15857142857143,26.59714285714286,0,0,0,0,0,0,1,0,0,0,0
North,2018-05-01,384,5,2.117142857142857,3.5751785714285718,29.261309523809526,64.76547619047618,2018,5,0.0,0.0,1.0994285714285712,0.08142857142857142,31.562285714285714,31.549285714285716,43.69228571428572,33.15857142857143,1,0,0,0,0,0,1,0,0,0,0
North,2018-06-01,196,0,0.0,4.481094076655053,27.843560975609755,70.95057839721255,2018,6,384.0,0.0,3.5751785714285718,1.0994285714285712,29.261309523809526,31.562285714285714,64.76547619047618,43.69228571428572,0,0,0,0,0,0,1,0,0,0,0
North,2018-07-01,499,4,1.3728571428571428,9.234805442176869,26.13704897959184,78.68969387755102,2018,7,196.0,384.0,4.481094076655053,3.5751785714285718,27.843560975609755,29.261309523809526,70.95057839721255,64.76547619047618,1,0,0,0,0,0,1,0,0,0,0
North,2018-08-01,678,7,3.418,13.682708074534162,24.915608695652175,84.07244409937888,2018,8,499.0,196.0,9.234805442176869,4.481094076655053,26.13704897959184,27.843560975609755,78.68969387755102,70.95057839721255,1,0,0,0,0,0,1,0,0,0,0
North,2018-09-01,1307,11,1.9155555555555555,8.393411524491581,25.73383290884372,81.1753470745051,2018,9,678.0,499.0,13.682708074534162,9.234805442176869,24.915608695652175,26.13704897959184,84.07244409937888,78.68969387755102,2,0,0,0,0,0,1,0,0,0,0
North,2018-10-01,466,3,1.2574999999999998,2.9651346297442998,26.429005745975086,78.25275922907409,2018,10,1307.0,678.0,8.393411524491581,13.682708074534162,25.73383290884372,24.915608695652175,81.1753470745051,84.07244409937888,1,0,0,0,0,0,1,0,0,0,0
North,2018-11-01,483,3,1.2725,0.3653943452380952,27.246882440476192,63.87068452380953,2018,11,466.0,1307.0,2.9651346297442998,8.393411524491581,26.429005745975086,25.73383290884372,78.25275922907409,81.1753470745051,1,0,0,0,0,0,1,0,0,0,0
North,2018-12-01,31,0,0.0,0.0,25.59257142857143,42.97085714285714,2018,12,483.0,466.0,0.3653943452380952,2.9651346297442998,27.246882440476192,26.429005745975086,63.87068452380953,78.25275922907409,0,0,0,0,0,0,1,0,0,0,0
North,2019-01-01,128,0,0.0,0.0,27.05428571428572,29.462857142857143,2019,1,31.0,483.0,0.0,0.3653943452380952,25.59257142857143,27.246882440476192,42.97085714285714,63.87068452380953,0,0,0,0,0,0,1,0,0,0,0
North,2019-02-01,19,0,0.0,0.0,28.233214285714286,24.959642857142857,2019,2,128.0,31.0,0.0,0.0,27.05428571428572,25.59257142857143,29.462857142857143,42.97085714285714,0,0,0,0,0,0,1,0,0,0,0
North,2019-03-01,156,0,0.0,0.0,32.37914285714286,29.011142857142858,2019,3,19.0,128.0,0.0,0.0,28.233214285714286,27.05428571428572,24.959642857142857,29.462857142857143,0,0,0,0,0,0,1,0,0,0,0
North,2019-04-01,220,0,0.0,1.6810714285714288,33.02214285714286,42.38428571428571,2019,4,156.0,19.0,0.0,0.0,32.37914285714286,28.233214285714286,29.011142857142858,24.959642857142857,1,0,0,0,0,0,1,0,0,0,0
North,2019-05-01,329,1,0.714,4.434304761904762,30.782400000000003,57.381238095238096,2019,5,220.0,156.0,1.6810714285714288,0.0,33.02214285714286,32.37914285714286,42.38428571428571,29.011142857142858,1,0,0,0,0,0,1,0,0,0,0
North,2019-06-01,519,3,1.7280000000000002,6.571428571428571,27.238285714285713,75.11742857142858,2019,6,329.0,220.0,4.434304761904762,1.6810714285714288,30.782400000000003,33.02214285714286,57.381238095238096,42.38428571428571,1,0,0,0,0,0,1,0,0,0,0
North,2019-07-01,324,2,1.5625,10.408214285714285,25.70357142857143,82.33642857142857,2019,7,519.0,329.0,6.571428571428571,4.434304761904762,27.238285714285713,30.782400000000003,75.11742857142858,57.381238095238096,1,0,0,0,0,0,1,0,0,0,0
North,2019-08-01,364,1,1.47,5.475,24.80107142857143,84.7225,2019,8,324.0,519.0,10.408214285714285,6.571428571428571,25.70357142857143,27.238285714285713,82.33642857142857,75.11742857142858,1,0,0,0,0,0,1,0,0,0,0
North,2019-09-01,334,4,1.75,5.85,25.57714285714286,81.97171428571428,2019,9,364.0,324.0,5.475,10.408214285714285,24.80107142857143,25.70357142857143,84.7225,82.33642857142857,1,0,0,0,0,0,1,0,0,0,0
North,2019-10-01,430,3,1.3625,6.599285714285715,25.046785714285715,84.30428571428573,2019,10,334.0,364.0,5.85,5.475,25.57714285714286,24.80107142857143,81.97171428571428,84.7225,1,0,0,0,0,0,1,0,0,0,0
North,2019-11-01,172,0,0.0,0.0075,26.190357142857142,70.97749999999999,2019,11,430.0,334.0,6.599285714285715,5.85,25.046785714285715,25.57714285714286,84.30428571428573,81.97171428571428,0,0,0,0,0,0,1,0,0,0,0
North,2019-12-01,760,0,0.0,0.574365296803653,25.49216177429876,49.905581213307244,2019,12,172.0,430.0,0.0075,6.599285714285715,26.190357142857142,25.046785714285715,70.97749999999999,84.30428571428573,2,0,0,0,0,0,1,0,0,0,0
North,2020-01-01,0,0,0.0,0.0,24.616211484593833,39.15340647370059,2020,1,760.0,172.0,0.574365296803653,0.0075,25.49216177429876,26.190357142857142,49.905581213307244,70.97749999999999,0,0,0,0,0,0,1,0,0,0,0
North,2020-12-01,1578,29,7.92,3.7997987288135593,27.169925847457627,62.08299788135592,2020,12,0.0,760.0,0.0,0.574365296803653,24.616211484593833,25.49216177429876,39.15340647370059,49.905581213307244,2,0,0,0,0,0,1,0,0,0,0
North,2021-10-01,2,0,0.0,3.6006521739130437,27.953260869565216,56.24173913043479,2021,10,1578.0,0.0,3.7997987288135593,0.0,27.169925847457627,24.616211484593833,62.08299788135592,39.15340647370059,0,0,0,0,0,0,1,0,0,0,0
North,2022-02-01,0,0,0.0,0.0,27.905714285714282,18.849999999999998,2022,2,2.0,1578.0,3.6006521739130437,3.7997987288135593,27.953260869565216,27.169925847457627,56.24173913043479,62.08299788135592,0,0,0,0,0,0,1,0,0,0,0
North,2022-03-01,72,0,0.0,0.0,31.767142857142854,22.495,2022,3,0.0,2.0,0.0,3.6006521739130437,27.905714285714282,27.953260869565216,18.849999999999998,56.24173913043479,0,0,0,0,0,0,1,0,0,0,0
North,2022-04-01,0,0,0.0,0.6885714285714285,32.427142857142854,31.10142857142857,2022,4,72.0,0.0,0.0,0.0,31.767142857142854,27.905714285714282,22.495,18.849999999999998,0,0,0,0,0,0,1,0,0,0,0
North,2022-07-01,5,0,0.0,1.6644047619047615,28.29440476190476,46.18460317460317,2022,7,0.0,72.0,0.6885714285714285,0.0,32.427142857142854,31.767142857142854,31.10142857142857,22.495,0,0,0,0,0,0,1,0,0,0,0
North-West,2010-01-01,127,1,0.9259259259259258,0.4492857142857143,21.080357142857142,57.31857142857143,2010,1,0.0,0.0,0.0,0.0,0.0,0.0,0.0,0.0,0,0,0,0,0,0,0,1,0,0,0
North-West,2010-02-01,32,0,0.0,0.8571428571428571,21.897142857142857,69.37,2010,2,127.0,0.0,0.4492857142857143,0.0,21.080357142857142,0.0,57.31857142857143,0.0,0,0,0,0,0,0,0,1,0,0,0
North-West,2010-03-01,604,0,0.0,3.0196428571428573,22.57857142857143,66.96535714285714,2010,3,32.0,127.0,0.8571428571428571,0.4492857142857143,21.897142857142857,21.080357142857142,69.37,57.31857142857143,1,0,0,0,0,0,0,1,0,0,0
North-West,2010-04-01,679,1,0.3164556962025317,5.1692857142857145,22.901428571428575,75.13892857142858,2010,4,604.0,32.0,3.0196428571428573,0.8571428571428571,22.57857142857143,21.897142857142857,66.96535714285714,69.37,1,0,0,0,0,0,0,1,0,0,0
North-West,2010-05-01,964,5,1.3496972290297067,5.122571428571429,22.053999999999995,84.27228571428572,2010,5,679.0,604.0,5.1692857142857145,3.0196428571428573,22.901428571428575,22.57857142857143,75.13892857142858,66.96535714285714,2,0,0,0,0,0,0,1,0,0,0
North-West,2010-06-01,826,5,2.2876836553020845,7.490714285714286,21.026071428571427,85.80785714285715,2010,6,964.0,679.0,5.122571428571429,5.1692857142857145,22.053999999999995,22.901428571428575,84.27228571428572,75.13892857142858,2,0,0,0,0,0,0,1,0,0,0
North-West,2010-07-01,810,4,1.117283950617284,10.747857142857143,19.791785714285716,88.16499999999999,2010,7,826.0,964.0,7.490714285714286,5.122571428571429,21.026071428571427,22.053999999999995,85.80785714285715,84.27228571428572,2,0,0,0,0,0,0,1,0,0,0
North-West,2010-08-01,1035,3,0.95,9.08542857142857,19.902571428571427,89.01085714285713,2010,8,810.0,826.0,10.747857142857143,7.490714285714286,19.791785714285716,21.026071428571427,88.16499999999999,85.80785714285715,2,0,0,0,0,0,0,1,0,0,0
North-West,2010-09-01,793,4,1.273741332529394,9.048214285714286,19.752857142857145,89.46249999999999,2010,9,1035.0,810.0,9.08542857142857,10.747857142857143,19.902571428571427,19.791785714285716,89.01085714285713,88.16499999999999,2,0,0,0,0,0,0,1,0,0,0
North-West,2010-10-01,1211,3,0.7037435645683068,8.943142857142856,20.245428571428572,88.6802857142857,2010,10,793.0,1035.0,9.048214285714286,9.08542857142857,19.752857142857145,19.902571428571427,89.46249999999999,89.01085714285713,2,0,0,0,0,0,0,1,0,0,0
North-West,2010-11-01,20,0,0.0,2.885,20.326428571428572,84.25142857142856,2010,11,1211.0,793.0,8.943142857142856,9.048214285714286,20.245428571428572,19.752857142857145,88.6802857142857,89.46249999999999,0,0,0,0,0,0,0,1,0,0,0
North-West,2010-12-01,75,0,0.0,1.6461809523809525,19.772502380952382,69.65609404761905,2010,12,20.0,1211.0,2.885,8.943142857142856,20.326428571428572,20.245428571428572,84.25142857142856,88.6802857142857,0,0,0,0,0,0,0,1,0,0,0
North-West,2011-01-01,120,1,0.0,0.00228571428571424,19.579428571428572,58.222,2011,1,75.0,20.0,1.6461809523809525,2.885,19.772502380952382,20.326428571428572,69.65609404761905,84.25142857142856,0,0,0,0,0,0,0,1,0,0,0
North-West,2011-02-01,91,0,0.0,0.9896428571428572,21.268214285714286,73.01178571428571,2011,2,120.0,75.0,0.00228571428571424,1.6461809523809525,19.579428571428572,19.772502380952382,58.222,69.65609404761905,0,0,0,0,0,0,0,1,0,0,0
North-West,2011-03-01,456,2,1.0,1.2535714285714286,22.345357142857143,67.74178571428571,2011,3,91.0,120.0,0.9896428571428572,0.00228571428571424,21.268214285714286,19.579428571428572,73.01178571428571,58.222,1,0,0,0,0,0,0,1,0,0,0
North-West,2011-04-01,378,3,1.387846961740435,3.3764285714285713,22.02857142857143,76.02607142857143,2011,4,456.0,91.0,1.2535714285714286,0.9896428571428572,22.345357142857143,21.268214285714286,67.74178571428571,73.01178571428571,1,0,0,0,0,0,0,1,0,0,0
North-West,2011-05-01,942,6,2.038259958071279,5.193428571428571,21.619999999999997,84.67514285714286,2011,5,378.0,456.0,3.3764285714285713,1.2535714285714286,22.02857142857143,22.345357142857143,76.02607142857143,67.74178571428571,2,0,0,0,0,0,0,1,0,0,0
North-West,2011-06-01,1054,5,1.571969696969697,6.728571428571428,20.96392857142857,86.55357142857143,2011,6,942.0,378.0,5.193428571428571,3.3764285714285713,21.619999999999997,22.02857142857143,84.67514285714286,76.02607142857143,2,0,0,0,0,0,0,1,0,0,0
North-West,2011-07-01,1395,12,2.610895058531027,6.7153791887125225,20.348074074074074,84.1696578483245,2011,7,1054.0,942.0,6.728571428571428,5.193428571428571,20.96392857142857,21.619999999999997,86.55357142857143,84.67514285714286,2,0,0,0,0,0,0,1,0,0,0
North-West,2011-08-01,650,2,0.9665367121507471,13.4325,19.59428571428571,89.12035714285715,2011,8,1395.0,1054.0,6.7153791887125225,6.728571428571428,20.348074074074074,20.96392857142857,84.1696578483245,86.55357142857143,1,0,0,0,0,0,0,1,0,0,0
North-West,2011-09-01,579,7,2.7642307692307693,10.888905660377358,19.737877088948785,87.53509002695418,2011,9,650.0,1395.0,13.4325,6.7153791887125225,19.59428571428571,20.348074074074074,89.12035714285715,84.1696578483245,1,0,0,0,0,0,0,1,0,0,0
North-West,2011-10-01,678,1,0.5128205128205128,10.510857142857143,19.990571428571428,88.78914285714286,2011,10,579.0,650.0,10.888905660377358,13.4325,19.737877088948785,19.59428571428571,87.53509002695418,89.12035714285715,1,0,0,0,0,0,0,1,0,0,0
North-West,2011-11-01,374,1,0.27472527472527475,0.5464285714285715,20.16107142857143,78.58428571428571,2011,11,678.0,579.0,10.510857142857143,10.888905660377358,19.990571428571428,19.737877088948785,88.78914285714286,87.53509002695418,1,0,0,0,0,0,0,1,0,0,0
North-West,2011-12-01,5,0,0.0,1.2791875,19.402375,62.686781249999996,2011,12,374.0,678.0,0.5464285714285715,10.510857142857143,20.16107142857143,19.990571428571428,78.58428571428571,88.78914285714286,0,0,0,0,0,0,0,1,0,0,0
North-West,2012-01-01,146,0,0.0,0.00085714285714284,20.370285714285714,59.27714285714286,2012,1,5.0,374.0,1.2791875,0.5464285714285715,19.402375,20.16107142857143,62.686781249999996,78.58428571428571,0,0,0,0,0,0,0,1,0,0,0
North-West,2012-02-01,56,0,0.0,0.97,21.277857142857144,69.12607142857144,2012,2,146.0,5.0,0.00085714285714284,1.2791875,20.370285714285714,19.402375,59.27714285714286,62.686781249999996,0,0,0,0,0,0,0,1,0,0,0
North-West,2012-03-01,13,0,0.0,0.09499999999999997,22.520357142857144,61.35785714285714,2012,3,56.0,146.0,0.97,0.00085714285714284,21.277857142857144,20.370285714285714,69.12607142857144,59.27714285714286,0,0,0,0,0,0,0,1,0,0,0
North-West,2012-04-01,248,0,0.0,5.363142857142858,22.160000000000004,78.10342857142857,2012,4,13.0,56.0,0.09499999999999997,0.97,22.520357142857144,21.277857142857144,61.35785714285714,69.12607142857144,1,0,0,0,0,0,0,1,0,0,0
North-West,2012-05-01,615,2,0.5972107152720243,5.078571428571428,21.233214285714286,84.575,2012,5,248.0,13.0,5.363142857142858,0.09499999999999997,22.160000000000004,22.520357142857144,78.10342857142857,61.35785714285714,1,0,0,0,0,0,0,1,0,0,0
North-West,2012-06-01,893,4,1.284722222222222,8.706681735985534,20.584534358047016,83.66097830018083,2012,6,615.0,248.0,5.078571428571428,5.363142857142858,21.233214285714286,22.160000000000004,84.575,78.10342857142857,2,0,0,0,0,0,0,1,0,0,0
North-West,2012-07-01,1142,5,1.7975046702729898,8.666857142857143,19.348000000000003,89.83914285714286,2012,7,893.0,615.0,8.706681735985534,5.078571428571428,20.584534358047016,21.233214285714286,83.66097830018083,84.575,2,0,0,0,0,0,0,1,0,0,0
North-West,2012-08-01,632,3,2.0667174915943387,10.144642857142857,19.199285714285715,90.46892857142856,2012,8,1142.0,893.0,8.666857142857143,8.706681735985534,19.348000000000003,20.584534358047016,89.83914285714286,83.66097830018083,1,0,0,0,0,0,0,1,0,0,0
North-West,2012-09-01,2646,19,2.366292820343031,12.551428571428572,19.356571428571428,89.85914285714287,2012,9,632.0,1142.0,10.144642857142857,8.666857142857143,19.199285714285715,19.348000000000003,90.46892857142856,89.83914285714286,2,0,0,0,0,0,0,1,0,0,0
North-West,2012-10-01,832,5,1.4147286821705425,6.266785714285715,15.036785714285717,66.61642857142857,2012,10,2646.0,632.0,12.551428571428572,10.144642857142857,19.356571428571428,19.199285714285715,89.85914285714287,90.46892857142856,2,0,0,0,0,0,0,1,0,0,0
North-West,2012-11-01,512,1,0.2631578947368421,3.820357142857143,20.478214285714284,84.225,2012,11,832.0,2646.0,6.266785714285715,12.551428571428572,15.036785714285717,19.356571428571428,66.61642857142857,89.85914285714287,1,0,0,0,0,0,0,1,0,0,0
North-West,2012-12-01,253,0,0.0,0.1482857142857143,19.93885714285714,69.76771428571428,2012,12,512.0,832.0,3.820357142857143,6.266785714285715,20.478214285714284,15.036785714285717,84.225,66.61642857142857,1,0,0,0,0,0,0,1,0,0,0
North-West,2013-01-01,139,0,0.0,0.18071428571428566,20.989642857142854,65.90214285714286,2013,1,253.0,512.0,0.1482857142857143,3.820357142857143,19.93885714285714,20.478214285714284,69.76771428571428,84.225,0,0,0,0,0,0,0,1,0,0,0
North-West,2013-02-01,211,1,0.9259259259259258,0.12035714285714283,21.568928571428575,65.91785714285714,2013,2,139.0,253.0,0.18071428571428566,0.1482857142857143,20.989642857142854,19.93885714285714,65.90214285714286,69.76771428571428,0,0,0,0,0,0,0,1,0,0,0
North-West,2013-03-01,484,2,1.5229885057471262,3.428857142857143,22.148000000000003,78.82428571428572,2013,3,211.0,139.0,0.12035714285714283,0.18071428571428566,21.568928571428575,20.989642857142854,65.91785714285714,65.90214285714286,1,0,0,0,0,0,0,1,0,0,0
North-West,2013-04-01,450,0,0.0,5.6257142857142854,21.66,82.20964285714285,2013,4,484.0,211.0,3.428857142857143,0.12035714285714283,22.148000000000003,21.568928571428575,78.82428571428572,65.91785714285714,1,0,0,0,0,0,0,1,0,0,0
North-West,2013-05-01,1068,6,1.4784764226174356,4.2375,21.371785714285718,84.84142857142857,2013,5,450.0,484.0,5.6257142857142854,3.428857142857143,21.66,22.148000000000003,82.20964285714285,78.82428571428572,2,0,0,0,0,0,0,1,0,0,0
North-West,2013-06-01,1233,7,1.6940698709390296,6.9142857142857155,20.778285714285712,86.02771428571428,2013,6,1068.0,450.0,4.2375,5.6257142857142854,21.371785714285718,21.66,84.84142857142857,82.20964285714285,2,0,0,0,0,0,0,1,0,0,0
North-West,2013-07-01,751,4,2.00109649122807,7.5685714285714285,19.6875,88.09821428571428,2013,7,1233.0,1068.0,6.9142857142857155,4.2375,20.778285714285712,21.371785714285718,86.02771428571428,84.84142857142857,2,0,0,0,0,0,0,1,0,0,0
North-West,2013-08-01,876,3,0.6687675070028011,9.045714285714286,19.29678571428571,88.98035714285714,2013,8,751.0,1233.0,7.5685714285714285,6.9142857142857155,19.6875,20.778285714285712,88.09821428571428,86.02771428571428,2,0,0,0,0,0,0,1,0,0,0
North-West,2013-09-01,646,2,0.6153846153846154,11.284571428571429,19.68228571428571,88.41457142857142,2013,9,876.0,751.0,9.045714285714286,7.5685714285714285,19.29678571428571,19.6875,88.98035714285714,88.09821428571428,1,0,0,0,0,0,0,1,0,0,0
North-West,2013-10-01,709,2,0.6700626959247649,9.275,19.9,87.70785714285714,2013,10,646.0,876.0,11.284571428571429,9.045714285714286,19.68228571428571,19.29678571428571,88.41457142857142,88.98035714285714,2,0,0,0,0,0,0,1,0,0,0
North-West,2013-11-01,260,1,0.625,1.5771428571428572,20.286428571428573,81.20928571428573,2013,11,709.0,646.0,9.275,11.284571428571429,19.9,19.68228571428571,87.70785714285714,88.41457142857142,1,0,0,0,0,0,0,1,0,0,0
North-West,2013-12-01,260,2,2.2291021671826625,0.5608571428571428,19.92628571428571,73.102,2013,12,260.0,709.0,1.5771428571428572,9.275,20.286428571428573,19.9,81.20928571428573,87.70785714285714,1,0,0,0,0,0,0,1,0,0,0
North-West,2014-01-01,110,0,0.0,0.036071428571428546,20.589285714285715,55.573214285714286,2014,1,260.0,260.0,0.5608571428571428,1.5771428571428572,19.92628571428571,20.286428571428573,73.102,81.20928571428573,0,0,0,0,0,0,0,1,0,0,0
North-West,2014-02-01,164,0,0.0,0.016785714285714275,21.879642857142855,55.30142857142857,2014,2,110.0,260.0,0.036071428571428546,0.5608571428571428,20.589285714285715,19.92628571428571,55.573214285714286,73.102,0,0,0,0,0,0,0,1,0,0,0
North-West,2014-03-01,287,1,0.5555555555555556,2.024857142857143,22.166571428571427,73.27714285714286,2014,3,164.0,110.0,0.016785714285714275,0.036071428571428546,21.879642857142855,20.589285714285715,55.30142857142857,55.573214285714286,1,0,0,0,0,0,0,1,0,0,0
North-West,2014-04-01,626,6,2.419354838709677,6.215714285714286,21.788214285714286,82.22642857142858,2014,4,287.0,164.0,2.024857142857143,0.016785714285714275,22.166571428571427,21.879642857142855,73.27714285714286,55.30142857142857,1,0,0,0,0,0,0,1,0,0,0
North-West,2014-05-01,762,4,2.967069892473118,6.206785714285714,21.51642857142857,83.93321428571429,2014,5,626.0,287.0,6.215714285714286,2.024857142857143,21.788214285714286,22.166571428571427,82.22642857142858,73.27714285714286,2,0,0,0,0,0,0,1,0,0,0
North-West,2014-06-01,346,2,0.8333333333333333,5.703428571428572,21.183142857142858,84.70828571428572,2014,6,762.0,626.0,6.206785714285714,6.215714285714286,21.51642857142857,21.788214285714286,83.93321428571429,82.22642857142858,1,0,0,0,0,0,0,1,0,0,0
North-West,2014-07-01,993,2,0.5263157894736842,5.610357142857143,20.19607142857143,87.20964285714285,2014,7,346.0,762.0,5.703428571428572,6.206785714285714,21.183142857142858,21.51642857142857,84.70828571428572,83.93321428571429,2,0,0,0,0,0,0,1,0,0,0
North-West,2014-08-01,1236,3,0.7268748744223428,9.175428571428572,19.556857142857144,88.66228571428572,2014,8,993.0,346.0,5.610357142857143,5.703428571428572,20.19607142857143,21.183142857142858,87.20964285714285,84.70828571428572,2,0,0,0,0,0,0,1,0,0,0
North-West,2014-09-01,1105,5,1.3154308398748138,10.882142857142856,19.548571428571428,88.25178571428572,2014,9,1236.0,993.0,9.175428571428572,5.610357142857143,19.556857142857144,20.19607142857143,88.66228571428572,87.20964285714285,2,0,0,0,0,0,0,1,0,0,0
North-West,2014-10-01,414,1,0.5208333333333333,5.822857142857143,20.182142857142857,87.48464285714284,2014,10,1105.0,1236.0,10.882142857142856,9.175428571428572,19.548571428571428,19.556857142857144,88.25178571428572,88.66228571428572,1,0,0,0,0,0,0,1,0,0,0
North-West,2014-11-01,483,2,0.8792270531400966,3.182,20.480857142857143,80.68228571428571,2014,11,414.0,1105.0,5.822857142857143,10.882142857142856,20.182142857142857,19.548571428571428,87.48464285714284,88.25178571428572,1,0,0,0,0,0,0,1,0,0,0
North-West,2014-12-01,350,0,0.0,0.0007142857142857,19.995357142857145,60.74250000000001,2014,12,483.0,414.0,3.182,5.822857142857143,20.480857142857143,20.182142857142857,80.68228571428571,87.48464285714284,1,0,0,0,0,0,0,1,0,0,0
North-West,2015-01-01,140,0,0.0,0.00107142857142855,19.247857142857143,52.848571428571425,2015,1,350.0,483.0,0.0007142857142857,3.182,19.995357142857145,20.480857142857143,60.74250000000001,80.68228571428571,0,0,0,0,0,0,0,1,0,0,0
North-West,2015-02-01,291,1,1.1904761904761905,1.0046428571428574,21.811785714285715,65.70785714285714,2015,2,140.0,350.0,0.00107142857142855,0.0007142857142857,19.247857142857143,19.995357142857145,52.848571428571425,60.74250000000001,1,0,0,0,0,0,0,1,0,0,0
North-West,2015-03-01,461,0,0.0,1.6414285714285715,22.123714285714286,66.78514285714286,2015,3,291.0,140.0,1.0046428571428574,0.00107142857142855,21.811785714285715,19.247857142857143,65.70785714285714,52.848571428571425,1,0,0,0,0,0,0,1,0,0,0
North-West,2015-04-01,288,0,0.0,2.224285714285714,21.99357142857143,69.67464285714286,2015,4,461.0,291.0,1.6414285714285715,1.0046428571428574,22.123714285714286,21.811785714285715,66.78514285714286,65.70785714285714,1,0,0,0,0,0,0,1,0,0,0
North-West,2015-05-01,537,0,0.0,6.8911428571428575,21.669714285714285,82.86742857142858,2015,5,288.0,461.0,2.224285714285714,1.6414285714285715,21.99357142857143,22.123714285714286,69.67464285714286,66.78514285714286,1,0,0,0,0,0,0,1,0,0,0
North-West,2015-06-01,787,2,0.665266106442577,7.881071428571428,20.92892857142857,85.38785714285714,2015,6,537.0,288.0,6.8911428571428575,2.224285714285714,21.669714285714285,21.99357142857143,82.86742857142858,69.67464285714286,2,0,0,0,0,0,0,1,0,0,0
North-West,2015-07-01,326,0,0.0,14.8875,20.386071428571427,89.08,2015,7,787.0,537.0,7.881071428571428,6.8911428571428575,20.92892857142857,21.669714285714285,85.38785714285714,82.86742857142858,1,0,0,0,0,0,0,1,0,0,0
North-West,2015-08-01,1656,9,1.0431959893279794,10.854857142857142,19.732285714285716,89.828,2015,8,326.0,787.0,14.8875,7.881071428571428,20.386071428571427,20.92892857142857,89.08,85.38785714285714,2,0,0,0,0,0,0,1,0,0,0
North-West,2015-09-01,1355,4,0.7936507936507936,13.786071428571429,20.20321428571429,88.60857142857142,2015,9,1656.0,326.0,10.854857142857142,14.8875,19.732285714285716,20.386071428571427,89.828,89.08,2,0,0,0,0,0,0,1,0,0,0
North-West,2015-10-01,1686,11,2.1067131735921545,9.143928571428571,20.674285714285713,87.8692857142857,2015,10,1355.0,1656.0,13.786071428571429,10.854857142857142,20.20321428571429,19.732285714285716,88.60857142857142,89.828,2,0,0,0,0,0,0,1,0,0,0
North-West,2015-11-01,702,0,0.0,5.066,20.328,80.95514285714286,2015,11,1686.0,1355.0,9.143928571428571,13.786071428571429,20.674285714285713,20.20321428571429,87.8692857142857,88.60857142857142,2,0,0,0,0,0,0,1,0,0,0
North-West,2015-12-01,68,0,0.0,0.009642857142857125,18.84392857142857,64.28678571428571,2015,12,702.0,1686.0,5.066,9.143928571428571,20.328,20.674285714285713,80.95514285714286,87.8692857142857,0,0,0,0,0,0,0,1,0,0,0
North-West,2016-01-01,119,0,0.0,0.0017857142857142499,20.798928571428572,49.72714285714286,2016,1,68.0,702.0,0.009642857142857125,5.066,18.84392857142857,20.328,64.28678571428571,80.95514285714286,0,0,0,0,0,0,0,1,0,0,0
North-West,2016-02-01,45,0,0.0,0.003928571428571375,22.23464285714286,47.62428571428572,2016,2,119.0,68.0,0.0017857142857142499,0.009642857142857125,20.798928571428572,18.84392857142857,49.72714285714286,64.28678571428571,0,0,0,0,0,0,0,1,0,0,0
North-West,2016-03-01,674,2,0.5102040816326531,3.851785714285714,22.991785714285715,78.00392857142856,2016,3,45.0,119.0,0.003928571428571375,0.0017857142857142499,22.23464285714286,20.798928571428572,47.62428571428572,49.72714285714286,1,0,0,0,0,0,0,1,0,0,0
North-West,2016-04-01,702,2,0.5681818181818182,6.3342857142857145,22.68642857142857,80.42821428571429,2016,4,674.0,45.0,3.851785714285714,0.003928571428571375,22.991785714285715,22.23464285714286,78.00392857142856,47.62428571428572,2,0,0,0,0,0,0,1,0,0,0
North-West,2016-05-01,1784,5,0.9896867306633762,10.252857142857142,21.96057142857143,85.1997142857143,2016,5,702.0,674.0,6.3342857142857145,3.851785714285714,22.68642857142857,22.991785714285715,80.42821428571429,78.00392857142856,2,0,0,0,0,0,0,1,0,0,0
North-West,2016-06-01,671,1,0.3424657534246575,10.616428571428571,20.401785714285715,87.56535714285714,2016,6,1784.0,702.0,10.252857142857142,6.3342857142857145,21.96057142857143,22.68642857142857,85.1997142857143,80.42821428571429,1,0,0,0,0,0,0,1,0,0,0
North-West,2016-07-01,1004,4,0.7796101949025488,11.752857142857142,19.742857142857144,90.16514285714285,2016,7,671.0,1784.0,10.616428571428571,10.252857142857142,20.401785714285715,21.96057142857143,87.56535714285714,85.1997142857143,2,0,0,0,0,0,0,1,0,0,0
North-West,2016-08-01,1237,1,0.3378378378378378,17.18785714285714,19.68857142857143,90.95821428571428,2016,8,1004.0,671.0,11.752857142857142,10.616428571428571,19.742857142857144,20.401785714285715,90.16514285714285,87.56535714285714,2,0,0,0,0,0,0,1,0,0,0
North-West,2016-09-01,1139,5,1.4184241736709122,16.30357142857143,19.76535714285714,90.23428571428572,2016,9,1237.0,1004.0,17.18785714285714,11.752857142857142,19.68857142857143,19.742857142857144,90.95821428571428,90.16514285714285,2,0,0,0,0,0,0,1,0,0,0
North-West,2016-10-01,1546,5,1.0732054015636106,10.908,20.39542857142857,88.28428571428572,2016,10,1139.0,1237.0,16.30357142857143,17.18785714285714,19.76535714285714,19.68857142857143,90.23428571428572,90.95821428571428,2,0,0,0,0,0,0,1,0,0,0
North-West,2016-11-01,248,0,0.0,0.737857142857143,20.721071428571427,79.71821428571428,2016,11,1546.0,1139.0,10.908,16.30357142857143,20.39542857142857,19.76535714285714,88.28428571428572,90.23428571428572,1,0,0,0,0,0,0,1,0,0,0
North-West,2016-12-01,175,1,1.0869565217391304,0.026785714285714277,20.453571428571426,67.805,2016,12,248.0,1546.0,0.737857142857143,10.908,20.721071428571427,20.39542857142857,79.71821428571428,88.28428571428572,0,0,0,0,0,0,0,1,0,0,0
North-West,2017-01-01,211,0,0.0,0.01142857142857142,21.011428571428574,61.06600000000001,2017,1,175.0,248.0,0.026785714285714277,0.737857142857143,20.453571428571426,20.721071428571427,67.805,79.71821428571428,0,0,0,0,0,0,0,1,0,0,0
North-West,2017-02-01,160,0,0.0,0.001428571428571425,22.176785714285714,44.815,2017,2,211.0,175.0,0.01142857142857142,0.026785714285714277,21.011428571428574,20.453571428571426,61.06600000000001,67.805,0,0,0,0,0,0,0,1,0,0,0
North-West,2017-03-01,290,0,0.0,1.0989285714285715,22.952142857142857,60.80357142857142,2017,3,160.0,211.0,0.001428571428571425,0.01142857142857142,22.176785714285714,21.011428571428574,44.815,61.06600000000001,1,0,0,0,0,0,0,1,0,0,0
North-West,2017-04-01,252,1,1.4285714285714284,6.582571428571429,22.380000000000003,78.47714285714287,2017,4,290.0,160.0,1.0989285714285715,0.001428571428571425,22.952142857142857,22.176785714285714,60.80357142857142,44.815,1,0,0,0,0,0,0,1,0,0,0
North-West,2017-05-01,1226,6,1.34009009009009,11.126428571428571,21.430714285714288,85.21071428571429,2017,5,252.0,290.0,6.582571428571429,1.0989285714285715,22.380000000000003,22.952142857142857,78.47714285714287,60.80357142857142,2,0,0,0,0,0,0,1,0,0,0
North-West,2017-06-01,459,3,1.393188854489164,9.151428571428571,21.087142857142858,85.60714285714285,2017,6,1226.0,252.0,11.126428571428571,6.582571428571429,21.430714285714288,22.380000000000003,85.21071428571429,78.47714285714287,1,0,0,0,0,0,0,1,0,0,0
North-West,2017-07-01,1502,5,1.7576718140117542,16.13657142857143,20.146571428571427,88.43742857142857,2017,7,459.0,1226.0,9.151428571428571,11.126428571428571,21.087142857142858,21.430714285714288,85.60714285714285,85.21071428571429,2,0,0,0,0,0,0,1,0,0,0
North-West,2017-08-01,1836,12,1.0667683231676832,13.361785714285716,19.791428571428572,90.07392857142858,2017,8,1502.0,459.0,16.13657142857143,9.151428571428571,20.146571428571427,21.087142857142858,88.43742857142857,85.60714285714285,2,0,0,0,0,0,0,1,0,0,0
North-West,2017-09-01,1159,7,3.2017543859649122,13.76357142857143,20.10142857142857,88.98178571428572,2017,9,1836.0,1502.0,13.361785714285716,16.13657142857143,19.791428571428572,20.146571428571427,90.07392857142858,88.43742857142857,2,0,0,0,0,0,0,1,0,0,0
North-West,2017-10-01,856,4,0.8961201501877347,10.150857142857145,20.439714285714285,86.91571428571429,2017,10,1159.0,1836.0,13.76357142857143,13.361785714285716,20.10142857142857,19.791428571428572,88.98178571428572,90.07392857142858,2,0,0,0,0,0,0,1,0,0,0
North-West,2017-11-01,194,0,0.0,1.4157142857142855,20.515357142857145,80.94642857142857,2017,11,856.0,1159.0,10.150857142857145,13.76357142857143,20.439714285714285,20.10142857142857,86.91571428571429,88.98178571428572,0,0,0,0,0,0,0,1,0,0,0
North-West,2017-12-01,150,0,0.0,0.00114285714285712,20.53857142857143,66.30885714285714,2017,12,194.0,856.0,1.4157142857142855,10.150857142857145,20.515357142857145,20.439714285714285,80.94642857142857,86.91571428571429,0,0,0,0,0,0,0,1,0,0,0
North-West,2018-01-01,0,0,0.0,0.002142857142857125,19.76107142857143,50.36392857142857,2018,1,150.0,194.0,0.00114285714285712,1.4157142857142855,20.53857142857143,20.515357142857145,66.30885714285714,80.94642857142857,0,0,0,0,0,0,0,1,0,0,0
North-West,2018-02-01,0,0,0.0,1.9292857142857147,22.26,63.63249999999999,2018,2,0.0,150.0,0.002142857142857125,0.00114285714285712,19.76107142857143,20.53857142857143,50.36392857142857,66.30885714285714,0,0,0,0,0,0,0,1,0,0,0
North-West,2018-03-01,0,0,0.0,2.9925,21.740714285714287,78.85285714285715,2018,3,0.0,0.0,1.9292857142857147,0.002142857142857125,22.26,19.76107142857143,63.63249999999999,50.36392857142857,0,0,0,0,0,0,0,1,0,0,0
North-West,2018-04-01,0,0,0.0,4.280857142857142,22.029714285714288,79.67314285714285,2018,4,0.0,0.0,2.9925,1.9292857142857147,21.740714285714287,22.26,78.85285714285715,63.63249999999999,0,0,0,0,0,0,0,1,0,0,0
North-West,2018-05-01,94,0,0.0,8.985357142857143,21.897142857142857,83.75678571428571,2018,5,0.0,0.0,4.280857142857142,2.9925,22.029714285714288,21.740714285714287,79.67314285714285,78.85285714285715,0,0,0,0,0,0,0,1,0,0,0
North-West,2018-06-01,185,1,0.39,10.859285714285715,21.157857142857143,86.05571428571429,2018,6,94.0,0.0,8.985357142857143,4.280857142857142,21.897142857142857,22.029714285714288,83.75678571428571,79.67314285714285,0,0,0,0,0,0,0,1,0,0,0
North-West,2018-07-01,0,0,0.0,13.143428571428572,19.906571428571432,88.842,2018,7,185.0,94.0,10.859285714285715,8.985357142857143,21.157857142857143,21.897142857142857,86.05571428571429,83.75678571428571,0,0,0,0,0,0,0,1,0,0,0
North-West,2018-08-01,0,0,0.0,8.326428571428572,19.7125,89.38035714285715,2018,8,0.0,185.0,13.143428571428572,10.859285714285715,19.906571428571432,21.157857142857143,88.842,86.05571428571429,0,0,0,0,0,0,0,1,0,0,0
North-West,2018-09-01,0,0,0.0,13.369142857142856,19.932000000000002,88.74228571428571,2018,9,0.0,0.0,8.326428571428572,13.143428571428572,19.7125,19.906571428571432,89.38035714285715,88.842,0,0,0,0,0,0,0,1,0,0,0
North-West,2018-10-01,182,0,0.0,5.581428571428571,20.42892857142857,88.26499999999999,2018,10,0.0,0.0,13.369142857142856,8.326428571428572,19.932000000000002,19.7125,88.74228571428571,89.38035714285715,0,0,0,0,0,0,0,1,0,0,0
North-West,2018-11-01,0,0,0.0,3.1021428571428573,20.740357142857142,82.92607142857143,2018,11,182.0,0.0,5.581428571428571,13.369142857142856,20.42892857142857,19.932000000000002,88.26499999999999,88.74228571428571,0,0,0,0,0,0,0,1,0,0,0
North-West,2018-12-01,6,0,0.0,0.001428571428571425,20.367500000000003,63.65571428571429,2018,12,0.0,182.0,3.1021428571428573,5.581428571428571,20.740357142857142,20.42892857142857,82.92607142857143,88.26499999999999,0,0,0,0,0,0,0,1,0,0,0
North-West,2019-01-01,0,0,0.0,0.0139285714285714,21.05428571428571,62.886785714285715,2019,1,6.0,0.0,0.001428571428571425,3.1021428571428573,20.367500000000003,20.740357142857142,63.65571428571429,82.92607142857143,0,0,0,0,0,0,0,1,0,0,0
North-West,2019-02-01,0,0,0.0,0.1778571428571428,22.212142857142858,61.33285714285714,2019,2,0.0,6.0,0.0139285714285714,0.001428571428571425,21.05428571428571,20.367500000000003,62.886785714285715,63.65571428571429,0,0,0,0,0,0,0,1,0,0,0
North-West,2019-03-01,0,0,0.0,0.6032142857142857,22.871785714285714,72.84321428571428,2019,3,0.0,0.0,0.1778571428571428,0.0139285714285714,22.212142857142858,21.05428571428571,61.33285714285714,62.886785714285715,0,0,0,0,0,0,0,1,0,0,0
North-West,2019-05-01,0,0,0.0,3.1671428571428573,21.91857142857143,81.52857142857142,2019,5,0.0,0.0,0.6032142857142857,0.1778571428571428,22.871785714285714,22.212142857142858,72.84321428571428,61.33285714285714,0,0,0,0,0,0,0,1,0,0,0
North-West,2019-12-01,0,0,0.0,5.418131868131868,21.14348901098901,78.57274725274726,2019,12,0.0,0.0,3.1671428571428573,0.6032142857142857,21.91857142857143,22.871785714285714,81.52857142857142,72.84321428571428,0,0,0,0,0,0,0,1,0,0,0
South,2010-01-01,0,0,0.0,2.025,24.524642857142858,80.41964285714286,2010,1,0.0,0.0,0.0,0.0,0.0,0.0,0.0,0.0,0,0,0,0,0,0,0,0,1,0,0
South,2010-02-01,60,0,0.0,3.2642857142857142,24.623571428571427,83.81178571428572,2010,2,0.0,0.0,2.025,0.0,24.524642857142858,0.0,80.41964285714286,0.0,0,0,0,0,0,0,0,0,1,0,0
South,2010-03-01,57,0,0.0,7.301785714285714,24.16821428571429,88.73607142857142,2010,3,60.0,0.0,3.2642857142857142,2.025,24.623571428571427,24.524642857142858,83.81178571428572,80.41964285714286,0,0,0,0,0,0,0,0,1,0,0
South,2010-04-01,305,3,2.5199637023593464,7.218214285714286,24.1675,91.37607142857142,2010,4,57.0,60.0,7.301785714285714,3.2642857142857142,24.16821428571429,24.623571428571427,88.73607142857142,83.81178571428572,1,0,0,0,0,0,0,0,1,0,0
South,2010-05-01,89,1,0.689655172413793,5.2625714285714285,23.874857142857145,91.34057142857142,2010,5,305.0,57.0,7.218214285714286,7.301785714285714,24.1675,24.16821428571429,91.37607142857142,88.73607142857142,0,0,0,0,0,0,0,0,1,0,0
South,2010-06-01,0,0,0.0,4.679285714285715,23.05464285714286,90.33928571428572,2010,6,89.0,305.0,5.2625714285714285,7.218214285714286,23.874857142857145,24.1675,91.34057142857142,91.37607142857142,0,0,0,0,0,0,0,0,1,0,0
South,2010-07-01,70,0,0.0,5.994285714285714,22.13214285714286,91.2957142857143,2010,7,0.0,89.0,4.679285714285715,5.2625714285714285,23.05464285714286,23.874857142857145,90.33928571428572,91.34057142857142,0,0,0,0,0,0,0,0,1,0,0
South,2010-08-01,181,0,0.0,4.86,22.127714285714287,90.25028571428571,2010,8,70.0,0.0,5.994285714285714,4.679285714285715,22.13214285714286,23.05464285714286,91.2957142857143,90.33928571428572,0,0,0,0,0,0,0,0,1,0,0
South,2010-09-01,310,1,0.5,4.401785714285714,22.07857142857143,90.58321428571429,2010,9,181.0,70.0,4.86,5.994285714285714,22.127714285714287,22.13214285714286,90.25028571428571,91.2957142857143,1,0,0,0,0,0,0,0,1,0,0
South,2010-10-01,264,0,0.0,7.9799999999999995,22.44514285714286,92.16914285714286,2010,10,310.0,181.0,4.401785714285714,4.86,22.07857142857143,22.127714285714287,90.58321428571429,90.25028571428571,1,0,0,0,0,0,0,0,1,0,0
South,2010-11-01,244,1,0.9259259259259258,8.111071428571428,22.815357142857142,90.46535714285714,2010,11,264.0,310.0,7.9799999999999995,4.401785714285714,22.44514285714286,22.07857142857143,92.16914285714286,90.58321428571429,1,0,0,0,0,0,0,0,1,0,0
South,2010-12-01,89,0,0.0,2.3672142857142857,22.907585714285712,85.71653571428571,2010,12,244.0,264.0,8.111071428571428,7.9799999999999995,22.815357142857142,22.44514285714286,90.46535714285714,92.16914285714286,0,0,0,0,0,0,0,0,1,0,0
South,2011-01-01,152,1,0.6666666666666666,0.5445714285714286,22.733714285714285,81.01428571428572,2011,1,89.0,244.0,2.3672142857142857,8.111071428571428,22.907585714285712,22.815357142857142,85.71653571428571,90.46535714285714,0,0,0,0,0,0,0,0,1,0,0
South,2011-02-01,274,0,0.0,2.0475,23.558928571428574,86.54071428571429,2011,2,152.0,89.0,0.5445714285714286,2.3672142857142857,22.733714285714285,22.907585714285712,81.01428571428572,85.71653571428571,1,0,0,0,0,0,0,0,1,0,0
South,2011-03-01,59,0,0.0,3.4117857142857146,23.72392857142857,87.92892857142857,2011,3,274.0,152.0,2.0475,0.5445714285714286,23.558928571428574,22.733714285714285,86.54071428571429,81.01428571428572,0,0,0,0,0,0,0,0,1,0,0
South,2011-04-01,926,4,1.4790127904882004,5.216428571428571,23.358214285714286,91.58964285714286,2011,4,59.0,274.0,3.4117857142857146,2.0475,23.72392857142857,23.558928571428574,87.92892857142857,86.54071428571429,2,0,0,0,0,0,0,0,1,0,0
South,2011-05-01,387,3,1.3633802816901408,3.9654285714285713,23.43714285714286,91.59085714285715,2011,5,926.0,59.0,5.216428571428571,3.4117857142857146,23.358214285714286,23.72392857142857,91.58964285714286,87.92892857142857,1,0,0,0,0,0,0,0,1,0,0
South,2011-06-01,137,0,0.0,3.228928571428572,23.103571428571428,89.97749999999999,2011,6,387.0,926.0,3.9654285714285713,5.216428571428571,23.43714285714286,23.358214285714286,91.59085714285715,91.58964285714286,0,0,0,0,0,0,0,0,1,0,0
South,2011-07-01,84,0,0.0,3.6237142857142857,22.158571428571427,89.81028571428571,2011,7,137.0,387.0,3.228928571428572,3.9654285714285713,23.103571428571428,23.43714285714286,89.97749999999999,91.59085714285715,0,0,0,0,0,0,0,0,1,0,0
South,2011-08-01,299,2,1.7857142857142856,5.961428571428572,21.853214285714287,91.07178571428572,2011,8,84.0,137.0,3.6237142857142857,3.228928571428572,22.158571428571427,23.103571428571428,89.81028571428571,89.97749999999999,1,0,0,0,0,0,0,0,1,0,0
South,2011-09-01,592,2,1.2745806451612904,8.045041509433961,22.202563881401616,91.81213800539084,2011,9,299.0,84.0,5.961428571428572,3.6237142857142857,21.853214285714287,22.158571428571427,91.07178571428572,89.81028571428571,1,0,0,0,0,0,0,0,1,0,0
South,2011-10-01,944,5,1.3097713097713097,8.232000000000001,22.316285714285716,92.3917142857143,2011,10,592.0,299.0,8.045041509433961,5.961428571428572,22.202563881401616,21.853214285714287,91.81213800539084,91.07178571428572,2,0,0,0,0,0,0,0,1,0,0
South,2011-11-01,65,0,0.0,1.8099999999999998,22.978571428571428,88.16499999999999,2011,11,944.0,592.0,8.232000000000001,8.045041509433961,22.316285714285716,22.202563881401616,92.3917142857143,91.81213800539084,0,0,0,0,0,0,0,0,1,0,0
South,2011-12-01,184,4,1.3525,1.5139330357142857,22.631758928571426,84.79544642857142,2011,12,65.0,944.0,1.8099999999999998,8.232000000000001,22.978571428571428,22.316285714285716,88.16499999999999,92.3917142857143,0,0,0,0,0,0,0,0,1,0,0
South,2012-01-01,172,1,0.588235294117647,0.5117142857142857,23.696571428571428,82.0262857142857,2012,1,184.0,65.0,1.5139330357142857,1.8099999999999998,22.631758928571426,22.978571428571428,84.79544642857142,88.16499999999999,0,0,0,0,0,0,0,0,1,0,0
South,2012-02-01,170,0,0.0,2.728928571428572,23.462857142857143,84.93714285714286,2012,2,172.0,184.0,0.5117142857142857,1.5139330357142857,23.696571428571428,22.631758928571426,82.0262857142857,84.79544642857142,0,0,0,0,0,0,0,0,1,0,0
South,2012-03-01,132,0,0.0,2.3685714285714288,23.702857142857145,86.90071428571429,2012,3,170.0,172.0,2.728928571428572,0.5117142857142857,23.462857142857143,23.696571428571428,84.93714285714286,82.0262857142857,0,0,0,0,0,0,0,0,1,0,0
South,2012-04-01,393,0,0.0,5.243714285714286,23.579428571428572,90.01314285714287,2012,4,132.0,170.0,2.3685714285714288,2.728928571428572,23.702857142857145,23.462857142857143,86.90071428571429,84.93714285714286,1,0,0,0,0,0,0,0,1,0,0
South,2012-05-01,460,1,0.5813953488372093,4.350714285714285,23.00607142857143,91.505,2012,5,393.0,132.0,5.243714285714286,2.3685714285714288,23.579428571428572,23.702857142857145,90.01314285714287,86.90071428571429,1,0,0,0,0,0,0,0,1,0,0
South,2012-06-01,269,0,0.0,4.282857142857142,22.85535714285714,89.99607142857144,2012,6,460.0,393.0,4.350714285714285,5.243714285714286,23.00607142857143,23.579428571428572,91.505,90.01314285714287,1,0,0,0,0,0,0,0,1,0,0
South,2012-07-01,484,6,1.2182890855457227,3.9028571428571426,21.96542857142857,89.07885714285715,2012,7,269.0,460.0,4.282857142857142,4.350714285714285,22.85535714285714,23.00607142857143,89.99607142857144,91.505,1,0,0,0,0,0,0,0,1,0,0
South,2012-08-01,409,2,1.3888888888888888,5.492142857142857,21.69892857142857,89.7317857142857,2012,8,484.0,269.0,3.9028571428571426,4.282857142857142,21.96542857142857,22.85535714285714,89.07885714285715,89.99607142857144,1,0,0,0,0,0,0,0,1,0,0
South,2012-09-01,595,2,1.4409937888198758,8.156285714285714,21.894,92.22171428571428,2012,9,409.0,484.0,5.492142857142857,3.9028571428571426,21.69892857142857,21.96542857142857,89.7317857142857,89.07885714285715,1,0,0,0,0,0,0,0,1,0,0
South,2012-10-01,502,3,0.8009017560512578,9.539285714285715,22.271785714285713,92.45607142857143,2012,10,595.0,409.0,8.156285714285714,5.492142857142857,21.894,21.69892857142857,92.22171428571428,89.7317857142857,1,0,0,0,0,0,0,0,1,0,0
South,2012-11-01,296,2,1.1607142857142856,8.043571428571429,22.833928571428572,91.8267857142857,2012,11,502.0,595.0,9.539285714285715,8.156285714285714,22.271785714285713,21.894,92.45607142857143,92.22171428571428,1,0,0,0,0,0,0,0,1,0,0
South,2012-12-01,244,1,0.5,1.5971428571428572,23.508285714285712,85.31428571428572,2012,12,296.0,502.0,8.043571428571429,9.539285714285715,22.833928571428572,22.271785714285713,91.8267857142857,92.45607142857143,1,0,0,0,0,0,0,0,1,0,0
South,2013-01-01,97,1,1.1904761904761905,0.835,23.776785714285715,84.56785714285715,2013,1,244.0,296.0,1.5971428571428572,8.043571428571429,23.508285714285712,22.833928571428572,85.31428571428572,91.8267857142857,0,0,0,0,0,0,0,0,1,0,0
South,2013-02-01,51,0,0.0,1.3628571428571428,23.92,84.72107142857143,2013,2,97.0,244.0,0.835,1.5971428571428572,23.776785714285715,23.508285714285712,84.56785714285715,85.31428571428572,0,0,0,0,0,0,0,0,1,0,0
South,2013-03-01,788,4,0.7805959123368628,4.509714285714286,23.745714285714286,89.08485714285715,2013,3,51.0,97.0,1.3628571428571428,0.835,23.92,23.776785714285715,84.72107142857143,84.56785714285715,2,0,0,0,0,0,0,0,1,0,0
South,2013-04-01,429,0,0.0,5.865714285714286,23.407857142857143,90.6225,2013,4,788.0,51.0,4.509714285714286,1.3628571428571428,23.745714285714286,23.92,89.08485714285715,84.72107142857143,1,0,0,0,0,0,0,0,1,0,0
South,2013-05-01,55,0,0.0,3.607857142857143,23.338214285714287,90.79535714285714,2013,5,429.0,788.0,5.865714285714286,4.509714285714286,23.407857142857143,23.745714285714286,90.6225,89.08485714285715,0,0,0,0,0,0,0,0,1,0,0
South,2013-06-01,264,0,0.0,3.012857142857143,22.848857142857145,89.174,2013,6,55.0,429.0,3.607857142857143,5.865714285714286,23.338214285714287,23.407857142857143,90.79535714285714,90.6225,1,0,0,0,0,0,0,0,1,0,0
South,2013-07-01,329,1,0.0,3.0889285714285712,21.951428571428572,88.57857142857144,2013,7,264.0,55.0,3.012857142857143,3.607857142857143,22.848857142857145,23.338214285714287,89.174,90.79535714285714,1,0,0,0,0,0,0,0,1,0,0
South,2013-08-01,125,0,0.0,2.6782142857142857,21.766071428571426,87.24857142857144,2013,8,329.0,264.0,3.0889285714285712,3.012857142857143,21.951428571428572,22.848857142857145,88.57857142857144,89.174,0,0,0,0,0,0,0,0,1,0,0
South,2013-09-01,603,1,0.689655172413793,6.6659999999999995,22.13542857142857,91.35028571428572,2013,9,125.0,329.0,2.6782142857142857,3.0889285714285712,21.766071428571426,21.951428571428572,87.24857142857144,88.57857142857144,1,0,0,0,0,0,0,0,1,0,0
South,2013-10-01,243,1,0.8928571428571428,9.102142857142857,22.278571428571425,92.71785714285714,2013,10,603.0,125.0,6.6659999999999995,2.6782142857142857,22.13542857142857,21.766071428571426,91.35028571428572,87.24857142857144,1,0,0,0,0,0,0,0,1,0,0
South,2013-11-01,294,2,0.9433962264150944,7.054285714285714,22.77107142857143,90.74428571428572,2013,11,243.0,603.0,9.102142857142857,6.6659999999999995,22.278571428571425,22.13542857142857,92.71785714285714,91.35028571428572,1,0,0,0,0,0,0,0,1,0,0
South,2013-12-01,104,1,0.8333333333333333,1.8539999999999999,22.77257142857143,85.44371428571428,2013,12,294.0,243.0,7.054285714285714,9.102142857142857,22.77107142857143,22.278571428571425,90.74428571428572,92.71785714285714,0,0,0,0,0,0,0,0,1,0,0
South,2014-01-01,102,0,0.0,0.4264285714285714,23.68714285714286,80.90964285714286,2014,1,104.0,294.0,1.8539999999999999,7.054285714285714,22.77257142857143,22.77107142857143,85.44371428571428,90.74428571428572,0,0,0,0,0,0,0,0,1,0,0
South,2014-02-01,287,0,0.0,0.32749999999999996,24.412142857142857,80.66428571428571,2014,2,102.0,104.0,0.4264285714285714,1.8539999999999999,23.68714285714286,22.77257142857143,80.90964285714286,85.44371428571428,1,0,0,0,0,0,0,0,1,0,0
South,2014-03-01,148,0,0.0,3.6102857142857148,23.63542857142857,87.152,2014,3,287.0,102.0,0.32749999999999996,0.4264285714285714,24.412142857142857,23.68714285714286,80.66428571428571,80.90964285714286,0,0,0,0,0,0,0,0,1,0,0
South,2014-04-01,409,4,1.5199637023593464,3.973214285714286,23.75,88.49428571428571,2014,4,148.0,287.0,3.6102857142857148,0.32749999999999996,23.63542857142857,24.412142857142857,87.152,80.66428571428571,1,0,0,0,0,0,0,0,1,0,0
South,2014-05-01,374,0,0.0,5.723571428571429,23.27892857142857,92.47285714285715,2014,5,409.0,148.0,3.973214285714286,3.6102857142857148,23.75,23.63542857142857,88.49428571428571,87.152,1,0,0,0,0,0,0,0,1,0,0
South,2014-06-01,197,1,0.6451612903225806,3.1734285714285715,23.183714285714284,88.89085714285714,2014,6,374.0,409.0,5.723571428571429,3.973214285714286,23.27892857142857,23.75,92.47285714285715,88.49428571428571,0,0,0,0,0,0,0,0,1,0,0
South,2014-07-01,245,1,0.5,2.0292857142857144,22.867857142857144,84.02892857142857,2014,7,197.0,374.0,3.1734285714285715,5.723571428571429,23.183714285714284,23.27892857142857,88.89085714285714,92.47285714285715,1,0,0,0,0,0,0,0,1,0,0
South,2014-08-01,299,1,0.8695652173913043,3.5274285714285716,22.354571428571425,86.4042857142857,2014,8,245.0,197.0,2.0292857142857144,3.1734285714285715,22.867857142857144,23.183714285714284,84.02892857142857,88.89085714285714,1,0,0,0,0,0,0,0,1,0,0
South,2014-09-01,601,2,0.3968253968253968,6.528928571428572,22.240357142857142,89.18857142857144,2014,9,299.0,245.0,3.5274285714285716,2.0292857142857144,22.354571428571425,22.867857142857144,86.4042857142857,84.02892857142857,1,0,0,0,0,0,0,0,1,0,0
South,2014-10-01,347,2,1.3166144200626957,7.491785714285714,22.44464285714286,91.74857142857142,2014,10,601.0,299.0,6.528928571428572,3.5274285714285716,22.240357142857142,22.354571428571425,89.18857142857144,86.4042857142857,1,0,0,0,0,0,0,0,1,0,0
South,2014-11-01,130,0,0.0,7.802,22.78142857142857,91.20371428571427,2014,11,347.0,601.0,7.491785714285714,6.528928571428572,22.44464285714286,22.240357142857142,91.74857142857142,89.18857142857144,0,0,0,0,0,0,0,0,1,0,0
South,2014-12-01,60,0,0.0,1.1175,23.60142857142857,84.44607142857143,2014,12,130.0,347.0,7.802,7.491785714285714,22.78142857142857,22.44464285714286,91.20371428571427,91.74857142857142,0,0,0,0,0,0,0,0,1,0,0
South,2015-01-01,87,0,0.0,0.20428571428571424,23.396785714285713,74.77464285714285,2015,1,60.0,130.0,1.1175,7.802,23.60142857142857,22.78142857142857,84.44607142857143,91.20371428571427,0,0,0,0,0,0,0,0,1,0,0
South,2015-02-01,60,0,0.0,1.0257142857142858,24.48,81.215,2015,2,87.0,60.0,0.20428571428571424,1.1175,23.396785714285713,23.60142857142857,74.77464285714285,84.44607142857143,0,0,0,0,0,0,0,0,1,0,0
South,2015-03-01,746,3,0.40540540540540543,2.8251428571428567,24.194857142857142,84.87057142857142,2015,3,60.0,87.0,1.0257142857142858,0.20428571428571424,24.48,23.396785714285713,81.215,74.77464285714285,2,0,0,0,0,0,0,0,1,0,0
South,2015-04-01,99,1,1.1363636363636365,7.991428571428571,23.275714285714287,91.31857142857143,2015,4,746.0,60.0,2.8251428571428567,1.0257142857142858,24.194857142857142,24.48,84.87057142857142,81.215,0,0,0,0,0,0,0,0,1,0,0
South,2015-05-01,680,2,0.9109109109109109,5.716,23.453142857142858,91.71885714285715,2015,5,99.0,746.0,7.991428571428571,2.8251428571428567,23.275714285714287,24.194857142857142,91.31857142857143,84.87057142857142,1,0,0,0,0,0,0,0,1,0,0
South,2015-06-01,446,1,0.8064516129032258,4.3914285714285715,22.807142857142857,90.11821428571429,2015,6,680.0,99.0,5.716,7.991428571428571,23.453142857142858,23.275714285714287,91.71885714285715,91.31857142857143,1,0,0,0,0,0,0,0,1,0,0
South,2015-07-01,323,0,0.0,2.430357142857143,22.8,88.17321428571428,2015,7,446.0,680.0,4.3914285714285715,5.716,22.807142857142857,23.453142857142858,90.11821428571429,91.71885714285715,1,0,0,0,0,0,0,0,1,0,0
South,2015-08-01,344,1,0.4651162790697675,2.846857142857143,22.727428571428568,86.5837142857143,2015,8,323.0,446.0,2.430357142857143,4.3914285714285715,22.8,22.807142857142857,88.17321428571428,90.11821428571429,1,0,0,0,0,0,0,0,1,0,0
South,2015-09-01,178,1,0.8333333333333333,6.191428571428571,22.708928571428572,90.55607142857143,2015,9,344.0,323.0,2.846857142857143,2.430357142857143,22.727428571428568,22.8,86.5837142857143,88.17321428571428,0,0,0,0,0,0,0,0,1,0,0
South,2015-10-01,323,0,0.0,7.412857142857144,22.806428571428572,92.5482142857143,2015,10,178.0,344.0,6.191428571428571,2.846857142857143,22.708928571428572,22.727428571428568,90.55607142857143,86.5837142857143,1,0,0,0,0,0,0,0,1,0,0
South,2015-11-01,620,1,0.2564102564102564,7.044285714285715,23.042571428571428,89.83228571428572,2015,11,323.0,178.0,7.412857142857144,6.191428571428571,22.806428571428572,22.708928571428572,92.5482142857143,90.55607142857143,1,0,0,0,0,0,0,0,1,0,0
South,2015-12-01,0,0,0.0,0.8946428571428572,22.980714285714285,77.54071428571429,2015,12,620.0,323.0,7.044285714285715,7.412857142857144,23.042571428571428,22.806428571428572,89.83228571428572,92.5482142857143,0,0,0,0,0,0,0,0,1,0,0
South,2016-01-01,121,0,0.0,0.8321428571428571,24.86857142857143,75.09178571428572,2016,1,0.0,620.0,0.8946428571428572,7.044285714285715,22.980714285714285,23.042571428571428,77.54071428571429,89.83228571428572,0,0,0,0,0,0,0,0,1,0,0
South,2016-02-01,81,0,0.0,0.395,25.667142857142856,75.24642857142858,2016,2,121.0,0.0,0.8321428571428571,0.8946428571428572,24.86857142857143,22.980714285714285,75.09178571428572,77.54071428571429,0,0,0,0,0,0,0,0,1,0,0
South,2016-03-01,138,2,0.8928571428571428,5.1475,24.638928571428572,87.60071428571429,2016,3,81.0,121.0,0.395,0.8321428571428571,25.667142857142856,24.86857142857143,75.24642857142858,75.09178571428572,0,0,0,0,0,0,0,0,1,0,0
South,2016-04-01,453,1,0.3787878787878788,7.5771428571428565,24.214642857142856,91.36321428571429,2016,4,138.0,81.0,5.1475,0.395,24.638928571428572,25.667142857142856,87.60071428571429,75.24642857142858,1,0,0,0,0,0,0,0,1,0,0
South,2016-05-01,633,2,0.6852721746338768,6.267428571428572,23.637142857142855,92.42714285714285,2016,5,453.0,138.0,7.5771428571428565,5.1475,24.214642857142856,24.638928571428572,91.36321428571429,87.60071428571429,1,0,0,0,0,0,0,0,1,0,0
South,2016-06-01,614,3,1.6933458882611423,5.753214285714286,22.721785714285716,91.94607142857143,2016,6,633.0,453.0,6.267428571428572,7.5771428571428565,23.637142857142855,24.214642857142856,92.42714285714285,91.36321428571429,1,0,0,0,0,0,0,0,1,0,0
South,2016-07-01,145,1,1.0,2.4831428571428575,22.546857142857142,89.49142857142857,2016,7,614.0,633.0,5.753214285714286,6.267428571428572,22.721785714285716,23.637142857142855,91.94607142857143,92.42714285714285,0,0,0,0,0,0,0,0,1,0,0
South,2016-08-01,310,0,0.0,6.983928571428572,22.37035714285714,90.87464285714286,2016,8,145.0,614.0,2.4831428571428575,5.753214285714286,22.546857142857142,22.721785714285716,89.49142857142857,91.94607142857143,1,0,0,0,0,0,0,0,1,0,0
South,2016-09-01,777,4,1.8990721344082608,7.524285714285714,22.182142857142857,92.62857142857143,2016,9,310.0,145.0,6.983928571428572,2.4831428571428575,22.37035714285714,22.546857142857142,90.87464285714286,89.49142857142857,2,0,0,0,0,0,0,0,1,0,0
South,2016-10-01,66,0,0.0,8.373142857142856,22.837142857142858,92.03399999999999,2016,10,777.0,310.0,7.524285714285714,6.983928571428572,22.182142857142857,22.37035714285714,92.62857142857143,90.87464285714286,0,0,0,0,0,0,0,0,1,0,0
South,2016-11-01,202,1,1.0416666666666665,5.3760714285714295,23.301428571428573,90.14785714285715,2016,11,66.0,777.0,8.373142857142856,7.524285714285714,22.837142857142858,22.182142857142857,92.03399999999999,92.62857142857143,0,0,0,0,0,0,0,0,1,0,0
South,2016-12-01,104,0,0.0,1.1917857142857142,23.625714285714288,86.64035714285714,2016,12,202.0,66.0,5.3760714285714295,8.373142857142856,23.301428571428573,22.837142857142858,90.14785714285715,92.03399999999999,0,0,0,0,0,0,0,0,1,0,0
South,2017-01-01,65,1,0.9090909090909092,0.6151428571428571,23.752285714285716,84.41114285714286,2017,1,104.0,202.0,1.1917857142857142,5.3760714285714295,23.625714285714288,23.301428571428573,86.64035714285714,90.14785714285715,0,0,0,0,0,0,0,0,1,0,0
South,2017-02-01,134,0,0.0,0.7282142857142857,24.399642857142858,82.76,2017,2,65.0,104.0,0.6151428571428571,1.1917857142857142,23.752285714285716,23.625714285714288,84.41114285714286,86.64035714285714,0,0,0,0,0,0,0,0,1,0,0
South,2017-03-01,126,0,0.0,4.0007142857142854,24.010714285714286,87.33107142857143,2017,3,134.0,65.0,0.7282142857142857,0.6151428571428571,24.399642857142858,23.752285714285716,82.76,84.41114285714286,0,0,0,0,0,0,0,0,1,0,0
South,2017-04-01,283,1,0.3703703703703704,6.0685714285714285,23.829428571428572,91.00857142857143,2017,4,126.0,134.0,4.0007142857142854,0.7282142857142857,24.010714285714286,24.399642857142858,87.33107142857143,82.76,1,0,0,0,0,0,0,0,1,0,0
South,2017-05-01,511,4,0.9571428571428571,9.379999999999999,23.438928571428573,92.21964285714286,2017,5,283.0,126.0,6.0685714285714285,4.0007142857142854,23.829428571428572,24.010714285714286,91.00857142857143,87.33107142857143,1,0,0,0,0,0,0,0,1,0,0
South,2017-06-01,174,0,0.0,4.7475000000000005,23.105357142857144,91.45642857142857,2017,6,511.0,283.0,9.379999999999999,6.0685714285714285,23.438928571428573,23.829428571428572,92.21964285714286,91.00857142857143,0,0,0,0,0,0,0,0,1,0,0
South,2017-07-01,273,0,0.0,3.6065714285714288,22.404,90.07742857142857,2017,7,174.0,511.0,4.7475000000000005,9.379999999999999,23.105357142857144,23.438928571428573,91.45642857142857,92.21964285714286,1,0,0,0,0,0,0,0,1,0,0
South,2017-08-01,285,1,0.5434782608695652,4.4275,22.051785714285717,91.3507142857143,2017,8,273.0,174.0,3.6065714285714288,4.7475000000000005,22.404,23.105357142857144,90.07742857142857,91.45642857142857,1,0,0,0,0,0,0,0,1,0,0
South,2017-09-01,262,1,0.5319148936170213,5.409642857142857,22.350357142857142,91.47607142857143,2017,9,285.0,273.0,4.4275,3.6065714285714288,22.051785714285717,22.404,91.3507142857143,90.07742857142857,1,0,0,0,0,0,0,0,1,0,0
South,2017-10-01,627,3,1.4048531289910602,6.101714285714285,22.740857142857145,92.50885714285714,2017,10,262.0,285.0,5.409642857142857,4.4275,22.350357142857142,22.051785714285717,91.47607142857143,91.3507142857143,1,0,0,0,0,0,0,0,1,0,0
South,2017-11-01,226,1,0.5555555555555556,6.654642857142857,22.89785714285714,90.91464285714285,2017,11,627.0,262.0,6.101714285714285,5.409642857142857,22.740857142857145,22.350357142857142,92.50885714285714,91.47607142857143,1,0,0,0,0,0,0,0,1,0,0
South,2017-12-01,136,1,0.7692307692307693,0.7168571428571429,23.672857142857143,86.02685714285715,2017,12,226.0,627.0,6.654642857142857,6.101714285714285,22.89785714285714,22.740857142857145,90.91464285714285,92.50885714285714,0,0,0,0,0,0,0,0,1,0,0
South,2018-01-01,21,0,0.0,0.4278571428571428,23.298571428571428,80.40035714285715,2018,1,136.0,226.0,0.7168571428571429,6.654642857142857,23.672857142857143,22.89785714285714,86.02685714285715,90.91464285714285,0,0,0,0,0,0,0,0,1,0,0
South,2018-02-01,60,0,0.0,2.3600000000000003,24.63,82.61214285714286,2018,2,21.0,136.0,0.4278571428571428,0.7168571428571429,23.298571428571428,23.672857142857143,80.40035714285715,86.02685714285715,0,0,0,0,0,0,0,0,1,0,0
South,2018-03-01,0,0,0.0,4.187142857142857,23.607857142857142,87.24785714285716,2018,3,60.0,21.0,2.3600000000000003,0.4278571428571428,24.63,23.298571428571428,82.61214285714286,80.40035714285715,0,0,0,0,0,0,0,0,1,0,0
South,2018-04-01,0,0,0.0,4.627142857142857,23.553428571428572,89.65171428571429,2018,4,0.0,60.0,4.187142857142857,2.3600000000000003,23.607857142857142,24.63,87.24785714285716,82.61214285714286,0,0,0,0,0,0,0,0,1,0,0
South,2018-05-01,0,0,0.0,3.7085714285714286,23.49535714285714,90.11678571428571,2018,5,0.0,0.0,4.627142857142857,4.187142857142857,23.553428571428572,23.607857142857142,89.65171428571429,87.24785714285716,0,0,0,0,0,0,0,0,1,0,0
South,2018-06-01,0,0,0.0,3.5057142857142862,23.35107142857143,87.28999999999999,2018,6,0.0,0.0,3.7085714285714286,4.627142857142857,23.49535714285714,23.553428571428572,90.11678571428571,89.65171428571429,0,0,0,0,0,0,0,0,1,0,0
South,2018-07-01,0,0,0.0,4.638857142857143,22.562285714285714,89.258,2018,7,0.0,0.0,3.5057142857142862,3.7085714285714286,23.35107142857143,23.49535714285714,87.28999999999999,90.11678571428571,0,0,0,0,0,0,0,0,1,0,0
South,2018-08-01,16,0,0.0,3.4474338624338623,22.25350529100529,88.68064814814815,2018,8,0.0,0.0,4.638857142857143,3.5057142857142862,22.562285714285714,23.35107142857143,89.258,87.28999999999999,0,0,0,0,0,0,0,0,1,0,0
South,2018-09-01,0,0,0.0,5.941714285714285,22.572,90.65942857142856,2018,9,16.0,0.0,3.4474338624338623,4.638857142857143,22.25350529100529,22.562285714285714,88.68064814814815,89.258,0,0,0,0,0,0,0,0,1,0,0
South,2018-10-01,119,0,0.0,7.408928571428572,22.806428571428572,91.55892857142857,2018,10,0.0,16.0,5.941714285714285,3.4474338624338623,22.572,22.25350529100529,90.65942857142856,88.68064814814815,0,0,0,0,0,0,0,0,1,0,0
South,2018-11-01,0,0,0.0,5.411428571428572,23.267500000000002,91.53714285714285,2018,11,119.0,0.0,7.408928571428572,5.941714285714285,22.806428571428572,22.572,91.55892857142857,90.65942857142856,0,0,0,0,0,0,0,0,1,0,0
South,2018-12-01,0,0,0.0,0.2639285714285714,24.0625,82.56678571428571,2018,12,0.0,119.0,5.411428571428572,7.408928571428572,23.267500000000002,22.806428571428572,91.53714285714285,91.55892857142857,0,0,0,0,0,0,0,0,1,0,0
South,2019-01-01,21,0,0.0,0.32535714285714284,25.072142857142858,76.25964285714286,2019,1,0.0,0.0,0.2639285714285714,5.411428571428572,24.0625,23.267500000000002,82.56678571428571,91.53714285714285,0,0,0,0,0,0,0,0,1,0,0
South,2019-02-01,0,0,0.0,1.0192857142857141,25.3725,76.31321428571428,2019,2,21.0,0.0,0.32535714285714284,0.2639285714285714,25.072142857142858,24.0625,76.25964285714286,82.56678571428571,0,0,0,0,0,0,0,0,1,0,0
South,2019-03-01,20,0,0.0,2.2942857142857145,24.966785714285713,81.74535714285715,2019,3,0.0,21.0,1.0192857142857141,0.32535714285714284,25.3725,25.072142857142858,76.31321428571428,76.25964285714286,0,0,0,0,0,0,0,0,1,0,0
South,2019-05-01,0,0,0.0,2.37,24.64285714285714,83.00571428571428,2019,5,20.0,0.0,2.2942857142857145,1.0192857142857141,24.966785714285713,25.3725,81.74535714285715,76.31321428571428,0,0,0,0,0,0,0,0,1,0,0
South,2019-12-01,0,0,0.0,3.213296703296703,24.0264010989011,83.22648351648351,2019,12,0.0,20.0,2.37,2.2942857142857145,24.64285714285714,24.966785714285713,83.00571428571428,81.74535714285715,0,0,0,0,0,0,0,0,1,0,0
South,2020-01-01,23,0,0.0,0.026071428571428523,25.137857142857143,67.69321428571429,2020,1,0.0,0.0,3.213296703296703,2.37,24.0264010989011,24.64285714285714,83.22648351648351,83.00571428571428,0,0,0,0,0,0,0,0,1,0,0
South,2020-02-01,54,0,0.0,0.5360714285714285,26.396071428571428,67.18535714285714,2020,2,23.0,0.0,0.026071428571428523,3.213296703296703,25.137857142857143,24.0264010989011,67.69321428571429,83.22648351648351,0,0,0,0,0,0,0,0,1,0,0
South,2020-03-01,36,0,0.0,12.492571428571429,24.975428571428573,83.23885714285714,2020,3,54.0,23.0,0.5360714285714285,0.026071428571428523,26.396071428571428,25.137857142857143,67.18535714285714,67.69321428571429,0,0,0,0,0,0,0,0,1,0,0
South,2020-04-01,97,0,0.0,6.4925,23.713214285714283,90.38607142857143,2020,4,36.0,54.0,12.492571428571429,0.5360714285714285,24.975428571428573,26.396071428571428,83.23885714285714,67.18535714285714,0,0,0,0,0,0,0,0,1,0,0
South,2020-05-01,252,2,1.5879999999999999,6.914285714285714,23.60257142857143,91.67800000000001,2020,5,97.0,36.0,6.4925,12.492571428571429,23.713214285714283,24.975428571428573,90.38607142857143,83.23885714285714,1,0,0,0,0,0,0,0,1,0,0
South,2020-06-01,355,5,5.185,4.883214285714286,22.998571428571424,90.60892857142856,2020,6,252.0,97.0,6.914285714285714,6.4925,23.60257142857143,23.713214285714283,91.67800000000001,90.38607142857143,1,0,0,0,0,0,0,0,1,0,0
South,2020-07-01,404,6,4.095,7.16,22.005714285714284,91.93892857142856,2020,7,355.0,252.0,4.883214285714286,6.914285714285714,22.998571428571424,23.60257142857143,90.60892857142856,91.67800000000001,1,0,0,0,0,0,0,0,1,0,0
South,2020-08-01,369,2,1.39,4.767428571428572,22.051142857142857,90.45942857142856,2020,8,404.0,355.0,7.16,4.883214285714286,22.005714285714284,22.998571428571424,91.93892857142856,90.60892857142856,1,0,0,0,0,0,0,0,1,0,0
South,2020-09-01,259,2,1.8625,7.7839285714285715,22.012857142857147,92.64392857142856,2020,9,369.0,404.0,4.767428571428572,7.16,22.051142857142857,22.005714285714284,90.45942857142856,91.93892857142856,1,0,0,0,0,0,0,0,1,0,0
South,2020-10-01,999,1,1.25,5.011669851887243,22.53814978499761,90.48874462494027,2020,10,259.0,369.0,7.7839285714285715,4.767428571428572,22.012857142857147,22.051142857142857,92.64392857142856,90.45942857142856,2,0,0,0,0,0,0,0,1,0,0
South,2020-11-01,0,0,0.0,9.581428571428571,22.863571428571433,91.72,2020,11,999.0,259.0,5.011669851887243,7.7839285714285715,22.53814978499761,22.012857142857147,90.48874462494027,92.64392857142856,0,0,0,0,0,0,0,0,1,0,0
South,2020-12-01,43,0,0.0,2.5151036622276033,23.47533519975787,85.96242282082324,2020,12,0.0,999.0,9.581428571428571,5.011669851887243,22.863571428571433,22.53814978499761,91.72,90.48874462494027,0,0,0,0,0,0,0,0,1,0,0
South,2022-01-01,106,0,0.0,0.20535714285714285,23.644285714285715,81.52857142857142,2022,1,43.0,0.0,2.5151036622276033,9.581428571428571,23.47533519975787,22.863571428571433,85.96242282082324,91.72,0,0,0,0,0,0,0,0,1,0,0
South,2022-02-01,37,0,0.0,0.33761904761904754,24.36952380952381,78.68904761904763,2022,2,106.0,43.0,0.20535714285714285,2.5151036622276033,23.644285714285715,23.47533519975787,81.52857142857142,85.96242282082324,0,0,0,0,0,0,0,0,1,0,0
South,2022-03-01,0,0,0.0,1.5435714285714286,24.54714285714286,84.21142857142857,2022,3,37.0,106.0,0.33761904761904754,0.20535714285714285,24.36952380952381,23.644285714285715,78.68904761904763,81.52857142857142,0,0,0,0,0,0,0,0,1,0,0
South,2022-04-01,0,0,0.0,2.2864285714285715,24.29642857142857,84.81,2022,4,0.0,37.0,1.5435714285714286,0.33761904761904754,24.54714285714286,24.36952380952381,84.21142857142857,78.68904761904763,0,0,0,0,0,0,0,0,1,0,0
South,2022-07-01,0,0,0.0,3.245119047619048,23.659206349206357,86.16892857142857,2022,7,0.0,0.0,2.2864285714285715,1.5435714285714286,24.29642857142857,24.54714285714286,84.81,84.21142857142857,0,0,0,0,0,0,0,0,1,0,0
South-West,2010-01-01,764,1,0.2688172043010753,3.3535714285714286,25.182142857142857,84.31785714285714,2010,1,0.0,0.0,0.0,0.0,0.0,0.0,0.0,0.0,2,0,0,0,0,0,0,0,0,1,0
South-West,2010-02-01,743,4,2.1436388814437595,5.793928571428571,25.340714285714284,87.77785714285714,2010,2,764.0,0.0,3.3535714285714286,0.0,25.182142857142857,0.0,84.31785714285714,0.0,2,0,0,0,0,0,0,0,0,1,0
South-West,2010-03-01,91,0,0.0,5.4642857142857135,25.42857142857143,88.15535714285714,2010,3,743.0,764.0,5.793928571428571,3.3535714285714286,25.340714285714284,25.182142857142857,87.77785714285714,84.31785714285714,0,0,0,0,0,0,0,0,0,1,0
South-West,2010-04-01,591,1,0.6097560975609756,6.857499999999999,25.64464285714286,89.82999999999998,2010,4,91.0,743.0,5.4642857142857135,5.793928571428571,25.42857142857143,25.340714285714284,88.15535714285714,87.77785714285714,1,0,0,0,0,0,0,0,0,1,0
South-West,2010-05-01,852,1,0.37735849056603776,5.266857142857143,25.004285714285714,91.53485714285715,2010,5,591.0,91.0,6.857499999999999,5.4642857142857135,25.64464285714286,25.42857142857143,89.82999999999998,88.15535714285714,2,0,0,0,0,0,0,0,0,1,0
South-West,2010-06-01,1042,2,0.6882440476190477,7.0792857142857155,24.183571428571426,91.3775,2010,6,852.0,591.0,5.266857142857143,6.857499999999999,25.004285714285714,25.64464285714286,91.53485714285715,89.82999999999998,2,0,0,0,0,0,0,0,0,1,0
South-West,2010-07-01,626,4,1.2539651070578908,18.165714285714287,23.212142857142858,92.69749999999999,2010,7,1042.0,852.0,7.0792857142857155,5.266857142857143,24.183571428571426,25.004285714285714,91.3775,91.53485714285715,1,0,0,0,0,0,0,0,0,1,0
South-West,2010-08-01,1127,4,1.1264057579847053,16.968,23.108285714285717,92.66314285714284,2010,8,626.0,1042.0,18.165714285714287,7.0792857142857155,23.212142857142858,24.183571428571426,92.69749999999999,91.3775,2,0,0,0,0,0,0,0,0,1,0
South-West,2010-09-01,981,5,0.5656108597285068,8.25,23.259285714285713,91.38892857142856,2010,9,1127.0,626.0,16.968,18.165714285714287,23.108285714285717,23.212142857142858,92.66314285714284,92.69749999999999,2,0,0,0,0,0,0,0,0,1,0
South-West,2010-10-01,1111,4,0.599624060150376,6.687714285714286,23.669142857142855,91.47371428571428,2010,10,981.0,1127.0,8.25,16.968,23.259285714285713,23.108285714285717,91.38892857142856,92.66314285714284,2,0,0,0,0,0,0,0,0,1,0
South-West,2010-11-01,644,4,2.069194893718796,3.0617857142857146,24.060714285714287,90.41428571428571,2010,11,1111.0,981.0,6.687714285714286,8.25,23.669142857142855,23.259285714285713,91.47371428571428,91.38892857142856,1,0,0,0,0,0,0,0,0,1,0
South-West,2010-12-01,1545,15,3.3972852404643445,2.655092857142857,24.292328571428573,85.66084285714285,2010,12,644.0,1111.0,3.0617857142857146,6.687714285714286,24.060714285714287,23.669142857142855,90.41428571428571,91.47371428571428,2,0,0,0,0,0,0,0,0,1,0
South-West,2011-01-01,862,2,1.360544217687075,0.29257142857142854,24.731142857142856,77.60314285714286,2011,1,1545.0,644.0,2.655092857142857,3.0617857142857146,24.292328571428573,24.060714285714287,85.66084285714285,90.41428571428571,2,0,0,0,0,0,0,0,0,1,0
South-West,2011-02-01,1036,2,0.7043650793650793,2.8121428571428577,24.9525,84.80499999999999,2011,2,862.0,1545.0,0.29257142857142854,2.655092857142857,24.731142857142856,24.292328571428573,77.60314285714286,85.66084285714285,2,0,0,0,0,0,0,0,0,1,0
South-West,2011-03-01,1072,4,1.0850439882697946,4.006785714285715,25.104285714285716,86.74321428571429,2011,3,1036.0,862.0,2.8121428571428577,0.29257142857142854,24.9525,24.731142857142856,84.80499999999999,77.60314285714286,2,0,0,0,0,0,0,0,0,1,0
South-West,2011-04-01,1382,11,3.4413063284838485,4.445357142857143,25.063214285714285,88.40607142857142,2011,4,1072.0,1036.0,4.006785714285715,2.8121428571428577,25.104285714285716,24.9525,86.74321428571429,84.80499999999999,2,0,0,0,0,0,0,0,0,1,0
South-West,2011-05-01,2750,15,2.2776387694941493,4.554285714285714,24.804285714285715,90.50742857142856,2011,5,1382.0,1072.0,4.445357142857143,4.006785714285715,25.063214285714285,25.104285714285716,88.40607142857142,86.74321428571429,2,0,0,0,0,0,0,0,0,1,0
South-West,2011-06-01,2489,13,1.6036376264371897,11.092142857142859,23.986785714285716,92.48107142857143,2011,6,2750.0,1382.0,4.554285714285714,4.445357142857143,24.804285714285715,25.063214285714285,90.50742857142856,88.40607142857142,2,0,0,0,0,0,0,0,0,1,0
South-West,2011-07-01,2345,11,1.6938899633618,17.516285714285715,23.15942857142857,92.53342857142857,2011,7,2489.0,2750.0,11.092142857142859,4.554285714285714,23.986785714285716,24.804285714285715,92.48107142857143,90.50742857142856,2,0,0,0,0,0,0,0,0,1,0
South-West,2011-08-01,2083,11,1.149857658535896,23.996071428571426,22.79607142857143,93.5025,2011,8,2345.0,2489.0,17.516285714285715,11.092142857142859,23.15942857142857,23.986785714285716,92.53342857142857,92.48107142857143,2,0,0,0,0,0,0,0,0,1,0
South-West,2011-09-01,5072,8,1.3003248159759244,17.923109433962264,23.422408625336928,91.55162587601077,2011,9,2083.0,2345.0,23.996071428571426,17.516285714285715,22.79607142857143,23.15942857142857,93.5025,92.53342857142857,2,0,0,0,0,0,0,0,0,1,0
South-West,2011-10-01,1156,3,0.6520321669202348,9.859428571428571,23.54542857142857,92.0942857142857,2011,10,5072.0,2083.0,17.923109433962264,23.996071428571426,23.422408625336928,22.79607142857143,91.55162587601077,93.5025,2,0,0,0,0,0,0,0,0,1,0
South-West,2011-11-01,262,1,1.0869565217391304,1.8932142857142857,24.20964285714286,89.70142857142856,2011,11,1156.0,5072.0,9.859428571428571,17.923109433962264,23.54542857142857,23.422408625336928,92.0942857142857,91.55162587601077,1,0,0,0,0,0,0,0,0,1,0
South-West,2011-12-01,365,1,0.4901960784313725,1.471732142857143,24.159258928571433,83.87370089285714,2011,12,262.0,1156.0,1.8932142857142857,9.859428571428571,24.20964285714286,23.54542857142857,89.70142857142856,92.0942857142857,1,0,0,0,0,0,0,0,0,1,0
South-West,2012-01-01,416,0,0.0,0.4048571428571428,24.93657142857143,79.31171428571429,2012,1,365.0,262.0,1.471732142857143,1.8932142857142857,24.159258928571433,24.20964285714286,83.87370089285714,89.70142857142856,1,0,0,0,0,0,0,0,0,1,0
South-West,2012-02-01,506,1,0.423728813559322,4.466785714285715,25.02607142857143,83.70964285714285,2012,2,416.0,365.0,0.4048571428571428,1.471732142857143,24.93657142857143,24.159258928571433,79.31171428571429,83.87370089285714,1,0,0,0,0,0,0,0,0,1,0
South-West,2012-03-01,180,0,0.0,0.9978571428571429,25.060357142857143,86.305,2012,3,506.0,416.0,4.466785714285715,0.4048571428571428,25.02607142857143,24.93657142857143,83.70964285714285,79.31171428571429,0,0,0,0,0,0,0,0,0,1,0
South-West,2012-04-01,310,0,0.0,7.402571428571427,24.856285714285715,89.61371428571428,2012,4,180.0,506.0,0.9978571428571429,4.466785714285715,25.060357142857143,25.02607142857143,86.305,83.70964285714285,1,0,0,0,0,0,0,0,0,1,0
South-West,2012-05-01,585,2,1.7857142857142856,3.083214285714286,24.2675,90.48071428571428,2012,5,310.0,180.0,7.402571428571427,0.9978571428571429,24.856285714285715,25.060357142857143,89.61371428571428,86.305,1,0,0,0,0,0,0,0,0,1,0
South-West,2012-06-01,2142,13,1.5227231577041465,12.342142857142857,23.979642857142856,90.90107142857144,2012,6,585.0,310.0,3.083214285714286,7.402571428571427,24.2675,24.856285714285715,90.48071428571428,89.61371428571428,2,0,0,0,0,0,0,0,0,1,0
South-West,2012-07-01,958,4,0.4651162790697675,20.040857142857142,22.805142857142854,93.286,2012,7,2142.0,585.0,12.342142857142857,3.083214285714286,23.979642857142856,24.2675,90.90107142857144,90.48071428571428,2,0,0,0,0,0,0,0,0,1,0
South-West,2012-08-01,1094,9,1.817220245156188,14.222142857142856,22.604285714285716,92.8225,2012,8,958.0,2142.0,20.040857142857142,12.342142857142857,22.805142857142854,23.979642857142856,93.286,90.90107142857144,2,0,0,0,0,0,0,0,0,1,0
South-West,2012-09-01,1053,7,1.3167524299599773,17.574285714285715,23.148857142857146,92.33000000000001,2012,9,1094.0,958.0,14.222142857142856,20.040857142857142,22.604285714285716,22.805142857142854,92.8225,93.286,2,0,0,0,0,0,0,0,0,1,0
South-West,2012-10-01,1774,11,2.304042334666124,9.663928571428572,23.643214285714286,91.73964285714285,2012,10,1053.0,1094.0,17.574285714285715,14.222142857142856,23.148857142857146,22.604285714285716,92.33000000000001,92.8225,2,0,0,0,0,0,0,0,0,1,0
South-West,2012-11-01,1078,6,1.2333152958152958,7.643571428571429,24.065357142857145,91.68035714285713,2012,11,1774.0,1053.0,9.663928571428572,17.574285714285715,23.643214285714286,23.148857142857146,91.73964285714285,92.33000000000001,2,0,0,0,0,0,0,0,0,1,0
South-West,2012-12-01,243,0,0.0,1.826285714285714,24.380285714285712,86.12342857142858,2012,12,1078.0,1774.0,7.643571428571429,9.663928571428572,24.065357142857145,23.643214285714286,91.68035714285713,91.73964285714285,1,0,0,0,0,0,0,0,0,1,0
South-West,2013-01-01,373,2,0.641025641025641,0.4232142857142857,24.771785714285713,86.06214285714286,2013,1,243.0,1078.0,1.826285714285714,7.643571428571429,24.380285714285712,24.065357142857145,86.12342857142858,91.68035714285713,1,0,0,0,0,0,0,0,0,1,0
South-West,2013-02-01,553,5,2.8266070314125233,1.750714285714286,24.950714285714284,84.05571428571429,2013,2,373.0,243.0,0.4232142857142857,1.826285714285714,24.771785714285713,24.380285714285712,86.06214285714286,86.12342857142858,1,0,0,0,0,0,0,0,0,1,0
South-West,2013-03-01,469,0,0.0,5.602571428571428,24.912857142857142,88.57114285714286,2013,3,553.0,373.0,1.750714285714286,0.4232142857142857,24.950714285714284,24.771785714285713,84.05571428571429,86.06214285714286,1,0,0,0,0,0,0,0,0,1,0
South-West,2013-04-01,1341,4,1.5789868667917448,8.536428571428573,24.686785714285712,89.80000000000001,2013,4,469.0,553.0,5.602571428571428,1.750714285714286,24.912857142857142,24.950714285714284,88.57114285714286,84.05571428571429,2,0,0,0,0,0,0,0,0,1,0
South-West,2013-05-01,1022,6,1.2981162981162981,4.786071428571429,24.735,91.07785714285714,2013,5,1341.0,469.0,8.536428571428573,5.602571428571428,24.686785714285712,24.912857142857142,89.80000000000001,88.57114285714286,2,0,0,0,0,0,0,0,0,1,0
South-West,2013-06-01,1443,6,1.4679403385285739,11.411428571428571,23.625142857142855,92.97714285714287,2013,6,1022.0,1341.0,4.786071428571429,8.536428571428573,24.735,24.686785714285712,91.07785714285714,89.80000000000001,2,0,0,0,0,0,0,0,0,1,0
South-West,2013-07-01,989,5,0.9145188307127033,13.955714285714286,22.617857142857144,93.34464285714286,2013,7,1443.0,1022.0,11.411428571428571,4.786071428571429,23.625142857142855,24.735,92.97714285714287,91.07785714285714,2,0,0,0,0,0,0,0,0,1,0
South-West,2013-08-01,1298,5,1.2988437001594897,9.2775,22.38357142857143,92.58464285714287,2013,8,989.0,1443.0,13.955714285714286,11.411428571428571,22.617857142857144,23.625142857142855,93.34464285714286,92.97714285714287,2,0,0,0,0,0,0,0,0,1,0
South-West,2013-09-01,2595,14,1.3149797570850201,17.328,23.12,92.90114285714284,2013,9,1298.0,989.0,9.2775,13.955714285714286,22.38357142857143,22.617857142857144,92.58464285714287,93.34464285714286,2,0,0,0,0,0,0,0,0,1,0
South-West,2013-10-01,1171,7,1.0822021116138762,12.622857142857143,23.548571428571424,91.92857142857142,2013,10,2595.0,1298.0,17.328,9.2775,23.12,22.38357142857143,92.90114285714284,92.58464285714287,2,0,0,0,0,0,0,0,0,1,0
South-West,2013-11-01,1454,8,0.9692513368983956,10.636071428571428,23.97285714285714,91.34928571428571,2013,11,1171.0,2595.0,12.622857142857143,17.328,23.548571428571424,23.12,91.92857142857142,92.90114285714284,2,0,0,0,0,0,0,0,0,1,0
South-West,2013-12-01,598,1,0.43478260869565216,1.9825714285714287,24.256571428571426,86.32742857142857,2013,12,1454.0,1171.0,10.636071428571428,12.622857142857143,23.97285714285714,23.548571428571424,91.34928571428571,91.92857142857142,1,0,0,0,0,0,0,0,0,1,0
South-West,2014-01-01,177,0,0.0,0.12785714285714284,24.696428571428573,83.88357142857143,2014,1,598.0,1454.0,1.9825714285714287,10.636071428571428,24.256571428571426,23.97285714285714,86.32742857142857,91.34928571428571,0,0,0,0,0,0,0,0,0,1,0
South-West,2014-02-01,492,0,0.0,0.3567857142857142,25.337142857142858,83.845,2014,2,177.0,598.0,0.12785714285714284,1.9825714285714287,24.696428571428573,24.256571428571426,83.88357142857143,86.32742857142857,1,0,0,0,0,0,0,0,0,1,0
South-West,2014-03-01,843,0,0.0,5.9479999999999995,24.902285714285714,88.34514285714286,2014,3,492.0,177.0,0.3567857142857142,0.12785714285714284,25.337142857142858,24.696428571428573,83.845,83.88357142857143,2,0,0,0,0,0,0,0,0,1,0
South-West,2014-04-01,535,2,0.9196696696696696,3.1039285714285714,24.841071428571432,89.30571428571429,2014,4,843.0,492.0,5.9479999999999995,0.3567857142857142,24.902285714285714,25.337142857142858,88.34514285714286,83.845,1,0,0,0,0,0,0,0,0,1,0
South-West,2014-05-01,323,1,0.0,6.974285714285715,24.67892857142857,90.30785714285715,2014,5,535.0,843.0,3.1039285714285714,5.9479999999999995,24.841071428571432,24.902285714285714,89.30571428571429,88.34514285714286,1,0,0,0,0,0,0,0,0,1,0
South-West,2014-06-01,947,3,1.0333333333333334,4.806857142857142,24.312,91.018,2014,6,323.0,535.0,6.974285714285715,3.1039285714285714,24.67892857142857,24.841071428571432,90.30785714285715,89.30571428571429,2,0,0,0,0,0,0,0,0,1,0
South-West,2014-07-01,1703,5,0.910960916838084,10.531428571428572,23.305000000000003,91.31071428571428,2014,7,947.0,323.0,4.806857142857142,6.974285714285715,24.312,24.67892857142857,91.018,90.30785714285715,2,0,0,0,0,0,0,0,0,1,0
South-West,2014-08-01,967,5,1.5283585676520066,13.825999999999999,22.83457142857143,92.45885714285714,2014,8,1703.0,947.0,10.531428571428572,4.806857142857142,23.305000000000003,24.312,91.31071428571428,91.018,2,0,0,0,0,0,0,0,0,1,0
South-West,2014-09-01,453,0,0.0,12.246785714285716,23.170357142857142,92.00821428571427,2014,9,967.0,1703.0,13.825999999999999,10.531428571428572,22.83457142857143,23.305000000000003,92.45885714285714,91.31071428571428,1,0,0,0,0,0,0,0,0,1,0
South-West,2014-10-01,1699,8,2.126648788715608,8.089642857142858,23.581071428571427,91.8325,2014,10,453.0,967.0,12.246785714285716,13.825999999999999,23.170357142857142,22.83457142857143,92.00821428571427,92.45885714285714,2,0,0,0,0,0,0,0,0,1,0
South-West,2014-11-01,300,0,0.0,4.29,24.198857142857143,90.76857142857142,2014,11,1699.0,453.0,8.089642857142858,12.246785714285716,23.581071428571427,23.170357142857142,91.8325,92.00821428571427,1,0,0,0,0,0,0,0,0,1,0
South-West,2014-12-01,304,0,0.0,0.15928571428571425,24.73392857142857,84.76321428571428,2014,12,300.0,1699.0,4.29,8.089642857142858,24.198857142857143,23.581071428571427,90.76857142857142,91.8325,1,0,0,0,0,0,0,0,0,1,0
South-West,2015-01-01,211,1,0.6944444444444444,0.25571428571428567,24.444285714285716,76.02821428571428,2015,1,304.0,300.0,0.15928571428571425,4.29,24.73392857142857,24.198857142857143,84.76321428571428,90.76857142857142,0,0,0,0,0,0,0,0,0,1,0
South-West,2015-02-01,362,1,0.6578947368421052,2.937857142857143,25.6025,83.195,2015,2,211.0,304.0,0.25571428571428567,0.15928571428571425,24.444285714285716,24.73392857142857,76.02821428571428,84.76321428571428,1,0,0,0,0,0,0,0,0,1,0
South-West,2015-03-01,902,3,0.8966861598440545,2.104857142857143,25.33657142857143,85.23314285714285,2015,3,362.0,211.0,2.937857142857143,0.25571428571428567,25.6025,24.444285714285716,83.195,76.02821428571428,2,0,0,0,0,0,0,0,0,1,0
South-West,2015-04-01,619,5,1.4189886480908152,3.974285714285714,24.998571428571427,88.04214285714286,2015,4,902.0,362.0,2.104857142857143,2.937857142857143,25.33657142857143,25.6025,85.23314285714285,83.195,1,0,0,0,0,0,0,0,0,1,0
South-West,2015-05-01,668,5,1.507936507936508,7.163714285714287,24.93914285714286,89.12142857142857,2015,5,619.0,902.0,3.974285714285714,2.104857142857143,24.998571428571427,25.33657142857143,88.04214285714286,85.23314285714285,1,0,0,0,0,0,0,0,0,1,0
South-West,2015-06-01,1008,5,1.3186298468556532,24.034285714285716,23.6475,93.03214285714286,2015,6,668.0,619.0,7.163714285714287,3.974285714285714,24.93914285714286,24.998571428571427,89.12142857142857,88.04214285714286,2,0,0,0,0,0,0,0,0,1,0
South-West,2015-07-01,1293,6,1.4834107861196926,15.326071428571428,23.488928571428573,92.83678571428571,2015,7,1008.0,668.0,24.034285714285716,7.163714285714287,23.6475,24.93914285714286,93.03214285714286,89.12142857142857,2,0,0,0,0,0,0,0,0,1,0
South-West,2015-08-01,1821,7,0.9223057644110275,14.76657142857143,23.14485714285714,93.02685714285714,2015,8,1293.0,1008.0,15.326071428571428,24.034285714285716,23.488928571428573,23.6475,92.83678571428571,93.03214285714286,2,0,0,0,0,0,0,0,0,1,0
South-West,2015-09-01,710,1,0.5208333333333333,17.18357142857143,23.579642857142858,92.32000000000001,2015,9,1821.0,1293.0,14.76657142857143,15.326071428571428,23.14485714285714,23.488928571428573,93.02685714285714,92.83678571428571,2,0,0,0,0,0,0,0,0,1,0
South-West,2015-10-01,1032,6,1.3329940494832444,10.423214285714284,23.860714285714288,92.95678571428572,2015,10,710.0,1821.0,17.18357142857143,14.76657142857143,23.579642857142858,23.14485714285714,92.32000000000001,93.02685714285714,2,0,0,0,0,0,0,0,0,1,0
South-West,2015-11-01,767,1,0.3571428571428571,12.12542857142857,24.494285714285713,89.97085714285714,2015,11,1032.0,710.0,10.423214285714284,17.18357142857143,23.860714285714288,23.579642857142858,92.95678571428572,92.32000000000001,2,0,0,0,0,0,0,0,0,1,0
South-West,2015-12-01,190,0,0.0,0.08107142857142853,24.381785714285716,80.27928571428572,2015,12,767.0,1032.0,12.12542857142857,10.423214285714284,24.494285714285713,23.860714285714288,89.97085714285714,92.95678571428572,0,0,0,0,0,0,0,0,0,1,0
South-West,2016-01-01,0,0,0.0,0.1678571428571428,26.058571428571426,72.9975,2016,1,190.0,767.0,0.08107142857142853,12.12542857142857,24.381785714285716,24.494285714285713,80.27928571428572,89.97085714285714,0,0,0,0,0,0,0,0,0,1,0
South-West,2016-02-01,44,0,0.0,0.8635714285714285,27.266785714285717,72.495,2016,2,0.0,190.0,0.1678571428571428,0.08107142857142853,26.058571428571426,24.381785714285716,72.9975,80.27928571428572,0,0,0,0,0,0,0,0,0,1,0
South-West,2016-03-01,695,4,1.7153532608695652,8.599642857142857,26.01571428571429,86.50357142857142,2016,3,44.0,0.0,0.8635714285714285,0.1678571428571428,27.266785714285717,26.058571428571426,72.495,72.9975,1,0,0,0,0,0,0,0,0,1,0
South-West,2016-04-01,1187,3,0.8021823681936042,8.699642857142857,25.490357142857146,90.65785714285715,2016,4,695.0,44.0,8.599642857142857,0.8635714285714285,26.01571428571429,27.266785714285717,86.50357142857142,72.495,2,0,0,0,0,0,0,0,0,1,0
South-West,2016-05-01,1121,8,1.8623796210003107,9.565999999999999,25.042,91.07142857142858,2016,5,1187.0,695.0,8.699642857142857,8.599642857142857,25.490357142857146,26.01571428571429,90.65785714285715,86.50357142857142,2,0,0,0,0,0,0,0,0,1,0
South-West,2016-06-01,1382,6,0.9506946950559365,18.299285714285716,24.027857142857144,91.61142857142858,2016,6,1121.0,1187.0,9.565999999999999,8.699642857142857,25.042,25.490357142857146,91.07142857142858,90.65785714285715,2,0,0,0,0,0,0,0,0,1,0
South-West,2016-07-01,2576,15,2.1505741047011417,15.69085714285714,23.371428571428574,92.88085714285714,2016,7,1382.0,1121.0,18.299285714285716,9.565999999999999,24.027857142857144,25.042,91.61142857142858,91.07142857142858,2,0,0,0,0,0,0,0,0,1,0
South-West,2016-08-01,2049,15,1.9899998512021009,24.138214285714284,23.080000000000002,93.33392857142857,2016,8,2576.0,1382.0,15.69085714285714,18.299285714285716,23.371428571428574,24.027857142857144,92.88085714285714,91.61142857142858,2,0,0,0,0,0,0,0,0,1,0
South-West,2016-09-01,1581,9,2.278216553863761,15.555714285714286,23.388214285714287,92.55071428571429,2016,9,2049.0,2576.0,24.138214285714284,15.69085714285714,23.080000000000002,23.371428571428574,93.33392857142857,92.88085714285714,2,0,0,0,0,0,0,0,0,1,0
South-West,2016-10-01,1309,5,0.9157546082949309,11.344,24.101142857142854,91.67057142857144,2016,10,1581.0,2049.0,15.555714285714286,24.138214285714284,23.388214285714287,23.080000000000002,92.55071428571429,93.33392857142857,2,0,0,0,0,0,0,0,0,1,0
South-West,2016-11-01,483,0,0.0,3.4982142857142855,24.646071428571428,89.88178571428573,2016,11,1309.0,1581.0,11.344,15.555714285714286,24.101142857142854,23.388214285714287,91.67057142857144,92.55071428571429,1,0,0,0,0,0,0,0,0,1,0
South-West,2016-12-01,159,0,0.0,0.9557142857142857,24.89607142857143,87.56535714285714,2016,12,483.0,1309.0,3.4982142857142855,11.344,24.646071428571428,24.101142857142854,89.88178571428573,91.67057142857144,0,0,0,0,0,0,0,0,0,1,0
South-West,2017-01-01,323,0,0.0,0.9117142857142856,24.775714285714287,85.85057142857143,2017,1,159.0,483.0,0.9557142857142857,3.4982142857142855,24.89607142857143,24.646071428571428,87.56535714285714,89.88178571428573,1,0,0,0,0,0,0,0,0,1,0
South-West,2017-02-01,110,1,0.9259259259259258,0.9232142857142858,25.584285714285713,83.44142857142857,2017,2,323.0,159.0,0.9117142857142856,0.9557142857142857,24.775714285714287,24.89607142857143,85.85057142857143,87.56535714285714,0,0,0,0,0,0,0,0,0,1,0
South-West,2017-03-01,489,1,0.625,7.915357142857142,25.392500000000002,87.4217857142857,2017,3,110.0,323.0,0.9232142857142858,0.9117142857142856,25.584285714285713,24.775714285714287,83.44142857142857,85.85057142857143,1,0,0,0,0,0,0,0,0,1,0
South-West,2017-04-01,548,1,0.3389830508474576,8.951428571428572,25.195714285714285,89.42371428571428,2017,4,489.0,110.0,7.915357142857142,0.9232142857142858,25.392500000000002,25.584285714285713,87.4217857142857,83.44142857142857,1,0,0,0,0,0,0,0,0,1,0
South-West,2017-05-01,714,4,1.2438574938574938,11.309285714285714,24.98071428571429,89.40892857142858,2017,5,548.0,489.0,8.951428571428572,7.915357142857142,25.195714285714285,25.392500000000002,89.42371428571428,87.4217857142857,2,0,0,0,0,0,0,0,0,1,0
South-West,2017-06-01,733,4,1.1954022988505748,10.989642857142858,24.595357142857143,91.21142857142857,2017,6,714.0,548.0,11.309285714285714,8.951428571428572,24.98071428571429,25.195714285714285,89.40892857142858,89.42371428571428,2,0,0,0,0,0,0,0,0,1,0
South-West,2017-07-01,2184,11,2.2054064665035433,20.92685714285714,23.440285714285714,92.15742857142858,2017,7,733.0,714.0,10.989642857142858,11.309285714285714,24.595357142857143,24.98071428571429,91.21142857142857,89.40892857142858,2,0,0,0,0,0,0,0,0,1,0
South-West,2017-08-01,1578,6,1.135731319554849,19.05607142857143,23.011071428571427,93.52857142857141,2017,8,2184.0,733.0,20.92685714285714,10.989642857142858,23.440285714285714,24.595357142857143,92.15742857142858,91.21142857142857,2,0,0,0,0,0,0,0,0,1,0
South-West,2017-09-01,2036,16,2.421010886530099,12.655714285714284,23.347142857142856,92.79071428571427,2017,9,1578.0,2184.0,19.05607142857143,20.92685714285714,23.011071428571427,23.440285714285714,93.52857142857141,92.15742857142858,2,0,0,0,0,0,0,0,0,1,0
South-West,2017-10-01,1143,5,1.118575747396708,9.645428571428571,23.941714285714284,91.77914285714284,2017,10,2036.0,1578.0,12.655714285714284,19.05607142857143,23.347142857142856,23.011071428571427,92.79071428571427,93.52857142857141,2,0,0,0,0,0,0,0,0,1,0
South-West,2017-11-01,114,1,0.625,10.007142857142858,24.174642857142857,90.28928571428571,2017,11,1143.0,2036.0,9.645428571428571,12.655714285714284,23.941714285714284,23.347142857142856,91.77914285714284,92.79071428571427,0,0,0,0,0,0,0,0,0,1,0
South-West,2017-12-01,370,1,0.3125,0.18257142857142855,24.74085714285714,85.68971428571429,2017,12,114.0,1143.0,10.007142857142858,9.645428571428571,24.174642857142857,23.941714285714284,90.28928571428571,91.77914285714284,1,0,0,0,0,0,0,0,0,1,0
South-West,2018-01-01,0,0,0.0,0.5103571428571428,24.584642857142857,82.5807142857143,2018,1,370.0,114.0,0.18257142857142855,10.007142857142858,24.74085714285714,24.174642857142857,85.68971428571429,90.28928571428571,0,0,0,0,0,0,0,0,0,1,0
South-West,2018-02-01,0,0,0.0,7.623928571428572,25.445714285714285,86.31035714285714,2018,2,0.0,370.0,0.5103571428571428,0.18257142857142855,24.584642857142857,24.74085714285714,82.5807142857143,85.68971428571429,0,0,0,0,0,0,0,0,0,1,0
South-West,2018-03-01,56,0,0.0,6.0275,24.39607142857143,90.32,2018,3,0.0,0.0,7.623928571428572,0.5103571428571428,25.445714285714285,24.584642857142857,86.31035714285714,82.5807142857143,0,0,0,0,0,0,0,0,0,1,0
South-West,2018-04-01,149,2,0.714,3.272,24.747714285714288,90.232,2018,4,56.0,0.0,6.0275,7.623928571428572,24.39607142857143,25.445714285714285,90.32,86.31035714285714,0,0,0,0,0,0,0,0,0,1,0
South-West,2018-05-01,92,0,0.0,4.464285714285714,24.63892857142857,90.63642857142858,2018,5,149.0,56.0,3.272,6.0275,24.747714285714288,24.39607142857143,90.232,90.32,0,0,0,0,0,0,0,0,0,1,0
South-West,2018-06-01,0,0,0.0,20.068571428571424,24.183928571428574,91.65071428571429,2018,6,92.0,149.0,4.464285714285714,3.272,24.63892857142857,24.747714285714288,90.63642857142858,90.232,0,0,0,0,0,0,0,0,0,1,0
South-West,2018-07-01,297,4,1.6960000000000002,12.95342857142857,23.52171428571429,91.88571428571429,2018,7,0.0,92.0,20.068571428571424,4.464285714285714,24.183928571428574,24.63892857142857,91.65071428571429,90.63642857142858,1,0,0,0,0,0,0,0,0,1,0
South-West,2018-08-01,366,1,0.285,14.552301587301589,23.13284391534392,92.10654761904762,2018,8,297.0,0.0,12.95342857142857,20.068571428571424,23.52171428571429,24.183928571428574,91.88571428571429,91.65071428571429,1,0,0,0,0,0,0,0,0,1,0
South-West,2018-09-01,152,1,0.35,11.125714285714285,23.68914285714286,91.75171428571429,2018,9,366.0,297.0,14.552301587301589,12.95342857142857,23.13284391534392,23.52171428571429,92.10654761904762,91.88571428571429,0,0,0,0,0,0,0,0,0,1,0
South-West,2018-10-01,0,0,0.0,10.77,24.06285714285714,91.07428571428571,2018,10,152.0,366.0,11.125714285714285,14.552301587301589,23.68914285714286,23.13284391534392,91.75171428571429,92.10654761904762,0,0,0,0,0,0,0,0,0,1,0
South-West,2018-11-01,0,0,0.0,7.937500000000001,24.68642857142857,90.62392857142856,2018,11,0.0,152.0,10.77,11.125714285714285,24.06285714285714,23.68914285714286,91.07428571428571,91.75171428571429,0,0,0,0,0,0,0,0,0,1,0
South-West,2018-12-01,0,0,0.0,0.10178571428571427,18.642500000000002,64.40392857142857,2018,12,0.0,0.0,7.937500000000001,10.77,24.68642857142857,24.06285714285714,90.62392857142856,91.07428571428571,0,0,0,0,0,0,0,0,0,1,0
South-West,2019-01-01,0,0,0.0,0.7935714285714284,25.029642857142857,86.15964285714287,2019,1,0.0,0.0,0.10178571428571427,7.937500000000001,18.642500000000002,24.68642857142857,64.40392857142857,90.62392857142856,0,0,0,0,0,0,0,0,0,1,0
South-West,2019-02-01,0,0,0.0,1.9721428571428572,25.260357142857142,84.76642857142858,2019,2,0.0,0.0,0.7935714285714284,0.10178571428571427,25.029642857142857,18.642500000000002,86.15964285714287,64.40392857142857,0,0,0,0,0,0,0,0,0,1,0
South-West,2019-03-01,130,0,0.0,2.7907142857142855,25.277857142857144,87.72107142857143,2019,3,0.0,0.0,1.9721428571428572,0.7935714285714284,25.260357142857142,25.029642857142857,84.76642857142858,86.15964285714287,0,0,0,0,0,0,0,0,0,1,0
South-West,2019-05-01,0,0,0.0,1.0557142857142858,25.308571428571437,84.67142857142858,2019,5,130.0,0.0,2.7907142857142855,1.9721428571428572,25.277857142857144,25.260357142857142,87.72107142857143,84.76642857142858,0,0,0,0,0,0,0,0,0,1,0
South-West,2019-11-01,72,1,1.8533333333333333,8.103333333333333,24.673333333333336,90.17095238095237,2019,11,0.0,130.0,1.0557142857142858,2.7907142857142855,25.308571428571437,25.277857142857144,84.67142857142858,87.72107142857143,0,0,0,0,0,0,0,0,0,1,0
South-West,2019-12-01,1040,17,1.772857142857143,1.886005032149846,25.016266703941852,85.15996701146211,2019,12,72.0,0.0,8.103333333333333,1.0557142857142858,24.673333333333336,25.308571428571437,90.17095238095237,84.67142857142858,2,0,0,0,0,0,0,0,0,1,0
South-West,2020-01-01,1110,27,3.0780000000000003,3.139834152607133,25.083849223812596,79.48366831786016,2020,1,1040.0,72.0,1.886005032149846,8.103333333333333,25.016266703941852,24.673333333333336,85.15996701146211,90.17095238095237,2,0,0,0,0,0,0,0,0,1,0
South-West,2020-05-01,0,0,0.0,4.753315789473683,25.72310526315789,82.62452631578947,2020,5,1110.0,1040.0,3.139834152607133,1.886005032149846,25.083849223812596,25.016266703941852,79.48366831786016,85.15996701146211,0,0,0,0,0,0,0,0,0,1,0
South-West,2020-09-01,767,5,1.0044096601073345,19.611141829879838,23.443473409270982,91.81854485103722,2020,9,0.0,1110.0,4.753315789473683,3.139834152607133,25.72310526315789,25.083849223812596,82.62452631578947,79.48366831786016,2,0,0,0,0,0,0,0,0,1,0
South-West,2020-12-01,570,9,3.69,5.4041018462469745,24.850748335351085,87.14616374092009,2020,12,767.0,0.0,19.611141829879838,4.753315789473683,23.443473409270982,25.72310526315789,91.81854485103722,82.62452631578947,1,0,0,0,0,0,0,0,0,1,0
South-West,2021-11-01,38,0,0.0,9.35591503267974,24.556372549019606,88.14630718954247,2021,11,570.0,767.0,5.4041018462469745,19.611141829879838,24.850748335351085,23.443473409270982,87.14616374092009,91.81854485103722,0,0,0,0,0,0,0,0,0,1,0
South-West,2022-01-01,216,1,0.9625,1.0789285714285715,24.811785714285712,83.62321428571428,2022,1,38.0,570.0,9.35591503267974,5.4041018462469745,24.556372549019606,24.850748335351085,88.14630718954247,87.14616374092009,1,0,0,0,0,0,0,0,0,1,0
South-West,2022-02-01,360,0,0.0,0.4314285714285714,25.794285714285714,78.2175,2022,2,216.0,38.0,1.0789285714285715,9.35591503267974,24.811785714285712,24.556372549019606,83.62321428571428,88.14630718954247,1,0,0,0,0,0,0,0,0,1,0
South-West,2022-03-01,1363,3,2.5325,2.835,26.037857142857142,82.97571428571429,2022,3,360.0,216.0,0.4314285714285714,1.0789285714285715,25.794285714285714,24.811785714285712,78.2175,83.62321428571428,2,0,0,0,0,0,0,0,0,1,0
South-West,2022-04-01,1137,7,1.31,7.376785714285714,25.18785714285714,87.09071428571428,2022,4,1363.0,360.0,2.835,0.4314285714285714,26.037857142857142,25.794285714285714,82.97571428571429,78.2175,2,0,0,0,0,0,0,0,0,1,0
South-West,2022-05-01,1449,4,0.8560000000000001,6.120285714285714,24.65571428571429,90.01942857142856,2022,5,1137.0,1363.0,7.376785714285714,2.835,25.18785714285714,26.037857142857142,87.09071428571428,82.97571428571429,2,0,0,0,0,0,0,0,0,1,0
South-West,2022-06-01,502,1,0.3475,10.494642857142857,23.92142857142857,91.05571428571429,2022,6,1449.0,1137.0,6.120285714285714,7.376785714285714,24.65571428571429,25.18785714285714,90.01942857142856,87.09071428571428,1,0,0,0,0,0,0,0,0,1,0
South-West,2022-07-01,38,0,0.0,11.03857142857143,23.472857142857144,90.95142857142856,2022,7,502.0,1449.0,10.494642857142857,6.120285714285714,23.92142857142857,24.65571428571429,91.05571428571429,90.01942857142856,0,0,0,0,0,0,0,0,0,1,0
South-West,2022-08-01,0,0,0.0,26.24777777777778,22.760555555555555,93.10722222222222,2022,8,38.0,502.0,11.03857142857143,10.494642857142857,23.472857142857144,23.92142857142857,90.95142857142856,91.05571428571429,0,0,0,0,0,0,0,0,0,1,0
South-West,2022-10-01,9935,63,1.61,11.63235457063712,24.38703601108033,88.18534626038782,2022,10,0.0,38.0,26.24777777777778,11.03857142857143,22.760555555555555,23.472857142857144,93.10722222222222,90.95142857142856,2,0,0,0,0,0,0,0,0,1,0
South-West,2022-12-01,8457,93,3.83,10.38483588621444,24.373260393873085,88.24868708971555,2022,12,9935.0,0.0,11.63235457063712,26.24777777777778,24.38703601108033,22.760555555555555,88.18534626038782,93.10722222222222,2,0,0,0,0,0,0,0,0,1,0
West,2010-01-01,79,0,0.0,0.9099999999999998,21.474285714285713,63.75607142857143,2010,1,0.0,0.0,0.0,0.0,0.0,0.0,0.0,0.0,0,0,0,0,0,0,0,0,0,0,1
West,2010-02-01,194,0,0.0,1.8185714285714285,22.56142857142857,71.22285714285715,2010,2,79.0,0.0,0.9099999999999998,0.0,21.474285714285713,0.0,63.75607142857143,0.0,0,0,0,0,0,0,0,0,0,0,1
West,2010-03-01,385,2,1.338366506520247,3.577142857142857,22.413214285714286,75.42357142857144,2010,3,194.0,79.0,1.8185714285714285,0.9099999999999998,22.56142857142857,21.474285714285713,71.22285714285715,63.75607142857143,1,0,0,0,0,0,0,0,0,0,1
West,2010-04-01,649,1,0.5319148936170213,5.005714285714285,22.56607142857143,81.63142857142857,2010,4,385.0,194.0,3.577142857142857,1.8185714285714285,22.413214285714286,22.56142857142857,75.42357142857144,71.22285714285715,1,0,0,0,0,0,0,0,0,0,1
West,2010-05-01,484,3,1.1145510835913313,4.9234285714285715,22.055714285714288,85.53742857142858,2010,5,649.0,385.0,5.005714285714285,3.577142857142857,22.56607142857143,22.413214285714286,81.63142857142857,75.42357142857144,1,0,0,0,0,0,0,0,0,0,1
West,2010-06-01,795,4,0.9880952380952381,7.172142857142857,21.260000000000005,85.5775,2010,6,484.0,649.0,4.9234285714285715,5.005714285714285,22.055714285714288,22.56607142857143,85.53742857142858,81.63142857142857,2,0,0,0,0,0,0,0,0,0,1
West,2010-07-01,747,4,2.110340260135062,9.050357142857143,20.253214285714286,87.92392857142858,2010,7,795.0,484.0,7.172142857142857,4.9234285714285715,21.260000000000005,22.055714285714288,85.5775,85.53742857142858,2,0,0,0,0,0,0,0,0,0,1
West,2010-08-01,593,3,0.8254766394301278,8.45,20.353714285714283,88.42857142857143,2010,8,747.0,795.0,9.050357142857143,7.172142857142857,20.253214285714286,21.260000000000005,87.92392857142858,85.5775,1,0,0,0,0,0,0,0,0,0,1
West,2010-09-01,464,1,0.4098360655737705,7.471785714285715,20.16,88.54928571428572,2010,9,593.0,747.0,8.45,9.050357142857143,20.353714285714283,20.253214285714286,88.42857142857143,87.92392857142858,1,0,0,0,0,0,0,0,0,0,1
West,2010-10-01,1447,5,0.8319414618627217,7.838285714285715,20.408,88.03599999999999,2010,10,464.0,593.0,7.471785714285715,8.45,20.16,20.353714285714283,88.54928571428572,88.42857142857143,2,0,0,0,0,0,0,0,0,0,1
West,2010-11-01,854,5,2.2665594745886715,2.538214285714286,20.416785714285716,85.44607142857143,2010,11,1447.0,464.0,7.838285714285715,7.471785714285715,20.408,20.16,88.03599999999999,88.54928571428572,2,0,0,0,0,0,0,0,0,0,1
West,2010-12-01,140,1,1.176470588235294,1.5915297619047621,20.26874880952381,73.80787380952381,2010,12,854.0,1447.0,2.538214285714286,7.838285714285715,20.416785714285716,20.408,85.44607142857143,88.03599999999999,0,0,0,0,0,0,0,0,0,0,1
West,2011-01-01,139,1,1.176470588235294,0.02999999999999996,20.107142857142854,63.920857142857145,2011,1,140.0,854.0,1.5915297619047621,2.538214285714286,20.26874880952381,20.416785714285716,73.80787380952381,85.44607142857143,0,0,0,0,0,0,0,0,0,0,1
West,2011-02-01,217,0,0.0,1.125,21.561785714285715,74.25428571428571,2011,2,139.0,140.0,0.02999999999999996,1.5915297619047621,20.107142857142854,20.26874880952381,63.920857142857145,73.80787380952381,1,0,0,0,0,0,0,0,0,0,1
West,2011-03-01,1016,3,1.8017399267399266,1.6296428571428572,22.03357142857143,76.40071428571429,2011,3,217.0,139.0,1.125,0.02999999999999996,21.561785714285715,20.107142857142854,74.25428571428571,63.920857142857145,2,0,0,0,0,0,0,0,0,0,1
West,2011-04-01,906,3,1.4465482312607136,3.4549999999999996,21.919285714285714,81.14428571428572,2011,4,1016.0,217.0,1.6296428571428572,1.125,22.03357142857143,21.561785714285715,76.40071428571429,74.25428571428571,2,0,0,0,0,0,0,0,0,0,1
West,2011-05-01,2655,20,3.906748118441095,4.727714285714287,21.604,86.55114285714286,2011,5,906.0,1016.0,3.4549999999999996,1.6296428571428572,21.919285714285714,22.03357142857143,81.14428571428572,76.40071428571429,2,0,0,0,0,0,0,0,0,0,1
West,2011-06-01,1466,5,0.9512013111376205,5.838928571428571,21.197142857142858,86.36571428571429,2011,6,2655.0,906.0,4.727714285714287,3.4549999999999996,21.604,21.919285714285714,86.55114285714286,81.14428571428572,2,0,0,0,0,0,0,0,0,0,1
West,2011-07-01,2708,15,2.794441831105965,6.854571428571428,20.504,86.31,2011,7,1466.0,2655.0,5.838928571428571,4.727714285714287,21.197142857142858,21.604,86.36571428571429,86.55114285714286,2,0,0,0,0,0,0,0,0,0,1
West,2011-08-01,1382,4,1.2072483482316363,12.7125,19.901785714285715,88.59107142857142,2011,8,2708.0,1466.0,6.854571428571428,5.838928571428571,20.504,21.197142857142858,86.31,86.36571428571429,2,0,0,0,0,0,0,0,0,0,1
West,2011-09-01,699,4,1.9841269841269842,11.538138005390836,20.13281940700809,87.40258652291105,2011,9,1382.0,2708.0,12.7125,6.854571428571428,19.901785714285715,20.504,88.59107142857142,86.31,2,0,0,0,0,0,0,0,0,0,1
West,2011-10-01,1590,9,1.7417233733465864,8.226285714285714,20.175428571428572,89.032,2011,10,699.0,1382.0,11.538138005390836,12.7125,20.13281940700809,19.901785714285715,87.40258652291105,88.59107142857142,2,0,0,0,0,0,0,0,0,0,1
West,2011-11-01,444,1,0.26881720425,0.5525000000000001,20.358571428571427,82.40107142857143,2011,11,1590.0,699.0,8.226285714285714,11.538138005390836,20.175428571428572,20.13281940700809,89.032,87.40258652291105,1,0,0,0,0,0,0,0,0,0,1
West,2011-12-01,239,1,1.0425,1.0350535714285714,19.296330357142857,68.81749553571429,2011,12,444.0,1590.0,0.5525000000000001,8.226285714285714,20.358571428571427,20.175428571428572,82.40107142857143,89.032,1,0,0,0,0,0,0,0,0,0,1
West,2012-01-01,75,0,0.0,0.04942857142857136,20.354,63.16542857142857,2012,1,239.0,444.0,1.0350535714285714,0.5525000000000001,19.296330357142857,20.358571428571427,68.81749553571429,82.40107142857143,0,0,0,0,0,0,0,0,0,0,1
West,2012-02-01,100,0,0.0,1.3378571428571429,21.580714285714286,72.54642857142858,2012,2,75.0,239.0,0.04942857142857136,1.0350535714285714,20.354,19.296330357142857,63.16542857142857,68.81749553571429,0,0,0,0,0,0,0,0,0,0,1
West,2012-03-01,441,1,0.3968253968253968,0.28357142857142853,21.892142857142858,72.06964285714285,2012,3,100.0,75.0,1.3378571428571429,0.04942857142857136,21.580714285714286,20.354,72.54642857142858,63.16542857142857,1,0,0,0,0,0,0,0,0,0,1
West,2012-04-01,383,1,0.30769230769230765,5.306571428571429,22.102857142857143,82.28742857142858,2012,4,441.0,100.0,0.28357142857142853,1.3378571428571429,21.892142857142858,21.580714285714286,72.06964285714285,72.54642857142858,1,0,0,0,0,0,0,0,0,0,1
West,2012-05-01,566,2,0.7914046121593292,4.484285714285714,21.316785714285714,85.43928571428572,2012,5,383.0,441.0,5.306571428571429,0.28357142857142853,22.102857142857143,21.892142857142858,82.28742857142858,72.06964285714285,1,0,0,0,0,0,0,0,0,0,1
West,2012-06-01,779,5,2.0605975498849833,7.665357142857143,20.74857142857143,85.71000000000001,2012,6,566.0,383.0,4.484285714285714,5.306571428571429,21.316785714285714,22.102857142857143,85.43928571428572,82.28742857142858,2,0,0,0,0,0,0,0,0,0,1
West,2012-07-01,410,0,0.0,8.227714285714287,19.871142857142853,88.5202857142857,2012,7,779.0,566.0,7.665357142857143,4.484285714285714,20.74857142857143,21.316785714285714,85.71000000000001,85.43928571428572,1,0,0,0,0,0,0,0,0,0,1
West,2012-08-01,1449,13,2.9179175326753133,10.482142857142858,19.788214285714286,88.99678571428572,2012,8,410.0,779.0,8.227714285714287,7.665357142857143,19.871142857142853,20.74857142857143,88.5202857142857,85.71000000000001,2,0,0,0,0,0,0,0,0,0,1
West,2012-09-01,1083,4,1.3687817022662758,12.412,19.894285714285715,89.26857142857143,2012,9,1449.0,410.0,10.482142857142858,8.227714285714287,19.788214285714286,19.871142857142853,88.99678571428572,88.5202857142857,2,0,0,0,0,0,0,0,0,0,1
West,2012-10-01,615,3,0.5208333333333333,9.93,20.20857142857143,89.08642857142857,2012,10,1083.0,1449.0,12.412,10.482142857142858,19.894285714285715,19.788214285714286,89.26857142857143,88.99678571428572,1,0,0,0,0,0,0,0,0,0,1
West,2012-11-01,528,3,1.7857142857142856,3.965714285714286,20.55107142857143,85.98214285714286,2012,11,615.0,1083.0,9.93,12.412,20.20857142857143,19.894285714285715,89.08642857142857,89.26857142857143,1,0,0,0,0,0,0,0,0,0,1
West,2012-12-01,228,1,1.25,0.2577142857142857,20.304285714285715,74.23400000000001,2012,12,528.0,615.0,3.965714285714286,9.93,20.55107142857143,20.20857142857143,85.98214285714286,89.08642857142857,1,0,0,0,0,0,0,0,0,0,1
West,2013-01-01,53,0,0.0,0.2971428571428571,21.275714285714287,69.1217857142857,2013,1,228.0,528.0,0.2577142857142857,3.965714285714286,20.304285714285715,20.55107142857143,74.23400000000001,85.98214285714286,0,0,0,0,0,0,0,0,0,0,1
West,2013-02-01,103,0,0.0,0.22535714285714284,21.828928571428573,68.98821428571429,2013,2,53.0,228.0,0.2971428571428571,0.2577142857142857,21.275714285714287,20.304285714285715,69.1217857142857,74.23400000000001,0,0,0,0,0,0,0,0,0,0,1
West,2013-03-01,324,2,1.1128048780487805,3.6837142857142857,22.128857142857143,81.59342857142857,2013,3,103.0,53.0,0.22535714285714284,0.2971428571428571,21.828928571428573,21.275714285714287,68.98821428571429,69.1217857142857,1,0,0,0,0,0,0,0,0,0,1
West,2013-04-01,122,0,0.0,4.518214285714286,21.665357142857143,83.555,2013,4,324.0,103.0,3.6837142857142857,0.22535714285714284,22.128857142857143,21.828928571428573,81.59342857142857,68.98821428571429,0,0,0,0,0,0,0,0,0,0,1
West,2013-05-01,1052,3,1.709653092006033,4.4367857142857146,21.502142857142857,85.16178571428571,2013,5,122.0,324.0,4.518214285714286,3.6837142857142857,21.665357142857143,22.128857142857143,83.555,81.59342857142857,2,0,0,0,0,0,0,0,0,0,1
West,2013-06-01,586,4,1.756782945736434,5.571428571428571,20.988285714285716,85.41571428571429,2013,6,1052.0,122.0,4.4367857142857146,4.518214285714286,21.502142857142857,21.665357142857143,85.16178571428571,83.555,1,0,0,0,0,0,0,0,0,0,1
West,2013-07-01,591,2,1.4079670329670328,6.970357142857143,20.040714285714287,87.57928571428572,2013,7,586.0,1052.0,5.571428571428571,4.4367857142857146,20.988285714285716,21.502142857142857,85.41571428571429,85.16178571428571,1,0,0,0,0,0,0,0,0,0,1
West,2013-08-01,629,4,2.021215596330275,6.802142857142857,19.849999999999998,88.34571428571428,2013,8,591.0,586.0,6.970357142857143,5.571428571428571,20.040714285714287,20.988285714285716,87.57928571428572,85.41571428571429,1,0,0,0,0,0,0,0,0,0,1
West,2013-09-01,904,6,1.4768951978254303,8.487428571428572,20.208571428571428,87.06857142857143,2013,9,629.0,591.0,6.802142857142857,6.970357142857143,19.849999999999998,20.040714285714287,88.34571428571428,87.57928571428572,2,0,0,0,0,0,0,0,0,0,1
West,2013-10-01,687,1,0.15337423312883436,7.528928571428572,19.855,88.18821428571428,2013,10,904.0,629.0,8.487428571428572,6.802142857142857,20.208571428571428,19.849999999999998,87.06857142857143,88.34571428571428,1,0,0,0,0,0,0,0,0,0,1
West,2013-11-01,161,0,0.0,3.96,20.33392857142857,85.22071428571428,2013,11,687.0,904.0,7.528928571428572,8.487428571428572,19.855,20.208571428571428,88.18821428571428,87.06857142857143,0,0,0,0,0,0,0,0,0,0,1
West,2013-12-01,297,2,1.1692307692307693,0.9799999999999999,20.125428571428575,76.586,2013,12,161.0,687.0,3.96,7.528928571428572,20.33392857142857,19.855,85.22071428571428,88.18821428571428,1,0,0,0,0,0,0,0,0,0,1
West,2014-01-01,173,0,0.0,0.05178571428571425,20.595714285714283,61.767500000000005,2014,1,297.0,161.0,0.9799999999999999,3.96,20.125428571428575,20.33392857142857,76.586,85.22071428571428,0,0,0,0,0,0,0,0,0,0,1
West,2014-02-01,131,0,0.0,0.10785714285714283,21.458571428571428,62.96678571428572,2014,2,173.0,297.0,0.05178571428571425,0.9799999999999999,20.595714285714283,20.125428571428575,61.767500000000005,76.586,0,0,0,0,0,0,0,0,0,0,1
West,2014-03-01,292,2,0.5797101449275363,2.420285714285714,21.951714285714285,78.14771428571427,2014,3,131.0,173.0,0.10785714285714283,0.05178571428571425,21.458571428571428,20.595714285714283,62.96678571428572,61.767500000000005,1,0,0,0,0,0,0,0,0,0,1
West,2014-04-01,593,2,0.5952380952380952,4.491428571428571,21.829285714285714,83.98107142857143,2014,4,292.0,131.0,2.420285714285714,0.10785714285714283,21.951714285714285,21.458571428571428,78.14771428571427,62.96678571428572,1,0,0,0,0,0,0,0,0,0,1
West,2014-05-01,616,1,0.3333333333333334,4.6535714285714285,21.488928571428573,85.16428571428571,2014,5,593.0,292.0,4.491428571428571,2.420285714285714,21.829285714285714,21.951714285714285,83.98107142857143,78.14771428571427,1,0,0,0,0,0,0,0,0,0,1
West,2014-06-01,653,2,0.32,4.7219999999999995,21.430285714285713,84.116,2014,6,616.0,593.0,4.6535714285714285,4.491428571428571,21.488928571428573,21.829285714285714,85.16428571428571,83.98107142857143,1,0,0,0,0,0,0,0,0,0,1
West,2014-07-01,328,3,2.0887166236003445,4.866071428571429,20.83607142857143,85.31,2014,7,653.0,616.0,4.7219999999999995,4.6535714285714285,21.430285714285713,21.488928571428573,84.116,85.16428571428571,1,0,0,0,0,0,0,0,0,0,1
West,2014-08-01,959,6,1.3076150825287152,8.071428571428573,20.12942857142857,87.49428571428572,2014,8,328.0,653.0,4.866071428571429,4.7219999999999995,20.83607142857143,21.430285714285713,85.31,84.116,2,0,0,0,0,0,0,0,0,0,1
West,2014-09-01,372,1,0.5208333333333333,8.929285714285715,19.925357142857145,87.55857142857144,2014,9,959.0,328.0,8.071428571428573,4.866071428571429,20.12942857142857,20.83607142857143,87.49428571428572,85.31,1,0,0,0,0,0,0,0,0,0,1
West,2014-10-01,487,0,0.0,4.9557142857142855,20.484285714285715,86.75321428571428,2014,10,372.0,959.0,8.929285714285715,8.071428571428573,19.925357142857145,20.12942857142857,87.55857142857144,87.49428571428572,1,0,0,0,0,0,0,0,0,0,1
West,2014-11-01,373,3,1.1959842863378438,3.445428571428571,20.639714285714284,83.628,2014,11,487.0,372.0,4.9557142857142855,8.929285714285715,20.484285714285715,19.925357142857145,86.75321428571428,87.55857142857144,1,0,0,0,0,0,0,0,0,0,1
West,2014-12-01,73,0,0.0,0.08964285714285712,20.42107142857143,66.5375,2014,12,373.0,487.0,3.445428571428571,4.9557142857142855,20.639714285714284,20.484285714285715,83.628,86.75321428571428,0,0,0,0,0,0,0,0,0,0,1
West,2015-01-01,93,1,1.3888888888888888,0.05678571428571425,19.692857142857143,57.72035714285715,2015,1,73.0,373.0,0.08964285714285712,3.445428571428571,20.42107142857143,20.639714285714284,66.5375,83.628,0,0,0,0,0,0,0,0,0,0,1
West,2015-02-01,9,0,0.0,0.999285714285714,22.012499999999996,70.00071428571428,2015,2,93.0,73.0,0.05678571428571425,0.08964285714285712,19.692857142857143,20.42107142857143,57.72035714285715,66.5375,0,0,0,0,0,0,0,0,0,0,1
West,2015-03-01,357,2,0.6779661016949152,2.5514285714285716,22.057142857142857,74.30542857142856,2015,3,9.0,93.0,0.999285714285714,0.05678571428571425,22.012499999999996,19.692857142857143,70.00071428571428,57.72035714285715,1,0,0,0,0,0,0,0,0,0,1
West,2015-04-01,282,1,0.7575757575757576,4.26,21.767142857142858,78.41071428571428,2015,4,357.0,9.0,2.5514285714285716,0.999285714285714,22.057142857142857,22.012499999999996,74.30542857142856,70.00071428571428,1,0,0,0,0,0,0,0,0,0,1
West,2015-05-01,799,3,0.615530303030303,6.500285714285714,21.811714285714285,84.49342857142858,2015,5,282.0,357.0,4.26,2.5514285714285716,21.767142857142858,22.057142857142857,78.41071428571428,74.30542857142856,2,0,0,0,0,0,0,0,0,0,1
West,2015-06-01,634,1,0.4098360655737705,12.143928571428571,21.093928571428567,85.74714285714285,2015,6,799.0,282.0,6.500285714285714,4.26,21.811714285714285,21.767142857142858,84.49342857142858,78.41071428571428,1,0,0,0,0,0,0,0,0,0,1
West,2015-07-01,686,2,0.7637593283582089,13.594285714285714,20.798928571428572,88.75,2015,7,634.0,799.0,12.143928571428571,6.500285714285714,21.093928571428567,21.811714285714285,85.74714285714285,84.49342857142858,1,0,0,0,0,0,0,0,0,0,1
West,2015-08-01,1247,12,2.2946233905138014,15.009714285714285,20.420857142857145,88.96514285714287,2015,8,686.0,634.0,13.594285714285714,12.143928571428571,20.798928571428572,21.093928571428567,88.75,85.74714285714285,2,0,0,0,0,0,0,0,0,0,1
West,2015-09-01,491,1,1.0,13.293571428571429,20.459285714285713,88.18464285714285,2015,9,1247.0,686.0,15.009714285714285,13.594285714285714,20.420857142857145,20.798928571428572,88.96514285714287,88.75,1,0,0,0,0,0,0,0,0,0,1
West,2015-10-01,1666,6,0.7,10.394285714285715,20.737142857142857,87.79428571428572,2015,10,491.0,1247.0,13.293571428571429,15.009714285714285,20.459285714285713,20.420857142857145,88.18464285714285,88.96514285714287,2,0,0,0,0,0,0,0,0,0,1
West,2015-11-01,906,4,1.0904977375565612,5.311428571428571,20.576,83.84371428571428,2015,11,1666.0,491.0,10.394285714285715,13.293571428571429,20.737142857142857,20.459285714285713,87.79428571428572,88.18464285714285,2,0,0,0,0,0,0,0,0,0,1
West,2015-12-01,92,0,0.0,0.5767857142857143,19.222142857142856,68.06607142857143,2015,12,906.0,1666.0,5.311428571428571,10.394285714285715,20.576,20.737142857142857,83.84371428571428,87.79428571428572,0,0,0,0,0,0,0,0,0,0,1
West,2016-01-01,190,1,0.0,0.26464285714285707,20.80892857142857,58.2925,2016,1,92.0,906.0,0.5767857142857143,5.311428571428571,19.222142857142856,20.576,68.06607142857143,83.84371428571428,0,0,0,0,0,0,0,0,0,0,1
West,2016-02-01,32,0,0.0,0.14214285714285713,21.808214285714286,58.00571428571429,2016,2,190.0,92.0,0.26464285714285707,0.5767857142857143,20.80892857142857,19.222142857142856,58.2925,68.06607142857143,0,0,0,0,0,0,0,0,0,0,1
West,2016-03-01,327,0,0.0,8.825714285714286,23.0475,81.42214285714286,2016,3,32.0,190.0,0.14214285714285713,0.26464285714285707,21.808214285714286,20.80892857142857,58.00571428571429,58.2925,1,0,0,0,0,0,0,0,0,0,1
West,2016-04-01,297,0,0.0,6.737857142857143,22.787499999999998,83.15785714285714,2016,4,327.0,32.0,8.825714285714286,0.14214285714285713,23.0475,21.808214285714286,81.42214285714286,58.00571428571429,1,0,0,0,0,0,0,0,0,0,1
West,2016-05-01,940,3,1.1414136459508508,12.011714285714286,21.879428571428573,86.72571428571429,2016,5,297.0,327.0,6.737857142857143,8.825714285714286,22.787499999999998,23.0475,83.15785714285714,81.42214285714286,2,0,0,0,0,0,0,0,0,0,1
West,2016-06-01,1415,4,1.1858797573083286,12.809285714285714,20.749642857142856,87.40642857142856,2016,6,940.0,297.0,12.011714285714286,6.737857142857143,21.879428571428573,22.787499999999998,86.72571428571429,83.15785714285714,2,0,0,0,0,0,0,0,0,0,1
West,2016-07-01,1044,5,1.0532407407407407,11.658,20.353714285714286,89.64771428571427,2016,7,1415.0,940.0,12.809285714285714,12.011714285714286,20.749642857142856,21.879428571428573,87.40642857142856,86.72571428571429,2,0,0,0,0,0,0,0,0,0,1
West,2016-08-01,1250,3,0.390625,15.877142857142855,20.225714285714286,90.79678571428572,2016,8,1044.0,1415.0,11.658,12.809285714285714,20.353714285714286,20.749642857142856,89.64771428571427,87.40642857142856,2,0,0,0,0,0,0,0,0,0,1
West,2016-09-01,1169,7,2.207878186031116,14.903571428571427,20.325714285714284,89.17107142857142,2016,9,1250.0,1044.0,15.877142857142855,11.658,20.225714285714286,20.353714285714286,90.79678571428572,89.64771428571427,2,0,0,0,0,0,0,0,0,0,1
West,2016-10-01,849,8,2.6567460317460316,12.145428571428571,20.52142857142857,89.14742857142858,2016,10,1169.0,1250.0,14.903571428571427,15.877142857142855,20.325714285714284,20.225714285714286,89.17107142857142,90.79678571428572,2,0,0,0,0,0,0,0,0,0,1
West,2016-11-01,315,0,0.0,1.1660714285714286,20.92071428571429,82.72749999999999,2016,11,849.0,1169.0,12.145428571428571,14.903571428571427,20.52142857142857,20.325714285714284,89.14742857142858,89.17107142857142,1,0,0,0,0,0,0,0,0,0,1
West,2016-12-01,118,1,1.1363636363636365,0.1339285714285714,20.698214285714286,72.65107142857143,2016,12,315.0,849.0,1.1660714285714286,12.145428571428571,20.92071428571429,20.52142857142857,82.72749999999999,89.14742857142858,0,0,0,0,0,0,0,0,0,0,1
West,2017-01-01,98,0,0.0,0.059142857142857094,20.95057142857143,67.18857142857142,2017,1,118.0,315.0,0.1339285714285714,1.1660714285714286,20.698214285714286,20.92071428571429,72.65107142857143,82.72749999999999,0,0,0,0,0,0,0,0,0,0,1
West,2017-02-01,98,0,0.0,0.08678571428571427,21.55464285714286,56.82142857142858,2017,2,98.0,118.0,0.059142857142857094,0.1339285714285714,20.95057142857143,20.698214285714286,67.18857142857142,72.65107142857143,0,0,0,0,0,0,0,0,0,0,1
West,2017-03-01,77,0,0.0,2.8792857142857144,22.375,72.84357142857142,2017,3,98.0,98.0,0.08678571428571427,0.059142857142857094,21.55464285714286,20.95057142857143,56.82142857142858,67.18857142857142,0,0,0,0,0,0,0,0,0,0,1
West,2017-04-01,478,0,0.0,9.028000000000002,22.140285714285714,82.81942857142857,2017,4,77.0,98.0,2.8792857142857144,0.08678571428571427,22.375,21.55464285714286,72.84357142857142,56.82142857142858,1,0,0,0,0,0,0,0,0,0,1
West,2017-05-01,848,3,1.92080378250591,7.879642857142856,21.512857142857143,84.92750000000001,2017,5,478.0,77.0,9.028000000000002,2.8792857142857144,22.140285714285714,22.375,82.81942857142857,72.84357142857142,2,0,0,0,0,0,0,0,0,0,1
West,2017-06-01,570,3,1.6748366013071894,8.921785714285715,21.22357142857143,86.02035714285715,2017,6,848.0,478.0,7.879642857142856,9.028000000000002,21.512857142857143,22.140285714285714,84.92750000000001,82.81942857142857,1,0,0,0,0,0,0,0,0,0,1
West,2017-07-01,1259,8,1.891115929986692,18.395428571428575,20.522000000000002,87.61457142857144,2017,7,570.0,848.0,8.921785714285715,7.879642857142856,21.22357142857143,21.512857142857143,86.02035714285715,84.92750000000001,2,0,0,0,0,0,0,0,0,0,1
West,2017-08-01,1057,2,1.0204081632653061,17.143214285714286,20.125714285714288,89.86785714285715,2017,8,1259.0,570.0,18.395428571428575,8.921785714285715,20.522000000000002,21.22357142857143,87.61457142857144,86.02035714285715,2,0,0,0,0,0,0,0,0,0,1
West,2017-09-01,724,5,1.2531036623215395,11.724285714285715,20.42392857142857,89.085,2017,9,1057.0,1259.0,17.143214285714286,18.395428571428575,20.125714285714288,20.522000000000002,89.86785714285715,87.61457142857144,2,0,0,0,0,0,0,0,0,0,1
West,2017-10-01,830,4,1.5874101950051318,11.422571428571429,20.495714285714286,87.61428571428571,2017,10,724.0,1057.0,11.724285714285715,17.143214285714286,20.42392857142857,20.125714285714288,89.085,89.86785714285715,2,0,0,0,0,0,0,0,0,0,1
West,2017-11-01,225,0,0.0,3.07,20.646428571428572,83.92928571428573,2017,11,830.0,724.0,11.422571428571429,11.724285714285715,20.495714285714286,20.42392857142857,87.61428571428571,89.085,1,0,0,0,0,0,0,0,0,0,1
West,2017-12-01,128,1,1.0,0.013714285714285701,20.73742857142857,71.31171428571429,2017,12,225.0,830.0,3.07,11.422571428571429,20.646428571428572,20.495714285714286,83.92928571428573,87.61428571428571,0,0,0,0,0,0,0,0,0,0,1
West,2018-01-01,0,0,0.0,0.4374999999999999,19.94214285714286,60.43071428571429,2018,1,128.0,225.0,0.013714285714285701,3.07,20.73742857142857,20.646428571428572,71.31171428571429,83.92928571428573,0,0,0,0,0,0,0,0,0,0,1
West,2018-02-01,0,0,0.0,2.0714285714285716,22.165714285714287,69.55499999999999,2018,2,0.0,128.0,0.4374999999999999,0.013714285714285701,19.94214285714286,20.73742857142857,60.43071428571429,71.31171428571429,0,0,0,0,0,0,0,0,0,0,1
West,2018-03-01,0,0,0.0,3.874642857142857,21.895357142857144,81.61821428571429,2018,3,0.0,0.0,2.0714285714285716,0.4374999999999999,22.165714285714287,19.94214285714286,69.55499999999999,60.43071428571429,0,0,0,0,0,0,0,0,0,0,1
West,2018-04-01,44,0,0.0,4.291142857142857,21.942857142857143,82.97142857142856,2018,4,0.0,0.0,3.874642857142857,2.0714285714285716,21.895357142857144,22.165714285714287,81.61821428571429,69.55499999999999,0,0,0,0,0,0,0,0,0,0,1
West,2018-05-01,0,0,0.0,6.411428571428572,21.82357142857143,84.59035714285714,2018,5,44.0,0.0,4.291142857142857,3.874642857142857,21.942857142857143,21.895357142857144,82.97142857142856,81.61821428571429,0,0,0,0,0,0,0,0,0,0,1
West,2018-06-01,0,0,0.0,10.336428571428574,21.229285714285712,86.00642857142856,2018,6,0.0,44.0,6.411428571428572,4.291142857142857,21.82357142857143,21.942857142857143,84.59035714285714,82.97142857142856,0,0,0,0,0,0,0,0,0,0,1
West,2018-07-01,117,0,0.0,14.62,20.374571428571432,87.99428571428572,2018,7,0.0,0.0,10.336428571428574,6.411428571428572,21.229285714285712,21.82357142857143,86.00642857142856,84.59035714285714,0,0,0,0,0,0,0,0,0,0,1
West,2018-08-01,146,1,0.5434782608695652,8.114285714285714,20.345714285714287,87.57321428571429,2018,8,117.0,0.0,14.62,10.336428571428574,20.374571428571432,21.229285714285712,87.99428571428572,86.00642857142856,0,0,0,0,0,0,0,0,0,0,1
West,2018-09-01,0,0,0.0,10.899714285714287,20.330000000000002,87.50857142857144,2018,9,146.0,117.0,8.114285714285714,14.62,20.345714285714287,20.374571428571432,87.57321428571429,87.99428571428572,0,0,0,0,0,0,0,0,0,0,1
West,2018-10-01,0,0,0.0,9.343214285714286,20.411785714285717,88.61999999999999,2018,10,0.0,146.0,10.899714285714287,8.114285714285714,20.330000000000002,20.345714285714287,87.50857142857144,87.57321428571429,0,0,0,0,0,0,0,0,0,0,1
West,2018-11-01,29,0,0.0,4.566428571428571,20.877142857142857,85.25392857142856,2018,11,0.0,0.0,9.343214285714286,10.899714285714287,20.411785714285717,20.330000000000002,88.61999999999999,87.50857142857144,0,0,0,0,0,0,0,0,0,0,1
West,2018-12-01,0,0,0.0,0.01928571428571425,20.42,69.42464285714286,2018,12,29.0,0.0,4.566428571428571,9.343214285714286,20.877142857142857,20.411785714285717,85.25392857142856,88.61999999999999,0,0,0,0,0,0,0,0,0,0,1
West,2019-01-01,0,0,0.0,0.04785714285714282,21.353214285714284,67.04571428571428,2019,1,0.0,29.0,0.01928571428571425,4.566428571428571,20.42,20.877142857142857,69.42464285714286,85.25392857142856,0,0,0,0,0,0,0,0,0,0,1
West,2019-02-01,0,0,0.0,0.9653571428571428,22.157500000000002,66.23035714285714,2019,2,0.0,0.0,0.04785714285714282,0.01928571428571425,21.353214285714284,20.42,67.04571428571428,69.42464285714286,0,0,0,0,0,0,0,0,0,0,1
West,2019-03-01,1,0,0.0,1.4267857142857143,22.6125,77.9625,2019,3,0.0,0.0,0.9653571428571428,0.04785714285714282,22.157500000000002,21.353214285714284,66.23035714285714,67.04571428571428,0,0,0,0,0,0,0,0,0,0,1
West,2019-05-01,0,0,0.0,4.56,21.665714285714284,84.07571428571428,2019,5,1.0,0.0,1.4267857142857143,0.9653571428571428,22.6125,22.157500000000002,77.9625,66.23035714285714,0,0,0,0,0,0,0,0,0,0,1
West,2019-12-01,0,0,0.0,6.486565934065935,21.25508241758242,81.21065934065935,2019,12,0.0,1.0,4.56,1.4267857142857143,21.665714285714284,22.6125,84.07571428571428,77.9625,0,0,0,0,0,0,0,0,0,0,1
West,2022-04-01,0,0,0.0,9.285,22.197142857142858,82.88357142857143,2022,4,0.0,0.0,6.486565934065935,4.56,21.25508241758242,21.665714285714284,81.21065934065935,84.07571428571428,0,0,0,0,0,0,0,0,0,0,1
West,2022-05-01,94,1,0.0,6.9719999999999995,21.766000000000002,83.71228571428571,2022,5,0.0,0.0,9.285,6.486565934065935,22.197142857142858,21.25508241758242,82.88357142857143,81.21065934065935,0,0,0,0,0,0,0,0,0,0,1
West,2022-06-01,190,0,0.0,5.2330000000000005,20.860142857142858,85.87814285714286,2022,6,94.0,0.0,6.9719999999999995,9.285,21.766000000000002,22.197142857142858,83.71228571428571,82.88357142857143,0,0,0,0,0,0,0,0,0,0,1
West,2022-07-01,82,0,0.0,3.5864285714285717,21.91559523809524,73.19753968253968,2022,7,190.0,94.0,5.2330000000000005,6.9719999999999995,20.860142857142858,21.766000000000002,85.87814285714286,83.71228571428571,0,0,0,0,0,0,0,0,0,0,1
West,2022-09-01,310,2,2.225,19.561558441558443,19.88142857142857,88.92506493506494,2022,9,82.0,190.0,3.5864285714285717,5.2330000000000005,21.91559523809524,20.860142857142858,73.19753968253968,85.87814285714286,1,0,0,0,0,0,0,0,0,0,1
West,2022-10-01,42,0,0.0,13.72,19.97,88.10000000000001,2022,10,310.0,82.0,19.561558441558443,3.5864285714285717,19.88142857142857,21.91559523809524,88.92506493506494,73.19753968253968,0,0,0,0,0,0,0,0,0,0,1
West,2022-11-01,98,0,0.0,2.432142857142857,20.21285714285714,83.14357142857143,2022,11,42.0,310.0,13.72,19.561558441558443,19.97,19.88142857142857,88.10000000000001,88.92506493506494,0,0,0,0,0,0,0,0,0,0,1
West,2022-12-01,15,0,0.0,0.16,20.867142857142856,78.25714285714285,2022,12,98.0,42.0,2.432142857142857,13.72,20.21285714285714,19.97,83.14357142857143,88.10000000000001,0,0,0,0,0,0,0,0,0,0,1
