Region,reporting_date,TL,TR,sCh,cCh,deaths,CFR,rainfall_avg,temperature_avg,humidity_avg
Far North,2018-11-02,2018-10-31,2018-11-02,91,42,0,0.0,0.0,27.599999999999998,50.82
North,2018-11-02,2018-10-31,2018-11-02,38,14,0,0.0,0.09333333333333334,27.646666666666665,67.37333333333333
Centre,2018-11-02,2018-08-27,2018-11-02,0,0,0,,8.009411764705884,23.082647058823532,88.48779411764706
Littoral,2018-11-02,2018-10-11,2018-11-02,0,0,0,,7.215217391304347,26.2504347826087,87.67695652173911
Adamaoua,2010-12-31,2010-05-06,2010-12-31,1,1,0,0.0,5.4405833333333335,21.958583333333333,78.03641666666667
Centre,2010-12-31,2010-05-06,2010-12-31,71,0,0,,5.045374999999999,23.036041666666666,86.10608333333333
East,2010-12-31,2010-05-06,2010-12-31,36,0,0,,5.092749999999999,22.832708333333336,82.40008333333334
Far North,2010-12-31,2010-05-06,2010-12-31,0,0,0,,3.1157083333333326,26.948708333333336,62.64750000000001
Littoral,2010-12-31,2010-05-06,2010-12-31,0,0,0,,7.061916666666667,25.512749999999997,88.85987500000002
North,2010-12-31,2010-05-06,2010-12-31,498,0,0,,4.2047083333333335,26.552583333333338,69.51154166666667
North-West,2010-12-31,2010-05-06,2010-12-31,22,11,0,0.0,6.692333333333333,20.281083333333335,84.31904166666666
West,2010-12-31,2010-05-06,2010-12-31,12,6,0,0.0,5.964791666666668,20.589458333333333,84.89508333333333
South,2010-12-31,2010-05-06,2010-12-31,0,0,0,,5.157500000000001,22.656499999999998,89.91125000000001
South-West,2010-12-31,2010-05-06,2010-12-31,355,107,8,7.48,8.35975,23.824499999999997,90.66850000000001
Adamaoua,2011-09-22,2011-01-01,2011-09-22,183,0,0,,4.001169811320755,23.077471698113207,65.95056603773585
Centre,2011-09-22,2011-01-01,2011-09-22,3133,977,78,7.98,4.280150943396227,23.459811320754717,83.12181132075472
East,2011-09-22,2011-01-01,2011-09-22,84,35,1,2.86,3.3004905660377353,23.811811320754718,75.43101886792454
Far North,2011-09-22,2011-01-01,2011-09-22,3661,2146,146,6.8,2.3299245283018872,28.505924528301886,44.620867924528305
Littoral,2011-09-22,2011-01-01,2011-09-22,2096,0,0,,7.749622641509436,25.699207547169813,88.20675471698114
North,2011-09-22,2011-01-01,2011-09-22,3591,0,0,,2.735169811320755,28.18539622641509,52.88003773584905
North-West,2011-09-22,2011-01-01,2011-09-22,142,73,5,6.85,5.594528301886793,20.79652830188679,79.0297358490566
West,2011-09-22,2011-01-01,2011-09-22,0,0,0,,5.463547169811322,20.979811320754717,81.40007547169812
South,2011-09-22,2011-01-01,2011-09-22,56,21,1,4.76,4.005207547169812,22.889962264150945,89.09354716981133
South-West,2011-09-22,2011-01-01,2011-09-22,3030,0,0,,9.85554716981132,24.213471698113207,88.69241509433961
Adamaoua,2011-12-11,2011-09-23,2011-12-11,28,0,0,,2.6161249999999994,21.436,70.44775
Centre,2011-12-11,2011-09-23,2011-12-11,529,198,15,7.58,3.4983750000000002,22.7135,83.267875
East,2011-12-11,2011-09-23,2011-12-11,42,18,1,5.56,3.4314999999999998,22.371875,78.32725
Far North,2011-12-11,2011-09-23,2011-12-11,68,36,2,5.56,0.49737500000000007,25.798749999999995,48.1155
Littoral,2011-12-11,2011-09-23,2011-12-11,3127,975,33,3.38,5.024249999999999,25.751624999999997,86.77837500000001
North,2011-12-11,2011-09-23,2011-12-11,985,370,29,7.84,1.0605,26.856249999999996,55.47950000000001
North-West,2011-12-11,2011-09-23,2011-12-11,0,0,0,,5.11675,19.8495,79.66712499999998
West,2011-12-11,2011-09-23,2011-12-11,40,24,1,4.17,4.0145,19.98675,82.317125
South,2011-12-11,2011-09-23,2011-12-11,110,74,4,5.41,4.6728749999999994,22.52275,89.0675
South-West,2011-12-11,2011-09-23,2011-12-11,71,0,0,,5.335500000000001,23.912750000000003,89.393375
(Centre|Far North|Littoral|North),2018-11-23,2018-05-18,2018-11-23,942,523,41,7.84,,,
Far North,2018-11-23,2018-11-18,2018-11-23,62,38,1,2.63,0.0,26.933333333333337,40.68
North,2018-11-23,2018-11-18,2018-11-23,12,7,0,0.0,0.0,27.123333333333335,59.714999999999996
Centre,2018-11-23,2018-08-27,2018-11-23,0,0,0,,6.543707865168539,23.263146067415732,87.73988764044944
Littoral,2018-11-23,2018-10-11,2018-11-23,0,0,0,,6.0465909090909085,26.47409090909091,87.6268181818182
Far North,2021-10-03,2021-01-01,2021-10-03,63,0,0,,1.9308695652173915,28.711920289855072,45.967971014492754
Littoral,2021-10-03,2021-01-01,2021-10-03,115,61,0,0.0,6.827463768115941,26.28800724637681,86.72300724637681
North,2021-10-03,2021-01-01,2021-10-03,1,1,0,0.0,3.6006521739130433,27.953260869565216,56.24173913043479
Centre,2021-11-02,2021-01-01,2021-11-02,40,17,1,5.88,4.102941176470588,23.57781045751634,82.5838888888889
Littoral,2021-11-02,2021-01-01,2021-11-02,29,0,0,,6.896535947712419,26.25330065359477,86.95767973856209
South-West,2021-11-02,2021-01-01,2021-11-02,36,2,0,0.0,9.35591503267974,24.556372549019606,88.14630718954247
Far North,2022-03-06,2021-01-24,2022-03-06,0,0,0,,1.4053071253071254,28.23756756756757,41.490368550368544
Littoral,2022-03-06,2022-02-28,2022-03-06,71,44,3,6.82,2.1471428571428572,26.787142857142857,86.48571428571428
North,2022-03-06,2022-02-28,2022-03-06,58,14,0,0.0,0.0,31.24142857142857,22.374285714285715
South,2022-03-06,2022-02-28,2022-03-06,0,0,0,,1.8699999999999999,24.32428571428572,84.11285714285714
South-West,2022-03-06,2022-02-28,2022-03-06,79,26,2,7.69,3.0500000000000003,25.55142857142857,84.21857142857142
Centre,2022-07-03,2022-06-27,2022-07-03,121,76,0,0.0,8.248571428571429,22.504285714285714,89.39999999999999
Far North,2022-07-03,2021-10-25,2022-07-03,101,0,0,,0.6923412698412699,28.72388888888889,33.176587301587304
Littoral,2022-07-03,2022-06-27,2022-07-03,193,52,2,3.85,8.134285714285713,25.354285714285712,88.15142857142858
North,2022-07-03,2021-10-25,2022-07-03,4,1,0,0.0,1.6644047619047617,28.29440476190476,46.18460317460317
South,2022-07-03,2021-10-25,2022-07-03,0,0,0,,3.245119047619048,23.659206349206354,86.16892857142857
South-West,2022-07-03,2022-06-27,2022-07-03,26,12,0,0.0,11.03857142857143,23.472857142857144,90.95142857142855
West,2022-07-03,2021-10-25,2022-07-03,82,0,0,,3.5864285714285713,21.915595238095236,73.19753968253968
South-West,2022-08-03,2022-07-17,2022-08-03,0,0,0,,26.24777777777778,22.760555555555555,93.10722222222222
Centre,2022-09-08,2022-08-29,2022-09-08,48,32,0,0.0,16.506363636363634,22.485454545454544,90.65181818181819
Littoral,2022-09-08,2022-08-29,2022-09-08,262,106,6,5.66,49.48818181818182,25.099999999999998,89.33090909090909
West,2022-09-08,2022-08-29,2022-09-08,137,75,1,1.33,31.064545454545456,20.049999999999997,88.65727272727273
Centre,2022-09-22,2022-09-16,2022-09-22,0,0,0,,3.7271428571428573,22.602857142857147,89.57142857142857
Littoral,2022-09-22,2022-09-16,2022-09-22,0,0,0,,10.820000000000002,25.25142857142857,89.83571428571429
West,2022-09-22,2022-09-16,2022-09-22,66,32,1,3.12,8.058571428571428,19.712857142857143,89.19285714285715
Centre,2022-10-13,2022-10-07,2022-10-13,97,41,1,2.44,9.804285714285713,22.28571428571428,90.4357142857143
Far North,2022-10-13,2022-10-07,2022-10-13,39,18,1,5.56,0.38571428571428573,25.608571428571427,79.60285714285715
Littoral,2022-10-13,2022-10-07,2022-10-13,115,56,4,7.14,12.137142857142857,25.58857142857143,86.63714285714286
West,2022-10-13,2022-10-07,2022-10-13,42,0,0,,13.719999999999999,19.970000000000002,88.10000000000001
Centre,2022-10-20,2022-10-14,2022-10-20,30,17,0,0.0,5.562857142857142,23.01142857142857,90.16857142857143
Far North,2022-10-20,2022-10-14,2022-10-20,52,14,1,7.14,0.1757142857142857,26.58857142857143,70.63142857142859
Littoral,2022-10-20,2021-10-25,2022-10-20,159,74,1,1.35,8.949085872576175,26.12650969529086,86.80429362880886
South-West,2022-10-20,2021-10-25,2022-10-20,6015,3920,63,1.61,11.63235457063712,24.38703601108033,88.18534626038782
Centre,2022-11-03,2022-10-28,2022-11-03,33,17,1,5.88,5.982857142857142,23.13285714285714,89.7942857142857
Far North,2022-11-03,2022-10-28,2022-11-03,71,33,2,6.06,0.0,26.028571428571432,55.09714285714285
Littoral,2022-11-03,2022-10-28,2022-11-03,117,79,2,2.53,12.847142857142858,26.235714285714288,88.49285714285715
West,2022-11-03,2022-10-28,2022-11-03,25,15,0,0.0,4.819999999999999,20.359999999999996,87.67857142857143
Centre,2022-11-10,2022-11-04,2022-11-10,24,9,0,0.0,1.1371428571428572,23.58428571428571,83.92999999999999
Far North,2022-11-10,2022-11-04,2022-11-10,36,11,0,0.0,0.0,26.140000000000004,45.94285714285714
Littoral,2022-11-10,2022-11-04,2022-11-10,34,0,0,,6.935714285714285,26.155714285714282,88.92857142857143
Centre,2022-11-24,2022-11-18,2022-11-24,0,0,0,,0.025714285714285717,23.03714285714285,80.18571428571428
Littoral,2022-11-24,2022-11-18,2022-11-24,52,16,0,0.0,1.1400000000000001,26.875714285714285,83.47857142857143
West,2022-11-24,2022-11-18,2022-11-24,37,21,0,0.0,0.044285714285714296,20.065714285714282,78.60857142857144
Centre,2022-12-08,2022-12-02,2022-12-08,34,15,0,0.0,0.39142857142857146,23.710000000000004,82.08428571428571
Littoral,2022-12-08,2022-12-02,2022-12-08,25,0,0,,0.6485714285714286,26.68285714285714,85.91428571428573
West,2022-12-08,2022-12-02,2022-12-08,12,3,0,0.0,0.16,20.867142857142856,78.25714285714285
Centre,2023-01-05,2022-12-30,2023-01-05,15,7,0,0.0,0.0,22.468571428571426,72.72
Littoral,2023-01-05,2022-12-30,2023-01-05,60,0,0,,0.04,26.428571428571427,78.37142857142858
Far North,2018-10-29,2018-10-23,2018-10-29,25,11,0,0.0,0.59,27.41142857142857,71.74571428571429
North,2018-10-29,2018-10-23,2018-10-29,50,0,0,,1.8342857142857143,26.505714285714287,78.44428571428571
Centre,2018-10-29,2018-08-27,2018-10-29,0,0,0,,7.673906250000001,23.05890625,88.40265625
Littoral,2018-10-29,2018-10-11,2018-10-29,0,0,0,,6.289999999999999,26.268421052631584,87.21999999999998
Centre,2018-09-24,2018-08-28,2018-09-24,0,0,0,,6.995714285714286,22.8425,88.55285714285715
North,2018-09-24,2018-05-18,2018-09-24,291,110,8,7.27,9.194923076923077,26.06130769230769,79.21523076923077
Littoral,2018-09-24,2018-05-18,2018-09-24,26,0,0,,9.42723076923077,25.414076923076923,89.52838461538461
North,2018-05-20,2018-05-14,2018-05-20,9,3,0,0.0,1.7485714285714287,29.542857142857144,61.40000000000001
North,2018-05-27,2018-05-21,2018-05-27,62,36,2,5.56,5.964285714285714,28.62285714285714,67.38
North,2018-06-03,2018-05-28,2018-06-03,0,0,0,,4.4314285714285715,27.79571428571429,72.38285714285715
North,2018-06-10,2018-06-04,2018-06-10,49,0,0,,3.334285714285715,28.8,67.27000000000001
North,2018-06-17,2018-06-11,2018-06-17,0,0,0,,3.294285714285714,28.962857142857143,66.55285714285715
North,2018-06-24,2018-06-18,2018-06-24,0,0,0,,6.805714285714285,25.67142857142857,78.4057142857143
North,2018-07-01,2018-06-25,2018-07-01,179,69,3,4.35,6.08,26.165714285714284,76.80142857142857
North,2018-07-08,2018-07-02,2018-07-08,0,0,0,,9.638571428571428,26.051428571428573,79.44714285714285
North,2018-07-15,2018-07-09,2018-07-15,38,11,0,0.0,8.397142857142857,26.232857142857142,76.64285714285714
North,2018-07-22,2018-07-16,2018-07-22,60,19,1,5.26,19.042857142857144,25.255714285714287,83.54285714285713
North,2018-07-29,2018-07-23,2018-07-29,26,12,0,0.0,6.978571428571428,25.28142857142857,84.67714285714285
North,2018-08-05,2018-07-30,2018-08-05,67,0,0,,7.157142857142857,24.391428571428573,86.22142857142858
North,2018-08-12,2018-08-06,2018-08-12,101,60,3,5.0,10.222857142857142,25.1,83.32000000000001
North,2018-08-19,2018-08-13,2018-08-19,101,52,1,1.92,33.82714285714286,24.64428571428572,85.41428571428571
North,2018-08-26,2018-08-20,2018-08-26,106,66,2,3.03,7.728571428571429,23.924285714285713,88.44857142857143
North,2018-09-02,2018-08-27,2018-09-02,0,0,0,,11.844285714285716,24.694285714285716,85.32571428571428
North,2018-09-09,2018-09-03,2018-09-09,123,41,1,2.44,9.057142857142855,24.515714285714285,87.49714285714286
North,2018-09-16,2018-09-10,2018-09-16,69,0,0,,6.39,25.462857142857143,82.48428571428572
North,2018-09-23,2018-09-17,2018-09-23,66,0,0,,6.518571428571428,26.184285714285714,79.73285714285714
North,2018-07-31,2018-05-18,2018-07-31,75,10,0,0.0,7.283066666666667,26.9012,75.22600000000001
Centre,2018-07-31,2018-05-18,2018-07-31,68,23,0,0.0,6.217466666666667,23.203733333333332,87.60053333333332
Centre,2018-08-12,2018-08-06,2018-08-12,15,5,0,0.0,3.448571428571428,23.04714285714286,87.02
Littoral,2018-08-12,2018-07-17,2018-08-12,149,86,1,1.16,11.53148148148148,24.800370370370363,90.63555555555556
Far North,2018-08-12,2018-07-17,2018-08-12,0,0,0,,8.190740740740742,25.278148148148148,82.87629629629629
East,2018-08-12,2018-07-17,2018-08-12,65,30,1,3.33,14.43074074074074,22.623703703703708,85.82851851851852
South,2018-08-12,2018-07-17,2018-08-12,13,3,0,0.0,3.592592592592592,22.402592592592587,88.5225925925926
South-West,2018-08-12,2018-07-17,2018-08-12,42,19,0,0.0,14.55777777777778,23.158518518518523,92.36333333333333
Adamaoua,2018-01-07,2018-01-01,2018-01-07,0,0,0,,0.0,17.877142857142854,45.34285714285714
Adamaoua,2018-01-14,2018-01-08,2018-01-14,0,0,0,,0.0,20.11285714285714,41.08571428571429
Adamaoua,2018-01-21,2018-01-15,2018-01-21,0,0,0,,0.0,20.314285714285717,36.85
Adamaoua,2018-01-28,2018-01-22,2018-01-28,0,0,0,,0.0,19.862857142857145,42.708571428571425
Adamaoua,2018-02-04,2018-01-29,2018-02-04,0,0,0,,0.0,21.192857142857143,43.68285714285714
Adamaoua,2018-02-11,2018-02-05,2018-02-11,0,0,0,,0.0,24.545714285714286,41.24142857142857
Adamaoua,2018-02-18,2018-02-12,2018-02-18,0,0,0,,0.0,25.07714285714286,43.462857142857146
Adamaoua,2018-02-25,2018-02-19,2018-02-25,0,0,0,,2.214285714285714,24.84714285714286,55.07285714285714
Adamaoua,2018-03-04,2018-02-26,2018-03-04,0,0,0,,0.015714285714285715,23.98857142857143,58.98857142857143
Adamaoua,2018-03-11,2018-03-05,2018-03-11,0,0,0,,0.08571428571428572,24.85285714285714,54.74
Adamaoua,2018-03-18,2018-03-12,2018-03-18,0,0,0,,0.07714285714285715,26.20714285714286,52.269999999999996
Adamaoua,2018-03-25,2018-03-19,2018-03-25,0,0,0,,1.8685714285714283,24.252857142857142,67.28571428571429
Adamaoua,2018-04-01,2018-03-26,2018-04-01,0,0,0,,0.15285714285714286,25.617142857142856,53.17142857142857
Adamaoua,2018-04-08,2018-04-02,2018-04-08,0,0,0,,1.4471428571428573,25.351428571428567,64.39
Adamaoua,2018-04-15,2018-04-09,2018-04-15,0,0,0,,2.015714285714286,24.95571428571429,66.61714285714285
Adamaoua,2018-04-22,2018-04-16,2018-04-22,0,0,0,,3.724285714285714,24.247142857142855,73.95
Adamaoua,2018-04-29,2018-04-23,2018-04-29,0,0,0,,4.158571428571428,24.411428571428576,76.13142857142859
Adamaoua,2018-05-06,2018-04-30,2018-05-06,0,0,0,,7.317142857142857,24.295714285714286,78.26285714285713
Adamaoua,2018-05-13,2018-05-07,2018-05-13,0,0,0,,7.152857142857143,23.34714285714286,81.89
Adamaoua,2018-05-20,2018-05-14,2018-05-20,0,0,0,,4.247142857142856,23.304285714285715,79.87
Adamaoua,2018-05-27,2018-05-21,2018-05-27,0,0,0,,7.774285714285715,23.118571428571425,81.0442857142857
Adamaoua,2018-06-03,2018-05-28,2018-06-03,0,0,0,,7.584285714285714,22.73,82.48285714285716
Adamaoua,2018-06-10,2018-06-04,2018-06-10,0,0,0,,3.485714285714286,23.295714285714286,80.83
Adamaoua,2018-06-17,2018-06-11,2018-06-17,0,0,0,,5.240000000000001,23.32714285714286,81.13285714285715
Adamaoua,2018-06-24,2018-06-18,2018-06-24,0,0,0,,9.845714285714285,21.211428571428574,86.62142857142855
Adamaoua,2018-07-01,2018-06-25,2018-07-01,0,0,0,,13.69,21.554285714285715,84.16857142857144
Adamaoua,2018-07-08,2018-07-02,2018-07-08,0,0,0,,15.994285714285711,21.66714285714286,85.10571428571428
Adamaoua,2018-07-15,2018-07-09,2018-07-15,0,0,0,,10.894285714285713,21.738571428571426,82.91714285714285
Adamaoua,2018-07-22,2018-07-16,2018-07-22,0,0,0,,20.03857142857143,21.34857142857143,87.32285714285716
Adamaoua,2018-07-29,2018-07-23,2018-07-29,0,0,0,,12.70857142857143,21.487142857142857,88.51857142857143
Adamaoua,2018-08-05,2018-07-30,2018-08-05,35,22,0,0.0,15.852857142857143,21.052857142857142,88.05285714285715
Adamaoua,2018-08-12,2018-08-06,2018-08-12,0,0,0,,9.552857142857144,21.50714285714286,85.99571428571429
Adamaoua,2018-08-19,2018-08-13,2018-08-19,0,0,0,,23.21142857142857,21.03,87.1657142857143
Adamaoua,2018-09-02,2018-08-27,2018-09-02,0,0,0,,21.24857142857143,20.654285714285717,90.47142857142858
Adamaoua,2018-09-09,2018-09-03,2018-09-09,0,0,0,,20.271428571428572,21.134285714285713,89.22857142857141
Adamaoua,2018-09-16,2018-09-10,2018-09-16,0,0,0,,11.138571428571428,21.49285714285714,86.51571428571428
Adamaoua,2018-09-23,2018-09-17,2018-09-23,0,0,0,,8.41,22.011428571428578,83.93857142857144
Adamaoua,2018-09-30,2018-09-24,2018-09-30,0,0,0,,8.724285714285715,22.011428571428574,85.57428571428571
Adamaoua,2018-10-07,2018-10-01,2018-10-07,0,0,0,,8.041428571428572,22.188571428571425,85.74285714285715
Adamaoua,2018-10-14,2018-10-08,2018-10-14,0,0,0,,3.7114285714285704,21.994285714285713,84.09
Adamaoua,2018-10-21,2018-10-15,2018-10-21,0,0,0,,0.7414285714285714,22.412857142857145,81.87571428571428
Adamaoua,2018-10-28,2018-10-22,2018-10-28,0,0,0,,2.912857142857143,21.99571428571429,85.04142857142857
Adamaoua,2018-11-04,2018-10-29,2018-11-04,0,0,0,,0.8928571428571429,22.45,80.13714285714286
Adamaoua,2018-11-11,2018-11-05,2018-11-11,0,0,0,,2.2071428571428573,22.368571428571432,78.35714285714286
Adamaoua,2018-11-18,2018-11-12,2018-11-18,0,0,0,,0.29714285714285715,22.477142857142855,71.81857142857142
Adamaoua,2018-11-25,2018-11-19,2018-11-25,0,0,0,,0.0014285714285714286,22.544285714285714,68.87142857142858
Adamaoua,2018-12-02,2018-11-26,2018-12-02,0,0,0,,0.0071428571428571435,22.237142857142857,64.84714285714286
Adamaoua,2018-12-16,2018-12-10,2018-12-16,0,0,0,,0.0,21.08857142857143,54.49857142857143
Adamaoua,2018-12-23,2018-12-17,2018-12-23,122,49,2,4.08,0.0,19.674285714285713,51.98285714285714
Adamaoua,2018-12-30,2018-12-24,2018-12-30,0,0,0,,0.0,20.139999999999997,53.707142857142856
Adamaoua,2019-01-06,2018-12-31,2019-01-06,0,0,0,,0.0,20.337142857142855,51.78285714285714
Adamaoua,2019-01-13,2019-01-07,2019-01-13,0,0,0,,0.0,20.88,48.199999999999996
Adamaoua,2019-01-20,2019-01-14,2019-01-20,0,0,0,,0.0,21.617142857142856,41.85285714285714
Adamaoua,2019-01-27,2019-01-21,2019-01-27,0,0,0,,0.024285714285714282,23.987142857142853,42.77857142857143
Adamaoua,2019-02-03,2019-01-28,2019-02-03,0,0,0,,0.2771428571428572,22.50714285714286,41.790000000000006
Adamaoua,2019-02-10,2019-02-04,2019-02-10,0,0,0,,0.0,21.944285714285716,40.058571428571426
Adamaoua,2019-02-17,2019-02-11,2019-02-17,0,0,0,,0.0,21.36714285714286,41.28857142857142
Adamaoua,2019-02-24,2019-02-18,2019-02-24,0,0,0,,0.0,24.467142857142857,48.925714285714285
Adamaoua,2019-03-03,2019-02-25,2019-03-03,0,0,0,,0.21428571428571427,24.55285714285714,56.06571428571429
Adamaoua,2019-03-10,2019-03-04,2019-03-10,0,0,0,,0.07857142857142858,25.955714285714283,48.644285714285715
Adamaoua,2019-03-17,2019-03-11,2019-03-17,0,0,0,,0.0014285714285714286,26.968571428571426,48.59000000000001
Adamaoua,2019-03-24,2019-03-18,2019-03-24,0,0,0,,0.5242857142857144,26.828571428571426,53.97571428571428
Adamaoua,2019-05-19,2019-05-13,2019-05-19,0,0,0,,6.08,24.509999999999998,71.93857142857142
Centre,2018-01-07,2018-01-01,2018-01-07,0,0,0,,0.015714285714285715,20.538571428571426,66.56714285714285
Centre,2018-01-14,2018-01-08,2018-01-14,0,0,0,,0.014285714285714287,22.387142857142855,63.78285714285713
Centre,2018-01-21,2018-01-15,2018-01-21,0,0,0,,0.008571428571428572,22.035714285714285,59.547142857142866
Centre,2018-01-28,2018-01-22,2018-01-28,0,0,0,,0.002857142857142857,22.428571428571423,60.05285714285714
Centre,2018-02-04,2018-01-29,2018-02-04,0,0,0,,0.0014285714285714286,23.915714285714284,59.027142857142856
Centre,2018-02-11,2018-02-05,2018-02-11,0,0,0,,1.1014285714285714,25.944285714285716,65.96142857142857
Centre,2018-02-18,2018-02-12,2018-02-18,0,0,0,,1.2871428571428571,25.851428571428567,74.43714285714285
Centre,2018-02-25,2018-02-19,2018-02-25,0,0,0,,3.8128571428571427,24.89428571428571,80.37
Centre,2018-03-04,2018-02-26,2018-03-04,30,16,0,0.0,6.664285714285714,23.751428571428573,85.28999999999999
Centre,2018-03-11,2018-03-05,2018-03-11,0,0,0,,2.9814285714285718,24.359999999999996,82.15285714285714
Centre,2018-03-18,2018-03-12,2018-03-18,0,0,0,,3.262857142857143,24.51571428571429,83.83142857142856
Centre,2018-03-25,2018-03-19,2018-03-25,0,0,0,,2.7142857142857144,24.277142857142856,82.57000000000001
Centre,2018-04-01,2018-03-26,2018-04-01,0,0,0,,1.5914285714285714,25.268571428571427,79.57285714285713
Centre,2018-04-08,2018-04-02,2018-04-08,56,0,0,,3.402857142857143,24.00142857142857,86.61285714285714
Centre,2018-04-15,2018-04-09,2018-04-15,0,0,0,,4.134285714285714,23.824285714285715,86.63142857142859
Centre,2018-04-22,2018-04-16,2018-04-22,0,0,0,,2.9642857142857144,24.430000000000003,83.72999999999999
Centre,2018-04-29,2018-04-23,2018-04-29,0,0,0,,5.248571428571429,24.225714285714286,86.86142857142856
Centre,2018-05-06,2018-04-30,2018-05-06,0,0,0,,3.6971428571428566,24.532857142857143,86.75142857142858
Centre,2018-05-13,2018-05-07,2018-05-13,0,0,0,,7.34857142857143,23.844285714285714,89.05
Centre,2018-05-20,2018-05-14,2018-05-20,61,0,0,,11.362857142857141,23.70714285714286,87.33285714285715
Centre,2018-05-27,2018-05-21,2018-05-27,0,0,0,,3.8200000000000003,23.797142857142855,87.15428571428572
Centre,2018-06-03,2018-05-28,2018-06-03,0,0,0,,4.045714285714285,23.67142857142857,87.98
Centre,2018-06-10,2018-06-04,2018-06-10,0,0,0,,2.8057142857142856,23.84142857142857,87.06142857142856
Centre,2018-06-17,2018-06-11,2018-06-17,0,0,0,,4.715714285714285,24.358571428571427,83.52
Centre,2018-06-24,2018-06-18,2018-06-24,0,0,0,,12.955714285714288,22.279999999999998,89.15428571428572
Centre,2018-07-01,2018-06-25,2018-07-01,0,0,0,,5.114285714285714,22.535714285714285,89.49428571428571
Centre,2018-07-08,2018-07-02,2018-07-08,0,0,0,,4.618571428571428,22.968571428571433,86.78142857142856
Centre,2018-07-15,2018-07-09,2018-07-15,36,9,0,0.0,3.7085714285714286,23.005714285714284,84.23714285714287
Centre,2018-07-22,2018-07-16,2018-07-22,77,0,0,,5.258571428571428,22.960000000000004,88.10857142857142
Centre,2018-07-29,2018-07-23,2018-07-29,0,0,0,,10.831428571428573,22.430000000000003,91.60857142857142
Centre,2018-08-05,2018-07-30,2018-08-05,63,23,1,4.35,5.7542857142857144,22.695714285714285,88.04999999999998
Centre,2018-08-19,2018-08-13,2018-08-19,78,0,0,,3.21,22.96142857142857,87.56428571428572
Centre,2018-09-02,2018-08-27,2018-09-02,226,119,3,2.52,7.467142857142856,22.498571428571427,89.25
Centre,2018-09-09,2018-09-03,2018-09-09,0,0,0,,6.4085714285714275,22.494285714285713,90.52571428571427
Centre,2018-09-16,2018-09-10,2018-09-16,0,0,0,,6.808571428571429,22.964285714285715,86.43714285714286
Centre,2018-09-23,2018-09-17,2018-09-23,0,0,0,,6.518571428571429,23.33857142857143,88.10857142857142
Centre,2018-09-30,2018-09-24,2018-09-30,0,0,0,,3.5728571428571425,23.472857142857144,86.48142857142855
Centre,2018-10-07,2018-10-01,2018-10-07,0,0,0,,7.8342857142857145,23.080000000000002,88.75571428571428
Centre,2018-10-14,2018-10-08,2018-10-14,0,0,0,,22.765714285714285,22.957142857142856,90.09
Centre,2018-10-21,2018-10-15,2018-10-21,0,0,0,,3.442857142857143,23.485714285714284,87.66571428571429
Centre,2018-10-28,2018-10-22,2018-10-28,0,0,0,,4.618571428571428,23.18857142857143,88.22857142857141
Centre,2018-11-04,2018-10-29,2018-11-04,0,0,0,,8.992857142857144,23.34,89.49428571428571
Centre,2018-11-11,2018-11-05,2018-11-11,0,0,0,,2.005714285714286,23.82714285714286,86.6557142857143
Centre,2018-11-18,2018-11-12,2018-11-18,0,0,0,,2.415714285714286,23.80857142857143,86.08000000000001
Centre,2018-11-25,2018-11-19,2018-11-25,0,0,0,,0.49857142857142855,24.26428571428571,82.08714285714287
Centre,2018-12-02,2018-11-26,2018-12-02,9,5,0,0.0,0.021428571428571432,23.908571428571427,80.59142857142857
Centre,2018-12-09,2018-12-03,2018-12-09,0,0,0,,0.038571428571428576,23.788571428571426,82.37285714285713
Centre,2018-12-16,2018-12-10,2018-12-16,0,0,0,,0.004285714285714286,23.005714285714284,74.22000000000001
Centre,2018-12-23,2018-12-17,2018-12-23,0,0,0,,0.07,21.29714285714286,73.00571428571428
Centre,2018-12-30,2018-12-24,2018-12-30,0,0,0,,0.0642857142857143,22.68,71.18
Centre,2019-01-06,2018-12-31,2019-01-06,0,0,0,,0.1742857142857143,22.967142857142857,70.61428571428571
Centre,2019-01-13,2019-01-07,2019-01-13,0,0,0,,0.004285714285714286,23.184285714285718,66.27142857142856
Centre,2019-01-20,2019-01-14,2019-01-20,0,0,0,,0.032857142857142856,24.37857142857143,65.4242857142857
Centre,2019-01-27,2019-01-21,2019-01-27,0,0,0,,0.7614285714285715,25.228571428571428,71.34857142857142
Centre,2019-02-03,2019-01-28,2019-02-03,0,0,0,,0.21571428571428572,24.934285714285714,69.3457142857143
Centre,2019-02-10,2019-02-04,2019-02-10,0,0,0,,0.24714285714285714,25.138571428571428,61.262857142857136
Centre,2019-02-17,2019-02-11,2019-02-17,0,0,0,,0.0,25.01,56.44428571428572
Centre,2019-02-24,2019-02-18,2019-02-24,0,0,0,,0.0,25.801428571428573,67.69714285714285
Centre,2019-03-03,2019-02-25,2019-03-03,24,0,0,,3.182857142857143,24.90857142857143,76.54571428571428
Centre,2019-03-10,2019-03-04,2019-03-10,0,0,0,,1.1228571428571428,25.471428571428568,76.20571428571428
Centre,2019-03-17,2019-03-11,2019-03-17,0,0,0,,0.6157142857142857,26.00285714285715,75.81571428571428
Centre,2019-03-24,2019-03-18,2019-03-24,0,0,0,,3.52,25.87285714285714,78.7
Centre,2019-05-19,2019-05-13,2019-05-19,0,0,0,,5.401428571428572,25.07,80.74142857142859
Centre,2022-02-27,2022-02-21,2022-02-27,0,0,0,,0.002857142857142857,26.871428571428574,51.57857142857142
Centre,2022-03-06,2022-02-28,2022-03-06,0,0,0,,0.4271428571428571,26.62285714285714,68.38857142857142
Centre,2022-03-13,2022-03-07,2022-03-13,0,0,0,,11.831428571428571,24.575714285714287,85.95
Centre,2022-03-20,2022-03-14,2022-03-20,70,44,1,2.27,0.4485714285714287,25.210000000000004,76.38000000000001
Centre,2022-03-27,2022-03-21,2022-03-27,44,13,0,0.0,0.7114285714285715,26.38714285714286,73.2942857142857
Centre,2022-04-03,2022-03-28,2022-04-03,37,0,0,,0.8671428571428572,26.240000000000002,69.08714285714287
Centre,2022-04-10,2022-04-04,2022-04-10,39,24,0,0.0,1.0442857142857143,25.704285714285714,74.10571428571428
East,2018-01-07,2018-01-01,2018-01-07,0,0,0,,0.0,20.939999999999998,55.367142857142845
East,2018-01-14,2018-01-08,2018-01-14,0,0,0,,0.0,22.151428571428568,57.339999999999996
East,2018-01-21,2018-01-15,2018-01-21,0,0,0,,0.0,21.94,51.410000000000004
East,2018-01-28,2018-01-22,2018-01-28,0,0,0,,0.0,22.650000000000002,52.79714285714285
East,2018-02-04,2018-01-29,2018-02-04,0,0,0,,0.0,23.797142857142855,51.631428571428565
East,2018-02-11,2018-02-05,2018-02-11,0,0,0,,0.7814285714285715,26.351428571428574,54.19857142857143
East,2018-02-18,2018-02-12,2018-02-18,0,0,0,,2.902857142857143,25.834285714285716,70.04428571428572
East,2018-02-25,2018-02-19,2018-02-25,0,0,0,,2.9057142857142857,24.815714285714286,75.99857142857142
East,2018-03-04,2018-02-26,2018-03-04,0,0,0,,2.415714285714286,23.591428571428573,81.20285714285714
East,2018-03-11,2018-03-05,2018-03-11,0,0,0,,2.775714285714286,24.68285714285714,75.38285714285713
East,2018-03-18,2018-03-12,2018-03-18,0,0,0,,4.182857142857142,24.16571428571429,81.5642857142857
East,2018-03-25,2018-03-19,2018-03-25,0,0,0,,3.867142857142857,23.967142857142857,81.20714285714287
East,2018-04-01,2018-03-26,2018-04-01,1,1,0,0.0,1.4014285714285712,24.99,78.77714285714286
East,2018-04-08,2018-04-02,2018-04-08,0,0,0,,8.254285714285716,23.375714285714285,85.21857142857144
East,2018-04-15,2018-04-09,2018-04-15,0,0,0,,13.065714285714284,23.55,84.56285714285715
East,2018-04-22,2018-04-16,2018-04-22,0,0,0,,4.062857142857143,23.697142857142858,84.97285714285714
East,2018-04-29,2018-04-23,2018-04-29,0,0,0,,4.904285714285714,23.60285714285714,85.72571428571428
East,2018-05-06,2018-04-30,2018-05-06,0,0,0,,4.155714285714286,24.184285714285714,84.50571428571428
East,2018-05-13,2018-05-07,2018-05-13,0,0,0,,6.76,23.96142857142857,84.82428571428571
East,2018-05-20,2018-05-14,2018-05-20,0,0,0,,19.692857142857143,23.16,84.91428571428573
East,2018-05-27,2018-05-21,2018-05-27,0,0,0,,1.9500000000000004,23.354285714285716,84.90571428571431
East,2018-06-03,2018-05-28,2018-06-03,0,0,0,,4.767142857142857,23.454285714285714,85.11142857142856
East,2018-06-10,2018-06-04,2018-06-10,0,0,0,,1.6385714285714283,23.590000000000003,83.83285714285715
East,2018-06-17,2018-06-11,2018-06-17,0,0,0,,6.33142857142857,23.78857142857143,81.25714285714285
East,2018-06-24,2018-06-18,2018-06-24,39,0,0,,12.664285714285713,21.909999999999997,87.93857142857142
East,2018-07-01,2018-06-25,2018-07-01,0,0,0,,8.932857142857143,22.298571428571424,84.35571428571428
East,2018-07-08,2018-07-02,2018-07-08,0,0,0,,3.664285714285714,22.740000000000002,84.27857142857142
East,2018-07-15,2018-07-09,2018-07-15,0,0,0,,3.4471428571428575,23.0,80.23857142857143
East,2018-07-22,2018-07-16,2018-07-22,0,0,0,,20.261428571428574,22.437142857142856,85.46285714285713
East,2018-07-29,2018-07-23,2018-07-29,65,32,1,3.12,20.945714285714285,22.602857142857143,88.38571428571427
East,2018-08-05,2018-07-30,2018-08-05,0,0,0,,3.9414285714285713,22.552857142857142,86.37571428571427
East,2018-08-19,2018-08-13,2018-08-19,15,7,0,0.0,7.975714285714285,23.012857142857143,82.89999999999999
East,2018-09-02,2018-08-27,2018-09-02,0,0,0,,18.332857142857144,22.34857142857143,87.85142857142857
East,2018-09-09,2018-09-03,2018-09-09,0,0,0,,5.7942857142857145,22.562857142857137,86.4885714285714
East,2018-09-16,2018-09-10,2018-09-16,142,0,0,,5.28142857142857,22.917142857142856,83.47999999999999
East,2018-09-23,2018-09-17,2018-09-23,0,0,0,,8.571428571428571,23.062857142857137,85.42571428571429
East,2018-09-30,2018-09-24,2018-09-30,0,0,0,,4.811428571428571,22.949999999999996,84.96857142857142
East,2018-10-07,2018-10-01,2018-10-07,0,0,0,,4.2,22.914285714285715,85.82857142857142
East,2018-10-14,2018-10-08,2018-10-14,0,0,0,,16.722857142857144,22.942857142857147,86.97142857142858
East,2018-10-21,2018-10-15,2018-10-21,0,0,0,,3.8442857142857143,23.07857142857143,86.32714285714285
East,2018-10-28,2018-10-22,2018-10-28,0,0,0,,6.7442857142857155,22.975714285714282,87.69142857142856
East,2018-11-04,2018-10-29,2018-11-04,0,0,0,,8.032857142857143,23.037142857142857,86.53
East,2018-11-11,2018-11-05,2018-11-11,0,0,0,,0.6871428571428572,23.165714285714284,85.97857142857143
East,2018-11-18,2018-11-12,2018-11-18,0,0,0,,2.471428571428571,23.451428571428572,82.28857142857143
East,2018-11-25,2018-11-19,2018-11-25,0,0,0,,0.16142857142857145,23.442857142857143,80.24142857142859
East,2018-12-02,2018-11-26,2018-12-02,0,0,0,,0.18571428571428572,23.497142857142858,79.37142857142858
East,2018-12-16,2018-12-10,2018-12-16,0,0,0,,0.0014285714285714286,22.518571428571427,71.54857142857142
East,2018-12-23,2018-12-17,2018-12-23,0,0,0,,0.008571428571428572,21.361428571428572,67.27428571428571
East,2018-12-30,2018-12-24,2018-12-30,0,0,0,,0.03428571428571429,22.247142857142855,66.83285714285715
East,2019-01-06,2018-12-31,2019-01-06,0,0,0,,0.008571428571428572,22.57857142857143,66.69857142857141
East,2019-01-13,2019-01-07,2019-01-13,0,0,0,,0.0,22.919999999999998,61.744285714285716
East,2019-01-20,2019-01-14,2019-01-20,0,0,0,,0.0014285714285714286,23.207142857142856,56.18000000000001
East,2019-01-27,2019-01-21,2019-01-27,0,0,0,,0.20571428571428574,24.631428571428575,69.35714285714286
East,2019-02-03,2019-01-28,2019-02-03,0,0,0,,0.08285714285714287,24.74142857142857,61.00714285714287
East,2019-02-10,2019-02-04,2019-02-10,0,0,0,,0.004285714285714286,24.40142857142857,56.489999999999995
East,2019-02-17,2019-02-11,2019-02-17,18,10,0,0.0,0.0,24.608571428571427,55.857142857142854
East,2019-02-24,2019-02-18,2019-02-24,0,0,0,,0.0,25.430000000000003,68.93428571428572
East,2019-03-03,2019-02-25,2019-03-03,0,0,0,,4.06,24.074285714285715,76.02428571428572
East,2019-03-10,2019-03-04,2019-03-10,0,0,0,,1.4714285714285715,24.615714285714287,76.95142857142858
East,2019-03-17,2019-03-11,2019-03-17,0,0,0,,0.30714285714285705,25.542857142857144,75.59142857142857
East,2019-03-24,2019-03-18,2019-03-24,0,0,0,,2.3528571428571428,25.892857142857142,75.42428571428572
East,2019-05-19,2019-05-13,2019-05-19,39,10,0,0.0,5.207142857142857,24.68,81.05142857142857
Far North,2018-01-07,2018-01-01,2018-01-07,0,0,0,,0.0,21.574285714285715,14.65142857142857
Far North,2018-01-14,2018-01-08,2018-01-14,0,0,0,,0.0,22.988571428571426,12.870000000000001
Far North,2018-01-21,2018-01-15,2018-01-21,0,0,0,,0.0,23.562857142857144,11.482857142857142
Far North,2018-01-28,2018-01-22,2018-01-28,0,0,0,,0.0,23.768571428571427,15.721428571428572
Far North,2018-02-04,2018-01-29,2018-02-04,0,0,0,,0.0,24.738571428571426,11.51142857142857
Far North,2018-02-11,2018-02-05,2018-02-11,0,0,0,,0.0,29.064285714285713,11.034285714285716
Far North,2018-02-18,2018-02-12,2018-02-18,0,0,0,,0.13999999999999999,29.43,15.074285714285717
Far North,2018-02-25,2018-02-19,2018-02-25,0,0,0,,0.7042857142857143,30.89714285714286,23.729999999999997
Far North,2018-03-04,2018-02-26,2018-03-04,30,8,0,0.0,0.0,30.65285714285714,14.590000000000002
Far North,2018-03-11,2018-03-05,2018-03-11,0,0,0,,0.0,31.029999999999998,11.721428571428572
Far North,2018-03-18,2018-03-12,2018-03-18,0,0,0,,0.0,30.798571428571428,9.381428571428572
Far North,2018-03-25,2018-03-19,2018-03-25,0,0,0,,0.015714285714285715,32.09571428571429,20.827142857142857
Far North,2018-04-01,2018-03-26,2018-04-01,0,0,0,,0.004285714285714286,32.862857142857145,12.875714285714285
Far North,2018-04-08,2018-04-02,2018-04-08,0,0,0,,0.8428571428571429,32.48,17.122857142857143
Far North,2018-04-15,2018-04-09,2018-04-15,0,0,0,,0.15142857142857144,32.535714285714285,21.262857142857143
Far North,2018-04-22,2018-04-16,2018-04-22,1,1,0,0.0,0.11857142857142858,33.644285714285715,33.722857142857144
Far North,2018-04-29,2018-04-23,2018-04-29,0,0,0,,0.06142857142857144,34.39142857142857,37.631428571428565
Far North,2018-05-06,2018-04-30,2018-05-06,0,0,0,,3.4814285714285718,33.19714285714285,47.019999999999996
Far North,2018-05-13,2018-05-07,2018-05-13,127,63,2,3.17,3.397142857142857,28.7,66.15714285714286
Far North,2018-05-20,2018-05-14,2018-05-20,0,0,0,,1.9385714285714286,30.102857142857143,57.65714285714285
Far North,2018-05-27,2018-05-21,2018-05-27,138,95,1,1.05,3.301428571428571,29.368571428571432,63.61571428571428
Far North,2018-06-03,2018-05-28,2018-06-03,0,0,0,,3.2271428571428578,28.68142857142857,66.63714285714286
Far North,2018-06-10,2018-06-04,2018-06-10,0,0,0,,3.9699999999999998,29.805714285714284,61.988571428571426
Far North,2018-06-17,2018-06-11,2018-06-17,0,0,0,,2.45,29.294285714285717,63.93714285714286
Far North,2018-06-24,2018-06-18,2018-06-24,0,0,0,,10.244285714285715,26.451428571428572,73.18857142857142
Far North,2018-07-01,2018-06-25,2018-07-01,113,47,1,2.13,3.1685714285714286,26.650000000000002,72.78857142857143
Far North,2018-07-08,2018-07-02,2018-07-08,0,0,0,,2.6799999999999997,26.648571428571426,73.18857142857144
Far North,2018-07-15,2018-07-09,2018-07-15,0,0,0,,7.6571428571428575,26.84714285714286,73.50142857142858
Far North,2018-07-22,2018-07-16,2018-07-22,0,0,0,,11.244285714285715,25.69857142857143,80.19000000000001
Far North,2018-07-29,2018-07-23,2018-07-29,0,0,0,,8.93142857142857,25.74142857142857,81.92
Far North,2018-08-05,2018-07-30,2018-08-05,0,0,0,,7.8757142857142854,24.538571428571426,85.43999999999998
Far North,2018-08-19,2018-08-13,2018-08-19,0,0,0,,13.295714285714284,25.24,84.60714285714286
Far North,2018-09-02,2018-08-27,2018-09-02,0,0,0,,7.361428571428571,25.207142857142856,83.89857142857144
Far North,2018-09-09,2018-09-03,2018-09-09,0,0,0,,8.69857142857143,24.642857142857142,87.81999999999998
Far North,2018-09-16,2018-09-10,2018-09-16,0,0,0,,4.611428571428571,25.30285714285714,82.46571428571428
Far North,2018-09-23,2018-09-17,2018-09-23,0,0,0,,5.214285714285714,25.90285714285714,81.30285714285712
Far North,2018-09-30,2018-09-24,2018-09-30,0,0,0,,2.228571428571429,26.271428571428572,80.24285714285713
Far North,2018-10-07,2018-10-01,2018-10-07,83,52,2,3.85,1.6371428571428572,26.222857142857144,81.86857142857143
Far North,2018-10-14,2018-10-08,2018-10-14,17,0,1,,0.6885714285714286,26.599999999999998,77.87142857142858
Far North,2018-10-21,2018-10-15,2018-10-21,53,18,0,0.0,0.005714285714285714,26.942857142857147,66.13714285714286
Far North,2018-10-28,2018-10-22,2018-10-28,119,50,1,2.0,0.4771428571428572,27.224285714285717,70.84142857142857
Far North,2018-11-04,2018-10-29,2018-11-04,91,37,1,2.7,0.5085714285714286,27.737142857142857,58.46714285714286
Far North,2018-11-11,2018-11-05,2018-11-11,64,0,0,,0.20285714285714287,26.67428571428572,51.62142857142857
Far North,2018-11-18,2018-11-12,2018-11-18,24,8,0,0.0,0.0,27.087142857142858,47.519999999999996
Far North,2018-11-25,2018-11-19,2018-11-25,36,14,0,0.0,0.0,26.824285714285715,35.64142857142857
Far North,2018-12-02,2018-11-26,2018-12-02,28,9,0,0.0,0.0,27.404285714285717,24.724285714285713
Far North,2018-12-09,2018-12-03,2018-12-09,39,0,0,,0.0,26.438571428571432,22.66714285714286
Far North,2018-12-16,2018-12-10,2018-12-16,0,0,0,,0.0,26.057142857142857,20.515714285714278
Far North,2018-12-23,2018-12-17,2018-12-23,27,15,0,0.0,0.0,24.38571428571429,19.15142857142857
Far North,2018-12-30,2018-12-24,2018-12-30,44,0,0,,0.0,24.285714285714285,22.637142857142855
Far North,2019-01-06,2018-12-31,2019-01-06,0,0,0,,0.0,25.08142857142857,19.57428571428571
Far North,2019-01-13,2019-01-07,2019-01-13,0,0,0,,0.0,25.560000000000002,18.557142857142853
Far North,2019-01-20,2019-01-14,2019-01-20,0,0,0,,0.0,25.11285714285714,13.074285714285713
Far North,2019-01-27,2019-01-21,2019-01-27,0,0,0,,0.0,28.215714285714288,13.737142857142855
Far North,2019-02-03,2019-01-28,2019-02-03,0,0,0,,0.0,27.224285714285713,9.515714285714283
Far North,2019-02-10,2019-02-04,2019-02-10,0,0,0,,0.0,26.832857142857144,11.145714285714288
Far North,2019-02-17,2019-02-11,2019-02-17,0,0,0,,0.0,25.830000000000002,13.845714285714289
Far North,2019-02-24,2019-02-18,2019-02-24,0,0,0,,0.012857142857142859,29.812857142857144,16.914285714285715
Far North,2019-03-03,2019-02-25,2019-03-03,0,0,0,,0.018571428571428572,30.534285714285716,21.004285714285714
Far North,2019-03-10,2019-03-04,2019-03-10,0,0,0,,0.0,31.247142857142858,15.23857142857143
Far North,2019-03-17,2019-03-11,2019-03-17,0,0,0,,0.0,31.56142857142857,9.767142857142858
Far North,2019-03-24,2019-03-18,2019-03-24,0,0,0,,0.0,33.392857142857146,14.148571428571428
Far North,2019-05-19,2019-05-13,2019-05-19,47,29,0,0.0,1.7285714285714284,31.92571428571429,45.542857142857144
Far North,2019-07-07,2019-07-01,2019-07-07,38,25,2,8.0,4.160000000000001,27.23,76.41714285714286
Far North,2019-07-14,2019-07-08,2019-07-14,111,66,2,3.03,13.911428571428571,24.987142857142857,83.35571428571428
Far North,2019-07-21,2019-07-15,2019-07-21,28,0,0,,5.927142857142857,25.40142857142857,83.06285714285715
Far North,2019-07-28,2019-07-22,2019-07-28,84,24,1,4.17,3.3528571428571428,25.944285714285712,81.50571428571428
Far North,2019-08-04,2019-07-29,2019-08-04,2,1,0,0.0,6.162857142857143,25.202857142857145,84.92857142857143
Far North,2019-08-11,2019-08-05,2019-08-11,27,15,0,0.0,7.625714285714286,24.640000000000004,86.72714285714285
Far North,2019-08-18,2019-08-12,2019-08-18,79,21,0,0.0,2.7328571428571427,24.79714285714286,84.62142857142858
Far North,2019-08-25,2019-08-19,2019-08-25,76,0,0,,7.942857142857142,24.392857142857142,84.49857142857141
Far North,2019-09-01,2019-08-26,2019-09-01,101,67,1,1.49,4.785714285714286,25.025714285714287,84.47857142857143
Far North,2019-09-08,2019-09-02,2019-09-08,66,35,2,5.71,3.1471428571428572,25.722857142857144,81.57285714285715
Far North,2019-09-15,2019-09-09,2019-09-15,109,36,1,2.78,7.185714285714285,25.162857142857142,84.62428571428573
Far North,2019-09-22,2019-09-16,2019-09-22,98,62,1,1.61,3.815714285714286,25.99714285714285,81.17714285714285
Far North,2019-09-29,2019-09-23,2019-09-29,5,3,0,0.0,1.8657142857142854,26.367142857142856,78.67285714285715
Far North,2019-10-06,2019-09-30,2019-10-06,77,0,0,,3.8114285714285714,25.225714285714282,81.63857142857144
Far North,2019-10-13,2019-10-07,2019-10-13,114,64,1,1.56,4.07,25.695714285714285,81.06142857142856
Far North,2019-10-20,2019-10-14,2019-10-20,54,30,1,3.33,3.262857142857143,25.645714285714284,80.68714285714285
Far North,2019-10-27,2019-10-21,2019-10-27,106,62,2,3.23,2.02,25.767142857142858,79.65
Far North,2019-11-03,2019-10-28,2019-11-03,37,16,0,0.0,0.0,26.610000000000003,66.85571428571428
Far North,2019-11-10,2019-11-04,2019-11-10,16,5,0,0.0,0.0,26.421428571428574,58.74285714285714
Far North,2019-11-24,2019-11-18,2019-11-24,0,0,0,,0.0,26.747142857142858,51.287142857142854
Far North,2022-10-21,2022-10-10,2022-10-21,176,0,0,,0.2583333333333333,26.326666666666668,73.05583333333334
Littoral,2018-01-07,2018-01-01,2018-01-07,0,0,0,,0.9828571428571429,25.900000000000002,76.18571428571428
Littoral,2018-01-14,2018-01-08,2018-01-14,0,0,0,,1.067142857142857,26.732857142857142,81.41857142857144
Littoral,2018-01-21,2018-01-15,2018-01-21,0,0,0,,0.11428571428571428,26.76142857142857,80.96142857142857
Littoral,2018-01-28,2018-01-22,2018-01-28,0,0,0,,0.15428571428571428,26.591428571428573,80.66714285714285
Littoral,2018-02-04,2018-01-29,2018-02-04,0,0,0,,0.42142857142857143,27.69142857142857,77.99571428571429
Littoral,2018-02-11,2018-02-05,2018-02-11,0,0,0,,8.354285714285714,27.581428571428575,85.78142857142858
Littoral,2018-02-18,2018-02-12,2018-02-18,45,16,0,0.0,11.17,26.81857142857143,88.80999999999999
Littoral,2018-02-25,2018-02-19,2018-02-25,0,0,0,,5.875714285714286,26.235714285714288,88.45714285714287
Littoral,2018-03-04,2018-02-26,2018-03-04,0,0,0,,5.952857142857143,25.881428571428568,88.48285714285714
Littoral,2018-03-11,2018-03-05,2018-03-11,36,0,0,,6.731428571428572,26.419999999999998,87.9457142857143
Littoral,2018-03-18,2018-03-12,2018-03-18,38,0,0,,2.275714285714286,26.389999999999997,88.98857142857143
Littoral,2018-03-25,2018-03-19,2018-03-25,0,0,0,,5.882857142857143,26.428571428571423,87.11
Littoral,2018-04-01,2018-03-26,2018-04-01,0,0,0,,2.3000000000000003,27.139999999999997,87.27285714285713
Littoral,2018-04-08,2018-04-02,2018-04-08,56,32,0,0.0,7.308571428571428,26.391428571428573,88.65428571428572
Littoral,2018-04-15,2018-04-09,2018-04-15,0,0,0,,5.907142857142857,25.937142857142856,89.60000000000001
Littoral,2018-04-22,2018-04-16,2018-04-22,0,0,0,,2.468571428571429,26.852857142857143,86.42428571428572
Littoral,2018-04-29,2018-04-23,2018-04-29,0,0,0,,3.404285714285714,26.91142857142857,86.08142857142857
Littoral,2018-05-06,2018-04-30,2018-05-06,0,0,0,,5.774285714285715,27.014285714285712,88.0842857142857
Littoral,2018-05-13,2018-05-07,2018-05-13,0,0,0,,4.5685714285714285,26.295714285714286,88.2242857142857
Littoral,2018-05-20,2018-05-14,2018-05-20,37,0,0,,2.615714285714286,26.604285714285716,86.81714285714285
Littoral,2018-05-27,2018-05-21,2018-05-27,0,0,0,,2.88,26.09714285714286,88.99142857142856
Littoral,2018-06-03,2018-05-28,2018-06-03,0,0,0,,6.499999999999999,26.447142857142854,88.14142857142858
Littoral,2018-06-10,2018-06-04,2018-06-10,45,0,0,,6.062857142857142,25.959999999999997,90.77
Littoral,2018-06-17,2018-06-11,2018-06-17,0,0,0,,4.191428571428571,26.372857142857146,88.01285714285714
Littoral,2018-06-24,2018-06-18,2018-06-24,49,32,0,0.0,20.742857142857144,24.794285714285717,90.04857142857142
Littoral,2018-07-01,2018-06-25,2018-07-01,0,0,0,,10.151428571428571,25.02,90.22285714285714
Littoral,2018-07-08,2018-07-02,2018-07-08,0,0,0,,3.5985714285714288,25.95,86.49142857142856
Littoral,2018-07-15,2018-07-09,2018-07-15,47,0,0,,4.038571428571428,25.93428571428571,87.02714285714285
Littoral,2018-07-22,2018-07-16,2018-07-22,94,63,0,0.0,12.032857142857143,25.049999999999994,91.33
Littoral,2018-07-29,2018-07-23,2018-07-29,62,19,0,0.0,19.131428571428575,24.75428571428571,91.47142857142856
Littoral,2018-08-05,2018-07-30,2018-08-05,56,33,0,0.0,6.807142857142857,24.607142857142858,89.89571428571428
Littoral,2018-08-19,2018-08-13,2018-08-19,0,0,0,,17.46142857142857,25.03,90.30571428571429
Littoral,2018-09-02,2018-08-27,2018-09-02,34,19,0,0.0,17.754285714285714,25.062857142857144,89.43285714285715
Littoral,2018-09-09,2018-09-03,2018-09-09,128,0,0,,9.150000000000002,24.919999999999998,91.93857142857142
Littoral,2018-09-16,2018-09-10,2018-09-16,146,0,0,,5.381428571428572,25.881428571428568,86.38714285714285
Littoral,2018-09-23,2018-09-17,2018-09-23,0,0,0,,10.167142857142858,25.97714285714286,88.76428571428572
Littoral,2018-09-30,2018-09-24,2018-09-30,36,0,0,,4.595714285714286,25.92142857142857,88.38857142857144
Littoral,2018-10-07,2018-10-01,2018-10-07,0,0,0,,13.535714285714286,26.017142857142854,87.86571428571428
Littoral,2018-10-14,2018-10-08,2018-10-14,63,38,0,0.0,9.938571428571427,25.372857142857146,91.0442857142857
Littoral,2018-10-21,2018-10-15,2018-10-21,0,0,0,,4.158571428571428,26.448571428571427,86.18285714285715
Littoral,2018-10-28,2018-10-22,2018-10-28,0,0,0,,5.081428571428572,26.592857142857138,86.56857142857143
Littoral,2018-11-04,2018-10-29,2018-11-04,83,0,0,,10.514285714285714,26.412857142857145,87.83142857142857
Littoral,2018-11-11,2018-11-05,2018-11-11,0,0,0,,4.777142857142857,26.58857142857143,88.05142857142856
Littoral,2018-11-18,2018-11-12,2018-11-18,0,0,0,,5.387142857142857,26.66571428571429,88.28428571428572
Littoral,2018-11-25,2018-11-19,2018-11-25,0,0,0,,2.565714285714286,26.868571428571425,88.00285714285714
Littoral,2018-12-02,2018-11-26,2018-12-02,0,0,0,,0.23857142857142857,26.71142857142857,86.91142857142857
Littoral,2018-12-16,2018-12-10,2018-12-16,53,31,1,3.23,0.26285714285714284,27.14428571428572,82.96857142857142
Littoral,2018-12-23,2018-12-17,2018-12-23,0,0,0,,0.04285714285714286,27.01571428571429,80.43714285714285
Littoral,2018-12-30,2018-12-24,2018-12-30,0,0,0,,0.27285714285714285,26.704285714285714,82.96428571428571
Littoral,2019-01-06,2018-12-31,2019-01-06,0,0,0,,0.45428571428571424,26.881428571428568,83.24428571428572
Littoral,2019-01-13,2019-01-07,2019-01-13,0,0,0,,0.14142857142857143,27.032857142857146,83.01285714285713
Littoral,2019-01-20,2019-01-14,2019-01-20,0,0,0,,0.20571428571428574,27.255714285714284,84.59857142857142
Littoral,2019-01-27,2019-01-21,2019-01-27,0,0,0,,1.8785714285714283,26.397142857142853,86.73428571428569
Littoral,2019-02-03,2019-01-28,2019-02-03,0,0,0,,3.268571428571429,27.13285714285714,84.20714285714287
Littoral,2019-02-10,2019-02-04,2019-02-10,0,0,0,,1.4014285714285712,27.128571428571426,84.48285714285714
Littoral,2019-02-17,2019-02-11,2019-02-17,0,0,0,,0.34714285714285714,26.947142857142858,81.84571428571428
Littoral,2019-02-24,2019-02-18,2019-02-24,0,0,0,,0.18857142857142856,26.93285714285715,85.77714285714285
Littoral,2019-03-03,2019-02-25,2019-03-03,0,0,0,,3.7114285714285713,26.532857142857146,86.24428571428572
Littoral,2019-03-10,2019-03-04,2019-03-10,0,0,0,,2.0742857142857143,26.807142857142857,87.58571428571429
Littoral,2019-03-17,2019-03-11,2019-03-17,0,0,0,,0.5885714285714286,27.08142857142857,87.66142857142856
Littoral,2019-03-24,2019-03-18,2019-03-24,0,0,0,,2.3557142857142854,27.21,87.56285714285714
Littoral,2019-05-19,2019-05-13,2019-05-19,60,0,0,,1.042857142857143,26.729999999999997,86.18714285714286
Littoral,2022-12-31,2021-10-01,2022-12-31,7411,2639,127,4.81,8.075054704595187,26.14448577680525,86.62514223194749
Littoral,2022-01-09,2022-01-03,2022-01-09,10,2,0,0.0,0.8271428571428572,27.16142857142857,81.98285714285714
Littoral,2022-01-16,2022-01-10,2022-01-16,45,27,1,3.7,1.2085714285714284,26.509999999999998,86.60571428571428
Littoral,2022-01-23,2022-01-17,2022-01-23,0,0,0,,0.24,26.358571428571427,79.15142857142857
Littoral,2022-01-30,2022-01-24,2022-01-30,37,0,0,,0.060000000000000005,26.752857142857145,77.84142857142857
Littoral,2022-02-06,2022-01-31,2022-02-06,48,0,0,,1.3757142857142857,26.148571428571426,79.1
Littoral,2022-02-13,2022-02-07,2022-02-13,29,19,0,0.0,0.009999999999999998,27.072857142857146,79.95714285714284
Littoral,2022-02-20,2022-02-14,2022-02-20,42,12,0,0.0,0.22142857142857147,27.167142857142856,82.88571428571429
Littoral,2022-02-27,2022-02-21,2022-02-27,0,0,0,,0.08714285714285715,27.405714285714282,81.45428571428572
Littoral,2022-03-13,2022-03-07,2022-03-13,57,0,0,,4.674285714285714,26.604285714285716,87.80428571428571
Littoral,2022-03-20,2022-03-14,2022-03-20,136,82,0,0.0,1.1757142857142857,27.405714285714286,84.11142857142859
Littoral,2022-03-27,2022-03-21,2022-03-27,221,126,1,0.79,2.067142857142857,27.49857142857143,85.64428571428572
Littoral,2022-04-03,2022-03-28,2022-04-03,300,0,0,,7.138571428571429,27.43857142857143,84.26714285714286
Littoral,2022-04-10,2022-04-04,2022-04-10,218,90,1,1.11,3.677142857142857,26.915714285714284,85.68142857142857
Littoral,2022-04-17,2022-04-11,2022-04-17,0,0,0,,4.2628571428571425,27.014285714285712,85.53428571428572
Littoral,2022-04-24,2022-04-18,2022-04-24,102,51,1,1.96,8.907142857142858,26.428571428571427,89.61
Littoral,2022-05-01,2022-04-25,2022-05-01,181,73,2,2.74,3.847142857142857,26.285714285714285,88.29857142857144
Littoral,2022-05-08,2022-05-02,2022-05-08,130,76,1,1.32,3.9857142857142853,27.175714285714285,85.01142857142857
Littoral,2022-05-15,2022-05-09,2022-05-15,113,62,2,3.23,3.6014285714285714,27.164285714285715,87.01571428571428
Littoral,2022-05-22,2022-05-16,2022-05-22,133,64,0,0.0,10.26142857142857,26.602857142857143,88.63285714285715
Littoral,2022-05-29,2022-05-23,2022-05-29,158,0,0,,7.644285714285714,25.70428571428571,88.38142857142859
Littoral,2022-06-05,2022-05-30,2022-06-05,122,0,0,,13.168571428571429,26.591428571428576,86.62428571428572
Littoral,2022-06-12,2022-06-06,2022-06-12,136,35,2,5.71,3.9228571428571426,26.037142857142857,87.42285714285715
Littoral,2022-06-19,2022-06-13,2022-06-19,85,28,1,3.57,6.365714285714286,25.487142857142857,89.59285714285714
Littoral,2022-06-26,2022-06-20,2022-06-26,139,87,2,2.3,11.639999999999999,24.725714285714282,91.89285714285712
North,2018-01-07,2018-01-01,2018-01-07,0,0,0,,0.0,23.005714285714284,24.181428571428572
North,2018-01-14,2018-01-08,2018-01-14,0,0,0,,0.0,25.352857142857147,20.919999999999998
North,2018-01-21,2018-01-15,2018-01-21,0,0,0,,0.0,25.487142857142857,19.26
North,2018-01-28,2018-01-22,2018-01-28,0,0,0,,0.0,25.187142857142856,24.084285714285716
North,2018-02-04,2018-01-29,2018-02-04,0,0,0,,0.0,26.231428571428573,22.85571428571429
North,2018-02-11,2018-02-05,2018-02-11,0,0,0,,0.0,30.252857142857145,23.869999999999997
North,2018-02-18,2018-02-12,2018-02-18,0,0,0,,0.0,30.527142857142856,24.604285714285716
North,2018-02-25,2018-02-19,2018-02-25,0,0,0,,0.3257142857142857,31.335714285714285,35.05857142857143
North,2018-03-04,2018-02-26,2018-03-04,0,0,0,,0.0,30.898571428571433,30.621428571428567
North,2018-03-11,2018-03-05,2018-03-11,0,0,0,,0.002857142857142857,31.66142857142857,31.697142857142858
North,2018-03-18,2018-03-12,2018-03-18,0,0,0,,0.0,32.26714285714285,28.93857142857143
North,2018-03-25,2018-03-19,2018-03-25,0,0,0,,0.3228571428571429,31.37,41.37714285714286
North,2018-04-01,2018-03-26,2018-04-01,0,0,0,,0.014285714285714287,32.72857142857142,26.457142857142856
North,2018-04-08,2018-04-02,2018-04-08,0,0,0,,0.4699999999999999,31.961428571428574,37.901428571428575
North,2018-04-15,2018-04-09,2018-04-15,0,0,0,,0.6357142857142858,31.422857142857143,44.23142857142857
North,2018-04-22,2018-04-16,2018-04-22,0,0,0,,1.6985714285714286,31.114285714285717,52.325714285714284
North,2018-04-29,2018-04-23,2018-04-29,0,0,0,,2.6785714285714284,30.584285714285716,57.54571428571428
North,2018-05-06,2018-04-30,2018-05-06,0,0,0,,3.407142857142857,30.240000000000002,61.54
North,2018-05-13,2018-05-07,2018-05-13,0,0,0,,4.135714285714286,28.485714285714284,69.22999999999999
North,2018-09-30,2018-09-24,2018-09-30,50,19,0,0.0,4.882857142857143,26.387142857142855,79.43857142857144
North,2018-10-07,2018-10-01,2018-10-07,60,25,1,4.0,2.112857142857143,26.344285714285714,80.92714285714285
North,2018-10-14,2018-10-08,2018-10-14,46,20,0,0.0,1.0814285714285714,26.57428571428571,77.88714285714285
North,2018-10-21,2018-10-15,2018-10-21,88,20,0,0.0,0.3757142857142857,26.86714285714286,74.7757142857143
North,2018-10-28,2018-10-22,2018-10-28,32,0,0,,1.8342857142857143,26.555714285714288,78.57000000000001
North,2018-11-04,2018-10-29,2018-11-04,55,33,1,3.03,0.5157142857142857,27.297142857142855,70.81142857142858
North,2018-11-11,2018-11-05,2018-11-11,57,27,1,3.7,1.022857142857143,26.994285714285716,66.89142857142858
North,2018-11-18,2018-11-12,2018-11-18,48,0,0,,0.12,27.327142857142857,61.048571428571435
North,2018-11-25,2018-11-19,2018-11-25,59,16,0,0.0,0.0,27.348571428571425,57.55571428571428
North,2018-12-02,2018-11-26,2018-12-02,21,10,0,0.0,0.0,26.554285714285715,52.98571428571429
North,2018-12-16,2018-12-10,2018-12-16,0,0,0,,0.0,25.880000000000003,40.44285714285714
North,2018-12-23,2018-12-17,2018-12-23,0,0,0,,0.0,24.304285714285715,36.660000000000004
North,2018-12-30,2018-12-24,2018-12-30,0,0,0,,0.0,25.085714285714285,36.47714285714286
North,2019-01-06,2018-12-31,2019-01-06,30,19,0,0.0,0.0,25.684285714285714,34.278571428571425
North,2019-01-13,2019-01-07,2019-01-13,0,0,0,,0.0,26.368571428571432,31.47142857142857
North,2019-01-20,2019-01-14,2019-01-20,29,8,0,0.0,0.0,26.745714285714286,24.728571428571428
North,2019-01-27,2019-01-21,2019-01-27,42,0,0,,0.0,29.41857142857143,27.372857142857146
North,2019-02-03,2019-01-28,2019-02-03,0,0,0,,0.0,27.96,24.021428571428576
North,2019-02-10,2019-02-04,2019-02-10,0,0,0,,0.0,27.815714285714282,22.091428571428565
North,2019-02-17,2019-02-11,2019-02-17,0,0,0,,0.0,26.774285714285718,23.925714285714285
North,2019-02-24,2019-02-18,2019-02-24,14,5,0,0.0,0.0,30.382857142857144,29.8
North,2019-03-03,2019-02-25,2019-03-03,34,8,0,0.0,0.0,30.485714285714284,35.98571428571429
North,2019-03-10,2019-03-04,2019-03-10,21,10,0,0.0,0.0,31.965714285714288,27.68142857142857
North,2019-03-17,2019-03-11,2019-03-17,18,0,0,,0.0,32.83142857142857,22.01285714285714
North,2019-03-24,2019-03-18,2019-03-24,26,0,0,,0.0,32.97428571428571,33.56428571428572
North,2019-03-31,2019-03-25,2019-03-31,28,11,0,0.0,0.0,33.638571428571424,25.811428571428568
North,2019-04-07,2019-04-01,2019-04-07,46,16,0,0.0,0.5628571428571428,34.65714285714286,31.13714285714286
North,2019-04-14,2019-04-08,2019-04-14,47,28,0,0.0,0.1257142857142857,33.10285714285715,44.83714285714286
North,2019-04-21,2019-04-15,2019-04-21,58,25,0,0.0,3.9671428571428575,32.738571428571426,40.902857142857144
North,2019-04-28,2019-04-22,2019-04-28,0,0,0,,2.0685714285714285,31.590000000000003,52.660000000000004
North,2019-05-05,2019-04-29,2019-05-05,0,0,0,,1.082857142857143,32.18714285714286,51.28285714285715
North,2019-05-12,2019-05-06,2019-05-12,32,16,0,0.0,2.205714285714286,31.357142857142858,53.33571428571428
North,2019-05-19,2019-05-13,2019-05-19,0,0,0,,16.345714285714287,29.741428571428568,63.41571428571428
North,2019-05-26,2019-05-20,2019-05-26,46,28,1,3.57,1.2685714285714285,28.66428571428571,68.42857142857143
North,2019-06-02,2019-05-27,2019-06-02,32,9,0,0.0,2.5685714285714285,27.79,71.04428571428572
North,2019-06-09,2019-06-03,2019-06-09,83,24,0,0.0,18.67142857142857,26.439999999999998,79.95
North,2019-06-23,2019-06-17,2019-06-23,46,22,1,4.55,1.7842857142857143,28.302857142857142,69.70571428571428
North,2019-06-30,2019-06-24,2019-06-30,111,72,1,1.39,6.159999999999999,26.23,78.71428571428571
North,2019-07-07,2019-07-01,2019-07-07,65,24,1,4.17,5.65142857142857,27.27142857142857,76.69428571428571
North,2019-07-14,2019-07-08,2019-07-14,40,0,0,,22.872857142857146,24.56857142857143,84.83142857142857
North,2019-07-21,2019-07-15,2019-07-21,108,48,1,2.08,7.981428571428572,25.409999999999997,84.22428571428573
North,2019-07-28,2019-07-22,2019-07-28,28,11,0,0.0,5.127142857142857,25.564285714285717,83.59571428571428
North,2019-08-04,2019-07-29,2019-08-04,26,0,0,,5.897142857142859,25.357142857142858,85.05285714285715
North,2019-08-11,2019-08-05,2019-08-11,34,17,1,5.88,5.181428571428571,24.39428571428572,86.74285714285713
North,2019-08-18,2019-08-12,2019-08-18,125,58,0,0.0,3.451428571428571,24.931428571428572,82.56285714285714
North,2019-08-25,2019-08-19,2019-08-25,68,36,0,0.0,7.369999999999999,24.52142857142857,84.53142857142858
North,2019-09-01,2019-08-26,2019-09-01,0,0,0,,7.561428571428571,24.638571428571428,84.86285714285714
North,2019-09-08,2019-09-02,2019-09-08,91,48,3,6.25,5.658571428571428,25.31142857142857,83.89428571428572
North,2019-09-15,2019-09-09,2019-09-15,54,0,0,,4.827142857142857,25.382857142857144,81.62857142857142
North,2019-09-22,2019-09-16,2019-09-22,101,40,1,2.5,6.947142857142857,26.114285714285717,80.50857142857141
North,2019-09-29,2019-09-23,2019-09-29,0,0,0,,4.255714285714285,26.438571428571432,78.96428571428571
North,2019-10-06,2019-09-30,2019-10-06,115,0,0,,6.917142857142856,25.16,83.90714285714286
North,2019-10-13,2019-10-07,2019-10-13,108,37,0,0.0,7.081428571428573,24.88714285714286,85.33142857142857
North,2019-11-03,2019-10-28,2019-11-03,30,18,0,0.0,0.030000000000000002,26.18857142857143,77.38714285714286
North,2019-11-17,2019-11-11,2019-11-17,0,0,0,,0.0,26.26571428571429,68.84
North,2019-12-01,2019-11-25,2019-12-01,17,5,0,0.0,0.0,25.321428571428573,60.43857142857143
North,2019-12-15,2019-12-09,2019-12-15,66,33,0,0.0,0.0,25.012857142857143,42.59142857142857
North,2022-02-13,2022-02-07,2022-02-13,0,0,0,,0.0,26.922857142857143,20.215714285714284
North,2022-02-20,2022-02-14,2022-02-20,0,0,0,,0.0,28.36428571428571,18.565714285714286
North,2022-02-27,2022-02-21,2022-02-27,0,0,0,,0.0,28.43,17.768571428571423
North,2022-03-27,2022-03-21,2022-03-27,0,0,0,,0.0,32.29285714285714,22.615714285714287
North,2022-04-03,2022-03-28,2022-04-03,0,0,0,,0.0014285714285714286,31.967142857142857,17.815714285714286
North,2022-04-10,2022-04-04,2022-04-10,0,0,0,,1.3757142857142857,32.887142857142855,44.387142857142855
North-West,2018-01-07,2018-01-01,2018-01-07,0,0,0,,0.008571428571428572,18.305714285714284,54.72428571428571
North-West,2018-01-14,2018-01-08,2018-01-14,0,0,0,,0.0,19.732857142857142,53.22571428571428
North-West,2018-01-21,2018-01-15,2018-01-21,0,0,0,,0.0,20.455714285714286,44.214285714285715
North-West,2018-01-28,2018-01-22,2018-01-28,0,0,0,,0.0,20.55,49.291428571428575
North-West,2018-02-04,2018-01-29,2018-02-04,0,0,0,,0.0071428571428571435,21.964285714285715,51.33285714285713
North-West,2018-02-11,2018-02-05,2018-02-11,0,0,0,,1.852857142857143,22.378571428571433,65.11428571428571
North-West,2018-02-18,2018-02-12,2018-02-18,0,0,0,,2.245714285714286,22.68,60.66142857142857
North-West,2018-02-25,2018-02-19,2018-02-25,0,0,0,,3.6114285714285717,22.017142857142858,77.42142857142856
North-West,2018-03-04,2018-02-26,2018-03-04,0,0,0,,0.6299999999999999,21.10571428571429,78.8157142857143
North-West,2018-03-11,2018-03-05,2018-03-11,0,0,0,,3.822857142857143,21.829999999999995,76.35285714285715
North-West,2018-03-18,2018-03-12,2018-03-18,0,0,0,,2.158571428571429,22.40857142857143,79.10571428571428
North-West,2018-03-25,2018-03-19,2018-03-25,0,0,0,,5.3585714285714285,21.618571428571432,81.13714285714286
North-West,2018-04-01,2018-03-26,2018-04-01,0,0,0,,0.9199999999999999,22.524285714285718,71.12857142857143
North-West,2018-04-08,2018-04-02,2018-04-08,0,0,0,,6.665714285714286,22.22714285714286,79.45857142857143
North-West,2018-04-15,2018-04-09,2018-04-15,0,0,0,,4.524285714285715,21.711428571428574,82.18285714285715
North-West,2018-04-22,2018-04-16,2018-04-22,0,0,0,,3.6271428571428572,21.917142857142856,81.21571428571428
North-West,2018-04-29,2018-04-23,2018-04-29,0,0,0,,5.667142857142857,21.768571428571427,84.38
North-West,2018-05-06,2018-04-30,2018-05-06,0,0,0,,3.5542857142857147,22.515714285714285,81.82857142857144
North-West,2018-05-13,2018-05-07,2018-05-13,0,0,0,,12.639999999999999,21.87857142857143,84.36428571428571
North-West,2018-05-20,2018-05-14,2018-05-20,58,36,0,0.0,12.605714285714285,21.428571428571427,84.36285714285714
North-West,2018-05-27,2018-05-21,2018-05-27,0,0,0,,7.1414285714285715,21.765714285714285,84.47142857142856
North-West,2018-06-03,2018-05-28,2018-06-03,0,0,0,,7.328571428571429,21.391428571428573,86.3757142857143
North-West,2018-06-10,2018-06-04,2018-06-10,0,0,0,,8.315714285714284,21.678571428571427,85.0657142857143
North-West,2018-06-17,2018-06-11,2018-06-17,0,0,0,,5.72,21.811428571428568,83.97714285714287
North-West,2018-06-24,2018-06-18,2018-06-24,121,64,1,1.56,22.072857142857146,19.75,88.80428571428571
North-West,2018-07-01,2018-06-25,2018-07-01,0,0,0,,11.902857142857144,19.82571428571428,88.45142857142856
North-West,2018-07-08,2018-07-02,2018-07-08,0,0,0,,10.774285714285712,19.99857142857143,87.93714285714286
North-West,2018-07-15,2018-07-09,2018-07-15,0,0,0,,6.832857142857142,20.16,86.8
North-West,2018-07-22,2018-07-16,2018-07-22,0,0,0,,20.064285714285717,19.800000000000004,90.83
North-West,2018-07-29,2018-07-23,2018-07-29,0,0,0,,16.142857142857142,19.74857142857143,90.19142857142856
North-West,2018-08-05,2018-07-30,2018-08-05,0,0,0,,6.357142857142856,19.52285714285714,89.76428571428572
North-West,2018-08-12,2018-08-06,2018-08-12,0,0,0,,5.367142857142857,20.264285714285712,86.63571428571429
North-West,2018-08-19,2018-08-13,2018-08-19,0,0,0,,15.082857142857142,19.68857142857143,90.12428571428573
North-West,2018-09-02,2018-08-27,2018-09-02,0,0,0,,15.451428571428574,19.27285714285714,89.31428571428572
North-West,2018-09-09,2018-09-03,2018-09-09,0,0,0,,12.514285714285714,19.482857142857142,91.47285714285715
North-West,2018-09-16,2018-09-10,2018-09-16,0,0,0,,14.129999999999997,19.890000000000004,87.83
North-West,2018-09-23,2018-09-17,2018-09-23,0,0,0,,9.709999999999999,20.774285714285718,86.20571428571428
North-West,2018-09-30,2018-09-24,2018-09-30,0,0,0,,15.040000000000001,20.240000000000002,88.88857142857144
North-West,2018-10-07,2018-10-01,2018-10-07,0,0,0,,6.511428571428572,20.398571428571426,87.86428571428571
North-West,2018-10-14,2018-10-08,2018-10-14,148,34,0,0.0,6.201428571428571,20.259999999999998,89.47857142857141
North-West,2018-10-21,2018-10-15,2018-10-21,0,0,0,,3.7514285714285713,20.60857142857143,87.67142857142856
North-West,2018-10-28,2018-10-22,2018-10-28,0,0,0,,5.861428571428571,20.448571428571427,88.04571428571428
North-West,2018-11-04,2018-10-29,2018-11-04,0,0,0,,8.421428571428573,20.77857142857143,87.87428571428572
North-West,2018-11-11,2018-11-05,2018-11-11,0,0,0,,3.0900000000000003,20.55,86.01857142857143
North-West,2018-11-18,2018-11-12,2018-11-18,0,0,0,,0.3385714285714286,20.987142857142857,79.77714285714286
North-West,2018-11-25,2018-11-19,2018-11-25,0,0,0,,0.5585714285714285,20.645714285714288,78.03428571428572
North-West,2018-12-02,2018-11-26,2018-12-02,0,0,0,,0.005714285714285714,20.54,71.72857142857143
North-West,2018-12-16,2018-12-10,2018-12-16,0,0,0,,0.0,20.681428571428576,64.55571428571429
North-West,2018-12-23,2018-12-17,2018-12-23,0,0,0,,0.0,19.822857142857142,56.05714285714286
North-West,2018-12-30,2018-12-24,2018-12-30,6,0,0,,0.0,20.42571428571429,62.28142857142858
North-West,2019-01-06,2018-12-31,2019-01-06,0,0,0,,0.0,20.247142857142858,61.047142857142866
North-West,2019-01-13,2019-01-07,2019-01-13,0,0,0,,0.0,20.838571428571424,57.52428571428572
North-West,2019-01-20,2019-01-14,2019-01-20,0,0,0,,0.0014285714285714286,21.134285714285713,59.41428571428571
North-West,2019-01-27,2019-01-21,2019-01-27,0,0,0,,0.05428571428571429,21.99714285714285,73.56142857142856
North-West,2019-02-03,2019-01-28,2019-02-03,0,0,0,,0.29571428571428565,21.57857142857143,68.35285714285713
North-West,2019-02-10,2019-02-04,2019-02-10,0,0,0,,0.41571428571428565,22.21142857142857,60.23428571428571
North-West,2019-02-17,2019-02-11,2019-02-17,0,0,0,,0.0,22.247142857142858,51.151428571428575
North-West,2019-02-24,2019-02-18,2019-02-24,0,0,0,,0.0,22.81142857142857,65.59285714285714
North-West,2019-03-03,2019-02-25,2019-03-03,0,0,0,,0.5257142857142857,21.938571428571432,76.32285714285715
North-West,2019-03-10,2019-03-04,2019-03-10,0,0,0,,0.5257142857142857,22.66857142857143,70.26
North-West,2019-03-17,2019-03-11,2019-03-17,0,0,0,,0.66,23.43285714285714,71.96285714285713
North-West,2019-03-24,2019-03-18,2019-03-24,0,0,0,,0.7014285714285714,23.447142857142858,72.82714285714285
North-West,2019-05-19,2019-05-13,2019-05-19,0,0,0,,3.1671428571428573,21.91857142857143,81.52857142857142
South,2018-01-07,2018-01-01,2018-01-07,0,0,0,,0.39428571428571424,22.228571428571428,78.44857142857144
South,2018-01-14,2018-01-08,2018-01-14,0,0,0,,0.49428571428571433,23.455714285714286,82.01571428571428
South,2018-01-21,2018-01-15,2018-01-21,0,0,0,,0.647142857142857,23.63,81.13000000000001
South,2018-01-28,2018-01-22,2018-01-28,14,7,0,0.0,0.17571428571428574,23.88,80.00714285714285
South,2018-02-04,2018-01-29,2018-02-04,0,0,0,,0.16,24.807142857142853,76.56142857142858
South,2018-02-11,2018-02-05,2018-02-11,0,0,0,,2.027142857142857,25.35857142857143,81.10285714285715
South,2018-02-18,2018-02-12,2018-02-18,0,0,0,,4.198571428571428,24.644285714285708,85.26857142857143
South,2018-02-25,2018-02-19,2018-02-25,37,23,0,0.0,3.0542857142857143,23.710000000000004,87.51571428571427
South,2018-03-04,2018-02-26,2018-03-04,0,0,0,,3.6499999999999995,23.224285714285713,87.32714285714287
South,2018-03-11,2018-03-05,2018-03-11,0,0,0,,4.748571428571428,23.877142857142854,86.88285714285715
South,2018-03-18,2018-03-12,2018-03-18,0,0,0,,3.0599999999999996,23.822857142857142,86.71142857142857
South,2018-03-25,2018-03-19,2018-03-25,0,0,0,,5.289999999999999,23.50714285714286,88.07000000000001
South,2018-04-01,2018-03-26,2018-04-01,0,0,0,,6.32,24.282857142857146,88.22
South,2018-04-08,2018-04-02,2018-04-08,0,0,0,,3.3785714285714286,23.415714285714284,90.23857142857142
South,2018-04-15,2018-04-09,2018-04-15,0,0,0,,3.7842857142857143,22.67142857142857,91.60714285714288
South,2018-04-22,2018-04-16,2018-04-22,0,0,0,,2.4971428571428573,23.767142857142858,87.72142857142858
South,2018-04-29,2018-04-23,2018-04-29,0,0,0,,7.155714285714287,23.63,90.47142857142856
South,2018-05-06,2018-04-30,2018-05-06,0,0,0,,1.945714285714286,24.045714285714286,89.74142857142859
South,2018-05-13,2018-05-07,2018-05-13,0,0,0,,7.461428571428572,23.212857142857143,92.72571428571428
South,2018-05-20,2018-05-14,2018-05-20,0,0,0,,4.074285714285715,23.155714285714286,90.41714285714286
South,2018-05-27,2018-05-21,2018-05-27,0,0,0,,1.3528571428571428,23.56714285714285,87.58285714285714
South,2018-06-03,2018-05-28,2018-06-03,0,0,0,,2.442857142857143,23.457142857142856,89.82428571428571
South,2018-06-10,2018-06-04,2018-06-10,0,0,0,,1.6157142857142859,23.72714285714286,86.93285714285715
South,2018-06-17,2018-06-11,2018-06-17,0,0,0,,1.6114285714285714,24.212857142857143,82.56285714285715
South,2018-06-24,2018-06-18,2018-06-24,0,0,0,,8.352857142857143,22.007142857142856,89.83999999999999
South,2018-07-01,2018-06-25,2018-07-01,0,0,0,,7.605714285714286,22.07857142857143,91.51142857142857
South,2018-07-08,2018-07-02,2018-07-08,0,0,0,,3.747142857142857,22.66428571428571,89.60857142857142
South,2018-07-15,2018-07-09,2018-07-15,0,0,0,,0.9042857142857142,23.25857142857143,85.08857142857143
South,2018-07-22,2018-07-16,2018-07-22,0,0,0,,5.36142857142857,22.59714285714286,89.9742857142857
South,2018-07-29,2018-07-23,2018-07-29,0,0,0,,5.575714285714286,22.21285714285714,90.10714285714286
South,2018-08-05,2018-07-30,2018-08-05,0,0,0,,1.5885714285714285,22.164285714285715,87.33
South,2018-08-19,2018-08-13,2018-08-19,0,0,0,,6.428571428571429,22.374285714285715,90.02285714285713
South,2018-09-02,2018-08-27,2018-09-02,0,0,0,,8.235714285714286,22.142857142857142,90.36857142857141
South,2018-09-09,2018-09-03,2018-09-09,0,0,0,,5.898571428571429,22.502857142857145,91.16714285714285
South,2018-09-16,2018-09-10,2018-09-16,0,0,0,,4.402857142857143,22.490000000000002,90.16
South,2018-09-23,2018-09-17,2018-09-23,0,0,0,,4.131428571428571,22.99142857142857,90.00428571428571
South,2018-09-30,2018-09-24,2018-09-30,0,0,0,,7.04,22.732857142857142,91.59714285714287
South,2018-10-07,2018-10-01,2018-10-07,61,0,0,,7.56857142857143,22.692857142857143,90.95142857142856
South,2018-10-14,2018-10-08,2018-10-14,35,23,0,0.0,5.714285714285714,22.464285714285715,92.7357142857143
South,2018-10-21,2018-10-15,2018-10-21,0,0,0,,6.542857142857144,23.09714285714286,91.11571428571429
South,2018-10-28,2018-10-22,2018-10-28,0,0,0,,9.81,22.97142857142857,91.43285714285715
South,2018-11-04,2018-10-29,2018-11-04,0,0,0,,9.712857142857144,22.72714285714286,93.18857142857144
South,2018-11-11,2018-11-05,2018-11-11,0,0,0,,2.898571428571429,23.35,91.61285714285715
South,2018-11-18,2018-11-12,2018-11-18,0,0,0,,6.461428571428572,23.17571428571429,91.07714285714285
South,2018-11-25,2018-11-19,2018-11-25,0,0,0,,2.572857142857143,23.81714285714286,90.26999999999998
South,2018-12-02,2018-11-26,2018-12-02,0,0,0,,0.3385714285714286,23.928571428571427,87.45857142857143
South,2018-12-16,2018-12-10,2018-12-16,0,0,0,,0.19999999999999998,24.234285714285715,82.55999999999999
South,2018-12-23,2018-12-17,2018-12-23,0,0,0,,0.12142857142857144,24.009999999999998,79.96142857142857
South,2018-12-30,2018-12-24,2018-12-30,0,0,0,,0.3957142857142858,24.07714285714286,80.28714285714285
South,2019-01-06,2018-12-31,2019-01-06,0,0,0,,0.7685714285714286,24.784285714285716,79.08857142857143
South,2019-01-13,2019-01-07,2019-01-13,0,0,0,,0.017142857142857144,25.00857142857143,75.64142857142858
South,2019-01-20,2019-01-14,2019-01-20,16,5,0,0.0,0.03571428571428571,25.548571428571428,73.99
South,2019-01-27,2019-01-21,2019-01-27,0,0,0,,0.48000000000000004,24.947142857142858,76.31857142857143
South,2019-02-03,2019-01-28,2019-02-03,0,0,0,,1.5585714285714285,25.091428571428573,78.41571428571429
South,2019-02-10,2019-02-04,2019-02-10,0,0,0,,2.3957142857142855,25.545714285714286,77.68285714285715
South,2019-02-17,2019-02-11,2019-02-17,0,0,0,,0.03428571428571429,25.475714285714282,74.03285714285714
South,2019-02-24,2019-02-18,2019-02-24,0,0,0,,0.08857142857142859,25.377142857142854,75.12142857142858
South,2019-03-03,2019-02-25,2019-03-03,0,0,0,,2.9557142857142855,24.075714285714287,84.17142857142858
South,2019-03-10,2019-03-04,2019-03-10,0,0,0,,1.8100000000000003,24.955714285714283,79.91857142857144
South,2019-03-17,2019-03-11,2019-03-17,20,0,0,,1.0542857142857145,25.447142857142858,80.9357142857143
South,2019-03-24,2019-03-18,2019-03-24,0,0,0,,3.357142857142857,25.388571428571428,81.95571428571428
South,2019-05-19,2019-05-13,2019-05-19,0,0,0,,2.37,24.64285714285714,83.00571428571428
South,2022-01-09,2022-01-03,2022-01-09,47,14,0,0.0,0.21142857142857144,23.865714285714287,83.02571428571427
South,2022-01-16,2022-01-10,2022-01-16,31,14,0,0.0,0.41857142857142865,23.60857142857143,86.96142857142857
South,2022-01-23,2022-01-17,2022-01-23,0,0,0,,0.07714285714285715,23.277142857142856,78.24000000000001
South,2022-01-30,2022-01-24,2022-01-30,0,0,0,,0.1142857142857143,23.825714285714287,77.88714285714286
South,2022-02-06,2022-01-31,2022-02-06,0,0,0,,0.927142857142857,23.618571428571425,79.67142857142858
South,2022-02-13,2022-02-07,2022-02-13,28,9,0,0.0,0.004285714285714286,24.535714285714285,78.84857142857143
South,2022-02-20,2022-02-14,2022-02-20,0,0,0,,0.08142857142857142,24.95428571428571,77.54714285714286
South,2022-03-27,2022-03-21,2022-03-27,0,0,0,,1.2171428571428573,24.77,84.30999999999999
South,2022-04-03,2022-03-28,2022-04-03,0,0,0,,3.39,24.159999999999997,85.57142857142857
South,2022-04-10,2022-04-04,2022-04-10,0,0,0,,1.182857142857143,24.43285714285714,84.04857142857144
South-West,2018-01-07,2018-01-01,2018-01-07,0,0,0,,0.3228571428571429,24.115714285714287,82.32285714285715
South-West,2018-01-14,2018-01-08,2018-01-14,0,0,0,,1.4528571428571428,24.54714285714286,84.27
South-West,2018-01-21,2018-01-15,2018-01-21,0,0,0,,0.12428571428571429,24.84714285714286,82.5
South-West,2018-01-28,2018-01-22,2018-01-28,0,0,0,,0.14142857142857143,24.828571428571426,81.23
South-West,2018-02-04,2018-01-29,2018-02-04,0,0,0,,0.8714285714285713,26.118571428571425,78.20285714285714
South-West,2018-02-11,2018-02-05,2018-02-11,0,0,0,,15.140000000000002,25.785714285714285,88.17142857142858
South-West,2018-02-18,2018-02-12,2018-02-18,0,0,0,,6.524285714285715,25.30857142857143,88.9742857142857
South-West,2018-02-25,2018-02-19,2018-02-25,0,0,0,,7.96,24.57,89.89285714285714
South-West,2018-03-04,2018-02-26,2018-03-04,56,0,0,,8.982857142857142,24.34857142857143,89.7057142857143
South-West,2018-03-11,2018-03-05,2018-03-11,0,0,0,,5.941428571428572,24.621428571428574,90.29142857142857
South-West,2018-03-18,2018-03-12,2018-03-18,0,0,0,,1.7057142857142853,24.47714285714286,91.12857142857142
South-West,2018-03-25,2018-03-19,2018-03-25,0,0,0,,7.4799999999999995,24.13714285714286,90.1542857142857
South-West,2018-04-01,2018-03-26,2018-04-01,0,0,0,,2.0800000000000005,25.139999999999997,90.27285714285713
South-West,2018-04-08,2018-04-02,2018-04-08,93,56,2,3.57,4.612857142857143,24.671428571428574,90.27857142857144
South-West,2018-04-15,2018-04-09,2018-04-15,0,0,0,,4.827142857142858,24.188571428571432,92.37
South-West,2018-04-22,2018-04-16,2018-04-22,0,0,0,,2.224285714285714,24.875714285714285,89.41857142857144
South-West,2018-04-29,2018-04-23,2018-04-29,0,0,0,,2.6157142857142857,24.862857142857145,88.81999999999998
South-West,2018-05-06,2018-04-30,2018-05-06,52,16,0,0.0,6.109999999999999,25.05285714285714,90.46142857142857
South-West,2018-05-13,2018-05-07,2018-05-13,0,0,0,,4.242857142857143,24.31142857142857,91.27428571428572
South-West,2018-05-20,2018-05-14,2018-05-20,24,0,0,,2.587142857142857,24.701428571428572,90.19714285714288
South-West,2018-05-27,2018-05-21,2018-05-27,0,0,0,,4.917142857142857,24.490000000000002,90.61285714285714
South-West,2018-06-03,2018-05-28,2018-06-03,0,0,0,,10.875714285714285,24.595714285714283,91.04142857142858
South-West,2018-06-10,2018-06-04,2018-06-10,0,0,0,,9.575714285714284,24.332857142857144,93.14714285714285
South-West,2018-06-17,2018-06-11,2018-06-17,0,0,0,,6.897142857142858,24.634285714285717,90.63428571428571
South-West,2018-06-24,2018-06-18,2018-06-24,0,0,0,,52.92571428571428,23.17285714285714,91.78
South-West,2018-07-01,2018-06-25,2018-07-01,111,55,3,5.45,14.898571428571431,23.360000000000003,91.85857142857142
South-West,2018-07-08,2018-07-02,2018-07-08,0,0,0,,3.6457142857142855,23.815714285714286,90.33571428571429
South-West,2018-07-15,2018-07-09,2018-07-15,0,0,0,,5.297142857142857,23.911428571428576,90.70714285714287
South-West,2018-07-22,2018-07-16,2018-07-22,0,0,0,,16.107142857142858,23.437142857142856,93.25
South-West,2018-07-29,2018-07-23,2018-07-29,98,33,1,3.03,24.818571428571424,23.08428571428571,93.27714285714286
South-West,2018-08-05,2018-07-30,2018-08-05,0,0,0,,8.620000000000001,22.892857142857142,91.71857142857142
South-West,2018-08-19,2018-08-13,2018-08-19,144,88,1,1.14,23.254285714285714,23.434285714285718,92.01
South-West,2018-09-02,2018-08-27,2018-09-02,0,0,0,,20.454285714285714,23.375714285714285,91.73
South-West,2018-09-09,2018-09-03,2018-09-09,0,0,0,,12.105714285714285,23.38714285714286,92.87285714285713
South-West,2018-09-16,2018-09-10,2018-09-16,0,0,0,,6.118571428571428,23.638571428571428,90.66571428571429
South-West,2018-09-23,2018-09-17,2018-09-23,0,0,0,,12.888571428571428,24.138571428571428,91.61285714285714
South-West,2018-09-30,2018-09-24,2018-09-30,95,57,1,1.75,4.061428571428571,23.905714285714286,91.87714285714287
South-West,2018-10-07,2018-10-01,2018-10-07,0,0,0,,22.31714285714286,23.93142857142857,90.89714285714285
South-West,2018-10-14,2018-10-08,2018-10-14,0,0,0,,11.102857142857143,23.552857142857142,93.65714285714286
South-West,2018-10-21,2018-10-15,2018-10-21,0,0,0,,3.4299999999999997,24.21857142857143,90.73142857142857
South-West,2018-10-28,2018-10-22,2018-10-28,0,0,0,,6.229999999999999,24.548571428571428,89.01142857142857
South-West,2018-11-04,2018-10-29,2018-11-04,0,0,0,,15.452857142857143,24.43857142857143,90.97
South-West,2018-11-11,2018-11-05,2018-11-11,0,0,0,,6.271428571428571,24.488571428571426,90.57000000000001
South-West,2018-11-18,2018-11-12,2018-11-18,0,0,0,,6.684285714285714,24.854285714285716,90.42999999999999
South-West,2018-11-25,2018-11-19,2018-11-25,0,0,0,,3.3414285714285716,24.96428571428571,90.52571428571427
South-West,2018-12-02,2018-11-26,2018-12-02,0,0,0,,0.3585714285714286,24.997142857142855,88.95714285714287
South-West,2018-12-16,2018-12-10,2018-12-16,0,0,0,,,,
South-West,2018-12-23,2018-12-17,2018-12-23,0,0,0,,0.01,24.828571428571433,84.15142857142857
South-West,2018-12-30,2018-12-24,2018-12-30,0,0,0,,0.038571428571428576,24.74428571428572,84.50714285714285
South-West,2019-01-06,2018-12-31,2019-01-06,0,0,0,,0.02,24.90285714285714,84.90857142857143
South-West,2019-01-13,2019-01-07,2019-01-13,0,0,0,,0.2842857142857143,24.982857142857146,85.73000000000002
South-West,2019-01-20,2019-01-14,2019-01-20,0,0,0,,0.3928571428571428,25.505714285714284,85.96714285714286
South-West,2019-01-27,2019-01-21,2019-01-27,0,0,0,,2.4771428571428564,24.72714285714286,88.03285714285714
South-West,2019-02-03,2019-01-28,2019-02-03,0,0,0,,5.722857142857143,24.979999999999997,87.85285714285715
South-West,2019-02-10,2019-02-04,2019-02-10,0,0,0,,1.6928571428571428,25.375714285714285,84.77428571428571
South-West,2019-02-17,2019-02-11,2019-02-17,0,0,0,,0.16428571428571428,25.412857142857145,79.60714285714286
South-West,2019-02-24,2019-02-18,2019-02-24,0,0,0,,0.3085714285714286,25.27285714285714,86.83142857142856
South-West,2019-03-03,2019-02-25,2019-03-03,61,33,0,0.0,3.064285714285714,24.968571428571426,85.94857142857143
South-West,2019-03-10,2019-03-04,2019-03-10,0,0,0,,5.784285714285714,24.951428571428576,89.05142857142856
South-West,2019-03-17,2019-03-11,2019-03-17,0,0,0,,0.4642857142857143,25.664285714285715,87.36000000000001
South-West,2019-03-24,2019-03-18,2019-03-24,36,0,0,,1.85,25.52714285714286,88.52428571428571
South-West,2019-05-19,2019-05-13,2019-05-19,0,0,0,,1.0557142857142858,25.308571428571433,84.67142857142858
South-West,2019-11-10,2019-11-04,2019-11-10,54,18,1,5.56,15.368571428571428,24.384285714285713,91.87857142857142
South-West,2019-11-17,2019-11-11,2019-11-17,0,0,0,,7.267142857142858,24.538571428571434,90.48142857142857
South-West,2019-11-24,2019-11-18,2019-11-24,0,0,0,,1.6742857142857142,25.09714285714286,88.15285714285713
South-West,2019-12-01,2019-11-25,2019-12-01,60,17,1,5.88,3.0228571428571427,25.322857142857142,88.26142857142858
South-West,2019-12-08,2019-12-02,2019-12-08,0,0,0,,1.444285714285714,24.994285714285716,85.80571428571429
South-West,2019-12-15,2019-12-09,2019-12-15,120,0,0,,0.10714285714285714,24.599999999999998,82.32714285714285
South-West,2019-12-22,2019-12-16,2019-12-22,60,0,0,,0.014285714285714285,25.25714285714286,82.76571428571427
South-West,2019-12-29,2019-12-23,2019-12-29,47,0,0,,0.07714285714285715,25.221428571428568,82.63571428571427
South-West,2022-12-31,2021-10-01,2022-12-31,6027,2430,93,3.83,10.384835886214441,24.373260393873085,88.24868708971555
South-West,2022-01-09,2022-01-03,2022-01-09,0,0,0,,1.6857142857142857,24.958571428571428,85.4057142857143
South-West,2022-01-16,2022-01-10,2022-01-16,82,26,1,3.85,1.747142857142857,24.682857142857138,89.11142857142856
South-West,2022-01-23,2022-01-17,2022-01-23,108,0,0,,0.8142857142857143,24.617142857142856,81.39714285714285
South-West,2022-01-30,2022-01-24,2022-01-30,0,0,0,,0.06857142857142857,24.988571428571426,78.57857142857144
South-West,2022-02-06,2022-01-31,2022-02-06,142,0,0,,1.2128571428571426,24.697142857142858,78.80285714285712
South-West,2022-02-13,2022-02-07,2022-02-13,93,0,0,,0.04857142857142858,25.66857142857143,79.22857142857143
South-West,2022-02-20,2022-02-14,2022-02-20,0,0,0,,0.3828571428571429,26.011428571428574,80.03857142857143
South-West,2022-02-27,2022-02-21,2022-02-27,125,0,0,,0.08142857142857143,26.8,74.8
South-West,2022-03-13,2022-03-07,2022-03-13,130,41,1,2.44,4.354285714285714,25.701428571428572,84.47428571428573
South-West,2022-03-20,2022-03-14,2022-03-20,0,0,0,,1.2357142857142858,26.474285714285713,80.68285714285715
South-West,2022-03-27,2022-03-21,2022-03-27,1087,0,0,,2.7,26.42428571428571,82.52714285714285
South-West,2022-04-03,2022-03-28,2022-04-03,521,126,4,3.17,8.074285714285715,26.062857142857144,83.21000000000001
South-West,2022-04-10,2022-04-04,2022-04-10,345,145,3,2.07,5.917142857142857,25.264285714285712,85.5942857142857
South-West,2022-04-17,2022-04-11,2022-04-17,0,0,0,,5.797142857142857,24.80285714285714,88.81714285714285
South-West,2022-04-24,2022-04-18,2022-04-24,0,0,0,,9.718571428571428,24.621428571428567,90.74142857142859
South-West,2022-05-01,2022-04-25,2022-05-01,408,0,0,,4.598571428571428,24.47,90.25857142857141
South-West,2022-05-08,2022-05-02,2022-05-08,215,0,0,,4.614285714285714,24.87142857142857,89.83285714285715
South-West,2022-05-15,2022-05-09,2022-05-15,221,60,2,3.33,4.537142857142857,25.217142857142857,90.22857142857143
South-West,2022-05-22,2022-05-16,2022-05-22,0,0,0,,9.012857142857142,24.64714285714286,90.28999999999999
South-West,2022-05-29,2022-05-23,2022-05-29,334,211,2,0.95,7.838571428571429,24.072857142857142,89.48714285714286
South-West,2022-06-05,2022-05-30,2022-06-05,209,72,1,1.39,12.035714285714286,24.57,89.22
South-West,2022-06-12,2022-06-06,2022-06-12,130,0,0,,4.7871428571428565,24.321428571428566,89.92857142857143
South-West,2022-06-19,2022-06-13,2022-06-19,91,0,0,,10.934285714285712,23.65285714285714,91.97285714285714
South-West,2022-06-26,2022-06-20,2022-06-26,0,0,0,,14.221428571428572,23.141428571428573,93.10142857142857
West,2018-01-07,2018-01-01,2018-01-07,0,0,0,,1.714285714285714,18.998571428571427,65.63714285714286
West,2018-01-14,2018-01-08,2018-01-14,0,0,0,,0.03571428571428571,20.15142857142857,63.45714285714286
West,2018-01-21,2018-01-15,2018-01-21,0,0,0,,0.0,20.231428571428573,56.66428571428571
West,2018-01-28,2018-01-22,2018-01-28,0,0,0,,0.0,20.38714285714286,55.96428571428571
West,2018-02-04,2018-01-29,2018-02-04,0,0,0,,0.2542857142857143,21.360000000000003,57.77285714285714
West,2018-02-11,2018-02-05,2018-02-11,0,0,0,,3.0800000000000005,22.46857142857143,69.38714285714285
West,2018-02-18,2018-02-12,2018-02-18,0,0,0,,2.551428571428571,22.464285714285715,72.37857142857143
West,2018-02-25,2018-02-19,2018-02-25,0,0,0,,2.4,22.37,78.68142857142857
West,2018-03-04,2018-02-26,2018-03-04,0,0,0,,2.745714285714286,21.735714285714288,80.40857142857143
West,2018-03-11,2018-03-05,2018-03-11,0,0,0,,5.121428571428571,21.851428571428574,79.86285714285714
West,2018-03-18,2018-03-12,2018-03-18,0,0,0,,4.561428571428571,22.442857142857147,82.39999999999999
West,2018-03-25,2018-03-19,2018-03-25,0,0,0,,3.07,21.551428571428573,83.80142857142857
West,2018-04-01,2018-03-26,2018-04-01,0,0,0,,1.8842857142857141,22.42428571428572,77.46142857142856
West,2018-04-08,2018-04-02,2018-04-08,0,0,0,,4.197142857142857,21.97,83.36
West,2018-04-15,2018-04-09,2018-04-15,29,15,0,0.0,7.057142857142857,21.82857142857143,84.10714285714286
West,2018-04-22,2018-04-16,2018-04-22,0,0,0,,3.8157142857142854,21.745714285714282,84.35714285714286
West,2018-04-29,2018-04-23,2018-04-29,0,0,0,,4.501428571428571,21.745714285714286,85.57142857142857
West,2018-05-06,2018-04-30,2018-05-06,0,0,0,,3.1271428571428572,22.454285714285714,83.13571428571429
West,2018-05-13,2018-05-07,2018-05-13,0,0,0,,8.885714285714286,21.669999999999998,85.71857142857142
West,2018-05-20,2018-05-14,2018-05-20,0,0,0,,6.457142857142857,21.524285714285714,84.66428571428573
West,2018-05-27,2018-05-21,2018-05-27,0,0,0,,7.175714285714286,21.645714285714288,84.84285714285714
West,2018-06-03,2018-05-28,2018-06-03,0,0,0,,9.167142857142858,21.49142857142857,86.65142857142857
West,2018-06-10,2018-06-04,2018-06-10,0,0,0,,3.2914285714285714,21.788571428571426,84.80999999999999
West,2018-06-17,2018-06-11,2018-06-17,0,0,0,,5.234285714285714,21.942857142857143,82.72
West,2018-06-24,2018-06-18,2018-06-24,0,0,0,,23.652857142857147,19.694285714285712,89.84428571428569
West,2018-07-01,2018-06-25,2018-07-01,0,0,0,,18.71857142857143,20.07714285714286,88.67285714285715
West,2018-07-08,2018-07-02,2018-07-08,0,0,0,,10.152857142857142,20.745714285714286,87.29142857142858
West,2018-07-15,2018-07-09,2018-07-15,0,0,0,,5.015714285714286,20.671428571428574,84.86
West,2018-07-22,2018-07-16,2018-07-22,0,0,0,,20.54,20.274285714285718,88.47857142857143
West,2018-07-29,2018-07-23,2018-07-29,90,27,0,0.0,18.67285714285714,20.104285714285716,90.66857142857143
West,2018-08-05,2018-07-30,2018-08-05,0,0,0,,4.688571428571429,20.302857142857142,87.41571428571426
West,2018-08-12,2018-08-06,2018-08-12,0,0,0,,11.864285714285714,20.812857142857144,85.73
West,2018-08-19,2018-08-13,2018-08-19,0,0,0,,7.49,20.50142857142857,87.07428571428571
West,2018-09-02,2018-08-27,2018-09-02,0,0,0,,18.27285714285714,20.052857142857142,87.59
West,2018-09-09,2018-09-03,2018-09-09,0,0,0,,12.967142857142859,20.117142857142856,90.05285714285715
West,2018-09-16,2018-09-10,2018-09-16,0,0,0,,9.557142857142859,20.18285714285714,86.10714285714286
West,2018-09-23,2018-09-17,2018-09-23,0,0,0,,5.338571428571428,20.80857142857143,85.90428571428572
West,2018-09-30,2018-09-24,2018-09-30,0,0,0,,8.362857142857143,20.48857142857143,87.88857142857144
West,2018-10-07,2018-10-01,2018-10-07,0,0,0,,9.255714285714287,20.604285714285716,87.55857142857141
West,2018-10-14,2018-10-08,2018-10-14,0,0,0,,16.374285714285715,20.51571428571429,89.34571428571428
West,2018-10-21,2018-10-15,2018-10-21,0,0,0,,6.118571428571428,20.49285714285714,88.88
West,2018-10-28,2018-10-22,2018-10-28,0,0,0,,5.624285714285714,20.034285714285716,88.69571428571427
West,2018-11-04,2018-10-29,2018-11-04,29,0,0,,9.672857142857142,20.517142857142858,88.66714285714285
West,2018-11-11,2018-11-05,2018-11-11,0,0,0,,7.185714285714285,20.657142857142855,88.18142857142857
West,2018-11-18,2018-11-12,2018-11-18,0,0,0,,0.7999999999999999,21.174285714285713,83.79714285714284
West,2018-11-25,2018-11-19,2018-11-25,0,0,0,,0.6071428571428571,21.16,80.37
West,2018-12-02,2018-11-26,2018-12-02,0,0,0,,0.004285714285714286,21.002857142857142,76.91999999999999
West,2018-12-16,2018-12-10,2018-12-16,0,0,0,,0.0,20.789999999999996,69.36
West,2018-12-23,2018-12-17,2018-12-23,0,0,0,,0.0,19.555714285714284,63.174285714285716
West,2018-12-30,2018-12-24,2018-12-30,0,0,0,,0.07285714285714286,20.33142857142857,68.24428571428572
West,2019-01-06,2018-12-31,2019-01-06,0,0,0,,0.028571428571428574,20.694285714285712,65.00571428571428
West,2019-01-13,2019-01-07,2019-01-13,0,0,0,,0.0071428571428571435,20.874285714285715,62.93714285714285
West,2019-01-20,2019-01-14,2019-01-20,0,0,0,,0.03571428571428571,21.650000000000002,66.46142857142857
West,2019-01-27,2019-01-21,2019-01-27,0,0,0,,0.12,22.194285714285712,73.77857142857144
West,2019-02-03,2019-01-28,2019-02-03,0,0,0,,1.052857142857143,21.84714285714286,72.52000000000001
West,2019-02-10,2019-02-04,2019-02-10,0,0,0,,2.8057142857142856,22.294285714285714,65.73428571428572
West,2019-02-17,2019-02-11,2019-02-17,0,0,0,,0.002857142857142857,21.94,57.298571428571435
West,2019-02-24,2019-02-18,2019-02-24,0,0,0,,0.0,22.548571428571428,69.36857142857143
West,2019-03-03,2019-02-25,2019-03-03,0,0,0,,1.4642857142857146,22.08285714285714,76.73142857142857
West,2019-03-10,2019-03-04,2019-03-10,1,0,0,,1.4085714285714286,22.51571428571429,76.21142857142857
West,2019-03-17,2019-03-11,2019-03-17,0,0,0,,0.927142857142857,22.841428571428573,78.56428571428572
West,2019-03-24,2019-03-18,2019-03-24,0,0,0,,1.907142857142857,23.009999999999998,80.34285714285716
West,2019-05-19,2019-05-13,2019-05-19,0,0,0,,4.56,21.665714285714284,84.07571428571428
West,2022-04-17,2022-04-11,2022-04-17,0,0,0,,2.2871428571428574,22.26142857142857,81.51285714285714
West,2022-04-24,2022-04-18,2022-04-24,0,0,0,,16.282857142857143,22.132857142857144,84.25428571428571
West,2022-05-01,2022-04-25,2022-05-01,0,0,0,,6.800000000000002,21.694285714285716,83.35142857142856
West,2022-05-08,2022-05-02,2022-05-08,0,0,0,,1.092857142857143,22.03714285714286,84.20714285714284
West,2022-05-15,2022-05-09,2022-05-15,70,0,1,,1.2928571428571427,22.26142857142857,82.92142857142856
West,2022-05-22,2022-05-16,2022-05-22,24,0,0,,10.569999999999999,21.47,84.64142857142858
West,2022-05-29,2022-05-23,2022-05-29,0,0,0,,15.104285714285712,21.367142857142856,83.44000000000001
West,2022-06-05,2022-05-30,2022-06-05,55,33,0,0.0,3.7128571428571426,21.02,85.79
West,2022-06-12,2022-06-06,2022-06-12,102,0,0,,1.4728571428571429,20.951428571428572,84.75571428571428
West,2022-06-19,2022-06-13,2022-06-19,0,0,0,,4.458571428571429,20.65857142857143,86.26714285714286
West,2022-06-26,2022-06-20,2022-06-26,0,0,0,,4.83,20.481428571428573,87.8257142857143
(Centre|Far North|Littoral|North),2018-12-19,2018-05-18,2018-12-19,990,517,41,7.93,,,
Centre,2018-12-19,2018-08-27,2018-12-19,0,0,0,,5.078347826086955,23.27704347826087,85.76591304347829
Littoral,2018-12-19,2018-10-11,2018-12-19,0,0,0,,3.9034285714285715,26.6,86.69457142857142
(Centre|Far North|Littoral|North),2018-12-02,2018-05-18,2018-12-02,987,73,5,6.85,,,
(Far North|North),2018-11-28,2018-11-23,2018-11-28,45,20,0,0.0,,,
Far North,2018-11-28,2018-11-23,2018-11-28,60,28,1,3.57,0.0,26.814999999999998,28.868333333333336
North,2018-11-28,2018-11-23,2018-11-28,53,29,1,3.45,0.0,27.15666666666667,56.26
North,2010-10-25,2010-04-01,2010-10-25,261,107,8,7.48,5.413269230769231,27.470336538461538,72.04456730769229
Littoral,2010-10-25,2010-04-01,2010-10-25,14,0,0,,8.179278846153846,25.57461538461538,90.0378846153846
Centre,2010-10-25,2010-04-01,2010-10-25,87,40,2,5.0,5.917451923076923,23.375721153846158,88.01826923076925
North,2018-07-26,2018-05-18,2018-07-26,0,0,0,,7.223428571428571,27.070999999999998,74.49042857142857
Centre,2018-07-26,2018-05-18,2018-07-26,82,23,0,0.0,6.512142857142858,23.269714285714283,87.46157142857143
Littoral,2018-07-26,2018-05-18,2018-07-26,102,60,1,1.67,8.679714285714287,25.711,89.27485714285713
North,2018-09-17,2018-05-18,2018-09-17,120,39,0,0.0,9.207398373983741,26.054390243902443,79.17227642276421
Centre,2018-09-17,2018-05-18,2018-09-17,100,45,1,2.22,5.928455284552846,23.03146341463415,87.84520325203252
Littoral,2018-09-17,2018-05-18,2018-09-17,47,1,0,0.0,9.378943089430894,25.380243902439027,89.5851219512195
(Centre|North),2018-08-13,2018-05-18,2018-08-13,168,59,4,6.78,,,
Littoral,2018-08-13,2018-05-18,2018-08-13,76,37,1,2.7,8.456363636363635,25.49715909090909,89.44988636363637
(Centre|North),2018-08-29,2018-05-18,2018-08-29,237,155,12,7.74,,,
Centre,2018-08-17,2018-05-18,2018-08-17,0,0,0,,5.895652173913044,23.155217391304355,87.58619565217391
North,2018-08-17,2018-05-18,2018-08-17,111,14,1,7.14,9.47782608695652,26.51804347826087,76.9579347826087
Far North,2018-08-17,2018-05-18,2018-08-17,0,0,0,,6.538369565217391,27.092717391304344,73.40076086956523
North-West,2011-07-31,2010-12-01,2011-07-31,143,94,7,7.45,3.2897530864197533,20.910370370370373,75.01543209876543
North-West,2012-06-11,2011-08-01,2012-06-11,0,0,0,,5.00626582278481,20.61838607594937,76.03917721518988
(Centre|Littoral|North),2018-09-28,2018-05-18,2018-09-28,394,190,15,7.89,,,
North,2018-09-28,2018-05-18,2018-09-28,137,44,1,2.27,9.007910447761194,26.06992537313433,79.19828358208954
Centre,2018-09-28,2018-05-18,2018-09-28,89,50,1,2.0,5.860522388059701,23.051641791044776,87.82455223880598
Littoral,2018-09-28,2018-05-18,2018-09-28,58,37,1,2.7,9.314925373134328,25.422388059701497,89.51835820895522
Far North,2018-09-28,2018-08-24,2018-09-28,0,0,0,,6.4975,25.25638888888889,83.90166666666666
Littoral,2020-01-26,2020-01-21,2020-01-26,22,8,0,0.0,0.0,26.658333333333335,67.25166666666668
South-West,2020-01-26,2020-01-21,2020-01-26,0,0,0,,0.0,25.906666666666666,65.86666666666667
Far North,2020-01-26,2019-11-25,2020-01-26,0,0,0,,0.0,24.458253968253963,22.399047619047618
North,2020-01-26,2019-12-16,2020-01-26,0,0,0,,0.0,24.76809523809524,38.56142857142857
(Far North|Littoral|North|South-West),2020-01-26,2018-05-18,2020-01-26,2226,576,46,7.99,,,
Centre,2020-01-26,2018-05-18,2020-01-26,72,19,1,5.26,3.999725363489499,23.647415185783522,81.67193861066237
Littoral,2018-12-31,2018-05-18,2018-12-31,36,14,0,0.0,7.2382017543859645,25.882105263157893,88.2054385964912
Far North,2019-12-31,2019-01-01,2019-12-31,0,0,0,,2.5274246575342465,27.790219178082186,48.942821917808224
South-West,2020-01-28,2020-01-01,2020-01-28,362,161,12,7.45,0.014285714285714287,25.518928571428575,76.35142857142856
Littoral,2020-01-04,2020-01-04,2020-01-04,0,0,0,,0.0,26.56,69.06
Littoral,2020-01-05,2020-01-05,2020-01-05,24,6,0,0.0,0.0,26.28,70.32
Littoral,2020-01-06,2020-01-06,2020-01-06,0,0,0,,0.01,26.67,75.94
Littoral,2020-01-07,2020-01-07,2020-01-07,0,0,0,,0.01,27.23,75.1
Littoral,2020-01-08,2020-01-08,2020-01-08,0,0,0,,0.0,27.6,78.99
Littoral,2020-01-09,2020-01-09,2020-01-09,0,0,0,,0.05,27.26,81.96
Littoral,2020-01-10,2020-01-10,2020-01-10,66,21,0,0.0,0.23,26.43,87.5
Littoral,2020-01-11,2020-01-11,2020-01-11,0,0,0,,0.01,26.72,84.2
Littoral,2020-01-12,2020-01-12,2020-01-12,0,0,0,,0.0,27.81,78.36
Littoral,2020-01-13,2020-01-13,2020-01-13,1,0,0,,0.0,27.77,79.08
Littoral,2020-01-14,2020-01-14,2020-01-14,9,0,0,,0.0,28.13,78.41
Littoral,2020-01-15,2020-01-15,2020-01-15,0,0,0,,0.0,27.72,83.43
Littoral,2020-01-16,2020-01-16,2020-01-16,20,6,0,0.0,0.01,27.48,84.19
Littoral,2020-01-17,2020-01-17,2020-01-17,0,0,0,,0.0,26.91,78.55
Littoral,2020-01-18,2020-01-18,2020-01-18,0,0,0,,0.0,27.07,78.95
Littoral,2020-01-19,2020-01-19,2020-01-19,0,0,0,,0.0,27.61,79.43
Littoral,2020-01-20,2020-01-20,2020-01-20,100,51,1,1.96,0.0,27.3,81.67
Littoral,2020-01-21,2020-01-21,2020-01-21,0,0,0,,0.0,28.32,76.95
Littoral,2020-01-22,2020-01-22,2020-01-22,0,0,0,,0.0,28.33,74.53
Littoral,2020-01-23,2020-01-23,2020-01-23,8,2,0,0.0,0.0,26.97,68.84
Littoral,2020-01-24,2020-01-24,2020-01-24,19,0,0,,0.0,26.55,57.64
Littoral,2020-01-25,2020-01-25,2020-01-25,17,10,0,0.0,0.0,25.1,60.1
Littoral,2020-01-28,2020-01-01,2020-01-28,38,19,0,0.0,0.014642857142857143,27.072142857142858,75.86321428571429
Far North,2020-01-20,2019-11-25,2020-01-20,0,0,0,,0.0,24.583859649122804,23.411403508771926
North,2020-01-20,2019-12-16,2020-01-20,0,0,0,,0.0,24.915833333333335,39.95055555555555
(Far North|Littoral|North|South-West),2020-01-20,2018-05-18,2020-01-20,0,0,0,,,,
North,2018-12-09,2018-12-03,2018-12-09,0,0,0,,0.0,26.138571428571428,48.28857142857144
North,2019-06-16,2019-06-10,2019-06-16,83,37,1,2.7,3.6728571428571426,27.428571428571427,76.17285714285715
North,2019-10-20,2019-10-14,2019-10-20,0,0,0,,5.1899999999999995,25.175714285714285,82.88857142857144
North,2019-10-27,2019-10-21,2019-10-27,115,55,3,5.45,7.208571428571429,24.96428571428572,85.09
North,2019-11-10,2019-11-04,2019-11-10,41,23,0,0.0,0.0,26.048571428571424,72.55999999999999
North,2019-11-24,2019-11-18,2019-11-24,60,0,0,,0.0,26.25857142857143,65.12285714285714
North,2019-12-08,2019-12-02,2019-12-08,0,0,0,,0.0,25.131428571428575,50.76857142857143
North,2019-12-22,2019-12-16,2019-12-22,44,14,0,0.0,0.0,25.392857142857142,47.91142857142857
North,2019-12-29,2019-12-23,2019-12-29,0,0,0,,0.0,24.53571428571429,38.48285714285714
North,2019-12-31,2019-01-01,2019-12-31,581,0,0,,3.446191780821918,27.55868493150685,59.2406301369863
Far North,2019-03-31,2019-03-25,2019-03-31,0,0,0,,0.0,32.98714285714285,14.48857142857143
Far North,2019-04-07,2019-04-01,2019-04-07,41,0,0,,0.0,33.95857142857143,14.712857142857144
Far North,2019-04-14,2019-04-08,2019-04-14,0,0,0,,0.004285714285714286,34.65285714285714,25.868571428571425
Far North,2019-04-21,2019-04-15,2019-04-21,0,0,0,,0.002857142857142857,33.64142857142857,22.725714285714282
Far North,2019-04-28,2019-04-22,2019-04-28,0,0,0,,0.0,34.47714285714285,18.111428571428572
Far North,2019-05-05,2019-04-29,2019-05-05,253,109,1,0.92,0.6585714285714285,34.65428571428571,32.56142857142857
Far North,2019-05-12,2019-05-06,2019-05-12,0,0,0,,0.66,33.74571428571428,41.034285714285716
Far North,2019-05-26,2019-05-20,2019-05-26,0,0,0,,1.8185714285714283,30.96857142857143,55.15999999999999
Far North,2019-06-02,2019-05-27,2019-06-02,0,0,0,,5.2542857142857144,28.697142857142858,66.39142857142858
Far North,2019-06-09,2019-06-03,2019-06-09,0,0,0,,7.390000000000001,28.494285714285716,68.98428571428572
Far North,2019-06-16,2019-06-10,2019-06-16,0,0,0,,3.6257142857142854,29.28714285714286,64.78571428571429
Far North,2019-06-23,2019-06-17,2019-06-23,0,0,0,,10.207142857142857,28.904285714285713,66.84857142857143
Far North,2019-06-30,2019-06-24,2019-06-30,97,0,0,,14.625714285714286,26.794285714285714,75.44714285714285
Far North,2019-11-17,2019-11-11,2019-11-17,40,0,0,,0.0,26.340000000000003,58.95
Far North,2019-12-01,2019-11-25,2019-12-01,0,0,0,,0.0,25.525714285714283,40.444285714285705
Far North,2019-12-08,2019-12-02,2019-12-08,0,0,0,,0.0,24.02,26.904285714285713
Far North,2019-12-15,2019-12-09,2019-12-15,0,0,0,,0.0,24.608571428571427,20.56
Far North,2019-12-22,2019-12-16,2019-12-22,0,0,0,,0.0,24.990000000000002,22.145714285714288
Far North,2019-12-29,2019-12-23,2019-12-29,0,0,0,,0.0,23.884285714285713,16.431428571428572
South-West,2020-01-05,2019-12-30,2020-01-05,11,0,0,,0.0,25.025714285714283,78.42285714285715
South-West,2020-01-20,2018-05-18,2020-01-20,16,4,0,0.0,7.7717455138662315,24.49383360522023,88.31833605220228
North,2020-01-09,2019-12-24,2020-01-09,0,0,0,,0.0,24.164705882352937,38.948235294117644
Far North,2020-01-09,2019-11-29,2020-01-09,0,0,0,,0.0,24.209285714285713,22.645952380952384
(Far North|North|South-West),2020-01-09,2018-05-18,2020-01-09,2207,765,61,7.97,,,
Centre,2020-01-09,2018-05-18,2020-01-09,72,0,0,,4.112674418604651,23.641279069767442,82.32908637873754
South-West,2020-01-09,2018-05-18,2020-01-09,367,189,15,7.94,7.913139534883721,24.474102990033224,88.45905315614618
(Centre|Littoral|South|South-West),2020-12-16,2020-01-01,2020-12-16,1952,539,43,7.98,,,
North,2020-12-16,2018-05-18,2020-12-16,1212,366,29,7.92,3.7997987288135593,27.169925847457627,62.08299788135592
Centre,2020-12-16,2018-05-18,2020-12-16,73,0,1,,4.636197033898305,23.696938559322035,82.01789194915254
Littoral,2020-12-16,2018-05-18,2020-12-16,563,316,25,7.91,6.8155296610169485,26.260466101694917,86.79322033898305
Far North,2020-12-16,2018-05-18,2020-12-16,629,165,13,7.88,2.647298728813559,27.56050847457627,52.04450211864407
South-West,2020-12-16,2018-05-18,2020-12-16,448,122,9,7.38,8.912489406779663,24.544353813559322,88.15947033898304
South,2020-12-16,2018-05-18,2020-12-16,43,0,0,,4.325921610169492,23.58352754237288,85.7291313559322
South-West,2019-12-31,2019-01-01,2019-12-31,371,245,16,6.53,6.63917808219178,24.732438356164383,87.34405479452055
Centre,2020-12-06,2020-11-30,2020-12-06,0,0,0,,0.5842857142857143,22.68285714285714,77.53714285714285
Littoral,2020-12-06,2020-11-30,2020-12-06,0,0,0,,0.9914285714285714,26.977142857142855,83.12714285714286
South,2020-12-06,2020-11-30,2020-12-06,0,0,0,,0.7042857142857143,23.367142857142856,86.19571428571429
South-West,2020-12-06,2020-11-30,2020-12-06,0,0,0,,1.8957142857142855,25.157142857142855,86.13285714285713
Centre,2020-10-25,2020-01-01,2020-10-25,60,0,0,,5.8906020066889635,23.857224080267557,80.653745819398
South,2020-10-25,2020-01-01,2020-10-25,798,20,1,5.0,5.8552508361204,23.511170568561873,86.05926421404682
South-West,2020-09-27,2020-01-01,2020-09-27,132,38,3,7.89,11.470036900369003,24.8050184501845,86.69321033210332
South,2020-01-05,2019-12-30,2020-01-05,0,0,0,,0.018571428571428572,24.731428571428573,69.49285714285715
South,2020-01-12,2020-01-06,2020-01-12,0,0,0,,0.07714285714285715,25.085714285714285,71.49
South,2020-01-19,2020-01-13,2020-01-19,0,0,0,,0.008571428571428572,25.869999999999997,71.79285714285714
South,2020-01-26,2020-01-20,2020-01-26,23,0,0,,0.0,24.86428571428571,57.99714285714286
South,2020-02-02,2020-01-27,2020-02-02,0,0,0,,0.2942857142857143,25.794285714285714,68.67714285714285
South,2020-02-09,2020-02-03,2020-02-09,17,0,0,,0.014285714285714287,26.208571428571428,65.23714285714286
South,2020-02-16,2020-02-10,2020-02-16,18,7,0,0.0,0.015714285714285715,26.70428571428571,65.35142857142857
South,2020-02-23,2020-02-17,2020-02-23,8,4,0,0.0,1.8199999999999998,26.877142857142854,69.47571428571429
South,2020-03-01,2020-02-24,2020-03-01,0,0,0,,0.8942857142857142,26.551428571428573,73.39142857142858
South,2020-03-08,2020-03-02,2020-03-08,0,0,0,,2.705714285714286,25.464285714285715,76.53714285714285
South,2020-03-15,2020-03-09,2020-03-15,0,0,0,,10.090000000000002,24.97,85.44714285714285
South,2020-03-22,2020-03-16,2020-03-22,0,0,0,,41.307142857142864,24.28,89.60428571428572
South,2020-03-29,2020-03-23,2020-03-29,36,0,0,,7.465714285714285,23.611428571428576,91.21428571428571
South,2020-04-05,2020-03-30,2020-04-05,0,0,0,,8.99,23.71857142857143,91.70285714285716
South,2020-04-12,2020-04-06,2020-04-12,0,0,0,,9.371428571428572,23.581428571428575,90.35571428571428
South,2020-04-19,2020-04-13,2020-04-19,75,22,0,0.0,4.898571428571429,23.95142857142857,89.35000000000001
South,2020-04-26,2020-04-20,2020-04-26,0,0,0,,2.71,23.601428571428567,90.13571428571427
South,2020-05-03,2020-04-27,2020-05-03,59,20,1,5.0,8.997142857142856,23.812857142857144,90.94428571428571
South,2020-05-10,2020-05-04,2020-05-10,73,0,0,,10.581428571428573,23.569999999999997,91.97714285714287
South,2020-05-17,2020-05-11,2020-05-17,66,34,1,2.94,6.298571428571428,23.167142857142856,93.19857142857143
South,2020-05-24,2020-05-18,2020-05-24,0,0,0,,6.557142857142857,23.47142857142857,91.97714285714287
South,2020-05-31,2020-05-25,2020-05-31,0,0,0,,2.137142857142857,23.99142857142857,90.29285714285713
South,2020-06-07,2020-06-01,2020-06-07,57,15,1,6.67,3.711428571428571,23.371428571428574,90.56714285714285
South,2020-06-14,2020-06-08,2020-06-14,41,21,1,4.76,2.2257142857142855,22.867142857142852,89.20857142857143
South,2020-06-21,2020-06-15,2020-06-21,75,46,1,2.17,7.327142857142857,22.875714285714285,91.40428571428572
South,2020-06-28,2020-06-22,2020-06-28,72,28,2,7.14,6.268571428571429,22.879999999999995,91.25571428571428
South,2020-07-05,2020-06-29,2020-07-05,65,27,2,7.41,7.759999999999999,22.17571428571429,93.3457142857143
South,2020-07-12,2020-07-06,2020-07-12,73,23,1,4.35,8.508571428571429,21.967142857142857,91.93999999999998
South,2020-07-19,2020-07-13,2020-07-19,56,0,0,,5.368571428571429,21.854285714285712,91.69857142857143
South,2020-07-26,2020-07-20,2020-07-26,95,65,3,4.62,7.002857142857143,22.025714285714283,90.77142857142856
South,2020-08-02,2020-07-27,2020-08-02,61,36,1,2.78,2.555714285714285,22.012857142857147,89.88285714285713
South,2020-08-09,2020-08-03,2020-08-09,57,24,1,4.17,1.9785714285714289,21.677142857142858,88.21714285714286
South,2020-08-16,2020-08-10,2020-08-16,35,0,0,,2.4071428571428575,22.447142857142858,89.31285714285714
South,2020-08-23,2020-08-17,2020-08-23,54,24,0,0.0,9.442857142857145,22.275714285714287,91.96571428571428
South,2020-08-30,2020-08-24,2020-08-30,57,21,0,0.0,7.452857142857143,21.842857142857145,92.91857142857144
South,2020-09-06,2020-08-31,2020-09-06,48,25,1,4.0,9.405714285714286,22.067142857142862,92.61571428571429
South,2020-09-13,2020-09-07,2020-09-13,79,29,1,3.45,5.851428571428571,22.194285714285716,92.17285714285713
South,2020-09-20,2020-09-14,2020-09-20,0,0,0,,7.9957142857142856,22.21,93.41999999999999
South,2020-09-27,2020-09-21,2020-09-27,78,0,0,,7.882857142857143,21.580000000000002,92.36714285714285
South,2020-10-04,2020-09-28,2020-10-04,45,27,0,0.0,5.032857142857144,22.104285714285712,93.36142857142856
South,2020-10-11,2020-10-05,2020-10-11,28,12,0,0.0,1.9828571428571429,22.25,90.46285714285715
South,2020-10-18,2020-10-12,2020-10-18,55,14,0,0.0,7.175714285714285,22.287142857142857,92.07142857142857
South,2020-11-01,2020-10-26,2020-11-01,0,0,0,,13.762857142857143,22.784285714285716,92.13428571428572
South,2020-11-08,2020-11-02,2020-11-08,0,0,0,,5.3999999999999995,22.942857142857147,91.30571428571429
Centre,2020-01-05,2019-12-30,2020-01-05,0,0,0,,0.0,22.832857142857144,65.80714285714285
Centre,2020-01-12,2020-01-06,2020-01-12,20,4,0,0.0,0.0,23.961428571428574,65.86571428571428
Centre,2020-01-19,2020-01-13,2020-01-19,0,0,0,,0.0,24.22714285714286,60.05714285714286
Centre,2020-02-02,2020-01-27,2020-02-02,0,0,0,,0.0,24.374285714285715,49.60285714285715
Centre,2020-02-09,2020-02-03,2020-02-09,0,0,0,,0.0,26.339999999999996,58.56
Centre,2020-02-16,2020-02-10,2020-02-16,26,0,0,,0.0,26.118571428571425,47.59142857142857
Centre,2020-02-23,2020-02-17,2020-02-23,55,0,0,,0.10571428571428572,27.804285714285708,48.559999999999995
Centre,2020-03-01,2020-02-24,2020-03-01,0,0,0,,0.09571428571428572,28.26857142857143,50.604285714285716
Centre,2020-03-08,2020-03-02,2020-03-08,0,0,0,,1.55,26.927142857142854,66.28142857142858
Centre,2020-03-15,2020-03-09,2020-03-15,0,0,0,,1.3828571428571428,26.877142857142854,62.35857142857143
Centre,2020-03-22,2020-03-16,2020-03-22,0,0,0,,20.45285714285714,26.01857142857143,77.1457142857143
Centre,2020-03-29,2020-03-23,2020-03-29,0,0,0,,13.671428571428569,24.108571428571427,87.55428571428571
Centre,2020-04-05,2020-03-30,2020-04-05,0,0,0,,21.935714285714283,24.37857142857143,89.46571428571428
Centre,2020-04-12,2020-04-06,2020-04-12,0,0,0,,8.757142857142856,23.971428571428568,87.50285714285714
Centre,2020-04-19,2020-04-13,2020-04-19,0,0,0,,2.454285714285714,24.41714285714286,86.27428571428571
Centre,2020-04-26,2020-04-20,2020-04-26,0,0,0,,5.502857142857144,24.467142857142857,86.72571428571428
Centre,2020-05-03,2020-04-27,2020-05-03,21,0,0,,7.115714285714285,24.45285714285714,87.18571428571428
Centre,2020-05-10,2020-05-04,2020-05-10,185,94,2,2.13,6.188571428571429,24.314285714285713,86.17285714285713
Centre,2020-05-17,2020-05-11,2020-05-17,0,0,0,,10.875714285714285,24.244285714285716,86.77142857142859
Centre,2020-05-24,2020-05-18,2020-05-24,34,0,0,,2.8971428571428572,23.898571428571426,89.57857142857142
Centre,2020-05-31,2020-05-25,2020-05-31,15,0,0,,8.495714285714284,24.437142857142856,87.62571428571428
Centre,2020-06-07,2020-06-01,2020-06-07,0,0,0,,3.3042857142857143,23.91142857142857,87.60428571428572
Centre,2020-06-14,2020-06-08,2020-06-14,54,0,0,,8.731428571428571,23.21142857142857,88.36142857142856
Centre,2020-06-21,2020-06-15,2020-06-21,0,0,0,,9.379999999999999,22.937142857142856,89.51
Centre,2020-06-28,2020-06-22,2020-06-28,0,0,0,,13.732857142857142,23.071428571428573,89.02
Centre,2020-07-05,2020-06-29,2020-07-05,54,0,0,,4.994285714285715,23.27857142857143,88.13571428571427
Centre,2020-07-12,2020-07-06,2020-07-12,38,12,0,0.0,2.7842857142857147,22.335714285714285,90.37
Centre,2020-07-19,2020-07-13,2020-07-19,132,54,1,1.85,6.935714285714285,21.84714285714286,91.23428571428569
Centre,2020-07-26,2020-07-20,2020-07-26,0,0,0,,5.921428571428572,22.13714285714286,90.38714285714286
Centre,2020-08-02,2020-07-27,2020-08-02,52,0,0,,4.424285714285715,22.287142857142857,90.46000000000001
Centre,2020-08-09,2020-08-03,2020-08-09,93,40,2,5.0,1.9371428571428573,22.33857142857143,87.93571428571428
Centre,2020-08-16,2020-08-10,2020-08-16,51,32,0,0.0,2.4771428571428578,23.415714285714284,87.06714285714285
Centre,2020-08-23,2020-08-17,2020-08-23,146,51,0,0.0,17.154285714285717,22.442857142857143,93.17
Centre,2020-08-30,2020-08-24,2020-08-30,42,21,0,0.0,3.3457142857142856,22.182857142857138,90.60142857142856
Centre,2020-09-06,2020-08-31,2020-09-06,53,0,0,,6.538571428571428,22.610000000000003,89.64714285714285
Centre,2020-09-13,2020-09-07,2020-09-13,50,25,0,0.0,7.592857142857144,22.62,89.96428571428571
Centre,2020-09-20,2020-09-14,2020-09-20,224,148,2,1.35,15.530000000000001,22.481428571428573,90.92857142857143
Centre,2020-09-27,2020-09-21,2020-09-27,62,0,0,,7.244285714285715,22.12714285714286,90.58285714285714
Centre,2020-10-04,2020-09-28,2020-10-04,58,33,0,0.0,5.027142857142857,22.171428571428574,91.79999999999998
Centre,2020-10-11,2020-10-05,2020-10-11,81,51,1,1.96,4.465714285714285,22.791428571428572,87.7942857142857
Centre,2020-10-18,2020-10-12,2020-10-18,107,27,0,0.0,4.859999999999999,22.40142857142857,91.52857142857142
Centre,2020-11-01,2020-10-26,2020-11-01,0,0,0,,8.764285714285714,23.045714285714286,89.4557142857143
Centre,2020-11-08,2020-11-02,2020-11-08,0,0,0,,5.0442857142857145,23.377142857142854,89.94714285714288
Centre,2020-11-15,2020-11-09,2020-11-15,0,0,0,,4.1971428571428575,23.274285714285718,85.0942857142857
Centre,2020-11-22,2020-11-16,2020-11-22,0,0,0,,0.48571428571428577,23.51142857142857,81.40857142857143
Centre,2020-11-29,2020-11-23,2020-11-29,0,0,0,,0.4742857142857142,23.465714285714284,82.53428571428572
(Centre|Far North|Littoral|North|South-West|West),2010-10-03,2010-05-06,2010-10-03,7869,3777,302,8.0,,,
Far North,2010-10-03,2010-05-06,2010-10-03,7633,2164,76,3.51,4.630662251655629,27.48503311258278,72.30635761589404
Centre,2018-09-03,2018-08-27,2018-09-03,94,53,1,1.89,6.945,22.40875,89.51125
North,2018-09-03,2018-05-18,2018-09-03,179,19,1,5.26,9.437614678899083,26.174587155963305,78.5137614678899
Littoral,2018-10-16,2018-10-12,2018-10-16,45,26,0,0.0,10.280000000000001,25.46,89.37
(Littoral|North),2018-10-16,2018-10-12,2018-10-16,39,16,0,0.0,,,
North,2018-10-16,2018-10-12,2018-10-16,68,33,2,6.06,0.366,26.310000000000002,77.14000000000001
Centre,2018-10-16,2018-08-27,2018-10-16,0,0,0,,8.628823529411765,22.984313725490193,88.47039215686274
Far North,2018-10-23,2018-10-19,2018-10-23,58,0,1,,0.044,26.830000000000002,66.384
Centre,2018-10-23,2018-08-27,2018-10-23,52,20,0,0.0,7.968620689655173,23.04534482758621,88.51586206896552
Littoral,2018-10-23,2018-10-11,2018-10-23,0,0,0,,6.2761538461538455,26.035384615384615,88.40615384615383
North,2018-10-23,2018-05-18,2018-10-23,19,5,0,0.0,7.787924528301888,26.15584905660377,79.0433962264151
(Centre|Littoral|North),2018-10-12,2018-05-18,2018-10-12,470,45,3,6.67,,,
North,2018-10-12,2018-05-18,2018-10-12,0,0,0,,8.328581081081081,26.119054054054054,79.2343918918919
Centre,2018-10-12,2018-05-18,2018-10-12,49,4,0,0.0,6.276486486486487,23.068716216216217,87.8933108108108
Littoral,2018-10-12,2018-05-18,2018-10-12,0,0,0,,9.391351351351352,25.46641891891892,89.4458783783784
Far North,2011-08-12,2011-06-01,2011-08-12,144,0,0,,4.187260273972603,28.011643835616436,66.96493150684931
Far North,2018-11-09,2018-11-02,2018-11-09,106,0,0,,0.5187499999999999,27.439999999999998,56.51375
North,2018-11-09,2018-11-02,2018-11-09,28,7,0,0.0,1.1712500000000001,27.08125,71.31
(Far North|North),2018-11-09,2018-10-24,2018-11-09,263,72,5,6.94,,,
Centre,2018-11-09,2018-08-27,2018-11-09,0,0,0,,7.496533333333335,23.118266666666667,88.50013333333332
Littoral,2018-11-09,2018-10-11,2018-11-09,0,0,0,,7.027999999999998,26.311333333333334,87.74366666666668
Adamaoua,2010-01-10,2010-01-04,2010-01-10,0,0,0,0.0,0.0,21.87857142857143,37.47285714285714
Adamaoua,2010-01-17,2010-01-11,2010-01-17,0,0,0,0.0,0.11285714285714286,22.688571428571432,36.92
Adamaoua,2010-01-24,2010-01-18,2010-01-24,0,0,0,0.0,0.0,20.979999999999997,43.64285714285713
Adamaoua,2010-01-31,2010-01-25,2010-01-31,19,0,0,0.0,0.0,24.327142857142857,42.620000000000005
Adamaoua,2010-02-07,2010-02-01,2010-02-07,0,0,0,0.0,0.0,22.90285714285714,37.644285714285715
Adamaoua,2010-02-14,2010-02-08,2010-02-14,24,15,0,0.0,0.0,24.145714285714288,36.82714285714286
Adamaoua,2010-02-21,2010-02-15,2010-02-21,0,0,0,0.0,0.02142857142857143,25.594285714285718,47.16285714285715
Adamaoua,2010-02-28,2010-02-22,2010-02-28,5,3,0,0.0,0.13714285714285715,26.017142857142858,52.19857142857143
Adamaoua,2010-03-07,2010-03-01,2010-03-07,0,0,0,0.0,0.047142857142857146,25.92142857142857,34.191428571428574
Adamaoua,2010-03-14,2010-03-08,2010-03-14,0,0,0,0.0,1.997142857142857,26.31571428571429,58.08428571428572
Adamaoua,2010-03-21,2010-03-15,2010-03-21,54,0,0,0.0,2.0214285714285714,24.954285714285714,59.222857142857144
Adamaoua,2010-03-28,2010-03-22,2010-03-28,74,26,1,3.8461538461538463,0.5642857142857143,23.954285714285714,37.23142857142857
Adamaoua,2010-04-04,2010-03-29,2010-04-04,0,0,0,0.0,0.39428571428571424,26.4,44.00857142857143
Adamaoua,2010-04-11,2010-04-05,2010-04-11,156,46,1,2.1739130434782608,2.757142857142857,25.724285714285713,63.49857142857143
Adamaoua,2010-04-18,2010-04-12,2010-04-18,104,37,0,0.0,8.767142857142856,25.770000000000003,67.78285714285714
Adamaoua,2010-04-25,2010-04-19,2010-04-25,22,13,0,0.0,3.807142857142857,24.467142857142857,77.94714285714285
Adamaoua,2010-05-02,2010-04-26,2010-05-02,0,0,0,0.0,6.225714285714285,23.774285714285714,79.6842857142857
Adamaoua,2010-05-09,2010-05-03,2010-05-09,0,0,0,0.0,4.814285714285714,24.085714285714285,77.93142857142857
Adamaoua,2010-05-16,2010-05-10,2010-05-16,0,0,0,0.0,4.942857142857143,24.672857142857143,76.35428571428572
Adamaoua,2010-05-23,2010-05-17,2010-05-23,0,0,0,0.0,5.1899999999999995,24.064285714285713,78.53285714285714
Adamaoua,2010-05-30,2010-05-24,2010-05-30,66,20,0,0.0,2.8185714285714285,24.567142857142862,75.32571428571428
Adamaoua,2010-06-06,2010-05-31,2010-06-06,0,0,0,0.0,7.071428571428571,22.844285714285714,83.22
Adamaoua,2010-06-13,2010-06-07,2010-06-13,61,0,0,0.0,3.31,23.282857142857143,76.06142857142858
Adamaoua,2010-06-20,2010-06-14,2010-06-20,65,0,0,0.0,5.895714285714286,23.48857142857143,77.33571428571429
Adamaoua,2010-06-27,2010-06-21,2010-06-27,0,0,0,0.0,10.837142857142856,22.90857142857143,82.21571428571428
Adamaoua,2010-07-04,2010-06-28,2010-07-04,98,48,1,2.083333333333333,6.098571428571428,22.587142857142858,80.23
Adamaoua,2010-07-11,2010-07-05,2010-07-11,15,6,0,0.0,6.955714285714286,21.594285714285714,85.72857142857141
Adamaoua,2010-07-18,2010-07-12,2010-07-18,194,95,1,1.0526315789473684,10.267142857142856,21.502857142857145,86.43571428571428
Adamaoua,2010-07-25,2010-07-19,2010-07-25,23,0,0,0.0,9.111428571428572,20.367142857142856,88.34571428571428
Adamaoua,2010-08-01,2010-07-26,2010-08-01,0,0,0,0.0,2.1014285714285714,21.104285714285712,86.72142857142858
Adamaoua,2010-08-08,2010-08-02,2010-08-08,107,39,1,2.564102564102564,5.325714285714286,21.85857142857143,84.82428571428571
Adamaoua,2010-08-15,2010-08-09,2010-08-15,0,0,0,0.0,10.39,20.745714285714286,86.80999999999999
Adamaoua,2010-08-22,2010-08-16,2010-08-22,0,0,0,0.0,19.52714285714286,21.384285714285713,85.78857142857143
Adamaoua,2010-08-29,2010-08-23,2010-08-29,53,5,0,0.0,22.240000000000002,21.021428571428576,89.07428571428571
Adamaoua,2010-09-05,2010-08-30,2010-09-05,0,0,0,0.0,5.49,21.414285714285715,87.86285714285714
Adamaoua,2010-09-12,2010-09-06,2010-09-12,48,25,1,4.0,3.9385714285714286,21.147142857142857,86.72857142857143
Adamaoua,2010-09-19,2010-09-13,2010-09-19,13,6,0,0.0,4.797142857142857,21.631428571428568,83.80428571428571
Adamaoua,2010-09-26,2010-09-20,2010-09-26,19,9,0,0.0,6.161428571428571,21.005714285714284,87.86857142857143
Adamaoua,2010-10-03,2010-09-27,2010-10-03,31,0,0,0.0,6.734285714285714,21.958571428571428,85.09142857142857
Adamaoua,2010-10-10,2010-10-04,2010-10-10,0,0,0,0.0,5.390000000000001,21.795714285714286,82.8157142857143
Adamaoua,2010-10-17,2010-10-11,2010-10-17,0,0,0,0.0,4.511428571428572,21.974285714285717,84.60000000000001
Adamaoua,2010-10-24,2010-10-18,2010-10-24,0,0,0,0.0,6.395714285714284,21.74571428571429,84.81142857142856
Adamaoua,2010-10-31,2010-10-25,2010-10-31,23,8,0,0.0,4.561428571428572,21.788571428571426,83.29857142857144
Adamaoua,2010-11-07,2010-11-01,2010-11-07,36,19,0,0.0,2.5242857142857145,22.16571428571429,80.98285714285714
Adamaoua,2010-11-14,2010-11-08,2010-11-14,0,0,0,0.0,0.8142857142857143,21.978571428571428,71.04857142857142
Adamaoua,2010-11-21,2010-11-15,2010-11-21,49,24,1,4.166666666666666,0.32857142857142857,22.487142857142857,71.62285714285714
Adamaoua,2010-11-28,2010-11-22,2010-11-28,0,0,0,0.0,0.7199999999999999,22.361428571428572,70.26142857142857
Adamaoua,2010-12-05,2010-11-29,2010-12-05,41,0,0,0.0,0.049999999999999996,21.97142857142857,58.357142857142854
Adamaoua,2010-12-12,2010-12-06,2010-12-12,26,13,0,0.0,0.0,19.732857142857142,49.51
Adamaoua,2010-12-19,2010-12-13,2010-12-19,0,0,0,0.0,0.0,20.811428571428568,58.151428571428575
Adamaoua,2010-12-26,2010-12-20,2010-12-26,0,0,0,0.0,0.005714285714285714,20.947142857142858,48.712857142857146
Adamaoua,2011-01-02,2010-12-27,2011-01-02,23,6,0,0.0,0.0,20.125714285714285,46.67714285714286
Adamaoua,2011-01-09,2011-01-03,2011-01-09,34,16,0,0.0,0.0,20.25142857142857,52.58857142857143
Adamaoua,2011-01-16,2011-01-10,2011-01-16,48,0,0,0.0,0.0,18.38571428571429,45.475714285714275
Adamaoua,2011-01-23,2011-01-17,2011-01-23,26,8,0,0.0,0.0,19.594285714285714,45.779999999999994
Adamaoua,2011-01-30,2011-01-24,2011-01-30,0,0,0,0.0,0.0,22.52,41.90571428571428
Adamaoua,2011-02-06,2011-01-31,2011-02-06,0,0,0,0.0,0.13571428571428573,24.525714285714287,50.902857142857144
Adamaoua,2011-02-13,2011-02-07,2011-02-13,0,0,0,0.0,0.04714285714285714,23.714285714285715,43.94
Adamaoua,2011-02-20,2011-02-14,2011-02-20,0,0,0,0.0,0.044285714285714296,24.852857142857147,38.91285714285715
Adamaoua,2011-02-27,2011-02-21,2011-02-27,0,0,0,0.0,0.75,24.31142857142857,53.76142857142857
Adamaoua,2011-03-06,2011-02-28,2011-03-06,0,0,0,0.0,0.1385714285714286,25.768571428571427,48.24999999999999
Adamaoua,2011-03-13,2011-03-07,2011-03-13,0,0,0,0.0,0.0,25.698571428571427,30.962857142857143
Adamaoua,2011-03-20,2011-03-14,2011-03-20,49,16,0,0.0,0.02142857142857143,25.645714285714284,25.694285714285716
Adamaoua,2011-03-27,2011-03-21,2011-03-27,7,3,0,0.0,0.5128571428571428,25.895714285714284,51.44571428571429
Adamaoua,2011-04-03,2011-03-28,2011-04-03,23,14,0,0.0,0.6414285714285715,26.088571428571424,40.089999999999996
Adamaoua,2011-04-10,2011-04-04,2011-04-10,0,0,0,0.0,0.02142857142857143,25.547142857142855,40.74285714285714
Adamaoua,2011-04-17,2011-04-11,2011-04-17,43,13,0,0.0,1.3828571428571428,26.162857142857145,56.65571428571429
Adamaoua,2011-04-24,2011-04-18,2011-04-24,101,15,0,0.0,2.9285714285714284,26.12714285714286,61.73285714285714
Adamaoua,2011-05-01,2011-04-25,2011-05-01,56,17,1,5.88235294117647,1.8657142857142854,24.335714285714285,72.34285714285714
Adamaoua,2011-05-08,2011-05-02,2011-05-08,0,0,0,0.0,2.224285714285714,25.404285714285717,69.3
Adamaoua,2011-05-15,2011-05-09,2011-05-15,70,13,0,0.0,1.7414285714285715,24.532857142857143,71.00285714285714
Adamaoua,2011-05-22,2011-05-16,2011-05-22,0,0,0,0.0,11.612857142857141,24.4,76.29571428571428
Adamaoua,2011-05-29,2011-05-23,2011-05-29,34,0,0,0.0,2.241428571428571,22.68285714285714,81.44714285714285
Adamaoua,2011-06-05,2011-05-30,2011-06-05,87,31,1,3.225806451612903,7.7871428571428565,23.68,79.55
Adamaoua,2011-06-12,2011-06-06,2011-06-12,41,18,0,0.0,1.4142857142857141,23.01142857142857,79.09
Adamaoua,2011-06-19,2011-06-13,2011-06-19,68,0,0,0.0,4.362857142857143,23.36428571428571,77.45142857142856
Adamaoua,2011-06-26,2011-06-20,2011-06-26,44,26,1,3.8461538461538463,6.864285714285714,22.458571428571428,80.03428571428572
Adamaoua,2011-07-03,2011-06-27,2011-07-03,0,0,0,0.0,6.29,22.71285714285714,79.78999999999999
Adamaoua,2011-07-10,2011-07-04,2011-07-10,48,0,0,0.0,6.035714285714286,22.57285714285714,80.61285714285714
Adamaoua,2011-07-17,2011-07-11,2011-07-17,145,0,0,0.0,6.49,21.455714285714286,83.44142857142857
Adamaoua,2011-07-24,2011-07-18,2011-07-24,190,68,3,4.411764705882353,7.952857142857143,21.775714285714287,83.38142857142857
Adamaoua,2011-07-31,2011-07-25,2011-07-31,67,0,0,0.0,3.3857142857142857,21.64428571428572,83.94000000000001
Adamaoua,2011-08-07,2011-08-01,2011-08-07,53,19,0,0.0,10.629999999999999,21.524285714285714,84.50285714285714
Adamaoua,2011-08-14,2011-08-08,2011-08-14,53,23,0,0.0,18.321428571428573,20.334285714285716,87.77714285714286
Adamaoua,2011-08-21,2011-08-15,2011-08-21,111,10,0,0.0,5.314285714285714,20.627142857142854,87.70285714285714
Adamaoua,2011-08-28,2011-08-22,2011-08-28,268,38,0,0.0,6.265714285714286,21.16714285714286,86.15428571428572
Adamaoua,2011-09-04,2011-08-29,2011-09-04,0,0,0,0.0,10.597142857142858,21.077142857142857,85.46285714285715
Adamaoua,2011-09-11,2011-09-05,2011-09-11,204,57,1,1.7543859649122806,7.135714285714286,20.85571428571429,87.86000000000001
Adamaoua,2011-09-18,2011-09-12,2011-09-18,118,13,0,0.0,10.261428571428572,20.641428571428573,88.00714285714285
Adamaoua,2011-09-25,2011-09-19,2011-09-25,22,12,0,0.0,9.824285714285717,21.731428571428573,83.52
Adamaoua,2011-10-02,2011-09-26,2011-10-02,225,96,1,1.0416666666666663,4.42,21.772857142857138,82.50857142857141
Adamaoua,2011-10-09,2011-10-03,2011-10-09,135,29,1,3.4482758620689653,6.581428571428572,22.08857142857143,82.05142857142857
Adamaoua,2011-10-16,2011-10-10,2011-10-16,67,23,0,0.0,6.998571428571429,22.062857142857148,82.19714285714285
Adamaoua,2011-10-23,2011-10-17,2011-10-23,129,39,0,0.0,3.804285714285714,21.687142857142856,82.20571428571428
Adamaoua,2011-10-30,2011-10-24,2011-10-30,0,0,0,0.0,3.561428571428571,21.93857142857143,76.42857142857143
Adamaoua,2011-11-06,2011-10-31,2011-11-06,0,0,0,0.0,0.6728571428571428,22.369999999999997,72.43714285714286
Adamaoua,2011-11-13,2011-11-07,2011-11-13,91,15,0,0.0,0.014285714285714287,22.37,66.73714285714284
Adamaoua,2011-11-20,2011-11-14,2011-11-20,0,0,0,0.0,0.07571428571428572,22.487142857142857,65.48142857142857
Adamaoua,2011-11-27,2011-11-21,2011-11-27,51,32,0,0.0,0.0,20.532857142857146,56.86285714285714
Adamaoua,2011-12-04,2011-11-28,2011-12-04,0,0,0,0.0,0.0,18.71142857142857,51.74714285714286
Adamaoua,2011-12-18,2011-12-12,2011-12-18,0,0,0,0.0,0.0,19.617142857142856,47.45285714285715
Adamaoua,2011-12-25,2011-12-19,2011-12-25,49,17,0,0.0,0.0,20.91142857142857,45.69571428571429
Adamaoua,2012-01-01,2011-12-26,2012-01-01,0,0,0,0.0,0.0,21.66428571428571,43.955714285714286
Adamaoua,2012-01-08,2012-01-02,2012-01-08,28,0,0,0.0,0.0,19.925714285714285,42.47571428571429
Adamaoua,2012-01-15,2012-01-09,2012-01-15,2,1,0,0.0,0.0,19.724285714285713,42.55428571428571
Adamaoua,2012-01-22,2012-01-16,2012-01-22,155,0,0,0.0,0.0,22.09857142857143,40.33142857142858
Adamaoua,2012-01-29,2012-01-23,2012-01-29,58,21,0,0.0,0.0,23.768571428571427,39.76428571428572
Adamaoua,2012-02-05,2012-01-30,2012-02-05,75,41,1,2.4390243902439024,0.0,23.75,35.35
Adamaoua,2012-02-12,2012-02-06,2012-02-12,65,0,0,0.0,0.0014285714285714286,24.150000000000002,30.72857142857143
Adamaoua,2012-02-19,2012-02-13,2012-02-19,24,14,0,0.0,0.6842857142857143,25.222857142857144,46.78285714285715
Adamaoua,2012-02-26,2012-02-20,2012-02-26,0,0,0,0.0,0.39571428571428574,25.63714285714286,43.135714285714286
Adamaoua,2012-03-04,2012-02-27,2012-03-04,88,50,1,2.0,0.02,25.792857142857144,37.402857142857144
Adamaoua,2012-03-11,2012-03-05,2012-03-11,64,33,0,0.0,0.0,25.898571428571426,36.99428571428571
Adamaoua,2012-03-18,2012-03-12,2012-03-18,0,0,0,0.0,0.017142857142857144,26.381428571428568,29.682857142857138
Adamaoua,2012-03-25,2012-03-19,2012-03-25,0,0,0,0.0,0.0,26.099999999999998,24.308571428571433
Adamaoua,2012-04-01,2012-03-26,2012-04-01,276,115,3,2.608695652173913,0.27999999999999997,27.057142857142853,34.81
Adamaoua,2012-04-08,2012-04-02,2012-04-08,96,54,1,1.851851851851852,5.798571428571428,25.764285714285712,61.56571428571429
Adamaoua,2012-04-15,2012-04-09,2012-04-15,106,51,1,1.96078431372549,2.3871428571428566,25.482857142857142,69.10142857142857
Adamaoua,2012-04-22,2012-04-16,2012-04-22,0,0,0,0.0,5.47,23.904285714285717,75.00428571428571
Adamaoua,2012-04-29,2012-04-23,2012-04-29,0,0,0,0.0,0.4985714285714285,25.265714285714285,62.59285714285714
Adamaoua,2012-05-06,2012-04-30,2012-05-06,29,9,0,0.0,4.5842857142857145,25.108571428571427,69.37
Adamaoua,2012-05-13,2012-05-07,2012-05-13,171,97,1,1.0309278350515465,8.904285714285715,23.01142857142857,80.56142857142856
Adamaoua,2012-05-20,2012-05-14,2012-05-20,327,183,5,2.73224043715847,4.2385714285714275,23.369999999999997,76.79857142857142
Adamaoua,2012-05-27,2012-05-21,2012-05-27,0,0,0,0.0,9.411428571428571,22.87285714285714,80.88714285714286
Adamaoua,2012-06-03,2012-05-28,2012-06-03,30,19,0,0.0,9.98857142857143,22.47,81.95857142857142
Adamaoua,2012-06-10,2012-06-04,2012-06-10,0,0,0,0.0,7.361428571428571,22.66857142857143,81.00714285714287
Adamaoua,2012-06-17,2012-06-11,2012-06-17,25,13,0,0.0,5.357142857142857,22.215714285714284,82.27857142857144
Adamaoua,2012-06-24,2012-06-18,2012-06-24,0,0,0,0.0,5.192857142857143,22.46,78.40714285714284
Adamaoua,2012-07-01,2012-06-25,2012-07-01,182,90,1,1.1111111111111112,9.672857142857142,20.935714285714287,84.80428571428571
Adamaoua,2012-07-08,2012-07-02,2012-07-08,0,0,0,0.0,8.43,20.51285714285714,87.30571428571429
Adamaoua,2012-07-15,2012-07-09,2012-07-15,5,2,0,0.0,7.301428571428572,21.192857142857143,86.22
Adamaoua,2012-07-22,2012-07-16,2012-07-22,44,0,0,0.0,3.62,21.07428571428571,86.87857142857145
Adamaoua,2012-07-29,2012-07-23,2012-07-29,37,10,0,0.0,3.742857142857143,20.81142857142857,86.17571428571429
Adamaoua,2012-08-05,2012-07-30,2012-08-05,228,81,2,2.469135802469136,11.285714285714286,21.08285714285714,88.48857142857142
Adamaoua,2012-08-12,2012-08-06,2012-08-12,0,0,0,0.0,6.9142857142857155,20.844285714285718,87.28714285714285
Adamaoua,2012-08-19,2012-08-13,2012-08-19,0,0,0,0.0,12.161428571428573,20.584285714285716,88.62285714285714
Adamaoua,2012-08-26,2012-08-20,2012-08-26,0,0,0,0.0,10.111428571428572,20.44,86.63714285714285
Adamaoua,2012-09-02,2012-08-27,2012-09-02,57,30,0,0.0,12.16,21.03857142857143,86.85857142857142
Adamaoua,2012-09-09,2012-09-03,2012-09-09,0,0,0,0.0,13.768571428571429,20.580000000000002,88.06142857142858
Adamaoua,2012-09-16,2012-09-10,2012-09-16,108,28,1,3.571428571428571,17.475714285714286,20.93285714285714,86.78999999999999
Adamaoua,2012-09-23,2012-09-17,2012-09-23,68,45,1,2.2222222222222223,16.032857142857143,20.907142857142855,87.56142857142858
Adamaoua,2012-09-30,2012-09-24,2012-09-30,0,0,0,0.0,4.194285714285714,21.052857142857142,87.57142857142857
Adamaoua,2012-10-07,2012-10-01,2012-10-07,0,0,0,0.0,10.0,21.42571428571429,86.60714285714286
Adamaoua,2012-10-14,2012-10-08,2012-10-14,114,47,0,0.0,4.821428571428571,21.844285714285718,83.42714285714285
Adamaoua,2012-10-21,2012-10-15,2012-10-21,231,50,1,2.0,5.331428571428572,21.704285714285714,85.34714285714286
Adamaoua,2012-10-28,2012-10-22,2012-10-28,47,0,0,0.0,2.5442857142857145,21.641428571428573,83.82571428571428
Adamaoua,2012-11-04,2012-10-29,2012-11-04,120,25,0,0.0,0.7885714285714285,21.89428571428571,74.34285714285714
Adamaoua,2012-11-11,2012-11-05,2012-11-11,0,0,0,0.0,2.38,21.468571428571426,82.0542857142857
Adamaoua,2012-11-18,2012-11-12,2012-11-18,0,0,0,0.0,0.12285714285714287,21.970000000000002,75.43857142857144
Adamaoua,2012-11-25,2012-11-19,2012-11-25,0,0,0,0.0,0.5728571428571428,22.044285714285714,71.61142857142856
Adamaoua,2012-12-02,2012-11-26,2012-12-02,0,0,0,0.0,0.12285714285714286,21.148571428571433,70.90428571428572
Adamaoua,2012-12-09,2012-12-03,2012-12-09,47,7,1,14.285714285714285,0.009999999999999998,21.714285714285715,61.478571428571435
Adamaoua,2012-12-16,2012-12-10,2012-12-16,30,17,0,0.0,0.0,21.08857142857143,59.14857142857142
Adamaoua,2012-12-23,2012-12-17,2012-12-23,54,17,0,0.0,0.0,20.15285714285714,56.31285714285714
Adamaoua,2012-12-30,2012-12-24,2012-12-30,32,0,0,0.0,0.0,19.02,50.712857142857146
Adamaoua,2013-01-06,2012-12-31,2013-01-06,32,0,0,0.0,0.0,20.244285714285716,49.38428571428572
Adamaoua,2013-01-13,2013-01-07,2013-01-13,0,0,0,0.0,0.0,20.147142857142857,52.00428571428571
Adamaoua,2013-01-20,2013-01-14,2013-01-20,40,17,0,0.0,0.012857142857142857,23.315714285714286,47.14857142857143
Adamaoua,2013-01-27,2013-01-21,2013-01-27,43,17,0,0.0,0.16714285714285712,24.402857142857147,57.132857142857155
Adamaoua,2013-02-03,2013-01-28,2013-02-03,53,26,0,0.0,0.014285714285714287,20.41857142857143,47.709999999999994
Adamaoua,2013-02-10,2013-02-04,2013-02-10,0,0,0,0.0,0.0,23.45714285714286,45.57857142857142
Adamaoua,2013-02-17,2013-02-11,2013-02-17,0,0,0,0.0,0.0014285714285714286,24.65857142857143,37.769999999999996
Adamaoua,2013-02-24,2013-02-18,2013-02-24,2,0,0,0.0,0.0,25.344285714285714,39.69571428571429
Adamaoua,2013-03-03,2013-02-25,2013-03-03,0,0,0,0.0,0.11285714285714286,26.541428571428565,46.99571428571428
Adamaoua,2013-03-10,2013-03-04,2013-03-10,62,0,0,0.0,0.011428571428571429,26.032857142857143,55.95142857142857
Adamaoua,2013-03-17,2013-03-11,2013-03-17,0,0,0,0.0,0.7885714285714286,25.73142857142857,60.64857142857142
Adamaoua,2013-03-24,2013-03-18,2013-03-24,103,60,1,1.6666666666666667,0.10857142857142858,25.612857142857145,59.26571428571429
Adamaoua,2013-03-31,2013-03-25,2013-03-31,35,9,0,0.0,3.4628571428571426,24.252857142857142,70.44857142857143
Adamaoua,2013-04-07,2013-04-01,2013-04-07,0,0,0,0.0,3.008571428571429,25.064285714285717,64.71714285714286
Adamaoua,2013-04-14,2013-04-08,2013-04-14,0,0,0,0.0,5.457142857142857,24.194285714285716,72.06571428571428
Adamaoua,2013-04-21,2013-04-15,2013-04-21,43,0,0,0.0,0.9199999999999999,24.888571428571428,65.53999999999999
Adamaoua,2013-04-28,2013-04-22,2013-04-28,152,96,2,2.083333333333333,7.558571428571428,23.50428571428571,73.45142857142856
Adamaoua,2013-05-05,2013-04-29,2013-05-05,0,0,0,0.0,5.965714285714285,23.71285714285714,76.59857142857142
Adamaoua,2013-05-12,2013-05-06,2013-05-12,23,0,0,0.0,3.4957142857142856,23.307142857142857,79.02999999999999
Adamaoua,2013-05-19,2013-05-13,2013-05-19,135,46,1,2.1739130434782608,3.291428571428572,23.917142857142856,74.36714285714287
Adamaoua,2013-05-26,2013-05-20,2013-05-26,0,0,0,0.0,5.145714285714286,23.57,78.48857142857142
Adamaoua,2013-06-02,2013-05-27,2013-06-02,0,0,0,0.0,8.731428571428571,23.19,79.32000000000001
Adamaoua,2013-06-09,2013-06-03,2013-06-09,60,16,0,0.0,9.475714285714286,22.705714285714286,80.16857142857143
Adamaoua,2013-06-16,2013-06-10,2013-06-16,33,0,0,0.0,5.048571428571428,23.118571428571425,78.32142857142857
Adamaoua,2013-06-23,2013-06-17,2013-06-23,101,18,0,0.0,4.024285714285714,22.921428571428574,78.41857142857143
Adamaoua,2013-06-30,2013-06-24,2013-06-30,92,60,0,0.0,3.0242857142857145,21.89428571428571,82.80142857142857
Adamaoua,2013-07-07,2013-07-01,2013-07-07,103,15,0,0.0,13.535714285714286,21.60571428571429,82.56857142857143
Adamaoua,2013-07-14,2013-07-08,2013-07-14,0,0,0,0.0,7.234285714285713,21.391428571428573,81.59571428571428
Adamaoua,2013-07-21,2013-07-15,2013-07-21,0,0,0,0.0,14.051428571428572,21.662857142857142,83.76142857142857
Adamaoua,2013-07-28,2013-07-22,2013-07-28,21,11,0,0.0,11.568571428571426,21.315714285714286,87.15571428571427
Adamaoua,2013-08-04,2013-07-29,2013-08-04,33,1,0,0.0,15.732857142857144,20.052857142857142,88.08142857142857
Adamaoua,2013-08-11,2013-08-05,2013-08-11,96,0,1,0.0,12.174285714285714,20.775714285714287,88.56428571428572
Adamaoua,2013-08-18,2013-08-12,2013-08-18,134,75,1,1.3333333333333337,7.79,21.077142857142857,89.47714285714287
Adamaoua,2013-08-25,2013-08-19,2013-08-25,0,0,0,0.0,11.00285714285714,20.541428571428572,87.7742857142857
Adamaoua,2013-09-01,2013-08-26,2013-09-01,0,0,0,0.0,11.811428571428573,20.694285714285716,87.93285714285715
Adamaoua,2013-09-08,2013-09-02,2013-09-08,0,0,0,0.0,8.565714285714284,20.967142857142854,86.98571428571428
Adamaoua,2013-09-15,2013-09-09,2013-09-15,40,25,0,0.0,9.847142857142856,21.01142857142857,87.37142857142855
Adamaoua,2013-09-22,2013-09-16,2013-09-22,145,60,1,1.6666666666666667,11.25,22.177142857142854,83.41714285714285
Adamaoua,2013-09-29,2013-09-23,2013-09-29,0,0,0,0.0,18.017142857142858,21.38571428571429,87.04857142857144
Adamaoua,2013-10-06,2013-09-30,2013-10-06,185,0,0,0.0,9.995714285714286,21.615714285714287,85.36571428571428
Adamaoua,2013-10-13,2013-10-07,2013-10-13,0,0,0,0.0,3.997142857142857,21.19857142857143,86.32285714285713
Adamaoua,2013-10-20,2013-10-14,2013-10-20,36,21,1,4.761904761904762,4.609999999999999,21.759999999999998,84.32714285714287
Adamaoua,2013-10-27,2013-10-21,2013-10-27,0,0,0,0.0,1.7785714285714285,21.788571428571426,78.74571428571429
Adamaoua,2013-11-03,2013-10-28,2013-11-03,76,6,0,0.0,0.1357142857142857,21.49142857142857,76.86714285714285
Adamaoua,2013-11-10,2013-11-04,2013-11-10,0,0,0,0.0,0.004285714285714286,21.91,61.16571428571429
Adamaoua,2013-11-17,2013-11-11,2013-11-17,25,13,0,0.0,0.05285714285714286,22.201428571428572,73.46571428571428
Adamaoua,2013-11-24,2013-11-18,2013-11-24,0,0,0,0.0,0.01,22.68,72.12142857142858
Adamaoua,2013-12-01,2013-11-25,2013-12-01,0,0,0,0.0,0.11857142857142858,22.557142857142857,67.00142857142858
Adamaoua,2013-12-08,2013-12-02,2013-12-08,90,0,0,0.0,0.5742857142857144,22.84714285714286,70.63285714285715
Adamaoua,2013-12-15,2013-12-09,2013-12-15,22,0,0,0.0,0.09,19.95714285714286,67.78142857142858
Adamaoua,2013-12-22,2013-12-16,2013-12-22,0,0,0,0.0,0.0,18.520000000000003,55.90857142857142
Adamaoua,2013-12-29,2013-12-23,2013-12-29,0,0,0,0.0,0.0,22.031428571428567,53.247142857142855
Adamaoua,2014-01-05,2013-12-30,2014-01-05,116,40,1,2.5,0.0,20.528571428571432,44.28285714285715
Adamaoua,2014-01-12,2014-01-06,2014-01-12,0,0,0,0.0,0.0,19.89428571428571,45.11571428571428
Adamaoua,2014-01-19,2014-01-13,2014-01-19,0,0,0,0.0,0.0,21.982857142857142,46.39000000000001
Adamaoua,2014-01-26,2014-01-20,2014-01-26,78,24,0,0.0,0.0,22.678571428571427,36.248571428571424
Adamaoua,2014-02-02,2014-01-27,2014-02-02,0,0,0,0.0,0.011428571428571429,23.497142857142858,43.855714285714285
Adamaoua,2014-02-09,2014-02-03,2014-02-09,0,0,0,0.0,0.0,22.845714285714287,42.08714285714286
Adamaoua,2014-02-16,2014-02-10,2014-02-16,95,0,0,0.0,0.0,22.017142857142858,36.432857142857145
Adamaoua,2014-02-23,2014-02-17,2014-02-23,32,17,0,0.0,0.0,23.91714285714286,30.639999999999997
Adamaoua,2014-03-02,2014-02-24,2014-03-02,76,39,0,0.0,1.1514285714285715,25.297142857142855,53.15142857142858
Adamaoua,2014-03-09,2014-03-03,2014-03-09,128,38,1,2.631578947368421,0.01714285714285714,24.96142857142857,46.83285714285715
Adamaoua,2014-03-16,2014-03-10,2014-03-16,54,17,0,0.0,0.09,25.335714285714285,35.68857142857143
Adamaoua,2014-03-23,2014-03-17,2014-03-23,102,31,0,0.0,0.8814285714285715,26.89428571428572,36.81285714285714
Adamaoua,2014-03-30,2014-03-24,2014-03-30,0,0,0,0.0,5.112857142857143,25.07857142857143,68.74999999999999
Adamaoua,2014-04-06,2014-03-31,2014-04-06,0,0,0,0.0,0.25857142857142856,25.461428571428574,59.105714285714285
Adamaoua,2014-04-13,2014-04-07,2014-04-13,24,0,0,0.0,1.3728571428571428,25.148571428571426,65.38857142857144
Adamaoua,2014-04-20,2014-04-14,2014-04-20,0,0,0,0.0,4.107142857142857,24.812857142857144,69.20857142857143
Adamaoua,2014-04-27,2014-04-21,2014-04-27,0,0,0,0.0,8.241428571428571,23.574285714285715,79.38
Adamaoua,2014-05-04,2014-04-28,2014-05-04,96,22,1,4.545454545454546,15.457142857142857,23.41714285714286,81.15285714285714
Adamaoua,2014-05-11,2014-05-05,2014-05-11,54,32,0,0.0,4.591428571428572,22.91857142857143,83.14714285714285
Adamaoua,2014-05-18,2014-05-12,2014-05-18,196,45,1,2.2222222222222223,4.462857142857143,23.078571428571426,76.96428571428571
Adamaoua,2014-05-25,2014-05-19,2014-05-25,0,0,0,0.0,2.0700000000000003,24.26,74.33142857142856
Adamaoua,2014-06-01,2014-05-26,2014-06-01,0,0,0,0.0,9.154285714285715,23.395714285714284,78.26714285714284
Adamaoua,2014-06-08,2014-06-02,2014-06-08,0,0,0,0.0,11.260000000000002,23.01142857142857,81.42714285714285
Adamaoua,2014-06-15,2014-06-09,2014-06-15,30,14,0,0.0,4.4,23.125714285714285,81.62428571428572
Adamaoua,2014-06-22,2014-06-16,2014-06-22,185,66,1,1.5151515151515151,6.594285714285715,22.84142857142857,82.37142857142858
Adamaoua,2014-06-29,2014-06-23,2014-06-29,62,0,0,0.0,6.641428571428572,22.301428571428573,82.9157142857143
Adamaoua,2014-07-06,2014-06-30,2014-07-06,0,0,0,0.0,8.28142857142857,22.368571428571425,83.00285714285715
Adamaoua,2014-07-13,2014-07-07,2014-07-13,0,0,0,0.0,3.4357142857142855,22.16,81.26714285714286
Adamaoua,2014-07-20,2014-07-14,2014-07-20,9,5,0,0.0,3.704285714285714,22.217142857142854,81.62285714285714
Adamaoua,2014-07-27,2014-07-21,2014-07-27,0,0,0,0.0,6.674285714285714,21.732857142857142,84.61428571428571
Adamaoua,2014-08-03,2014-07-28,2014-08-03,0,0,0,0.0,8.117142857142857,21.585714285714285,84.95285714285716
Adamaoua,2014-08-10,2014-08-04,2014-08-10,0,0,0,0.0,9.187142857142858,20.81714285714286,86.39285714285714
Adamaoua,2014-08-17,2014-08-11,2014-08-17,40,10,0,0.0,7.1985714285714275,20.415714285714284,87.22285714285714
Adamaoua,2014-08-24,2014-08-18,2014-08-24,0,0,0,0.0,8.535714285714286,20.212857142857143,88.63285714285715
Adamaoua,2014-08-31,2014-08-25,2014-08-31,0,0,0,0.0,5.188571428571429,21.494285714285716,85.0557142857143
Adamaoua,2014-09-07,2014-09-01,2014-09-07,122,21,0,0.0,10.634285714285713,20.142857142857142,88.33571428571429
Adamaoua,2014-09-14,2014-09-08,2014-09-14,58,25,1,4.0,7.174285714285714,21.277142857142856,85.04714285714286
Adamaoua,2014-09-21,2014-09-15,2014-09-21,46,0,0,0.0,11.142857142857142,21.365714285714287,84.64857142857143
Adamaoua,2014-09-28,2014-09-22,2014-09-28,0,0,0,0.0,11.161428571428571,21.442857142857143,83.68571428571428
Adamaoua,2014-10-05,2014-09-29,2014-10-05,26,0,0,0.0,7.381428571428572,21.46,85.26285714285713
Adamaoua,2014-10-12,2014-10-06,2014-10-12,25,15,0,0.0,3.4285714285714284,21.962857142857143,84.72857142857143
Adamaoua,2014-10-19,2014-10-13,2014-10-19,0,0,0,0.0,5.167142857142857,21.71857142857143,84.65428571428572
Adamaoua,2014-10-26,2014-10-20,2014-10-26,0,0,0,0.0,1.2542857142857144,22.051428571428573,78.53428571428572
Adamaoua,2014-11-02,2014-10-27,2014-11-02,136,0,0,0.0,0.5257142857142857,22.215714285714284,78.56714285714285
Adamaoua,2014-11-09,2014-11-03,2014-11-09,0,0,0,0.0,0.2442857142857143,22.582857142857144,76.02000000000001
Adamaoua,2014-11-16,2014-11-10,2014-11-16,0,0,0,0.0,0.26857142857142857,23.022857142857145,70.81714285714285
Adamaoua,2014-11-23,2014-11-17,2014-11-23,0,0,0,0.0,0.03571428571428571,21.884285714285713,63.19571428571427
Adamaoua,2014-11-30,2014-11-24,2014-11-30,14,5,0,0.0,0.0071428571428571435,21.528571428571432,64.31428571428572
Adamaoua,2014-12-07,2014-12-01,2014-12-07,25,0,0,0.0,0.0,21.565714285714286,53.442857142857136
Adamaoua,2014-12-14,2014-12-08,2014-12-14,189,65,1,1.5384615384615383,0.002857142857142857,22.04714285714286,49.59571428571428
Adamaoua,2014-12-21,2014-12-15,2014-12-21,0,0,0,0.0,0.0,20.99285714285714,46.637142857142855
Adamaoua,2014-12-28,2014-12-22,2014-12-28,0,0,0,0.0,0.0,19.735714285714288,48.07857142857143
Adamaoua,2015-01-04,2014-12-29,2015-01-04,139,40,1,2.5,0.0,20.204285714285714,45.42714285714286
Adamaoua,2015-01-11,2015-01-05,2015-01-11,56,14,0,0.0,0.0,16.32857142857143,42.615714285714276
Adamaoua,2015-01-18,2015-01-12,2015-01-18,230,60,2,3.333333333333333,0.0,17.982857142857142,39.11714285714286
Adamaoua,2015-01-25,2015-01-19,2015-01-25,44,0,1,0.0,0.0,22.368571428571432,33.25
Adamaoua,2015-02-01,2015-01-26,2015-02-01,15,0,0,0.0,0.0,23.150000000000002,36.75
Adamaoua,2015-02-08,2015-02-02,2015-02-08,39,0,0,0.0,0.0,25.49857142857143,37.08428571428572
Adamaoua,2015-02-15,2015-02-09,2015-02-15,0,0,0,0.0,0.0,24.88,31.034285714285716
Adamaoua,2015-02-22,2015-02-16,2015-02-22,26,0,0,0.0,0.05714285714285715,25.70142857142857,43.80142857142857
Adamaoua,2015-03-01,2015-02-23,2015-03-01,0,0,0,0.0,0.0,24.657142857142855,35.537142857142854
Adamaoua,2015-03-08,2015-03-02,2015-03-08,0,0,0,0.0,0.015714285714285715,25.148571428571426,36.45142857142857
Adamaoua,2015-03-15,2015-03-09,2015-03-15,0,0,0,0.0,0.0014285714285714286,26.52857142857143,44.35142857142857
Adamaoua,2015-03-22,2015-03-16,2015-03-22,53,22,0,0.0,0.0071428571428571435,27.749999999999996,47.06428571428571
Adamaoua,2015-03-29,2015-03-23,2015-03-29,0,0,0,0.0,1.2685714285714285,26.434285714285718,60.40285714285714
Adamaoua,2015-04-05,2015-03-30,2015-04-05,0,0,0,0.0,0.10571428571428572,25.805714285714288,43.901428571428575
Adamaoua,2015-04-12,2015-04-06,2015-04-12,47,19,0,0.0,2.2471428571428573,25.297142857142862,63.67857142857144
Adamaoua,2015-04-19,2015-04-13,2015-04-19,0,0,0,0.0,0.011428571428571429,25.861428571428572,41.25142857142857
Adamaoua,2015-04-26,2015-04-20,2015-04-26,0,0,0,0.0,0.8471428571428572,26.387142857142855,48.51428571428571
Adamaoua,2015-05-03,2015-04-27,2015-05-03,0,0,0,0.0,2.9771428571428573,26.58571428571429,53.694285714285705
Adamaoua,2015-05-10,2015-05-04,2015-05-10,0,0,0,0.0,3.298571428571428,24.93142857142857,67.12
Adamaoua,2015-05-17,2015-05-11,2015-05-17,29,0,0,0.0,7.574285714285714,23.868571428571425,77.44142857142857
Adamaoua,2015-05-24,2015-05-18,2015-05-24,0,0,0,0.0,12.59,23.62857142857143,80.98
Adamaoua,2015-05-31,2015-05-25,2015-05-31,97,40,0,0.0,6.542857142857144,23.220000000000002,80.33571428571429
Adamaoua,2015-06-07,2015-06-01,2015-06-07,0,0,0,0.0,7.6971428571428575,23.257142857142856,80.09428571428573
Adamaoua,2015-06-14,2015-06-08,2015-06-14,0,0,0,0.0,3.89,22.842857142857145,79.13571428571427
Adamaoua,2015-06-21,2015-06-15,2015-06-21,39,21,0,0.0,4.112857142857143,23.045714285714286,79.5442857142857
Adamaoua,2015-06-28,2015-06-22,2015-06-28,0,0,0,0.0,11.10714285714286,22.514285714285712,80.54571428571428
Adamaoua,2015-07-05,2015-06-29,2015-07-05,0,0,0,0.0,7.657142857142858,22.139999999999997,84.73285714285714
Adamaoua,2015-07-12,2015-07-06,2015-07-12,44,0,0,0.0,4.4314285714285715,22.898571428571426,81.1857142857143
Adamaoua,2015-07-19,2015-07-13,2015-07-19,0,0,0,0.0,9.547142857142857,22.55,83.66285714285716
Adamaoua,2015-07-26,2015-07-20,2015-07-26,102,46,1,2.1739130434782608,9.922857142857142,21.712857142857143,85.59714285714287
Adamaoua,2015-08-02,2015-07-27,2015-08-02,38,20,0,0.0,8.9,21.174285714285713,87.61285714285714
Adamaoua,2015-08-09,2015-08-03,2015-08-09,5,1,0,0.0,15.077142857142857,21.298571428571428,87.12571428571428
Adamaoua,2015-08-16,2015-08-10,2015-08-16,43,17,0,0.0,11.781428571428572,21.88571428571429,86.92
Adamaoua,2015-08-23,2015-08-17,2015-08-23,104,66,2,3.0303030303030303,9.245714285714286,21.647142857142857,85.00142857142858
Adamaoua,2015-08-30,2015-08-24,2015-08-30,116,46,1,2.1739130434782608,16.87857142857143,21.50857142857143,87.11
Adamaoua,2015-09-06,2015-08-31,2015-09-06,170,100,1,1.0,18.59857142857143,21.717142857142854,85.91857142857144
Adamaoua,2015-09-13,2015-09-07,2015-09-13,79,42,0,0.0,5.008571428571428,21.95,85.17142857142858
Adamaoua,2015-09-20,2015-09-14,2015-09-20,0,0,0,0.0,14.204285714285716,21.56142857142857,86.85714285714286
Adamaoua,2015-09-27,2015-09-21,2015-09-27,75,24,0,0.0,2.4771428571428573,21.902857142857147,84.07571428571428
Adamaoua,2015-10-04,2015-09-28,2015-10-04,0,0,0,0.0,8.912857142857144,22.118571428571425,83.92142857142858
Adamaoua,2015-10-11,2015-10-05,2015-10-11,91,50,0,0.0,3.829999999999999,22.03142857142857,84.04857142857144
Adamaoua,2015-10-18,2015-10-12,2015-10-18,55,15,0,0.0,5.047142857142857,22.665714285714284,81.43571428571428
Adamaoua,2015-10-25,2015-10-19,2015-10-25,75,0,1,0.0,3.5685714285714285,22.154285714285717,82.31428571428572
Adamaoua,2015-11-01,2015-10-26,2015-11-01,22,0,0,0.0,3.307142857142857,21.58857142857143,87.31142857142858
Adamaoua,2015-11-08,2015-11-02,2015-11-08,122,31,0,0.0,0.7628571428571428,22.178571428571427,78.80999999999999
Adamaoua,2015-11-15,2015-11-09,2015-11-15,37,0,0,0.0,0.011428571428571429,21.55857142857143,71.42571428571429
Adamaoua,2015-11-22,2015-11-16,2015-11-22,52,0,0,0.0,0.0,21.352857142857143,65.23142857142857
Adamaoua,2015-11-29,2015-11-23,2015-11-29,0,0,0,0.0,0.0,21.387142857142855,60.46
Adamaoua,2015-12-06,2015-11-30,2015-12-06,0,0,0,0.0,0.0,19.710000000000004,59.26714285714286
Adamaoua,2015-12-13,2015-12-07,2015-12-13,35,0,0,0.0,0.0,18.648571428571426,56.371428571428574
Adamaoua,2015-12-20,2015-12-14,2015-12-20,0,0,0,0.0,0.0,17.855714285714285,48.50857142857143
Adamaoua,2015-12-27,2015-12-21,2015-12-27,0,0,0,0.0,0.0,18.220000000000002,53.48142857142857
Adamaoua,2016-01-10,2016-01-04,2016-01-10,38,22,0,0.0,0.0,21.574285714285715,44.86428571428571
Adamaoua,2016-01-17,2016-01-11,2016-01-17,15,3,0,0.0,0.0,21.83857142857143,38.38142857142857
Adamaoua,2016-01-24,2016-01-18,2016-01-24,0,0,0,0.0,0.0,20.107142857142858,38.79428571428572
Adamaoua,2016-01-31,2016-01-25,2016-01-31,0,0,0,0.0,0.0,18.231428571428573,42.739999999999995
Adamaoua,2016-02-07,2016-02-01,2016-02-07,23,6,0,0.0,0.0,21.53142857142857,41.03857142857142
Adamaoua,2016-02-14,2016-02-08,2016-02-14,0,0,0,0.0,0.0,20.759999999999998,34.96285714285714
Adamaoua,2016-02-21,2016-02-15,2016-02-21,0,0,0,0.0,0.0,25.042857142857144,30.58571428571429
Adamaoua,2016-02-28,2016-02-22,2016-02-28,10,4,0,0.0,0.0,25.052857142857142,31.69857142857143
Adamaoua,2016-03-06,2016-02-29,2016-03-06,76,37,1,2.702702702702702,0.015714285714285715,27.400000000000002,45.21428571428571
Adamaoua,2016-03-13,2016-03-07,2016-03-13,235,125,2,1.6,0.5171428571428571,27.16142857142857,52.395714285714284
Adamaoua,2016-03-20,2016-03-14,2016-03-20,0,0,0,0.0,1.0985714285714285,26.615714285714287,55.64000000000001
Adamaoua,2016-03-27,2016-03-21,2016-03-27,29,8,0,0.0,4.27,26.387142857142862,63.04571428571428
Adamaoua,2016-04-03,2016-03-28,2016-04-03,0,0,0,0.0,0.009999999999999998,26.504285714285714,48.76
Adamaoua,2016-04-10,2016-04-04,2016-04-10,0,0,0,0.0,7.0442857142857145,25.232857142857142,70.03285714285714
Adamaoua,2016-04-17,2016-04-11,2016-04-17,54,30,1,3.333333333333333,3.718571428571429,24.494285714285716,77.03571428571429
Adamaoua,2016-04-24,2016-04-18,2016-04-24,0,0,0,0.0,1.9299999999999997,25.110000000000003,61.06285714285715
Adamaoua,2016-05-01,2016-04-25,2016-05-01,0,0,0,0.0,10.034285714285716,24.10571428571429,79.01142857142857
Adamaoua,2016-05-08,2016-05-02,2016-05-08,250,79,3,3.79746835443038,3.2314285714285718,24.078571428571426,77.95714285714287
Adamaoua,2016-05-15,2016-05-09,2016-05-15,82,32,1,3.125,8.928571428571429,23.898571428571426,79.98142857142857
Adamaoua,2016-05-22,2016-05-16,2016-05-22,36,0,0,0.0,7.441428571428572,23.27,82.58714285714287
Adamaoua,2016-05-29,2016-05-23,2016-05-29,0,0,0,0.0,12.282857142857143,22.80428571428572,82.54714285714286
Adamaoua,2016-06-05,2016-05-30,2016-06-05,27,11,0,0.0,12.984285714285715,22.994285714285713,81.08285714285715
Adamaoua,2016-06-12,2016-06-06,2016-06-12,84,28,0,0.0,9.212857142857144,23.33428571428571,83.46571428571428
Adamaoua,2016-06-19,2016-06-13,2016-06-19,0,0,0,0.0,7.47,22.104285714285712,82.11714285714285
Adamaoua,2016-06-26,2016-06-20,2016-06-26,76,38,1,2.631578947368421,6.961428571428571,21.29285714285714,85.93142857142857
Adamaoua,2016-07-03,2016-06-27,2016-07-03,0,0,0,0.0,6.9557142857142855,21.908571428571427,85.68714285714285
Adamaoua,2016-07-10,2016-07-04,2016-07-10,0,0,0,0.0,7.667142857142856,22.142857142857142,84.80857142857143
Adamaoua,2016-07-17,2016-07-11,2016-07-17,38,23,1,4.3478260869565215,10.09,20.64428571428571,89.0342857142857
Adamaoua,2016-07-24,2016-07-18,2016-07-24,0,0,0,0.0,10.467142857142857,21.060000000000002,88.32285714285715
Adamaoua,2016-07-31,2016-07-25,2016-07-31,0,0,0,0.0,16.39428571428571,20.822857142857142,89.01285714285714
Adamaoua,2016-08-07,2016-08-01,2016-08-07,0,0,0,0.0,7.2700000000000005,21.599999999999998,86.75999999999999
Adamaoua,2016-08-14,2016-08-08,2016-08-14,65,0,0,0.0,15.492857142857144,21.240000000000002,88.73571428571428
Adamaoua,2016-08-21,2016-08-15,2016-08-21,0,0,0,0.0,6.848571428571428,21.901428571428575,84.21285714285715
Adamaoua,2016-08-28,2016-08-22,2016-08-28,0,0,0,0.0,16.01,21.004285714285714,88.21142857142857
Adamaoua,2016-09-04,2016-08-29,2016-09-04,48,0,0,0.0,29.830000000000002,21.442857142857143,88.46142857142858
Adamaoua,2016-09-11,2016-09-05,2016-09-11,0,0,0,0.0,6.99857142857143,22.17285714285714,87.11714285714285
Adamaoua,2016-09-18,2016-09-12,2016-09-18,150,97,3,3.09278350515464,13.151428571428571,21.384285714285713,86.3442857142857
Adamaoua,2016-09-25,2016-09-19,2016-09-25,105,33,0,0.0,8.432857142857143,21.497142857142858,88.30142857142856
Adamaoua,2016-10-02,2016-09-26,2016-10-02,106,3,0,0.0,6.047142857142857,21.965714285714284,84.85714285714286
Adamaoua,2016-10-09,2016-10-03,2016-10-09,112,0,0,0.0,4.8100000000000005,21.898571428571426,86.50857142857141
Adamaoua,2016-10-16,2016-10-10,2016-10-16,40,21,0,0.0,5.782857142857144,22.472857142857144,82.57428571428571
Adamaoua,2016-10-23,2016-10-17,2016-10-23,101,0,0,0.0,4.658571428571428,22.141428571428573,80.82571428571428
Adamaoua,2016-10-30,2016-10-24,2016-10-30,0,0,0,0.0,1.182857142857143,22.12857142857143,78.95857142857143
Adamaoua,2016-11-06,2016-10-31,2016-11-06,0,0,0,0.0,0.20142857142857143,22.3,76.59857142857143
Adamaoua,2016-11-13,2016-11-07,2016-11-13,0,0,0,0.0,0.0,21.419999999999998,65.55857142857143
Adamaoua,2016-11-20,2016-11-14,2016-11-20,34,19,0,0.0,0.07,22.181428571428572,73.25142857142858
Adamaoua,2016-11-27,2016-11-21,2016-11-27,0,0,0,0.0,0.0,22.527142857142856,68.83857142857144
Adamaoua,2016-12-04,2016-11-28,2016-12-04,16,10,0,0.0,0.008571428571428572,22.384285714285713,58.894285714285715
Adamaoua,2016-12-11,2016-12-05,2016-12-11,40,13,0,0.0,0.0,21.962857142857143,63.97428571428571
Adamaoua,2016-12-18,2016-12-12,2016-12-18,0,0,0,0.0,0.0,21.225714285714286,57.034285714285716
Adamaoua,2016-12-25,2016-12-19,2016-12-25,0,0,0,0.0,0.0,20.740000000000002,54.51571428571429
Adamaoua,2017-01-01,2016-12-26,2017-01-01,8,0,0,0.0,0.0,19.74142857142857,49.02571428571429
Adamaoua,2017-01-08,2017-01-02,2017-01-08,17,0,0,0.0,0.0,20.84142857142857,47.21142857142858
Adamaoua,2017-01-15,2017-01-09,2017-01-15,41,17,0,0.0,0.0,21.512857142857143,46.98
Adamaoua,2017-01-22,2017-01-16,2017-01-22,27,0,0,0.0,0.0014285714285714286,23.727142857142855,43.15714285714286
Adamaoua,2017-01-29,2017-01-23,2017-01-29,0,0,0,0.0,0.0,23.982857142857146,48.72285714285714
Adamaoua,2017-02-05,2017-01-30,2017-02-05,57,0,0,0.0,0.0,22.672857142857143,39.32142857142857
Adamaoua,2017-02-12,2017-02-06,2017-02-12,128,12,0,0.0,0.0,22.794285714285714,34.19571428571429
Adamaoua,2017-02-19,2017-02-13,2017-02-19,0,0,0,0.0,0.0,20.93,37.660000000000004
Adamaoua,2017-02-26,2017-02-20,2017-02-26,78,35,1,2.857142857142857,0.0,23.099999999999998,37.38428571428572
Adamaoua,2017-03-05,2017-02-27,2017-03-05,79,29,0,0.0,0.0014285714285714286,24.689999999999998,30.274285714285707
Adamaoua,2017-03-12,2017-03-06,2017-03-12,63,0,0,0.0,0.0,25.064285714285713,38.02428571428572
Adamaoua,2017-03-19,2017-03-13,2017-03-19,39,14,0,0.0,0.0,26.17428571428571,31.031428571428574
Adamaoua,2017-03-26,2017-03-20,2017-03-26,26,17,0,0.0,0.02428571428571429,26.83428571428571,47.548571428571435
Adamaoua,2017-04-02,2017-03-27,2017-04-02,1,1,0,0.0,0.2928571428571428,26.924285714285713,46.65857142857142
Adamaoua,2017-04-09,2017-04-03,2017-04-09,32,13,0,0.0,0.26571428571428574,27.125714285714288,55.447142857142865
Adamaoua,2017-04-16,2017-04-10,2017-04-16,0,0,0,0.0,5.994285714285715,24.311428571428568,73.70857142857143
Adamaoua,2017-04-23,2017-04-17,2017-04-23,70,0,0,0.0,5.614285714285714,24.282857142857143,73.42285714285715
Adamaoua,2017-04-30,2017-04-24,2017-04-30,0,0,0,0.0,4.565714285714286,24.88857142857143,70.63857142857141
Adamaoua,2017-05-07,2017-05-01,2017-05-07,17,0,0,0.0,11.110000000000001,23.73,78.38857142857144
Adamaoua,2017-05-14,2017-05-08,2017-05-14,91,10,0,0.0,7.3428571428571425,23.521428571428572,78.89999999999999
Adamaoua,2017-05-21,2017-05-15,2017-05-21,0,0,0,0.0,19.74,22.770000000000003,83.90142857142857
Adamaoua,2017-05-28,2017-05-22,2017-05-28,0,0,0,0.0,7.485714285714287,23.228571428571428,81.75714285714287
Adamaoua,2017-06-04,2017-05-29,2017-06-04,102,45,2,4.444444444444445,9.47857142857143,22.957142857142856,84.54857142857142
Adamaoua,2017-06-11,2017-06-05,2017-06-11,131,72,1,1.3888888888888888,3.1342857142857143,23.434285714285718,79.16
Adamaoua,2017-06-18,2017-06-12,2017-06-18,0,0,0,0.0,25.382857142857148,22.062857142857144,85.99571428571427
Adamaoua,2017-06-25,2017-06-19,2017-06-25,0,0,0,0.0,4.827142857142857,22.0,83.47
Adamaoua,2017-07-02,2017-06-26,2017-07-02,127,68,1,1.4705882352941175,5.288571428571428,22.11285714285714,83.7
Adamaoua,2017-07-09,2017-07-03,2017-07-09,31,14,0,0.0,6.652857142857143,21.524285714285714,85.45714285714287
Adamaoua,2017-07-16,2017-07-10,2017-07-16,0,0,0,0.0,9.934285714285712,21.18857142857143,86.74428571428572
Adamaoua,2017-07-23,2017-07-17,2017-07-23,0,0,0,0.0,20.012857142857143,21.81,85.10142857142857
Adamaoua,2017-07-30,2017-07-24,2017-07-30,27,16,0,0.0,7.4871428571428575,21.852857142857143,84.40285714285713
Adamaoua,2017-08-06,2017-07-31,2017-08-06,134,79,1,1.2658227848101269,14.382857142857144,21.40142857142857,87.45714285714284
Adamaoua,2017-08-13,2017-08-07,2017-08-13,0,0,0,0.0,19.465714285714288,21.661428571428576,83.71714285714286
Adamaoua,2017-08-20,2017-08-14,2017-08-20,123,24,0,0.0,4.738571428571428,21.334285714285716,87.2757142857143
Adamaoua,2017-08-27,2017-08-21,2017-08-27,90,48,1,2.083333333333333,21.052857142857142,21.08857142857143,88.52000000000001
Adamaoua,2017-09-03,2017-08-28,2017-09-03,0,0,0,0.0,5.981428571428571,21.029999999999998,87.31285714285715
Adamaoua,2017-09-10,2017-09-04,2017-09-10,32,13,0,0.0,8.79857142857143,21.004285714285714,87.34
Adamaoua,2017-09-17,2017-09-11,2017-09-17,164,61,0,0.0,21.46,21.632857142857144,84.81857142857143
Adamaoua,2017-09-24,2017-09-18,2017-09-24,36,13,0,0.0,17.484285714285715,21.694285714285712,86.98428571428573
Adamaoua,2017-10-01,2017-09-25,2017-10-01,15,8,0,0.0,14.410000000000002,21.635714285714283,86.21285714285715
Adamaoua,2017-10-08,2017-10-02,2017-10-08,40,19,0,0.0,6.7557142857142845,22.302857142857142,84.25857142857144
Adamaoua,2017-10-15,2017-10-09,2017-10-15,0,0,0,0.0,3.675714285714286,22.255714285714287,82.80285714285715
Adamaoua,2017-10-22,2017-10-16,2017-10-22,117,37,0,0.0,0.9614285714285715,22.388571428571428,82.73571428571428
Adamaoua,2017-10-29,2017-10-23,2017-10-29,33,10,0,0.0,0.07571428571428572,22.24571428571429,78.1942857142857
Adamaoua,2017-11-05,2017-10-30,2017-11-05,20,4,0,0.0,1.25,22.062857142857144,79.16999999999999
Adamaoua,2017-11-12,2017-11-06,2017-11-12,32,0,0,0.0,0.1285714285714286,22.032857142857143,72.89714285714285
Adamaoua,2017-11-19,2017-11-13,2017-11-19,56,17,0,0.0,4.121428571428571,22.768571428571423,75.37
Adamaoua,2017-11-26,2017-11-20,2017-11-26,0,0,0,0.0,0.05714285714285714,21.65285714285714,69.99714285714286
Adamaoua,2017-12-03,2017-11-27,2017-12-03,41,10,0,0.0,0.0,21.104285714285712,63.3657142857143
Adamaoua,2017-12-10,2017-12-04,2017-12-10,43,18,0,0.0,0.0,21.29,60.19714285714286
Adamaoua,2017-12-17,2017-12-11,2017-12-17,0,0,0,0.0,0.0,21.634285714285713,61.31857142857143
Adamaoua,2017-12-24,2017-12-18,2017-12-24,0,0,0,0.0,0.0,22.254285714285714,56.498571428571424
Adamaoua,2017-12-31,2017-12-25,2017-12-31,19,9,0,0.0,0.0,20.185714285714283,52.964285714285715
Adamaoua,2018-08-26,2018-08-20,2018-08-26,44,0,0,0.0,10.925714285714283,20.43857142857143,91.13571428571429
Adamaoua,2019-12-29,2018-12-31,2019-12-29,0,0,0,0.0,5.264148351648351,22.60585164835165,71.21881868131868
Centre,2010-01-10,2010-01-04,2010-01-10,118,0,0,0.0,2.9499999999999997,22.927142857142858,62.724285714285706
Centre,2010-01-17,2010-01-11,2010-01-17,54,31,0,0.0,0.6742857142857143,23.587142857142858,68.61428571428573
Centre,2010-01-24,2010-01-18,2010-01-24,0,0,0,0.0,0.6428571428571429,23.93142857142857,56.87571428571429
Centre,2010-01-31,2010-01-25,2010-01-31,93,55,1,1.818181818181818,1.1042857142857143,26.184285714285714,67.21142857142857
Centre,2010-02-07,2010-02-01,2010-02-07,0,0,0,0.0,2.157142857142857,25.46857142857143,66.44857142857141
Centre,2010-02-14,2010-02-08,2010-02-14,103,42,0,0.0,2.1599999999999997,25.49285714285714,70.99285714285715
Centre,2010-02-21,2010-02-15,2010-02-21,10,0,0,0.0,0.41571428571428576,26.341428571428573,73.36285714285714
Centre,2010-02-28,2010-02-22,2010-02-28,66,14,0,0.0,4.928571428571429,25.870000000000005,79.46142857142857
Centre,2010-03-07,2010-03-01,2010-03-07,208,100,1,1.0,2.382857142857143,26.17285714285714,73.85428571428572
Centre,2010-03-14,2010-03-08,2010-03-14,147,48,1,2.083333333333333,6.244285714285715,24.762857142857147,85.57571428571428
Centre,2010-03-21,2010-03-15,2010-03-21,64,36,0,0.0,6.66857142857143,24.175714285714285,85.98571428571428
Centre,2010-03-28,2010-03-22,2010-03-28,24,12,0,0.0,3.09,24.032857142857143,79.27428571428571
Centre,2010-04-04,2010-03-29,2010-04-04,107,17,0,0.0,3.425714285714286,25.080000000000002,82.84857142857143
Centre,2010-04-11,2010-04-05,2010-04-11,346,70,1,1.4285714285714286,6.28142857142857,24.712857142857143,84.86
Centre,2010-04-18,2010-04-12,2010-04-18,210,32,1,3.125,5.7299999999999995,25.48428571428571,84.81714285714285
Centre,2010-04-25,2010-04-19,2010-04-25,0,0,0,0.0,7.707142857142857,24.47142857142857,88.97857142857143
Centre,2010-05-02,2010-04-26,2010-05-02,346,163,3,1.8404907975460123,5.998571428571428,24.16857142857143,88.73142857142857
Centre,2010-05-09,2010-05-03,2010-05-09,170,73,1,1.36986301369863,4.5114285714285725,24.24285714285714,87.69571428571429
Centre,2010-05-16,2010-05-10,2010-05-16,447,112,1,0.8928571428571428,4.7,24.50142857142857,87.64142857142858
Centre,2010-05-23,2010-05-17,2010-05-23,329,153,3,1.96078431372549,5.248571428571428,24.3,88.15857142857143
Centre,2010-05-30,2010-05-24,2010-05-30,285,127,1,0.7874015748031495,3.051428571428571,24.654285714285717,86.09
Centre,2010-06-06,2010-05-31,2010-06-06,77,17,0,0.0,6.545714285714285,23.432857142857138,88.88142857142859
Centre,2010-06-13,2010-06-07,2010-06-13,177,81,1,1.2345679012345678,1.5485714285714285,24.37857142857143,83.19000000000001
Centre,2010-06-20,2010-06-14,2010-06-20,374,138,3,2.1739130434782608,6.0,23.861428571428572,85.45142857142856
Centre,2010-06-27,2010-06-21,2010-06-27,384,130,2,1.5384615384615383,11.377142857142857,23.139999999999997,89.88285714285715
Centre,2010-07-04,2010-06-28,2010-07-04,200,100,0,0.0,5.834285714285714,23.167142857142856,88.28999999999999
Centre,2010-07-11,2010-07-05,2010-07-11,297,168,3,1.7857142857142856,6.840000000000001,22.458571428571425,89.89714285714285
Centre,2010-07-18,2010-07-12,2010-07-18,213,126,3,2.380952380952381,3.9699999999999998,22.78571428571428,88.22142857142858
Centre,2010-07-25,2010-07-19,2010-07-25,215,100,2,2.0,8.355714285714285,22.072857142857142,90.69571428571429
Centre,2010-08-01,2010-07-26,2010-08-01,202,85,2,2.3529411764705883,2.2614285714285716,22.548571428571424,88.40857142857142
Centre,2010-08-08,2010-08-02,2010-08-08,381,102,2,1.96078431372549,5.420000000000001,22.974285714285717,88.53857142857143
Centre,2010-08-15,2010-08-09,2010-08-15,112,10,0,0.0,8.117142857142857,22.288571428571426,88.65142857142857
Centre,2010-08-22,2010-08-16,2010-08-22,703,338,6,1.7751479289940828,10.624285714285715,22.547142857142855,89.22285714285714
Centre,2010-08-29,2010-08-23,2010-08-29,144,55,0,0.0,4.811428571428571,22.695714285714285,89.61714285714285
Centre,2010-09-05,2010-08-30,2010-09-05,143,40,0,0.0,3.337142857142857,22.642857142857142,88.94857142857144
Centre,2010-09-12,2010-09-06,2010-09-12,202,18,1,5.555555555555555,4.237142857142856,22.162857142857142,89.63571428571429
Centre,2010-09-19,2010-09-13,2010-09-19,169,20,0,0.0,3.7614285714285716,22.9,86.24714285714286
Centre,2010-09-26,2010-09-20,2010-09-26,662,301,7,2.3255813953488373,10.467142857142859,22.497142857142855,89.71571428571428
Centre,2010-10-03,2010-09-27,2010-10-03,403,130,2,1.5384615384615383,4.602857142857142,23.259999999999998,87.87571428571428
Centre,2010-10-10,2010-10-04,2010-10-10,383,51,1,1.96078431372549,4.581428571428572,23.33428571428571,86.88285714285715
Centre,2010-10-17,2010-10-11,2010-10-17,156,28,0,0.0,8.327142857142857,22.919999999999998,87.61
Centre,2010-10-24,2010-10-18,2010-10-24,575,129,2,1.550387596899225,9.752857142857144,22.45,91.65
Centre,2010-10-31,2010-10-25,2010-10-31,555,234,7,2.9914529914529915,7.185714285714285,23.444285714285716,86.30142857142857
Centre,2010-11-07,2010-11-01,2010-11-07,76,22,0,0.0,8.134285714285713,23.154285714285713,87.10857142857142
Centre,2010-11-14,2010-11-08,2010-11-14,198,18,0,0.0,3.895714285714285,23.67285714285714,84.67857142857143
Centre,2010-11-21,2010-11-15,2010-11-21,126,44,0,0.0,2.454285714285714,23.28142857142857,85.75142857142858
Centre,2010-11-28,2010-11-22,2010-11-28,83,39,1,2.564102564102564,2.2671428571428573,23.295714285714286,85.92142857142858
Centre,2010-12-05,2010-11-29,2010-12-05,247,60,1,1.6666666666666667,2.28,23.215714285714284,79.31285714285714
Centre,2010-12-12,2010-12-06,2010-12-12,117,19,0,0.0,0.2542857142857143,21.86714285714286,71.92571428571429
Centre,2010-12-19,2010-12-13,2010-12-19,19,5,0,0.0,0.027142857142857142,22.548571428571428,74.62142857142858
Centre,2010-12-26,2010-12-20,2010-12-26,0,0,0,0.0,1.012857142857143,21.849999999999998,75.36
Centre,2011-01-02,2010-12-27,2011-01-02,58,20,0,0.0,0.015714285714285715,21.765714285714285,73.17714285714285
Centre,2011-01-09,2011-01-03,2011-01-09,35,12,0,0.0,0.39714285714285713,22.009999999999998,73.18285714285715
Centre,2011-01-16,2011-01-10,2011-01-16,117,43,0,0.0,0.027142857142857142,21.054285714285715,66.82571428571428
Centre,2011-01-23,2011-01-17,2011-01-23,41,21,0,0.0,0.04142857142857143,21.732857142857142,65.17428571428572
Centre,2011-01-30,2011-01-24,2011-01-30,102,12,0,0.0,0.0,23.69857142857143,65.68285714285715
Centre,2011-02-06,2011-01-31,2011-02-06,61,20,0,0.0,0.6071428571428571,24.375714285714285,77.17999999999999
Centre,2011-02-13,2011-02-07,2011-02-13,38,0,0,0.0,0.3228571428571429,24.550000000000004,72.27857142857144
Centre,2011-02-20,2011-02-14,2011-02-20,105,13,1,7.6923076923076925,1.5185714285714287,24.67285714285714,78.11857142857141
Centre,2011-02-27,2011-02-21,2011-02-27,294,150,3,2.0,2.54,23.905714285714286,80.09142857142855
Centre,2011-03-06,2011-02-28,2011-03-06,307,131,3,2.2900763358778624,2.255714285714286,24.527142857142856,80.50571428571429
Centre,2011-03-13,2011-03-07,2011-03-13,205,72,1,1.3888888888888888,1.275714285714286,25.55,77.54857142857144
Centre,2011-03-20,2011-03-14,2011-03-20,274,72,2,2.7777777777777777,0.6257142857142857,25.75571428571428,73.45
Centre,2011-03-27,2011-03-21,2011-03-27,654,276,9,3.260869565217391,4.3028571428571425,24.095714285714283,83.00714285714287
Centre,2011-04-03,2011-03-28,2011-04-03,594,150,2,1.3333333333333337,1.8314285714285712,24.797142857142855,80.60714285714286
Centre,2011-04-10,2011-04-04,2011-04-10,644,195,4,2.051282051282051,4.587142857142857,24.354285714285716,82.03
Centre,2011-04-17,2011-04-11,2011-04-17,764,202,4,1.98019801980198,4.42,24.821428571428573,82.51571428571428
Centre,2011-04-24,2011-04-18,2011-04-24,765,257,4,1.556420233463035,4.792857142857143,24.04857142857143,88.51857142857143
Centre,2011-05-01,2011-04-25,2011-05-01,373,77,1,1.2987012987012987,2.571428571428572,23.970000000000002,87.07714285714285
Centre,2011-05-08,2011-05-02,2011-05-08,520,141,2,1.4184397163120568,4.332857142857143,24.35571428571428,86.76571428571428
Centre,2011-05-15,2011-05-09,2011-05-15,319,108,1,0.9259259259259258,4.791428571428571,24.165714285714284,86.44714285714284
Centre,2011-05-22,2011-05-16,2011-05-22,540,147,3,2.0408163265306123,4.281428571428571,24.118571428571425,88.51857142857143
Centre,2011-05-29,2011-05-23,2011-05-29,547,195,3,1.5384615384615383,4.452857142857142,23.29714285714286,87.72571428571429
Centre,2011-06-05,2011-05-30,2011-06-05,727,133,4,3.007518796992481,4.831428571428572,23.974285714285713,88.46857142857142
Centre,2011-06-12,2011-06-06,2011-06-12,204,54,1,1.851851851851852,1.4299999999999997,23.96142857142857,84.60857142857142
Centre,2011-06-19,2011-06-13,2011-06-19,479,142,4,2.8169014084507045,5.438571428571429,24.224285714285713,84.48000000000002
Centre,2011-06-26,2011-06-20,2011-06-26,617,201,3,1.4925373134328357,4.25,22.962857142857143,88.61
Centre,2011-07-03,2011-06-27,2011-07-03,117,66,0,0.0,5.607142857142857,22.94,88.32714285714289
Centre,2011-07-10,2011-07-04,2011-07-10,646,282,5,1.773049645390071,5.171428571428571,23.451428571428572,87.16
Centre,2011-07-17,2011-07-11,2011-07-17,545,179,4,2.23463687150838,3.4514285714285715,22.7,86.08428571428571
Centre,2011-07-24,2011-07-18,2011-07-24,664,338,7,2.071005917159764,6.622857142857143,22.891428571428573,87.22285714285715
Centre,2011-07-31,2011-07-25,2011-07-31,425,89,0,0.0,3.914285714285714,22.48857142857143,86.25000000000001
Centre,2011-08-07,2011-08-01,2011-08-07,799,75,2,2.666666666666667,9.725714285714286,22.352857142857147,90.64285714285714
Centre,2011-08-14,2011-08-08,2011-08-14,1222,658,11,1.6717325227963524,9.101428571428572,22.148571428571433,90.22
Centre,2011-08-21,2011-08-15,2011-08-21,319,165,4,2.4242424242424243,7.317142857142857,22.09,88.7757142857143
Centre,2011-08-28,2011-08-22,2011-08-28,336,125,3,2.4,8.862857142857143,22.390000000000004,88.86571428571429
Centre,2011-09-04,2011-08-29,2011-09-04,659,242,3,1.2396694214876034,10.024285714285712,22.03,90.85857142857144
Centre,2011-09-11,2011-09-05,2011-09-11,802,168,3,1.7857142857142856,7.204285714285713,22.351428571428574,90.73428571428572
Centre,2011-09-18,2011-09-12,2011-09-18,1179,487,9,1.8480492813141685,15.84,21.927142857142858,92.63142857142857
Centre,2011-09-25,2011-09-19,2011-09-25,583,205,5,2.4390243902439024,5.748571428571428,22.97142857142857,86.4057142857143
Centre,2011-10-02,2011-09-26,2011-10-02,514,142,2,1.4084507042253522,6.627142857142857,22.814285714285717,87.77285714285715
Centre,2011-10-09,2011-10-03,2011-10-09,810,269,9,3.3457249070631967,5.498571428571429,23.430000000000003,86.46428571428571
Centre,2011-10-16,2011-10-10,2011-10-16,882,248,6,2.419354838709677,10.094285714285714,22.774285714285718,90.34142857142858
Centre,2011-10-23,2011-10-17,2011-10-23,597,206,6,2.912621359223301,7.2057142857142855,23.047142857142855,88.4814285714286
Centre,2011-10-30,2011-10-24,2011-10-30,574,246,5,2.032520325203252,5.03,22.72142857142857,87.50999999999999
Centre,2011-11-06,2011-10-31,2011-11-06,327,123,2,1.6260162601626018,1.3057142857142858,23.298571428571428,86.04714285714286
Centre,2011-11-13,2011-11-07,2011-11-13,280,77,3,3.896103896103896,0.8242857142857142,23.58857142857143,84.62428571428572
Centre,2011-11-20,2011-11-14,2011-11-20,341,151,3,1.9867549668874167,0.12571428571428572,23.63714285714286,82.85142857142857
Centre,2011-11-27,2011-11-21,2011-11-27,224,65,0,0.0,0.7342857142857142,22.45,77.82428571428571
Centre,2011-12-04,2011-11-28,2011-12-04,43,22,0,0.0,0.011428571428571429,20.67142857142857,71.48
Centre,2011-12-18,2011-12-12,2011-12-18,169,81,2,2.469135802469136,0.09428571428571429,21.29571428571429,69.85857142857144
Centre,2011-12-25,2011-12-19,2011-12-25,83,43,0,0.0,0.06142857142857144,22.404285714285713,68.68428571428572
Centre,2012-01-01,2011-12-26,2012-01-01,49,0,0,0.0,0.011428571428571429,22.444285714285716,70.38142857142857
Centre,2012-01-08,2012-01-02,2012-01-08,10,0,0,0.0,0.1157142857142857,22.07857142857143,61.75714285714285
Centre,2012-01-15,2012-01-09,2012-01-15,68,28,0,0.0,0.40714285714285714,22.60571428571429,61.220000000000006
Centre,2012-01-22,2012-01-16,2012-01-22,191,8,0,0.0,0.12571428571428572,23.731428571428573,66.87857142857143
Centre,2012-01-29,2012-01-23,2012-01-29,27,4,0,0.0,0.025714285714285714,24.85285714285714,69.75857142857143
Centre,2012-02-05,2012-01-30,2012-02-05,153,76,1,1.3157894736842104,0.2757142857142857,24.964285714285715,68.55999999999999
Centre,2012-02-12,2012-02-06,2012-02-12,71,18,0,0.0,0.7914285714285716,24.88857142857143,70.92428571428572
Centre,2012-02-19,2012-02-13,2012-02-19,276,128,2,1.5625,1.887142857142857,24.767142857142858,77.36285714285714
Centre,2012-02-26,2012-02-20,2012-02-26,84,41,1,2.4390243902439024,3.7642857142857147,24.324285714285715,79.44714285714285
Centre,2012-03-04,2012-02-27,2012-03-04,165,36,0,0.0,0.6128571428571429,24.202857142857145,79.69428571428571
Centre,2012-03-11,2012-03-05,2012-03-11,77,25,0,0.0,0.48,24.84142857142857,75.63285714285715
Centre,2012-03-18,2012-03-12,2012-03-18,186,43,0,0.0,1.8942857142857144,25.038571428571426,77.99428571428571
Centre,2012-03-25,2012-03-19,2012-03-25,133,26,0,0.0,0.3885714285714286,25.351428571428567,75.06428571428572
Centre,2012-04-01,2012-03-26,2012-04-01,188,59,1,1.694915254237288,3.174285714285714,25.240000000000002,78.77285714285713
Centre,2012-04-08,2012-04-02,2012-04-08,259,64,1,1.5625,2.931428571428571,25.004285714285714,82.61714285714287
Centre,2012-04-15,2012-04-09,2012-04-15,80,7,0,0.0,6.892857142857143,24.40142857142857,86.16857142857143
Centre,2012-04-22,2012-04-16,2012-04-22,224,83,1,1.2048192771084338,8.177142857142858,23.47142857142857,87.64285714285714
Centre,2012-04-29,2012-04-23,2012-04-29,243,85,2,2.3529411764705883,3.8942857142857146,24.362857142857145,84.72857142857141
Centre,2012-05-06,2012-04-30,2012-05-06,123,67,2,2.985074626865672,4.557142857142858,24.240000000000002,86.3342857142857
Centre,2012-05-13,2012-05-07,2012-05-13,69,34,0,0.0,4.094285714285714,23.337142857142855,87.59428571428573
Centre,2012-05-20,2012-05-14,2012-05-20,115,65,2,3.076923076923077,5.024285714285715,23.678571428571434,86.31142857142858
Centre,2012-05-27,2012-05-21,2012-05-27,304,63,1,1.5873015873015872,3.124285714285715,23.481428571428573,86.91142857142856
Centre,2012-06-03,2012-05-28,2012-06-03,212,102,2,1.96078431372549,6.427142857142856,23.898571428571433,84.11857142857141
Centre,2012-06-10,2012-06-04,2012-06-10,72,33,0,0.0,3.754285714285714,23.684285714285714,86.03999999999999
Centre,2012-06-17,2012-06-11,2012-06-17,629,258,6,2.3255813953488373,5.037142857142858,24.072857142857142,83.09142857142855
Centre,2012-06-24,2012-06-18,2012-06-24,159,19,0,0.0,8.578571428571427,22.69571428571428,89.52285714285713
Centre,2012-07-01,2012-06-25,2012-07-01,251,87,2,2.2988505747126435,11.737142857142858,21.879999999999995,90.62714285714287
Centre,2012-07-08,2012-07-02,2012-07-08,229,0,0,0.0,7.26,21.895714285714284,90.11428571428573
Centre,2012-07-15,2012-07-09,2012-07-15,133,16,0,0.0,4.382857142857143,22.448571428571427,89.52142857142857
Centre,2012-07-22,2012-07-16,2012-07-22,124,12,0,0.0,2.7028571428571424,22.5,88.09
Centre,2012-07-29,2012-07-23,2012-07-29,199,64,1,1.5625,1.2214285714285715,22.50714285714286,86.02142857142856
Centre,2012-08-05,2012-07-30,2012-08-05,185,95,1,1.0526315789473684,6.191428571428571,22.384285714285717,89.65857142857143
Centre,2012-08-12,2012-08-06,2012-08-12,150,84,1,1.1904761904761905,4.11,22.315714285714282,88.7057142857143
Centre,2012-08-19,2012-08-13,2012-08-19,574,144,5,3.4722222222222223,9.362857142857141,21.99571428571429,90.25142857142858
Centre,2012-08-26,2012-08-20,2012-08-26,123,52,1,1.9230769230769231,9.394285714285715,21.594285714285718,88.63285714285715
Centre,2012-09-02,2012-08-27,2012-09-02,156,65,1,1.5384615384615383,10.214285714285714,22.305714285714288,90.73428571428572
Centre,2012-09-09,2012-09-03,2012-09-09,283,87,1,1.1494252873563218,9.37857142857143,21.735714285714284,91.12
Centre,2012-09-16,2012-09-10,2012-09-16,437,162,1,0.6172839506172839,10.241428571428571,22.349999999999998,90.01714285714286
Centre,2012-09-23,2012-09-17,2012-09-23,192,97,2,2.061855670103093,6.377142857142857,22.495714285714286,88.70857142857143
Centre,2012-09-30,2012-09-24,2012-09-30,242,126,3,2.380952380952381,8.125714285714285,22.454285714285714,89.12
Centre,2012-10-07,2012-10-01,2012-10-07,225,63,0,0.0,12.744285714285715,22.63857142857143,88.81428571428572
Centre,2012-10-14,2012-10-08,2012-10-14,316,141,1,0.7092198581560284,5.927142857142859,23.192857142857147,86.43857142857142
Centre,2012-10-21,2012-10-15,2012-10-21,117,11,0,0.0,7.745714285714286,22.757142857142856,91.01857142857143
Centre,2012-10-28,2012-10-22,2012-10-28,328,156,2,1.282051282051282,5.015714285714286,23.027142857142856,87.84
Centre,2012-11-04,2012-10-29,2012-11-04,139,47,1,2.127659574468085,5.9314285714285715,22.662857142857145,86.80285714285716
Centre,2012-11-11,2012-11-05,2012-11-11,290,121,1,0.8264462809917356,8.794285714285714,23.02714285714286,87.98285714285714
Centre,2012-11-18,2012-11-12,2012-11-18,45,26,0,0.0,1.5014285714285713,23.63571428571429,85.9157142857143
Centre,2012-11-25,2012-11-19,2012-11-25,0,0,0,0.0,2.8700000000000006,23.695714285714285,84.62428571428573
Centre,2012-12-02,2012-11-26,2012-12-02,252,100,2,2.0,1.4871428571428569,23.419999999999995,81.5
Centre,2012-12-09,2012-12-03,2012-12-09,85,14,0,0.0,1.3242857142857145,23.62857142857143,81.62428571428572
Centre,2012-12-16,2012-12-10,2012-12-16,2,1,0,0.0,0.15142857142857144,23.124285714285715,75.89714285714285
Centre,2012-12-23,2012-12-17,2012-12-23,147,69,1,1.4492753623188406,0.0014285714285714286,22.315714285714282,74.52857142857144
Centre,2012-12-30,2012-12-24,2012-12-30,157,39,1,2.564102564102564,0.06285714285714286,21.76142857142857,70.44714285714286
Centre,2013-01-06,2012-12-31,2013-01-06,162,90,0,0.0,0.42000000000000004,22.435714285714283,68.92857142857143
Centre,2013-01-13,2013-01-07,2013-01-13,83,35,0,0.0,0.16142857142857145,22.747142857142858,68.99857142857142
Centre,2013-01-20,2013-01-14,2013-01-20,30,19,0,0.0,0.25428571428571434,24.375714285714285,75.16857142857144
Centre,2013-01-27,2013-01-21,2013-01-27,102,28,0,0.0,0.4928571428571429,24.782857142857143,82.26142857142857
Centre,2013-02-03,2013-01-28,2013-02-03,126,55,0,0.0,0.8242857142857142,22.94142857142857,69.08
Centre,2013-02-10,2013-02-04,2013-02-10,171,79,0,0.0,0.16142857142857145,24.771428571428576,69.9057142857143
Centre,2013-02-17,2013-02-11,2013-02-17,24,0,0,0.0,0.16,24.88,77.18857142857144
Centre,2013-02-24,2013-02-18,2013-02-24,8,4,0,0.0,0.7357142857142857,25.36428571428571,76.70857142857142
Centre,2013-03-03,2013-02-25,2013-03-03,173,31,0,0.0,1.7114285714285715,25.395714285714284,80.38285714285713
Centre,2013-03-10,2013-03-04,2013-03-10,71,35,1,2.857142857142857,2.424285714285714,25.111428571428572,82.18999999999998
Centre,2013-03-17,2013-03-11,2013-03-17,172,0,0,0.0,7.885714285714286,24.13285714285714,84.17
Centre,2013-03-24,2013-03-18,2013-03-24,114,37,1,2.702702702702702,3.4428571428571426,23.921428571428574,84.78857142857143
Centre,2013-03-31,2013-03-25,2013-03-31,50,24,0,0.0,3.712857142857143,23.627142857142854,86.65714285714284
Centre,2013-04-07,2013-04-01,2013-04-07,174,44,1,2.272727272727273,3.355714285714286,24.231428571428573,85.1942857142857
Centre,2013-04-14,2013-04-08,2013-04-14,202,28,0,0.0,6.411428571428571,24.104285714285716,86.61
Centre,2013-04-21,2013-04-15,2013-04-21,131,28,0,0.0,3.604285714285715,23.84714285714286,86.77857142857142
Centre,2013-04-28,2013-04-22,2013-04-28,57,30,1,3.333333333333333,5.597142857142857,23.567142857142862,88.5657142857143
Centre,2013-05-05,2013-04-29,2013-05-05,168,58,1,1.7241379310344829,3.642857142857143,24.16142857142857,85.66285714285712
Centre,2013-05-12,2013-05-06,2013-05-12,67,42,1,2.380952380952381,4.3742857142857146,23.808571428571433,87.70142857142858
Centre,2013-05-19,2013-05-13,2013-05-19,400,70,0,0.0,5.587142857142857,24.214285714285715,85.78142857142858
Centre,2013-05-26,2013-05-20,2013-05-26,55,19,0,0.0,4.468571428571429,24.34714285714286,85.08
Centre,2013-06-02,2013-05-27,2013-06-02,163,74,1,1.351351351351351,6.792857142857144,23.424285714285713,88.02142857142859
Centre,2013-06-09,2013-06-03,2013-06-09,375,109,4,3.669724770642202,5.338571428571428,23.304285714285715,86.70857142857143
Centre,2013-06-16,2013-06-10,2013-06-16,94,32,1,3.125,2.684285714285714,23.655714285714286,85.55857142857143
Centre,2013-06-23,2013-06-17,2013-06-23,81,28,1,3.571428571428571,2.641428571428571,23.735714285714284,86.40142857142857
Centre,2013-06-30,2013-06-24,2013-06-30,497,292,12,4.10958904109589,3.7257142857142855,22.65285714285714,88.78142857142858
Centre,2013-07-07,2013-07-01,2013-07-07,0,0,0,0.0,6.671428571428572,22.14428571428572,91.01285714285716
Centre,2013-07-14,2013-07-08,2013-07-14,243,87,1,1.1494252873563218,5.884285714285715,22.344285714285718,87.66142857142857
Centre,2013-07-21,2013-07-15,2013-07-21,306,68,1,1.4705882352941175,2.922857142857143,22.835714285714285,86.55571428571429
Centre,2013-07-28,2013-07-22,2013-07-28,274,98,1,1.020408163265306,2.3728571428571428,22.294285714285714,88.38428571428572
Centre,2013-08-04,2013-07-29,2013-08-04,323,180,4,2.2222222222222223,4.478571428571429,21.762857142857143,89.06714285714285
Centre,2013-08-11,2013-08-05,2013-08-11,91,43,1,2.3255813953488373,2.844285714285714,22.18285714285714,88.6557142857143
Centre,2013-08-18,2013-08-12,2013-08-18,224,135,2,1.4814814814814816,2.0914285714285716,22.725714285714286,85.30285714285716
Centre,2013-08-25,2013-08-19,2013-08-25,341,126,2,1.5873015873015872,7.792857142857143,22.04285714285714,89.33857142857143
Centre,2013-09-01,2013-08-26,2013-09-01,263,108,1,0.9259259259259258,5.61,22.351428571428574,88.72285714285715
Centre,2013-09-08,2013-09-02,2013-09-08,149,49,0,0.0,7.661428571428572,22.495714285714286,87.63428571428572
Centre,2013-09-15,2013-09-09,2013-09-15,485,98,2,2.0408163265306123,6.304285714285716,22.427142857142858,88.96428571428571
Centre,2013-09-22,2013-09-16,2013-09-22,476,232,4,1.7241379310344829,8.028571428571427,23.012857142857143,89.01142857142857
Centre,2013-09-29,2013-09-23,2013-09-29,265,107,3,2.803738317757009,7.824285714285714,22.705714285714286,89.3742857142857
Centre,2013-10-06,2013-09-30,2013-10-06,262,99,3,3.0303030303030303,8.282857142857143,22.572857142857146,88.99
Centre,2013-10-13,2013-10-07,2013-10-13,263,117,1,0.8547008547008548,7.88857142857143,22.61714285714286,89.30714285714285
Centre,2013-10-20,2013-10-14,2013-10-20,324,127,3,2.3622047244094486,8.34,22.935714285714283,86.50714285714285
Centre,2013-10-27,2013-10-21,2013-10-27,115,0,0,0.0,8.197142857142856,22.60857142857143,87.42285714285713
Centre,2013-11-03,2013-10-28,2013-11-03,53,21,1,4.761904761904762,3.168571428571428,23.365714285714287,84.86857142857141
Centre,2013-11-10,2013-11-04,2013-11-10,126,0,0,0.0,3.9814285714285718,23.1,86.14999999999999
Centre,2013-11-17,2013-11-11,2013-11-17,534,195,4,2.051282051282051,10.414285714285715,23.08857142857143,87.5942857142857
Centre,2013-11-24,2013-11-18,2013-11-24,162,48,1,2.083333333333333,3.9142857142857146,23.565714285714286,85.80571428571429
Centre,2013-12-01,2013-11-25,2013-12-01,232,78,1,1.282051282051282,0.9571428571428572,23.54285714285714,84.96000000000001
Centre,2013-12-08,2013-12-02,2013-12-08,164,62,0,0.0,4.307142857142858,23.357142857142858,85.61714285714285
Centre,2013-12-15,2013-12-09,2013-12-15,102,4,0,0.0,0.9042857142857142,22.095714285714287,81.10857142857144
Centre,2013-12-22,2013-12-16,2013-12-22,47,10,0,0.0,0.0014285714285714286,20.762857142857143,74.79571428571428
Centre,2013-12-29,2013-12-23,2013-12-29,61,22,0,0.0,0.07571428571428573,23.342857142857145,75.28571428571429
Centre,2014-01-05,2013-12-30,2014-01-05,51,20,0,0.0,0.002857142857142857,21.92571428571429,69.33142857142857
Centre,2014-01-12,2014-01-06,2014-01-12,17,6,0,0.0,0.005714285714285714,21.71857142857143,68.07285714285715
Centre,2014-01-19,2014-01-13,2014-01-19,191,64,1,1.5625,0.11714285714285715,23.414285714285715,68.19000000000001
Centre,2014-01-26,2014-01-20,2014-01-26,265,149,3,2.013422818791946,0.22142857142857145,23.467142857142857,65.44000000000001
Centre,2014-02-02,2014-01-27,2014-02-02,9,5,0,0.0,0.1142857142857143,24.484285714285715,76.79285714285713
Centre,2014-02-09,2014-02-03,2014-02-09,95,41,1,2.4390243902439024,0.02857142857142857,24.53142857142857,63.39142857142857
Centre,2014-02-16,2014-02-10,2014-02-16,58,32,1,3.125,0.4585714285714285,23.88285714285714,61.375714285714274
Centre,2014-02-23,2014-02-17,2014-02-23,13,0,0,0.0,0.0,24.83857142857143,57.94571428571429
Centre,2014-03-02,2014-02-24,2014-03-02,121,36,0,0.0,4.307142857142857,24.425714285714285,82.12142857142855
Centre,2014-03-09,2014-03-03,2014-03-09,156,65,0,0.0,1.22,24.694285714285712,77.05714285714285
Centre,2014-03-16,2014-03-10,2014-03-16,447,198,3,1.5151515151515151,3.9871428571428567,25.03857142857143,72.69142857142857
Centre,2014-03-23,2014-03-17,2014-03-23,252,101,2,1.98019801980198,1.2457142857142856,25.292857142857144,78.60285714285715
Centre,2014-03-30,2014-03-24,2014-03-30,92,55,0,0.0,3.025714285714286,24.278571428571432,84.48142857142857
Centre,2014-04-06,2014-03-31,2014-04-06,264,84,2,2.380952380952381,2.2157142857142857,24.315714285714282,84.48142857142857
Centre,2014-04-13,2014-04-07,2014-04-13,53,10,0,0.0,2.052857142857143,24.402857142857147,82.58571428571429
Centre,2014-04-20,2014-04-14,2014-04-20,76,30,0,0.0,6.714285714285714,24.38285714285714,84.27285714285713
Centre,2014-04-27,2014-04-21,2014-04-27,43,12,0,0.0,5.264285714285714,24.081428571428575,86.69857142857143
Centre,2014-05-04,2014-04-28,2014-05-04,229,85,2,2.3529411764705883,6.517142857142857,24.155714285714286,87.98285714285714
Centre,2014-05-11,2014-05-05,2014-05-11,124,49,1,2.0408163265306123,4.990000000000001,23.84571428571428,89.78285714285714
Centre,2014-05-18,2014-05-12,2014-05-18,161,74,1,1.351351351351351,4.838571428571428,23.349999999999998,88.3
Centre,2014-05-25,2014-05-19,2014-05-25,119,46,0,0.0,2.277142857142857,24.481428571428577,84.52285714285715
Centre,2014-06-01,2014-05-26,2014-06-01,270,122,1,0.819672131147541,4.944285714285714,24.224285714285713,84.98
Centre,2014-06-08,2014-06-02,2014-06-08,259,131,3,2.2900763358778624,4.994285714285715,23.699999999999996,86.73857142857142
Centre,2014-06-15,2014-06-09,2014-06-15,123,22,0,0.0,4.21,23.547142857142855,87.45142857142856
Centre,2014-06-22,2014-06-16,2014-06-22,460,200,3,1.5,3.4699999999999998,23.851428571428567,85.64714285714285
Centre,2014-06-29,2014-06-23,2014-06-29,165,0,0,0.0,3.3157142857142854,23.504285714285714,83.91714285714285
Centre,2014-07-06,2014-06-30,2014-07-06,78,17,0,0.0,4.782857142857142,23.659999999999997,85.20571428571428
Centre,2014-07-13,2014-07-07,2014-07-13,39,13,0,0.0,3.151428571428571,23.0,84.88142857142859
Centre,2014-07-20,2014-07-14,2014-07-20,244,145,1,0.6896551724137931,3.3442857142857148,23.43285714285714,84.26571428571428
Centre,2014-07-27,2014-07-21,2014-07-27,155,61,0,0.0,1.9457142857142855,23.428571428571427,82.96571428571428
Centre,2014-08-03,2014-07-28,2014-08-03,356,93,1,1.0752688172043012,2.7800000000000002,23.028571428571432,84.60714285714286
Centre,2014-08-10,2014-08-04,2014-08-10,175,83,1,1.2048192771084338,5.221428571428571,22.761428571428574,86.15714285714287
Centre,2014-08-17,2014-08-11,2014-08-17,217,124,1,0.8064516129032258,6.957142857142857,22.304285714285715,89.00285714285714
Centre,2014-08-24,2014-08-18,2014-08-24,189,62,1,1.6129032258064515,5.524285714285715,22.24142857142857,87.84714285714287
Centre,2014-08-31,2014-08-25,2014-08-31,336,129,3,2.3255813953488373,7.075714285714286,22.827142857142857,88.57714285714285
Centre,2014-09-07,2014-09-01,2014-09-07,282,90,2,2.2222222222222223,4.799999999999999,22.33285714285714,87.67857142857143
Centre,2014-09-14,2014-09-08,2014-09-14,107,37,0,0.0,6.587142857142857,22.524285714285718,88.24285714285713
Centre,2014-09-21,2014-09-15,2014-09-21,45,0,0,0.0,5.134285714285715,22.672857142857143,86.30714285714285
Centre,2014-09-28,2014-09-22,2014-09-28,33,19,0,0.0,10.031428571428572,22.805714285714284,86.80285714285715
Centre,2014-10-05,2014-09-29,2014-10-05,186,85,1,1.1764705882352942,6.0442857142857145,22.324285714285715,88.60857142857142
Centre,2014-10-12,2014-10-06,2014-10-12,475,61,2,3.278688524590164,4.3828571428571435,22.73428571428571,89.81571428571428
Centre,2014-10-19,2014-10-13,2014-10-19,365,133,2,1.5037593984962403,3.422857142857143,22.78857142857143,89.26285714285713
Centre,2014-10-26,2014-10-20,2014-10-26,141,71,2,2.8169014084507045,7.392857142857143,22.867142857142856,88.31285714285715
Centre,2014-11-02,2014-10-27,2014-11-02,408,172,7,4.069767441860465,10.06,22.97142857142857,89.33714285714287
Centre,2014-11-09,2014-11-03,2014-11-09,384,106,3,2.830188679245284,6.805714285714286,23.65857142857143,87.13857142857144
Centre,2014-11-16,2014-11-10,2014-11-16,106,37,1,2.702702702702702,3.2728571428571427,23.818571428571428,85.22
Centre,2014-11-23,2014-11-17,2014-11-23,97,42,0,0.0,2.414285714285714,23.184285714285714,82.32285714285715
Centre,2014-11-30,2014-11-24,2014-11-30,108,30,2,6.666666666666667,0.40857142857142853,23.184285714285714,81.4642857142857
Centre,2014-12-07,2014-12-01,2014-12-07,72,27,0,0.0,0.4557142857142858,23.477142857142855,72.53857142857143
Centre,2014-12-14,2014-12-08,2014-12-14,113,22,0,0.0,0.20428571428571432,23.48,72.41999999999999
Centre,2014-12-21,2014-12-15,2014-12-21,129,44,0,0.0,0.0,22.85571428571429,67.12714285714286
Centre,2014-12-28,2014-12-22,2014-12-28,91,12,0,0.0,0.0014285714285714286,22.444285714285716,63.02857142857142
Centre,2015-01-04,2014-12-29,2015-01-04,0,0,0,0.0,0.04,23.055714285714284,61.52
Centre,2015-01-11,2015-01-05,2015-01-11,0,0,0,0.0,0.002857142857142857,20.654285714285717,55.035714285714285
Centre,2015-01-18,2015-01-12,2015-01-18,39,0,0,0.0,0.014285714285714285,21.86428571428571,52.40000000000001
Centre,2015-01-25,2015-01-19,2015-01-25,95,57,1,1.7543859649122806,0.06571428571428571,24.81142857142857,56.709999999999994
Centre,2015-02-01,2015-01-26,2015-02-01,19,5,0,0.0,0.30857142857142855,25.76142857142857,63.510000000000005
Centre,2015-02-08,2015-02-02,2015-02-08,11,0,0,0.0,0.38571428571428573,25.650000000000002,70.85428571428572
Centre,2015-02-15,2015-02-09,2015-02-15,272,111,2,1.8018018018018016,0.42571428571428566,26.157142857142855,66.39714285714287
Centre,2015-02-22,2015-02-16,2015-02-22,158,48,1,2.083333333333333,1.8314285714285716,26.297142857142855,71.73428571428572
Centre,2015-03-01,2015-02-23,2015-03-01,30,3,0,0.0,0.2914285714285714,24.874285714285715,66.54428571428572
Centre,2015-03-08,2015-03-02,2015-03-08,39,0,0,0.0,1.0857142857142856,26.538571428571426,62.847142857142856
Centre,2015-03-15,2015-03-09,2015-03-15,139,43,0,0.0,1.4199999999999997,26.387142857142855,70.73
Centre,2015-03-22,2015-03-16,2015-03-22,92,0,0,0.0,2.1585714285714284,25.57,78.65428571428572
Centre,2015-03-29,2015-03-23,2015-03-29,176,40,0,0.0,1.9914285714285715,24.892857142857142,81.55999999999999
Centre,2015-04-05,2015-03-30,2015-04-05,259,89,2,2.247191011235955,2.165714285714286,25.184285714285718,72.22714285714285
Centre,2015-04-12,2015-04-06,2015-04-12,366,85,2,2.3529411764705883,7.448571428571428,24.665714285714284,83.93714285714285
Centre,2015-04-19,2015-04-13,2015-04-19,102,19,0,0.0,1.3085714285714285,25.330000000000002,76.67
Centre,2015-04-26,2015-04-20,2015-04-26,328,46,1,2.1739130434782608,4.591428571428572,24.697142857142858,81.78285714285714
Centre,2015-05-03,2015-04-27,2015-05-03,442,85,3,3.5294117647058822,5.835714285714286,24.479999999999997,83.28999999999999
Centre,2015-05-10,2015-05-04,2015-05-10,280,103,2,1.9417475728155336,5.057142857142857,24.101428571428574,86.38142857142859
Centre,2015-05-17,2015-05-11,2015-05-17,110,0,0,0.0,6.2457142857142856,24.25857142857143,86.73857142857143
Centre,2015-05-24,2015-05-18,2015-05-24,59,30,0,0.0,4.185714285714286,24.49142857142857,86.2
Centre,2015-05-31,2015-05-25,2015-05-31,312,60,2,3.333333333333333,6.434285714285715,24.348571428571425,86.17142857142856
Centre,2015-06-07,2015-06-01,2015-06-07,503,150,3,2.0,5.584285714285714,23.562857142857144,88.49142857142856
Centre,2015-06-14,2015-06-08,2015-06-14,499,28,1,3.571428571428571,3.012857142857143,23.55142857142857,85.73142857142857
Centre,2015-06-21,2015-06-15,2015-06-21,165,46,1,2.1739130434782608,6.704285714285715,23.375714285714285,88.78999999999999
Centre,2015-06-28,2015-06-22,2015-06-28,295,149,4,2.684563758389262,4.0442857142857145,23.39142857142857,86.83000000000001
Centre,2015-07-05,2015-06-29,2015-07-05,116,0,0,0.0,8.747142857142858,23.012857142857143,89.73428571428573
Centre,2015-07-12,2015-07-06,2015-07-12,209,137,2,1.45985401459854,6.065714285714286,23.58571428571429,88.84285714285714
Centre,2015-07-19,2015-07-13,2015-07-19,242,90,3,3.333333333333333,6.117142857142857,23.658571428571427,87.24142857142856
Centre,2015-07-26,2015-07-20,2015-07-26,51,0,0,0.0,4.434285714285714,22.834285714285716,88.49285714285715
Centre,2015-08-02,2015-07-27,2015-08-02,613,92,0,0.0,5.905714285714285,22.465714285714288,88.45714285714287
Centre,2015-08-09,2015-08-03,2015-08-09,105,61,1,1.639344262295082,3.9542857142857137,22.975714285714286,87.48428571428572
Centre,2015-08-16,2015-08-10,2015-08-16,120,47,1,2.127659574468085,4.231428571428571,23.06714285714286,88.15714285714286
Centre,2015-08-23,2015-08-17,2015-08-23,130,32,2,6.25,4.715714285714285,23.167142857142856,86.26571428571428
Centre,2015-08-30,2015-08-24,2015-08-30,245,94,1,1.0638297872340423,5.114285714285714,23.092857142857145,87.52142857142859
Centre,2015-09-06,2015-08-31,2015-09-06,340,20,0,0.0,5.578571428571429,23.14428571428571,87.73428571428573
Centre,2015-09-13,2015-09-07,2015-09-13,0,0,0,0.0,4.4557142857142855,22.995714285714286,87.1042857142857
Centre,2015-09-20,2015-09-14,2015-09-20,80,42,1,2.380952380952381,6.204285714285715,22.814285714285717,90.00428571428571
Centre,2015-09-27,2015-09-21,2015-09-27,344,65,2,3.076923076923077,4.1571428571428575,23.29,85.14857142857143
Centre,2015-10-04,2015-09-28,2015-10-04,166,78,1,1.282051282051282,4.838571428571428,23.487142857142853,86.38285714285715
Centre,2015-10-11,2015-10-05,2015-10-11,434,115,1,0.8695652173913043,3.5542857142857143,23.108571428571427,87.37571428571427
Centre,2015-10-18,2015-10-12,2015-10-18,253,90,3,3.333333333333333,6.0042857142857144,23.86428571428571,85.94285714285716
Centre,2015-10-25,2015-10-19,2015-10-25,284,165,3,1.818181818181818,8.914285714285715,23.09714285714286,89.82571428571428
Centre,2015-11-01,2015-10-26,2015-11-01,287,119,1,0.8403361344537815,13.83714285714286,22.63714285714286,92.34714285714286
Centre,2015-11-08,2015-11-02,2015-11-08,182,85,1,1.1764705882352942,7.08,22.842857142857145,90.13428571428572
Centre,2015-11-15,2015-11-09,2015-11-15,103,5,0,0.0,1.977142857142857,23.93285714285715,81.83142857142857
Centre,2015-11-22,2015-11-16,2015-11-22,0,0,0,0.0,0.43,23.542857142857144,78.32285714285715
Centre,2015-11-29,2015-11-23,2015-11-29,103,13,0,0.0,0.06999999999999999,23.474285714285713,75.02571428571427
Centre,2015-12-06,2015-11-30,2015-12-06,42,0,0,0.0,0.22142857142857145,22.445714285714285,74.71857142857144
Centre,2015-12-13,2015-12-07,2015-12-13,41,18,0,0.0,0.3628571428571429,21.728571428571428,72.16714285714285
Centre,2015-12-20,2015-12-14,2015-12-20,0,0,0,0.0,0.03,21.06714285714286,65.51142857142857
Centre,2015-12-27,2015-12-21,2015-12-27,18,0,0,0.0,0.07142857142857142,21.745714285714286,66.5
Centre,2016-01-10,2016-01-04,2016-01-10,53,18,0,0.0,0.07857142857142858,24.377142857142854,61.2
Centre,2016-01-17,2016-01-11,2016-01-17,125,35,2,5.714285714285714,0.24857142857142864,24.33571428571429,56.17857142857143
Centre,2016-01-24,2016-01-18,2016-01-24,99,21,0,0.0,0.008571428571428572,24.45714285714286,51.93714285714286
Centre,2016-01-31,2016-01-25,2016-01-31,127,3,0,0.0,0.0014285714285714286,23.671428571428574,46.16142857142857
Centre,2016-02-07,2016-02-01,2016-02-07,102,34,0,0.0,0.1,25.412857142857142,48.99714285714286
Centre,2016-02-14,2016-02-08,2016-02-14,104,28,0,0.0,0.07857142857142858,25.595714285714287,50.301428571428566
Centre,2016-02-21,2016-02-15,2016-02-21,0,0,0,0.0,0.11428571428571431,27.672857142857143,52.93428571428571
Centre,2016-02-28,2016-02-22,2016-02-28,19,0,0,0.0,0.028571428571428574,28.428571428571427,49.29714285714285
Centre,2016-03-06,2016-02-29,2016-03-06,97,41,1,2.4390243902439024,2.5771428571428574,27.504285714285714,70.18999999999998
Centre,2016-03-13,2016-03-07,2016-03-13,262,57,0,0.0,8.287142857142857,25.99285714285714,79.16857142857144
Centre,2016-03-20,2016-03-14,2016-03-20,248,122,4,3.278688524590164,6.207142857142856,25.114285714285717,83.53285714285714
Centre,2016-03-27,2016-03-21,2016-03-27,402,129,1,0.7751937984496124,7.471428571428571,25.162857142857145,86.53571428571429
Centre,2016-04-03,2016-03-28,2016-04-03,152,35,0,0.0,3.7557142857142867,25.59857142857143,84.1657142857143
Centre,2016-04-10,2016-04-04,2016-04-10,274,73,2,2.73972602739726,7.16857142857143,24.982857142857142,85.16571428571429
Centre,2016-04-17,2016-04-11,2016-04-17,458,203,5,2.4630541871921183,15.024285714285712,24.63571428571429,89.71571428571428
Centre,2016-04-24,2016-04-18,2016-04-24,330,71,1,1.4084507042253522,4.444285714285714,24.822857142857142,85.34
Centre,2016-05-01,2016-04-25,2016-05-01,197,67,3,4.477611940298507,5.392857142857143,24.07857142857143,90.05999999999999
Centre,2016-05-08,2016-05-02,2016-05-08,343,124,1,0.8064516129032258,3.4899999999999998,24.191428571428567,88.36428571428571
Centre,2016-05-15,2016-05-09,2016-05-15,258,120,2,1.6666666666666667,9.312857142857142,23.972857142857144,89.69142857142857
Centre,2016-05-22,2016-05-16,2016-05-22,685,250,5,2.0,16.05857142857143,23.965714285714288,89.53428571428572
Centre,2016-05-29,2016-05-23,2016-05-29,87,52,1,1.9230769230769231,6.919999999999999,23.615714285714287,88.58857142857143
Centre,2016-06-05,2016-05-30,2016-06-05,251,46,1,2.1739130434782608,12.741428571428571,24.047142857142855,86.8457142857143
Centre,2016-06-12,2016-06-06,2016-06-12,685,212,8,3.7735849056603774,11.092857142857143,23.864285714285717,89.50571428571428
Centre,2016-06-19,2016-06-13,2016-06-19,232,150,4,2.666666666666667,4.21,22.494285714285716,89.33857142857144
Centre,2016-06-26,2016-06-20,2016-06-26,120,31,0,0.0,7.984285714285714,22.71285714285714,89.0942857142857
Centre,2016-07-03,2016-06-27,2016-07-03,184,41,1,2.4390243902439024,4.711428571428572,23.21857142857143,88.08714285714287
Centre,2016-07-10,2016-07-04,2016-07-10,60,0,0,0.0,3.4057142857142857,23.374285714285715,88.68999999999998
Centre,2016-07-17,2016-07-11,2016-07-17,431,195,8,4.102564102564102,5.254285714285715,22.228571428571428,90.26428571428572
Centre,2016-07-24,2016-07-18,2016-07-24,156,72,2,2.7777777777777777,10.008571428571429,22.53,90.51428571428572
Centre,2016-07-31,2016-07-25,2016-07-31,205,87,2,2.2988505747126435,5.335714285714286,22.397142857142857,90.2314285714286
Centre,2016-08-07,2016-08-01,2016-08-07,536,184,2,1.0869565217391304,7.448571428571429,22.88714285714286,90.3057142857143
Centre,2016-08-14,2016-08-08,2016-08-14,408,19,0,0.0,3.327142857142857,22.547142857142855,90.25
Centre,2016-08-21,2016-08-15,2016-08-21,80,39,0,0.0,5.808571428571429,23.118571428571425,88.37428571428572
Centre,2016-08-28,2016-08-22,2016-08-28,579,143,4,2.797202797202797,4.85,22.651428571428568,88.86714285714285
Centre,2016-09-04,2016-08-29,2016-09-04,300,128,2,1.5625,11.728571428571428,22.41571428571429,90.74571428571429
Centre,2016-09-11,2016-09-05,2016-09-11,175,64,1,1.5625,5.5442857142857145,23.0,89.75285714285714
Centre,2016-09-18,2016-09-12,2016-09-18,422,140,5,3.571428571428571,8.685714285714287,22.545714285714286,90.29285714285713
Centre,2016-09-25,2016-09-19,2016-09-25,83,0,0,0.0,6.352857142857142,22.591428571428573,90.58285714285715
Centre,2016-10-02,2016-09-26,2016-10-02,507,74,1,1.351351351351351,8.08,22.774285714285714,90.85857142857141
Centre,2016-10-09,2016-10-03,2016-10-09,245,110,2,1.818181818181818,4.464285714285714,23.365714285714287,87.68999999999998
Centre,2016-10-16,2016-10-10,2016-10-16,226,46,0,0.0,6.741428571428571,23.49285714285714,87.31000000000002
Centre,2016-10-23,2016-10-17,2016-10-23,416,98,1,1.020408163265306,6.575714285714286,23.314285714285717,87.94428571428573
Centre,2016-10-30,2016-10-24,2016-10-30,46,19,1,5.263157894736842,6.968571428571429,23.369999999999997,88.47571428571429
Centre,2016-11-06,2016-10-31,2016-11-06,333,85,3,3.5294117647058822,4.848571428571428,23.725714285714286,87.1957142857143
Centre,2016-11-13,2016-11-07,2016-11-13,111,6,0,0.0,0.8485714285714285,23.684285714285714,81.55714285714285
Centre,2016-11-20,2016-11-14,2016-11-20,50,8,0,0.0,1.197142857142857,23.524285714285718,84.97142857142856
Centre,2016-11-27,2016-11-21,2016-11-27,289,60,2,3.333333333333333,1.7928571428571427,24.104285714285712,84.61142857142856
Centre,2016-12-04,2016-11-28,2016-12-04,79,19,0,0.0,1.874285714285714,23.56,82.09142857142858
Centre,2016-12-11,2016-12-05,2016-12-11,58,8,0,0.0,0.27285714285714285,23.70714285714286,81.01857142857143
Centre,2016-12-18,2016-12-12,2016-12-18,82,22,0,0.0,0.037142857142857144,23.26142857142857,76.77857142857144
Centre,2016-12-25,2016-12-19,2016-12-25,236,94,2,2.127659574468085,0.06,22.805714285714284,76.19857142857143
Centre,2017-01-01,2016-12-26,2017-01-01,113,30,1,3.333333333333333,0.018571428571428572,21.43285714285714,73.40714285714286
Centre,2017-01-08,2017-01-02,2017-01-08,83,4,0,0.0,0.014285714285714287,22.21857142857143,70.28999999999999
Centre,2017-01-15,2017-01-09,2017-01-15,10,4,0,0.0,0.012857142857142859,23.172857142857143,73.49571428571429
Centre,2017-01-22,2017-01-16,2017-01-22,107,31,1,3.225806451612903,0.04428571428571428,24.48857142857143,71.73714285714286
Centre,2017-01-29,2017-01-23,2017-01-29,16,4,0,0.0,0.37285714285714283,24.452857142857145,79.89714285714285
Centre,2017-02-05,2017-01-30,2017-02-05,131,71,1,1.4084507042253522,0.08571428571428572,24.307142857142857,65.75142857142858
Centre,2017-02-12,2017-02-06,2017-02-12,219,43,0,0.0,0.2585714285714286,24.29,65.00999999999999
Centre,2017-02-19,2017-02-13,2017-02-19,124,38,1,2.631578947368421,0.021428571428571432,23.631428571428568,57.14
Centre,2017-02-26,2017-02-20,2017-02-26,112,0,1,0.0,0.02,25.291428571428575,58.78285714285715
Centre,2017-03-05,2017-02-27,2017-03-05,63,17,0,0.0,0.048571428571428564,26.374285714285715,63.07428571428572
Centre,2017-03-12,2017-03-06,2017-03-12,0,0,0,0.0,2.238571428571429,24.852857142857143,78.86
Centre,2017-03-19,2017-03-13,2017-03-19,155,15,0,0.0,2.0814285714285714,25.517142857142858,76.37428571428572
Centre,2017-03-26,2017-03-20,2017-03-26,82,19,0,0.0,3.0642857142857145,25.181428571428572,81.77428571428572
Centre,2017-04-02,2017-03-27,2017-04-02,72,41,1,2.4390243902439024,5.020000000000001,25.06714285714286,82.76857142857143
Centre,2017-04-09,2017-04-03,2017-04-09,32,17,0,0.0,5.422857142857143,24.907142857142855,81.99142857142859
Centre,2017-04-16,2017-04-10,2017-04-16,315,116,1,0.8620689655172413,4.467142857142856,24.615714285714287,86.06857142857143
Centre,2017-04-23,2017-04-17,2017-04-23,89,34,1,2.941176470588235,8.680000000000001,24.380000000000003,85.79857142857144
Centre,2017-04-30,2017-04-24,2017-04-30,90,25,1,4.0,2.9071428571428575,24.87857142857143,82.12714285714286
Centre,2017-05-07,2017-05-01,2017-05-07,191,68,3,4.411764705882353,6.541428571428571,24.015714285714285,86.74142857142856
Centre,2017-05-14,2017-05-08,2017-05-14,195,93,1,1.0752688172043012,7.041428571428571,24.434285714285714,87.17857142857142
Centre,2017-05-21,2017-05-15,2017-05-21,341,94,2,2.127659574468085,8.48857142857143,23.714285714285715,89.19142857142857
Centre,2017-05-28,2017-05-22,2017-05-28,279,104,1,0.9615384615384616,12.402857142857144,23.871428571428574,87.65571428571427
Centre,2017-06-04,2017-05-29,2017-06-04,374,146,1,0.684931506849315,12.05285714285714,23.815714285714282,88.97714285714287
Centre,2017-06-11,2017-06-05,2017-06-11,162,79,1,1.2658227848101269,3.5,24.22142857142857,87.70714285714284
Centre,2017-06-18,2017-06-12,2017-06-18,37,0,0,0.0,10.725714285714286,23.048571428571428,89.16142857142857
Centre,2017-06-25,2017-06-19,2017-06-25,57,27,0,0.0,7.467142857142858,23.118571428571432,87.48428571428573
Centre,2017-07-02,2017-06-26,2017-07-02,416,162,2,1.2345679012345678,4.187142857142858,22.724285714285717,89.36428571428571
Centre,2017-07-09,2017-07-03,2017-07-09,90,35,1,2.857142857142857,2.327142857142857,22.524285714285718,88.88428571428571
Centre,2017-07-16,2017-07-10,2017-07-16,296,48,0,0.0,2.8442857142857143,22.747142857142855,88.22142857142858
Centre,2017-07-23,2017-07-17,2017-07-23,549,298,4,1.342281879194631,6.811428571428571,22.888571428571428,88.26571428571428
Centre,2017-07-30,2017-07-24,2017-07-30,339,145,2,1.3793103448275863,6.19,22.91571428571429,89.47285714285715
Centre,2017-08-06,2017-07-31,2017-08-06,398,202,2,0.99009900990099,6.354285714285714,22.70285714285714,89.88714285714285
Centre,2017-08-13,2017-08-07,2017-08-13,160,66,1,1.5151515151515151,4.227142857142857,22.821428571428573,87.92999999999998
Centre,2017-08-20,2017-08-14,2017-08-20,84,40,0,0.0,3.267142857142858,22.98,87.91714285714285
Centre,2017-08-27,2017-08-21,2017-08-27,305,115,2,1.7391304347826086,6.812857142857143,22.41857142857143,90.69714285714285
Centre,2017-09-03,2017-08-28,2017-09-03,178,79,2,2.5316455696202533,5.7299999999999995,22.505714285714284,89.16999999999999
Centre,2017-09-10,2017-09-04,2017-09-10,224,57,2,3.508771929824561,5.158571428571428,22.675714285714285,89.25285714285715
Centre,2017-09-17,2017-09-11,2017-09-17,476,219,3,1.36986301369863,8.02142857142857,22.482857142857142,90.68857142857142
Centre,2017-09-24,2017-09-18,2017-09-24,154,0,0,0.0,8.219999999999999,23.38428571428571,87.44857142857143
Centre,2017-10-01,2017-09-25,2017-10-01,224,15,0,0.0,7.165714285714286,22.822857142857142,89.46285714285715
Centre,2017-10-08,2017-10-02,2017-10-08,426,159,3,1.8867924528301887,10.040000000000001,23.448571428571427,86.56714285714285
Centre,2017-10-15,2017-10-09,2017-10-15,249,129,1,0.7751937984496124,7.001428571428571,23.217142857142854,88.53857142857143
Centre,2017-10-22,2017-10-16,2017-10-22,401,86,2,2.3255813953488373,2.8742857142857146,23.43285714285714,89.76
Centre,2017-10-29,2017-10-23,2017-10-29,162,16,0,0.0,9.358571428571429,22.601428571428574,89.85714285714286
Centre,2017-11-05,2017-10-30,2017-11-05,0,0,0,0.0,4.0528571428571425,23.177142857142858,87.14285714285714
Centre,2017-11-12,2017-11-06,2017-11-12,211,76,2,2.631578947368421,4.384285714285714,23.482857142857142,83.88999999999999
Centre,2017-11-19,2017-11-13,2017-11-19,251,87,1,1.1494252873563218,3.4799999999999995,23.965714285714288,87.4057142857143
Centre,2017-11-26,2017-11-20,2017-11-26,74,35,1,2.857142857142857,2.0185714285714282,23.161428571428566,82.39
Centre,2017-12-03,2017-11-27,2017-12-03,22,14,0,0.0,0.5557142857142857,22.845714285714283,78.53285714285714
Centre,2017-12-10,2017-12-04,2017-12-10,71,0,0,0.0,0.0,22.951428571428572,78.3457142857143
Centre,2017-12-17,2017-12-11,2017-12-17,3,0,0,0.0,0.027142857142857142,23.822857142857142,77.78142857142858
Centre,2017-12-24,2017-12-18,2017-12-24,26,0,0,0.0,0.16857142857142857,24.16142857142857,75.68571428571428
Centre,2017-12-31,2017-12-25,2017-12-31,63,26,0,0.0,0.005714285714285714,22.511428571428574,71.78285714285714
Centre,2018-08-26,2018-08-20,2018-08-26,111,53,0,0.0,4.398571428571429,22.56142857142857,88.63999999999999
Centre,2019-12-29,2018-12-31,2019-12-29,26,10,0,0.0,3.6039835164835163,23.95994505494506,80.58953296703295
Centre,2020-06-19,2020-02-10,2020-06-19,15,7,0,0.0,6.889618320610687,25.028778625954203,78.35129770992367
Centre,2020-07-13,2020-02-10,2020-07-13,93,0,0,0.0,6.9879999999999995,24.68683870967742,80.08109677419354
Centre,2020-07-24,2020-02-10,2020-07-24,0,0,0,0.0,6.942289156626506,24.505662650602414,80.77168674698797
Centre,2020-07-28,2020-02-10,2020-07-28,48,0,0,0.0,6.9270000000000005,24.453058823529414,81.0184705882353
Centre,2020-07-29,2020-02-10,2020-07-29,29,0,0,0.0,6.951286549707603,24.434093567251466,81.10111111111111
Centre,2020-08-10,2020-02-10,2020-08-10,139,0,0,0.0,6.64688524590164,24.301475409836065,81.57885245901639
Centre,2020-11-06,2020-02-10,2020-11-06,0,0,0,0.0,6.812103321033209,23.775867158671588,84.33084870848708
East,2010-01-10,2010-01-04,2010-01-10,122,37,1,2.702702702702702,0.17285714285714285,23.912857142857142,48.91857142857143
East,2010-01-17,2010-01-11,2010-01-17,176,21,0,0.0,0.53,24.87,54.16857142857142
East,2010-01-24,2010-01-18,2010-01-24,14,0,0,0.0,0.06285714285714286,24.857142857142858,47.029999999999994
East,2010-01-31,2010-01-25,2010-01-31,27,17,0,0.0,0.10857142857142857,26.722857142857148,51.75857142857143
East,2010-02-07,2010-02-01,2010-02-07,0,0,0,0.0,0.17857142857142858,26.338571428571424,45.297142857142866
East,2010-02-14,2010-02-08,2010-02-14,0,0,0,0.0,0.5914285714285715,26.987142857142857,53.96857142857143
East,2010-02-21,2010-02-15,2010-02-21,0,0,0,0.0,0.5342857142857144,27.368571428571425,61.53142857142857
East,2010-02-28,2010-02-22,2010-02-28,0,0,0,0.0,1.9000000000000001,26.457142857142856,69.2157142857143
East,2010-03-07,2010-03-01,2010-03-07,47,28,0,0.0,0.5285714285714286,27.237142857142857,54.034285714285716
East,2010-03-14,2010-03-08,2010-03-14,0,0,0,0.0,4.344285714285715,25.694285714285712,75.56714285714285
East,2010-03-21,2010-03-15,2010-03-21,186,63,1,1.5873015873015872,4.839999999999999,24.81142857142857,78.54714285714284
East,2010-03-28,2010-03-22,2010-03-28,0,0,0,0.0,5.857142857142857,24.11428571428571,74.43142857142857
East,2010-04-04,2010-03-29,2010-04-04,32,0,1,0.0,1.4314285714285713,24.94142857142857,78.63
East,2010-04-11,2010-04-05,2010-04-11,214,87,0,0.0,2.6557142857142857,24.622857142857146,79.50857142857144
East,2010-04-18,2010-04-12,2010-04-18,0,0,0,0.0,4.121428571428572,25.374285714285715,79.95285714285714
East,2010-04-25,2010-04-19,2010-04-25,31,0,0,0.0,4.104285714285715,24.888571428571428,81.95571428571428
East,2010-05-02,2010-04-26,2010-05-02,184,0,0,0.0,7.974285714285714,24.387142857142855,84.12857142857142
East,2010-05-09,2010-05-03,2010-05-09,236,68,1,1.4705882352941175,4.178571428571429,23.967142857142854,85.47999999999999
East,2010-05-16,2010-05-10,2010-05-16,50,0,0,0.0,6.322857142857144,24.245714285714286,84.94714285714285
East,2010-05-23,2010-05-17,2010-05-23,101,51,2,3.92156862745098,3.757142857142857,24.12,85.68142857142857
East,2010-05-30,2010-05-24,2010-05-30,0,0,0,0.0,3.3071428571428565,24.454285714285714,82.89571428571428
East,2010-06-06,2010-05-31,2010-06-06,52,0,0,0.0,6.6571428571428575,23.074285714285715,87.46714285714286
East,2010-06-13,2010-06-07,2010-06-13,0,0,0,0.0,1.6657142857142857,23.74142857142857,81.65857142857143
East,2010-06-20,2010-06-14,2010-06-20,0,0,0,0.0,5.661428571428571,23.60285714285714,82.61428571428571
East,2010-06-27,2010-06-21,2010-06-27,58,21,1,4.761904761904762,7.565714285714287,23.307142857142857,85.05
East,2010-07-04,2010-06-28,2010-07-04,62,0,0,0.0,6.192857142857143,22.905714285714286,84.68714285714285
East,2010-07-11,2010-07-05,2010-07-11,84,0,0,0.0,6.271428571428572,22.967142857142854,83.52571428571427
East,2010-07-18,2010-07-12,2010-07-18,74,35,0,0.0,3.581428571428572,22.971428571428568,84.27142857142857
East,2010-07-25,2010-07-19,2010-07-25,72,0,0,0.0,14.805714285714286,21.771428571428572,88.16571428571429
East,2010-08-01,2010-07-26,2010-08-01,56,15,0,0.0,1.947142857142857,22.68,84.05428571428571
East,2010-08-08,2010-08-02,2010-08-08,0,0,0,0.0,5.304285714285713,23.220000000000002,83.99285714285715
East,2010-08-15,2010-08-09,2010-08-15,121,50,0,0.0,5.807142857142857,21.895714285714284,85.34285714285714
East,2010-08-22,2010-08-16,2010-08-22,4,2,0,0.0,16.624285714285715,22.237142857142857,87.35142857142856
East,2010-08-29,2010-08-23,2010-08-29,0,0,0,0.0,8.475714285714286,22.205714285714286,89.24000000000002
East,2010-09-05,2010-08-30,2010-09-05,54,0,0,0.0,3.645714285714285,22.538571428571426,86.75571428571428
East,2010-09-12,2010-09-06,2010-09-12,102,37,1,2.702702702702702,4.8742857142857146,22.091428571428573,86.7142857142857
East,2010-09-19,2010-09-13,2010-09-19,90,34,0,0.0,4.97,22.25,85.14714285714285
East,2010-09-26,2010-09-20,2010-09-26,0,0,0,0.0,7.1499999999999995,21.812857142857144,87.83285714285715
East,2010-10-03,2010-09-27,2010-10-03,181,76,3,3.947368421052632,6.842857142857143,23.337142857142858,83.59142857142857
East,2010-10-10,2010-10-04,2010-10-10,35,12,0,0.0,4.854285714285715,22.93857142857143,84.18714285714286
East,2010-10-17,2010-10-11,2010-10-17,31,19,0,0.0,7.817142857142857,22.711428571428574,86.15571428571431
East,2010-10-24,2010-10-18,2010-10-24,1,0,0,0.0,9.494285714285715,22.41571428571428,87.14857142857143
East,2010-10-31,2010-10-25,2010-10-31,173,111,2,1.8018018018018016,5.134285714285714,22.741428571428568,84.83857142857143
East,2010-11-07,2010-11-01,2010-11-07,103,20,0,0.0,3.1785714285714284,23.02,83.28285714285714
East,2010-11-14,2010-11-08,2010-11-14,83,49,1,2.0408163265306123,4.251428571428571,23.245714285714286,80.4557142857143
East,2010-11-21,2010-11-15,2010-11-21,29,17,0,0.0,1.1157142857142859,22.92571428571429,82.61285714285714
East,2010-11-28,2010-11-22,2010-11-28,0,0,0,0.0,2.027142857142857,23.041428571428572,82.92999999999999
East,2010-12-05,2010-11-29,2010-12-05,0,0,0,0.0,1.7071428571428573,22.84142857142857,74.94571428571429
East,2010-12-12,2010-12-06,2010-12-12,0,0,0,0.0,0.29999999999999993,21.431428571428572,65.27857142857142
East,2010-12-19,2010-12-13,2010-12-19,0,0,0,0.0,0.0,22.541428571428572,66.9557142857143
East,2010-12-26,2010-12-20,2010-12-26,56,0,0,0.0,1.167142857142857,22.524285714285714,64.63714285714286
East,2011-01-02,2010-12-27,2011-01-02,10,4,0,0.0,0.024285714285714282,21.697142857142858,59.72428571428571
East,2011-01-09,2011-01-03,2011-01-09,46,0,0,0.0,0.19285714285714284,22.68857142857143,61.04285714285714
East,2011-01-16,2011-01-10,2011-01-16,36,6,0,0.0,0.04285714285714286,22.224285714285717,53.99857142857143
East,2011-01-23,2011-01-17,2011-01-23,0,0,0,0.0,0.0,22.560000000000002,50.411428571428566
East,2011-01-30,2011-01-24,2011-01-30,17,0,0,0.0,0.002857142857142857,24.86142857142857,50.9
East,2011-02-06,2011-01-31,2011-02-06,57,0,0,0.0,0.99,25.575714285714287,63.25285714285714
East,2011-02-13,2011-02-07,2011-02-13,16,9,0,0.0,1.897142857142857,25.039999999999996,64.67285714285715
East,2011-02-20,2011-02-14,2011-02-20,32,15,0,0.0,0.5700000000000001,25.514285714285712,63.809999999999995
East,2011-02-27,2011-02-21,2011-02-27,36,0,0,0.0,1.7571428571428573,24.42428571428572,69.49285714285715
East,2011-03-06,2011-02-28,2011-03-06,80,31,1,3.225806451612903,0.8828571428571429,25.09857142857143,70.45857142857143
East,2011-03-13,2011-03-07,2011-03-13,62,0,0,0.0,0.6157142857142858,26.330000000000005,66.03
East,2011-03-20,2011-03-14,2011-03-20,0,0,0,0.0,0.5585714285714286,26.125714285714285,58.45714285714286
East,2011-03-27,2011-03-21,2011-03-27,0,0,0,0.0,2.225714285714286,25.24142857142857,71.21000000000001
East,2011-04-03,2011-03-28,2011-04-03,23,15,0,0.0,1.48,25.672857142857143,70.70571428571428
East,2011-04-10,2011-04-04,2011-04-10,0,0,0,0.0,2.8485714285714283,24.442857142857147,74.56428571428572
East,2011-04-17,2011-04-11,2011-04-17,0,0,0,0.0,2.45,24.857142857142858,76.58857142857143
East,2011-04-24,2011-04-18,2011-04-24,104,43,0,0.0,2.4614285714285713,24.66714285714286,79.14857142857143
East,2011-05-01,2011-04-25,2011-05-01,60,20,0,0.0,1.4557142857142857,24.70285714285714,77.33714285714284
East,2011-05-08,2011-05-02,2011-05-08,150,94,1,1.0638297872340423,1.7914285714285716,25.32857142857143,75.33428571428571
East,2011-05-15,2011-05-09,2011-05-15,60,0,0,0.0,3.837142857142857,24.2,81.91
East,2011-05-22,2011-05-16,2011-05-22,119,12,0,0.0,4.8757142857142854,24.937142857142856,79.48142857142857
East,2011-05-29,2011-05-23,2011-05-29,94,39,1,2.564102564102564,4.1242857142857146,23.638571428571428,81.98
East,2011-06-05,2011-05-30,2011-06-05,167,49,0,0.0,7.2942857142857145,24.12,83.32285714285715
East,2011-06-12,2011-06-06,2011-06-12,66,15,1,6.666666666666667,1.2114285714285715,23.187142857142856,83.36571428571428
East,2011-06-19,2011-06-13,2011-06-19,0,0,0,0.0,5.678571428571429,23.845714285714287,81.49714285714286
East,2011-06-26,2011-06-20,2011-06-26,27,16,0,0.0,2.2742857142857145,23.125714285714285,82.18285714285715
East,2011-07-03,2011-06-27,2011-07-03,0,0,0,0.0,2.6785714285714284,23.09,82.80714285714285
East,2011-07-10,2011-07-04,2011-07-10,127,44,1,2.272727272727273,6.135714285714285,23.398571428571426,81.93142857142857
East,2011-07-17,2011-07-11,2011-07-17,44,0,0,0.0,3.978571428571428,22.527142857142856,82.30714285714285
East,2011-07-24,2011-07-18,2011-07-24,0,0,0,0.0,5.687142857142857,22.897142857142857,82.25857142857144
East,2011-07-31,2011-07-25,2011-07-31,122,0,0,0.0,1.8157142857142856,22.532857142857146,83.25
East,2011-08-07,2011-08-01,2011-08-07,0,0,0,0.0,7.607142857142857,22.33857142857143,87.10000000000001
East,2011-08-14,2011-08-08,2011-08-14,44,0,0,0.0,9.425714285714283,21.64428571428571,88.28285714285713
East,2011-08-21,2011-08-15,2011-08-21,166,33,0,0.0,3.9442857142857135,22.178571428571427,84.83
East,2011-08-28,2011-08-22,2011-08-28,32,10,0,0.0,8.674285714285714,22.645714285714284,85.10571428571428
East,2011-09-04,2011-08-29,2011-09-04,180,85,3,3.5294117647058822,6.465714285714285,22.16714285714286,86.60142857142856
East,2011-09-11,2011-09-05,2011-09-11,82,29,0,0.0,4.815714285714286,22.345714285714283,86.42999999999999
East,2011-09-18,2011-09-12,2011-09-18,0,0,0,0.0,8.787142857142857,21.864285714285717,88.28714285714287
East,2011-09-25,2011-09-19,2011-09-25,86,46,1,2.1739130434782608,6.008571428571428,22.837142857142858,83.69571428571429
East,2011-10-02,2011-09-26,2011-10-02,0,0,0,0.0,5.538571428571428,22.435714285714287,85.88714285714286
East,2011-10-09,2011-10-03,2011-10-09,157,21,1,4.761904761904762,7.475714285714287,22.68285714285714,85.32285714285715
East,2011-10-16,2011-10-10,2011-10-16,263,128,2,1.5625,7.405714285714287,22.754285714285714,86.62428571428572
East,2011-10-23,2011-10-17,2011-10-23,123,77,1,1.2987012987012987,6.247142857142857,22.624285714285715,85.64142857142856
East,2011-10-30,2011-10-24,2011-10-30,198,45,0,0.0,5.492857142857142,22.044285714285714,84.78
East,2011-11-06,2011-10-31,2011-11-06,87,37,1,2.702702702702702,2.021428571428572,22.708571428571428,84.60000000000001
East,2011-11-13,2011-11-07,2011-11-13,101,30,0,0.0,1.7142857142857142,22.735714285714288,81.97714285714285
East,2011-11-20,2011-11-14,2011-11-20,33,6,0,0.0,0.6942857142857142,22.728571428571428,80.9057142857143
East,2011-11-27,2011-11-21,2011-11-27,49,0,0,0.0,0.028571428571428574,21.84857142857143,69.54142857142857
East,2011-12-04,2011-11-28,2011-12-04,34,12,0,0.0,0.0,20.917142857142856,58.271428571428565
East,2011-12-18,2011-12-12,2011-12-18,0,0,0,0.0,0.0,23.220000000000002,52.65571428571428
East,2011-12-25,2011-12-19,2011-12-25,12,8,0,0.0,0.0,23.998571428571427,52.28857142857142
East,2012-01-01,2011-12-26,2012-01-01,57,13,0,0.0,0.0014285714285714286,24.35571428571429,47.957142857142856
East,2012-01-08,2012-01-02,2012-01-08,32,11,0,0.0,0.0,24.16857142857143,42.385714285714286
East,2012-01-15,2012-01-09,2012-01-15,90,29,1,3.4482758620689653,0.0,24.897142857142853,39.624285714285705
East,2012-01-22,2012-01-16,2012-01-22,0,0,0,0.0,0.02,25.784285714285716,39.01857142857143
East,2012-01-29,2012-01-23,2012-01-29,0,0,0,0.0,0.017142857142857144,26.271428571428572,38.43
East,2012-02-05,2012-01-30,2012-02-05,19,0,0,0.0,0.014285714285714285,27.287142857142857,48.074285714285715
East,2012-02-12,2012-02-06,2012-02-12,9,2,0,0.0,0.6014285714285714,27.16142857142857,50.67142857142857
East,2012-02-19,2012-02-13,2012-02-19,0,0,0,0.0,1.827142857142857,25.444285714285712,67.16714285714286
East,2012-02-26,2012-02-20,2012-02-26,107,36,0,0.0,1.828571428571428,25.17428571428571,67.79142857142857
East,2012-03-04,2012-02-27,2012-03-04,86,41,1,2.4390243902439024,1.737142857142857,24.668571428571433,71.51857142857142
East,2012-03-11,2012-03-05,2012-03-11,9,4,0,0.0,0.62,25.482857142857142,65.43857142857142
East,2012-03-18,2012-03-12,2012-03-18,179,44,1,2.272727272727273,0.4271428571428571,26.56142857142857,64.2
East,2012-03-25,2012-03-19,2012-03-25,28,0,0,0.0,0.030000000000000002,27.162857142857142,60.131428571428565
East,2012-04-01,2012-03-26,2012-04-01,0,0,0,0.0,1.0014285714285716,26.955714285714286,62.75142857142857
East,2012-04-08,2012-04-02,2012-04-08,75,22,0,0.0,4.751428571428571,26.177142857142858,71.78428571428572
East,2012-04-15,2012-04-09,2012-04-15,0,0,0,0.0,4.545714285714285,24.712857142857143,79.27999999999999
East,2012-04-22,2012-04-16,2012-04-22,44,0,0,0.0,5.632857142857143,23.66,83.42571428571429
East,2012-04-29,2012-04-23,2012-04-29,266,141,1,0.7092198581560284,1.5485714285714285,24.53,78.65142857142857
East,2012-05-06,2012-04-30,2012-05-06,186,37,0,0.0,5.764285714285715,24.282857142857143,82.28428571428572
East,2012-05-13,2012-05-07,2012-05-13,256,71,1,1.4084507042253522,5.2128571428571435,23.2,84.07571428571428
East,2012-05-20,2012-05-14,2012-05-20,170,0,0,0.0,4.2871428571428565,23.367142857142856,84.39142857142858
East,2012-05-27,2012-05-21,2012-05-27,69,17,0,0.0,3.2128571428571426,23.321428571428573,84.27857142857142
East,2012-06-03,2012-05-28,2012-06-03,100,4,0,0.0,3.485714285714286,23.272857142857138,82.14142857142858
East,2012-06-10,2012-06-04,2012-06-10,41,0,0,0.0,5.685714285714286,23.655714285714286,81.45428571428572
East,2012-06-17,2012-06-11,2012-06-17,46,26,1,3.8461538461538463,6.904285714285714,23.548571428571428,82.31428571428572
East,2012-06-24,2012-06-18,2012-06-24,225,50,1,2.0,5.634285714285714,22.922857142857143,84.01857142857143
East,2012-07-01,2012-06-25,2012-07-01,313,119,2,1.680672268907563,7.961428571428572,22.27142857142857,85.64857142857143
East,2012-07-08,2012-07-02,2012-07-08,389,0,0,0.0,5.404285714285714,21.598571428571432,86.63857142857144
East,2012-07-15,2012-07-09,2012-07-15,0,0,0,0.0,4.937142857142858,22.395714285714288,85.24857142857142
East,2012-07-22,2012-07-16,2012-07-22,0,0,0,0.0,3.15,22.351428571428574,85.37285714285714
East,2012-07-29,2012-07-23,2012-07-29,37,17,0,0.0,1.2642857142857142,22.542857142857144,81.5842857142857
East,2012-08-05,2012-07-30,2012-08-05,71,0,0,0.0,3.842857142857143,22.84142857142857,83.92857142857143
East,2012-08-12,2012-08-06,2012-08-12,0,0,0,0.0,5.63,22.16142857142857,86.32000000000001
East,2012-08-19,2012-08-13,2012-08-19,62,0,0,0.0,7.5685714285714285,22.104285714285712,86.62571428571428
East,2012-08-26,2012-08-20,2012-08-26,138,80,1,1.25,14.831428571428571,21.571428571428573,86.16285714285713
East,2012-09-02,2012-08-27,2012-09-02,395,116,3,2.586206896551724,7.814285714285715,22.380000000000003,84.7757142857143
East,2012-09-09,2012-09-03,2012-09-09,350,153,4,2.6143790849673203,10.802857142857144,21.264285714285712,90.00999999999999
East,2012-09-16,2012-09-10,2012-09-16,87,38,1,2.631578947368421,9.448571428571428,22.115714285714287,86.31857142857143
East,2012-09-23,2012-09-17,2012-09-23,43,17,0,0.0,7.829999999999999,22.427142857142854,83.98857142857143
East,2012-09-30,2012-09-24,2012-09-30,47,20,0,0.0,7.7142857142857135,22.375714285714285,85.79285714285716
East,2012-10-07,2012-10-01,2012-10-07,0,0,0,0.0,12.415714285714287,22.435714285714287,85.26428571428572
East,2012-10-14,2012-10-08,2012-10-14,62,26,0,0.0,5.5528571428571425,22.744285714285716,84.58714285714287
East,2012-10-21,2012-10-15,2012-10-21,116,57,0,0.0,6.762857142857143,22.787142857142857,86.3
East,2012-10-28,2012-10-22,2012-10-28,260,141,2,1.4184397163120568,2.8099999999999996,22.331428571428575,86.28571428571429
East,2012-11-04,2012-10-29,2012-11-04,86,30,0,0.0,1.94,22.904285714285713,81.47857142857143
East,2012-11-11,2012-11-05,2012-11-11,132,12,0,0.0,3.861428571428571,22.275714285714287,86.2642857142857
East,2012-11-18,2012-11-12,2012-11-18,86,33,0,0.0,0.2914285714285714,23.298571428571424,83.91857142857143
East,2012-11-25,2012-11-19,2012-11-25,0,0,0,0.0,2.677142857142857,23.071428571428573,83.02
East,2012-12-02,2012-11-26,2012-12-02,13,5,0,0.0,0.6757142857142856,22.88,77.0
East,2012-12-09,2012-12-03,2012-12-09,12,0,0,0.0,0.5785714285714285,23.247142857142855,75.69142857142857
East,2012-12-16,2012-12-10,2012-12-16,0,0,0,0.0,0.08571428571428573,23.05857142857143,69.65285714285714
East,2012-12-23,2012-12-17,2012-12-23,27,11,0,0.0,0.012857142857142857,22.550000000000004,65.09714285714286
East,2012-12-30,2012-12-24,2012-12-30,0,0,0,0.0,0.0,22.14714285714286,59.17285714285715
East,2013-01-06,2012-12-31,2013-01-06,8,5,0,0.0,0.02142857142857143,23.15142857142857,54.651428571428575
East,2013-01-13,2013-01-07,2013-01-13,0,0,0,0.0,0.008571428571428572,23.774285714285718,54.255714285714284
East,2013-01-20,2013-01-14,2013-01-20,26,0,0,0.0,0.66,25.708571428571425,61.30428571428571
East,2013-01-27,2013-01-21,2013-01-27,0,0,0,0.0,1.2642857142857145,26.31714285714285,68.95428571428572
East,2013-02-03,2013-01-28,2013-02-03,11,0,0,0.0,0.0842857142857143,24.02285714285714,52.23857142857143
East,2013-02-10,2013-02-04,2013-02-10,27,0,0,0.0,0.025714285714285717,26.124285714285715,52.105714285714285
East,2013-02-17,2013-02-11,2013-02-17,0,0,0,0.0,1.3528571428571428,26.091428571428573,63.989999999999995
East,2013-02-24,2013-02-18,2013-02-24,23,0,0,0.0,0.2385714285714286,26.481428571428573,63.0
East,2013-03-03,2013-02-25,2013-03-03,53,17,0,0.0,1.7857142857142858,26.91714285714286,67.59285714285714
East,2013-03-10,2013-03-04,2013-03-10,77,0,0,0.0,1.57,25.821428571428566,72.58571428571429
East,2013-03-17,2013-03-11,2013-03-17,23,0,0,0.0,3.974285714285714,24.762857142857147,77.27857142857142
East,2013-03-24,2013-03-18,2013-03-24,54,0,0,0.0,1.502857142857143,24.898571428571433,75.67142857142858
East,2013-03-31,2013-03-25,2013-03-31,0,0,0,0.0,3.5628571428571427,24.139999999999997,80.16571428571429
East,2013-04-07,2013-04-01,2013-04-07,44,17,0,0.0,2.662857142857143,24.764285714285712,76.39571428571428
East,2013-04-14,2013-04-08,2013-04-14,176,0,1,0.0,5.6657142857142855,24.302857142857142,81.26285714285713
East,2013-04-21,2013-04-15,2013-04-21,109,16,0,0.0,1.6042857142857143,24.184285714285714,79.67428571428572
East,2013-04-28,2013-04-22,2013-04-28,22,0,0,0.0,5.1242857142857146,24.271428571428572,79.40142857142857
East,2013-05-05,2013-04-29,2013-05-05,0,0,0,0.0,4.602857142857142,24.084285714285716,81.90857142857142
East,2013-05-12,2013-05-06,2013-05-12,61,0,0,0.0,5.304285714285714,23.695714285714285,83.98285714285714
East,2013-05-19,2013-05-13,2013-05-19,0,0,0,0.0,3.6228571428571428,23.842857142857138,83.33571428571427
East,2013-05-26,2013-05-20,2013-05-26,19,5,0,0.0,5.2871428571428565,23.764285714285712,82.97571428571428
East,2013-06-02,2013-05-27,2013-06-02,0,0,0,0.0,4.42,23.41142857142857,83.8142857142857
East,2013-06-09,2013-06-03,2013-06-09,37,0,0,0.0,7.127142857142857,22.995714285714282,82.75857142857141
East,2013-06-16,2013-06-10,2013-06-16,0,0,0,0.0,2.9642857142857144,23.55428571428572,81.40142857142857
East,2013-06-23,2013-06-17,2013-06-23,62,27,1,3.7037037037037033,2.594285714285714,23.28142857142857,83.43857142857142
East,2013-06-30,2013-06-24,2013-06-30,32,18,0,0.0,3.192857142857143,22.86285714285714,83.43142857142857
East,2013-07-07,2013-07-01,2013-07-07,76,37,1,2.702702702702702,8.584285714285715,22.6,83.97571428571429
East,2013-07-14,2013-07-08,2013-07-14,289,171,2,1.1695906432748535,4.452857142857143,22.114285714285717,83.52285714285713
East,2013-07-21,2013-07-15,2013-07-21,86,34,0,0.0,4.204285714285714,22.775714285714283,82.74428571428572
East,2013-07-28,2013-07-22,2013-07-28,0,0,0,0.0,2.707142857142857,22.724285714285713,84.77857142857144
East,2013-08-04,2013-07-29,2013-08-04,71,0,0,0.0,6.630000000000002,21.53857142857143,86.95428571428572
East,2013-08-11,2013-08-05,2013-08-11,0,0,0,0.0,4.601428571428571,22.274285714285714,86.37
East,2013-08-18,2013-08-12,2013-08-18,67,37,0,0.0,3.4014285714285712,22.662857142857145,84.67285714285715
East,2013-08-25,2013-08-19,2013-08-25,0,0,0,0.0,7.577142857142856,21.937142857142856,87.13857142857141
East,2013-09-01,2013-08-26,2013-09-01,344,62,2,3.225806451612903,8.678571428571429,21.93857142857143,87.56857142857143
East,2013-09-08,2013-09-02,2013-09-08,0,0,0,0.0,6.612857142857144,22.321428571428573,83.91142857142859
East,2013-09-15,2013-09-09,2013-09-15,69,22,0,0.0,6.642857142857143,22.358571428571427,84.86714285714287
East,2013-09-22,2013-09-16,2013-09-22,56,33,1,3.0303030303030303,5.938571428571429,23.31142857142857,82.77857142857144
East,2013-09-29,2013-09-23,2013-09-29,56,25,1,4.0,16.967142857142857,22.554285714285715,86.95285714285714
East,2013-10-06,2013-09-30,2013-10-06,0,0,0,0.0,8.625714285714286,22.747142857142855,85.24714285714285
East,2013-10-13,2013-10-07,2013-10-13,0,0,0,0.0,6.857142857142857,22.477142857142862,86.13428571428572
East,2013-10-20,2013-10-14,2013-10-20,237,81,1,1.2345679012345678,1.8585714285714283,22.630000000000003,86.18571428571428
East,2013-10-27,2013-10-21,2013-10-27,133,60,1,1.6666666666666667,6.8414285714285725,22.342857142857145,83.87
East,2013-11-03,2013-10-28,2013-11-03,23,10,0,0.0,0.9642857142857142,22.52285714285714,80.78714285714285
East,2013-11-10,2013-11-04,2013-11-10,21,5,0,0.0,0.7742857142857142,22.501428571428573,83.47857142857141
East,2013-11-17,2013-11-11,2013-11-17,60,0,0,0.0,2.358571428571429,22.66142857142857,85.30714285714286
East,2013-11-24,2013-11-18,2013-11-24,70,13,0,0.0,1.5971428571428572,22.87714285714286,83.85000000000001
East,2013-12-01,2013-11-25,2013-12-01,65,18,0,0.0,0.7742857142857142,23.214285714285715,82.30285714285715
East,2013-12-08,2013-12-02,2013-12-08,53,26,1,3.8461538461538463,10.151428571428571,23.261428571428574,81.68857142857142
East,2013-12-15,2013-12-09,2013-12-15,67,25,0,0.0,0.47000000000000003,21.798571428571424,74.01285714285714
East,2013-12-22,2013-12-16,2013-12-22,67,20,0,0.0,0.0,20.87,66.12714285714286
East,2013-12-29,2013-12-23,2013-12-29,125,60,1,1.6666666666666667,0.02,23.44,68.65285714285714
East,2014-01-05,2013-12-30,2014-01-05,0,0,0,0.0,0.0,22.378571428571426,56.59857142857144
East,2014-01-12,2014-01-06,2014-01-12,0,0,0,0.0,0.0,23.03142857142857,52.92428571428571
East,2014-01-19,2014-01-13,2014-01-19,0,0,0,0.0,0.0,24.247142857142855,52.705714285714286
East,2014-01-26,2014-01-20,2014-01-26,19,7,0,0.0,0.0,25.018571428571427,53.82714285714286
East,2014-02-02,2014-01-27,2014-02-02,76,35,0,0.0,1.57,25.204285714285714,61.785714285714285
East,2014-02-09,2014-02-03,2014-02-09,110,1,0,0.0,0.002857142857142857,25.34857142857143,57.75000000000001
East,2014-02-16,2014-02-10,2014-02-16,0,0,0,0.0,0.0,25.118571428571425,45.65285714285714
East,2014-02-23,2014-02-17,2014-02-23,40,0,0,0.0,0.0,26.020000000000003,45.05142857142858
East,2014-03-02,2014-02-24,2014-03-02,183,59,0,0.0,1.6714285714285715,25.752857142857145,69.53571428571429
East,2014-03-09,2014-03-03,2014-03-09,0,0,0,0.0,1.457142857142857,25.622857142857146,65.17857142857143
East,2014-03-16,2014-03-10,2014-03-16,351,139,1,0.7194244604316548,0.7814285714285715,25.371428571428574,61.769999999999996
East,2014-03-23,2014-03-17,2014-03-23,0,0,0,0.0,1.3985714285714284,25.672857142857143,68.46714285714286
East,2014-03-30,2014-03-24,2014-03-30,59,18,0,0.0,3.091428571428571,25.264285714285712,75.34857142857142
East,2014-04-06,2014-03-31,2014-04-06,63,24,0,0.0,2.3214285714285716,24.437142857142856,79.47
East,2014-04-13,2014-04-07,2014-04-13,30,8,0,0.0,2.18,24.622857142857146,76.32285714285715
East,2014-04-20,2014-04-14,2014-04-20,242,132,3,2.272727272727273,5.464285714285714,24.135714285714283,81.81428571428572
East,2014-04-27,2014-04-21,2014-04-27,4,0,0,0.0,4.247142857142856,23.948571428571427,84.03285714285713
East,2014-05-04,2014-04-28,2014-05-04,37,17,0,0.0,4.640000000000001,24.068571428571428,83.49285714285715
East,2014-05-11,2014-05-05,2014-05-11,0,0,0,0.0,5.859999999999999,23.784285714285716,85.3457142857143
East,2014-05-18,2014-05-12,2014-05-18,174,85,4,4.705882352941177,4.458571428571429,23.657142857142862,84.58428571428571
East,2014-05-25,2014-05-19,2014-05-25,79,13,0,0.0,3.2085714285714286,23.937142857142856,83.15428571428572
East,2014-06-01,2014-05-26,2014-06-01,0,0,0,0.0,7.855714285714285,23.624285714285715,84.15857142857143
East,2014-06-08,2014-06-02,2014-06-08,201,97,1,1.0309278350515465,7.818571428571429,23.912857142857145,82.50428571428571
East,2014-06-15,2014-06-09,2014-06-15,145,35,1,2.857142857142857,4.885714285714286,23.464285714285715,85.07857142857142
East,2014-06-22,2014-06-16,2014-06-22,0,0,0,0.0,4.827142857142857,23.602857142857143,82.96714285714286
East,2014-06-29,2014-06-23,2014-06-29,40,17,1,5.88235294117647,4.964285714285714,22.972857142857144,84.25
East,2014-07-06,2014-06-30,2014-07-06,64,33,0,0.0,4.6000000000000005,23.037142857142857,84.91857142857143
East,2014-07-13,2014-07-07,2014-07-13,79,0,0,0.0,2.3757142857142854,23.079999999999995,80.12857142857142
East,2014-07-20,2014-07-14,2014-07-20,87,50,1,2.0,1.9585714285714286,23.26571428571429,81.53142857142858
East,2014-07-27,2014-07-21,2014-07-27,23,14,0,0.0,3.434285714285714,22.88,82.55142857142857
East,2014-08-03,2014-07-28,2014-08-03,364,235,2,0.851063829787234,4.945714285714286,22.81714285714286,83.93571428571428
East,2014-08-10,2014-08-04,2014-08-10,0,0,0,0.0,4.331428571428572,22.224285714285713,84.99285714285713
East,2014-08-17,2014-08-11,2014-08-17,0,0,0,0.0,5.892857142857143,22.092857142857138,84.97857142857143
East,2014-08-24,2014-08-18,2014-08-24,91,34,0,0.0,8.017142857142858,21.572857142857142,87.17571428571429
East,2014-08-31,2014-08-25,2014-08-31,163,38,0,0.0,5.207142857142857,22.592857142857145,84.69857142857143
East,2014-09-07,2014-09-01,2014-09-07,0,0,0,0.0,6.978571428571428,21.752857142857145,87.44714285714285
East,2014-09-14,2014-09-08,2014-09-14,321,31,1,3.225806451612903,8.462857142857143,22.735714285714288,84.20142857142856
East,2014-09-21,2014-09-15,2014-09-21,72,16,0,0.0,12.430000000000001,22.382857142857144,84.30714285714286
East,2014-09-28,2014-09-22,2014-09-28,354,109,2,1.834862385321101,9.434285714285712,22.58714285714285,83.83
East,2014-10-05,2014-09-29,2014-10-05,325,114,2,1.7543859649122806,7.198571428571428,22.474285714285713,85.17285714285715
East,2014-10-12,2014-10-06,2014-10-12,64,39,0,0.0,3.497142857142857,23.251428571428573,84.27714285714286
East,2014-10-19,2014-10-13,2014-10-19,38,12,0,0.0,5.177142857142857,22.80285714285714,86.11142857142856
East,2014-10-26,2014-10-20,2014-10-26,272,55,0,0.0,3.3628571428571425,22.960000000000004,84.42571428571429
East,2014-11-02,2014-10-27,2014-11-02,164,63,1,1.5873015873015872,3.62,22.715714285714284,86.80999999999999
East,2014-11-09,2014-11-03,2014-11-09,170,35,1,2.857142857142857,1.9642857142857142,23.011428571428574,85.45857142857143
East,2014-11-16,2014-11-10,2014-11-16,57,10,0,0.0,1.1771428571428573,23.30285714285714,83.03571428571426
East,2014-11-23,2014-11-17,2014-11-23,0,0,0,0.0,0.5,23.104285714285712,79.69857142857144
East,2014-11-30,2014-11-24,2014-11-30,73,15,0,0.0,0.7371428571428572,23.07571428571428,78.10285714285715
East,2014-12-07,2014-12-01,2014-12-07,0,0,0,0.0,0.09428571428571429,23.31142857142857,68.5
East,2014-12-14,2014-12-08,2014-12-14,0,0,0,0.0,0.6457142857142857,24.169999999999998,69.49285714285715
East,2014-12-21,2014-12-15,2014-12-21,26,0,0,0.0,0.0,23.017142857142854,58.07142857142857
East,2014-12-28,2014-12-22,2014-12-28,0,0,0,0.0,0.0,23.017142857142854,52.50428571428571
East,2015-01-04,2014-12-29,2015-01-04,17,0,0,0.0,0.0014285714285714286,23.689999999999998,46.30857142857143
East,2015-01-11,2015-01-05,2015-01-11,43,5,0,0.0,0.0,21.214285714285715,39.52285714285715
East,2015-01-18,2015-01-12,2015-01-18,16,7,0,0.0,0.0,22.42142857142857,37.779999999999994
East,2015-01-25,2015-01-19,2015-01-25,34,15,0,0.0,0.0014285714285714286,25.225714285714286,41.02428571428572
East,2015-02-01,2015-01-26,2015-02-01,16,0,0,0.0,0.47428571428571425,25.68285714285714,53.31142857142857
East,2015-02-08,2015-02-02,2015-02-08,0,0,0,0.0,0.2414285714285714,26.80142857142857,55.75142857142857
East,2015-02-15,2015-02-09,2015-02-15,0,0,0,0.0,0.82,26.508571428571425,61.23571428571429
East,2015-02-22,2015-02-16,2015-02-22,0,0,0,0.0,2.1585714285714284,26.50142857142857,63.199999999999996
East,2015-03-01,2015-02-23,2015-03-01,23,0,0,0.0,0.2642857142857143,26.032857142857146,58.81142857142857
East,2015-03-08,2015-03-02,2015-03-08,13,0,0,0.0,0.45,26.484285714285722,56.56428571428571
East,2015-03-15,2015-03-09,2015-03-15,18,9,0,0.0,0.7542857142857141,26.42428571428572,65.83
East,2015-03-22,2015-03-16,2015-03-22,122,61,1,1.639344262295082,0.83,26.87,65.77714285714285
East,2015-03-29,2015-03-23,2015-03-29,37,19,0,0.0,0.7928571428571428,26.26142857142857,69.22428571428573
East,2015-04-05,2015-03-30,2015-04-05,90,45,1,2.2222222222222223,2.107142857142857,25.18285714285714,68.69285714285714
East,2015-04-12,2015-04-06,2015-04-12,209,94,2,2.127659574468085,5.352857142857142,24.702857142857145,78.64999999999999
East,2015-04-19,2015-04-13,2015-04-19,19,12,0,0.0,0.9614285714285715,25.09142857142857,73.18714285714285
East,2015-04-26,2015-04-20,2015-04-26,61,0,0,0.0,4.877142857142857,24.762857142857143,77.5
East,2015-05-03,2015-04-27,2015-05-03,88,0,0,0.0,3.73,24.45714285714286,79.30428571428571
East,2015-05-10,2015-05-04,2015-05-10,61,10,0,0.0,2.5657142857142854,23.67571428571429,83.55857142857143
East,2015-05-17,2015-05-11,2015-05-17,0,0,0,0.0,7.128571428571428,23.914285714285715,85.05
East,2015-05-24,2015-05-18,2015-05-24,266,171,4,2.3391812865497075,3.8028571428571425,24.29,83.26571428571427
East,2015-05-31,2015-05-25,2015-05-31,191,53,1,1.8867924528301887,12.089999999999998,23.634285714285713,85.71571428571428
East,2015-06-07,2015-06-01,2015-06-07,127,0,0,0.0,3.561428571428572,23.264285714285716,83.21714285714286
East,2015-06-14,2015-06-08,2015-06-14,21,5,0,0.0,3.5228571428571422,23.42142857142857,81.79285714285713
East,2015-06-21,2015-06-15,2015-06-21,299,120,2,1.6666666666666667,4.871428571428571,23.54714285714286,83.68142857142858
East,2015-06-28,2015-06-22,2015-06-28,105,0,0,0.0,5.017142857142858,23.37,82.33714285714287
East,2015-07-05,2015-06-29,2015-07-05,0,0,0,0.0,7.541428571428571,23.310000000000002,85.85
East,2015-07-12,2015-07-06,2015-07-12,3,2,0,0.0,3.574285714285714,23.641428571428573,83.81571428571428
East,2015-07-19,2015-07-13,2015-07-19,22,0,1,0.0,5.372857142857143,23.978571428571428,81.28285714285714
East,2015-07-26,2015-07-20,2015-07-26,18,11,0,0.0,13.437142857142858,22.721428571428568,84.29285714285716
East,2015-08-02,2015-07-27,2015-08-02,301,84,2,2.380952380952381,5.942857142857143,22.777142857142856,84.96714285714286
East,2015-08-09,2015-08-03,2015-08-09,75,7,0,0.0,6.694285714285714,22.529999999999998,85.38857142857144
East,2015-08-16,2015-08-10,2015-08-16,0,0,0,0.0,5.071428571428571,23.240000000000002,84.82000000000001
East,2015-08-23,2015-08-17,2015-08-23,178,42,0,0.0,4.972857142857143,23.198571428571427,82.16999999999999
East,2015-08-30,2015-08-24,2015-08-30,0,0,0,0.0,9.37142857142857,22.83857142857143,85.20857142857142
East,2015-09-06,2015-08-31,2015-09-06,50,0,0,0.0,11.280000000000001,22.91,85.75714285714285
East,2015-09-13,2015-09-07,2015-09-13,98,0,0,0.0,4.194285714285715,23.098571428571432,84.73142857142857
East,2015-09-20,2015-09-14,2015-09-20,71,47,1,2.127659574468085,12.141428571428573,22.64142857142857,85.47285714285715
East,2015-09-27,2015-09-21,2015-09-27,82,0,0,0.0,3.571428571428572,23.041428571428572,82.50428571428571
East,2015-10-04,2015-09-28,2015-10-04,0,0,0,0.0,4.567142857142857,23.10571428571429,84.50714285714285
East,2015-10-11,2015-10-05,2015-10-11,208,37,1,2.702702702702702,2.537142857142857,23.267142857142854,82.60142857142857
East,2015-10-18,2015-10-12,2015-10-18,83,33,0,0.0,4.184285714285713,23.54,83.56857142857145
East,2015-10-25,2015-10-19,2015-10-25,206,42,0,0.0,5.140000000000001,22.958571428571428,86.63714285714286
East,2015-11-01,2015-10-26,2015-11-01,0,0,0,0.0,13.559999999999999,22.701428571428572,88.31857142857145
East,2015-11-08,2015-11-02,2015-11-08,0,0,0,0.0,4.171428571428572,22.94,85.27428571428571
East,2015-11-15,2015-11-09,2015-11-15,216,26,1,3.8461538461538463,0.9299999999999999,23.397142857142857,77.99000000000001
East,2015-11-22,2015-11-16,2015-11-22,9,4,0,0.0,0.39142857142857146,22.935714285714287,73.52285714285713
East,2015-11-29,2015-11-23,2015-11-29,0,0,0,0.0,0.25,23.28714285714286,68.98857142857142
East,2015-12-06,2015-11-30,2015-12-06,32,8,0,0.0,0.008571428571428572,22.99857142857143,65.35
East,2015-12-13,2015-12-07,2015-12-13,0,0,0,0.0,0.0071428571428571435,22.16,59.65428571428571
East,2015-12-20,2015-12-14,2015-12-20,23,10,0,0.0,0.0,21.562857142857144,53.07285714285714
East,2015-12-27,2015-12-21,2015-12-27,62,24,0,0.0,0.0,22.524285714285718,52.20857142857142
East,2016-01-10,2016-01-04,2016-01-10,0,0,0,0.0,0.0,25.458571428571428,44.80714285714286
East,2016-01-17,2016-01-11,2016-01-17,0,0,0,0.0,0.0,25.488571428571426,37.691428571428574
East,2016-01-24,2016-01-18,2016-01-24,0,0,0,0.0,0.0,25.61285714285714,35.30142857142857
East,2016-01-31,2016-01-25,2016-01-31,12,5,0,0.0,0.0,24.347142857142853,33.07285714285714
East,2016-02-07,2016-02-01,2016-02-07,80,21,1,4.761904761904762,0.0,26.23,34.02571428571428
East,2016-02-14,2016-02-08,2016-02-14,7,4,0,0.0,0.0,25.849999999999998,30.390000000000004
East,2016-02-21,2016-02-15,2016-02-21,43,15,0,0.0,0.022857142857142857,28.117142857142856,33.371428571428574
East,2016-02-28,2016-02-22,2016-02-28,0,0,0,0.0,0.02428571428571429,28.678571428571427,35.67857142857143
East,2016-03-06,2016-02-29,2016-03-06,30,8,0,0.0,0.9771428571428572,28.47714285714286,54.91000000000001
East,2016-03-13,2016-03-07,2016-03-13,53,28,1,3.571428571428571,2.1514285714285717,26.79,68.47857142857143
East,2016-03-20,2016-03-14,2016-03-20,45,24,1,4.166666666666666,4.204285714285715,25.952857142857145,73.14285714285714
East,2016-03-27,2016-03-21,2016-03-27,82,27,1,3.7037037037037033,4.291428571428571,25.887142857142855,79.33714285714287
East,2016-04-03,2016-03-28,2016-04-03,69,36,0,0.0,2.2214285714285715,25.55142857142857,78.08285714285714
East,2016-04-10,2016-04-04,2016-04-10,3,0,0,0.0,9.507142857142858,24.357142857142858,84.21857142857142
East,2016-04-17,2016-04-11,2016-04-17,93,27,1,3.7037037037037033,16.10857142857143,24.639999999999997,84.90142857142857
East,2016-04-24,2016-04-18,2016-04-24,69,42,1,2.380952380952381,3.6700000000000004,24.708571428571428,82.08428571428571
East,2016-05-01,2016-04-25,2016-05-01,47,25,0,0.0,3.670000000000001,24.384285714285713,84.83571428571429
East,2016-05-08,2016-05-02,2016-05-08,56,6,0,0.0,4.83142857142857,23.631428571428568,87.12285714285716
East,2016-05-15,2016-05-09,2016-05-15,0,0,0,0.0,7.888571428571429,23.900000000000002,87.06285714285714
East,2016-05-22,2016-05-16,2016-05-22,13,8,0,0.0,3.9728571428571433,23.98285714285714,85.33000000000001
East,2016-05-29,2016-05-23,2016-05-29,176,0,0,0.0,12.284285714285716,23.47142857142857,85.11
East,2016-06-05,2016-05-30,2016-06-05,158,91,2,2.197802197802198,8.205714285714285,23.44857142857143,84.76999999999998
East,2016-06-12,2016-06-06,2016-06-12,0,0,0,0.0,10.290000000000001,23.812857142857144,84.16428571428571
East,2016-06-19,2016-06-13,2016-06-19,136,65,0,0.0,5.477142857142858,22.365714285714287,87.42142857142858
East,2016-06-26,2016-06-20,2016-06-26,81,32,0,0.0,9.964285714285714,22.507142857142856,85.53571428571429
East,2016-07-03,2016-06-27,2016-07-03,0,0,0,0.0,3.527142857142857,23.080000000000002,84.21714285714286
East,2016-07-10,2016-07-04,2016-07-10,42,18,0,0.0,5.292857142857144,23.364285714285717,82.67285714285715
East,2016-07-17,2016-07-11,2016-07-17,59,0,0,0.0,8.179999999999998,22.188571428571432,85.52285714285715
East,2016-07-24,2016-07-18,2016-07-24,110,17,0,0.0,6.46,22.945714285714292,84.41714285714285
East,2016-07-31,2016-07-25,2016-07-31,25,9,0,0.0,5.011428571428572,22.101428571428578,88.0657142857143
East,2016-08-07,2016-08-01,2016-08-07,0,0,0,0.0,7.224285714285714,22.575714285714287,87.0185714285714
East,2016-08-14,2016-08-08,2016-08-14,21,8,0,0.0,5.155714285714287,22.34142857142857,87.43999999999998
East,2016-08-21,2016-08-15,2016-08-21,54,13,0,0.0,5.138571428571429,23.118571428571432,83.84142857142857
East,2016-08-28,2016-08-22,2016-08-28,97,0,0,0.0,5.444285714285714,22.41857142857143,85.50428571428573
East,2016-09-04,2016-08-29,2016-09-04,124,72,0,0.0,7.225714285714285,22.958571428571425,84.78428571428572
East,2016-09-11,2016-09-05,2016-09-11,0,0,0,0.0,5.428571428571429,23.32428571428571,84.32714285714285
East,2016-09-18,2016-09-12,2016-09-18,410,143,3,2.097902097902098,10.137142857142859,22.231428571428573,85.28999999999999
East,2016-09-25,2016-09-19,2016-09-25,40,10,0,0.0,6.6000000000000005,22.404285714285713,87.88714285714285
East,2016-10-02,2016-09-26,2016-10-02,324,156,3,1.9230769230769231,8.797142857142857,22.919999999999998,85.92571428571429
East,2016-10-09,2016-10-03,2016-10-09,98,20,0,0.0,7.0214285714285705,22.96571428571428,86.39428571428572
East,2016-10-16,2016-10-10,2016-10-16,62,0,0,0.0,5.711428571428572,23.414285714285718,82.80714285714285
East,2016-10-23,2016-10-17,2016-10-23,157,52,1,1.9230769230769231,2.4857142857142853,23.189999999999998,82.67999999999999
East,2016-10-30,2016-10-24,2016-10-30,0,0,0,0.0,4.720000000000001,23.12857142857143,85.55857142857144
East,2016-11-06,2016-10-31,2016-11-06,184,0,0,0.0,3.2328571428571427,23.215714285714284,84.71000000000001
East,2016-11-13,2016-11-07,2016-11-13,0,0,0,0.0,0.9585714285714284,22.962857142857143,79.25571428571428
East,2016-11-20,2016-11-14,2016-11-20,57,13,0,0.0,1.6671428571428568,23.06142857142857,83.75142857142855
East,2016-11-27,2016-11-21,2016-11-27,0,0,0,0.0,1.78,23.721428571428568,80.81285714285714
East,2016-12-04,2016-11-28,2016-12-04,34,0,0,0.0,2.5,23.73428571428571,80.31857142857143
East,2016-12-11,2016-12-05,2016-12-11,0,0,0,0.0,0.15571428571428572,23.157142857142855,77.77
East,2016-12-18,2016-12-12,2016-12-18,0,0,0,0.0,0.05714285714285715,23.21142857142857,71.68428571428572
East,2016-12-25,2016-12-19,2016-12-25,0,0,0,0.0,0.018571428571428572,23.148571428571433,68.94
East,2017-01-01,2016-12-26,2017-01-01,37,0,0,0.0,0.0,22.330000000000002,64.01
East,2017-01-08,2017-01-02,2017-01-08,0,0,0,0.0,0.0,22.92571428571429,60.80857142857143
East,2017-01-15,2017-01-09,2017-01-15,0,0,0,0.0,0.0,24.017142857142858,60.962857142857146
East,2017-01-22,2017-01-16,2017-01-22,0,0,0,0.0,0.14857142857142858,25.131428571428568,63.14714285714286
East,2017-01-29,2017-01-23,2017-01-29,0,0,0,0.0,0.48714285714285716,24.927142857142858,71.97
East,2017-02-05,2017-01-30,2017-02-05,0,0,0,0.0,0.08,25.27,60.31428571428571
East,2017-02-12,2017-02-06,2017-02-12,16,0,0,0.0,0.01,25.050000000000004,47.295714285714276
East,2017-02-19,2017-02-13,2017-02-19,0,0,0,0.0,0.0,24.66571428571428,46.888571428571424
East,2017-02-26,2017-02-20,2017-02-26,13,3,0,0.0,0.10571428571428572,26.43,54.54142857142857
East,2017-03-05,2017-02-27,2017-03-05,13,0,0,0.0,0.20857142857142857,26.694285714285712,56.39
East,2017-03-12,2017-03-06,2017-03-12,109,38,1,2.631578947368421,1.4671428571428573,25.85285714285714,67.48714285714286
East,2017-03-19,2017-03-13,2017-03-19,0,0,0,0.0,0.8400000000000001,26.59714285714286,63.85
East,2017-03-26,2017-03-20,2017-03-26,0,0,0,0.0,2.232857142857143,25.665714285714284,73.9857142857143
East,2017-04-02,2017-03-27,2017-04-02,148,23,0,0.0,4.254285714285715,25.428571428571427,75.81142857142856
East,2017-04-09,2017-04-03,2017-04-09,0,0,0,0.0,3.552857142857143,24.892857142857142,78.06857142857143
East,2017-04-16,2017-04-10,2017-04-16,19,7,0,0.0,7.321428571428571,24.675714285714285,82.01571428571428
East,2017-04-23,2017-04-17,2017-04-23,28,10,0,0.0,8.411428571428571,24.5,81.26857142857143
East,2017-04-30,2017-04-24,2017-04-30,35,0,0,0.0,1.5685714285714287,24.25857142857143,82.12428571428572
East,2017-05-07,2017-05-01,2017-05-07,80,50,1,2.0,3.6485714285714286,23.594285714285714,83.82142857142857
East,2017-05-14,2017-05-08,2017-05-14,162,44,1,2.272727272727273,4.574285714285715,24.367142857142856,83.04285714285716
East,2017-05-21,2017-05-15,2017-05-21,86,29,0,0.0,5.159999999999999,24.0,82.5457142857143
East,2017-05-28,2017-05-22,2017-05-28,130,22,0,0.0,9.872857142857143,24.025714285714287,82.01714285714286
East,2017-06-04,2017-05-29,2017-06-04,0,0,0,0.0,3.912857142857143,23.912857142857145,83.82428571428572
East,2017-06-11,2017-06-05,2017-06-11,71,45,0,0.0,4.1657142857142855,24.244285714285716,83.17714285714285
East,2017-06-18,2017-06-12,2017-06-18,0,0,0,0.0,7.685714285714286,23.125714285714285,85.18714285714285
East,2017-06-25,2017-06-19,2017-06-25,0,0,0,0.0,4.485714285714286,23.111428571428572,83.36571428571429
East,2017-07-02,2017-06-26,2017-07-02,67,38,1,2.631578947368421,3.755714285714286,22.917142857142856,84.03285714285714
East,2017-07-09,2017-07-03,2017-07-09,204,98,2,2.0408163265306123,3.942857142857143,22.52,84.76285714285714
East,2017-07-16,2017-07-10,2017-07-16,31,14,0,0.0,10.912857142857144,22.458571428571428,84.5957142857143
East,2017-07-23,2017-07-17,2017-07-23,181,109,1,0.9174311926605504,24.231428571428577,22.898571428571426,84.50571428571429
East,2017-07-30,2017-07-24,2017-07-30,75,0,0,0.0,5.905714285714287,22.81714285714286,84.95857142857142
East,2017-08-06,2017-07-31,2017-08-06,416,123,3,2.4390243902439024,15.59142857142857,22.428571428571427,87.24428571428572
East,2017-08-13,2017-08-07,2017-08-13,0,0,0,0.0,3.7628571428571433,22.934285714285714,81.70714285714284
East,2017-08-20,2017-08-14,2017-08-20,0,0,0,0.0,3.5742857142857143,22.752857142857145,85.24428571428571
East,2017-08-27,2017-08-21,2017-08-27,0,0,0,0.0,6.507142857142858,22.314285714285713,86.07000000000002
East,2017-09-03,2017-08-28,2017-09-03,71,0,0,0.0,8.925714285714283,22.291428571428575,87.34142857142857
East,2017-09-10,2017-09-04,2017-09-10,67,31,0,0.0,5.054285714285714,22.417142857142856,85.19285714285715
East,2017-09-17,2017-09-11,2017-09-17,142,13,0,0.0,9.097142857142858,22.48714285714286,86.75
East,2017-09-24,2017-09-18,2017-09-24,391,164,2,1.2195121951219512,6.49,23.21,83.75999999999999
East,2017-10-01,2017-09-25,2017-10-01,205,0,0,0.0,6.8100000000000005,22.49285714285714,85.79571428571428
East,2017-10-08,2017-10-02,2017-10-08,362,29,1,3.4482758620689653,10.80142857142857,23.33142857142857,83.74857142857142
East,2017-10-15,2017-10-09,2017-10-15,252,109,2,1.834862385321101,3.205714285714286,22.80142857142857,85.1457142857143
East,2017-10-22,2017-10-16,2017-10-22,3,1,0,0.0,8.968571428571428,23.611428571428572,85.04714285714286
East,2017-10-29,2017-10-23,2017-10-29,60,0,0,0.0,2.6971428571428575,23.034285714285716,86.36714285714285
East,2017-11-05,2017-10-30,2017-11-05,37,17,0,0.0,3.0985714285714283,22.56,85.3157142857143
East,2017-11-12,2017-11-06,2017-11-12,0,0,0,0.0,1.27,22.83285714285714,82.97000000000001
East,2017-11-19,2017-11-13,2017-11-19,0,0,0,0.0,2.9814285714285718,23.294285714285714,83.95142857142858
East,2017-11-26,2017-11-20,2017-11-26,31,9,0,0.0,1.5,22.304285714285715,79.78714285714285
East,2017-12-03,2017-11-27,2017-12-03,0,0,0,0.0,0.61,22.400000000000002,74.9442857142857
East,2017-12-10,2017-12-04,2017-12-10,40,22,0,0.0,0.037142857142857144,23.25142857142857,74.97142857142856
East,2017-12-17,2017-12-11,2017-12-17,0,0,0,0.0,0.10428571428571429,23.422857142857143,74.45285714285714
East,2017-12-24,2017-12-18,2017-12-24,130,51,1,1.96078431372549,0.6142857142857144,23.96285714285714,71.76428571428572
East,2017-12-31,2017-12-25,2017-12-31,0,0,0,0.0,0.005714285714285714,22.731428571428573,63.53285714285715
East,2018-08-26,2018-08-20,2018-08-26,230,145,1,0.6896551724137931,6.595714285714285,22.10714285714286,86.53285714285714
East,2019-12-29,2018-12-31,2019-12-29,12,0,0,0.0,4.2385164835164835,23.549258241758242,78.71642857142857
Far North,2010-01-10,2010-01-04,2010-01-10,186,43,0,0.0,0.0,25.154285714285713,13.404285714285717
Far North,2010-01-17,2010-01-11,2010-01-17,62,31,0,0.0,0.0,25.830000000000002,14.358571428571429
Far North,2010-01-24,2010-01-18,2010-01-24,73,35,0,0.0,0.0,24.84142857142857,16.852857142857143
Far North,2010-01-31,2010-01-25,2010-01-31,0,0,0,0.0,0.0,29.279999999999998,15.941428571428572
Far North,2010-02-07,2010-02-01,2010-02-07,49,4,0,0.0,0.0,27.254285714285714,14.282857142857141
Far North,2010-02-14,2010-02-08,2010-02-14,57,31,0,0.0,0.0,28.562857142857148,11.681428571428572
Far North,2010-02-21,2010-02-15,2010-02-21,111,25,1,4.0,0.0,31.911428571428576,11.485714285714286
Far North,2010-02-28,2010-02-22,2010-02-28,138,34,1,2.941176470588235,0.0,30.81714285714285,10.145714285714288
Far North,2010-03-07,2010-03-01,2010-03-07,98,30,0,0.0,0.0,29.464285714285715,9.132857142857144
Far North,2010-03-14,2010-03-08,2010-03-14,127,29,0,0.0,0.005714285714285714,32.44571428571429,15.667142857142855
Far North,2010-03-21,2010-03-15,2010-03-21,373,163,8,4.9079754601227,0.03285714285714286,30.881428571428575,24.08285714285714
Far North,2010-03-28,2010-03-22,2010-03-28,92,24,0,0.0,0.0,28.82714285714286,10.597142857142858
Far North,2010-04-04,2010-03-29,2010-04-04,100,25,1,4.0,0.0,30.847142857142853,8.501428571428571
Far North,2010-04-11,2010-04-05,2010-04-11,92,26,0,0.0,0.3985714285714286,32.59857142857143,15.068571428571428
Far North,2010-04-18,2010-04-12,2010-04-18,287,140,2,1.4285714285714286,2.052857142857143,33.46,36.99857142857143
Far North,2010-04-25,2010-04-19,2010-04-25,189,26,1,3.8461538461538463,0.8542857142857143,33.354285714285716,41.51571428571429
Far North,2010-05-02,2010-04-26,2010-05-02,620,25,0,0.0,2.0114285714285716,30.59142857142857,55.854285714285716
Far North,2010-05-09,2010-05-03,2010-05-09,211,78,2,2.564102564102564,0.4785714285714286,31.792857142857137,50.01
Far North,2010-05-16,2010-05-10,2010-05-16,280,92,2,2.1739130434782608,0.6314285714285715,34.308571428571426,43.02571428571428
Far North,2010-05-23,2010-05-17,2010-05-23,335,41,0,0.0,0.45999999999999996,33.261428571428574,46.11
Far North,2010-05-30,2010-05-24,2010-05-30,503,119,6,5.042016806722689,1.4142857142857141,32.465714285714284,49.63428571428572
Far North,2010-06-06,2010-05-31,2010-06-06,565,256,8,3.125,5.378571428571428,29.15428571428572,64.98142857142858
Far North,2010-06-13,2010-06-07,2010-06-13,402,243,8,3.292181069958848,3.8514285714285714,29.322857142857146,61.53000000000001
Far North,2010-06-20,2010-06-14,2010-06-20,218,82,3,3.658536585365853,3.2471428571428573,29.830000000000002,61.07142857142857
Far North,2010-06-27,2010-06-21,2010-06-27,476,212,5,2.358490566037736,4.837142857142857,28.761428571428574,66.83857142857143
Far North,2010-07-04,2010-06-28,2010-07-04,464,203,8,3.940886699507389,2.18,28.548571428571428,64.22999999999999
Far North,2010-07-11,2010-07-05,2010-07-11,664,221,8,3.619909502262444,4.897142857142858,27.36428571428571,70.52142857142857
Far North,2010-07-18,2010-07-12,2010-07-18,1164,460,11,2.391304347826087,5.968571428571429,26.43857142857143,75.67571428571429
Far North,2010-07-25,2010-07-19,2010-07-25,1142,353,12,3.39943342776204,8.69142857142857,24.54714285714286,84.35000000000001
Far North,2010-08-01,2010-07-26,2010-08-01,651,104,3,2.8846153846153846,5.104285714285715,24.697142857142858,84.64
Far North,2010-08-08,2010-08-02,2010-08-08,1310,360,23,6.388888888888888,7.255714285714286,25.427142857142858,85.00714285714287
Far North,2010-08-15,2010-08-09,2010-08-15,1364,366,15,4.098360655737705,5.958571428571429,24.73714285714286,83.25571428571428
Far North,2010-08-22,2010-08-16,2010-08-22,1413,444,25,5.63063063063063,8.959999999999999,25.205714285714286,85.00285714285714
Far North,2010-08-29,2010-08-23,2010-08-29,1302,425,24,5.647058823529412,15.598571428571429,24.714285714285715,87.03
Far North,2010-09-05,2010-08-30,2010-09-05,1224,451,20,4.434589800443459,3.7728571428571427,24.665714285714284,88.03714285714285
Far North,2010-09-12,2010-09-06,2010-09-12,1167,454,24,5.286343612334802,2.3042857142857143,24.76428571428571,85.02285714285715
Far North,2010-09-19,2010-09-13,2010-09-19,1434,537,16,2.97951582867784,4.642857142857143,25.384285714285713,81.75714285714287
Far North,2010-09-26,2010-09-20,2010-09-26,1032,366,10,2.73224043715847,2.005714285714286,25.077142857142853,83.92571428571429
Far North,2010-10-10,2010-10-04,2010-10-10,1276,292,10,3.424657534246576,3.528571428571429,25.96,78.5942857142857
Far North,2010-10-17,2010-10-11,2010-10-17,667,281,12,4.270462633451958,0.7285714285714286,26.751428571428573,75.85142857142856
Far North,2010-10-24,2010-10-18,2010-10-24,1041,515,10,1.9417475728155336,2.637142857142858,26.101428571428574,79.09142857142857
Far North,2010-10-31,2010-10-25,2010-10-31,891,417,9,2.158273381294964,0.028571428571428574,26.844285714285714,70.66428571428571
Far North,2010-11-07,2010-11-01,2010-11-07,521,101,4,3.96039603960396,0.005714285714285714,27.502857142857145,55.25142857142857
Far North,2010-11-14,2010-11-08,2010-11-14,428,160,3,1.875,0.005714285714285714,26.67142857142857,51.41142857142857
Far North,2010-11-21,2010-11-15,2010-11-21,388,114,3,2.631578947368421,0.0,27.442857142857143,43.712857142857146
Far North,2010-11-28,2010-11-22,2010-11-28,457,182,4,2.197802197802198,0.0,27.23428571428571,38.34428571428571
Far North,2010-12-05,2010-11-29,2010-12-05,229,72,2,2.7777777777777777,0.0,26.71857142857143,26.400000000000002
Far North,2010-12-12,2010-12-06,2010-12-12,236,75,2,2.666666666666667,0.0,23.31142857142857,19.611428571428576
Far North,2010-12-19,2010-12-13,2010-12-19,119,44,0,0.0,0.0,25.82428571428571,21.3
Far North,2010-12-26,2010-12-20,2010-12-26,149,21,0,0.0,0.0,24.208571428571425,15.722857142857142
Far North,2011-01-02,2010-12-27,2011-01-02,119,2,0,0.0,0.0,23.632857142857144,17.705714285714286
Far North,2011-01-09,2011-01-03,2011-01-09,117,57,1,1.7543859649122806,0.0,24.64428571428572,20.09857142857143
Far North,2011-01-16,2011-01-10,2011-01-16,105,22,0,0.0,0.0,21.724285714285713,17.174285714285713
Far North,2011-01-23,2011-01-17,2011-01-23,118,37,1,2.702702702702702,0.0,22.611428571428576,19.898571428571433
Far North,2011-01-30,2011-01-24,2011-01-30,4,1,0,0.0,0.0,27.054285714285715,12.204285714285714
Far North,2011-02-06,2011-01-31,2011-02-06,473,181,3,1.6574585635359116,0.0,29.268571428571427,15.97285714285714
Far North,2011-02-13,2011-02-07,2011-02-13,0,0,0,0.0,0.0,28.344285714285714,18.897142857142857
Far North,2011-02-20,2011-02-14,2011-02-20,177,56,2,3.571428571428571,0.0,29.27,11.88
Far North,2011-02-27,2011-02-21,2011-02-27,226,67,2,2.985074626865672,0.011428571428571429,30.252857142857142,19.492857142857144
Far North,2011-03-06,2011-02-28,2011-03-06,100,38,1,2.631578947368421,0.0,31.142857142857146,15.607142857142856
Far North,2011-03-13,2011-03-07,2011-03-13,194,0,0,0.0,0.0,30.194285714285712,10.905714285714284
Far North,2011-03-20,2011-03-14,2011-03-20,230,141,3,2.127659574468085,0.0,29.517142857142858,9.695714285714285
Far North,2011-03-27,2011-03-21,2011-03-27,212,93,1,1.0752688172043012,0.012857142857142857,31.472857142857144,10.745714285714286
Far North,2011-04-03,2011-03-28,2011-04-03,225,70,1,1.4285714285714286,0.0,31.12142857142857,10.162857142857144
Far North,2011-04-10,2011-04-04,2011-04-10,281,57,1,1.7543859649122806,0.1557142857142857,31.205714285714286,11.184285714285712
Far North,2011-04-17,2011-04-11,2011-04-17,119,46,0,0.0,0.021428571428571432,33.07714285714286,19.770000000000003
Far North,2011-04-24,2011-04-18,2011-04-24,227,0,0,0.0,0.27714285714285714,34.61000000000001,22.05857142857143
Far North,2011-05-01,2011-04-25,2011-05-01,118,0,0,0.0,0.5271428571428572,33.160000000000004,42.39857142857143
Far North,2011-05-08,2011-05-02,2011-05-08,279,122,4,3.278688524590164,0.34857142857142864,33.824285714285715,39.82
Far North,2011-05-15,2011-05-09,2011-05-15,473,192,4,2.083333333333333,0.22428571428571428,32.410000000000004,44.39285714285713
Far North,2011-05-22,2011-05-16,2011-05-22,482,194,4,2.061855670103093,3.238571428571428,31.515714285714285,48.962857142857146
Far North,2011-05-29,2011-05-23,2011-05-29,496,71,1,1.4084507042253522,1.6314285714285712,29.099999999999998,61.244285714285716
Far North,2011-06-05,2011-05-30,2011-06-05,409,142,2,1.4084507042253522,2.8300000000000005,31.027142857142856,55.72714285714286
Far North,2011-06-12,2011-06-06,2011-06-12,451,96,1,1.0416666666666663,1.714285714285714,30.21,57.951428571428565
Far North,2011-06-19,2011-06-13,2011-06-19,244,38,2,5.263157894736842,3.0371428571428574,30.047142857142855,58.51285714285715
Far North,2011-06-26,2011-06-20,2011-06-26,625,251,5,1.99203187250996,4.9471428571428575,28.65285714285714,64.23714285714286
Far North,2011-07-03,2011-06-27,2011-07-03,873,221,6,2.7149321266968327,7.074285714285714,28.212857142857143,64.46857142857142
Far North,2011-07-10,2011-07-04,2011-07-10,770,272,7,2.5735294117647056,1.3142857142857143,27.97142857142857,64.94571428571429
Far North,2011-07-17,2011-07-11,2011-07-17,1112,168,7,4.166666666666666,4.822857142857143,26.57857142857143,71.51857142857143
Far North,2011-07-24,2011-07-18,2011-07-24,575,156,5,3.205128205128205,3.802857142857143,27.062857142857144,70.60285714285715
Far North,2011-07-31,2011-07-25,2011-07-31,650,236,7,2.9661016949152543,3.051428571428571,26.697142857142858,73.2042857142857
Far North,2011-08-07,2011-08-01,2011-08-07,1012,364,15,4.12087912087912,5.638571428571429,26.448571428571427,76.42
Far North,2011-08-14,2011-08-08,2011-08-14,1545,695,16,2.302158273381295,13.112857142857143,24.939999999999998,80.87285714285714
Far North,2011-08-21,2011-08-15,2011-08-21,1053,381,7,1.837270341207349,5.7628571428571425,24.501428571428573,84.4557142857143
Far North,2011-08-28,2011-08-22,2011-08-28,1539,437,9,2.059496567505721,5.024285714285715,25.054285714285715,82.43999999999998
Far North,2011-09-04,2011-08-29,2011-09-04,1138,227,8,3.524229074889868,6.3428571428571425,25.23857142857143,81.87714285714286
Far North,2011-09-11,2011-09-05,2011-09-11,1497,531,10,1.8832391713747645,6.504285714285715,25.161428571428566,82.3457142857143
Far North,2011-09-18,2011-09-12,2011-09-18,1440,577,14,2.4263431542461005,3.8128571428571427,24.14714285714286,84.63285714285713
Far North,2011-09-25,2011-09-19,2011-09-25,843,300,10,3.333333333333333,4.1328571428571435,25.71285714285714,80.94714285714285
Far North,2011-10-02,2011-09-26,2011-10-02,746,283,8,2.826855123674912,0.9814285714285713,26.029999999999998,78.22857142857143
Far North,2011-10-09,2011-10-03,2011-10-09,664,212,4,1.8867924528301887,2.3857142857142857,26.232857142857142,76.97571428571428
Far North,2011-10-16,2011-10-10,2011-10-16,750,245,5,2.0408163265306123,0.9485714285714287,26.62,73.97714285714287
Far North,2011-10-23,2011-10-17,2011-10-23,451,129,2,1.550387596899225,0.17142857142857146,26.954285714285714,70.50571428571428
Far North,2011-10-30,2011-10-24,2011-10-30,244,95,2,2.1052631578947367,0.027142857142857146,26.938571428571432,55.199999999999996
Far North,2011-11-06,2011-10-31,2011-11-06,297,90,2,2.2222222222222223,0.0,27.16,41.779999999999994
Far North,2011-11-13,2011-11-07,2011-11-13,320,100,1,1.0,0.0,26.85,37.31428571428571
Far North,2011-11-20,2011-11-14,2011-11-20,162,43,0,0.0,0.0,26.954285714285714,24.632857142857144
Far North,2011-11-27,2011-11-21,2011-11-27,67,35,0,0.0,0.0,23.95285714285714,21.815714285714282
Far North,2011-12-04,2011-11-28,2011-12-04,22,0,0,0.0,0.0,22.640000000000004,18.63
Far North,2011-12-18,2011-12-12,2011-12-18,65,23,0,0.0,0.0,23.138571428571428,18.24
Far North,2011-12-25,2011-12-19,2011-12-25,49,0,0,0.0,0.0,24.815714285714282,17.43
Far North,2012-01-01,2011-12-26,2012-01-01,78,23,0,0.0,0.0,25.877142857142854,18.344285714285714
Far North,2012-01-08,2012-01-02,2012-01-08,0,0,0,0.0,0.0,23.461428571428574,19.42285714285714
Far North,2012-01-15,2012-01-09,2012-01-15,0,0,0,0.0,0.0,22.54428571428571,17.587142857142858
Far North,2012-01-22,2012-01-16,2012-01-22,328,86,2,2.3255813953488373,0.0,24.904285714285717,17.265714285714285
Far North,2012-01-29,2012-01-23,2012-01-29,70,28,1,3.571428571428571,0.0,27.12,12.95142857142857
Far North,2012-02-05,2012-01-30,2012-02-05,234,18,0,0.0,0.0,27.73857142857143,14.332857142857142
Far North,2012-02-12,2012-02-06,2012-02-12,44,21,0,0.0,0.0,27.782857142857136,12.45857142857143
Far North,2012-02-19,2012-02-13,2012-02-19,121,62,0,0.0,0.0,29.85571428571428,14.519999999999998
Far North,2012-02-26,2012-02-20,2012-02-26,124,9,0,0.0,0.0,30.505714285714284,13.608571428571429
Far North,2012-03-04,2012-02-27,2012-03-04,0,0,0,0.0,0.0,29.877142857142854,12.832857142857142
Far North,2012-03-11,2012-03-05,2012-03-11,66,13,0,0.0,0.0,29.862857142857145,9.432857142857143
Far North,2012-03-18,2012-03-12,2012-03-18,227,32,0,0.0,0.0,30.088571428571424,12.525714285714287
Far North,2012-03-25,2012-03-19,2012-03-25,0,0,0,0.0,0.0,29.618571428571432,7.998571428571428
Far North,2012-04-01,2012-03-26,2012-04-01,147,20,0,0.0,0.29857142857142854,30.930000000000003,8.968571428571428
Far North,2012-04-08,2012-04-02,2012-04-08,121,59,1,1.694915254237288,0.8642857142857144,33.385714285714286,20.16142857142857
Far North,2012-04-15,2012-04-09,2012-04-15,170,61,1,1.639344262295082,0.32142857142857145,33.098571428571425,34.175714285714285
Far North,2012-04-22,2012-04-16,2012-04-22,237,69,1,1.4492753623188406,0.24,32.714285714285715,40.36142857142857
Far North,2012-04-29,2012-04-23,2012-04-29,28,10,0,0.0,0.5042857142857143,33.005714285714284,31.12
Far North,2012-05-06,2012-04-30,2012-05-06,118,29,1,3.4482758620689653,0.49714285714285716,35.199999999999996,31.087142857142855
Far North,2012-05-13,2012-05-07,2012-05-13,195,69,1,1.4492753623188406,3.405714285714286,29.90857142857143,57.027142857142856
Far North,2012-05-20,2012-05-14,2012-05-20,63,37,0,0.0,1.4271428571428573,31.27285714285714,51.521428571428565
Far North,2012-05-27,2012-05-21,2012-05-27,286,90,2,2.2222222222222223,3.7542857142857144,29.844285714285718,57.19857142857143
Far North,2012-06-03,2012-05-28,2012-06-03,299,68,0,0.0,6.898571428571428,28.201428571428572,66.90571428571428
Far North,2012-06-10,2012-06-04,2012-06-10,349,122,1,0.819672131147541,4.595714285714286,27.861428571428572,70.16285714285713
Far North,2012-06-17,2012-06-11,2012-06-17,223,131,3,2.2900763358778624,6.9,27.35571428571429,73.01428571428572
Far North,2012-06-24,2012-06-18,2012-06-24,79,34,1,2.941176470588235,2.222857142857143,27.201428571428572,70.26
Far North,2012-07-01,2012-06-25,2012-07-01,267,153,6,3.92156862745098,7.201428571428571,25.73857142857143,75.32285714285713
Far North,2012-07-08,2012-07-02,2012-07-08,326,134,2,1.4925373134328357,7.5585714285714305,25.20714285714286,79.69000000000001
Far North,2012-07-15,2012-07-09,2012-07-15,219,107,2,1.8691588785046729,3.632857142857143,25.65857142857143,79.2
Far North,2012-07-22,2012-07-16,2012-07-22,164,48,1,2.083333333333333,2.7514285714285713,25.277142857142856,80.72714285714287
Far North,2012-07-29,2012-07-23,2012-07-29,231,43,1,2.3255813953488373,4.328571428571428,25.49142857142857,79.87285714285714
Far North,2012-08-05,2012-07-30,2012-08-05,271,108,1,0.9259259259259258,9.694285714285714,25.52857142857143,81.26857142857143
Far North,2012-08-12,2012-08-06,2012-08-12,132,85,2,2.3529411764705883,5.415714285714286,24.907142857142855,83.44857142857143
Far North,2012-08-19,2012-08-13,2012-08-19,325,132,3,2.272727272727273,9.35142857142857,24.10571428571428,85.7957142857143
Far North,2012-08-26,2012-08-20,2012-08-26,283,76,2,2.631578947368421,9.352857142857143,24.277142857142856,85.86428571428573
Far North,2012-09-02,2012-08-27,2012-09-02,187,0,0,0.0,8.65857142857143,25.02,82.07428571428571
Far North,2012-09-09,2012-09-03,2012-09-09,106,31,0,0.0,6.970000000000001,24.479999999999997,83.89428571428572
Far North,2012-09-16,2012-09-10,2012-09-16,442,76,2,2.631578947368421,8.785714285714286,24.752857142857142,83.80999999999999
Far North,2012-09-23,2012-09-17,2012-09-23,160,42,0,0.0,5.589999999999999,24.995714285714286,81.49857142857142
Far North,2012-09-30,2012-09-24,2012-09-30,146,15,0,0.0,2.0785714285714287,25.65857142857143,79.70857142857142
Far North,2012-10-07,2012-10-01,2012-10-07,525,125,3,2.4,3.464285714285715,25.599999999999998,81.46142857142857
Far North,2012-10-14,2012-10-08,2012-10-14,294,19,0,0.0,1.717142857142857,26.178571428571427,76.97285714285714
Far North,2012-10-21,2012-10-15,2012-10-21,275,86,1,1.162790697674419,0.6242857142857144,26.562857142857144,73.82428571428571
Far North,2012-10-28,2012-10-22,2012-10-28,205,11,0,0.0,0.21285714285714286,26.595714285714287,72.65142857142857
Far North,2012-11-04,2012-10-29,2012-11-04,336,153,2,1.30718954248366,0.0,26.277142857142856,50.36571428571428
Far North,2012-11-11,2012-11-05,2012-11-11,43,12,0,0.0,1.1042857142857143,27.014285714285712,64.18714285714285
Far North,2012-11-18,2012-11-12,2012-11-18,66,15,1,6.666666666666667,0.011428571428571429,26.85571428571428,47.34142857142856
Far North,2012-11-25,2012-11-19,2012-11-25,190,84,0,0.0,0.08857142857142859,27.75714285714286,41.15857142857143
Far North,2012-12-02,2012-11-26,2012-12-02,78,15,0,0.0,0.0014285714285714286,26.69,37.73142857142857
Far North,2012-12-09,2012-12-03,2012-12-09,117,55,0,0.0,0.0,26.759999999999998,23.998571428571427
Far North,2012-12-16,2012-12-10,2012-12-16,76,41,0,0.0,0.0,25.9,19.61285714285714
Far North,2012-12-23,2012-12-17,2012-12-23,70,0,0,0.0,0.0,24.275714285714287,19.31714285714286
Far North,2012-12-30,2012-12-24,2012-12-30,68,25,0,0.0,0.0,22.678571428571427,17.268571428571427
Far North,2013-01-06,2012-12-31,2013-01-06,107,24,0,0.0,0.0,24.752857142857142,18.242857142857144
Far North,2013-01-13,2013-01-07,2013-01-13,0,0,0,0.0,0.0,24.315714285714286,20.860000000000003
Far North,2013-01-20,2013-01-14,2013-01-20,125,51,2,3.92156862745098,0.0,27.70285714285714,16.565714285714286
Far North,2013-01-27,2013-01-21,2013-01-27,0,0,0,0.0,0.0,30.28714285714286,17.65285714285714
Far North,2013-02-03,2013-01-28,2013-02-03,116,9,0,0.0,0.0,24.957142857142856,15.424285714285714
Far North,2013-02-10,2013-02-04,2013-02-10,191,46,2,4.3478260869565215,0.0,28.300000000000004,16.244285714285716
Far North,2013-02-17,2013-02-11,2013-02-17,61,0,0,0.0,0.0,29.231428571428573,13.162857142857144
Far North,2013-02-24,2013-02-18,2013-02-24,31,20,0,0.0,0.0,30.465714285714284,14.174285714285714
Far North,2013-03-03,2013-02-25,2013-03-03,208,41,0,0.0,0.0,31.59142857142857,10.855714285714285
Far North,2013-03-10,2013-03-04,2013-03-10,177,43,1,2.3255813953488373,0.0,31.55142857142857,9.375714285714286
Far North,2013-03-17,2013-03-11,2013-03-17,109,20,0,0.0,0.0,32.13,15.73857142857143
Far North,2013-03-24,2013-03-18,2013-03-24,52,12,0,0.0,0.0,32.12857142857143,17.06
Far North,2013-03-31,2013-03-25,2013-03-31,78,25,1,4.0,0.11857142857142858,33.480000000000004,27.374285714285715
Far North,2013-04-07,2013-04-01,2013-04-07,177,49,0,0.0,0.15857142857142856,33.73428571428571,21.784285714285716
Far North,2013-04-14,2013-04-08,2013-04-14,284,130,2,1.5384615384615383,0.05142857142857143,33.455714285714286,24.682857142857138
Far North,2013-04-21,2013-04-15,2013-04-21,195,50,1,2.0,0.008571428571428572,32.76285714285714,18.83142857142857
Far North,2013-04-28,2013-04-22,2013-04-28,107,0,0,0.0,0.7628571428571428,32.47428571428572,30.76571428571429
Far North,2013-05-05,2013-04-29,2013-05-05,151,49,1,2.0408163265306123,0.2542857142857143,32.69571428571429,44.66428571428571
Far North,2013-05-12,2013-05-06,2013-05-12,435,59,1,1.694915254237288,0.9,31.008571428571432,50.77714285714286
Far North,2013-05-19,2013-05-13,2013-05-19,306,73,1,1.36986301369863,1.2514285714285716,32.86571428571428,42.73285714285714
Far North,2013-05-26,2013-05-20,2013-05-26,307,44,1,2.272727272727273,1.49,31.402857142857137,52.09285714285715
Far North,2013-06-02,2013-05-27,2013-06-02,402,109,2,1.834862385321101,3.7800000000000002,30.15142857142857,55.607142857142854
Far North,2013-06-09,2013-06-03,2013-06-09,60,31,1,3.225806451612903,3.081428571428572,28.99142857142857,60.80857142857143
Far North,2013-06-16,2013-06-10,2013-06-16,460,172,3,1.744186046511628,4.36,28.979999999999997,63.61
Far North,2013-06-23,2013-06-17,2013-06-23,195,70,1,1.4285714285714286,4.15,29.21428571428571,60.50714285714286
Far North,2013-06-30,2013-06-24,2013-06-30,307,78,2,2.564102564102564,4.664285714285714,27.807142857142853,67.43714285714286
Far North,2013-07-07,2013-07-01,2013-07-07,454,212,2,0.9433962264150944,5.564285714285715,27.281428571428574,67.26571428571428
Far North,2013-07-14,2013-07-08,2013-07-14,676,126,3,2.380952380952381,4.844285714285713,27.081428571428567,67.94571428571429
Far North,2013-07-21,2013-07-15,2013-07-21,285,14,0,0.0,13.92857142857143,26.367142857142856,75.98428571428572
Far North,2013-07-28,2013-07-22,2013-07-28,602,251,6,2.3904382470119523,6.972857142857142,25.417142857142856,82.63857142857144
Far North,2013-08-04,2013-07-29,2013-08-04,74,22,0,0.0,5.18,24.722857142857148,82.00285714285714
Far North,2013-08-11,2013-08-05,2013-08-11,47,13,0,0.0,7.517142857142858,24.624285714285715,84.74000000000001
Far North,2013-08-18,2013-08-12,2013-08-18,398,144,2,1.3888888888888888,10.111428571428572,24.631428571428568,85.57714285714285
Far North,2013-08-25,2013-08-19,2013-08-25,148,92,1,1.0869565217391304,8.621428571428572,24.289999999999996,86.70000000000002
Far North,2013-09-01,2013-08-26,2013-09-01,130,46,1,2.1739130434782608,5.8828571428571435,24.782857142857143,83.75285714285714
Far North,2013-09-08,2013-09-02,2013-09-08,278,30,1,3.333333333333333,5.1000000000000005,25.110000000000003,82.15285714285714
Far North,2013-09-15,2013-09-09,2013-09-15,228,103,1,0.9708737864077668,6.022857142857142,25.247142857142855,82.25428571428571
Far North,2013-09-22,2013-09-16,2013-09-22,110,36,0,0.0,2.1928571428571426,25.99285714285714,80.43571428571428
Far North,2013-09-29,2013-09-23,2013-09-29,147,84,0,0.0,3.858571428571429,24.997142857142858,83.47428571428573
Far North,2013-10-06,2013-09-30,2013-10-06,83,48,1,2.083333333333333,4.38,26.06714285714286,76.64714285714285
Far North,2013-10-13,2013-10-07,2013-10-13,197,59,3,5.084745762711865,1.4285714285714286,26.03142857142857,69.72857142857143
Far North,2013-10-20,2013-10-14,2013-10-20,198,65,1,1.5384615384615383,0.06714285714285714,26.584285714285716,60.71714285714285
Far North,2013-10-27,2013-10-21,2013-10-27,463,122,3,2.459016393442623,0.10714285714285714,26.731428571428577,53.70428571428572
Far North,2013-11-03,2013-10-28,2013-11-03,0,0,0,0.0,0.0014285714285714286,27.57428571428571,56.79714285714285
Far North,2013-11-10,2013-11-04,2013-11-10,65,31,1,3.225806451612903,0.0,26.41,35.29571428571429
Far North,2013-11-17,2013-11-11,2013-11-17,75,41,1,2.4390243902439024,0.0,27.265714285714285,34.65857142857143
Far North,2013-11-24,2013-11-18,2013-11-24,313,113,1,0.8849557522123894,0.0,28.16428571428571,27.234285714285715
Far North,2013-12-01,2013-11-25,2013-12-01,158,35,0,0.0,0.0,28.61428571428571,21.655714285714286
Far North,2013-12-08,2013-12-02,2013-12-08,43,3,0,0.0,0.004285714285714286,29.524285714285718,24.951428571428572
Far North,2013-12-15,2013-12-09,2013-12-15,89,39,1,2.564102564102564,0.0,26.062857142857148,24.427142857142858
Far North,2013-12-22,2013-12-16,2013-12-22,86,40,0,0.0,0.0,22.621428571428574,16.764285714285712
Far North,2013-12-29,2013-12-23,2013-12-29,57,15,0,0.0,0.0,25.951428571428576,15.708571428571428
Far North,2014-01-05,2013-12-30,2014-01-05,13,4,0,0.0,0.0,24.84714285714286,16.114285714285717
Far North,2014-01-12,2014-01-06,2014-01-12,0,0,0,0.0,0.0,23.975714285714286,17.878571428571426
Far North,2014-01-19,2014-01-13,2014-01-19,107,5,0,0.0,0.0,25.764285714285712,13.877142857142857
Far North,2014-01-26,2014-01-20,2014-01-26,21,13,0,0.0,0.0,26.72714285714286,11.428571428571429
Far North,2014-02-02,2014-01-27,2014-02-02,0,0,0,0.0,0.012857142857142857,27.600000000000005,16.762857142857143
Far North,2014-02-09,2014-02-03,2014-02-09,102,32,0,0.0,0.0,27.48428571428571,14.471428571428573
Far North,2014-02-16,2014-02-10,2014-02-16,130,47,1,2.127659574468085,0.0,26.29714285714286,10.435714285714285
Far North,2014-02-23,2014-02-17,2014-02-23,215,114,1,0.8771929824561403,0.0,27.351428571428567,8.629999999999999
Far North,2014-03-02,2014-02-24,2014-03-02,139,59,1,1.694915254237288,0.022857142857142857,30.065714285714282,16.41142857142857
Far North,2014-03-09,2014-03-03,2014-03-09,151,65,2,3.076923076923077,0.0014285714285714286,29.634285714285713,19.362857142857145
Far North,2014-03-16,2014-03-10,2014-03-16,17,0,0,0.0,0.0,29.85571428571429,13.757142857142858
Far North,2014-03-23,2014-03-17,2014-03-23,78,34,2,5.88235294117647,0.0,31.720000000000002,10.56857142857143
Far North,2014-03-30,2014-03-24,2014-03-30,16,5,0,0.0,0.48714285714285716,33.51714285714286,29.544285714285714
Far North,2014-04-06,2014-03-31,2014-04-06,0,0,0,0.0,0.047142857142857146,32.870000000000005,12.454285714285716
Far North,2014-04-13,2014-04-07,2014-04-13,115,42,1,2.380952380952381,0.0,33.247142857142855,20.545714285714286
Far North,2014-04-20,2014-04-14,2014-04-20,241,57,0,0.0,1.0799999999999998,33.52428571428571,36.34142857142858
Far North,2014-04-27,2014-04-21,2014-04-27,160,59,1,1.694915254237288,4.01,30.475714285714282,57.36428571428571
Far North,2014-07-24,2014-04-24,2014-07-24,1692,104,5,4.807692307692308,2.875,29.050543478260874,62.316413043478256
Far North,2014-05-04,2014-04-28,2014-05-04,438,84,1,1.1904761904761905,4.47,29.210000000000004,65.44571428571427
Far North,2014-05-11,2014-05-05,2014-05-11,769,154,4,2.5974025974025974,1.2214285714285713,28.982857142857142,60.73857142857143
Far North,2014-05-18,2014-05-12,2014-05-18,216,35,1,2.857142857142857,0.8971428571428571,29.121428571428574,51.46142857142856
Far North,2014-05-25,2014-05-19,2014-05-25,415,201,3,1.4925373134328357,1.3414285714285714,32.30428571428571,48.778571428571425
Far North,2014-06-01,2014-05-26,2014-06-01,524,154,3,1.948051948051948,2.548571428571429,30.28,57.480000000000004
Far North,2014-06-08,2014-06-02,2014-06-08,515,137,2,1.45985401459854,4.378571428571428,28.975714285714282,65.05285714285715
Far North,2014-06-15,2014-06-09,2014-06-15,854,399,7,1.7543859649122806,0.9457142857142858,29.704285714285714,61.37714285714286
Far North,2014-06-22,2014-06-16,2014-06-22,163,10,0,0.0,4.857142857142857,29.071428571428573,65.34857142857143
Far North,2014-06-29,2014-06-23,2014-06-29,490,130,1,0.7692307692307693,3.657142857142857,28.292857142857144,65.70142857142858
Far North,2014-07-06,2014-06-30,2014-07-06,873,246,9,3.658536585365853,2.0671428571428576,27.73,67.94285714285715
Far North,2014-07-13,2014-07-07,2014-07-13,941,355,11,3.0985915492957745,3.781428571428571,27.41142857142857,67.83857142857143
Far North,2014-07-20,2014-07-14,2014-07-20,283,8,0,0.0,2.5014285714285713,28.13714285714286,67.13571428571427
Far North,2014-07-27,2014-07-21,2014-07-27,838,337,8,2.373887240356084,2.708571428571428,27.41571428571429,68.46142857142857
Far North,2014-08-12,2014-07-25,2014-08-12,440,135,6,4.444444444444445,6.95,25.87210526315789,77.39631578947369
Far North,2014-08-03,2014-07-28,2014-08-03,701,297,9,3.0303030303030303,7.265714285714284,26.462857142857143,75.2757142857143
Far North,2014-08-10,2014-08-04,2014-08-10,1177,265,6,2.2641509433962264,8.328571428571427,25.04,81.38999999999999
Far North,2014-08-17,2014-08-11,2014-08-17,715,156,2,1.282051282051282,11.435714285714285,24.710000000000004,84.06142857142858
Far North,2014-08-24,2014-08-18,2014-08-24,578,164,4,2.4390243902439024,5.097142857142857,24.982857142857142,82.82714285714285
Far North,2014-08-31,2014-08-25,2014-08-31,1117,407,7,1.71990171990172,5.224285714285713,25.33142857142857,83.21571428571428
Far North,2014-09-07,2014-09-01,2014-09-07,747,252,4,1.5873015873015872,7.054285714285714,24.667142857142856,83.69285714285716
Far North,2014-09-14,2014-09-08,2014-09-14,424,52,2,3.8461538461538463,1.4985714285714284,25.37714285714286,80.69000000000001
Far North,2014-09-21,2014-09-15,2014-09-21,422,141,6,4.25531914893617,2.9257142857142853,26.03142857142857,77.89714285714285
Far North,2014-09-28,2014-09-22,2014-09-28,665,260,8,3.076923076923077,3.6385714285714283,26.081428571428575,77.14571428571428
Far North,2014-10-05,2014-09-29,2014-10-05,1068,376,7,1.8617021276595744,4.851428571428571,26.085714285714285,76.42857142857143
Far North,2014-10-12,2014-10-06,2014-10-12,298,84,4,4.761904761904762,2.0685714285714285,26.759999999999994,72.21142857142857
Far North,2014-10-19,2014-10-13,2014-10-19,673,333,10,3.003003003003003,2.4371428571428573,26.4,74.19571428571429
Far North,2014-10-26,2014-10-20,2014-10-26,454,208,8,3.8461538461538463,0.05,27.342857142857145,58.02857142857143
Far North,2014-11-02,2014-10-27,2014-11-02,645,136,5,3.6764705882352944,0.004285714285714286,27.62285714285714,59.202857142857134
Far North,2014-11-09,2014-11-03,2014-11-09,505,160,4,2.5,0.002857142857142857,28.165714285714284,52.37714285714286
Far North,2014-11-16,2014-11-10,2014-11-16,287,49,0,0.0,0.0,28.534285714285716,45.23571428571429
Far North,2014-11-23,2014-11-17,2014-11-23,163,51,0,0.0,0.0,26.950000000000006,29.12142857142857
Far North,2014-11-30,2014-11-24,2014-11-30,268,141,2,1.4184397163120568,0.0,26.08142857142857,24.351428571428574
Far North,2014-12-07,2014-12-01,2014-12-07,133,47,0,0.0,0.0,26.18857142857143,18.84714285714286
Far North,2014-12-14,2014-12-08,2014-12-14,65,31,0,0.0,0.0,26.368571428571425,17.415714285714284
Far North,2014-12-21,2014-12-15,2014-12-21,64,33,0,0.0,0.0,25.49285714285714,18.102857142857143
Far North,2014-12-28,2014-12-22,2014-12-28,117,43,1,2.3255813953488373,0.0,23.101428571428574,20.684285714285714
Far North,2015-01-04,2014-12-29,2015-01-04,16,9,0,0.0,0.0,24.447142857142858,18.937142857142856
Far North,2015-01-11,2015-01-05,2015-01-11,92,40,0,0.0,0.0,19.964285714285715,17.279999999999998
Far North,2015-01-18,2015-01-12,2015-01-18,46,19,0,0.0,0.0,20.571428571428573,14.774285714285712
Far North,2015-01-25,2015-01-19,2015-01-25,136,35,0,0.0,0.0,25.787142857142857,10.057142857142859
Far North,2015-02-01,2015-01-26,2015-02-01,291,102,1,0.9803921568627452,0.0,27.12,14.822857142857144
Far North,2015-02-08,2015-02-02,2015-02-08,59,32,1,3.125,0.0,29.601428571428574,12.732857142857142
Far North,2015-02-15,2015-02-09,2015-02-15,103,50,1,2.0,0.0,28.697142857142858,9.817142857142857
Far North,2015-02-22,2015-02-16,2015-02-22,42,0,0,0.0,0.10714285714285714,30.691428571428567,17.198571428571427
Far North,2015-03-01,2015-02-23,2015-03-01,42,0,0,0.0,0.0,29.017142857142858,12.364285714285716
Far North,2015-03-08,2015-03-02,2015-03-08,145,67,1,1.4925373134328357,0.0,29.632857142857144,14.40142857142857
Far North,2015-03-15,2015-03-09,2015-03-15,0,0,0,0.0,0.0014285714285714286,31.58285714285714,14.124285714285715
Far North,2015-03-22,2015-03-16,2015-03-22,37,0,0,0.0,0.058571428571428566,32.30285714285714,14.280000000000001
Far North,2015-03-29,2015-03-23,2015-03-29,256,108,2,1.851851851851852,0.004285714285714286,32.62428571428571,22.202857142857145
Far North,2015-04-05,2015-03-30,2015-04-05,229,24,0,0.0,0.0,31.802857142857142,12.615714285714287
Far North,2015-04-12,2015-04-06,2015-04-12,85,36,0,0.0,0.10714285714285714,33.57,25.709999999999997
Far North,2015-04-19,2015-04-13,2015-04-19,83,0,0,0.0,0.0,30.037142857142857,8.35
Far North,2015-04-26,2015-04-20,2015-04-26,11,0,0,0.0,0.0,32.19857142857143,11.285714285714286
Far North,2015-05-03,2015-04-27,2015-05-03,209,0,0,0.0,2.1599999999999997,32.401428571428575,14.190000000000001
Far North,2015-05-10,2015-05-04,2015-05-10,138,22,0,0.0,0.018571428571428572,31.849999999999998,37.99142857142857
Far North,2015-05-17,2015-05-11,2015-05-17,100,55,0,0.0,0.9014285714285715,32.271428571428565,39.70285714285715
Far North,2015-05-24,2015-05-18,2015-05-24,345,86,1,1.162790697674419,0.6071428571428571,32.67,44.0
Far North,2015-05-31,2015-05-25,2015-05-31,693,236,5,2.11864406779661,1.2071428571428573,32.68857142857143,44.49714285714286
Far North,2015-06-07,2015-06-01,2015-06-07,414,118,2,1.694915254237288,9.748571428571429,29.648571428571433,60.115714285714276
Far North,2015-06-14,2015-06-08,2015-06-14,214,85,2,2.3529411764705883,4.521428571428571,28.81714285714286,65.36285714285714
Far North,2015-06-21,2015-06-15,2015-06-21,0,0,0,0.0,5.054285714285714,28.735714285714288,65.56142857142858
Far North,2015-06-28,2015-06-22,2015-06-28,406,75,3,4.0,1.74,28.012857142857147,67.71428571428571
Far North,2015-07-05,2015-06-29,2015-07-05,453,68,2,2.941176470588235,6.528571428571428,27.481428571428573,70.45428571428572
Far North,2015-07-12,2015-07-06,2015-07-12,368,164,5,3.048780487804878,1.4557142857142857,28.27857142857143,67.89714285714285
Far North,2015-07-19,2015-07-13,2015-07-19,224,91,3,3.296703296703297,4.304285714285714,27.884285714285717,69.72142857142858
Far North,2015-07-26,2015-07-20,2015-07-26,168,71,1,1.4084507042253522,2.617142857142857,27.01428571428571,72.04428571428572
Far North,2015-08-02,2015-07-27,2015-08-02,433,131,1,0.7633587786259541,5.894285714285715,26.707142857142856,74.90285714285714
Far North,2015-08-09,2015-08-03,2015-08-09,308,97,2,2.061855670103093,6.235714285714286,25.615714285714287,80.28285714285714
Far North,2015-08-16,2015-08-10,2015-08-16,593,177,3,1.694915254237288,3.517142857142857,26.470000000000002,78.44571428571429
Far North,2015-08-23,2015-08-17,2015-08-23,284,109,1,0.9174311926605504,3.7642857142857147,26.565714285714286,77.24428571428572
Far North,2015-08-30,2015-08-24,2015-08-30,636,205,8,3.902439024390244,7.122857142857143,25.53571428571428,81.41428571428573
Far North,2015-09-06,2015-08-31,2015-09-06,167,72,0,0.0,5.385714285714286,26.03857142857143,79.60142857142856
Far North,2015-09-13,2015-09-07,2015-09-13,199,64,0,0.0,6.932857142857143,26.157142857142855,79.51714285714286
Far North,2015-09-20,2015-09-14,2015-09-20,432,227,3,1.3215859030837005,4.832857142857143,25.96285714285714,78.36571428571429
Far North,2015-09-27,2015-09-21,2015-09-27,87,30,0,0.0,7.527142857142857,26.595714285714287,78.45571428571428
Far North,2015-10-04,2015-09-28,2015-10-04,253,49,0,0.0,4.022857142857143,26.51571428571429,77.75571428571428
Far North,2015-10-11,2015-10-05,2015-10-11,471,216,4,1.851851851851852,2.8942857142857146,26.44857142857143,76.52285714285715
Far North,2015-10-18,2015-10-12,2015-10-18,160,57,1,1.7543859649122806,2.391428571428571,27.305714285714284,73.15428571428572
Far North,2015-10-25,2015-10-19,2015-10-25,34,20,0,0.0,0.44428571428571423,27.702857142857145,68.79
Far North,2015-11-01,2015-10-26,2015-11-01,68,13,0,0.0,1.2799999999999998,27.244285714285713,70.22571428571429
Far North,2015-11-08,2015-11-02,2015-11-08,272,121,3,2.479338842975207,0.0,26.62857142857143,50.681428571428576
Far North,2015-11-15,2015-11-09,2015-11-15,27,0,0,0.0,0.0,26.139999999999997,38.221428571428575
Far North,2015-11-22,2015-11-16,2015-11-22,21,5,0,0.0,0.0,26.50857142857143,32.81714285714286
Far North,2015-11-29,2015-11-23,2015-11-29,206,35,2,5.714285714285714,0.0,26.425714285714285,21.285714285714285
Far North,2015-12-06,2015-11-30,2015-12-06,41,14,0,0.0,0.0,24.541428571428572,23.5
Far North,2015-12-13,2015-12-07,2015-12-13,111,49,1,2.0408163265306123,0.0,23.33142857142857,22.05428571428572
Far North,2015-12-20,2015-12-14,2015-12-20,14,7,0,0.0,0.0,21.727142857142855,19.778571428571432
Far North,2015-12-27,2015-12-21,2015-12-27,58,11,0,0.0,0.0,22.821428571428573,20.900000000000002
Far North,2016-01-10,2016-01-04,2016-01-10,0,0,0,0.0,0.0,25.419999999999998,14.95
Far North,2016-01-17,2016-01-11,2016-01-17,172,53,1,1.8867924528301887,0.0,24.851428571428567,14.54142857142857
Far North,2016-01-24,2016-01-18,2016-01-24,3,2,0,0.0,0.0,23.32714285714286,12.010000000000002
Far North,2016-01-31,2016-01-25,2016-01-31,17,6,0,0.0,0.0,21.51571428571429,16.204285714285717
Far North,2016-02-07,2016-02-01,2016-02-07,218,24,0,0.0,0.0,25.27142857142857,14.148571428571428
Far North,2016-02-14,2016-02-08,2016-02-14,102,36,0,0.0,0.0,23.31714285714286,11.342857142857143
Far North,2016-02-21,2016-02-15,2016-02-21,112,31,0,0.0,0.0,29.095714285714287,10.374285714285715
Far North,2016-02-28,2016-02-22,2016-02-28,97,24,0,0.0,0.0,29.045714285714286,11.877142857142859
Far North,2016-03-06,2016-02-29,2016-03-06,188,84,0,0.0,0.0,32.177142857142854,11.68142857142857
Far North,2016-03-13,2016-03-07,2016-03-13,67,27,0,0.0,0.0,33.12571428571429,15.58
Far North,2016-03-20,2016-03-14,2016-03-20,490,192,2,1.0416666666666663,0.07714285714285715,32.294285714285714,32.464285714285715
Far North,2016-03-27,2016-03-21,2016-03-27,62,6,0,0.0,0.038571428571428576,33.9,22.22714285714286
Far North,2016-04-03,2016-03-28,2016-04-03,0,0,0,0.0,0.0,33.46285714285714,11.914285714285715
Far North,2016-04-10,2016-04-04,2016-04-10,86,33,1,3.0303030303030303,1.3499999999999999,34.127142857142864,30.47857142857143
Far North,2016-04-17,2016-04-11,2016-04-17,90,36,0,0.0,0.9385714285714285,32.15714285714286,51.50857142857143
Far North,2016-04-24,2016-04-18,2016-04-24,29,11,0,0.0,0.16142857142857142,32.07714285714285,22.111428571428572
Far North,2016-05-01,2016-04-25,2016-05-01,138,33,0,0.0,0.53,33.65571428571429,37.56285714285714
Far North,2016-05-08,2016-05-02,2016-05-08,459,240,5,2.083333333333333,0.8771428571428571,33.332857142857144,40.082857142857144
Far North,2016-05-15,2016-05-09,2016-05-15,416,34,0,0.0,1.6071428571428572,33.51571428571428,46.417142857142856
Far North,2016-05-22,2016-05-16,2016-05-22,524,117,2,1.7094017094017095,5.718571428571428,30.21285714285714,59.36571428571428
Far North,2016-05-29,2016-05-23,2016-05-29,381,140,1,0.7142857142857143,11.98,28.75428571428571,67.4142857142857
Far North,2016-06-05,2016-05-30,2016-06-05,21,7,0,0.0,2.4671428571428575,28.571428571428573,58.49714285714286
Far North,2016-06-12,2016-06-06,2016-06-12,222,0,0,0.0,2.511428571428571,28.01,72.4057142857143
Far North,2016-06-19,2016-06-13,2016-06-19,0,0,0,0.0,3.3414285714285716,26.861428571428572,71.2242857142857
Far North,2016-06-26,2016-06-20,2016-06-26,288,135,4,2.9629629629629632,8.631428571428573,26.684285714285714,72.60142857142857
Far North,2016-07-03,2016-06-27,2016-07-03,113,42,1,2.380952380952381,6.574285714285715,26.725714285714286,76.46428571428571
Far North,2016-07-10,2016-07-04,2016-07-10,638,379,10,2.638522427440633,7.195714285714287,26.16142857142857,81.20142857142856
Far North,2016-07-17,2016-07-11,2016-07-17,186,89,2,2.247191011235955,7.777142857142857,24.934285714285714,84.40428571428572
Far North,2016-07-24,2016-07-18,2016-07-24,250,141,3,2.127659574468085,3.641428571428572,25.25142857142857,82.24
Far North,2016-07-31,2016-07-25,2016-07-31,406,186,7,3.763440860215054,7.002857142857143,25.34857142857143,82.66714285714286
Far North,2016-08-07,2016-08-01,2016-08-07,404,182,3,1.6483516483516485,7.162857142857143,24.898571428571422,86.08428571428571
Far North,2016-08-14,2016-08-08,2016-08-14,208,96,2,2.083333333333333,6.8671428571428565,25.21142857142857,83.99285714285715
Far North,2016-08-21,2016-08-15,2016-08-21,462,232,8,3.4482758620689653,5.257142857142855,25.721428571428568,82.7957142857143
Far North,2016-08-28,2016-08-22,2016-08-28,202,116,2,1.7241379310344829,6.8999999999999995,24.691428571428567,85.26714285714284
Far North,2016-09-04,2016-08-29,2016-09-04,157,23,1,4.3478260869565215,9.237142857142857,25.580000000000002,82.63571428571429
Far North,2016-09-11,2016-09-05,2016-09-11,535,227,3,1.3215859030837005,6.324285714285715,26.03142857142857,82.66285714285713
Far North,2016-09-18,2016-09-12,2016-09-18,963,443,8,1.805869074492099,6.467142857142858,25.33857142857143,83.35142857142857
Far North,2016-09-25,2016-09-19,2016-09-25,423,116,2,1.7241379310344829,3.424285714285714,25.684285714285714,83.65714285714286
Far North,2016-10-02,2016-09-26,2016-10-02,562,125,0,0.0,2.162857142857143,26.39428571428571,76.67142857142858
Far North,2016-10-09,2016-10-03,2016-10-09,325,134,4,2.985074626865672,1.3242857142857145,26.5,77.64714285714285
Far North,2016-10-16,2016-10-10,2016-10-16,27,0,0,0.0,0.3114285714285715,26.92285714285714,74.15142857142858
Far North,2016-10-23,2016-10-17,2016-10-23,289,37,1,2.702702702702702,0.42857142857142855,27.117142857142856,65.15714285714286
Far North,2016-10-30,2016-10-24,2016-10-30,255,37,0,0.0,0.008571428571428572,26.59,56.94571428571429
Far North,2016-11-06,2016-10-31,2016-11-06,0,0,0,0.0,0.0,26.96571428571429,46.958571428571425
Far North,2016-11-13,2016-11-07,2016-11-13,48,0,0,0.0,0.0,26.532857142857146,36.30714285714286
Far North,2016-11-20,2016-11-14,2016-11-20,290,82,0,0.0,0.0,28.805714285714284,38.395714285714284
Far North,2016-11-27,2016-11-21,2016-11-27,50,21,1,4.761904761904762,0.0,29.094285714285714,26.862857142857145
Far North,2016-12-04,2016-11-28,2016-12-04,0,0,0,0.0,0.0,27.861428571428572,22.104285714285716
Far North,2016-12-11,2016-12-05,2016-12-11,69,13,0,0.0,0.0,27.905714285714282,22.024285714285714
Far North,2016-12-18,2016-12-12,2016-12-18,51,5,0,0.0,0.0,26.664285714285718,18.007142857142856
Far North,2016-12-25,2016-12-19,2016-12-25,64,4,0,0.0,0.0,26.225714285714282,15.33285714285714
Far North,2017-01-01,2016-12-26,2017-01-01,0,0,0,0.0,0.0,24.648571428571426,19.237142857142857
Far North,2017-01-08,2017-01-02,2017-01-08,0,0,0,0.0,0.0,25.580000000000002,19.092857142857145
Far North,2017-01-15,2017-01-09,2017-01-15,228,25,0,0.0,0.0,25.697142857142858,16.30857142857143
Far North,2017-01-22,2017-01-16,2017-01-22,189,26,0,0.0,0.0,28.202857142857145,15.144285714285717
Far North,2017-01-29,2017-01-23,2017-01-29,134,64,3,4.6875,0.0,29.648571428571433,16.172857142857143
Far North,2017-02-05,2017-01-30,2017-02-05,0,0,0,0.0,0.0,27.051428571428573,13.74
Far North,2017-02-12,2017-02-06,2017-02-12,93,0,0,0.0,0.0,27.601428571428578,10.53857142857143
Far North,2017-02-19,2017-02-13,2017-02-19,33,12,0,0.0,0.0,25.642857142857142,12.625714285714285
Far North,2017-02-26,2017-02-20,2017-02-26,195,28,0,0.0,0.0,27.464285714285715,10.489999999999998
Far North,2017-03-05,2017-02-27,2017-03-05,48,22,0,0.0,0.0,28.66571428571429,9.925714285714287
Far North,2017-03-12,2017-03-06,2017-03-12,124,55,1,1.818181818181818,0.0,29.650000000000002,10.295714285714284
Far North,2017-03-19,2017-03-13,2017-03-19,86,12,0,0.0,0.0,30.878571428571426,11.855714285714287
Far North,2017-03-26,2017-03-20,2017-03-26,250,69,1,1.4492753623188406,0.0,32.38142857142857,12.81857142857143
Far North,2017-04-02,2017-03-27,2017-04-02,0,0,0,0.0,0.0014285714285714286,32.424285714285716,11.86
Far North,2017-04-09,2017-04-03,2017-04-09,0,0,0,0.0,0.0,34.67714285714286,19.82714285714286
Far North,2017-04-16,2017-04-10,2017-04-16,318,94,1,1.0638297872340423,1.8914285714285712,31.611428571428572,44.445714285714295
Far North,2017-04-23,2017-04-17,2017-04-23,75,35,0,0.0,0.002857142857142857,33.91857142857143,26.027142857142856
Far North,2017-04-30,2017-04-24,2017-04-30,98,45,1,2.2222222222222223,0.35000000000000003,34.574285714285715,33.35285714285714
Far North,2017-05-07,2017-05-01,2017-05-07,138,43,2,4.651162790697675,1.9085714285714288,32.07857142857143,48.167142857142856
Far North,2017-05-14,2017-05-08,2017-05-14,58,29,0,0.0,0.8214285714285714,30.881428571428568,51.43428571428571
Far North,2017-05-21,2017-05-15,2017-05-21,126,3,0,0.0,1.6714285714285715,30.368571428571425,54.53857142857142
Far North,2017-05-28,2017-05-22,2017-05-28,136,58,1,1.7241379310344829,1.6742857142857142,29.880000000000003,59.45142857142857
Far North,2017-06-04,2017-05-29,2017-06-04,815,321,5,1.557632398753894,7.714285714285714,28.684285714285718,66.8457142857143
Far North,2017-06-11,2017-06-05,2017-06-11,122,15,0,0.0,1.7900000000000003,30.085714285714282,61.40428571428571
Far North,2017-06-18,2017-06-12,2017-06-18,808,157,1,0.6369426751592357,7.018571428571429,27.550000000000004,70.58000000000001
Far North,2017-06-25,2017-06-19,2017-06-25,431,175,2,1.1428571428571428,3.7485714285714287,27.135714285714283,70.41142857142856
Far North,2017-07-02,2017-06-26,2017-07-02,261,122,1,0.819672131147541,5.097142857142857,27.525714285714287,70.78142857142858
Far North,2017-07-09,2017-07-03,2017-07-09,273,127,2,1.574803149606299,7.868571428571428,25.781428571428567,79.84857142857143
Far North,2017-07-16,2017-07-10,2017-07-16,308,100,2,2.0,2.0828571428571427,26.27,76.15142857142857
Far North,2017-07-23,2017-07-17,2017-07-23,230,58,1,1.7241379310344829,6.622857142857142,26.10857142857143,79.61285714285714
Far North,2017-07-30,2017-07-24,2017-07-30,385,106,3,2.830188679245284,10.694285714285714,25.95285714285714,80.4542857142857
Far North,2017-08-06,2017-07-31,2017-08-06,1032,465,8,1.7204301075268815,13.404285714285711,25.054285714285715,84.82857142857142
Far North,2017-08-13,2017-08-07,2017-08-13,389,192,4,2.083333333333333,11.81,25.271428571428572,83.32714285714285
Far North,2017-08-20,2017-08-14,2017-08-20,71,45,1,2.2222222222222223,9.725714285714286,25.020000000000003,84.85142857142856
Far North,2017-08-27,2017-08-21,2017-08-27,331,98,1,1.020408163265306,4.271428571428571,25.259999999999998,84.31285714285715
Far North,2017-09-03,2017-08-28,2017-09-03,355,202,2,0.99009900990099,3.1585714285714284,24.66857142857143,86.57714285714285
Far North,2017-09-10,2017-09-04,2017-09-10,44,24,1,4.166666666666666,5.358571428571429,24.945714285714285,82.21571428571427
Far North,2017-09-17,2017-09-11,2017-09-17,207,131,2,1.5267175572519085,5.782857142857144,25.84,80.84285714285716
Far North,2017-09-24,2017-09-18,2017-09-24,480,201,2,0.9950248756218906,4.362857142857143,25.810000000000002,81.21571428571428
Far North,2017-10-01,2017-09-25,2017-10-01,296,98,2,2.0408163265306123,4.128571428571428,25.837142857142858,80.69714285714285
Far North,2017-10-08,2017-10-02,2017-10-08,0,0,0,0.0,1.6971428571428573,26.53142857142857,77.11571428571429
Far North,2017-10-15,2017-10-09,2017-10-15,703,258,7,2.713178294573644,1.4857142857142855,26.580000000000002,69.76571428571427
Far North,2017-10-22,2017-10-16,2017-10-22,252,47,0,0.0,0.2,27.050000000000004,56.71285714285714
Far North,2017-10-29,2017-10-23,2017-10-29,170,38,1,2.631578947368421,0.0,26.915714285714284,46.019999999999996
Far North,2017-11-05,2017-10-30,2017-11-05,437,78,2,2.564102564102564,0.0,26.97142857142857,50.57714285714286
Far North,2017-11-12,2017-11-06,2017-11-12,101,46,0,0.0,0.0,25.92714285714286,37.105714285714285
Far North,2017-11-19,2017-11-13,2017-11-19,106,21,0,0.0,0.0,28.919999999999998,31.114285714285717
Far North,2017-11-26,2017-11-20,2017-11-26,60,20,0,0.0,0.0,26.58285714285714,21.080000000000002
Far North,2017-12-03,2017-11-27,2017-12-03,46,21,0,0.0,0.0,26.828571428571426,21.357142857142858
Far North,2017-12-10,2017-12-04,2017-12-10,58,17,0,0.0,0.0,25.97,21.78142857142857
Far North,2017-12-17,2017-12-11,2017-12-17,31,7,0,0.0,0.0,26.681428571428572,20.114285714285717
Far North,2017-12-24,2017-12-18,2017-12-24,150,67,1,1.4925373134328357,0.0,27.324285714285715,17.78714285714286
Far North,2017-12-31,2017-12-25,2017-12-31,185,66,1,1.5151515151515151,0.0,25.330000000000002,21.564285714285713
Far North,2018-08-26,2018-08-20,2018-08-26,490,105,1,0.9523809523809524,11.999999999999998,23.987142857142857,88.35142857142857
Littoral,2010-01-10,2010-01-04,2010-01-10,103,12,0,0.0,9.202857142857143,27.142857142857142,80.76571428571428
Littoral,2010-01-17,2010-01-11,2010-01-17,52,0,0,0.0,1.4528571428571428,26.91714285714286,84.07285714285715
Littoral,2010-01-24,2010-01-18,2010-01-24,70,0,0,0.0,0.6657142857142857,26.959999999999997,80.75142857142858
Littoral,2010-01-31,2010-01-25,2010-01-31,97,2,0,0.0,0.8414285714285715,27.145714285714288,86.19857142857141
Littoral,2010-02-07,2010-02-01,2010-02-07,246,52,1,1.9230769230769231,6.305714285714287,27.40142857142857,85.06142857142858
Littoral,2010-02-14,2010-02-08,2010-02-14,116,63,1,1.5873015873015872,5.077142857142857,26.764285714285712,86.20714285714284
Littoral,2010-02-21,2010-02-15,2010-02-21,155,0,0,0.0,1.804285714285714,27.051428571428573,87.58714285714287
Littoral,2010-02-28,2010-02-22,2010-02-28,132,0,0,0.0,9.88142857142857,26.794285714285714,89.97000000000001
Littoral,2010-03-07,2010-03-01,2010-03-07,150,36,0,0.0,5.887142857142858,27.995714285714286,84.17714285714285
Littoral,2010-03-14,2010-03-08,2010-03-14,113,31,0,0.0,11.37142857142857,26.64428571428571,90.28
Littoral,2010-03-21,2010-03-15,2010-03-21,54,19,0,0.0,7.628571428571427,26.467142857142854,88.78428571428573
Littoral,2010-03-28,2010-03-22,2010-03-28,40,22,0,0.0,3.4699999999999998,27.288571428571426,84.58142857142856
Littoral,2010-04-04,2010-03-29,2010-04-04,0,0,0,0.0,5.458571428571429,27.412857142857142,87.91857142857143
Littoral,2010-04-11,2010-04-05,2010-04-11,119,17,0,0.0,6.347142857142857,27.095714285714283,87.20571428571428
Littoral,2010-04-18,2010-04-12,2010-04-18,62,30,0,0.0,6.4571428571428555,27.674285714285713,88.73428571428569
Littoral,2010-04-25,2010-04-19,2010-04-25,206,15,0,0.0,10.602857142857143,26.961428571428574,91.00857142857141
Littoral,2010-05-02,2010-04-26,2010-05-02,392,108,2,1.851851851851852,5.314285714285715,26.65285714285714,89.47714285714287
Littoral,2010-05-09,2010-05-03,2010-05-09,2,1,0,0.0,6.029999999999999,26.54,90.16714285714285
Littoral,2010-05-16,2010-05-10,2010-05-16,0,0,0,0.0,4.1085714285714285,26.764285714285716,89.74714285714285
Littoral,2010-05-23,2010-05-17,2010-05-23,152,2,0,0.0,6.484285714285714,26.488571428571426,91.48857142857142
Littoral,2010-05-30,2010-05-24,2010-05-30,46,19,0,0.0,3.8885714285714283,26.785714285714285,89.30142857142856
Littoral,2010-06-06,2010-05-31,2010-06-06,56,26,0,0.0,9.372857142857141,25.332857142857144,90.33142857142856
Littoral,2010-06-13,2010-06-07,2010-06-13,0,0,0,0.0,0.5957142857142858,26.37714285714286,87.8457142857143
Littoral,2010-06-20,2010-06-14,2010-06-20,25,13,0,0.0,4.392857142857143,25.591428571428573,89.26
Littoral,2010-06-27,2010-06-21,2010-06-27,0,0,0,0.0,10.501428571428571,25.425714285714285,90.80571428571427
Littoral,2010-07-04,2010-06-28,2010-07-04,86,60,0,0.0,9.35142857142857,25.032857142857146,92.03571428571429
Littoral,2010-07-11,2010-07-05,2010-07-11,0,0,0,0.0,26.027142857142856,24.685714285714287,92.17571428571429
Littoral,2010-07-18,2010-07-12,2010-07-18,66,45,1,2.2222222222222223,5.734285714285714,24.650000000000002,90.72142857142856
Littoral,2010-07-25,2010-07-19,2010-07-25,842,196,6,3.061224489795918,12.844285714285714,24.509999999999998,90.81714285714285
Littoral,2010-08-01,2010-07-26,2010-08-01,326,117,2,1.7094017094017095,6.775714285714286,24.318571428571428,91.04857142857142
Littoral,2010-08-08,2010-08-02,2010-08-08,260,88,1,1.1363636363636365,13.654285714285717,24.62857142857143,90.99142857142859
Littoral,2010-08-15,2010-08-09,2010-08-15,430,90,2,2.2222222222222223,11.95857142857143,24.840000000000003,89.54714285714286
Littoral,2010-08-22,2010-08-16,2010-08-22,160,58,1,1.7241379310344829,16.26571428571429,24.745714285714286,91.47999999999999
Littoral,2010-08-29,2010-08-23,2010-08-29,141,26,1,3.8461538461538463,6.911428571428571,24.571428571428573,91.04999999999998
Littoral,2010-09-05,2010-08-30,2010-09-05,0,0,0,0.0,3.4071428571428575,24.637142857142855,90.31714285714284
Littoral,2010-09-12,2010-09-06,2010-09-12,532,176,3,1.7045454545454544,3.4128571428571424,24.580000000000002,89.66142857142859
Littoral,2010-09-19,2010-09-13,2010-09-19,193,50,1,2.0,2.948571428571429,25.262857142857143,88.32857142857142
Littoral,2010-09-26,2010-09-20,2010-09-26,503,205,2,0.975609756097561,16.044285714285714,25.229999999999997,89.03285714285714
Littoral,2010-10-03,2010-09-27,2010-10-03,549,122,2,1.639344262295082,4.531428571428571,25.601428571428574,89.78857142857144
Littoral,2010-10-10,2010-10-04,2010-10-10,353,100,3,3.0,8.389999999999999,25.607142857142858,87.45142857142858
Littoral,2010-10-17,2010-10-11,2010-10-17,262,75,5,6.666666666666667,8.254285714285714,25.505714285714284,89.13714285714285
Littoral,2010-10-24,2010-10-18,2010-10-24,398,61,0,0.0,8.95857142857143,24.732857142857142,92.39428571428572
Littoral,2010-10-31,2010-10-25,2010-10-31,283,103,1,0.9708737864077668,8.141428571428573,25.638571428571424,88.81142857142856
Littoral,2010-11-07,2010-11-01,2010-11-07,533,267,11,4.119850187265917,7.8357142857142845,25.805714285714284,88.25142857142855
Littoral,2010-11-14,2010-11-08,2010-11-14,490,151,2,1.3245033112582782,4.622857142857143,26.052857142857142,87.86428571428571
Littoral,2010-11-21,2010-11-15,2010-11-21,351,152,1,0.6578947368421052,4.627142857142857,25.97714285714286,87.83428571428571
Littoral,2010-11-28,2010-11-22,2010-11-28,0,0,0,0.0,3.211428571428572,26.150000000000002,88.41571428571429
Littoral,2010-12-05,2010-11-29,2010-12-05,39,21,0,0.0,2.087142857142857,26.57428571428571,85.39999999999999
Littoral,2010-12-12,2010-12-06,2010-12-12,20,5,0,0.0,0.21285714285714286,26.080000000000002,82.86571428571428
Littoral,2010-12-19,2010-12-13,2010-12-19,0,0,0,0.0,0.005714285714285714,26.951428571428572,80.33571428571429
Littoral,2010-12-26,2010-12-20,2010-12-26,0,0,0,0.0,3.665714285714285,25.96285714285714,83.10571428571428
Littoral,2011-01-02,2010-12-27,2011-01-02,24,11,0,0.0,0.30428571428571427,25.658571428571427,79.54142857142857
Littoral,2011-01-09,2011-01-03,2011-01-09,162,47,1,2.127659574468085,1.2,25.78857142857143,82.78571428571429
Littoral,2011-01-16,2011-01-10,2011-01-16,174,48,2,4.166666666666666,0.14285714285714285,25.381428571428575,75.24571428571429
Littoral,2011-01-23,2011-01-17,2011-01-23,201,28,1,3.571428571428571,0.12142857142857144,26.22428571428571,77.31285714285715
Littoral,2011-01-30,2011-01-24,2011-01-30,177,78,1,1.282051282051282,0.015714285714285715,27.301428571428573,80.91428571428571
Littoral,2011-02-06,2011-01-31,2011-02-06,328,101,3,2.9702970297029703,2.5871428571428576,26.15285714285714,87.88428571428572
Littoral,2011-02-13,2011-02-07,2011-02-13,222,99,2,2.0202020202020203,0.5257142857142858,26.42428571428571,85.38999999999999
Littoral,2011-02-20,2011-02-14,2011-02-20,405,100,1,1.0,3.8685714285714283,26.202857142857145,87.97428571428573
Littoral,2011-02-27,2011-02-21,2011-02-27,675,183,4,2.185792349726776,2.9285714285714284,25.814285714285717,87.37142857142855
Littoral,2011-03-06,2011-02-28,2011-03-06,382,155,2,1.2903225806451613,5.364285714285714,25.949999999999996,88.12285714285714
Littoral,2011-03-13,2011-03-07,2011-03-13,387,149,4,2.684563758389262,2.2342857142857144,27.140000000000004,86.38142857142859
Littoral,2011-03-20,2011-03-14,2011-03-20,288,100,5,5.0,1.9142857142857146,26.71,87.25428571428571
Littoral,2011-03-27,2011-03-21,2011-03-27,301,52,0,0.0,6.597142857142858,26.169999999999998,88.29571428571428
Littoral,2011-04-03,2011-03-28,2011-04-03,324,122,1,0.819672131147541,3.3028571428571425,26.36428571428572,88.4357142857143
Littoral,2011-04-10,2011-04-04,2011-04-10,378,157,4,2.547770700636943,5.602857142857141,26.53,85.95857142857142
Littoral,2011-04-17,2011-04-11,2011-04-17,213,70,1,1.4285714285714286,5.718571428571429,27.25,85.08571428571429
Littoral,2011-04-24,2011-04-18,2011-04-24,385,196,3,1.530612244897959,5.0928571428571425,26.46857142857143,90.48142857142857
Littoral,2011-05-01,2011-04-25,2011-05-01,311,79,1,1.2658227848101269,1.49,26.00714285714286,89.30714285714286
Littoral,2011-05-08,2011-05-02,2011-05-08,371,159,3,1.8867924528301887,3.677142857142857,27.187142857142856,86.47142857142856
Littoral,2011-05-15,2011-05-09,2011-05-15,284,55,1,1.818181818181818,5.178571428571429,26.83142857142857,88.12857142857142
Littoral,2011-05-22,2011-05-16,2011-05-22,156,0,0,0.0,3.802857142857143,26.44571428571428,90.7642857142857
Littoral,2011-05-29,2011-05-23,2011-05-29,390,86,2,2.3255813953488373,7.7628571428571425,25.92428571428572,89.38571428571429
Littoral,2011-06-05,2011-05-30,2011-06-05,427,145,4,2.7586206896551726,5.578571428571428,25.65857142857143,92.76285714285713
Littoral,2011-06-12,2011-06-06,2011-06-12,741,338,6,1.7751479289940828,4.615714285714286,25.485714285714288,90.21000000000001
Littoral,2011-06-19,2011-06-13,2011-06-19,545,278,4,1.4388489208633095,13.295714285714286,25.731428571428573,89.80571428571429
Littoral,2011-06-26,2011-06-20,2011-06-26,613,182,3,1.6483516483516485,8.324285714285715,24.881428571428575,91.4057142857143
Littoral,2011-07-03,2011-06-27,2011-07-03,1338,479,10,2.0876826722338206,15.42857142857143,24.78,91.23857142857142
Littoral,2011-07-10,2011-07-04,2011-07-10,528,191,3,1.5706806282722512,13.068571428571428,25.208571428571428,90.54999999999998
Littoral,2011-07-17,2011-07-11,2011-07-17,457,194,5,2.5773195876288657,5.992857142857143,24.68285714285714,89.49714285714286
Littoral,2011-07-24,2011-07-18,2011-07-24,301,69,1,1.4492753623188406,14.041428571428572,25.034285714285712,90.64999999999999
Littoral,2011-07-31,2011-07-25,2011-07-31,633,188,4,2.127659574468085,11.12142857142857,23.83428571428571,90.26857142857143
Littoral,2011-08-07,2011-08-01,2011-08-07,486,160,0,0.0,23.43857142857143,24.212857142857143,92.59857142857143
Littoral,2011-08-14,2011-08-08,2011-08-14,594,114,2,1.7543859649122806,12.487142857142857,24.48428571428571,90.71142857142857
Littoral,2011-08-21,2011-08-15,2011-08-21,723,184,2,1.0869565217391304,22.467142857142854,24.39428571428571,91.15285714285714
Littoral,2011-08-28,2011-08-22,2011-08-28,534,158,3,1.89873417721519,13.05714285714286,24.462857142857143,91.92571428571429
Littoral,2011-09-04,2011-08-29,2011-09-04,644,172,4,2.3255813953488373,9.72857142857143,24.732857142857142,91.15999999999998
Littoral,2011-09-11,2011-09-05,2011-09-11,738,273,4,1.465201465201465,9.921428571428573,24.97714285714286,89.95714285714287
Littoral,2011-09-18,2011-09-12,2011-09-18,477,155,4,2.5806451612903225,36.92142857142857,24.41,93.24142857142859
Littoral,2011-09-25,2011-09-19,2011-09-25,538,139,5,3.597122302158273,8.398571428571428,25.37142857142857,89.37428571428572
Littoral,2011-10-02,2011-09-26,2011-10-02,308,147,5,3.401360544217688,6.747142857142857,25.125714285714285,88.66999999999999
Littoral,2011-10-09,2011-10-03,2011-10-09,516,133,7,5.263157894736842,5.167142857142857,25.744285714285716,89.47142857142858
Littoral,2011-10-16,2011-10-10,2011-10-16,1032,454,12,2.643171806167401,15.5,25.285714285714285,90.72142857142856
Littoral,2011-10-23,2011-10-17,2011-10-23,655,207,4,1.932367149758454,9.23857142857143,25.692857142857143,89.52142857142856
Littoral,2011-10-30,2011-10-24,2011-10-30,976,376,7,1.8617021276595744,9.112857142857143,25.014285714285716,90.06714285714285
Littoral,2011-11-06,2011-10-31,2011-11-06,593,211,2,0.9478672985781992,4.005714285714286,25.580000000000002,88.95857142857143
Littoral,2011-11-13,2011-11-07,2011-11-13,671,169,6,3.5502958579881656,1.6742857142857142,26.109999999999996,87.96857142857144
Littoral,2011-11-20,2011-11-14,2011-11-20,329,113,2,1.7699115044247788,0.23428571428571424,25.995714285714286,87.46714285714286
Littoral,2011-11-27,2011-11-21,2011-11-27,91,40,0,0.0,1.27,26.332857142857144,83.15857142857142
Littoral,2011-12-04,2011-11-28,2011-12-04,185,82,1,1.2195121951219512,0.5328571428571428,26.04428571428571,78.55714285714285
Littoral,2011-12-18,2011-12-12,2011-12-18,234,41,2,4.878048780487805,0.45,25.96,81.22857142857143
Littoral,2011-12-25,2011-12-19,2011-12-25,230,20,0,0.0,0.04714285714285715,26.439999999999998,82.01857142857143
Littoral,2012-01-01,2011-12-26,2012-01-01,126,40,2,5.0,0.23285714285714287,26.58571428571429,82.15714285714287
Littoral,2012-01-08,2012-01-02,2012-01-08,92,4,0,0.0,0.5214285714285715,26.455714285714283,80.22571428571428
Littoral,2012-01-15,2012-01-09,2012-01-15,166,44,1,2.272727272727273,0.8385714285714286,26.65142857142857,79.51285714285713
Littoral,2012-01-22,2012-01-16,2012-01-22,108,22,0,0.0,0.3,26.04285714285714,84.24285714285715
Littoral,2012-01-29,2012-01-23,2012-01-29,201,85,2,2.3529411764705883,0.3871428571428571,26.514285714285716,84.75571428571428
Littoral,2012-02-05,2012-01-30,2012-02-05,246,64,2,3.125,0.8585714285714285,26.407142857142862,84.22571428571429
Littoral,2012-02-12,2012-02-06,2012-02-12,49,0,0,0.0,2.904285714285714,25.95142857142857,87.64571428571428
Littoral,2012-02-19,2012-02-13,2012-02-19,165,46,1,2.1739130434782608,4.818571428571429,26.142857142857142,86.29142857142857
Littoral,2012-02-26,2012-02-20,2012-02-26,24,0,0,0.0,6.842857142857143,26.187142857142863,86.33857142857144
Littoral,2012-03-04,2012-02-27,2012-03-04,24,11,0,0.0,1.6799999999999997,25.772857142857145,88.37
Littoral,2012-03-11,2012-03-05,2012-03-11,88,23,1,4.3478260869565215,1.0057142857142858,26.035714285714285,86.93714285714285
Littoral,2012-03-18,2012-03-12,2012-03-18,156,57,0,0.0,2.3842857142857143,26.985714285714288,86.60857142857142
Littoral,2012-03-25,2012-03-19,2012-03-25,0,0,0,0.0,1.2214285714285713,26.842857142857138,87.35142857142857
Littoral,2012-04-01,2012-03-26,2012-04-01,123,70,1,1.4285714285714286,8.815714285714286,26.69142857142857,88.44857142857144
Littoral,2012-04-08,2012-04-02,2012-04-08,32,14,0,0.0,2.0828571428571427,26.548571428571424,88.33285714285715
Littoral,2012-04-15,2012-04-09,2012-04-15,240,103,1,0.9708737864077668,6.79,26.367142857142856,89.20857142857142
Littoral,2012-04-22,2012-04-16,2012-04-22,139,30,1,3.333333333333333,12.06857142857143,26.095714285714283,89.3442857142857
Littoral,2012-04-29,2012-04-23,2012-04-29,0,0,0,0.0,5.457142857142857,27.01142857142857,85.74
Littoral,2012-05-06,2012-04-30,2012-05-06,368,63,1,1.5873015873015872,2.9014285714285717,26.43285714285714,87.88000000000001
Littoral,2012-05-13,2012-05-07,2012-05-13,128,40,1,2.5,2.237142857142857,25.53142857142857,90.3042857142857
Littoral,2012-05-20,2012-05-14,2012-05-20,20,9,0,0.0,6.862857142857143,26.362857142857145,86.76428571428572
Littoral,2012-05-27,2012-05-21,2012-05-27,48,32,0,0.0,3.0700000000000003,25.73,89.31285714285714
Littoral,2012-06-03,2012-05-28,2012-06-03,189,101,1,0.99009900990099,6.622857142857143,26.038571428571426,88.5
Littoral,2012-06-10,2012-06-04,2012-06-10,56,30,0,0.0,3.4171428571428573,25.919999999999998,87.69142857142856
Littoral,2012-06-17,2012-06-11,2012-06-17,159,33,1,3.0303030303030303,10.365714285714287,25.672857142857143,89.71857142857142
Littoral,2012-06-24,2012-06-18,2012-06-24,219,85,2,2.3529411764705883,18.62,24.759999999999998,93.44857142857143
Littoral,2012-07-01,2012-06-25,2012-07-01,291,91,3,3.296703296703297,29.42285714285714,24.424285714285713,92.97285714285714
Littoral,2012-07-08,2012-07-02,2012-07-08,468,154,2,1.2987012987012987,18.684285714285714,24.509999999999998,90.61428571428573
Littoral,2012-07-15,2012-07-09,2012-07-15,288,32,0,0.0,7.797142857142857,24.678571428571427,91.52428571428571
Littoral,2012-07-22,2012-07-16,2012-07-22,316,142,3,2.112676056338028,7.409999999999998,24.26571428571429,92.29142857142857
Littoral,2012-07-29,2012-07-23,2012-07-29,120,38,0,0.0,4.568571428571429,23.994285714285713,90.89
Littoral,2012-08-05,2012-07-30,2012-08-05,270,54,1,1.851851851851852,15.158571428571431,24.171428571428574,92.27142857142857
Littoral,2012-08-12,2012-08-06,2012-08-12,227,36,0,0.0,8.928571428571429,24.348571428571425,91.22
Littoral,2012-08-19,2012-08-13,2012-08-19,37,0,0,0.0,7.140000000000001,23.981428571428573,90.56428571428572
Littoral,2012-08-26,2012-08-20,2012-08-26,76,35,1,2.857142857142857,13.30857142857143,24.43142857142857,90.26999999999998
Littoral,2012-09-02,2012-08-27,2012-09-02,262,105,1,0.9523809523809524,19.344285714285714,24.505714285714284,92.06714285714285
Littoral,2012-09-09,2012-09-03,2012-09-09,796,195,5,2.564102564102564,11.81,24.472857142857144,90.21285714285715
Littoral,2012-09-16,2012-09-10,2012-09-16,0,0,0,0.0,14.902857142857142,25.195714285714285,90.17
Littoral,2012-09-23,2012-09-17,2012-09-23,134,75,2,2.666666666666667,9.59142857142857,24.912857142857142,89.69142857142857
Littoral,2012-09-30,2012-09-24,2012-09-30,131,64,0,0.0,12.33285714285714,25.435714285714283,89.4857142857143
Littoral,2012-10-07,2012-10-01,2012-10-07,76,0,1,0.0,18.947142857142858,25.071428571428573,91.12
Littoral,2012-10-14,2012-10-08,2012-10-14,306,120,1,0.8333333333333334,6.058571428571428,25.625714285714288,88.56857142857143
Littoral,2012-10-21,2012-10-15,2012-10-21,335,154,2,1.2987012987012987,9.097142857142858,25.44571428571428,90.67857142857144
Littoral,2012-10-28,2012-10-22,2012-10-28,154,69,1,1.4492753623188406,7.1499999999999995,26.1,87.00142857142858
Littoral,2012-11-04,2012-10-29,2012-11-04,149,75,2,2.666666666666667,11.718571428571428,25.87142857142857,88.63857142857141
Littoral,2012-11-11,2012-11-05,2012-11-11,61,40,1,2.5,13.194285714285714,25.557142857142857,89.18857142857142
Littoral,2012-11-18,2012-11-12,2012-11-18,97,16,0,0.0,2.9899999999999998,26.735714285714288,88.12714285714286
Littoral,2012-11-25,2012-11-19,2012-11-25,306,93,1,1.0752688172043012,5.101428571428571,26.24285714285714,89.13428571428572
Littoral,2012-12-02,2012-11-26,2012-12-02,50,25,0,0.0,4.3028571428571425,26.897142857142857,84.78999999999999
Littoral,2012-12-09,2012-12-03,2012-12-09,128,25,0,0.0,3.584285714285714,26.261428571428574,88.11714285714288
Littoral,2012-12-16,2012-12-10,2012-12-16,9,5,0,0.0,0.3771428571428571,26.527142857142856,84.96000000000001
Littoral,2012-12-23,2012-12-17,2012-12-23,0,0,0,0.0,0.04428571428571428,26.34714285714286,81.84857142857143
Littoral,2012-12-30,2012-12-24,2012-12-30,85,34,0,0.0,0.6714285714285715,26.114285714285717,79.30428571428571
Littoral,2013-01-06,2012-12-31,2013-01-06,0,0,0,0.0,0.5428571428571429,26.601428571428574,81.77
Littoral,2013-01-13,2013-01-07,2013-01-13,28,11,0,0.0,0.39428571428571424,26.83857142857143,80.29857142857144
Littoral,2013-01-20,2013-01-14,2013-01-20,89,47,0,0.0,0.6228571428571429,27.104285714285716,85.11142857142859
Littoral,2013-01-27,2013-01-21,2013-01-27,66,22,0,0.0,0.7999999999999999,26.302857142857142,89.8157142857143
Littoral,2013-02-03,2013-01-28,2013-02-03,62,15,0,0.0,1.4357142857142855,26.009999999999998,79.10714285714286
Littoral,2013-02-10,2013-02-04,2013-02-10,164,45,1,2.2222222222222223,1.5042857142857142,27.452857142857145,82.94000000000001
Littoral,2013-02-17,2013-02-11,2013-02-17,0,0,0,0.0,1.6028571428571428,26.362857142857145,87.83142857142856
Littoral,2013-02-24,2013-02-18,2013-02-24,104,7,0,0.0,2.02,27.07714285714286,85.33714285714287
Littoral,2013-03-03,2013-02-25,2013-03-03,125,34,0,0.0,2.641428571428571,27.178571428571427,85.26857142857143
Littoral,2013-03-10,2013-03-04,2013-03-10,184,14,0,0.0,2.48,26.674285714285713,87.49285714285715
Littoral,2013-03-17,2013-03-11,2013-03-17,431,146,3,2.054794520547945,8.412857142857142,26.721428571428568,86.65428571428572
Littoral,2013-03-24,2013-03-18,2013-03-24,78,46,1,2.1739130434782608,9.162857142857144,26.66,87.28
Littoral,2013-03-31,2013-03-25,2013-03-31,196,86,1,1.162790697674419,3.5642857142857145,26.378571428571426,86.35
Littoral,2013-04-07,2013-04-01,2013-04-07,36,17,0,0.0,7.532857142857144,26.68285714285714,86.61571428571429
Littoral,2013-04-14,2013-04-08,2013-04-14,472,173,3,1.7341040462427744,11.332857142857142,26.711428571428574,88.31857142857143
Littoral,2013-04-21,2013-04-15,2013-04-21,47,23,0,0.0,7.082857142857143,26.81142857142857,85.92714285714285
Littoral,2013-04-28,2013-04-22,2013-04-28,254,96,2,2.083333333333333,4.765714285714286,26.704285714285714,87.03142857142858
Littoral,2013-05-05,2013-04-29,2013-05-05,60,19,0,0.0,2.358571428571429,26.84,87.45714285714287
Littoral,2013-05-12,2013-05-06,2013-05-12,159,76,1,1.3157894736842104,5.095714285714286,25.845714285714283,89.73285714285714
Littoral,2013-05-19,2013-05-13,2013-05-19,177,72,1,1.3888888888888888,6.680000000000001,26.664285714285715,89.14285714285714
Littoral,2013-05-26,2013-05-20,2013-05-26,292,164,3,1.829268292682927,3.9785714285714278,26.724285714285713,88.92142857142858
Littoral,2013-06-02,2013-05-27,2013-06-02,80,47,0,0.0,13.785714285714286,25.955714285714286,88.80142857142857
Littoral,2013-06-09,2013-06-03,2013-06-09,174,53,1,1.8867924528301887,7.2614285714285725,25.544285714285714,89.61571428571428
Littoral,2013-06-16,2013-06-10,2013-06-16,52,0,0,0.0,5.075714285714286,25.215714285714284,92.23571428571428
Littoral,2013-06-23,2013-06-17,2013-06-23,886,511,10,1.9569471624266144,6.698571428571428,24.99285714285714,91.55714285714286
Littoral,2013-06-30,2013-06-24,2013-06-30,119,73,2,2.73972602739726,6.542857142857143,24.692857142857143,91.00142857142858
Littoral,2013-07-07,2013-07-01,2013-07-07,358,77,1,1.2987012987012987,21.538571428571426,23.85857142857143,93.36714285714287
Littoral,2013-07-14,2013-07-08,2013-07-14,152,0,0,0.0,12.31,24.448571428571427,91.62857142857145
Littoral,2013-07-21,2013-07-15,2013-07-21,51,26,0,0.0,2.008571428571429,24.374285714285712,88.86285714285714
Littoral,2013-07-28,2013-07-22,2013-07-28,135,50,0,0.0,5.331428571428572,23.771428571428576,91.37571428571428
Littoral,2013-08-04,2013-07-29,2013-08-04,121,71,2,2.8169014084507045,7.13,23.954285714285714,90.00714285714287
Littoral,2013-08-11,2013-08-05,2013-08-11,0,0,0,0.0,6.275714285714286,23.837142857142858,90.95
Littoral,2013-08-18,2013-08-12,2013-08-18,79,33,0,0.0,2.6357142857142857,23.805714285714284,89.29714285714286
Littoral,2013-08-25,2013-08-19,2013-08-25,158,40,0,0.0,7.814285714285716,24.36714285714286,90.55142857142857
Littoral,2013-09-01,2013-08-26,2013-09-01,346,132,5,3.787878787878788,7.1485714285714295,24.39714285714286,90.67857142857143
Littoral,2013-09-08,2013-09-02,2013-09-08,26,0,0,0.0,13.232857142857142,24.614285714285717,91.32428571428571
Littoral,2013-09-15,2013-09-09,2013-09-15,336,102,2,1.96078431372549,13.774285714285714,24.62,91.02285714285713
Littoral,2013-09-22,2013-09-16,2013-09-22,0,0,0,0.0,17.330000000000002,25.13714285714286,91.86571428571429
Littoral,2013-09-29,2013-09-23,2013-09-29,588,309,4,1.2944983818770228,11.427142857142856,25.024285714285714,90.23857142857142
Littoral,2013-10-06,2013-09-30,2013-10-06,352,101,2,1.98019801980198,13.355714285714287,24.99857142857143,91.64142857142858
Littoral,2013-10-13,2013-10-07,2013-10-13,0,0,0,0.0,10.545714285714286,25.315714285714282,90.36714285714287
Littoral,2013-10-20,2013-10-14,2013-10-20,583,198,4,2.0202020202020203,12.115714285714287,25.881428571428575,88.79142857142857
Littoral,2013-10-27,2013-10-21,2013-10-27,254,65,0,0.0,12.204285714285716,25.69857142857143,87.89428571428573
Littoral,2013-11-03,2013-10-28,2013-11-03,140,30,0,0.0,5.660000000000001,26.37,86.25
Littoral,2013-11-10,2013-11-04,2013-11-10,54,18,0,0.0,7.910000000000001,26.28714285714286,87.20285714285714
Littoral,2013-11-17,2013-11-11,2013-11-17,636,97,2,2.061855670103093,19.77,25.782857142857143,89.54428571428572
Littoral,2013-11-24,2013-11-18,2013-11-24,418,75,3,4.0,6.76,25.782857142857143,89.46571428571428
Littoral,2013-12-01,2013-11-25,2013-12-01,127,44,1,2.272727272727273,2.8985714285714286,26.69428571428572,85.84714285714286
Littoral,2013-12-08,2013-12-02,2013-12-08,220,96,0,0.0,4.542857142857143,25.852857142857147,88.93142857142857
Littoral,2013-12-15,2013-12-09,2013-12-15,67,17,0,0.0,2.4257142857142853,25.505714285714287,85.03714285714285
Littoral,2013-12-22,2013-12-16,2013-12-22,10,4,0,0.0,0.11285714285714286,25.04285714285714,76.57000000000001
Littoral,2013-12-29,2013-12-23,2013-12-29,49,12,0,0.0,0.6742857142857143,27.05,82.5842857142857
Littoral,2014-01-05,2013-12-30,2014-01-05,188,65,1,1.5384615384615383,0.06571428571428571,26.52857142857143,79.01857142857145
Littoral,2014-01-12,2014-01-06,2014-01-12,100,46,0,0.0,0.06714285714285714,26.664285714285718,77.88285714285713
Littoral,2014-01-19,2014-01-13,2014-01-19,35,13,0,0.0,0.6028571428571429,26.74285714285714,82.33285714285714
Littoral,2014-01-26,2014-01-20,2014-01-26,53,23,0,0.0,0.29857142857142854,26.79285714285714,85.62142857142858
Littoral,2014-02-02,2014-01-27,2014-02-02,280,32,1,3.125,0.76,26.32,88.10285714285715
Littoral,2014-02-09,2014-02-03,2014-02-09,89,35,2,5.714285714285714,0.08142857142857143,26.84714285714286,82.67
Littoral,2014-02-16,2014-02-10,2014-02-16,99,53,2,3.7735849056603774,0.45714285714285713,26.374285714285712,84.71000000000001
Littoral,2014-02-23,2014-02-17,2014-02-23,95,18,0,0.0,0.03571428571428571,27.611428571428572,80.82000000000001
Littoral,2014-03-02,2014-02-24,2014-03-02,122,53,1,1.8867924528301887,9.067142857142857,26.13714285714286,89.42714285714285
Littoral,2014-03-09,2014-03-03,2014-03-09,124,55,0,0.0,1.6214285714285712,26.211428571428566,87.41142857142857
Littoral,2014-03-16,2014-03-10,2014-03-16,225,108,2,1.851851851851852,9.202857142857143,27.088571428571434,83.61857142857141
Littoral,2014-03-23,2014-03-17,2014-03-23,268,64,0,0.0,2.8242857142857143,26.664285714285718,88.93714285714286
Littoral,2014-03-30,2014-03-24,2014-03-30,188,49,1,2.0408163265306123,2.735714285714286,25.92571428571429,89.37714285714287
Littoral,2014-04-06,2014-03-31,2014-04-06,171,69,1,1.4492753623188406,1.6814285714285717,26.545714285714286,88.95285714285714
Littoral,2014-04-13,2014-04-07,2014-04-13,225,63,1,1.5873015873015872,0.7157142857142856,26.271428571428576,87.98142857142857
Littoral,2014-04-20,2014-04-14,2014-04-20,0,0,0,0.0,3.317142857142857,26.26571428571429,87.87714285714287
Littoral,2014-04-27,2014-04-21,2014-04-27,15,8,0,0.0,8.704285714285714,26.26000000000001,89.96285714285715
Littoral,2014-05-04,2014-04-28,2014-05-04,1018,373,6,1.6085790884718498,9.709999999999999,26.66714285714286,87.44142857142856
Littoral,2014-05-11,2014-05-05,2014-05-11,46,18,0,0.0,5.735714285714286,26.264285714285716,90.5442857142857
Littoral,2014-05-18,2014-05-12,2014-05-18,68,28,0,0.0,5.444285714285714,26.708571428571425,85.09428571428573
Littoral,2014-05-25,2014-05-19,2014-05-25,186,15,0,0.0,5.871428571428573,27.134285714285713,85.95857142857142
Littoral,2014-06-01,2014-05-26,2014-06-01,198,104,5,4.807692307692308,7.177142857142857,26.461428571428574,88.36142857142859
Littoral,2014-06-08,2014-06-02,2014-06-08,312,55,3,5.454545454545454,3.255714285714286,26.294285714285714,88.39714285714285
Littoral,2014-06-15,2014-06-09,2014-06-15,168,67,1,1.4925373134328357,5.135714285714285,26.167142857142856,89.03571428571429
Littoral,2014-06-22,2014-06-16,2014-06-22,192,27,1,3.7037037037037033,3.017142857142858,26.012857142857143,89.37
Littoral,2014-06-29,2014-06-23,2014-06-29,188,104,2,1.9230769230769231,2.88,25.419999999999998,88.85428571428572
Littoral,2014-07-06,2014-06-30,2014-07-06,452,278,5,1.7985611510791366,10.845714285714285,25.365714285714287,89.76857142857145
Littoral,2014-07-13,2014-07-07,2014-07-13,55,0,0,0.0,3.8985714285714286,25.08571428571429,87.85714285714285
Littoral,2014-07-20,2014-07-14,2014-07-20,399,189,4,2.1164021164021163,7.315714285714286,24.802857142857142,88.5442857142857
Littoral,2014-07-27,2014-07-21,2014-07-27,203,0,0,0.0,4.17,24.197142857142858,88.72285714285715
Littoral,2014-08-03,2014-07-28,2014-08-03,171,32,1,3.125,2.6714285714285717,24.361428571428572,89.75857142857141
Littoral,2014-08-10,2014-08-04,2014-08-10,222,81,2,2.469135802469136,9.707142857142856,24.14428571428572,90.34285714285716
Littoral,2014-08-17,2014-08-11,2014-08-17,534,193,4,2.072538860103627,14.055714285714288,24.220000000000002,90.78714285714284
Littoral,2014-08-24,2014-08-18,2014-08-24,305,151,2,1.3245033112582782,8.107142857142858,24.414285714285715,89.94142857142859
Littoral,2014-08-31,2014-08-25,2014-08-31,196,96,5,5.208333333333334,9.578571428571427,24.532857142857146,91.5557142857143
Littoral,2014-09-07,2014-09-01,2014-09-07,2,1,0,0.0,7.6328571428571435,24.655714285714286,89.11428571428573
Littoral,2014-09-14,2014-09-08,2014-09-14,325,135,3,2.2222222222222223,10.70142857142857,25.142857142857142,89.94571428571429
Littoral,2014-09-21,2014-09-15,2014-09-21,212,64,1,1.5625,8.031428571428572,25.095714285714283,89.51571428571428
Littoral,2014-09-28,2014-09-22,2014-09-28,256,133,2,1.5037593984962403,16.698571428571427,24.991428571428568,88.9
Littoral,2014-10-05,2014-09-29,2014-10-05,59,18,0,0.0,8.304285714285713,25.085714285714285,87.91000000000001
Littoral,2014-10-12,2014-10-06,2014-10-12,388,194,5,2.5773195876288657,7.4785714285714295,25.634285714285713,89.44714285714285
Littoral,2014-10-19,2014-10-13,2014-10-19,53,24,0,0.0,4.058571428571429,25.359999999999996,90.92714285714285
Littoral,2014-10-26,2014-10-20,2014-10-26,259,71,1,1.4084507042253522,10.799999999999999,25.545714285714286,89.32285714285715
Littoral,2014-11-02,2014-10-27,2014-11-02,0,0,0,0.0,11.27714285714286,25.83857142857143,89.04714285714284
Littoral,2014-11-09,2014-11-03,2014-11-09,296,100,2,2.0,10.937142857142858,26.63428571428571,87.2314285714286
Littoral,2014-11-16,2014-11-10,2014-11-16,59,0,0,0.0,2.0942857142857143,26.064285714285717,88.56285714285715
Littoral,2014-11-23,2014-11-17,2014-11-23,102,52,1,1.9230769230769231,2.7657142857142856,26.108571428571427,87.4357142857143
Littoral,2014-11-30,2014-11-24,2014-11-30,35,0,0,0.0,0.4614285714285714,26.128571428571426,87.25714285714285
Littoral,2014-12-07,2014-12-01,2014-12-07,28,14,0,0.0,1.4028571428571428,26.9,84.14
Littoral,2014-12-14,2014-12-08,2014-12-14,11,0,0,0.0,0.7085714285714284,26.75428571428571,84.69428571428571
Littoral,2014-12-21,2014-12-15,2014-12-21,49,7,0,0.0,0.012857142857142855,26.595714285714283,83.11142857142859
Littoral,2014-12-28,2014-12-22,2014-12-28,103,25,0,0.0,0.09428571428571429,26.740000000000002,80.56428571428572
Littoral,2015-01-04,2014-12-29,2015-01-04,27,15,0,0.0,0.18000000000000002,26.492857142857144,80.79714285714284
Littoral,2015-01-11,2015-01-05,2015-01-11,0,0,0,0.0,0.04,24.622857142857146,70.49285714285715
Littoral,2015-01-18,2015-01-12,2015-01-18,77,18,0,0.0,0.10428571428571429,25.071428571428573,71.9
Littoral,2015-01-25,2015-01-19,2015-01-25,244,77,0,0.0,0.5542857142857143,27.094285714285718,81.72714285714285
Littoral,2015-02-01,2015-01-26,2015-02-01,63,26,1,3.8461538461538463,0.2057142857142857,26.912857142857142,84.44285714285714
Littoral,2015-02-08,2015-02-02,2015-02-08,28,0,0,0.0,2.325714285714286,26.75,87.20714285714284
Littoral,2015-02-15,2015-02-09,2015-02-15,27,14,0,0.0,0.9185714285714287,26.514285714285712,86.53999999999999
Littoral,2015-02-22,2015-02-16,2015-02-22,77,0,0,0.0,3.6914285714285713,26.571428571428573,86.28999999999999
Littoral,2015-03-01,2015-02-23,2015-03-01,0,0,0,0.0,0.9785714285714285,26.238571428571426,86.24714285714286
Littoral,2015-03-08,2015-03-02,2015-03-08,78,27,0,0.0,1.7799999999999998,26.914285714285715,84.28714285714285
Littoral,2015-03-15,2015-03-09,2015-03-15,188,62,0,0.0,1.0214285714285716,27.268571428571427,84.22142857142856
Littoral,2015-03-22,2015-03-16,2015-03-22,0,0,0,0.0,4.018571428571429,26.524285714285707,90.02857142857144
Littoral,2015-03-29,2015-03-23,2015-03-29,52,26,0,0.0,4.541428571428571,26.43285714285715,88.81571428571428
Littoral,2015-04-05,2015-03-30,2015-04-05,133,66,1,1.5151515151515151,5.594285714285713,26.301428571428573,86.88142857142857
Littoral,2015-04-12,2015-04-06,2015-04-12,83,38,0,0.0,7.351428571428572,26.348571428571425,89.38857142857144
Littoral,2015-04-19,2015-04-13,2015-04-19,292,92,1,1.0869565217391304,5.857142857142857,26.838571428571424,87.67
Littoral,2015-04-26,2015-04-20,2015-04-26,143,16,0,0.0,3.650000000000001,26.484285714285715,89.48857142857143
Littoral,2015-05-03,2015-04-27,2015-05-03,28,0,0,0.0,4.634285714285714,26.774285714285714,86.30285714285715
Littoral,2015-05-10,2015-05-04,2015-05-10,135,38,0,0.0,5.4399999999999995,27.095714285714283,85.56999999999998
Littoral,2015-05-17,2015-05-11,2015-05-17,317,74,0,0.0,6.615714285714286,27.365714285714283,84.84571428571428
Littoral,2015-05-24,2015-05-18,2015-05-24,654,226,8,3.5398230088495577,6.935714285714285,26.481428571428573,89.71714285714287
Littoral,2015-05-31,2015-05-25,2015-05-31,223,76,2,2.631578947368421,9.437142857142858,26.18285714285714,90.75285714285715
Littoral,2015-06-07,2015-06-01,2015-06-07,88,21,0,0.0,25.77,25.31857142857143,92.85857142857142
Littoral,2015-06-14,2015-06-08,2015-06-14,241,137,6,4.37956204379562,6.6657142857142855,25.507142857142856,90.74000000000001
Littoral,2015-06-21,2015-06-15,2015-06-21,219,117,3,2.564102564102564,32.892857142857146,25.00714285714286,91.52142857142857
Littoral,2015-06-28,2015-06-22,2015-06-28,139,22,1,4.545454545454546,6.615714285714286,24.882857142857144,91.57000000000001
Littoral,2015-07-05,2015-06-29,2015-07-05,161,69,1,1.4492753623188406,3.112857142857144,24.842857142857145,90.88285714285715
Littoral,2015-07-12,2015-07-06,2015-07-12,545,47,2,4.25531914893617,8.087142857142856,25.68857142857143,90.61
Littoral,2015-07-19,2015-07-13,2015-07-19,140,55,0,0.0,6.975714285714285,24.90714285714285,90.42714285714285
Littoral,2015-07-26,2015-07-20,2015-07-26,382,232,3,1.293103448275862,20.397142857142857,24.349999999999998,91.70428571428572
Littoral,2015-08-02,2015-07-27,2015-08-02,267,43,1,2.3255813953488373,12.432857142857143,24.150000000000002,90.94142857142857
Littoral,2015-08-09,2015-08-03,2015-08-09,115,33,1,3.0303030303030303,6.567142857142857,24.70714285714286,91.57000000000001
Littoral,2015-08-16,2015-08-10,2015-08-16,883,345,5,1.4492753623188406,7.174285714285714,24.931428571428572,89.83142857142856
Littoral,2015-08-23,2015-08-17,2015-08-23,386,202,5,2.4752475247524752,6.488571428571428,25.104285714285712,90.46000000000001
Littoral,2015-08-30,2015-08-24,2015-08-30,121,8,0,0.0,21.17142857142857,24.762857142857143,91.7942857142857
Littoral,2015-09-06,2015-08-31,2015-09-06,82,42,1,2.380952380952381,8.011428571428572,24.978571428571428,90.29142857142857
Littoral,2015-09-13,2015-09-07,2015-09-13,302,43,1,2.3255813953488373,5.788571428571428,25.23,90.2314285714286
Littoral,2015-09-20,2015-09-14,2015-09-20,359,83,2,2.409638554216868,23.64428571428571,25.005714285714284,92.44714285714288
Littoral,2015-09-27,2015-09-21,2015-09-27,596,136,2,1.4705882352941175,9.540000000000001,26.04,87.71285714285715
Littoral,2015-10-04,2015-09-28,2015-10-04,279,120,2,1.6666666666666667,3.3642857142857143,25.53857142857143,90.86714285714288
Littoral,2015-10-11,2015-10-05,2015-10-11,116,51,0,0.0,4.451428571428571,25.587142857142855,88.73000000000002
Littoral,2015-10-18,2015-10-12,2015-10-18,421,232,3,1.293103448275862,7.961428571428571,26.09,90.81428571428572
Littoral,2015-10-25,2015-10-19,2015-10-25,157,63,1,1.5873015873015872,18.56,25.344285714285714,93.01428571428572
Littoral,2015-11-01,2015-10-26,2015-11-01,200,87,2,2.2988505747126435,52.58714285714286,25.25857142857143,93.78857142857143
Littoral,2015-11-08,2015-11-02,2015-11-08,392,73,1,1.36986301369863,13.595714285714289,26.184285714285714,87.41285714285716
Littoral,2015-11-15,2015-11-09,2015-11-15,146,70,1,1.4285714285714286,5.72,26.60571428571429,86.9557142857143
Littoral,2015-11-22,2015-11-16,2015-11-22,74,11,0,0.0,0.44,26.50714285714286,86.22857142857143
Littoral,2015-11-29,2015-11-23,2015-11-29,68,29,1,3.4482758620689653,0.6857142857142857,26.967142857142857,84.86142857142856
Littoral,2015-12-06,2015-11-30,2015-12-06,182,67,0,0.0,0.3842857142857143,26.35571428571428,81.88857142857144
Littoral,2015-12-13,2015-12-07,2015-12-13,27,0,0,0.0,0.97,26.31714285714286,75.14142857142858
Littoral,2015-12-20,2015-12-14,2015-12-20,331,157,3,1.910828025477707,1.2671428571428571,25.689999999999998,77.67
Littoral,2015-12-27,2015-12-21,2015-12-27,0,0,0,0.0,0.1257142857142857,25.81714285714286,73.50285714285715
Littoral,2016-01-10,2016-01-04,2016-01-10,87,0,0,0.0,0.3528571428571428,27.404285714285717,79.84142857142857
Littoral,2016-01-17,2016-01-11,2016-01-17,76,10,0,0.0,0.9042857142857142,27.56857142857143,80.13714285714286
Littoral,2016-01-24,2016-01-18,2016-01-24,76,0,0,0.0,0.10285714285714287,27.595714285714287,79.38571428571429
Littoral,2016-01-31,2016-01-25,2016-01-31,0,0,0,0.0,0.44142857142857134,26.11285714285714,72.67142857142858
Littoral,2016-02-07,2016-02-01,2016-02-07,132,20,0,0.0,0.6785714285714286,27.28571428571428,80.43285714285715
Littoral,2016-02-14,2016-02-08,2016-02-14,188,43,1,2.3255813953488373,0.44857142857142845,27.26,80.75857142857144
Littoral,2016-02-21,2016-02-15,2016-02-21,152,79,2,2.5316455696202533,0.3028571428571429,28.172857142857143,81.32285714285715
Littoral,2016-02-28,2016-02-22,2016-02-28,275,18,0,0.0,0.6699999999999999,28.162857142857145,83.86142857142856
Littoral,2016-03-06,2016-02-29,2016-03-06,126,47,1,2.127659574468085,6.607142857142857,27.43285714285714,88.0442857142857
Littoral,2016-03-13,2016-03-07,2016-03-13,0,0,0,0.0,3.6271428571428572,27.197142857142858,87.56142857142856
Littoral,2016-03-20,2016-03-14,2016-03-20,43,18,1,5.555555555555555,2.6942857142857144,27.169999999999998,88.45285714285716
Littoral,2016-03-27,2016-03-21,2016-03-27,413,186,2,1.0752688172043012,16.994285714285716,27.189999999999998,87.88
Littoral,2016-04-03,2016-03-28,2016-04-03,111,52,1,1.9230769230769231,11.154285714285715,27.451428571428576,89.44857142857143
Littoral,2016-04-10,2016-04-04,2016-04-10,261,21,0,0.0,3.8028571428571425,27.41,85.78285714285713
Littoral,2016-04-17,2016-04-11,2016-04-17,288,45,0,0.0,13.971428571428573,27.27857142857143,88.15142857142857
Littoral,2016-04-24,2016-04-18,2016-04-24,91,40,1,2.5,7.461428571428572,27.50142857142857,88.36142857142856
Littoral,2016-05-01,2016-04-25,2016-05-01,323,0,1,0.0,3.12,27.12285714285714,89.07285714285715
Littoral,2016-05-08,2016-05-02,2016-05-08,81,38,1,2.631578947368421,4.941428571428572,27.400000000000002,85.82142857142857
Littoral,2016-05-15,2016-05-09,2016-05-15,712,0,0,0.0,10.217142857142857,27.24142857142857,88.01714285714286
Littoral,2016-05-22,2016-05-16,2016-05-22,530,131,4,3.0534351145038165,11.021428571428572,26.44857142857143,91.02285714285715
Littoral,2016-05-29,2016-05-23,2016-05-29,358,110,3,2.727272727272727,13.152857142857142,26.620000000000005,87.94142857142856
Littoral,2016-06-05,2016-05-30,2016-06-05,219,77,0,0.0,8.462857142857143,26.978571428571428,86.35714285714286
Littoral,2016-06-12,2016-06-06,2016-06-12,427,127,0,0.0,11.677142857142856,25.955714285714286,91.9357142857143
Littoral,2016-06-19,2016-06-13,2016-06-19,350,85,2,2.3529411764705883,13.834285714285715,24.931428571428572,90.47857142857141
Littoral,2016-06-26,2016-06-20,2016-06-26,465,117,1,0.8547008547008548,26.84714285714286,25.092857142857138,91.31857142857143
Littoral,2016-07-03,2016-06-27,2016-07-03,108,62,0,0.0,7.784285714285714,25.961428571428574,88.38571428571429
Littoral,2016-07-10,2016-07-04,2016-07-10,210,48,0,0.0,11.29142857142857,25.35571428571428,92.40285714285713
Littoral,2016-07-17,2016-07-11,2016-07-17,244,115,1,0.8695652173913043,15.02,24.787142857142857,91.95857142857143
Littoral,2016-07-24,2016-07-18,2016-07-24,611,222,3,1.351351351351351,8.855714285714287,24.800000000000004,92.7242857142857
Littoral,2016-07-31,2016-07-25,2016-07-31,287,84,2,2.380952380952381,12.870000000000001,24.552857142857142,91.04142857142857
Littoral,2016-08-07,2016-08-01,2016-08-07,517,247,3,1.214574898785425,31.875714285714285,24.58428571428571,92.12714285714286
Littoral,2016-08-14,2016-08-08,2016-08-14,462,68,1,1.4705882352941175,13.755714285714285,24.51857142857143,92.29571428571428
Littoral,2016-08-21,2016-08-15,2016-08-21,338,57,0,0.0,14.652857142857142,24.782857142857143,92.11285714285714
Littoral,2016-08-28,2016-08-22,2016-08-28,474,82,1,1.2195121951219512,11.927142857142856,24.821428571428566,91.23
Littoral,2016-09-04,2016-08-29,2016-09-04,324,158,4,2.5316455696202533,7.728571428571428,25.054285714285715,90.23428571428572
Littoral,2016-09-11,2016-09-05,2016-09-11,312,152,2,1.3157894736842104,15.657142857142857,25.291428571428575,91.26
Littoral,2016-09-18,2016-09-12,2016-09-18,177,92,2,2.1739130434782608,12.105714285714285,24.874285714285715,91.28571428571429
Littoral,2016-09-25,2016-09-19,2016-09-25,437,302,5,1.6556291390728477,8.855714285714287,25.169999999999998,90.85714285714286
Littoral,2016-10-02,2016-09-26,2016-10-02,110,56,1,1.7857142857142856,5.55,25.750000000000004,89.37857142857142
Littoral,2016-10-09,2016-10-03,2016-10-09,112,61,1,1.639344262295082,3.647142857142857,25.725714285714282,90.81285714285715
Littoral,2016-10-16,2016-10-10,2016-10-16,153,64,2,3.125,8.38142857142857,26.197142857142858,88.27714285714286
Littoral,2016-10-23,2016-10-17,2016-10-23,221,30,1,3.333333333333333,16.321428571428573,26.23857142857143,87.53142857142858
Littoral,2016-10-30,2016-10-24,2016-10-30,269,88,2,2.272727272727273,14.698571428571428,26.369999999999997,87.48857142857143
Littoral,2016-11-06,2016-10-31,2016-11-06,202,58,1,1.7241379310344829,7.514285714285713,26.050000000000004,88.51142857142857
Littoral,2016-11-13,2016-11-07,2016-11-13,0,0,0,0.0,1.9900000000000002,26.347142857142863,87.47714285714287
Littoral,2016-11-20,2016-11-14,2016-11-20,359,0,0,0.0,3.595714285714286,26.705714285714286,86.86428571428571
Littoral,2016-11-27,2016-11-21,2016-11-27,277,70,1,1.4285714285714286,2.72,26.944285714285716,87.48142857142857
Littoral,2016-12-04,2016-11-28,2016-12-04,52,14,0,0.0,1.3728571428571428,26.27857142857143,89.5442857142857
Littoral,2016-12-11,2016-12-05,2016-12-11,88,26,1,3.8461538461538463,1.3214285714285714,26.07428571428571,87.56857142857143
Littoral,2016-12-18,2016-12-12,2016-12-18,290,26,0,0.0,0.6085714285714285,27.024285714285718,84.44571428571429
Littoral,2016-12-25,2016-12-19,2016-12-25,105,28,0,0.0,0.5142857142857143,27.488571428571426,81.05714285714286
Littoral,2017-01-01,2016-12-26,2017-01-01,61,10,0,0.0,1.8542857142857143,26.390000000000004,80.48571428571428
Littoral,2017-01-08,2017-01-02,2017-01-08,29,0,1,0.0,0.21142857142857144,27.00714285714286,81.48
Littoral,2017-01-15,2017-01-09,2017-01-15,45,17,0,0.0,0.10285714285714287,26.617142857142856,83.10000000000001
Littoral,2017-01-22,2017-01-16,2017-01-22,35,18,1,5.555555555555555,0.1542857142857143,26.71142857142857,87.83714285714287
Littoral,2017-01-29,2017-01-23,2017-01-29,78,3,0,0.0,1.3228571428571427,26.124285714285715,89.52571428571427
Littoral,2017-02-05,2017-01-30,2017-02-05,200,60,0,0.0,1.4757142857142858,27.314285714285717,83.1957142857143
Littoral,2017-02-12,2017-02-06,2017-02-12,329,85,0,0.0,0.7714285714285714,27.21142857142857,83.86714285714287
Littoral,2017-02-19,2017-02-13,2017-02-19,19,9,0,0.0,0.8285714285714285,27.289999999999996,81.86857142857141
Littoral,2017-02-26,2017-02-20,2017-02-26,54,20,0,0.0,0.21571428571428572,27.51285714285714,81.98714285714286
Littoral,2017-03-05,2017-02-27,2017-03-05,221,28,0,0.0,1.2757142857142856,27.16142857142857,86.0842857142857
Littoral,2017-03-12,2017-03-06,2017-03-12,95,0,0,0.0,8.544285714285714,26.33428571428571,89.62714285714286
Littoral,2017-03-19,2017-03-13,2017-03-19,205,79,0,0.0,8.498571428571429,27.014285714285712,86.74428571428572
Littoral,2017-03-26,2017-03-20,2017-03-26,104,43,0,0.0,6.694285714285714,26.82714285714286,87.9342857142857
Littoral,2017-04-02,2017-03-27,2017-04-02,98,64,1,1.5625,11.405714285714286,27.139999999999997,87.43428571428572
Littoral,2017-04-09,2017-04-03,2017-04-09,308,40,1,2.5,6.36,27.37571428571428,84.89571428571428
Littoral,2017-04-16,2017-04-10,2017-04-16,141,59,2,3.389830508474576,16.158571428571427,26.984285714285715,87.36571428571428
Littoral,2017-04-23,2017-04-17,2017-04-23,133,51,1,1.96078431372549,12.957142857142857,27.428571428571427,85.51
Littoral,2017-04-30,2017-04-24,2017-04-30,169,72,1,1.3888888888888888,5.472857142857143,27.372857142857146,86.36285714285715
Littoral,2017-05-07,2017-05-01,2017-05-07,150,70,1,1.4285714285714286,3.735714285714286,26.96857142857143,86.31142857142856
Littoral,2017-05-14,2017-05-08,2017-05-14,136,0,0,0.0,6.367142857142857,27.31714285714285,87.15285714285713
Littoral,2017-05-21,2017-05-15,2017-05-21,0,0,0,0.0,9.405714285714286,27.358571428571427,84.67571428571429
Littoral,2017-05-28,2017-05-22,2017-05-28,393,125,3,2.4,17.05857142857143,26.905714285714286,86.7357142857143
Littoral,2017-06-04,2017-05-29,2017-06-04,263,102,2,1.96078431372549,8.27142857142857,26.63285714285714,88.76714285714287
Littoral,2017-06-11,2017-06-05,2017-06-11,140,54,1,1.851851851851852,3.8428571428571425,27.33428571428572,87.09142857142857
Littoral,2017-06-18,2017-06-12,2017-06-18,573,335,9,2.686567164179104,9.804285714285715,26.029999999999994,88.89857142857144
Littoral,2017-06-25,2017-06-19,2017-06-25,252,132,2,1.5151515151515151,8.924285714285714,26.308571428571433,86.72142857142856
Littoral,2017-07-02,2017-06-26,2017-07-02,558,221,3,1.3574660633484164,17.064285714285713,25.541428571428575,89.72285714285715
Littoral,2017-07-09,2017-07-03,2017-07-09,135,65,1,1.5384615384615383,10.389999999999999,25.04714285714286,89.10714285714286
Littoral,2017-07-16,2017-07-10,2017-07-16,264,73,2,2.73972602739726,10.997142857142858,24.77,90.74571428571429
Littoral,2017-07-23,2017-07-17,2017-07-23,470,208,3,1.4423076923076923,17.41857142857143,24.98428571428571,90.96142857142856
Littoral,2017-07-30,2017-07-24,2017-07-30,30,20,1,5.0,15.424285714285714,24.62714285714286,91.90857142857143
Littoral,2017-08-06,2017-07-31,2017-08-06,84,34,1,2.941176470588235,9.338571428571429,24.427142857142854,92.08714285714287
Littoral,2017-08-13,2017-08-07,2017-08-13,1074,484,9,1.859504132231405,19.487142857142857,24.530000000000005,92.16
Littoral,2017-08-20,2017-08-14,2017-08-20,301,51,0,0.0,8.332857142857142,24.641428571428573,91.53857142857143
Littoral,2017-08-27,2017-08-21,2017-08-27,277,93,1,1.0752688172043012,8.071428571428573,24.634285714285713,91.66285714285713
Littoral,2017-09-03,2017-08-28,2017-09-03,765,417,6,1.4388489208633095,9.430000000000001,24.752857142857145,90.30999999999999
Littoral,2017-09-10,2017-09-04,2017-09-10,466,200,3,1.5,14.549999999999999,25.048571428571428,90.73142857142855
Littoral,2017-09-17,2017-09-11,2017-09-17,174,47,2,4.25531914893617,11.861428571428572,24.87857142857143,92.09857142857142
Littoral,2017-09-24,2017-09-18,2017-09-24,639,94,3,3.191489361702128,10.341428571428569,25.462857142857143,90.38571428571429
Littoral,2017-10-01,2017-09-25,2017-10-01,93,39,1,2.564102564102564,6.651428571428572,25.931428571428572,87.79857142857144
Littoral,2017-10-08,2017-10-02,2017-10-08,231,111,1,0.9009009009009008,7.847142857142857,26.125714285714285,89.07000000000001
Littoral,2017-10-15,2017-10-09,2017-10-15,644,236,2,0.847457627118644,8.237142857142858,25.59857142857143,90.2757142857143
Littoral,2017-10-22,2017-10-16,2017-10-22,523,114,1,0.8771929824561403,5.805714285714286,26.065714285714282,90.29857142857145
Littoral,2017-10-29,2017-10-23,2017-10-29,183,101,1,0.99009900990099,10.062857142857142,25.862857142857145,88.02857142857144
Littoral,2017-11-05,2017-10-30,2017-11-05,0,0,0,0.0,7.514285714285714,26.784285714285716,85.71142857142857
Littoral,2017-11-12,2017-11-06,2017-11-12,279,38,0,0.0,5.988571428571428,25.791428571428572,88.39714285714285
Littoral,2017-11-19,2017-11-13,2017-11-19,185,97,3,3.09278350515464,14.12857142857143,26.168571428571425,90.05428571428571
Littoral,2017-11-26,2017-11-20,2017-11-26,153,35,1,2.857142857142857,3.8885714285714283,26.580000000000002,85.72142857142858
Littoral,2017-12-03,2017-11-27,2017-12-03,21,5,0,0.0,0.45,26.864285714285717,83.05428571428573
Littoral,2017-12-10,2017-12-04,2017-12-10,12,0,0,0.0,0.08285714285714287,26.94857142857143,83.87428571428572
Littoral,2017-12-17,2017-12-11,2017-12-17,32,11,0,0.0,0.23857142857142857,26.862857142857145,84.37142857142858
Littoral,2017-12-24,2017-12-18,2017-12-24,72,6,0,0.0,0.6914285714285714,26.731428571428573,87.17
Littoral,2017-12-31,2017-12-25,2017-12-31,54,10,0,0.0,0.030000000000000002,26.66571428571429,80.24857142857142
Littoral,2018-08-26,2018-08-20,2018-08-26,200,86,2,2.3255813953488373,8.34,24.462857142857143,91.19714285714288
Littoral,2019-12-29,2018-12-31,2019-12-29,157,35,0,0.0,5.047664835164835,26.41318681318681,86.29211538461539
North,2010-01-10,2010-01-04,2010-01-10,85,44,0,0.0,0.0,26.722857142857144,24.94142857142857
North,2010-01-17,2010-01-11,2010-01-17,61,24,0,0.0,0.0,26.945714285714285,26.808571428571433
North,2010-01-24,2010-01-18,2010-01-24,86,36,0,0.0,0.0,26.004285714285718,27.142857142857142
North,2010-01-31,2010-01-25,2010-01-31,0,0,0,0.0,0.0,29.587142857142855,28.16714285714286
North,2010-02-07,2010-02-01,2010-02-07,0,0,0,0.0,0.0,27.965714285714288,23.57714285714286
North,2010-02-14,2010-02-08,2010-02-14,86,30,0,0.0,0.0,29.290000000000003,21.704285714285714
North,2010-02-21,2010-02-15,2010-02-21,121,37,0,0.0,0.0,31.637142857142855,29.228571428571428
North,2010-02-28,2010-02-22,2010-02-28,40,21,0,0.0,0.004285714285714286,31.931428571428572,30.49714285714285
North,2010-03-07,2010-03-01,2010-03-07,0,0,0,0.0,0.0014285714285714286,30.87285714285714,17.19714285714286
North,2010-03-14,2010-03-08,2010-03-14,31,17,0,0.0,0.10714285714285714,32.77285714285715,36.39285714285714
North,2010-03-21,2010-03-15,2010-03-21,0,0,0,0.0,0.43714285714285717,31.60428571428571,34.45714285714286
North,2010-03-28,2010-03-22,2010-03-28,56,14,2,14.285714285714285,0.02142857142857143,29.625714285714285,18.14857142857143
North,2010-04-04,2010-03-29,2010-04-04,21,0,0,0.0,0.10285714285714287,31.948571428571427,18.004285714285718
North,2010-04-11,2010-04-05,2010-04-11,22,0,1,0.0,0.9971428571428571,32.815714285714286,39.69285714285714
North,2010-04-18,2010-04-12,2010-04-18,145,47,1,2.127659574468085,5.685714285714286,31.71857142857143,54.05
North,2010-04-25,2010-04-19,2010-04-25,239,24,1,4.166666666666666,2.608571428571429,30.992857142857144,57.23428571428572
North,2010-05-02,2010-04-26,2010-05-02,121,13,0,0.0,5.194285714285714,29.141428571428573,66.3157142857143
North,2010-05-09,2010-05-03,2010-05-09,120,64,1,1.5625,4.121428571428572,29.138571428571428,66.5157142857143
North,2010-05-16,2010-05-10,2010-05-16,87,34,0,0.0,3.2271428571428573,30.985714285714288,59.40571428571429
North,2010-05-23,2010-05-17,2010-05-23,0,0,0,0.0,1.5514285714285716,30.56857142857143,59.542857142857144
North,2010-05-30,2010-05-24,2010-05-30,328,105,2,1.9047619047619049,2.9314285714285715,30.91142857142857,58.258571428571436
North,2010-06-06,2010-05-31,2010-06-06,364,163,2,1.2269938650306749,6.38,27.63285714285714,74.36285714285714
North,2010-06-13,2010-06-07,2010-06-13,0,0,0,0.0,3.5642857142857136,29.02142857142857,63.02428571428571
North,2010-06-20,2010-06-14,2010-06-20,142,69,0,0.0,3.6942857142857144,29.381428571428575,63.308571428571426
North,2010-06-27,2010-06-21,2010-06-27,248,74,1,1.351351351351351,8.069999999999999,27.76714285714286,73.70714285714287
North,2010-07-04,2010-06-28,2010-07-04,0,0,0,0.0,5.048571428571428,27.521428571428572,70.90857142857143
North,2010-07-11,2010-07-05,2010-07-11,133,0,0,0.0,4.972857142857143,26.072857142857146,79.25285714285714
North,2010-07-18,2010-07-12,2010-07-18,435,157,3,1.910828025477707,7.244285714285715,25.70285714285714,80.13142857142859
North,2010-07-25,2010-07-19,2010-07-25,374,30,0,0.0,4.625714285714286,24.148571428571433,84.56857142857143
North,2010-08-01,2010-07-26,2010-08-01,41,21,0,0.0,2.0042857142857144,24.997142857142858,81.66571428571429
North,2010-08-08,2010-08-02,2010-08-08,92,27,0,0.0,4.145714285714286,25.86428571428571,81.06714285714285
North,2010-08-15,2010-08-09,2010-08-15,347,121,0,0.0,9.481428571428571,25.141428571428573,79.81857142857143
North,2010-08-22,2010-08-16,2010-08-22,443,42,1,2.380952380952381,21.84714285714286,24.944285714285716,84.67999999999999
North,2010-08-29,2010-08-23,2010-08-29,255,119,2,1.680672268907563,26.28142857142857,24.617142857142856,87.09857142857143
North,2010-09-05,2010-08-30,2010-09-05,571,95,3,3.1578947368421053,3.584285714285714,24.93,85.82857142857142
North,2010-09-12,2010-09-06,2010-09-12,297,107,2,1.8691588785046729,2.334285714285714,24.924285714285713,83.89285714285714
North,2010-09-19,2010-09-13,2010-09-19,215,102,1,0.9803921568627452,4.538571428571428,25.685714285714287,80.39142857142858
North,2010-09-26,2010-09-20,2010-09-26,459,116,3,2.586206896551724,1.6885714285714284,24.93285714285714,83.6285714285714
North,2010-10-03,2010-09-27,2010-10-03,518,194,2,1.0309278350515465,2.4314285714285715,25.791428571428572,81.51142857142857
North,2010-10-10,2010-10-04,2010-10-10,232,103,2,1.9417475728155336,4.867142857142857,25.968571428571426,78.16142857142857
North,2010-10-17,2010-10-11,2010-10-17,526,246,8,3.252032520325204,2.205714285714286,26.185714285714287,80.16
North,2010-10-24,2010-10-18,2010-10-24,73,16,0,0.0,5.478571428571429,26.12142857142857,80.53428571428572
North,2010-10-31,2010-10-25,2010-10-31,106,56,1,1.7857142857142856,0.35000000000000003,26.532857142857143,76.04571428571428
North,2010-11-07,2010-11-01,2010-11-07,46,18,0,0.0,0.09857142857142856,26.69,71.84142857142857
North,2010-11-14,2010-11-08,2010-11-14,107,15,0,0.0,0.049999999999999996,26.488571428571426,62.96857142857142
North,2010-11-21,2010-11-15,2010-11-21,183,110,2,1.818181818181818,0.0,27.21142857142857,61.19857142857143
North,2010-11-28,2010-11-22,2010-11-28,86,39,1,2.564102564102564,0.0,27.267142857142854,56.95285714285715
North,2010-12-05,2010-11-29,2010-12-05,27,0,0,0.0,0.0,26.94142857142857,45.75714285714287
North,2010-12-12,2010-12-06,2010-12-12,83,37,0,0.0,0.0,24.094285714285714,36.959999999999994
North,2010-12-19,2010-12-13,2010-12-19,85,0,0,0.0,0.0,25.801428571428573,43.12428571428571
North,2010-12-26,2010-12-20,2010-12-26,27,17,0,0.0,0.0,25.48428571428571,32.575714285714284
North,2011-01-02,2010-12-27,2011-01-02,18,6,0,0.0,0.0,24.552857142857142,32.92
North,2011-01-09,2011-01-03,2011-01-09,0,0,0,0.0,0.0,25.584285714285716,34.792857142857144
North,2011-01-16,2011-01-10,2011-01-16,52,10,0,0.0,0.0,22.905714285714286,28.961428571428566
North,2011-01-23,2011-01-17,2011-01-23,43,22,0,0.0,0.0,24.079999999999995,29.235714285714284
North,2011-01-30,2011-01-24,2011-01-30,29,13,1,7.6923076923076925,0.0,27.467142857142857,25.365714285714287
North,2011-02-06,2011-01-31,2011-02-06,49,24,0,0.0,0.005714285714285714,29.801428571428573,32.612857142857145
North,2011-02-13,2011-02-07,2011-02-13,54,23,1,4.3478260869565215,0.0,29.001428571428573,26.245714285714286
North,2011-02-20,2011-02-14,2011-02-20,0,0,0,0.0,0.011428571428571429,30.47,21.53571428571429
North,2011-02-27,2011-02-21,2011-02-27,49,0,0,0.0,0.042857142857142864,30.39714285714286,31.131428571428575
North,2011-03-06,2011-02-28,2011-03-06,0,0,0,0.0,0.008571428571428572,31.521428571428572,27.748571428571427
North,2011-03-13,2011-03-07,2011-03-13,19,9,0,0.0,0.0,30.857142857142858,16.874285714285715
North,2011-03-20,2011-03-14,2011-03-20,11,6,0,0.0,0.0,30.611428571428572,14.84
North,2011-03-27,2011-03-21,2011-03-27,30,9,0,0.0,0.02857142857142857,32.14714285714286,27.624285714285715
North,2011-04-03,2011-03-28,2011-04-03,20,9,0,0.0,0.045714285714285714,31.728571428571428,24.38714285714286
North,2011-04-10,2011-04-04,2011-04-10,139,78,0,0.0,0.0,31.16571428571429,21.438571428571432
North,2011-04-17,2011-04-11,2011-04-17,33,9,0,0.0,0.10571428571428572,32.47571428571429,34.43571428571428
North,2011-04-24,2011-04-18,2011-04-24,96,32,0,0.0,1.08,32.79142857142857,39.56
North,2011-05-01,2011-04-25,2011-05-01,31,15,1,6.666666666666667,1.1985714285714286,30.464285714285715,54.76142857142857
North,2011-05-08,2011-05-02,2011-05-08,92,16,0,0.0,1.4542857142857142,31.835714285714285,51.80285714285714
North,2011-05-15,2011-05-09,2011-05-15,447,150,7,4.666666666666667,0.7971428571428572,30.59,54.40428571428571
North,2011-05-22,2011-05-16,2011-05-22,224,74,3,4.054054054054054,8.831428571428573,29.192857142857147,66.35714285714286
North,2011-05-29,2011-05-23,2011-05-29,511,160,6,3.75,1.6428571428571428,27.897142857142857,67.20714285714287
North,2011-06-05,2011-05-30,2011-06-05,596,141,7,4.964539007092199,4.862857142857143,29.427142857142858,64.93857142857144
North,2011-06-12,2011-06-06,2011-06-12,630,105,2,1.9047619047619049,0.987142857142857,29.131428571428575,61.99857142857143
North,2011-06-19,2011-06-13,2011-06-19,618,139,7,5.035971223021583,2.2142857142857144,29.308571428571423,61.888571428571424
North,2011-06-26,2011-06-20,2011-06-26,594,165,6,3.636363636363636,9.329999999999998,27.331428571428567,71.80999999999999
North,2011-07-03,2011-06-27,2011-07-03,24,12,0,0.0,11.787142857142856,27.00857142857143,74.65714285714286
North,2011-07-10,2011-07-04,2011-07-10,908,282,7,2.4822695035460995,3.3128571428571427,26.87142857142857,74.93999999999998
North,2011-07-17,2011-07-11,2011-07-17,808,294,8,2.7210884353741496,3.7571428571428567,25.881428571428568,76.99714285714286
North,2011-07-24,2011-07-18,2011-07-24,768,100,4,4.0,5.4314285714285715,26.177142857142858,77.05
North,2011-07-31,2011-07-25,2011-07-31,466,179,7,3.910614525139665,1.2957142857142858,26.055714285714284,77.30571428571429
North,2011-08-07,2011-08-01,2011-08-07,782,281,10,3.558718861209965,6.857142857142857,25.75714285714286,79.24857142857141
North,2011-08-14,2011-08-08,2011-08-14,961,367,9,2.452316076294278,8.42142857142857,24.60857142857143,81.96285714285715
North,2011-08-21,2011-08-15,2011-08-21,700,286,9,3.146853146853147,4.615714285714286,24.375714285714285,83.63571428571427
North,2011-08-28,2011-08-22,2011-08-28,805,375,6,1.6,3.9657142857142857,25.111428571428572,81.91714285714285
North,2011-09-04,2011-08-29,2011-09-04,807,334,5,1.497005988023952,6.798571428571428,25.387142857142862,80.70428571428572
North,2011-09-11,2011-09-05,2011-09-11,619,279,9,3.225806451612903,4.571428571428571,24.95285714285714,83.3157142857143
North,2011-09-18,2011-09-12,2011-09-18,677,187,6,3.2085561497326207,4.364285714285714,24.77,82.50714285714285
North,2011-09-25,2011-09-19,2011-09-25,878,257,5,1.9455252918287933,8.407142857142857,25.821428571428573,79.29857142857144
North,2011-10-02,2011-09-26,2011-10-02,500,92,2,2.1739130434782608,1.2571428571428573,26.428571428571434,75.56857142857143
North,2011-10-09,2011-10-03,2011-10-09,413,148,4,2.702702702702702,5.03,26.65714285714285,76.36714285714285
North,2011-10-16,2011-10-10,2011-10-16,505,222,4,1.8018018018018016,2.0085714285714285,26.83142857142857,73.96000000000001
North,2011-10-23,2011-10-17,2011-10-23,248,39,2,5.128205128205128,0.7871428571428571,27.392857142857142,68.16714285714286
North,2011-10-30,2011-10-24,2011-10-30,250,125,1,0.8,0.3285714285714286,28.05285714285714,58.34142857142857
North,2011-11-06,2011-10-31,2011-11-06,137,41,1,2.4390243902439024,0.02142857142857143,28.330000000000005,52.449999999999996
North,2011-11-13,2011-11-07,2011-11-13,201,58,1,1.7241379310344829,0.0,28.594285714285714,45.79142857142857
North,2011-11-20,2011-11-14,2011-11-20,115,56,2,3.571428571428571,0.0,28.618571428571425,44.23857142857143
North,2011-11-27,2011-11-21,2011-11-27,45,4,0,0.0,0.0,26.244285714285716,38.35285714285715
North,2011-12-04,2011-11-28,2011-12-04,39,9,0,0.0,0.0,24.05857142857143,35.84285714285714
North,2011-12-18,2011-12-12,2011-12-18,23,6,0,0.0,0.0,24.569999999999997,27.45285714285714
North,2011-12-25,2011-12-19,2011-12-25,7,3,0,0.0,0.0,26.17142857142857,26.419999999999998
North,2012-01-01,2011-12-26,2012-01-01,0,0,0,0.0,0.0,27.024285714285714,25.771428571428572
North,2012-01-08,2012-01-02,2012-01-08,35,21,1,4.761904761904762,0.0,24.99142857142857,24.24285714285714
North,2012-01-15,2012-01-09,2012-01-15,40,9,0,0.0,0.0,24.307142857142857,23.77285714285714
North,2012-01-22,2012-01-16,2012-01-22,80,16,0,0.0,0.0,26.642857142857142,23.42571428571429
North,2012-01-29,2012-01-23,2012-01-29,0,0,0,0.0,0.0,29.02285714285714,20.57
North,2012-02-05,2012-01-30,2012-02-05,50,26,0,0.0,0.0,29.07857142857143,19.462857142857143
North,2012-02-12,2012-02-06,2012-02-12,79,0,0,0.0,0.0,29.49857142857143,16.208571428571428
North,2012-02-19,2012-02-13,2012-02-19,45,15,0,0.0,0.022857142857142857,31.074285714285715,25.692857142857143
North,2012-02-26,2012-02-20,2012-02-26,26,9,0,0.0,0.06142857142857144,31.532857142857143,23.854285714285712
North,2012-03-04,2012-02-27,2012-03-04,43,5,1,20.0,0.01,30.974285714285713,19.85571428571429
North,2012-03-11,2012-03-05,2012-03-11,111,39,1,2.564102564102564,0.0,30.69714285714286,20.70285714285714
North,2012-03-18,2012-03-12,2012-03-18,29,0,0,0.0,0.0,30.918571428571425,17.064285714285713
North,2012-03-25,2012-03-19,2012-03-25,23,0,0,0.0,0.0,30.38571428571429,12.544285714285712
North,2012-04-01,2012-03-26,2012-04-01,26,7,0,0.0,0.008571428571428572,31.87714285714286,18.165714285714284
North,2012-04-08,2012-04-02,2012-04-08,54,35,1,2.857142857142857,2.56,31.72857142857143,45.6
North,2012-04-15,2012-04-09,2012-04-15,0,0,0,0.0,1.0385714285714285,31.888571428571428,50.32142857142857
North,2012-04-22,2012-04-16,2012-04-22,39,21,0,0.0,1.5057142857142858,30.252857142857145,54.31999999999999
North,2012-04-29,2012-04-23,2012-04-29,40,10,0,0.0,0.24000000000000002,32.43,39.93428571428571
North,2012-05-06,2012-04-30,2012-05-06,236,68,2,2.941176470588235,1.5157142857142856,33.10285714285714,44.93285714285714
North,2012-05-13,2012-05-07,2012-05-13,176,39,1,2.564102564102564,6.635714285714286,28.36142857142857,67.51714285714284
North,2012-05-20,2012-05-14,2012-05-20,28,8,0,0.0,2.718571428571429,29.939999999999998,59.074285714285715
North,2012-05-27,2012-05-21,2012-05-27,120,58,2,3.4482758620689653,7.4642857142857135,28.374285714285712,66.63571428571429
North,2012-06-03,2012-05-28,2012-06-03,163,52,1,1.9230769230769231,11.148571428571428,26.87857142857143,76.34714285714287
North,2012-06-10,2012-06-04,2012-06-10,104,48,0,0.0,5.862857142857143,26.91714285714286,77.21285714285715
North,2012-06-17,2012-06-11,2012-06-17,126,81,2,2.469135802469136,4.561428571428571,26.95571428571429,75.49571428571427
North,2012-06-24,2012-06-18,2012-06-24,19,8,0,0.0,0.9414285714285714,27.165714285714284,69.92142857142856
North,2012-07-01,2012-06-25,2012-07-01,95,25,0,0.0,6.725714285714285,25.352857142857143,76.92285714285715
North,2012-07-08,2012-07-02,2012-07-08,52,31,0,0.0,5.1085714285714285,24.712857142857143,81.91714285714285
North,2012-07-15,2012-07-09,2012-07-15,147,56,1,1.7857142857142856,4.311428571428571,25.46,79.79285714285713
North,2012-07-22,2012-07-16,2012-07-22,160,61,1,1.639344262295082,4.445714285714286,25.015714285714285,82.47142857142856
North,2012-07-29,2012-07-23,2012-07-29,37,13,0,0.0,2.0385714285714287,24.965714285714284,80.97571428571428
North,2012-08-05,2012-07-30,2012-08-05,151,77,0,0.0,11.54857142857143,24.804285714285715,85.29285714285713
North,2012-08-12,2012-08-06,2012-08-12,146,72,1,1.3888888888888888,6.452857142857143,24.667142857142856,84.92999999999999
North,2012-08-19,2012-08-13,2012-08-19,0,0,0,0.0,11.80857142857143,24.085714285714285,86.38285714285713
North,2012-08-26,2012-08-20,2012-08-26,715,15,0,0.0,13.574285714285711,23.985714285714288,85.03857142857143
North,2012-09-02,2012-08-27,2012-09-02,185,59,2,3.389830508474576,12.291428571428572,24.875714285714285,82.82857142857142
North,2012-09-09,2012-09-03,2012-09-09,0,0,0,0.0,8.744285714285715,24.21857142857143,85.07571428571428
North,2012-09-16,2012-09-10,2012-09-16,42,25,1,4.0,12.264285714285716,24.961428571428574,82.38
North,2012-09-23,2012-09-17,2012-09-23,0,0,0,0.0,11.565714285714288,24.76714285714286,83.98142857142857
North,2012-09-30,2012-09-24,2012-09-30,0,0,0,0.0,2.614285714285714,25.475714285714286,80.73714285714286
North,2012-10-07,2012-10-01,2012-10-07,36,0,0,0.0,7.859999999999999,25.532857142857143,82.7242857142857
North,2012-10-14,2012-10-08,2012-10-14,148,72,1,1.3888888888888888,4.0685714285714285,26.27857142857143,77.37
North,2012-10-21,2012-10-15,2012-10-21,0,0,0,0.0,2.9985714285714287,26.25142857142857,78.81571428571428
North,2012-10-28,2012-10-22,2012-10-28,147,91,0,0.0,0.9385714285714286,26.06857142857143,78.52
North,2012-11-04,2012-10-29,2012-11-04,35,0,0,0.0,0.032857142857142856,26.381428571428568,67.07285714285715
North,2012-11-11,2012-11-05,2012-11-11,0,0,0,0.0,2.817142857142857,26.208571428571428,75.00857142857141
North,2012-11-18,2012-11-12,2012-11-18,99,0,0,0.0,0.02,26.464285714285715,64.33142857142857
North,2012-11-25,2012-11-19,2012-11-25,31,19,0,0.0,0.0,26.522857142857138,62.047142857142866
North,2012-12-02,2012-11-26,2012-12-02,32,15,0,0.0,0.0,25.939999999999998,61.81999999999999
North,2012-12-09,2012-12-03,2012-12-09,13,0,0,0.0,0.0,25.720000000000002,52.875714285714295
North,2012-12-16,2012-12-10,2012-12-16,136,22,0,0.0,0.0,25.694285714285716,45.80428571428571
North,2012-12-23,2012-12-17,2012-12-23,0,0,0,0.0,0.0,24.807142857142853,40.042857142857144
North,2012-12-30,2012-12-24,2012-12-30,7,0,0,0.0,0.0,23.642857142857142,35.44571428571429
North,2013-01-06,2012-12-31,2013-01-06,28,11,0,0.0,0.0,25.247142857142858,34.11857142857143
North,2013-01-13,2013-01-07,2013-01-13,52,21,1,4.761904761904762,0.0,25.164285714285715,35.21714285714285
North,2013-01-20,2013-01-14,2013-01-20,0,0,0,0.0,0.0,28.52857142857143,32.618571428571435
North,2013-01-27,2013-01-21,2013-01-27,91,14,0,0.0,0.004285714285714286,29.71571428571428,43.23571428571428
North,2013-02-03,2013-01-28,2013-02-03,0,0,0,0.0,0.0014285714285714286,25.55857142857143,29.674285714285713
North,2013-02-10,2013-02-04,2013-02-10,15,3,0,0.0,0.0,28.842857142857145,29.13571428571429
North,2013-02-17,2013-02-11,2013-02-17,0,0,0,0.0,0.0,29.84,24.364285714285717
North,2013-02-24,2013-02-18,2013-02-24,1,1,0,0.0,0.0,30.542857142857144,23.881428571428575
North,2013-03-03,2013-02-25,2013-03-03,0,0,0,0.0,0.002857142857142857,32.40428571428571,27.00571428571428
North,2013-03-10,2013-03-04,2013-03-10,120,0,0,0.0,0.0,32.00571428571429,37.30428571428571
North,2013-03-17,2013-03-11,2013-03-17,0,0,0,0.0,0.037142857142857144,31.959999999999997,39.347142857142856
North,2013-03-24,2013-03-18,2013-03-24,55,36,0,0.0,0.011428571428571429,32.56142857142857,37.32571428571429
North,2013-03-31,2013-03-25,2013-03-31,70,40,2,5.0,1.4942857142857144,31.380000000000003,48.08857142857143
North,2013-04-07,2013-04-01,2013-04-07,87,38,1,2.631578947368421,0.6728571428571428,31.951428571428576,42.69428571428572
North,2013-04-14,2013-04-08,2013-04-14,0,0,0,0.0,1.8614285714285717,31.231428571428573,49.098571428571425
North,2013-04-21,2013-04-15,2013-04-21,177,54,0,0.0,0.19142857142857145,32.331428571428575,41.53142857142858
North,2013-04-28,2013-04-22,2013-04-28,0,0,0,0.0,3.5214285714285714,29.885714285714283,50.98428571428571
North,2013-05-05,2013-04-29,2013-05-05,78,49,0,0.0,2.7414285714285715,30.011428571428574,58.160000000000004
North,2013-05-12,2013-05-06,2013-05-12,92,33,1,3.0303030303030303,1.292857142857143,28.775714285714287,63.30428571428571
North,2013-05-19,2013-05-13,2013-05-19,422,96,2,2.083333333333333,3.4671428571428575,31.081428571428575,53.67714285714285
North,2013-05-26,2013-05-20,2013-05-26,45,0,0,0.0,2.0285714285714285,29.912857142857145,59.89142857142857
North,2013-06-02,2013-05-27,2013-06-02,56,0,0,0.0,5.314285714285715,28.824285714285715,64.47285714285714
North,2013-06-09,2013-06-03,2013-06-09,0,0,0,0.0,5.255714285714285,28.208571428571425,66.89714285714287
North,2013-06-16,2013-06-10,2013-06-16,134,53,1,1.8867924528301887,3.494285714285715,28.125714285714288,68.49
North,2013-06-23,2013-06-17,2013-06-23,0,0,0,0.0,3.0785714285714283,28.861428571428576,62.5
North,2013-06-30,2013-06-24,2013-06-30,66,41,1,2.4390243902439024,2.948571428571429,27.03,68.9557142857143
North,2013-07-07,2013-07-01,2013-07-07,97,35,0,0.0,9.260000000000002,26.82714285714286,71.10714285714286
North,2013-07-14,2013-07-08,2013-07-14,331,75,1,1.3333333333333337,6.252857142857143,26.289999999999996,72.97714285714285
North,2013-07-21,2013-07-15,2013-07-21,199,106,4,3.7735849056603774,13.891428571428573,25.831428571428575,78.52428571428571
North,2013-07-28,2013-07-22,2013-07-28,15,0,0,0.0,9.314285714285715,25.022857142857138,84.21285714285715
North,2013-08-04,2013-07-29,2013-08-04,90,0,0,0.0,8.248571428571429,23.932857142857138,84.69857142857144
North,2013-08-11,2013-08-05,2013-08-11,465,52,1,1.9230769230769231,7.782857142857142,24.41,85.81714285714285
North,2013-08-18,2013-08-12,2013-08-18,0,0,0,0.0,6.1657142857142855,24.42142857142857,86.64285714285714
North,2013-08-25,2013-08-19,2013-08-25,86,43,0,0.0,8.55,24.285714285714285,84.81857142857143
North,2013-09-01,2013-08-26,2013-09-01,66,36,0,0.0,8.055714285714286,24.788571428571426,82.68571428571428
North,2013-09-08,2013-09-02,2013-09-08,25,0,0,0.0,7.768571428571429,25.057142857142857,82.14999999999999
North,2013-09-15,2013-09-09,2013-09-15,0,0,0,0.0,7.727142857142858,24.97714285714286,82.86571428571429
North,2013-09-22,2013-09-16,2013-09-22,80,0,0,0.0,5.937142857142858,26.072857142857146,80.95428571428572
North,2013-09-29,2013-09-23,2013-09-29,665,219,5,2.28310502283105,10.04857142857143,25.442857142857143,82.94000000000001
North,2013-10-06,2013-09-30,2013-10-06,57,27,2,7.4074074074074066,6.949999999999998,26.184285714285714,77.88285714285713
North,2013-10-13,2013-10-07,2013-10-13,199,0,0,0.0,1.9857142857142858,25.608571428571427,79.34
North,2013-10-20,2013-10-14,2013-10-20,42,26,0,0.0,1.1828571428571428,26.054285714285715,75.55428571428571
North,2013-10-27,2013-10-21,2013-10-27,124,37,1,2.702702702702702,0.5028571428571428,26.342857142857138,68.36571428571428
North,2013-11-03,2013-10-28,2013-11-03,17,0,0,0.0,0.07714285714285715,26.44285714285714,68.69428571428571
North,2013-11-10,2013-11-04,2013-11-10,70,46,1,2.1739130434782608,0.0,25.84,50.22857142857142
North,2013-11-17,2013-11-11,2013-11-17,42,25,1,4.0,0.0,27.197142857142858,54.76714285714286
North,2013-11-24,2013-11-18,2013-11-24,96,41,0,0.0,0.0,28.838571428571424,53.58142857142857
North,2013-12-01,2013-11-25,2013-12-01,0,0,0,0.0,0.012857142857142857,27.90857142857143,49.86857142857143
North,2013-12-08,2013-12-02,2013-12-08,0,0,0,0.0,0.21285714285714286,28.117142857142856,56.43
North,2013-12-15,2013-12-09,2013-12-15,4,2,0,0.0,0.004285714285714286,26.03857142857143,47.03285714285715
North,2013-12-22,2013-12-16,2013-12-22,41,13,0,0.0,0.0,23.52,35.32857142857143
North,2013-12-29,2013-12-23,2013-12-29,9,0,0,0.0,0.0,27.431428571428572,30.21857142857143
North,2014-01-05,2013-12-30,2014-01-05,52,17,0,0.0,0.0,26.322857142857146,25.969999999999995
North,2014-04-30,2014-01-01,2014-04-30,16,9,0,0.0,1.4445000000000001,29.621000000000002,31.518250000000002
North,2014-01-12,2014-01-06,2014-01-12,0,0,0,0.0,0.0,25.092857142857138,27.472857142857144
North,2014-01-19,2014-01-13,2014-01-19,0,0,0,0.0,0.0,27.208571428571435,25.964285714285715
North,2014-01-26,2014-01-20,2014-01-26,24,6,0,0.0,0.0,28.027142857142856,20.63428571428571
North,2014-02-02,2014-01-27,2014-02-02,45,15,0,0.0,0.0,29.09,24.607142857142858
North,2014-02-09,2014-02-03,2014-02-09,49,21,0,0.0,0.0,28.279999999999998,23.65142857142857
North,2014-02-16,2014-02-10,2014-02-16,184,59,0,0.0,0.0,27.30714285714286,19.231428571428573
North,2014-02-23,2014-02-17,2014-02-23,0,0,0,0.0,0.0,29.037142857142857,14.29142857142857
North,2014-03-02,2014-02-24,2014-03-02,65,20,0,0.0,0.10428571428571429,31.259999999999998,30.932857142857138
North,2014-03-09,2014-03-03,2014-03-09,36,14,0,0.0,0.0,30.868571428571425,25.554285714285708
North,2014-03-16,2014-03-10,2014-03-16,18,7,0,0.0,0.0014285714285714286,31.222857142857144,19.625714285714285
North,2014-03-23,2014-03-17,2014-03-23,133,38,0,0.0,0.1542857142857143,32.534285714285716,18.71
North,2014-03-30,2014-03-24,2014-03-30,181,34,0,0.0,1.4442857142857142,31.671428571428574,47.92714285714286
North,2014-04-06,2014-03-31,2014-04-06,153,61,0,0.0,0.025714285714285714,32.39142857142857,32.71285714285714
North,2014-04-13,2014-04-07,2014-04-13,0,0,0,0.0,0.0,32.81285714285714,40.361428571428576
North,2014-04-20,2014-04-14,2014-04-20,34,23,0,0.0,2.6914285714285713,31.859999999999996,48.24714285714286
North,2014-04-27,2014-04-21,2014-04-27,234,63,1,1.5873015873015872,9.907142857142857,28.54,69.37857142857142
North,2014-05-04,2014-04-28,2014-05-04,24,0,0,0.0,13.045714285714284,27.830000000000002,76.42999999999999
North,2014-05-11,2014-05-05,2014-05-11,281,79,1,1.2658227848101269,1.4171428571428568,27.590000000000003,73.58428571428571
North,2014-05-18,2014-05-12,2014-05-18,22,9,0,0.0,3.234285714285714,28.191428571428567,63.74
North,2014-05-25,2014-05-19,2014-05-25,34,15,0,0.0,0.8214285714285714,31.064285714285713,55.55714285714286
North,2014-06-01,2014-05-26,2014-06-01,596,337,5,1.483679525222552,6.211428571428571,29.184285714285714,65.96857142857144
North,2014-06-08,2014-06-02,2014-06-08,80,16,0,0.0,6.6499999999999995,27.882857142857144,73.41857142857144
North,2014-06-15,2014-06-09,2014-06-15,92,41,0,0.0,3.495714285714286,27.725714285714286,73.35857142857144
North,2014-06-22,2014-06-16,2014-06-22,100,58,1,1.7241379310344829,7.727142857142857,26.812857142857137,78.74999999999999
North,2014-06-29,2014-06-23,2014-06-29,73,0,0,0.0,3.4499999999999997,27.09,72.89857142857143
North,2014-07-06,2014-06-30,2014-07-06,92,0,0,0.0,6.231428571428572,26.755714285714287,77.23428571428572
North,2014-07-13,2014-07-07,2014-07-13,223,35,0,0.0,2.2114285714285713,26.424285714285713,75.12857142857142
North,2014-07-20,2014-07-14,2014-07-20,226,14,0,0.0,3.545714285714286,26.554285714285715,74.92142857142858
North,2014-07-27,2014-07-21,2014-07-27,349,79,3,3.79746835443038,3.575714285714286,26.294285714285714,75.9742857142857
North,2014-08-03,2014-07-28,2014-08-03,573,206,5,2.4271844660194173,6.72,25.748571428571427,79.42428571428572
North,2014-08-10,2014-08-04,2014-08-10,545,221,4,1.809954751131222,4.591428571428572,24.684285714285714,81.98571428571428
North,2014-08-17,2014-08-11,2014-08-17,614,242,5,2.066115702479339,6.854285714285715,24.89428571428571,81.26428571428572
North,2014-08-24,2014-08-18,2014-08-24,267,71,2,2.8169014084507045,8.457142857142857,24.50857142857143,83.55714285714285
North,2014-11-05,2014-08-21,2014-11-05,673,128,6,4.6875,5.2933766233766235,25.81623376623377,77.96181818181816
North,2014-08-31,2014-08-25,2014-08-31,591,194,5,2.5773195876288657,9.782857142857143,25.095714285714287,83.82571428571428
North,2014-09-07,2014-09-01,2014-09-07,434,135,2,1.4814814814814816,9.03,24.240000000000006,84.28857142857143
North,2014-09-14,2014-09-08,2014-09-14,133,48,2,4.166666666666666,5.032857142857144,25.225714285714282,80.53571428571429
North,2014-09-21,2014-09-15,2014-09-21,529,188,6,3.191489361702128,10.391428571428571,25.41142857142857,81.62285714285714
North,2014-09-28,2014-09-22,2014-09-28,347,143,4,2.797202797202797,5.675714285714285,26.08142857142857,78.22571428571429
North,2014-10-05,2014-09-29,2014-10-05,345,100,3,3.0,4.997142857142856,25.75142857142857,79.69571428571429
North,2014-10-12,2014-10-06,2014-10-12,425,174,3,1.7241379310344829,3.342857142857143,26.527142857142856,77.37142857142858
North,2014-10-19,2014-10-13,2014-10-19,341,67,2,2.985074626865672,3.7600000000000002,26.092857142857145,78.68142857142857
North,2014-10-26,2014-10-20,2014-10-26,161,41,1,2.4390243902439024,0.48285714285714293,26.47714285714286,69.36999999999999
North,2014-11-02,2014-10-27,2014-11-02,168,39,0,0.0,0.05285714285714286,27.348571428571425,67.24571428571429
North,2014-11-09,2014-11-03,2014-11-09,100,28,1,3.571428571428571,0.038571428571428576,28.072857142857142,61.22142857142857
North,2014-11-16,2014-11-10,2014-11-16,52,5,0,0.0,0.008571428571428572,28.238571428571426,53.73714285714285
North,2014-11-23,2014-11-17,2014-11-23,81,23,1,4.3478260869565215,0.03142857142857143,27.282857142857136,45.699999999999996
North,2014-11-30,2014-11-24,2014-11-30,44,17,0,0.0,0.0,26.75142857142857,43.17
North,2014-12-07,2014-12-01,2014-12-07,36,12,0,0.0,0.0,26.91,34.83
North,2014-12-14,2014-12-08,2014-12-14,137,63,1,1.5873015873015872,0.0,27.34,30.772857142857138
North,2014-12-21,2014-12-15,2014-12-21,5,3,0,0.0,0.0,26.34,29.59285714285715
North,2014-12-28,2014-12-22,2014-12-28,28,10,0,0.0,0.0,24.360000000000003,30.527142857142856
North,2015-01-04,2014-12-29,2015-01-04,75,0,0,0.0,0.0,25.41857142857143,29.154285714285713
North,2015-01-11,2015-01-05,2015-01-11,0,0,0,0.0,0.0,21.044285714285714,25.797142857142855
North,2015-01-18,2015-01-12,2015-01-18,0,0,0,0.0,0.0,22.284285714285712,22.278571428571432
North,2015-01-25,2015-01-19,2015-01-25,0,0,0,0.0,0.0,27.222857142857144,17.345714285714287
North,2015-02-01,2015-01-26,2015-02-01,37,10,0,0.0,0.0,28.384285714285713,20.607142857142858
North,2015-02-08,2015-02-02,2015-02-08,0,0,0,0.0,0.0,30.458571428571425,20.09142857142857
North,2015-02-15,2015-02-09,2015-02-15,11,4,0,0.0,0.0,29.608571428571427,17.32857142857143
North,2015-02-22,2015-02-16,2015-02-22,51,20,0,0.0,0.002857142857142857,31.70714285714286,29.208571428571428
North,2015-03-01,2015-02-23,2015-03-01,0,0,0,0.0,0.0,30.004285714285714,19.93285714285714
North,2015-03-08,2015-03-02,2015-03-08,51,26,0,0.0,0.0,30.48714285714286,19.79
North,2015-03-15,2015-03-09,2015-03-15,40,22,1,4.545454545454546,0.0,32.42285714285715,23.505714285714287
North,2015-03-22,2015-03-16,2015-03-22,159,5,0,0.0,0.0,33.607142857142854,29.02142857142857
North,2015-03-29,2015-03-23,2015-03-29,116,64,2,3.125,0.2742857142857143,32.47428571428571,41.80142857142857
North,2015-04-05,2015-03-30,2015-04-05,84,28,0,0.0,0.0014285714285714286,32.02285714285715,20.781428571428574
North,2015-04-12,2015-04-06,2015-04-12,0,0,0,0.0,0.5685714285714286,32.12714285714286,39.74857142857143
North,2015-04-19,2015-04-13,2015-04-19,57,24,0,0.0,0.0,31.322857142857142,21.57
North,2015-04-26,2015-04-20,2015-04-26,64,17,0,0.0,0.16285714285714287,33.105714285714285,25.351428571428574
North,2015-05-03,2015-04-27,2015-05-03,0,0,0,0.0,2.2357142857142858,33.00571428571429,34.28285714285715
North,2015-05-10,2015-05-04,2015-05-10,0,0,0,0.0,0.9671428571428571,31.248571428571427,49.901428571428575
North,2015-05-17,2015-05-11,2015-05-17,0,0,0,0.0,1.9771428571428569,30.40857142857143,55.607142857142854
North,2015-05-24,2015-05-18,2015-05-24,73,21,1,4.761904761904762,3.758571428571428,29.52142857142857,62.175714285714285
North,2015-05-31,2015-05-25,2015-05-31,182,49,1,2.0408163265306123,3.9528571428571433,30.07857142857143,58.66285714285714
North,2015-06-07,2015-06-01,2015-06-07,67,32,2,6.25,5.002857142857144,28.891428571428573,64.74714285714286
North,2015-06-14,2015-06-08,2015-06-14,125,23,0,0.0,2.3842857142857143,28.505714285714284,64.19428571428571
North,2015-06-21,2015-06-15,2015-06-21,141,40,1,2.5,4.064285714285714,28.40714285714285,67.14142857142858
North,2015-06-28,2015-06-22,2015-06-28,184,82,1,1.2195121951219512,12.70142857142857,28.037142857142857,68.52428571428571
North,2015-07-05,2015-06-29,2015-07-05,27,17,0,0.0,5.1899999999999995,27.065714285714282,74.63714285714286
North,2015-07-12,2015-07-06,2015-07-12,0,0,0,0.0,3.192857142857143,27.845714285714283,71.17142857142856
North,2015-07-19,2015-07-13,2015-07-19,93,42,1,2.380952380952381,4.8585714285714285,26.82857142857143,75.89
North,2015-07-26,2015-07-20,2015-07-26,154,48,2,4.166666666666666,5.905714285714287,25.83428571428571,79.42142857142858
North,2015-08-02,2015-07-27,2015-08-02,291,136,2,1.4705882352941175,4.191428571428571,25.58285714285714,80.10714285714286
North,2015-08-09,2015-08-03,2015-08-09,163,100,1,1.0,8.63,24.939999999999998,83.56142857142858
North,2015-08-16,2015-08-10,2015-08-16,225,24,1,4.166666666666666,2.9842857142857144,25.740000000000002,81.70714285714287
North,2015-08-23,2015-08-17,2015-08-23,0,0,0,0.0,5.88,25.884285714285713,79.19857142857143
North,2015-08-30,2015-08-24,2015-08-30,286,85,2,2.3529411764705883,10.79857142857143,25.17142857142857,84.45142857142858
North,2015-09-06,2015-08-31,2015-09-06,375,113,4,3.5398230088495577,10.747142857142858,25.572857142857142,82.30142857142859
North,2015-09-13,2015-09-07,2015-09-13,243,111,2,1.8018018018018016,6.622857142857144,26.10285714285714,79.84714285714286
North,2015-09-20,2015-09-14,2015-09-20,681,218,3,1.376146788990826,6.607142857142857,25.580000000000002,82.30857142857144
North,2015-09-27,2015-09-21,2015-09-27,263,96,1,1.0416666666666663,3.8600000000000003,25.938571428571432,81.27428571428571
North,2015-10-04,2015-09-28,2015-10-04,247,76,2,2.631578947368421,5.385714285714286,26.500000000000004,78.33
North,2015-10-11,2015-10-05,2015-10-11,293,145,4,2.7586206896551726,2.1642857142857146,26.27,78.2942857142857
North,2015-10-18,2015-10-12,2015-10-18,178,70,0,0.0,6.547142857142857,27.215714285714284,75.17857142857143
North,2015-10-25,2015-10-19,2015-10-25,279,85,0,0.0,2.1314285714285717,27.2,73.89999999999999
North,2015-11-01,2015-10-26,2015-11-01,111,10,0,0.0,2.7842857142857143,26.214285714285715,78.17571428571429
North,2015-11-08,2015-11-02,2015-11-08,44,0,0,0.0,0.2814285714285714,26.952857142857145,65.27714285714286
North,2015-11-15,2015-11-09,2015-11-15,175,84,1,1.1904761904761905,0.0,26.82571428571428,56.311428571428564
North,2015-11-22,2015-11-16,2015-11-22,241,0,0,0.0,0.0,27.018571428571427,48.15428571428572
North,2015-11-29,2015-11-23,2015-11-29,77,14,0,0.0,0.0,27.33571428571429,41.35
North,2015-12-06,2015-11-30,2015-12-06,116,34,1,2.941176470588235,0.0,25.07714285714286,38.132857142857155
North,2015-12-13,2015-12-07,2015-12-13,4,1,0,0.0,0.0,24.17571428571429,36.114285714285714
North,2015-12-20,2015-12-14,2015-12-20,96,44,1,2.272727272727273,0.0,23.112857142857138,28.584285714285716
North,2015-12-27,2015-12-21,2015-12-27,33,3,0,0.0,0.0,23.49142857142857,32.21857142857142
North,2016-01-10,2016-01-04,2016-01-10,0,0,0,0.0,0.0,26.90285714285714,25.872857142857146
North,2016-01-17,2016-01-11,2016-01-17,0,0,0,0.0,0.0,26.961428571428574,20.64428571428571
North,2016-01-24,2016-01-18,2016-01-24,0,0,0,0.0,0.0,25.315714285714282,20.16
North,2016-01-31,2016-01-25,2016-01-31,0,0,0,0.0,0.0,22.840000000000003,23.71142857142857
North,2016-02-07,2016-02-01,2016-02-07,0,0,0,0.0,0.0,26.85714285714286,21.50142857142857
North,2016-02-14,2016-02-08,2016-02-14,0,0,0,0.0,0.0,25.384285714285713,17.242857142857144
North,2016-02-21,2016-02-15,2016-02-21,0,0,0,0.0,0.0,30.155714285714282,15.135714285714286
North,2016-02-28,2016-02-22,2016-02-28,68,44,0,0.0,0.0,30.53,16.18285714285714
North,2016-03-06,2016-02-29,2016-03-06,213,111,3,2.702702702702702,0.0,33.17142857142857,25.107142857142858
North,2016-03-13,2016-03-07,2016-03-13,62,0,0,0.0,0.08285714285714287,33.36000000000001,34.36714285714286
North,2016-03-20,2016-03-14,2016-03-20,0,0,0,0.0,0.4657142857142857,33.15714285714286,34.951428571428565
North,2016-03-27,2016-03-21,2016-03-27,30,15,0,0.0,1.1485714285714288,33.097142857142856,41.76428571428572
North,2016-04-03,2016-03-28,2016-04-03,34,17,0,0.0,0.004285714285714286,33.36,25.842857142857145
North,2016-04-10,2016-04-04,2016-04-10,107,15,0,0.0,1.6900000000000002,32.70142857142857,44.451428571428565
North,2016-04-17,2016-04-11,2016-04-17,90,8,0,0.0,2.3957142857142855,31.19571428571428,57.529999999999994
North,2016-04-24,2016-04-18,2016-04-24,0,0,0,0.0,1.1300000000000001,31.534285714285716,39.224285714285706
North,2016-05-01,2016-04-25,2016-05-01,204,60,2,3.333333333333333,4.325714285714286,30.688571428571432,58.73285714285715
North,2016-05-08,2016-05-02,2016-05-08,63,0,0,0.0,2.3742857142857146,30.925714285714285,56.97428571428571
North,2016-05-15,2016-05-09,2016-05-15,183,72,1,1.3888888888888888,8.011428571428572,30.148571428571433,62.76714285714285
North,2016-05-22,2016-05-16,2016-05-22,45,0,1,0.0,7.791428571428573,28.08857142857143,71.68285714285715
North,2016-05-29,2016-05-23,2016-05-29,84,0,0,0.0,6.417142857142856,27.632857142857144,74.07714285714285
North,2016-06-05,2016-05-30,2016-06-05,332,129,3,2.3255813953488373,7.844285714285715,27.962857142857143,70.25571428571429
North,2016-06-12,2016-06-06,2016-06-12,29,18,0,0.0,9.587142857142856,27.604285714285716,77.68714285714285
North,2016-06-19,2016-06-13,2016-06-19,73,18,0,0.0,5.702857142857143,26.284285714285716,78.10714285714286
North,2016-06-26,2016-06-20,2016-06-26,27,0,0,0.0,6.032857142857144,25.428571428571427,79.81428571428572
North,2016-07-03,2016-06-27,2016-07-03,72,0,0,0.0,5.24,26.52,79.13285714285713
North,2016-07-10,2016-07-04,2016-07-10,321,105,1,0.9523809523809524,9.959999999999999,25.95714285714286,81.05428571428571
North,2016-07-17,2016-07-11,2016-07-17,122,35,0,0.0,5.42,24.66,85.15857142857142
North,2016-07-24,2016-07-18,2016-07-24,328,70,0,0.0,10.021428571428572,24.822857142857146,85.05714285714285
North,2016-07-31,2016-07-25,2016-07-31,193,78,1,1.282051282051282,9.492857142857142,24.388571428571428,86.25285714285712
North,2016-08-07,2016-08-01,2016-08-07,58,34,0,0.0,4.137142857142857,25.12857142857143,85.13428571428571
North,2016-08-14,2016-08-08,2016-08-14,304,58,1,1.7241379310344829,6.68,25.025714285714287,84.95857142857143
North,2016-08-21,2016-08-15,2016-08-21,31,17,0,0.0,5.121428571428572,26.004285714285718,80.4342857142857
North,2016-08-28,2016-08-22,2016-08-28,185,67,1,1.4925373134328357,8.678571428571429,24.84,84.86285714285714
North,2016-09-04,2016-08-29,2016-09-04,681,351,5,1.4245014245014245,16.164285714285715,25.541428571428575,82.88571428571429
North,2016-09-11,2016-09-05,2016-09-11,313,80,3,3.75,6.164285714285714,25.337142857142858,85.89999999999999
North,2016-09-18,2016-09-12,2016-09-18,165,34,1,2.941176470588235,7.114285714285715,25.184285714285718,82.85000000000001
North,2016-09-25,2016-09-19,2016-09-25,66,37,0,0.0,3.3,25.821428571428566,81.37428571428572
North,2016-10-02,2016-09-26,2016-10-02,149,86,1,1.162790697674419,3.732857142857143,26.285714285714285,80.13857142857144
North,2016-10-09,2016-10-03,2016-10-09,0,0,0,0.0,3.62,26.088571428571424,80.25714285714285
North,2016-10-16,2016-10-10,2016-10-16,0,0,0,0.0,1.4485714285714284,27.16428571428571,75.27714285714286
North,2016-10-23,2016-10-17,2016-10-23,215,70,0,0.0,2.6014285714285714,26.928571428571427,73.01142857142857
North,2016-10-30,2016-10-24,2016-10-30,0,0,0,0.0,0.4942857142857143,26.90142857142857,65.59857142857143
North,2016-11-06,2016-10-31,2016-11-06,74,22,0,0.0,0.004285714285714286,26.971428571428568,65.02714285714286
North,2016-11-13,2016-11-07,2016-11-13,0,0,0,0.0,0.0,26.172857142857143,55.618571428571435
North,2016-11-20,2016-11-14,2016-11-20,89,27,0,0.0,0.0,27.364285714285717,59.184285714285714
North,2016-11-27,2016-11-21,2016-11-27,101,22,0,0.0,0.0,27.65714285714285,55.544285714285714
North,2016-12-04,2016-11-28,2016-12-04,12,6,0,0.0,0.0,26.94571428571428,44.79
North,2016-12-11,2016-12-05,2016-12-11,0,0,0,0.0,0.0,27.41714285714286,46.62285714285714
North,2016-12-18,2016-12-12,2016-12-18,36,16,0,0.0,0.0,26.668571428571425,39.57142857142857
North,2016-12-25,2016-12-19,2016-12-25,12,0,0,0.0,0.0,26.527142857142856,34.44571428571429
North,2017-01-01,2016-12-26,2017-01-01,46,0,0,0.0,0.0,25.41142857142857,30.069999999999997
North,2017-01-08,2017-01-02,2017-01-08,41,23,0,0.0,0.0,26.375714285714285,29.17571428571429
North,2017-01-15,2017-01-09,2017-01-15,36,17,0,0.0,0.0,26.781428571428567,29.902857142857147
North,2017-01-22,2017-01-16,2017-01-22,0,0,0,0.0,0.0,29.344285714285714,24.475714285714286
North,2017-01-29,2017-01-23,2017-01-29,40,11,0,0.0,0.0,29.63285714285714,33.839999999999996
North,2017-02-05,2017-01-30,2017-02-05,0,0,0,0.0,0.0,28.17285714285714,22.764285714285716
North,2017-02-12,2017-02-06,2017-02-12,20,9,0,0.0,0.0,28.452857142857145,18.992857142857144
North,2017-02-19,2017-02-13,2017-02-19,0,0,0,0.0,0.0,26.360000000000003,21.00857142857143
North,2017-02-26,2017-02-20,2017-02-26,0,0,0,0.0,0.0,28.302857142857142,19.85571428571429
North,2017-03-05,2017-02-27,2017-03-05,63,24,0,0.0,0.0,29.697142857142858,16.197142857142858
North,2017-03-12,2017-03-06,2017-03-12,51,0,0,0.0,0.0,30.774285714285718,20.97142857142857
North,2017-03-19,2017-03-13,2017-03-19,13,5,0,0.0,0.0,31.525714285714287,17.201428571428572
North,2017-03-26,2017-03-20,2017-03-26,0,0,0,0.0,0.0,32.63285714285714,27.140000000000004
North,2017-04-02,2017-03-27,2017-04-02,236,104,3,2.8846153846153846,0.019999999999999997,33.098571428571425,26.377142857142854
North,2017-04-09,2017-04-03,2017-04-09,1,0,0,0.0,0.01,34.03142857142857,34.338571428571434
North,2017-04-16,2017-04-10,2017-04-16,0,0,0,0.0,6.987142857142857,29.618571428571425,60.68142857142856
North,2017-04-23,2017-04-17,2017-04-23,14,0,0,0.0,0.5157142857142858,31.004285714285714,52.77142857142858
North,2017-04-30,2017-04-24,2017-04-30,56,18,0,0.0,1.727142857142857,31.72142857142857,49.83142857142857
North,2017-05-07,2017-05-01,2017-05-07,88,55,1,1.818181818181818,2.6714285714285713,29.914285714285715,60.02571428571428
North,2017-05-14,2017-05-08,2017-05-14,117,58,0,0.0,3.95,29.762857142857147,61.38857142857143
North,2017-05-21,2017-05-15,2017-05-21,129,0,0,0.0,8.888571428571428,27.83285714285714,72.03142857142856
North,2017-05-28,2017-05-22,2017-05-28,304,169,4,2.366863905325444,3.3085714285714287,28.14428571428571,70.97999999999999
North,2017-06-04,2017-05-29,2017-06-04,0,0,0,0.0,6.605714285714285,27.631428571428568,74.93857142857142
North,2017-06-11,2017-06-05,2017-06-11,132,51,2,3.92156862745098,1.987142857142857,28.83428571428571,66.04285714285714
North,2017-06-18,2017-06-12,2017-06-18,327,122,2,1.639344262295082,23.060000000000002,26.248571428571427,81.29857142857142
North,2017-06-25,2017-06-19,2017-06-25,90,32,0,0.0,3.3157142857142854,26.349999999999998,78.82428571428571
North,2017-07-02,2017-06-26,2017-07-02,342,50,0,0.0,7.331428571428572,26.449999999999996,78.03999999999999
North,2017-07-09,2017-07-03,2017-07-09,158,37,0,0.0,6.05,25.082857142857144,83.94000000000001
North,2017-07-16,2017-07-10,2017-07-16,106,0,0,0.0,3.6799999999999997,25.004285714285718,83.38000000000001
North,2017-07-23,2017-07-17,2017-07-23,0,0,0,0.0,9.922857142857142,25.550000000000004,82.64285714285714
North,2017-07-30,2017-07-24,2017-07-30,208,120,3,2.5,4.832857142857144,25.66142857142857,81.24571428571427
North,2017-08-06,2017-07-31,2017-08-06,452,181,2,1.1049723756906076,11.924285714285714,24.859999999999996,86.35571428571428
North,2017-08-13,2017-08-07,2017-08-13,329,109,2,1.834862385321101,5.274285714285715,25.548571428571428,79.91
North,2017-08-20,2017-08-14,2017-08-20,0,0,0,0.0,2.4514285714285715,25.037142857142857,84.07000000000001
North,2017-08-27,2017-08-21,2017-08-27,139,35,0,0.0,9.239999999999998,25.232857142857146,83.68142857142855
North,2017-09-03,2017-08-28,2017-09-03,0,0,0,0.0,2.6671428571428573,24.68,84.74714285714286
North,2017-09-10,2017-09-04,2017-09-10,91,0,0,0.0,7.274285714285715,24.927142857142858,82.95
North,2017-09-17,2017-09-11,2017-09-17,147,54,2,3.7037037037037033,6.388571428571429,25.84857142857143,80.58571428571427
North,2017-09-24,2017-09-18,2017-09-24,71,44,1,2.272727272727273,12.141428571428571,25.861428571428572,81.66857142857144
North,2017-10-01,2017-09-25,2017-10-01,111,44,0,0.0,5.694285714285714,25.885714285714283,80.94571428571429
North,2017-10-08,2017-10-02,2017-10-08,60,17,0,0.0,4.338571428571428,26.798571428571428,77.44571428571429
North,2017-10-15,2017-10-09,2017-10-15,131,46,1,2.1739130434782608,2.6885714285714286,26.518571428571427,78.15571428571427
North,2017-10-22,2017-10-16,2017-10-22,0,0,0,0.0,0.4228571428571429,26.937142857142856,72.81571428571428
North,2017-10-29,2017-10-23,2017-10-29,38,25,1,4.0,0.0,26.697142857142858,67.48285714285716
North,2017-11-05,2017-10-30,2017-11-05,21,0,0,0.0,0.18,26.624285714285715,68.90285714285713
North,2017-11-12,2017-11-06,2017-11-12,0,0,0,0.0,0.005714285714285714,26.91857142857143,57.11000000000001
North,2017-11-19,2017-11-13,2017-11-19,41,24,0,0.0,1.0328571428571427,28.48428571428571,60.99285714285715
North,2017-11-26,2017-11-20,2017-11-26,0,0,0,0.0,0.0,27.185714285714283,53.24285714285713
North,2017-12-03,2017-11-27,2017-12-03,25,11,0,0.0,0.0,26.564285714285713,46.050000000000004
North,2017-12-10,2017-12-04,2017-12-10,0,0,0,0.0,0.0,26.54571428571429,40.58571428571428
North,2017-12-17,2017-12-11,2017-12-17,121,0,0,0.0,0.0,27.18,40.89714285714285
North,2017-12-24,2017-12-18,2017-12-24,0,0,0,0.0,0.0,28.17571428571429,35.14714285714285
North,2017-12-31,2017-12-25,2017-12-31,106,62,1,1.6129032258064515,0.0,26.117142857142856,32.82714285714286
North,2018-05-21,2018-05-18,2018-05-21,88,42,3,7.142857142857142,2.7725,29.375,64.49
North,2018-05-24,2018-05-18,2018-05-24,116,28,0,0.0,3.422857142857143,29.301428571428573,64.55285714285714
North,2018-06-27,2018-05-18,2018-06-27,147,0,0,0.0,4.539756097560976,27.98780487804878,70.14146341463415
North,2019-05-15,2019-05-01,2019-05-15,207,0,0,0.0,1.2686666666666668,31.962,50.443333333333335
North-West,2010-01-10,2010-01-04,2010-01-10,67,27,1,3.7037037037037033,0.9414285714285714,20.302857142857142,55.02142857142858
North-West,2010-01-17,2010-01-11,2010-01-17,16,0,0,0.0,0.29,20.414285714285715,55.84285714285714
North-West,2010-01-24,2010-01-18,2010-01-24,11,6,0,0.0,0.030000000000000002,20.84857142857143,55.46714285714285
North-West,2010-01-31,2010-01-25,2010-01-31,0,0,0,0.0,0.5357142857142857,22.755714285714287,62.942857142857136
North-West,2010-02-07,2010-02-01,2010-02-07,0,0,0,0.0,0.9828571428571428,21.201428571428572,59.975714285714275
North-West,2010-02-14,2010-02-08,2010-02-14,0,0,0,0.0,0.8957142857142857,21.785714285714285,63.51571428571429
North-West,2010-02-21,2010-02-15,2010-02-21,13,0,0,0.0,0.21428571428571427,22.145714285714288,76.67
North-West,2010-02-28,2010-02-22,2010-02-28,15,4,0,0.0,1.3357142857142856,22.455714285714286,77.31857142857143
North-West,2010-03-07,2010-03-01,2010-03-07,88,0,0,0.0,0.7542857142857143,23.39285714285714,60.449999999999996
North-West,2010-03-14,2010-03-08,2010-03-14,106,33,0,0.0,6.497142857142856,22.624285714285715,78.83
North-West,2010-03-21,2010-03-15,2010-03-21,339,35,0,0.0,4.6414285714285715,21.982857142857142,77.07142857142857
North-West,2010-03-28,2010-03-22,2010-03-28,3,0,0,0.0,0.18571428571428572,22.314285714285717,51.51
North-West,2010-04-04,2010-03-29,2010-04-04,60,15,0,0.0,0.25142857142857145,23.232857142857142,64.00142857142858
North-West,2010-04-11,2010-04-05,2010-04-11,59,18,0,0.0,5.445714285714286,22.81142857142857,75.42142857142858
North-West,2010-04-18,2010-04-12,2010-04-18,191,79,1,1.2658227848101269,8.577142857142857,22.97142857142857,79.23428571428572
North-West,2010-04-25,2010-04-19,2010-04-25,257,0,0,0.0,6.402857142857143,22.590000000000003,81.89857142857143
North-West,2010-05-02,2010-04-26,2010-05-02,51,0,0,0.0,5.371428571428572,21.708571428571425,85.71428571428574
North-West,2010-05-09,2010-05-03,2010-05-09,283,99,2,2.0202020202020203,5.522857142857142,22.017142857142858,85.25571428571428
North-West,2010-05-16,2010-05-10,2010-05-16,178,82,1,1.2195121951219512,5.587142857142857,22.281428571428574,83.42142857142858
North-West,2010-05-23,2010-05-17,2010-05-23,214,57,2,3.508771929824561,6.315714285714286,21.874285714285715,84.35571428571428
North-West,2010-05-30,2010-05-24,2010-05-30,0,0,0,0.0,2.815714285714286,22.388571428571424,82.61428571428571
North-West,2010-06-06,2010-05-31,2010-06-06,403,134,3,2.238805970149253,9.012857142857142,21.02,87.96714285714286
North-West,2010-06-13,2010-06-07,2010-06-13,0,0,0,0.0,2.498571428571428,21.49285714285714,82.91857142857143
North-West,2010-06-20,2010-06-14,2010-06-20,94,23,1,4.3478260869565215,6.9471428571428575,21.069999999999997,85.55857142857143
North-West,2010-06-27,2010-06-21,2010-06-27,133,39,1,2.564102564102564,11.504285714285714,20.521428571428572,86.78714285714285
North-West,2010-07-04,2010-06-28,2010-07-04,120,81,2,2.469135802469136,7.99,20.50714285714286,86.91285714285713
North-West,2010-07-11,2010-07-05,2010-07-11,46,25,0,0.0,13.808571428571426,19.807142857142853,88.94571428571427
North-West,2010-07-18,2010-07-12,2010-07-18,93,0,0,0.0,7.362857142857144,20.08857142857143,87.52999999999999
North-West,2010-07-25,2010-07-19,2010-07-25,345,100,2,2.0,13.83,18.764285714285712,89.27142857142857
North-West,2010-08-01,2010-07-26,2010-08-01,85,48,1,2.083333333333333,4.765714285714286,19.71857142857143,90.24142857142856
North-West,2010-08-08,2010-08-02,2010-08-08,379,100,1,1.0,11.075714285714286,20.282857142857146,89.46000000000002
North-West,2010-08-15,2010-08-09,2010-08-15,91,30,0,0.0,9.155714285714286,19.7,87.34571428571428
North-West,2010-08-22,2010-08-16,2010-08-22,0,0,0,0.0,12.245714285714286,19.77857142857143,88.61285714285714
North-West,2010-08-29,2010-08-23,2010-08-29,242,60,1,1.6666666666666667,8.184285714285714,20.032857142857143,89.39428571428572
North-West,2010-09-05,2010-08-30,2010-09-05,135,53,0,0.0,7.1414285714285715,19.76571428571429,90.75714285714285
North-West,2010-09-12,2010-09-06,2010-09-12,79,39,0,0.0,8.455714285714285,19.544285714285714,90.42714285714284
North-West,2010-09-19,2010-09-13,2010-09-19,212,107,2,1.8691588785046729,5.042857142857143,20.209999999999997,86.12428571428572
North-West,2010-09-26,2010-09-20,2010-09-26,106,62,2,3.225806451612903,15.552857142857144,19.49142857142857,90.54142857142858
North-West,2010-10-03,2010-09-27,2010-10-03,0,0,0,0.0,7.0685714285714285,20.192857142857143,89.16142857142857
North-West,2010-10-10,2010-10-04,2010-10-10,212,97,1,1.0309278350515465,7.185714285714285,20.435714285714287,86.47999999999999
North-West,2010-10-17,2010-10-11,2010-10-17,180,72,1,1.3888888888888888,8.895714285714286,20.205714285714286,88.3142857142857
North-West,2010-10-24,2010-10-18,2010-10-24,55,24,0,0.0,11.947142857142856,19.97142857142857,90.73857142857142
North-West,2010-10-31,2010-10-25,2010-10-31,480,91,1,1.098901098901099,9.618571428571428,20.421428571428574,88.70714285714287
North-West,2010-11-07,2010-11-01,2010-11-07,20,0,0,0.0,6.435714285714286,20.187142857142856,88.09857142857142
North-West,2010-11-14,2010-11-08,2010-11-14,0,0,0,0.0,2.4671428571428566,20.481428571428573,83.12
North-West,2010-11-21,2010-11-15,2010-11-21,0,0,0,0.0,1.3714285714285714,20.400000000000002,83.09
North-West,2010-11-28,2010-11-22,2010-11-28,0,0,0,0.0,1.2657142857142856,20.237142857142857,82.69714285714285
North-West,2010-12-05,2010-11-29,2010-12-05,19,5,0,0.0,0.6042857142857143,20.19,72.32000000000001
North-West,2010-12-12,2010-12-06,2010-12-12,0,0,0,0.0,0.015714285714285712,18.98,63.71714285714285
North-West,2010-12-19,2010-12-13,2010-12-19,0,0,0,0.0,0.015714285714285715,19.689999999999998,67.46714285714286
North-West,2010-12-26,2010-12-20,2010-12-26,18,0,0,0.0,0.9028571428571429,19.72142857142857,60.457142857142856
North-West,2011-01-02,2010-12-27,2011-01-02,0,0,0,0.0,0.004285714285714286,19.06857142857143,67.07714285714286
North-West,2011-01-09,2011-01-03,2011-01-09,14,0,1,0.0,0.004285714285714286,19.532857142857143,62.83857142857143
North-West,2011-01-16,2011-01-10,2011-01-16,15,7,0,0.0,0.0,18.22142857142857,54.91142857142857
North-West,2011-01-23,2011-01-17,2011-01-23,80,4,0,0.0,0.002857142857142857,19.91142857142857,55.42285714285715
North-West,2011-01-30,2011-01-24,2011-01-30,0,0,0,0.0,0.0,21.162857142857145,50.86
North-West,2011-02-06,2011-01-31,2011-02-06,48,13,0,0.0,0.25142857142857145,21.51285714285714,69.98142857142858
North-West,2011-02-13,2011-02-07,2011-02-13,0,0,0,0.0,0.044285714285714296,20.792857142857144,69.02571428571429
North-West,2011-02-20,2011-02-14,2011-02-20,30,0,0,0.0,1.3357142857142859,21.761428571428574,76.11857142857141
North-West,2011-02-27,2011-02-21,2011-02-27,0,0,0,0.0,2.327142857142857,21.005714285714287,76.92142857142858
North-West,2011-03-06,2011-02-28,2011-03-06,15,0,0,0.0,1.3857142857142857,21.90857142857143,72.15
North-West,2011-03-13,2011-03-07,2011-03-13,126,34,0,0.0,0.08,22.705714285714286,60.708571428571425
North-West,2011-03-20,2011-03-14,2011-03-20,113,50,2,4.0,0.22857142857142856,22.64428571428572,62.815714285714286
North-West,2011-03-27,2011-03-21,2011-03-27,87,31,0,0.0,3.3200000000000003,22.12285714285714,75.29285714285713
North-West,2011-04-03,2011-03-28,2011-04-03,7,5,0,0.0,2.027142857142857,21.874285714285715,74.53571428571429
North-West,2011-04-10,2011-04-04,2011-04-10,141,86,2,2.3255813953488373,1.875714285714286,21.534285714285716,74.00999999999999
North-West,2011-04-17,2011-04-11,2011-04-17,0,0,0,0.0,3.0485714285714285,22.235714285714284,75.22857142857143
North-West,2011-04-24,2011-04-18,2011-04-24,108,31,1,3.225806451612903,6.554285714285714,22.47,80.33
North-West,2011-05-01,2011-04-25,2011-05-01,247,106,3,2.830188679245284,3.3485714285714283,21.708571428571425,84.01142857142858
North-West,2011-05-08,2011-05-02,2011-05-08,69,25,0,0.0,6.121428571428572,22.020000000000003,83.54714285714286
North-West,2011-05-15,2011-05-09,2011-05-15,97,36,1,2.7777777777777777,4.718571428571429,21.54,85.26142857142857
North-West,2011-05-22,2011-05-16,2011-05-22,173,80,1,1.25,6.105714285714285,21.864285714285717,85.1657142857143
North-West,2011-05-29,2011-05-23,2011-05-29,79,30,1,3.333333333333333,5.672857142857142,20.967142857142854,85.39
North-West,2011-06-05,2011-05-30,2011-06-05,184,99,1,1.0101010101010102,9.184285714285712,21.30428571428572,86.82142857142857
North-West,2011-06-12,2011-06-06,2011-06-12,143,62,0,0.0,2.394285714285714,20.984285714285715,84.82428571428571
North-West,2011-06-19,2011-06-13,2011-06-19,186,80,2,2.5,9.001428571428573,21.39428571428571,85.58428571428571
North-West,2011-06-26,2011-06-20,2011-06-26,228,72,2,2.7777777777777777,6.3342857142857145,20.172857142857143,88.98428571428572
North-West,2011-07-03,2011-06-27,2011-07-03,45,0,0,0.0,6.467142857142858,20.275714285714287,86.40714285714286
North-West,2011-07-10,2011-07-04,2011-07-10,155,49,2,4.081632653061225,6.807142857142857,20.585714285714285,86.25714285714285
North-West,2011-07-17,2011-07-11,2011-07-17,313,197,3,1.5228426395939088,8.468571428571428,19.548571428571428,87.5942857142857
North-West,2011-07-24,2011-07-18,2011-07-24,334,65,0,0.0,8.544285714285715,20.419999999999998,85.57428571428571
North-West,2011-08-07,2011-08-01,2011-08-07,0,0,0,0.0,14.274285714285712,20.225714285714282,88.64571428571428
North-West,2011-08-14,2011-08-08,2011-08-14,69,38,1,2.631578947368421,12.91,19.079999999999995,89.9157142857143
North-West,2011-08-21,2011-08-15,2011-08-21,105,0,0,0.0,13.724285714285713,19.224285714285713,89.45571428571428
North-West,2011-08-28,2011-08-22,2011-08-28,357,81,1,1.2345679012345678,12.821428571428571,19.84714285714286,88.46428571428571
North-West,2011-09-04,2011-08-29,2011-09-04,0,0,0,0.0,13.230000000000002,19.30857142857143,89.62571428571428
North-West,2011-09-11,2011-09-05,2011-09-11,179,32,1,3.125,13.828571428571427,19.52857142857143,90.56428571428572
North-West,2011-09-18,2011-09-12,2011-09-18,29,7,0,0.0,14.617142857142856,19.155714285714286,91.20142857142858
North-West,2011-09-25,2011-09-19,2011-09-25,91,26,1,3.8461538461538463,7.174285714285714,19.900000000000002,87.25428571428571
North-West,2011-10-02,2011-09-26,2011-10-02,215,34,0,0.0,14.147142857142855,19.76285714285714,89.73571428571428
North-West,2011-10-09,2011-10-03,2011-10-09,21,9,0,0.0,9.891428571428571,20.341428571428573,87.35285714285713
North-West,2011-10-16,2011-10-10,2011-10-16,141,11,0,0.0,13.592857142857142,19.919999999999998,91.07571428571428
North-West,2011-10-23,2011-10-17,2011-10-23,106,29,0,0.0,8.388571428571428,20.187142857142856,88.54857142857144
North-West,2011-10-30,2011-10-24,2011-10-30,73,39,1,2.564102564102564,6.534285714285714,19.74142857142857,87.23285714285714
North-West,2011-11-06,2011-10-31,2011-11-06,212,91,1,1.098901098901099,1.4957142857142858,19.859999999999996,87.81714285714284
North-West,2011-11-13,2011-11-07,2011-11-13,0,0,0,0.0,0.5685714285714286,20.607142857142858,78.28142857142858
North-West,2011-11-20,2011-11-14,2011-11-20,55,16,0,0.0,0.0,20.514285714285712,78.01285714285714
North-West,2011-11-27,2011-11-21,2011-11-27,0,0,0,0.0,0.12142857142857143,19.662857142857142,70.22571428571429
North-West,2011-12-04,2011-11-28,2011-12-04,5,0,0,0.0,0.0,18.468571428571426,57.49
North-West,2011-12-18,2011-12-12,2011-12-18,0,0,0,0.0,0.0,19.244285714285716,56.95428571428572
North-West,2011-12-25,2011-12-19,2011-12-25,0,0,0,0.0,0.0,20.047142857142855,56.63571428571429
North-West,2012-01-01,2011-12-26,2012-01-01,0,0,0,0.0,0.004285714285714286,20.135714285714283,63.27285714285714
North-West,2012-01-08,2012-01-02,2012-01-08,28,0,0,0.0,0.0,19.405714285714286,54.74285714285715
North-West,2012-01-15,2012-01-09,2012-01-15,66,29,0,0.0,0.0,20.229999999999997,56.25714285714286
North-West,2012-01-22,2012-01-16,2012-01-22,19,4,0,0.0,0.0,20.65285714285714,59.16428571428572
North-West,2012-01-29,2012-01-23,2012-01-29,0,0,0,0.0,0.0,21.427142857142858,62.94857142857143
North-West,2012-02-05,2012-01-30,2012-02-05,0,0,0,0.0,0.025714285714285714,21.212857142857143,62.769999999999996
North-West,2012-02-12,2012-02-06,2012-02-12,0,0,0,0.0,0.24428571428571427,20.66142857142857,65.93142857142857
North-West,2012-02-19,2012-02-13,2012-02-19,39,0,0,0.0,0.7528571428571428,21.567142857142862,75.31285714285715
North-West,2012-02-26,2012-02-20,2012-02-26,13,4,0,0.0,2.857142857142857,21.669999999999998,72.49
North-West,2012-03-04,2012-02-27,2012-03-04,0,0,0,0.0,0.041428571428571426,21.84,73.86857142857143
North-West,2012-03-11,2012-03-05,2012-03-11,10,3,0,0.0,0.12285714285714286,21.90142857142857,69.48857142857143
North-West,2012-03-18,2012-03-12,2012-03-18,0,0,0,0.0,0.21571428571428572,23.380000000000003,53.26428571428571
North-West,2012-03-25,2012-03-19,2012-03-25,0,0,0,0.0,0.0,22.96,48.809999999999995
North-West,2012-04-01,2012-03-26,2012-04-01,15,9,0,0.0,1.4828571428571427,22.68857142857143,63.99142857142857
North-West,2012-04-08,2012-04-02,2012-04-08,60,26,0,0.0,5.411428571428572,22.580000000000002,79.48428571428573
North-West,2012-04-15,2012-04-09,2012-04-15,0,0,0,0.0,7.107142857142857,22.16857142857143,81.91285714285713
North-West,2012-04-22,2012-04-16,2012-04-22,82,0,0,0.0,9.997142857142858,21.234285714285715,85.65285714285714
North-West,2012-04-29,2012-04-23,2012-04-29,56,0,0,0.0,2.817142857142857,22.128571428571433,79.47571428571429
North-West,2012-05-06,2012-04-30,2012-05-06,202,102,1,0.9803921568627452,5.634285714285714,21.551428571428573,85.26
North-West,2012-05-13,2012-05-07,2012-05-13,240,71,1,1.4084507042253522,4.387142857142857,21.041428571428572,83.65714285714286
North-West,2012-05-20,2012-05-14,2012-05-20,0,0,0,0.0,4.855714285714286,21.37714285714286,83.15142857142857
North-West,2012-05-27,2012-05-21,2012-05-27,0,0,0,0.0,5.437142857142857,20.96285714285714,86.23142857142857
North-West,2012-06-03,2012-05-28,2012-06-03,487,96,2,2.083333333333333,10.094285714285716,20.35,86.99857142857142
North-West,2012-06-10,2012-06-04,2012-06-10,122,64,1,1.5625,6.837142857142858,20.939999999999998,84.07857142857142
North-West,2012-06-17,2012-06-11,2012-06-17,61,36,1,2.7777777777777777,8.707142857142857,20.73,84.92857142857143
North-West,2012-06-24,2012-06-18,2012-06-24,27,0,0,0.0,12.888571428571426,20.284285714285716,86.25999999999999
North-West,2012-07-01,2012-06-25,2012-07-01,98,0,0,0.0,13.457142857142856,19.577142857142857,88.65142857142857
North-West,2012-07-08,2012-07-02,2012-07-08,367,139,2,1.4388489208633095,10.56,18.914285714285715,90.50999999999999
North-West,2012-07-15,2012-07-09,2012-07-15,102,38,1,2.631578947368421,9.897142857142857,19.125714285714285,91.17428571428572
North-West,2012-07-22,2012-07-16,2012-07-22,128,33,1,3.0303030303030303,5.740000000000001,19.82571428571429,88.86857142857143
North-West,2012-07-29,2012-07-23,2012-07-29,184,53,1,1.8867924528301887,3.6799999999999997,19.29714285714286,89.99142857142856
North-West,2012-08-05,2012-07-30,2012-08-05,199,29,1,3.4482758620689653,12.834285714285715,19.242857142857144,91.2
North-West,2012-08-12,2012-08-06,2012-08-12,167,15,0,0.0,6.911428571428571,19.28857142857143,91.12857142857142
North-West,2012-08-19,2012-08-13,2012-08-19,58,36,1,2.7777777777777777,11.371428571428572,19.381428571428575,90.18142857142857
North-West,2012-08-26,2012-08-20,2012-08-26,79,49,1,2.0408163265306123,9.46142857142857,18.884285714285713,89.36571428571428
North-West,2012-09-02,2012-08-27,2012-09-02,396,223,5,2.242152466367713,15.912857142857144,19.264285714285712,90.90285714285714
North-West,2012-09-09,2012-09-03,2012-09-09,197,74,3,4.054054054054054,14.920000000000002,18.82,90.94857142857143
North-West,2012-09-16,2012-09-10,2012-09-16,275,119,1,0.8403361344537815,12.507142857142858,19.39428571428571,88.55999999999999
North-West,2012-09-23,2012-09-17,2012-09-23,492,184,4,2.1739130434782608,8.598571428571429,19.534285714285712,89.78714285714285
North-West,2012-09-30,2012-09-24,2012-09-30,448,238,6,2.5210084033613445,10.81857142857143,19.770000000000003,89.09714285714287
North-West,2012-10-07,2012-10-01,2012-10-07,338,172,4,2.3255813953488373,,,
North-West,2012-10-14,2012-10-08,2012-10-14,0,0,0,0.0,8.25857142857143,19.954285714285714,88.62
North-West,2012-10-21,2012-10-15,2012-10-21,114,30,1,3.333333333333333,9.937142857142858,20.184285714285718,90.12285714285714
North-West,2012-10-28,2012-10-22,2012-10-28,142,36,0,0.0,6.871428571428571,20.00857142857143,87.72285714285714
North-West,2012-11-04,2012-10-29,2012-11-04,189,0,0,0.0,5.51,20.59,84.19714285714285
North-West,2012-11-11,2012-11-05,2012-11-11,149,95,1,1.0526315789473684,8.097142857142858,19.908571428571427,88.21142857142857
North-West,2012-11-18,2012-11-12,2012-11-18,24,11,0,0.0,0.7285714285714285,20.655714285714282,82.94714285714285
North-West,2012-11-25,2012-11-19,2012-11-25,34,10,0,0.0,0.9457142857142856,20.75857142857143,81.5442857142857
North-West,2012-12-02,2012-11-26,2012-12-02,21,11,0,0.0,0.3757142857142857,20.56,78.53142857142858
North-West,2012-12-09,2012-12-03,2012-12-09,85,27,0,0.0,0.36,20.344285714285714,78.00714285714285
North-West,2012-12-16,2012-12-10,2012-12-16,21,5,0,0.0,0.005714285714285714,19.99142857142857,66.39714285714285
North-West,2012-12-23,2012-12-17,2012-12-23,22,0,0,0.0,0.0,19.822857142857142,64.98857142857143
North-West,2012-12-30,2012-12-24,2012-12-30,52,9,0,0.0,0.0,18.975714285714282,60.91428571428572
North-West,2013-01-06,2012-12-31,2013-01-06,56,14,0,0.0,0.06999999999999999,20.388571428571428,59.292857142857144
North-West,2013-01-13,2013-01-07,2013-01-13,43,26,0,0.0,0.0014285714285714286,20.0,60.232857142857135
North-West,2013-01-20,2013-01-14,2013-01-20,0,0,0,0.0,0.030000000000000002,21.697142857142858,67.55428571428573
North-West,2013-01-27,2013-01-21,2013-01-27,0,0,0,0.0,0.6214285714285713,21.87285714285714,76.52857142857144
North-West,2013-02-03,2013-01-28,2013-02-03,50,27,1,3.7037037037037033,0.2757142857142857,19.774285714285718,62.787142857142854
North-West,2013-02-10,2013-02-04,2013-02-10,0,0,0,0.0,0.030000000000000002,22.430000000000003,56.78142857142858
North-West,2013-02-17,2013-02-11,2013-02-17,0,0,0,0.0,0.055714285714285716,21.684285714285718,73.6457142857143
North-West,2013-02-24,2013-02-18,2013-02-24,100,34,0,0.0,0.11999999999999998,22.38714285714286,70.45714285714287
North-West,2013-03-03,2013-02-25,2013-03-03,76,11,0,0.0,0.5685714285714286,22.782857142857146,75.78857142857143
North-West,2013-03-10,2013-03-04,2013-03-10,31,0,0,0.0,2.6457142857142855,22.43857142857143,80.16571428571429
North-West,2013-03-17,2013-03-11,2013-03-17,122,41,0,0.0,5.864285714285714,21.931428571428576,77.35571428571428
North-West,2013-03-24,2013-03-18,2013-03-24,56,24,1,4.166666666666666,2.224285714285714,22.071428571428577,79.62857142857145
North-West,2013-03-31,2013-03-25,2013-03-31,94,29,1,3.4482758620689653,5.841428571428572,21.51571428571429,81.18285714285715
North-West,2013-04-07,2013-04-01,2013-04-07,0,0,0,0.0,2.54,22.02857142857143,80.7057142857143
North-West,2013-04-14,2013-04-08,2013-04-14,169,29,0,0.0,8.797142857142857,21.777142857142856,81.6542857142857
North-West,2013-04-21,2013-04-15,2013-04-21,80,31,0,0.0,3.7399999999999998,21.62857142857143,82.54142857142857
North-West,2013-04-28,2013-04-22,2013-04-28,111,30,0,0.0,7.425714285714286,21.205714285714286,83.93714285714285
North-West,2013-05-05,2013-04-29,2013-05-05,36,0,0,0.0,4.142857142857143,21.63,83.88
North-West,2013-05-12,2013-05-06,2013-05-12,288,106,2,1.8867924528301887,3.0985714285714283,21.114285714285717,86.20000000000002
North-West,2013-05-19,2013-05-13,2013-05-19,86,57,1,1.7543859649122806,4.564285714285715,21.300000000000004,85.29714285714284
North-West,2013-05-26,2013-05-20,2013-05-26,363,132,3,2.272727272727273,5.144285714285714,21.442857142857143,83.98857142857142
North-West,2013-06-02,2013-05-27,2013-06-02,259,107,2,1.8691588785046729,7.901428571428572,21.15285714285714,84.30428571428571
North-West,2013-06-09,2013-06-03,2013-06-09,42,19,0,0.0,5.588571428571429,20.882857142857144,84.22857142857141
North-West,2013-06-16,2013-06-10,2013-06-16,142,75,1,1.3333333333333337,4.142857142857143,21.24,84.42999999999999
North-West,2013-06-23,2013-06-17,2013-06-23,325,140,3,2.142857142857143,6.9542857142857155,20.65285714285714,88.66142857142857
North-West,2013-06-30,2013-06-24,2013-06-30,92,32,1,3.125,9.984285714285715,19.962857142857143,88.51428571428572
North-West,2013-07-07,2013-07-01,2013-07-07,74,32,1,3.125,11.258571428571429,19.505714285714284,89.86857142857141
North-West,2013-07-14,2013-07-08,2013-07-14,102,57,1,1.7543859649122806,7.648571428571429,20.062857142857144,84.74714285714286
North-West,2013-07-21,2013-07-15,2013-07-21,223,61,0,0.0,5.738571428571428,19.552857142857142,88.88571428571427
North-West,2013-07-28,2013-07-22,2013-07-28,138,64,2,3.125,5.628571428571429,19.62857142857143,88.89142857142858
North-West,2013-08-04,2013-07-29,2013-08-04,298,102,2,1.96078431372549,9.278571428571427,18.81142857142857,89.18571428571428
North-West,2013-08-11,2013-08-05,2013-08-11,0,0,0,0.0,9.76857142857143,19.398571428571426,90.34
North-West,2013-08-18,2013-08-12,2013-08-18,0,0,0,0.0,5.885714285714285,19.527142857142856,89.49428571428571
North-West,2013-08-25,2013-08-19,2013-08-25,336,140,1,0.7142857142857143,11.25,19.45,86.90142857142857
North-West,2013-09-01,2013-08-26,2013-09-01,177,45,0,0.0,10.875714285714285,19.398571428571426,89.0257142857143
North-West,2013-09-08,2013-09-02,2013-09-08,53,14,0,0.0,11.212857142857144,19.23,89.38571428571427
North-West,2013-09-15,2013-09-09,2013-09-15,88,15,0,0.0,10.747142857142858,19.467142857142854,88.21
North-West,2013-09-22,2013-09-16,2013-09-22,0,0,0,0.0,10.801428571428572,20.675714285714285,88.22285714285714
North-West,2013-09-29,2013-09-23,2013-09-29,189,65,2,3.076923076923077,12.785714285714288,19.640000000000004,87.22857142857143
North-West,2013-10-06,2013-09-30,2013-10-06,232,116,1,0.8620689655172413,11.394285714285715,19.65285714285714,89.45142857142858
North-West,2013-10-13,2013-10-07,2013-10-13,115,29,0,0.0,9.677142857142858,19.78857142857143,90.03857142857144
North-West,2013-10-20,2013-10-14,2013-10-20,48,27,0,0.0,9.618571428571428,20.25142857142857,87.04285714285713
North-West,2013-10-27,2013-10-21,2013-10-27,87,55,1,1.818181818181818,6.410000000000001,19.907142857142855,84.29857142857142
North-West,2013-11-03,2013-10-28,2013-11-03,142,40,1,2.5,2.1671428571428573,20.541428571428575,83.50714285714287
North-West,2013-11-10,2013-11-04,2013-11-10,34,20,0,0.0,0.7542857142857142,20.035714285714285,74.54428571428572
North-West,2013-11-17,2013-11-11,2013-11-17,0,0,0,0.0,2.402857142857143,20.005714285714284,82.42142857142858
North-West,2013-11-24,2013-11-18,2013-11-24,19,5,0,0.0,0.9842857142857142,20.562857142857144,84.36428571428571
North-West,2013-12-01,2013-11-25,2013-12-01,30,19,1,5.263157894736842,0.03428571428571429,20.807142857142853,77.46000000000001
North-West,2013-12-08,2013-12-02,2013-12-08,45,17,0,0.0,2.0171428571428573,20.437142857142856,84.42857142857143
North-West,2013-12-15,2013-12-09,2013-12-15,18,0,0,0.0,0.5614285714285713,18.788571428571426,78.96142857142857
North-West,2013-12-22,2013-12-16,2013-12-22,30,17,1,5.88235294117647,0.0,18.47714285714286,63.42
North-West,2013-12-29,2013-12-23,2013-12-29,64,20,0,0.0,0.19142857142857145,21.12142857142857,61.24
North-West,2014-01-05,2013-12-30,2014-01-05,4,1,0,0.0,0.0,20.08857142857143,55.364285714285714
North-West,2014-01-12,2014-01-06,2014-01-12,32,6,0,0.0,0.0,20.025714285714287,54.27428571428572
North-West,2014-01-19,2014-01-13,2014-01-19,22,0,0,0.0,0.13714285714285715,21.181428571428572,55.642857142857146
North-West,2014-01-26,2014-01-20,2014-01-26,43,2,0,0.0,0.0071428571428571435,21.06142857142857,57.01142857142857
North-West,2014-02-02,2014-01-27,2014-02-02,60,8,0,0.0,0.06714285714285714,21.400000000000002,75.32000000000001
North-West,2014-02-09,2014-02-03,2014-02-09,17,6,0,0.0,0.0,21.682857142857138,50.86857142857143
North-West,2014-02-16,2014-02-10,2014-02-16,25,16,0,0.0,0.0,21.71,45.589999999999996
North-West,2014-02-23,2014-02-17,2014-02-23,24,8,0,0.0,0.0,22.725714285714282,49.42714285714286
North-West,2014-03-02,2014-02-24,2014-03-02,0,0,0,0.0,1.8071428571428572,21.638571428571428,76.26857142857143
North-West,2014-03-09,2014-03-03,2014-03-09,20,8,0,0.0,0.5685714285714286,22.07714285714286,72.07285714285715
North-West,2014-03-16,2014-03-10,2014-03-16,62,5,0,0.0,1.8185714285714287,22.344285714285714,63.99714285714286
North-West,2014-03-23,2014-03-17,2014-03-23,26,0,0,0.0,0.8614285714285714,23.127142857142854,72.00285714285714
North-West,2014-03-30,2014-03-24,2014-03-30,130,36,1,2.7777777777777777,5.0685714285714285,21.645714285714288,82.0442857142857
North-West,2014-04-06,2014-03-31,2014-04-06,58,31,2,6.451612903225806,1.675714285714286,22.56,77.65142857142858
North-West,2014-04-13,2014-04-07,2014-04-13,54,18,0,0.0,3.1214285714285714,21.964285714285715,80.21285714285715
North-West,2014-04-20,2014-04-14,2014-04-20,242,124,4,3.225806451612903,10.605714285714285,21.467142857142857,84.16714285714286
North-West,2014-04-27,2014-04-21,2014-04-27,62,37,0,0.0,9.460000000000003,21.16142857142857,86.87428571428572
North-West,2014-05-04,2014-04-28,2014-05-04,74,31,2,6.451612903225806,9.62857142857143,21.485714285714288,85.57857142857144
North-West,2014-05-11,2014-05-05,2014-05-11,103,62,0,0.0,9.582857142857142,21.36285714285714,86.68857142857142
North-West,2014-05-18,2014-05-12,2014-05-18,116,30,1,3.333333333333333,3.5857142857142854,21.19142857142857,81.67285714285715
North-West,2014-05-25,2014-05-19,2014-05-25,298,48,1,2.083333333333333,2.03,22.025714285714287,81.79285714285716
North-West,2014-06-01,2014-05-26,2014-06-01,66,29,0,0.0,6.2542857142857144,21.514285714285712,84.20571428571428
North-West,2014-06-08,2014-06-02,2014-06-08,33,19,0,0.0,6.0614285714285705,21.372857142857146,84.4542857142857
North-West,2014-06-15,2014-06-09,2014-06-15,0,0,0,0.0,5.781428571428571,21.264285714285712,85.14857142857143
North-West,2014-06-22,2014-06-16,2014-06-22,151,48,2,4.166666666666666,5.5128571428571425,21.259999999999998,83.61571428571428
North-West,2014-06-29,2014-06-23,2014-06-29,0,0,0,0.0,4.907142857142858,20.504285714285714,86.11714285714287
North-West,2014-07-06,2014-06-30,2014-07-06,522,95,2,2.1052631578947367,6.7371428571428575,20.34714285714286,88.13142857142857
North-West,2014-07-13,2014-07-07,2014-07-13,112,0,0,0.0,4.171428571428572,20.448571428571427,86.11571428571428
North-West,2014-07-20,2014-07-14,2014-07-20,0,0,0,0.0,5.7957142857142845,20.517142857142858,86.68857142857142
North-West,2014-07-27,2014-07-21,2014-07-27,252,12,0,0.0,5.737142857142857,19.471428571428568,87.90285714285713
North-West,2014-08-03,2014-07-28,2014-08-03,185,79,1,1.2658227848101269,7.252857142857144,19.9,89.23285714285714
North-West,2014-08-10,2014-08-04,2014-08-10,24,10,0,0.0,8.894285714285713,19.35,88.24
North-West,2014-08-17,2014-08-11,2014-08-17,277,128,1,0.78125,11.425714285714287,19.5,89.33142857142857
North-West,2014-08-24,2014-08-18,2014-08-24,166,65,0,0.0,8.762857142857143,18.967142857142857,87.69142857142856
North-West,2014-08-31,2014-08-25,2014-08-31,239,63,1,1.5873015873015872,9.54142857142857,20.06714285714286,88.81571428571428
North-West,2014-09-07,2014-09-01,2014-09-07,76,48,1,2.083333333333333,8.592857142857143,18.715714285714284,89.05285714285716
North-West,2014-09-14,2014-09-08,2014-09-14,172,0,0,0.0,11.652857142857142,19.927142857142858,87.80857142857144
North-West,2014-09-21,2014-09-15,2014-09-21,211,89,1,1.1235955056179776,10.822857142857144,19.802857142857142,86.89714285714285
North-West,2014-09-28,2014-09-22,2014-09-28,363,146,3,2.054794520547945,12.459999999999997,19.748571428571427,89.24857142857142
North-West,2014-10-05,2014-09-29,2014-10-05,74,20,0,0.0,9.007142857142856,19.512857142857143,88.27285714285713
North-West,2014-10-12,2014-10-06,2014-10-12,112,48,1,2.083333333333333,4.937142857142858,20.692857142857143,87.22714285714285
North-West,2014-10-19,2014-10-13,2014-10-19,0,0,0,0.0,3.4585714285714286,20.208571428571428,88.49857142857142
North-West,2014-10-26,2014-10-20,2014-10-26,150,10,0,0.0,5.888571428571429,20.314285714285713,85.93999999999998
North-West,2014-11-02,2014-10-27,2014-11-02,91,46,1,2.1739130434782608,7.851428571428572,20.352857142857143,86.37285714285713
North-West,2014-11-09,2014-11-03,2014-11-09,42,24,0,0.0,4.97,20.882857142857144,84.33857142857144
North-West,2014-11-16,2014-11-10,2014-11-16,163,45,1,2.2222222222222223,1.772857142857143,20.924285714285713,83.09285714285714
North-West,2014-11-23,2014-11-17,2014-11-23,49,6,0,0.0,1.3157142857142858,20.142857142857142,78.08
North-West,2014-11-30,2014-11-24,2014-11-30,17,0,0,0.0,0.0,20.101428571428574,71.52714285714286
North-West,2014-12-07,2014-12-01,2014-12-07,24,10,0,0.0,0.002857142857142857,20.259999999999998,66.02428571428571
North-West,2014-12-14,2014-12-08,2014-12-14,122,30,0,0.0,0.0,20.050000000000004,63.75714285714286
North-West,2014-12-21,2014-12-15,2014-12-21,32,9,0,0.0,0.0,20.245714285714286,56.01428571428572
North-West,2014-12-28,2014-12-22,2014-12-28,107,16,0,0.0,0.0,19.42571428571429,57.174285714285716
North-West,2015-01-04,2014-12-29,2015-01-04,2,1,0,0.0,0.0,19.372857142857146,57.747142857142855
North-West,2015-01-11,2015-01-05,2015-01-11,112,0,0,0.0,0.0,17.419999999999998,54.054285714285705
North-West,2015-01-18,2015-01-12,2015-01-18,0,0,0,0.0,0.002857142857142857,18.954285714285714,49.30142857142857
North-West,2015-01-25,2015-01-19,2015-01-25,19,6,0,0.0,0.0014285714285714286,21.244285714285716,50.29142857142857
North-West,2015-02-01,2015-01-26,2015-02-01,34,9,0,0.0,0.0,21.061428571428568,59.57
North-West,2015-02-08,2015-02-02,2015-02-08,80,10,0,0.0,0.02142857142857143,22.678571428571423,59.89857142857142
North-West,2015-02-15,2015-02-09,2015-02-15,85,21,1,4.761904761904762,0.0071428571428571435,21.694285714285716,65.39428571428572
North-West,2015-02-22,2015-02-16,2015-02-22,52,0,0,0.0,3.9900000000000007,21.812857142857148,77.96857142857144
North-West,2015-03-01,2015-02-23,2015-03-01,146,38,0,0.0,0.07571428571428572,21.362857142857145,63.25999999999999
North-West,2015-03-08,2015-03-02,2015-03-08,102,21,0,0.0,0.38285714285714284,22.494285714285716,46.191428571428574
North-West,2015-03-15,2015-03-09,2015-03-15,10,0,0,0.0,1.7971428571428574,22.677142857142854,69.16285714285715
North-West,2015-03-22,2015-03-16,2015-03-22,79,42,0,0.0,1.5914285714285714,22.397142857142857,73.62285714285716
North-West,2015-03-29,2015-03-23,2015-03-29,18,5,0,0.0,4.36,21.687142857142856,81.68857142857144
North-West,2015-04-05,2015-03-30,2015-04-05,110,59,0,0.0,1.8785714285714286,21.23,67.50428571428571
North-West,2015-04-12,2015-04-06,2015-04-12,102,0,0,0.0,5.247142857142856,21.698571428571427,81.59714285714286
North-West,2015-04-19,2015-04-13,2015-04-19,0,0,0,0.0,0.028571428571428574,22.357142857142858,59.12000000000001
North-West,2015-04-26,2015-04-20,2015-04-26,17,0,0,0.0,1.7428571428571427,22.68857142857143,70.47714285714285
North-West,2015-05-03,2015-04-27,2015-05-03,45,29,0,0.0,3.0799999999999996,22.298571428571428,77.75714285714285
North-West,2015-05-10,2015-05-04,2015-05-10,123,65,0,0.0,4.185714285714285,21.66714285714286,81.72142857142856
North-West,2015-05-17,2015-05-11,2015-05-17,47,30,0,0.0,10.98857142857143,21.32857142857143,84.84285714285716
North-West,2015-05-24,2015-05-18,2015-05-24,127,22,0,0.0,9.687142857142858,21.47,85.3757142857143
North-West,2015-05-31,2015-05-25,2015-05-31,49,0,0,0.0,6.514285714285713,21.58428571428571,84.64
North-West,2015-06-07,2015-06-01,2015-06-07,241,84,1,1.1904761904761905,11.474285714285713,21.26571428571429,86.05714285714286
North-West,2015-06-14,2015-06-08,2015-06-14,126,8,0,0.0,3.511428571428571,21.252857142857145,83.01714285714286
North-West,2015-06-21,2015-06-15,2015-06-21,164,68,1,1.4705882352941175,10.971428571428572,21.01571428571429,86.07428571428571
North-West,2015-06-28,2015-06-22,2015-06-28,73,23,0,0.0,5.567142857142857,20.18142857142857,86.40285714285714
North-West,2015-07-05,2015-06-29,2015-07-05,155,0,0,0.0,15.221428571428572,20.442857142857143,89.22571428571428
North-West,2015-07-12,2015-07-06,2015-07-12,153,18,0,0.0,19.48428571428571,20.86285714285714,86.87142857142858
North-West,2015-07-19,2015-07-13,2015-07-19,0,0,0,0.0,9.498571428571427,20.62142857142857,89.35142857142856
North-West,2015-07-26,2015-07-20,2015-07-26,0,0,0,0.0,15.345714285714283,19.617142857142856,90.87142857142855
North-West,2015-08-02,2015-07-27,2015-08-02,855,372,7,1.881720430107527,11.051428571428572,19.427142857142858,90.25
North-West,2015-08-09,2015-08-03,2015-08-09,0,0,0,0.0,11.434285714285712,19.654285714285713,90.28285714285714
North-West,2015-08-16,2015-08-10,2015-08-16,135,61,1,1.639344262295082,7.339999999999999,20.04,90.05428571428571
North-West,2015-08-23,2015-08-17,2015-08-23,58,14,0,0.0,6.557142857142858,20.07857142857143,88.07571428571428
North-West,2015-08-30,2015-08-24,2015-08-30,102,59,1,1.694915254237288,17.89142857142857,19.461428571428574,90.47714285714287
North-West,2015-09-06,2015-08-31,2015-09-06,550,126,4,3.1746031746031744,16.50857142857143,20.154285714285713,89.0457142857143
North-West,2015-09-13,2015-09-07,2015-09-13,60,29,0,0.0,10.252857142857142,20.505714285714284,88.29571428571428
North-West,2015-09-20,2015-09-14,2015-09-20,60,16,0,0.0,18.695714285714285,19.772857142857145,90.05285714285712
North-West,2015-09-27,2015-09-21,2015-09-27,476,38,0,0.0,9.687142857142858,20.380000000000003,87.03999999999999
North-West,2015-10-04,2015-09-28,2015-10-04,0,0,0,0.0,8.987142857142857,20.505714285714284,88.3042857142857
North-West,2015-10-11,2015-10-05,2015-10-11,167,35,1,2.857142857142857,9.258571428571429,20.19,87.43285714285715
North-West,2015-10-18,2015-10-12,2015-10-18,596,270,3,1.1111111111111112,8.16,21.16,87.28999999999999
North-West,2015-10-25,2015-10-19,2015-10-25,461,157,7,4.45859872611465,10.17,20.84142857142857,88.44999999999997
North-West,2015-11-01,2015-10-26,2015-11-01,243,81,0,0.0,19.609999999999996,20.247142857142858,91.24000000000001
North-West,2015-11-08,2015-11-02,2015-11-08,181,35,0,0.0,4.275714285714286,20.294285714285714,86.3442857142857
North-West,2015-11-15,2015-11-09,2015-11-15,64,0,0,0.0,1.4442857142857142,20.194285714285716,81.71142857142857
North-West,2015-11-22,2015-11-16,2015-11-22,47,0,0,0.0,0.0,20.357142857142858,75.44571428571429
North-West,2015-11-29,2015-11-23,2015-11-29,41,10,0,0.0,0.0,20.547142857142855,70.03428571428572
North-West,2015-12-06,2015-11-30,2015-12-06,3,0,0,0.0,0.03571428571428571,19.164285714285715,68.42142857142858
North-West,2015-12-13,2015-12-07,2015-12-13,65,0,0,0.0,0.0,18.802857142857142,67.51428571428572
North-West,2015-12-20,2015-12-14,2015-12-20,0,0,0,0.0,0.002857142857142857,18.53714285714285,60.16714285714285
North-West,2015-12-27,2015-12-21,2015-12-27,0,0,0,0.0,0.0,18.871428571428574,61.04428571428571
North-West,2016-01-10,2016-01-04,2016-01-10,0,0,0,0.0,0.004285714285714286,20.961428571428574,55.56285714285714
North-West,2016-01-17,2016-01-11,2016-01-17,0,0,0,0.0,0.002857142857142857,21.772857142857145,45.70714285714286
North-West,2016-01-24,2016-01-18,2016-01-24,21,12,0,0.0,0.0,20.699999999999996,47.22428571428571
North-West,2016-01-31,2016-01-25,2016-01-31,60,26,0,0.0,0.0,19.761428571428574,50.41428571428571
North-West,2016-02-07,2016-02-01,2016-02-07,0,0,0,0.0,0.0014285714285714286,21.68285714285714,48.62142857142857
North-West,2016-02-14,2016-02-08,2016-02-14,9,0,0,0.0,0.002857142857142857,20.945714285714285,42.77
North-West,2016-02-21,2016-02-15,2016-02-21,0,0,0,0.0,0.004285714285714286,22.827142857142857,48.85142857142858
North-West,2016-02-28,2016-02-22,2016-02-28,27,9,0,0.0,0.0071428571428571435,23.482857142857146,50.25428571428572
North-West,2016-03-06,2016-02-29,2016-03-06,171,23,0,0.0,1.6385714285714286,23.742857142857144,74.43285714285715
North-West,2016-03-13,2016-03-07,2016-03-13,59,27,0,0.0,5.594285714285713,22.800000000000004,79.92285714285713
North-West,2016-03-20,2016-03-14,2016-03-20,193,98,2,2.0408163265306123,2.22,22.937142857142856,74.17857142857143
North-West,2016-03-27,2016-03-21,2016-03-27,103,0,0,0.0,5.954285714285715,22.48714285714286,83.48142857142855
North-West,2016-04-03,2016-03-28,2016-04-03,29,0,0,0.0,1.2971428571428574,23.122857142857146,77.35142857142857
North-West,2016-04-10,2016-04-04,2016-04-10,101,52,0,0.0,8.427142857142856,22.458571428571435,79.74
North-West,2016-04-17,2016-04-11,2016-04-17,432,88,2,2.272727272727273,12.567142857142859,22.517142857142858,85.45285714285714
North-West,2016-04-24,2016-04-18,2016-04-24,0,0,0,0.0,3.045714285714286,22.647142857142853,79.16857142857144
North-West,2016-05-01,2016-04-25,2016-05-01,483,162,2,1.2345679012345678,5.744285714285714,22.49142857142857,83.52428571428572
North-West,2016-05-08,2016-05-02,2016-05-08,43,14,0,0.0,3.7071428571428564,22.138571428571428,83.96142857142857
North-West,2016-05-15,2016-05-09,2016-05-15,22,6,0,0.0,17.81142857142857,22.189999999999998,84.26571428571428
North-West,2016-05-22,2016-05-16,2016-05-22,375,157,1,0.6369426751592357,15.18142857142857,21.657142857142862,88.18142857142857
North-West,2016-05-29,2016-05-23,2016-05-29,457,65,2,3.076923076923077,8.819999999999999,21.325714285714287,86.0657142857143
North-West,2016-06-05,2016-05-30,2016-06-05,108,0,0,0.0,7.634285714285714,21.155714285714286,85.54142857142858
North-West,2016-06-12,2016-06-06,2016-06-12,210,73,1,1.36986301369863,8.934285714285714,21.310000000000002,87.21428571428571
North-West,2016-06-19,2016-06-13,2016-06-19,160,8,0,0.0,9.831428571428573,19.755714285714284,87.73571428571428
North-West,2016-06-26,2016-06-20,2016-06-26,112,0,0,0.0,16.065714285714286,19.385714285714283,89.77
North-West,2016-07-03,2016-06-27,2016-07-03,126,17,0,0.0,12.802857142857144,20.155714285714286,89.72142857142856
North-West,2016-07-10,2016-07-04,2016-07-10,85,58,1,1.7241379310344829,11.9,20.465714285714284,88.13285714285713
North-West,2016-07-17,2016-07-11,2016-07-17,179,46,0,0.0,10.171428571428573,19.19,91.22142857142856
North-West,2016-07-24,2016-07-18,2016-07-24,0,0,0,0.0,13.697142857142856,19.640000000000004,91.11285714285714
North-West,2016-07-31,2016-07-25,2016-07-31,355,138,3,2.1739130434782608,10.192857142857141,19.262857142857143,90.63714285714286
North-West,2016-08-07,2016-08-01,2016-08-07,190,90,0,0.0,25.017142857142858,19.88,92.21857142857144
North-West,2016-08-14,2016-08-08,2016-08-14,0,0,0,0.0,9.778571428571428,19.622857142857146,91.16285714285713
North-West,2016-08-21,2016-08-15,2016-08-21,302,74,1,1.351351351351351,19.585714285714285,19.98428571428571,89.08571428571429
North-West,2016-08-28,2016-08-22,2016-08-28,581,0,0,0.0,14.37,19.267142857142858,91.36571428571428
North-West,2016-09-04,2016-08-29,2016-09-04,182,82,2,2.4390243902439024,14.598571428571429,19.755714285714284,89.92285714285715
North-West,2016-09-11,2016-09-05,2016-09-11,276,86,2,2.3255813953488373,19.674285714285713,20.217142857142857,89.69571428571429
North-West,2016-09-18,2016-09-12,2016-09-18,260,110,1,0.9090909090909092,14.547142857142859,19.55,90.55428571428571
North-West,2016-09-25,2016-09-19,2016-09-25,120,23,0,0.0,16.39428571428571,19.53857142857143,90.76428571428572
North-West,2016-10-02,2016-09-26,2016-10-02,162,0,0,0.0,14.631428571428572,20.178571428571427,89.19142857142857
North-West,2016-10-09,2016-10-03,2016-10-09,296,67,2,2.985074626865672,12.374285714285715,20.609999999999996,89.75571428571428
North-West,2016-10-16,2016-10-10,2016-10-16,375,58,0,0.0,9.608571428571427,20.34,87.73285714285714
North-West,2016-10-23,2016-10-17,2016-10-23,331,126,3,2.380952380952381,10.867142857142856,20.344285714285714,88.85285714285715
North-West,2016-10-30,2016-10-24,2016-10-30,112,19,0,0.0,7.058571428571428,20.50428571428571,85.88857142857144
North-West,2016-11-06,2016-10-31,2016-11-06,115,16,0,0.0,2.584285714285715,20.62,85.23428571428572
North-West,2016-11-13,2016-11-07,2016-11-13,0,0,0,0.0,0.004285714285714286,20.195714285714285,78.24857142857142
North-West,2016-11-20,2016-11-14,2016-11-20,80,37,0,0.0,0.14714285714285716,20.84714285714286,77.56285714285715
North-West,2016-11-27,2016-11-21,2016-11-27,0,0,0,0.0,0.2157142857142857,21.22142857142857,77.82714285714285
North-West,2016-12-04,2016-11-28,2016-12-04,37,14,0,0.0,0.08142857142857143,20.398571428571426,70.23
North-West,2016-12-11,2016-12-05,2016-12-11,31,0,0,0.0,0.025714285714285714,20.548571428571424,73.97857142857143
North-West,2016-12-18,2016-12-12,2016-12-18,0,0,0,0.0,0.0,20.545714285714286,66.21285714285715
North-West,2016-12-25,2016-12-19,2016-12-25,70,23,1,4.3478260869565215,0.0,20.321428571428573,60.798571428571435
North-West,2017-01-01,2016-12-26,2017-01-01,16,8,0,0.0,0.0,19.801428571428573,58.548571428571435
North-West,2017-01-08,2017-01-02,2017-01-08,124,12,0,0.0,0.0,20.427142857142858,55.16857142857142
North-West,2017-01-15,2017-01-09,2017-01-15,0,0,0,0.0,0.0,20.75,67.18428571428572
North-West,2017-01-22,2017-01-16,2017-01-22,43,0,0,0.0,0.0,22.31571428571429,55.28857142857142
North-West,2017-01-29,2017-01-23,2017-01-29,8,0,0,0.0,0.05714285714285715,21.762857142857143,69.14
North-West,2017-02-05,2017-01-30,2017-02-05,32,12,0,0.0,0.005714285714285714,21.927142857142858,49.28000000000001
North-West,2017-02-12,2017-02-06,2017-02-12,19,0,0,0.0,0.0,22.04,41.73857142857143
North-West,2017-02-19,2017-02-13,2017-02-19,41,14,0,0.0,0.0,21.827142857142853,44.589999999999996
North-West,2017-02-26,2017-02-20,2017-02-26,30,12,0,0.0,0.0,22.912857142857142,43.65142857142856
North-West,2017-03-05,2017-02-27,2017-03-05,56,23,0,0.0,0.002857142857142857,23.18857142857143,47.872857142857136
North-West,2017-03-12,2017-03-06,2017-03-12,145,43,0,0.0,2.5571428571428574,22.052857142857142,69.74285714285715
North-West,2017-03-19,2017-03-13,2017-03-19,16,7,0,0.0,0.06,23.217142857142857,56.91285714285714
North-West,2017-03-26,2017-03-20,2017-03-26,0,0,0,0.0,1.775714285714286,23.349999999999998,68.68571428571428
North-West,2017-04-02,2017-03-27,2017-04-02,17,0,0,0.0,2.2685714285714282,23.122857142857146,70.72999999999999
North-West,2017-04-09,2017-04-03,2017-04-09,0,0,0,0.0,4.322857142857143,22.84,75.89142857142858
North-West,2017-04-16,2017-04-10,2017-04-16,106,11,0,0.0,12.76142857142857,22.02857142857143,83.25714285714285
North-West,2017-04-23,2017-04-17,2017-04-23,51,24,0,0.0,5.725714285714285,21.762857142857143,81.42142857142858
North-West,2017-04-30,2017-04-24,2017-04-30,29,14,1,7.142857142857142,7.834285714285714,22.145714285714288,81.08571428571429
North-West,2017-05-07,2017-05-01,2017-05-07,495,148,3,2.027027027027027,6.180000000000001,21.46142857142857,84.12428571428572
North-West,2017-05-14,2017-05-08,2017-05-14,0,0,0,0.0,10.388571428571428,21.63,83.85714285714286
North-West,2017-05-21,2017-05-15,2017-05-21,249,57,0,0.0,20.635714285714283,21.192857142857147,87.42428571428572
North-West,2017-05-28,2017-05-22,2017-05-28,187,90,3,3.333333333333333,7.301428571428572,21.43857142857143,85.43714285714285
North-West,2017-06-04,2017-05-29,2017-06-04,26,3,0,0.0,8.454285714285714,21.458571428571428,86.75714285714285
North-West,2017-06-11,2017-06-05,2017-06-11,100,34,1,2.941176470588235,4.085714285714286,21.72714285714286,83.33714285714284
North-West,2017-06-18,2017-06-12,2017-06-18,134,76,2,2.631578947368421,13.042857142857144,20.685714285714287,86.10571428571428
North-West,2017-06-25,2017-06-19,2017-06-25,71,15,0,0.0,11.022857142857143,20.47714285714286,86.22857142857143
North-West,2017-07-02,2017-06-26,2017-07-02,243,127,2,1.574803149606299,15.12857142857143,20.527142857142856,86.09714285714286
North-West,2017-07-09,2017-07-03,2017-07-09,370,58,1,1.7241379310344829,8.258571428571427,20.021428571428572,87.70857142857143
North-West,2017-07-16,2017-07-10,2017-07-16,213,56,1,1.7857142857142856,15.891428571428573,19.528571428571432,89.77142857142857
North-West,2017-07-23,2017-07-17,2017-07-23,157,27,1,3.7037037037037033,15.975714285714288,20.384285714285713,88.92714285714285
North-West,2017-07-30,2017-07-24,2017-07-30,224,27,0,0.0,25.428571428571427,20.271428571428572,89.68285714285715
North-West,2017-08-06,2017-07-31,2017-08-06,41,0,0,0.0,15.822857142857144,19.874285714285715,90.68285714285715
North-West,2017-08-13,2017-08-07,2017-08-13,645,274,7,2.554744525547445,15.481428571428571,19.86285714285714,89.20571428571428
North-West,2017-08-20,2017-08-14,2017-08-20,489,292,5,1.7123287671232876,8.017142857142856,19.824285714285715,90.08714285714287
North-West,2017-08-27,2017-08-21,2017-08-27,61,34,0,0.0,14.12571428571429,19.604285714285716,90.32000000000001
North-West,2017-09-03,2017-08-28,2017-09-03,356,120,3,2.5,12.59,19.732857142857142,89.2957142857143
North-West,2017-09-10,2017-09-04,2017-09-10,351,38,1,2.631578947368421,17.652857142857144,20.048571428571424,88.66
North-West,2017-09-17,2017-09-11,2017-09-17,120,24,1,4.166666666666666,13.311428571428573,20.140000000000004,88.85142857142857
North-West,2017-09-24,2017-09-18,2017-09-24,93,57,2,3.508771929824561,11.500000000000002,20.484285714285715,89.12
North-West,2017-10-01,2017-09-25,2017-10-01,279,85,2,2.3529411764705883,22.158571428571435,20.24857142857143,87.9242857142857
North-West,2017-10-08,2017-10-02,2017-10-08,87,0,0,0.0,9.671428571428573,20.93857142857143,86.29857142857142
North-West,2017-10-15,2017-10-09,2017-10-15,202,94,2,2.127659574468085,11.63142857142857,20.604285714285712,88.15714285714286
North-West,2017-10-22,2017-10-16,2017-10-22,58,0,0,0.0,5.931428571428571,20.26571428571429,88.05142857142859
North-West,2017-10-29,2017-10-23,2017-10-29,51,0,0,0.0,1.3614285714285717,20.14142857142857,84.14714285714285
North-West,2017-11-05,2017-10-30,2017-11-05,58,15,0,0.0,3.8242857142857143,20.529999999999998,84.85142857142857
North-West,2017-11-12,2017-11-06,2017-11-12,0,0,0,0.0,0.02,20.341428571428573,77.74142857142859
North-West,2017-11-19,2017-11-13,2017-11-19,42,20,0,0.0,1.1485714285714284,21.05,83.99857142857142
North-West,2017-11-26,2017-11-20,2017-11-26,55,4,0,0.0,0.67,20.139999999999997,77.19428571428571
North-West,2017-12-03,2017-11-27,2017-12-03,20,8,0,0.0,0.004285714285714286,20.074285714285715,67.04714285714286
North-West,2017-12-10,2017-12-04,2017-12-10,83,10,0,0.0,0.0,20.454285714285714,66.08571428571429
North-West,2017-12-17,2017-12-11,2017-12-17,24,5,0,0.0,0.0014285714285714286,20.72142857142857,68.35285714285715
North-West,2017-12-24,2017-12-18,2017-12-24,0,0,0,0.0,0.0,21.08857142857143,68.96428571428572
North-West,2017-12-31,2017-12-25,2017-12-31,0,0,0,0.0,0.0,20.354285714285712,61.09428571428571
North-West,2018-08-26,2018-08-20,2018-08-26,0,0,0,0.0,6.498571428571429,19.374285714285712,90.99714285714286
North-West,2019-12-29,2018-12-31,2019-12-29,0,0,0,0.0,5.4181318681318675,21.14348901098901,78.57274725274726
South,2010-01-10,2010-01-04,2010-01-10,0,0,0,0.0,3.625714285714285,24.27142857142857,80.8257142857143
South,2010-01-17,2010-01-11,2010-01-17,0,0,0,0.0,1.8357142857142856,24.13285714285714,82.27
South,2010-01-24,2010-01-18,2010-01-24,0,0,0,0.0,1.357142857142857,24.280000000000005,79.25285714285714
South,2010-01-31,2010-01-25,2010-01-31,0,0,0,0.0,1.2814285714285714,25.41428571428571,79.33000000000001
South,2010-02-07,2010-02-01,2010-02-07,0,0,0,0.0,3.504285714285714,25.23142857142857,81.76428571428572
South,2010-02-14,2010-02-08,2010-02-14,0,0,0,0.0,2.8114285714285714,24.13285714285714,84.89571428571428
South,2010-02-21,2010-02-15,2010-02-21,48,12,0,0.0,0.7857142857142857,24.868571428571432,81.31000000000002
South,2010-02-28,2010-02-22,2010-02-28,0,0,0,0.0,5.955714285714286,24.261428571428574,87.27714285714286
South,2010-03-07,2010-03-01,2010-03-07,0,0,0,0.0,5.035714285714286,24.920000000000005,85.07714285714285
South,2010-03-14,2010-03-08,2010-03-14,26,6,0,0.0,8.684285714285712,24.142857142857142,90.4857142857143
South,2010-03-21,2010-03-15,2010-03-21,19,6,0,0.0,9.4,23.805714285714288,90.46571428571428
South,2010-03-28,2010-03-22,2010-03-28,0,0,0,0.0,6.087142857142857,23.804285714285715,88.91571428571429
South,2010-04-04,2010-03-29,2010-04-04,0,0,0,0.0,6.892857142857143,24.215714285714284,91.06428571428572
South,2010-04-11,2010-04-05,2010-04-11,69,29,1,3.4482758620689653,7.8585714285714285,23.87857142857143,91.49285714285713
South,2010-04-18,2010-04-12,2010-04-18,82,38,1,2.631578947368421,6.470000000000001,24.680000000000003,90.18142857142857
South,2010-04-25,2010-04-19,2010-04-25,62,25,1,4.0,7.65142857142857,23.895714285714284,92.76571428571428
South,2010-05-02,2010-04-26,2010-05-02,0,0,0,0.0,9.709999999999999,23.695714285714285,93.15285714285713
South,2010-05-09,2010-05-03,2010-05-09,0,0,0,0.0,5.182857142857143,23.501428571428573,93.15857142857143
South,2010-05-16,2010-05-10,2010-05-16,0,0,0,0.0,4.4628571428571435,23.884285714285713,90.74285714285715
South,2010-05-23,2010-05-17,2010-05-23,60,29,1,3.4482758620689653,3.2442857142857138,23.99857142857143,89.70857142857142
South,2010-05-30,2010-05-24,2010-05-30,0,0,0,0.0,3.712857142857143,24.294285714285714,89.93999999999998
South,2010-06-06,2010-05-31,2010-06-06,0,0,0,0.0,6.011428571428572,22.595714285714287,91.96857142857144
South,2010-06-13,2010-06-07,2010-06-13,0,0,0,0.0,0.9714285714285714,23.76142857142857,88.09571428571427
South,2010-06-20,2010-06-14,2010-06-20,0,0,0,0.0,4.7042857142857155,23.48428571428571,88.17285714285715
South,2010-06-27,2010-06-21,2010-06-27,0,0,0,0.0,7.030000000000001,22.37714285714286,93.11999999999999
South,2010-07-04,2010-06-28,2010-07-04,29,1,0,0.0,5.208571428571429,22.481428571428573,91.18285714285715
South,2010-07-11,2010-07-05,2010-07-11,0,0,0,0.0,9.347142857142856,22.094285714285714,93.02142857142859
South,2010-07-18,2010-07-12,2010-07-18,0,0,0,0.0,2.654285714285714,22.12,90.32857142857142
South,2010-07-25,2010-07-19,2010-07-25,24,16,0,0.0,6.767142857142858,21.832857142857144,90.64999999999999
South,2010-08-01,2010-07-26,2010-08-01,30,0,0,0.0,1.8314285714285712,22.05,89.01714285714284
South,2010-08-08,2010-08-02,2010-08-08,98,0,0,0.0,6.114285714285714,22.231428571428573,91.1057142857143
South,2010-08-15,2010-08-09,2010-08-15,35,18,0,0.0,6.032857142857142,22.102857142857143,90.68571428571428
South,2010-08-22,2010-08-16,2010-08-22,0,0,0,0.0,7.425714285714286,22.07,90.89142857142856
South,2010-08-29,2010-08-23,2010-08-29,0,0,0,0.0,2.8957142857142864,22.184285714285714,89.55142857142857
South,2010-09-05,2010-08-30,2010-09-05,0,0,0,0.0,2.108571428571429,22.17142857142857,89.6842857142857
South,2010-09-12,2010-09-06,2010-09-12,0,0,0,0.0,3.124285714285715,21.741428571428575,91.01428571428572
South,2010-09-19,2010-09-13,2010-09-19,109,10,0,0.0,2.5371428571428574,22.40142857142857,88.91285714285713
South,2010-09-26,2010-09-20,2010-09-26,141,50,1,2.0,9.837142857142856,22.0,92.72142857142858
South,2010-10-03,2010-09-27,2010-10-03,0,0,0,0.0,3.7285714285714286,22.73714285714286,91.45428571428572
South,2010-10-10,2010-10-04,2010-10-10,35,8,0,0.0,6.23857142857143,22.55428571428572,91.16999999999999
South,2010-10-17,2010-10-11,2010-10-17,40,0,0,0.0,8.97857142857143,22.472857142857144,91.16285714285716
South,2010-10-24,2010-10-18,2010-10-24,40,22,0,0.0,11.498571428571429,21.91428571428571,94.38571428571429
South,2010-10-31,2010-10-25,2010-10-31,119,0,0,0.0,9.455714285714285,22.54714285714286,92.67285714285713
South,2010-11-07,2010-11-01,2010-11-07,93,27,1,3.7037037037037033,13.340000000000002,22.642857142857142,91.65
South,2010-11-14,2010-11-08,2010-11-14,58,21,0,0.0,7.577142857142856,22.937142857142856,90.97000000000001
South,2010-11-21,2010-11-15,2010-11-21,36,9,0,0.0,5.767142857142857,22.668571428571425,90.01857142857143
South,2010-11-28,2010-11-22,2010-11-28,0,0,0,0.0,5.759999999999999,23.012857142857143,89.22285714285715
South,2010-12-05,2010-11-29,2010-12-05,0,0,0,0.0,3.927142857142857,23.17285714285714,88.20285714285716
South,2010-12-12,2010-12-06,2010-12-12,63,9,0,0.0,0.43999999999999995,22.624285714285712,83.84571428571428
South,2010-12-19,2010-12-13,2010-12-19,12,5,0,0.0,0.26142857142857145,23.484285714285715,80.44714285714285
South,2010-12-26,2010-12-20,2010-12-26,0,0,0,0.0,2.05,22.6,86.17571428571429
South,2011-01-02,2010-12-27,2011-01-02,0,0,0,0.0,0.7171428571428571,22.45285714285714,80.31714285714285
South,2011-01-09,2011-01-03,2011-01-09,0,0,0,0.0,1.2685714285714285,22.434285714285714,86.42714285714285
South,2011-01-16,2011-01-10,2011-01-16,94,30,1,3.333333333333333,0.3071428571428572,22.21142857142857,79.01714285714287
South,2011-01-23,2011-01-17,2011-01-23,18,10,0,0.0,0.32999999999999996,22.531428571428567,76.9557142857143
South,2011-01-30,2011-01-24,2011-01-30,0,0,0,0.0,0.10000000000000002,24.038571428571426,82.35428571428572
South,2011-02-06,2011-01-31,2011-02-06,0,0,0,0.0,1.6914285714285715,23.717142857142857,86.69285714285715
South,2011-02-13,2011-02-07,2011-02-13,0,0,0,0.0,1.0742857142857143,23.459999999999997,86.33142857142859
South,2011-02-20,2011-02-14,2011-02-20,207,55,0,0.0,1.06,24.024285714285718,84.96428571428571
South,2011-02-27,2011-02-21,2011-02-27,9,3,0,0.0,4.364285714285714,23.034285714285716,88.17428571428572
South,2011-03-06,2011-02-28,2011-03-06,0,0,0,0.0,3.232857142857143,23.33285714285714,88.37857142857142
South,2011-03-13,2011-03-07,2011-03-13,38,21,0,0.0,2.9028571428571426,23.797142857142855,89.71285714285715
South,2011-03-20,2011-03-14,2011-03-20,0,0,0,0.0,1.0214285714285716,24.175714285714285,84.9242857142857
South,2011-03-27,2011-03-21,2011-03-27,0,0,0,0.0,6.490000000000001,23.59,88.70000000000002
South,2011-04-03,2011-03-28,2011-04-03,84,27,0,0.0,2.7600000000000002,23.310000000000002,91.20142857142856
South,2011-04-10,2011-04-04,2011-04-10,322,140,1,0.7142857142857143,7.484285714285714,23.20714285714286,90.93428571428574
South,2011-04-17,2011-04-11,2011-04-17,135,61,2,3.278688524590164,5.178571428571429,23.478571428571428,91.47714285714287
South,2011-04-24,2011-04-18,2011-04-24,105,52,1,1.9230769230769231,5.442857142857142,23.437142857142856,92.74571428571429
South,2011-05-01,2011-04-25,2011-05-01,133,71,2,2.8169014084507045,1.8928571428571428,23.39428571428572,90.85571428571427
South,2011-05-08,2011-05-02,2011-05-08,51,25,1,4.0,2.935714285714286,23.762857142857143,91.67999999999999
South,2011-05-15,2011-05-09,2011-05-15,0,0,0,0.0,6.918571428571428,23.50714285714286,92.74714285714285
South,2011-05-22,2011-05-16,2011-05-22,0,0,0,0.0,3.1785714285714284,23.582857142857144,91.63142857142859
South,2011-05-29,2011-05-23,2011-05-29,78,29,0,0.0,4.901428571428572,22.93857142857143,91.04
South,2011-06-05,2011-05-30,2011-06-05,0,0,0,0.0,2.6028571428571428,23.484285714285715,91.90571428571427
South,2011-06-12,2011-06-06,2011-06-12,0,0,0,0.0,0.21857142857142858,23.110000000000003,87.51571428571428
South,2011-06-19,2011-06-13,2011-06-19,0,0,0,0.0,5.151428571428572,23.46857142857143,89.20571428571428
South,2011-06-26,2011-06-20,2011-06-26,104,33,0,0.0,4.942857142857143,22.351428571428567,91.28285714285714
South,2011-07-03,2011-06-27,2011-07-03,31,17,0,0.0,5.0371428571428565,22.291428571428572,90.37571428571428
South,2011-07-10,2011-07-04,2011-07-10,0,0,0,0.0,4.065714285714286,22.487142857142857,91.16714285714284
South,2011-07-17,2011-07-11,2011-07-17,0,0,0,0.0,1.9457142857142855,22.094285714285714,88.91285714285713
South,2011-07-24,2011-07-18,2011-07-24,0,0,0,0.0,4.0371428571428565,22.46,89.71428571428571
South,2011-07-31,2011-07-25,2011-07-31,22,14,0,0.0,3.032857142857143,21.46,88.88142857142859
South,2011-08-07,2011-08-01,2011-08-07,93,28,1,3.571428571428571,7.4471428571428575,21.66142857142857,92.2214285714286
South,2011-08-14,2011-08-08,2011-08-14,0,0,0,0.0,3.6200000000000006,21.95,89.22285714285717
South,2011-08-21,2011-08-15,2011-08-21,68,36,0,0.0,6.525714285714286,21.91714285714286,90.83714285714284
South,2011-08-28,2011-08-22,2011-08-28,46,28,1,3.571428571428571,6.252857142857144,21.884285714285713,92.00571428571428
South,2011-09-04,2011-08-29,2011-09-04,102,62,1,1.6129032258064515,5.168571428571428,22.217142857142854,90.73
South,2011-09-11,2011-09-05,2011-09-11,0,0,0,0.0,5.484285714285714,22.094285714285714,91.40571428571427
South,2011-09-18,2011-09-12,2011-09-18,117,51,0,0.0,17.19142857142857,21.547142857142855,94.9057142857143
South,2011-09-25,2011-09-19,2011-09-25,148,35,0,0.0,8.375714285714286,22.264285714285712,92.92571428571429
South,2011-10-02,2011-09-26,2011-10-02,205,52,2,3.8461538461538463,9.314285714285715,21.987142857142857,92.3
South,2011-10-09,2011-10-03,2011-10-09,53,29,0,0.0,5.005714285714285,22.897142857142857,90.84714285714287
South,2011-10-16,2011-10-10,2011-10-16,414,111,3,2.702702702702702,12.781428571428574,22.261428571428574,94.45714285714287
South,2011-10-23,2011-10-17,2011-10-23,37,18,0,0.0,6.828571428571428,22.177142857142854,93.29714285714286
South,2011-10-30,2011-10-24,2011-10-30,25,0,0,0.0,7.2299999999999995,22.258571428571432,91.05714285714285
South,2011-11-06,2011-10-31,2011-11-06,0,0,0,0.0,2.3714285714285714,22.492857142857144,90.54428571428572
South,2011-11-13,2011-11-07,2011-11-13,65,0,0,0.0,2.592857142857142,23.09,90.23142857142857
South,2011-11-20,2011-11-14,2011-11-20,0,0,0,0.0,0.6914285714285715,23.267142857142858,86.1542857142857
South,2011-11-27,2011-11-21,2011-11-27,0,0,0,0.0,1.5842857142857143,23.064285714285713,85.72999999999999
South,2011-12-04,2011-11-28,2011-12-04,0,0,0,0.0,0.44714285714285723,21.871428571428567,81.65857142857142
South,2011-12-18,2011-12-12,2011-12-18,0,0,0,0.0,0.7614285714285715,22.709999999999997,84.07857142857142
South,2011-12-25,2011-12-19,2011-12-25,0,0,0,0.0,0.1742857142857143,23.42285714285714,84.37714285714286
South,2012-01-01,2011-12-26,2012-01-01,9,4,0,0.0,0.07428571428571429,23.592857142857145,83.96571428571428
South,2012-01-08,2012-01-02,2012-01-08,22,11,0,0.0,0.19999999999999998,23.36714285714286,82.17714285714285
South,2012-01-15,2012-01-09,2012-01-15,92,34,1,2.941176470588235,1.0242857142857142,23.67142857142857,81.45428571428572
South,2012-01-22,2012-01-16,2012-01-22,0,0,0,0.0,0.8014285714285714,23.57428571428571,81.65571428571427
South,2012-01-29,2012-01-23,2012-01-29,0,0,0,0.0,0.4585714285714286,24.277142857142856,80.87857142857142
South,2012-02-05,2012-01-30,2012-02-05,0,0,0,0.0,1.0999999999999999,23.88571428571429,82.36285714285714
South,2012-02-12,2012-02-06,2012-02-12,0,0,0,0.0,1.4114285714285713,23.15142857142857,85.80285714285715
South,2012-02-19,2012-02-13,2012-02-19,70,36,0,0.0,2.5799999999999996,23.37857142857143,85.17285714285715
South,2012-02-26,2012-02-20,2012-02-26,46,18,0,0.0,5.824285714285715,23.435714285714283,86.41000000000001
South,2012-03-04,2012-02-27,2012-03-04,20,0,0,0.0,1.4685714285714286,23.542857142857144,85.13428571428571
South,2012-03-11,2012-03-05,2012-03-11,0,0,0,0.0,0.9471428571428572,23.582857142857144,84.43428571428572
South,2012-03-18,2012-03-12,2012-03-18,70,0,0,0.0,5.007142857142858,23.81142857142857,88.58142857142856
South,2012-03-25,2012-03-19,2012-03-25,42,0,0,0.0,2.0514285714285716,23.874285714285715,89.45285714285714
South,2012-04-01,2012-03-26,2012-04-01,0,0,0,0.0,3.6200000000000006,23.645714285714288,90.08285714285714
South,2012-04-08,2012-04-02,2012-04-08,34,16,0,0.0,2.4,24.11285714285714,88.10000000000001
South,2012-04-15,2012-04-09,2012-04-15,92,16,0,0.0,6.375714285714286,23.46142857142857,90.66714285714285
South,2012-04-22,2012-04-16,2012-04-22,154,81,0,0.0,8.227142857142857,22.87,91.83428571428571
South,2012-04-29,2012-04-23,2012-04-29,0,0,0,0.0,5.595714285714286,23.807142857142853,89.38142857142857
South,2012-05-06,2012-04-30,2012-05-06,82,0,0,0.0,6.467142857142856,23.362857142857145,91.77857142857142
South,2012-05-13,2012-05-07,2012-05-13,73,0,0,0.0,4.214285714285714,22.81857142857143,91.91142857142857
South,2012-05-20,2012-05-14,2012-05-20,9,3,0,0.0,4.627142857142857,22.951428571428572,91.24571428571429
South,2012-05-27,2012-05-21,2012-05-27,250,43,1,2.3255813953488373,2.094285714285714,22.891428571428577,91.08428571428571
South,2012-06-03,2012-05-28,2012-06-03,0,0,0,0.0,4.677142857142857,23.109999999999996,89.66285714285713
South,2012-06-10,2012-06-04,2012-06-10,61,33,0,0.0,2.2985714285714285,23.259999999999998,87.97000000000001
South,2012-06-17,2012-06-11,2012-06-17,70,8,0,0.0,4.15142857142857,23.061428571428568,89.20285714285714
South,2012-06-24,2012-06-18,2012-06-24,97,0,0,0.0,6.0042857142857144,21.990000000000002,93.14857142857143
South,2012-07-01,2012-06-25,2012-07-01,183,113,5,4.424778761061947,10.955714285714285,21.79285714285714,92.03428571428572
South,2012-07-08,2012-07-02,2012-07-08,0,0,0,0.0,4.771428571428571,21.689999999999998,90.73428571428573
South,2012-07-15,2012-07-09,2012-07-15,19,11,0,0.0,1.3757142857142857,22.150000000000002,89.02857142857144
South,2012-07-22,2012-07-16,2012-07-22,0,0,0,0.0,1.5985714285714288,22.159999999999997,88.45285714285716
South,2012-07-29,2012-07-23,2012-07-29,98,60,1,1.6666666666666667,0.8128571428571428,22.034285714285716,85.14428571428572
South,2012-08-05,2012-07-30,2012-08-05,80,40,0,0.0,4.275714285714285,21.8,89.39714285714285
South,2012-08-12,2012-08-06,2012-08-12,106,0,0,0.0,3.3471428571428574,21.98571428571429,88.09142857142857
South,2012-08-19,2012-08-13,2012-08-19,97,36,2,5.555555555555555,8.93857142857143,21.42428571428571,90.95
South,2012-08-26,2012-08-20,2012-08-26,50,0,0,0.0,5.4071428571428575,21.585714285714285,90.48857142857142
South,2012-09-02,2012-08-27,2012-09-02,186,100,0,0.0,7.327142857142857,21.964285714285715,90.86571428571428
South,2012-09-09,2012-09-03,2012-09-09,114,35,1,2.857142857142857,8.725714285714286,21.66714285714286,91.6842857142857
South,2012-09-16,2012-09-10,2012-09-16,0,0,0,0.0,9.712857142857143,22.082857142857144,92.42285714285713
South,2012-09-23,2012-09-17,2012-09-23,29,11,0,0.0,7.021428571428572,21.70714285714286,92.90857142857143
South,2012-09-30,2012-09-24,2012-09-30,97,23,1,4.3478260869565215,7.994285714285714,22.048571428571428,93.22714285714285
South,2012-10-07,2012-10-01,2012-10-07,137,86,1,1.162790697674419,11.98,21.927142857142858,93.77142857142857
South,2012-10-14,2012-10-08,2012-10-14,0,0,0,0.0,7.572857142857144,22.484285714285715,91.50857142857144
South,2012-10-21,2012-10-15,2012-10-21,0,0,0,0.0,9.09,22.131428571428568,93.70428571428572
South,2012-10-28,2012-10-22,2012-10-28,181,98,2,2.0408163265306123,9.514285714285716,22.54428571428571,90.83999999999999
South,2012-11-04,2012-10-29,2012-11-04,150,56,1,1.7857142857142856,9.141428571428571,22.498571428571434,92.01857142857145
South,2012-11-11,2012-11-05,2012-11-11,0,0,0,0.0,12.622857142857145,22.464285714285715,92.86142857142856
South,2012-11-18,2012-11-12,2012-11-18,0,0,0,0.0,3.9057142857142852,23.32857142857143,91.41428571428571
South,2012-11-25,2012-11-19,2012-11-25,55,35,1,2.857142857142857,6.5042857142857144,23.044285714285714,91.01285714285713
South,2012-12-02,2012-11-26,2012-12-02,125,40,1,2.5,4.121428571428572,23.70285714285714,85.74
South,2012-12-09,2012-12-03,2012-12-09,0,0,0,0.0,2.4585714285714286,23.259999999999998,89.47000000000001
South,2012-12-16,2012-12-10,2012-12-16,0,0,0,0.0,0.9142857142857144,23.58285714285714,86.50857142857144
South,2012-12-23,2012-12-17,2012-12-23,43,27,0,0.0,0.21857142857142858,23.63857142857143,84.19714285714285
South,2012-12-30,2012-12-24,2012-12-30,7,2,0,0.0,0.27285714285714285,23.357142857142858,80.6557142857143
South,2013-01-06,2012-12-31,2013-01-06,0,0,0,0.0,0.812857142857143,23.441428571428577,83.67714285714285
South,2013-01-13,2013-01-07,2013-01-13,37,21,1,4.761904761904762,0.6585714285714286,23.725714285714282,80.71000000000001
South,2013-01-20,2013-01-14,2013-01-20,0,0,0,0.0,1.0828571428571427,24.125714285714285,85.48
South,2013-01-27,2013-01-21,2013-01-27,38,1,0,0.0,0.7857142857142857,23.814285714285713,88.40428571428572
South,2013-02-03,2013-01-28,2013-02-03,15,6,0,0.0,1.0585714285714285,23.234285714285715,82.79142857142857
South,2013-02-10,2013-02-04,2013-02-10,0,0,0,0.0,0.7714285714285715,24.548571428571428,83.81000000000002
South,2013-02-17,2013-02-11,2013-02-17,0,0,0,0.0,0.7885714285714285,23.88714285714286,85.4342857142857
South,2013-02-24,2013-02-18,2013-02-24,20,10,0,0.0,2.8328571428571427,24.009999999999998,86.84857142857142
South,2013-03-03,2013-02-25,2013-03-03,51,31,0,0.0,2.2814285714285716,24.58857142857143,85.99857142857142
South,2013-03-10,2013-03-04,2013-03-10,124,62,1,1.6129032258064515,3.015714285714286,23.900000000000002,88.84285714285714
South,2013-03-17,2013-03-11,2013-03-17,0,0,0,0.0,7.394285714285714,23.72142857142857,89.23714285714286
South,2013-03-24,2013-03-18,2013-03-24,23,8,0,0.0,6.425714285714285,23.395714285714284,90.9057142857143
South,2013-03-31,2013-03-25,2013-03-31,358,131,3,2.2900763358778624,3.4314285714285715,23.12285714285714,90.43999999999998
South,2013-04-07,2013-04-01,2013-04-07,111,64,0,0.0,4.178571428571429,23.767142857142858,88.66428571428571
South,2013-04-14,2013-04-08,2013-04-14,44,13,0,0.0,7.6414285714285715,23.502857142857142,90.9157142857143
South,2013-04-21,2013-04-15,2013-04-21,42,10,0,0.0,5.247142857142857,23.04,91.49000000000001
South,2013-04-28,2013-04-22,2013-04-28,119,26,0,0.0,6.395714285714285,23.321428571428573,91.41999999999999
South,2013-05-05,2013-04-29,2013-05-05,0,0,0,0.0,1.9485714285714288,23.372857142857146,91.26142857142858
South,2013-05-12,2013-05-06,2013-05-12,0,0,0,0.0,5.125714285714286,22.811428571428568,92.38428571428572
South,2013-05-19,2013-05-13,2013-05-19,55,0,0,0.0,4.297142857142857,23.599999999999998,90.69000000000001
South,2013-05-26,2013-05-20,2013-05-26,0,0,0,0.0,3.06,23.56857142857143,88.84571428571428
South,2013-06-02,2013-05-27,2013-06-02,0,0,0,0.0,7.405714285714287,22.965714285714284,91.72714285714287
South,2013-06-09,2013-06-03,2013-06-09,0,0,0,0.0,3.0300000000000002,22.744285714285716,89.11714285714285
South,2013-06-16,2013-06-10,2013-06-16,98,0,0,0.0,1.0,23.208571428571428,88.48857142857142
South,2013-06-23,2013-06-17,2013-06-23,56,13,0,0.0,1.02,22.840000000000003,87.51142857142857
South,2013-06-30,2013-06-24,2013-06-30,78,19,0,0.0,2.608571428571429,22.485714285714288,89.0257142857143
South,2013-07-07,2013-07-01,2013-07-07,152,0,0,0.0,6.5214285714285705,21.532857142857146,92.12571428571428
South,2013-07-14,2013-07-08,2013-07-14,35,0,0,0.0,4.204285714285715,21.97714285714286,90.17142857142858
South,2013-07-21,2013-07-15,2013-07-21,62,0,0,0.0,0.41428571428571426,22.434285714285718,84.94285714285715
South,2013-07-28,2013-07-22,2013-07-28,80,0,1,0.0,1.215714285714286,21.86142857142857,87.07428571428572
South,2013-08-04,2013-07-29,2013-08-04,0,0,0,0.0,3.155714285714286,21.641428571428573,88.04714285714286
South,2013-08-11,2013-08-05,2013-08-11,47,27,0,0.0,1.457142857142857,21.592857142857138,87.25999999999999
South,2013-08-18,2013-08-12,2013-08-18,0,0,0,0.0,1.0757142857142856,21.937142857142856,84.34714285714286
South,2013-08-25,2013-08-19,2013-08-25,31,20,0,0.0,5.024285714285715,21.892857142857142,89.34000000000002
South,2013-09-01,2013-08-26,2013-09-01,155,17,0,0.0,4.31,22.22,88.97428571428573
South,2013-09-08,2013-09-02,2013-09-08,0,0,0,0.0,7.845714285714286,22.048571428571424,91.17142857142858
South,2013-09-15,2013-09-09,2013-09-15,0,0,0,0.0,5.238571428571428,21.81714285714285,92.13
South,2013-09-22,2013-09-16,2013-09-22,144,29,1,3.4482758620689653,7.717142857142856,22.619999999999997,91.64285714285715
South,2013-09-29,2013-09-23,2013-09-29,258,0,0,0.0,8.218571428571428,21.97142857142857,92.83285714285715
South,2013-10-06,2013-09-30,2013-10-06,75,0,0,0.0,7.295714285714285,22.111428571428572,93.97285714285715
South,2013-10-13,2013-10-07,2013-10-13,0,0,0,0.0,10.364285714285714,22.10571428571428,92.87428571428573
South,2013-10-20,2013-10-14,2013-10-20,37,22,0,0.0,10.64857142857143,22.698571428571427,91.61857142857141
South,2013-10-27,2013-10-21,2013-10-27,81,28,1,3.571428571428571,8.1,22.198571428571427,92.4057142857143
South,2013-11-03,2013-10-28,2013-11-03,67,36,0,0.0,3.864285714285714,22.9,89.01285714285714
South,2013-11-10,2013-11-04,2013-11-10,36,24,0,0.0,6.241428571428571,22.740000000000002,90.45714285714287
South,2013-11-17,2013-11-11,2013-11-17,78,53,2,3.7735849056603774,11.311428571428573,22.770000000000003,92.50285714285714
South,2013-11-24,2013-11-18,2013-11-24,0,0,0,0.0,6.8,22.67428571428572,91.00428571428571
South,2013-12-01,2013-11-25,2013-12-01,0,0,0,0.0,2.807142857142857,23.27285714285714,87.53142857142858
South,2013-12-08,2013-12-02,2013-12-08,0,0,0,0.0,3.5257142857142854,22.728571428571428,89.97857142857143
South,2013-12-15,2013-12-09,2013-12-15,26,13,0,0.0,2.19,22.25857142857143,85.98857142857143
South,2013-12-22,2013-12-16,2013-12-22,41,24,1,4.166666666666666,0.07571428571428572,21.937142857142856,78.17
South,2013-12-29,2013-12-23,2013-12-29,0,0,0,0.0,0.6714285714285715,23.665714285714284,85.55
South,2014-01-05,2013-12-30,2014-01-05,0,0,0,0.0,0.15285714285714283,22.919999999999998,80.1542857142857
South,2014-01-12,2014-01-06,2014-01-12,52,13,0,0.0,0.10571428571428572,23.509999999999998,79.72142857142856
South,2014-01-19,2014-01-13,2014-01-19,0,0,0,0.0,1.207142857142857,23.99142857142857,82.0257142857143
South,2014-01-26,2014-01-20,2014-01-26,23,14,0,0.0,0.24000000000000005,24.327142857142857,81.73714285714287
South,2014-02-02,2014-01-27,2014-02-02,77,30,0,0.0,0.5585714285714286,24.092857142857145,83.64142857142858
South,2014-02-09,2014-02-03,2014-02-09,150,0,0,0.0,0.22,24.53,80.04999999999998
South,2014-02-16,2014-02-10,2014-02-16,30,0,0,0.0,0.4299999999999999,23.947142857142858,81.71571428571428
South,2014-02-23,2014-02-17,2014-02-23,0,0,0,0.0,0.10142857142857142,25.078571428571426,77.25
South,2014-03-02,2014-02-24,2014-03-02,0,0,0,0.0,5.578571428571428,23.389999999999997,87.92857142857143
South,2014-03-09,2014-03-03,2014-03-09,57,0,0,0.0,2.6199999999999997,23.372857142857146,87.04714285714284
South,2014-03-16,2014-03-10,2014-03-16,30,20,0,0.0,4.631428571428572,23.881428571428575,84.20142857142856
South,2014-03-23,2014-03-17,2014-03-23,0,0,0,0.0,2.8214285714285716,23.895714285714284,88.71285714285713
South,2014-03-30,2014-03-24,2014-03-30,30,11,0,0.0,2.4,23.637142857142855,87.86999999999999
South,2014-04-06,2014-03-31,2014-04-06,180,76,2,2.631578947368421,2.174285714285715,23.951428571428572,87.68142857142857
South,2014-04-13,2014-04-07,2014-04-13,0,0,0,0.0,1.502857142857143,24.051428571428573,85.43999999999998
South,2014-04-20,2014-04-14,2014-04-20,95,58,2,3.4482758620689653,6.854285714285715,23.41714285714286,90.19714285714285
South,2014-04-27,2014-04-21,2014-04-27,0,0,0,0.0,5.361428571428571,23.580000000000002,90.65857142857145
South,2014-05-04,2014-04-28,2014-05-04,200,15,0,0.0,8.428571428571427,23.400000000000002,92.71285714285715
South,2014-05-11,2014-05-05,2014-05-11,66,0,0,0.0,5.577142857142857,22.958571428571425,93.84285714285714
South,2014-05-18,2014-05-12,2014-05-18,63,30,0,0.0,5.792857142857144,23.201428571428572,92.78285714285714
South,2014-05-25,2014-05-19,2014-05-25,0,0,0,0.0,3.095714285714286,23.555714285714288,90.55285714285715
South,2014-06-01,2014-05-26,2014-06-01,35,11,0,0.0,6.901428571428572,23.341428571428573,90.26857142857145
South,2014-06-08,2014-06-02,2014-06-08,54,31,1,3.225806451612903,2.8457142857142856,22.97142857142857,90.07000000000001
South,2014-06-15,2014-06-09,2014-06-15,0,0,0,0.0,3.7442857142857138,23.127142857142854,90.25142857142858
South,2014-06-22,2014-06-16,2014-06-22,20,11,0,0.0,1.1985714285714286,23.725714285714286,85.97142857142856
South,2014-06-29,2014-06-23,2014-06-29,27,8,0,0.0,1.1771428571428573,22.752857142857142,87.89285714285714
South,2014-07-06,2014-06-30,2014-07-06,15,0,0,0.0,2.8685714285714283,23.101428571428574,86.68714285714285
South,2014-07-13,2014-07-07,2014-07-13,34,11,0,0.0,2.527142857142857,22.967142857142857,84.12428571428572
South,2014-07-20,2014-07-14,2014-07-20,133,50,1,2.0,1.655714285714286,22.624285714285715,84.30857142857143
South,2014-07-27,2014-07-21,2014-07-27,1,1,0,0.0,1.0657142857142856,22.77857142857143,80.99571428571429
South,2014-08-03,2014-07-28,2014-08-03,146,31,0,0.0,1.3842857142857141,22.79,83.30571428571429
South,2014-08-10,2014-08-04,2014-08-10,0,0,0,0.0,4.017142857142857,22.25,85.88285714285715
South,2014-08-17,2014-08-11,2014-08-17,0,0,0,0.0,3.2657142857142856,22.235714285714284,86.50285714285712
South,2014-08-24,2014-08-18,2014-08-24,64,23,1,4.3478260869565215,4.515714285714287,21.857142857142858,88.49571428571427
South,2014-08-31,2014-08-25,2014-08-31,25,10,0,0.0,4.454285714285715,22.639999999999997,87.8342857142857
South,2014-09-07,2014-09-01,2014-09-07,49,5,0,0.0,2.63,22.201428571428572,86.47714285714285
South,2014-09-14,2014-09-08,2014-09-14,249,126,2,1.5873015873015872,5.2057142857142855,22.512857142857143,89.83714285714287
South,2014-09-21,2014-09-15,2014-09-21,12,0,0,0.0,4.714285714285714,22.425714285714285,89.19428571428571
South,2014-09-28,2014-09-22,2014-09-28,151,9,0,0.0,13.565714285714288,21.821428571428577,91.24571428571429
South,2014-10-05,2014-09-29,2014-10-05,0,0,0,0.0,7.777142857142858,21.718571428571433,91.95857142857143
South,2014-10-12,2014-10-06,2014-10-12,0,0,0,0.0,7.321428571428569,22.67142857142857,91.90714285714284
South,2014-10-19,2014-10-13,2014-10-19,195,55,1,1.818181818181818,4.825714285714286,22.744285714285716,90.51714285714286
South,2014-10-26,2014-10-20,2014-10-26,68,29,1,3.4482758620689653,10.042857142857143,22.64428571428571,92.61142857142856
South,2014-11-02,2014-10-27,2014-11-02,67,10,0,0.0,15.222857142857142,22.378571428571426,92.73428571428573
South,2014-11-09,2014-11-03,2014-11-09,0,0,0,0.0,12.540000000000001,22.958571428571428,91.38142857142857
South,2014-11-16,2014-11-10,2014-11-16,42,11,0,0.0,6.390000000000001,22.774285714285718,92.26285714285714
South,2014-11-23,2014-11-17,2014-11-23,0,0,0,0.0,2.86,22.788571428571426,90.84428571428569
South,2014-11-30,2014-11-24,2014-11-30,0,0,0,0.0,1.9971428571428569,23.00714285714286,88.7957142857143
South,2014-12-07,2014-12-01,2014-12-07,41,19,0,0.0,2.44,23.560000000000002,85.56285714285715
South,2014-12-14,2014-12-08,2014-12-14,0,0,0,0.0,1.6271428571428572,23.514285714285712,86.77285714285715
South,2014-12-21,2014-12-15,2014-12-21,0,0,0,0.0,0.21428571428571427,23.63571428571429,84.03714285714285
South,2014-12-28,2014-12-22,2014-12-28,0,0,0,0.0,0.18857142857142858,23.695714285714285,81.41142857142857
South,2015-01-04,2014-12-29,2015-01-04,0,0,0,0.0,0.2614285714285714,23.65285714285714,79.25999999999999
South,2015-01-11,2015-01-05,2015-01-11,0,0,0,0.0,0.13285714285714287,22.449999999999996,71.15857142857143
South,2015-01-18,2015-01-12,2015-01-18,62,0,0,0.0,0.2871428571428571,22.885714285714283,71.62142857142858
South,2015-01-25,2015-01-19,2015-01-25,25,0,0,0.0,0.13571428571428573,24.59857142857143,77.05857142857143
South,2015-02-01,2015-01-26,2015-02-01,4,2,0,0.0,0.3014285714285715,24.501428571428573,80.12571428571427
South,2015-02-08,2015-02-02,2015-02-08,0,0,0,0.0,2.15,24.39142857142857,83.64
South,2015-02-15,2015-02-09,2015-02-15,0,0,0,0.0,0.7385714285714285,24.268571428571427,80.16142857142857
South,2015-02-22,2015-02-16,2015-02-22,39,15,0,0.0,0.9128571428571428,24.75857142857143,80.93285714285715
South,2015-03-01,2015-02-23,2015-03-01,143,23,0,0.0,1.1414285714285712,23.83142857142857,82.97857142857141
South,2015-03-08,2015-03-02,2015-03-08,0,0,0,0.0,2.047142857142857,24.694285714285716,80.13285714285715
South,2015-03-15,2015-03-09,2015-03-15,85,37,0,0.0,2.0899999999999994,24.542857142857144,84.85714285714286
South,2015-03-22,2015-03-16,2015-03-22,26,0,0,0.0,4.707142857142856,24.262857142857143,87.04714285714286
South,2015-03-29,2015-03-23,2015-03-29,284,148,3,2.027027027027027,4.140000000000001,23.642857142857142,89.33714285714287
South,2015-04-05,2015-03-30,2015-04-05,77,22,1,4.545454545454546,8.374285714285715,22.945714285714285,89.50714285714287
South,2015-04-12,2015-04-06,2015-04-12,0,0,0,0.0,8.765714285714285,23.34857142857143,93.00142857142858
South,2015-04-19,2015-04-13,2015-04-19,0,0,0,0.0,8.454285714285714,23.417142857142856,91.41142857142857
South,2015-04-26,2015-04-20,2015-04-26,0,0,0,0.0,6.371428571428572,23.391428571428573,91.35428571428572
South,2015-05-03,2015-04-27,2015-05-03,114,37,1,2.702702702702702,6.105714285714286,23.345714285714283,91.69142857142856
South,2015-05-10,2015-05-04,2015-05-10,274,54,1,1.851851851851852,4.278571428571429,23.195714285714285,92.11571428571429
South,2015-05-17,2015-05-11,2015-05-17,0,0,0,0.0,9.312857142857142,23.689999999999998,91.77571428571427
South,2015-05-24,2015-05-18,2015-05-24,155,28,0,0.0,5.284285714285715,23.47857142857143,92.30857142857144
South,2015-05-31,2015-05-25,2015-05-31,11,7,0,0.0,3.5985714285714288,23.555714285714284,90.70285714285714
South,2015-06-07,2015-06-01,2015-06-07,96,35,0,0.0,7.024285714285713,22.767142857142858,92.56142857142858
South,2015-06-14,2015-06-08,2015-06-14,0,0,0,0.0,1.4428571428571426,23.142857142857146,88.42142857142858
South,2015-06-21,2015-06-15,2015-06-21,52,31,1,3.225806451612903,7.78,22.53,91.54857142857144
South,2015-06-28,2015-06-22,2015-06-28,232,0,0,0.0,1.3185714285714287,22.78857142857143,87.94142857142857
South,2015-07-05,2015-06-29,2015-07-05,20,0,0,0.0,1.2614285714285713,22.322857142857146,89.08142857142857
South,2015-07-12,2015-07-06,2015-07-12,118,61,0,0.0,4.238571428571428,23.51857142857143,88.21142857142856
South,2015-07-19,2015-07-13,2015-07-19,118,6,0,0.0,1.9157142857142857,22.819999999999997,88.26857142857143
South,2015-07-26,2015-07-20,2015-07-26,0,0,0,0.0,2.3057142857142856,22.53857142857143,87.13142857142857
South,2015-08-02,2015-07-27,2015-08-02,81,43,1,2.3255813953488373,4.401428571428571,21.81142857142857,88.32714285714287
South,2015-08-09,2015-08-03,2015-08-09,6,0,0,0.0,1.917142857142857,22.767142857142858,87.6942857142857
South,2015-08-16,2015-08-10,2015-08-16,0,0,0,0.0,2.0385714285714287,23.157142857142855,84.24142857142859
South,2015-08-23,2015-08-17,2015-08-23,1,1,0,0.0,1.1785714285714286,23.324285714285715,84.1457142857143
South,2015-08-30,2015-08-24,2015-08-30,156,56,0,0.0,4.698571428571428,22.57714285714286,88.51
South,2015-09-06,2015-08-31,2015-09-06,0,0,0,0.0,4.467142857142857,22.579999999999995,89.56857142857143
South,2015-09-13,2015-09-07,2015-09-13,93,30,1,3.333333333333333,5.221428571428571,22.922857142857143,89.34714285714286
South,2015-09-20,2015-09-14,2015-09-20,38,17,0,0.0,8.90857142857143,22.62857142857143,91.88
South,2015-09-27,2015-09-21,2015-09-27,0,0,0,0.0,6.168571428571428,22.704285714285714,91.42857142857143
South,2015-10-04,2015-09-28,2015-10-04,0,0,0,0.0,6.36,22.81,92.2057142857143
South,2015-10-11,2015-10-05,2015-10-11,87,8,0,0.0,5.3,22.792857142857144,90.30428571428571
South,2015-10-18,2015-10-12,2015-10-18,1,1,0,0.0,9.734285714285715,23.06,93.25999999999999
South,2015-10-25,2015-10-19,2015-10-25,189,37,0,0.0,8.257142857142858,22.562857142857144,94.42285714285715
South,2015-11-01,2015-10-26,2015-11-01,0,0,0,0.0,13.75,22.187142857142863,94.67428571428572
South,2015-11-08,2015-11-02,2015-11-08,110,0,0,0.0,12.827142857142857,22.515714285714278,91.7942857142857
South,2015-11-15,2015-11-09,2015-11-15,141,78,1,1.282051282051282,6.028571428571429,23.37,89.08714285714287
South,2015-11-22,2015-11-16,2015-11-22,97,25,0,0.0,0.8928571428571429,23.455714285714286,87.27142857142859
South,2015-11-29,2015-11-23,2015-11-29,159,10,0,0.0,1.722857142857143,23.684285714285714,86.3342857142857
South,2015-12-06,2015-11-30,2015-12-06,0,0,0,0.0,0.942857142857143,23.27857142857143,84.02
South,2015-12-13,2015-12-07,2015-12-13,0,0,0,0.0,1.157142857142857,23.139999999999997,75.83857142857143
South,2015-12-20,2015-12-14,2015-12-20,0,0,0,0.0,1.26,22.345714285714283,78.93571428571428
South,2015-12-27,2015-12-21,2015-12-27,0,0,0,0.0,0.21857142857142858,23.158571428571427,71.36857142857143
South,2016-01-10,2016-01-04,2016-01-10,72,32,0,0.0,0.3942857142857143,25.20285714285714,75.34428571428573
South,2016-01-17,2016-01-11,2016-01-17,0,0,0,0.0,2.23,25.1,79.28714285714285
South,2016-01-24,2016-01-18,2016-01-24,13,4,0,0.0,0.1742857142857143,24.977142857142855,76.48
South,2016-01-31,2016-01-25,2016-01-31,0,0,0,0.0,0.53,24.194285714285716,69.25571428571429
South,2016-02-07,2016-02-01,2016-02-07,25,0,0,0.0,0.9142857142857145,25.020000000000003,77.09714285714287
South,2016-02-14,2016-02-08,2016-02-14,25,6,0,0.0,0.2971428571428571,25.081428571428575,75.55714285714286
South,2016-02-21,2016-02-15,2016-02-21,0,0,0,0.0,0.24000000000000002,26.071428571428573,74.39
South,2016-02-28,2016-02-22,2016-02-28,19,6,0,0.0,0.1285714285714286,26.495714285714282,73.94142857142857
South,2016-03-06,2016-02-29,2016-03-06,0,0,0,0.0,6.231428571428571,24.95714285714286,84.88285714285715
South,2016-03-13,2016-03-07,2016-03-13,0,0,0,0.0,4.742857142857143,24.35571428571429,87.65714285714286
South,2016-03-20,2016-03-14,2016-03-20,0,0,0,0.0,2.5471428571428567,24.60857142857143,88.70428571428572
South,2016-03-27,2016-03-21,2016-03-27,82,56,2,3.571428571428571,7.0685714285714285,24.634285714285713,89.15857142857143
South,2016-04-03,2016-03-28,2016-04-03,99,66,1,1.5151515151515151,6.937142857142857,24.571428571428573,90.85
South,2016-04-10,2016-04-04,2016-04-10,211,0,0,0.0,4.721428571428571,24.07857142857143,89.28857142857143
South,2016-04-17,2016-04-11,2016-04-17,77,0,0,0.0,11.358571428571427,24.06428571428571,93.03857142857143
South,2016-04-24,2016-04-18,2016-04-24,0,0,0,0.0,7.29142857142857,24.14428571428571,92.27571428571427
South,2016-05-01,2016-04-25,2016-05-01,0,0,0,0.0,6.648571428571428,23.87714285714286,93.36571428571428
South,2016-05-08,2016-05-02,2016-05-08,104,47,1,2.127659574468085,4.868571428571428,23.71,92.29285714285713
South,2016-05-15,2016-05-09,2016-05-15,0,0,0,0.0,9.061428571428571,23.801428571428573,92.67857142857143
South,2016-05-22,2016-05-16,2016-05-22,86,0,0,0.0,5.018571428571429,23.358571428571427,92.05285714285715
South,2016-05-29,2016-05-23,2016-05-29,319,77,1,1.2987012987012987,5.74,23.43857142857143,91.74571428571429
South,2016-06-05,2016-05-30,2016-06-05,69,45,1,2.2222222222222223,6.9085714285714275,23.28142857142857,92.17571428571428
South,2016-06-12,2016-06-06,2016-06-12,0,0,0,0.0,3.0799999999999996,23.368571428571432,91.59000000000002
South,2016-06-19,2016-06-13,2016-06-19,95,27,1,3.7037037037037033,4.587142857142857,21.988571428571426,91.54857142857145
South,2016-06-26,2016-06-20,2016-06-26,260,118,1,0.847457627118644,8.437142857142858,22.248571428571427,92.47000000000001
South,2016-07-03,2016-06-27,2016-07-03,27,0,0,0.0,2.567142857142857,22.892857142857142,90.45285714285714
South,2016-07-10,2016-07-04,2016-07-10,32,11,0,0.0,2.1814285714285715,22.837142857142855,89.42714285714285
South,2016-07-17,2016-07-11,2016-07-17,55,20,1,5.0,2.335714285714286,22.404285714285717,88.82857142857144
South,2016-07-24,2016-07-18,2016-07-24,0,0,0,0.0,1.8471428571428574,22.341428571428573,89.85857142857142
South,2016-07-31,2016-07-25,2016-07-31,0,0,0,0.0,3.4842857142857144,22.25857142857143,88.89
South,2016-08-07,2016-08-01,2016-08-07,151,24,0,0.0,8.962857142857143,22.474285714285713,90.14999999999999
South,2016-08-14,2016-08-08,2016-08-14,14,4,0,0.0,2.701428571428572,22.17428571428571,90.73714285714287
South,2016-08-21,2016-08-15,2016-08-21,100,17,0,0.0,4.257142857142857,22.63,90.05428571428571
South,2016-08-28,2016-08-22,2016-08-28,0,0,0,0.0,12.014285714285714,22.20285714285714,92.55714285714285
South,2016-09-04,2016-08-29,2016-09-04,107,50,1,2.0,6.659999999999999,22.184285714285718,91.85857142857142
South,2016-09-11,2016-09-05,2016-09-11,263,89,1,1.1235955056179776,7.392857142857144,22.681428571428572,91.9057142857143
South,2016-09-18,2016-09-12,2016-09-18,63,36,1,2.7777777777777777,8.388571428571428,21.93857142857143,92.77428571428572
South,2016-09-25,2016-09-19,2016-09-25,110,59,1,1.694915254237288,7.655714285714285,21.924285714285713,93.97571428571428
South,2016-10-02,2016-09-26,2016-10-02,0,0,0,0.0,7.019999999999999,22.521428571428572,92.7942857142857
South,2016-10-09,2016-10-03,2016-10-09,51,0,0,0.0,2.265714285714286,22.949999999999996,91.27571428571427
South,2016-10-16,2016-10-10,2016-10-16,0,0,0,0.0,5.345714285714286,23.111428571428572,91.61000000000001
South,2016-10-23,2016-10-17,2016-10-23,0,0,0,0.0,16.162857142857142,22.728571428571428,91.65857142857142
South,2016-10-30,2016-10-24,2016-10-30,10,5,0,0.0,11.071428571428571,22.874285714285715,92.83142857142856
South,2016-11-06,2016-10-31,2016-11-06,118,24,1,4.166666666666666,8.811428571428573,22.891428571428573,92.1957142857143
South,2016-11-13,2016-11-07,2016-11-13,41,14,0,0.0,3.7742857142857145,23.254285714285714,89.00285714285714
South,2016-11-20,2016-11-14,2016-11-20,5,0,0,0.0,4.365714285714286,23.32,89.55285714285715
South,2016-11-27,2016-11-21,2016-11-27,0,0,0,0.0,4.5528571428571425,23.740000000000002,89.84
South,2016-12-04,2016-11-28,2016-12-04,0,0,0,0.0,2.1457142857142855,23.28571428571429,91.67999999999999
South,2016-12-11,2016-12-05,2016-12-11,86,18,0,0.0,1.9114285714285713,23.408571428571427,87.7942857142857
South,2016-12-18,2016-12-12,2016-12-18,0,0,0,0.0,0.43857142857142856,23.810000000000002,85.64428571428572
South,2016-12-25,2016-12-19,2016-12-25,0,0,0,0.0,0.2714285714285714,23.99857142857143,81.44285714285715
South,2017-01-01,2016-12-26,2017-01-01,0,0,0,0.0,0.9157142857142857,23.141428571428573,84.39142857142858
South,2017-01-08,2017-01-02,2017-01-08,0,0,0,0.0,0.33999999999999997,23.68285714285714,82.97571428571429
South,2017-01-15,2017-01-09,2017-01-15,0,0,0,0.0,0.2642857142857143,23.678571428571434,83.60571428571428
South,2017-01-22,2017-01-16,2017-01-22,43,22,1,4.545454545454546,0.12142857142857144,24.444285714285716,84.80571428571429
South,2017-01-29,2017-01-23,2017-01-29,0,0,0,0.0,1.4342857142857144,23.814285714285713,86.27714285714286
South,2017-02-05,2017-01-30,2017-02-05,73,0,0,0.0,1.17,24.388571428571428,83.50571428571428
South,2017-02-12,2017-02-06,2017-02-12,0,0,0,0.0,0.8071428571428572,24.31857142857143,83.71285714285715
South,2017-02-19,2017-02-13,2017-02-19,37,24,0,0.0,0.8357142857142856,24.074285714285715,82.82000000000001
South,2017-02-26,2017-02-20,2017-02-26,0,0,0,0.0,0.09999999999999999,24.81714285714286,81.00142857142858
South,2017-03-05,2017-02-27,2017-03-05,0,0,0,0.0,0.12571428571428572,24.681428571428572,81.76142857142857
South,2017-03-12,2017-03-06,2017-03-12,0,0,0,0.0,6.917142857142857,23.565714285714286,89.19285714285714
South,2017-03-19,2017-03-13,2017-03-19,0,0,0,0.0,4.645714285714285,23.967142857142854,88.9857142857143
South,2017-03-26,2017-03-20,2017-03-26,84,42,0,0.0,4.314285714285715,23.82857142857143,89.38428571428572
South,2017-04-02,2017-03-27,2017-04-02,162,54,1,1.851851851851852,4.115714285714286,24.21,89.56285714285715
South,2017-04-09,2017-04-03,2017-04-09,0,0,0,0.0,7.727142857142857,23.919999999999998,89.47571428571429
South,2017-04-16,2017-04-10,2017-04-16,49,18,0,0.0,8.232857142857142,23.671428571428574,92.97142857142858
South,2017-04-23,2017-04-17,2017-04-23,0,0,0,0.0,6.767142857142856,23.495714285714282,93.02
South,2017-04-30,2017-04-24,2017-04-30,0,0,0,0.0,3.5,23.849999999999998,90.01285714285714
South,2017-05-07,2017-05-01,2017-05-07,0,0,0,0.0,6.082857142857143,23.412857142857142,92.20285714285714
South,2017-05-14,2017-05-08,2017-05-14,0,0,0,0.0,4.917142857142857,23.825714285714287,90.95000000000002
South,2017-05-21,2017-05-15,2017-05-21,188,125,3,2.4,8.754285714285714,23.354285714285712,93.38571428571429
South,2017-05-28,2017-05-22,2017-05-28,128,70,1,1.4285714285714286,17.765714285714285,23.162857142857142,92.33999999999999
South,2017-06-04,2017-05-29,2017-06-04,0,0,0,0.0,4.087142857142857,23.472857142857144,91.06857142857143
South,2017-06-11,2017-06-05,2017-06-11,73,19,0,0.0,1.062857142857143,23.845714285714283,89.71428571428571
South,2017-06-18,2017-06-12,2017-06-18,62,20,0,0.0,3.2271428571428578,22.67428571428572,92.28
South,2017-06-25,2017-06-19,2017-06-25,0,0,0,0.0,10.612857142857143,22.428571428571427,92.76285714285714
South,2017-07-02,2017-06-26,2017-07-02,17,6,0,0.0,5.752857142857144,22.367142857142856,92.16285714285716
South,2017-07-09,2017-07-03,2017-07-09,0,0,0,0.0,0.4557142857142857,22.525714285714287,87.13142857142857
South,2017-07-16,2017-07-10,2017-07-16,84,48,0,0.0,2.0028571428571427,22.240000000000002,89.23142857142857
South,2017-07-23,2017-07-17,2017-07-23,0,0,0,0.0,5.091428571428572,22.60857142857143,90.82000000000001
South,2017-07-30,2017-07-24,2017-07-30,118,0,0,0.0,4.7299999999999995,22.27857142857142,91.04142857142857
South,2017-08-06,2017-07-31,2017-08-06,28,18,0,0.0,5.341428571428572,22.067142857142862,91.48428571428572
South,2017-08-13,2017-08-07,2017-08-13,0,0,0,0.0,4.215714285714285,22.180000000000003,91.06857142857143
South,2017-08-20,2017-08-14,2017-08-20,30,10,0,0.0,2.085714285714286,22.018571428571427,91.21285714285715
South,2017-08-27,2017-08-21,2017-08-27,153,46,1,2.1739130434782608,6.067142857142857,21.94142857142857,91.63714285714286
South,2017-09-03,2017-08-28,2017-09-03,0,0,0,0.0,2.672857142857143,22.217142857142854,89.42714285714285
South,2017-09-10,2017-09-04,2017-09-10,44,11,0,0.0,6.6014285714285705,22.265714285714285,91.82714285714287
South,2017-09-17,2017-09-11,2017-09-17,82,47,1,2.127659574468085,6.35,22.307142857142857,92.12714285714287
South,2017-09-24,2017-09-18,2017-09-24,53,25,0,0.0,6.014285714285714,22.61142857142857,92.52285714285713
South,2017-10-01,2017-09-25,2017-10-01,0,0,0,0.0,6.615714285714286,22.49857142857143,91.71000000000001
South,2017-10-08,2017-10-02,2017-10-08,112,54,1,1.851851851851852,3.2785714285714285,23.015714285714285,91.46
South,2017-10-15,2017-10-09,2017-10-15,82,29,1,3.4482758620689653,9.045714285714284,22.557142857142857,92.42285714285715
South,2017-10-22,2017-10-16,2017-10-22,191,58,1,1.7241379310344829,5.634285714285714,23.038571428571426,93.2314285714286
South,2017-10-29,2017-10-23,2017-10-29,75,26,0,0.0,5.934285714285714,22.594285714285718,93.72000000000001
South,2017-11-05,2017-10-30,2017-11-05,126,45,1,2.2222222222222223,9.39857142857143,22.602857142857143,91.99285714285713
South,2017-11-12,2017-11-06,2017-11-12,0,0,0,0.0,4.011428571428572,22.87285714285714,91.49
South,2017-11-19,2017-11-13,2017-11-19,41,14,0,0.0,9.87142857142857,23.12,92.08
South,2017-11-26,2017-11-20,2017-11-26,0,0,0,0.0,3.3371428571428576,22.995714285714282,88.09571428571428
South,2017-12-03,2017-11-27,2017-12-03,0,0,0,0.0,1.3814285714285717,23.36142857142857,86.24714285714286
South,2017-12-10,2017-12-04,2017-12-10,20,5,0,0.0,0.21,23.632857142857144,86.87714285714286
South,2017-12-17,2017-12-11,2017-12-17,4,1,0,0.0,0.5142857142857143,23.84857142857143,86.99428571428572
South,2017-12-24,2017-12-18,2017-12-24,6,0,0,0.0,1.31,23.881428571428568,86.67285714285715
South,2017-12-31,2017-12-25,2017-12-31,74,26,1,3.8461538461538463,0.1685714285714286,23.640000000000004,83.34285714285714
South,2018-08-26,2018-08-20,2018-08-26,0,0,0,0.0,2.1799999999999997,22.072857142857142,88.84714285714287
South,2019-12-29,2018-12-31,2019-12-29,0,0,0,0.0,3.213296703296703,24.0264010989011,83.22648351648351
South-West,2010-01-10,2010-01-04,2010-01-10,368,93,1,1.0752688172043012,10.772857142857145,25.041428571428572,82.58999999999999
South-West,2010-01-17,2010-01-11,2010-01-17,66,19,0,0.0,1.5099999999999998,25.12142857142857,85.01857142857143
South-West,2010-01-24,2010-01-18,2010-01-24,62,26,0,0.0,0.4071428571428571,25.092857142857145,82.11857142857143
South-West,2010-01-31,2010-01-25,2010-01-31,110,20,0,0.0,0.7242857142857143,25.472857142857144,87.5442857142857
South-West,2010-02-07,2010-02-01,2010-02-07,259,78,2,2.564102564102564,8.162857142857142,25.54,84.94857142857143
South-West,2010-02-14,2010-02-08,2010-02-14,68,28,1,3.571428571428571,5.022857142857142,25.14142857142857,87.19285714285715
South-West,2010-02-21,2010-02-15,2010-02-21,145,58,0,0.0,1.4785714285714289,25.389999999999997,88.71000000000001
South-West,2010-02-28,2010-02-22,2010-02-28,66,41,1,2.4390243902439024,8.511428571428572,25.291428571428575,90.25999999999999
South-West,2010-03-07,2010-03-01,2010-03-07,21,8,0,0.0,3.9957142857142856,26.28857142857143,85.74285714285713
South-West,2010-03-14,2010-03-08,2010-03-14,0,0,0,0.0,9.745714285714286,25.104285714285716,90.79857142857142
South-West,2010-03-21,2010-03-15,2010-03-21,47,15,0,0.0,5.61142857142857,24.66,90.31857142857143
South-West,2010-03-28,2010-03-22,2010-03-28,0,0,0,0.0,2.5042857142857144,25.66142857142857,85.76142857142858
South-West,2010-04-04,2010-03-29,2010-04-04,102,15,0,0.0,4.461428571428571,25.795714285714286,88.48
South-West,2010-04-11,2010-04-05,2010-04-11,135,41,1,2.4390243902439024,5.001428571428572,25.497142857142855,88.61
South-West,2010-04-18,2010-04-12,2010-04-18,131,0,0,0.0,6.984285714285712,25.908571428571435,90.37142857142855
South-West,2010-04-25,2010-04-19,2010-04-25,117,50,0,0.0,10.982857142857142,25.37714285714286,91.85857142857141
South-West,2010-05-02,2010-04-26,2010-05-02,0,0,0,0.0,4.582857142857143,25.05,90.73714285714287
South-West,2010-05-09,2010-05-03,2010-05-09,43,13,0,0.0,8.522857142857145,24.83428571428572,91.77714285714286
South-West,2010-05-16,2010-05-10,2010-05-16,149,59,0,0.0,3.0742857142857147,25.212857142857143,91.00285714285714
South-West,2010-05-23,2010-05-17,2010-05-23,412,53,1,1.8867924528301887,6.825714285714285,24.777142857142852,92.74285714285715
South-West,2010-05-30,2010-05-24,2010-05-30,112,11,0,0.0,3.3285714285714283,25.147142857142853,91.41428571428571
South-West,2010-06-06,2010-05-31,2010-06-06,30,13,0,0.0,11.734285714285717,23.895714285714284,92.0542857142857
South-West,2010-06-13,2010-06-07,2010-06-13,301,34,0,0.0,0.24571428571428575,24.867142857142856,89.87
South-West,2010-06-20,2010-06-14,2010-06-20,114,64,1,1.5625,5.075714285714286,24.039999999999996,91.58857142857143
South-West,2010-06-27,2010-06-21,2010-06-27,402,84,1,1.1904761904761905,11.261428571428572,23.93142857142857,91.99714285714286
South-West,2010-07-04,2010-06-28,2010-07-04,0,0,0,0.0,11.807142857142855,23.604285714285716,92.41428571428573
South-West,2010-07-11,2010-07-05,2010-07-11,102,52,1,1.9230769230769231,35.61,23.184285714285714,93.28714285714285
South-West,2010-07-18,2010-07-12,2010-07-18,77,0,0,0.0,8.40857142857143,23.162857142857142,92.29999999999998
South-West,2010-07-25,2010-07-19,2010-07-25,298,97,3,3.09278350515464,16.837142857142858,22.897142857142857,92.78857142857143
South-West,2010-08-01,2010-07-26,2010-08-01,269,76,1,1.3157894736842104,10.838571428571429,22.84714285714286,93.00857142857141
South-West,2010-08-08,2010-08-02,2010-08-08,285,51,0,0.0,28.614285714285717,23.14142857142857,93.22571428571429
South-West,2010-08-15,2010-08-09,2010-08-15,145,65,1,1.5384615384615383,16.454285714285714,23.218571428571433,91.17285714285715
South-West,2010-08-22,2010-08-16,2010-08-22,121,72,2,2.7777777777777777,19.15285714285714,23.274285714285718,93.04999999999998
South-West,2010-08-29,2010-08-23,2010-08-29,43,0,0,0.0,9.78,23.06,92.85857142857141
South-West,2010-09-05,2010-08-30,2010-09-05,549,221,5,2.262443438914027,5.5371428571428565,23.08142857142857,92.3742857142857
South-West,2010-09-12,2010-09-06,2010-09-12,79,42,0,0.0,3.794285714285714,23.11285714285714,90.90428571428572
South-West,2010-09-19,2010-09-13,2010-09-19,37,18,0,0.0,3.708571428571428,23.46142857142857,90.64428571428572
South-West,2010-09-26,2010-09-20,2010-09-26,25,10,0,0.0,19.96,23.381428571428568,91.63285714285713
South-West,2010-10-03,2010-09-27,2010-10-03,56,0,1,0.0,4.398571428571429,23.905714285714286,91.4557142857143
South-West,2010-10-10,2010-10-04,2010-10-10,0,0,0,0.0,8.931428571428572,23.792857142857144,90.55571428571429
South-West,2010-10-17,2010-10-11,2010-10-17,303,112,1,0.8928571428571428,6.574285714285715,23.485714285714288,92.13714285714286
South-West,2010-10-24,2010-10-18,2010-10-24,187,0,0,0.0,8.024285714285714,23.185714285714287,92.90571428571427
South-West,2010-10-31,2010-10-25,2010-10-31,358,95,2,2.1052631578947367,5.51,23.975714285714282,90.3142857142857
South-West,2010-11-07,2010-11-01,2010-11-07,243,83,1,1.2048192771084338,4.3999999999999995,23.754285714285714,90.17714285714285
South-West,2010-11-14,2010-11-08,2010-11-14,133,62,2,3.225806451612903,2.9171428571428573,24.161428571428576,89.96285714285715
South-West,2010-11-21,2010-11-15,2010-11-21,43,0,0,0.0,3.771428571428572,24.111428571428572,90.03
South-West,2010-11-28,2010-11-22,2010-11-28,54,26,1,3.8461538461538463,1.1585714285714286,24.215714285714284,91.48714285714286
South-West,2010-12-05,2010-11-29,2010-12-05,231,96,3,3.125,0.9142857142857143,24.72714285714286,87.29714285714286
South-West,2010-12-12,2010-12-06,2010-12-12,221,75,2,2.666666666666667,0.08571428571428573,24.048571428571428,84.75571428571429
South-West,2010-12-19,2010-12-13,2010-12-19,130,45,1,2.2222222222222223,0.021428571428571432,24.84857142857143,82.57428571428571
South-West,2010-12-26,2010-12-20,2010-12-26,218,67,1,1.4925373134328357,3.894285714285714,24.012857142857143,83.00857142857141
South-West,2011-01-02,2010-12-27,2011-01-02,173,27,0,0.0,0.13,23.91,81.78285714285714
South-West,2011-01-09,2011-01-03,2011-01-09,101,21,0,0.0,1.197142857142857,24.312857142857144,82.36
South-West,2011-01-16,2011-01-10,2011-01-16,102,21,1,4.761904761904762,0.037142857142857144,24.03,73.85142857142857
South-West,2011-01-23,2011-01-17,2011-01-23,161,76,0,0.0,0.06571428571428571,24.96,74.24142857142859
South-West,2011-01-30,2011-01-24,2011-01-30,131,49,1,2.0408163265306123,0.03285714285714286,26.442857142857143,75.77999999999999
South-West,2011-02-06,2011-01-31,2011-02-06,192,47,0,0.0,3.1285714285714286,24.805714285714288,86.53285714285713
South-West,2011-02-13,2011-02-07,2011-02-13,203,63,0,0.0,0.2942857142857143,25.575714285714287,81.07142857142857
South-West,2011-02-20,2011-02-14,2011-02-20,233,72,1,1.3888888888888888,5.221428571428572,24.844285714285714,86.53285714285714
South-West,2011-02-27,2011-02-21,2011-02-27,156,70,1,1.4285714285714286,2.6042857142857145,24.584285714285716,85.08285714285714
South-West,2011-03-06,2011-02-28,2011-03-06,282,110,3,2.727272727272727,5.850000000000001,24.545714285714286,88.06142857142856
South-West,2011-03-13,2011-03-07,2011-03-13,177,80,0,0.0,1.5999999999999999,25.90857142857143,84.93571428571428
South-West,2011-03-20,2011-03-14,2011-03-20,181,62,1,1.6129032258064515,2.457142857142857,25.34857142857143,86.14857142857143
South-West,2011-03-27,2011-03-21,2011-03-27,144,36,0,0.0,6.12,24.614285714285717,87.82714285714285
South-West,2011-04-03,2011-03-28,2011-04-03,270,77,1,1.2987012987012987,3.2528571428571427,25.014285714285716,88.14571428571428
South-West,2011-04-10,2011-04-04,2011-04-10,376,51,2,3.92156862745098,4.591428571428572,24.919999999999995,87.14714285714285
South-West,2011-04-17,2011-04-11,2011-04-17,168,93,3,3.225806451612903,5.1899999999999995,25.27285714285714,87.21857142857144
South-West,2011-04-24,2011-04-18,2011-04-24,253,94,5,5.319148936170213,4.747142857142857,25.045714285714286,91.11285714285714
South-West,2011-05-01,2011-04-25,2011-05-01,329,105,3,2.857142857142857,1.2414285714285713,24.560000000000002,89.5657142857143
South-West,2011-05-08,2011-05-02,2011-05-08,346,50,1,2.0,3.3742857142857146,25.43,88.26571428571427
South-West,2011-05-15,2011-05-09,2011-05-15,487,211,5,2.3696682464454977,4.497142857142856,25.071428571428573,90.4342857142857
South-West,2011-05-22,2011-05-16,2011-05-22,383,151,2,1.3245033112582782,4.2371428571428575,24.731428571428573,92.72000000000001
South-West,2011-05-29,2011-05-23,2011-05-29,547,141,4,2.8368794326241136,9.421428571428573,24.228571428571428,91.55142857142856
South-West,2011-06-05,2011-05-30,2011-06-05,434,186,1,0.5376344086021506,6.311428571428571,24.318571428571428,93.45428571428572
South-West,2011-06-12,2011-06-06,2011-06-12,411,178,4,2.247191011235955,7.621428571428572,24.051428571428573,91.50285714285714
South-West,2011-06-19,2011-06-13,2011-06-19,384,194,3,1.5463917525773196,18.321428571428573,24.134285714285713,92.11
South-West,2011-06-26,2011-06-20,2011-06-26,462,240,5,2.083333333333333,12.114285714285716,23.442857142857143,92.85714285714286
South-West,2011-07-03,2011-06-27,2011-07-03,581,193,5,2.5906735751295336,21.080000000000002,23.42571428571429,92.45285714285716
South-West,2011-07-10,2011-07-04,2011-07-10,388,63,1,1.5873015873015872,19.201428571428572,23.47142857142857,93.57428571428571
South-West,2011-07-17,2011-07-11,2011-07-17,268,124,2,1.6129032258064515,7.96,23.028571428571432,91.29142857142857
South-West,2011-07-24,2011-07-18,2011-07-24,337,112,3,2.6785714285714284,19.518571428571427,23.44,92.70000000000002
South-West,2011-07-31,2011-07-25,2011-07-31,229,50,0,0.0,19.821428571428573,22.431428571428572,92.64857142857144
South-West,2011-08-07,2011-08-01,2011-08-07,485,321,7,2.1806853582554515,37.16428571428571,22.837142857142858,93.80999999999999
South-West,2011-08-14,2011-08-08,2011-08-14,370,189,2,1.058201058201058,15.775714285714285,22.75714285714286,93.13142857142857
South-West,2011-08-21,2011-08-15,2011-08-21,371,147,2,1.3605442176870748,25.77285714285714,22.625714285714285,93.80857142857143
South-West,2011-08-28,2011-08-22,2011-08-28,200,0,0,0.0,17.27142857142857,22.964285714285715,93.25999999999999
South-West,2011-09-04,2011-08-29,2011-09-04,258,53,0,0.0,12.79857142857143,22.97,92.39428571428572
South-West,2011-09-11,2011-09-05,2011-09-11,450,141,1,0.7092198581560284,10.95142857142857,23.319999999999997,92.03857142857143
South-West,2011-09-18,2011-09-12,2011-09-18,541,191,5,2.6178010471204187,47.40857142857143,22.961428571428574,93.62285714285713
South-West,2011-09-25,2011-09-19,2011-09-25,345,63,2,3.1746031746031744,8.601428571428572,23.647142857142857,91.01
South-West,2011-10-02,2011-09-26,2011-10-02,516,43,1,2.3255813953488373,5.857142857142857,23.367142857142856,91.60000000000001
South-West,2011-10-09,2011-10-03,2011-10-09,192,0,1,0.0,4.8428571428571425,23.945714285714285,91.74142857142856
South-West,2011-10-16,2011-10-10,2011-10-16,25,8,0,0.0,17.654285714285717,23.392857142857142,93.11428571428573
South-West,2011-10-23,2011-10-17,2011-10-23,218,107,1,0.9345794392523364,10.465714285714286,23.759999999999998,92.16285714285716
South-West,2011-10-30,2011-10-24,2011-10-30,47,0,0,0.0,10.477142857142857,23.261428571428574,91.85285714285713
South-West,2011-11-06,2011-10-31,2011-11-06,28,0,0,0.0,4.788571428571428,23.655714285714286,91.47
South-West,2011-11-13,2011-11-07,2011-11-13,16,10,0,0.0,1.3814285714285715,24.29571428571429,90.97571428571429
South-West,2011-11-20,2011-11-14,2011-11-20,76,43,0,0.0,0.1385714285714286,24.312857142857144,90.2942857142857
South-West,2011-11-27,2011-11-21,2011-11-27,66,23,1,4.3478260869565215,1.2642857142857145,24.574285714285715,86.0657142857143
South-West,2011-12-04,2011-11-28,2011-12-04,107,51,1,1.96078431372549,0.2557142857142857,24.28857142857143,81.20428571428572
South-West,2011-12-18,2011-12-12,2011-12-18,48,2,0,0.0,0.2871428571428571,23.974285714285717,82.28714285714285
South-West,2011-12-25,2011-12-19,2011-12-25,82,4,0,0.0,0.008571428571428572,24.461428571428574,82.61
South-West,2012-01-01,2011-12-26,2012-01-01,19,8,0,0.0,0.3771428571428571,24.712857142857143,81.68142857142857
South-West,2012-01-08,2012-01-02,2012-01-08,45,11,0,0.0,0.6257142857142857,24.414285714285715,77.53428571428572
South-West,2012-01-15,2012-01-09,2012-01-15,0,0,0,0.0,0.5885714285714286,25.077142857142857,75.21142857142857
South-West,2012-01-22,2012-01-16,2012-01-22,0,0,0,0.0,0.055714285714285716,25.040000000000003,80.5442857142857
South-West,2012-01-29,2012-01-23,2012-01-29,270,63,0,0.0,0.37714285714285717,25.43857142857143,81.58714285714287
South-West,2012-02-05,2012-01-30,2012-02-05,24,0,0,0.0,0.8357142857142856,25.641428571428573,79.31571428571428
South-West,2012-02-12,2012-02-06,2012-02-12,141,59,1,1.694915254237288,3.69,24.974285714285713,84.27142857142857
South-West,2012-02-19,2012-02-13,2012-02-19,0,0,0,0.0,5.812857142857142,24.92285714285714,84.43285714285715
South-West,2012-02-26,2012-02-20,2012-02-26,193,89,0,0.0,7.52857142857143,24.565714285714286,86.81857142857143
South-West,2012-03-04,2012-02-27,2012-03-04,62,25,0,0.0,1.5442857142857143,24.349999999999998,88.21714285714286
South-West,2012-03-11,2012-03-05,2012-03-11,48,7,0,0.0,0.8242857142857142,24.581428571428575,86.62714285714286
South-West,2012-03-18,2012-03-12,2012-03-18,0,0,0,0.0,0.8185714285714286,25.640000000000004,84.99857142857142
South-West,2012-03-25,2012-03-19,2012-03-25,28,10,0,0.0,0.8042857142857143,25.669999999999998,85.37714285714287
South-West,2012-04-01,2012-03-26,2012-04-01,135,0,0,0.0,11.021428571428572,25.384285714285713,87.14571428571428
South-West,2012-04-08,2012-04-02,2012-04-08,47,19,0,0.0,1.7071428571428573,24.782857142857143,90.23285714285714
South-West,2012-04-15,2012-04-09,2012-04-15,35,11,0,0.0,6.259999999999999,24.782857142857146,90.0842857142857
South-West,2012-04-22,2012-04-16,2012-04-22,5,2,0,0.0,13.769999999999998,24.271428571428576,91.48714285714284
South-West,2012-04-29,2012-04-23,2012-04-29,56,0,0,0.0,4.254285714285714,25.060000000000002,89.11857142857143
South-West,2012-05-06,2012-04-30,2012-05-06,92,7,0,0.0,1.558571428571429,24.634285714285713,90.38571428571429
South-West,2012-05-13,2012-05-07,2012-05-13,153,28,2,7.142857142857142,1.7914285714285714,24.11428571428571,90.01571428571428
South-West,2012-05-20,2012-05-14,2012-05-20,136,53,0,0.0,6.027142857142857,24.518571428571427,89.39428571428572
South-West,2012-05-27,2012-05-21,2012-05-27,74,42,0,0.0,2.9557142857142864,23.802857142857142,92.12714285714286
South-West,2012-06-03,2012-05-28,2012-06-03,782,280,6,2.142857142857143,8.007142857142858,24.22857142857143,90.36999999999999
South-West,2012-06-10,2012-06-04,2012-06-10,108,0,0,0.0,3.6485714285714286,24.14428571428571,90.01857142857143
South-West,2012-06-17,2012-06-11,2012-06-17,124,60,1,1.6666666666666667,11.764285714285714,24.232857142857142,90.26714285714286
South-West,2012-06-24,2012-06-18,2012-06-24,525,263,6,2.281368821292776,25.94857142857143,23.312857142857144,92.94857142857143
South-West,2012-07-01,2012-06-25,2012-07-01,0,0,0,0.0,44.370000000000005,22.927142857142858,93.39
South-West,2012-07-08,2012-07-02,2012-07-08,241,61,0,0.0,23.717142857142857,22.8,92.53285714285713
South-West,2012-07-15,2012-07-09,2012-07-15,276,172,4,2.3255813953488373,11.131428571428572,22.98428571428571,93.54571428571428
South-West,2012-07-22,2012-07-16,2012-07-22,115,13,0,0.0,11.671428571428573,22.781428571428567,93.97285714285714
South-West,2012-07-29,2012-07-23,2012-07-29,80,0,0,0.0,9.314285714285715,22.532857142857143,92.98857142857143
South-West,2012-08-05,2012-07-30,2012-08-05,486,281,7,2.491103202846975,20.707142857142856,22.652857142857147,93.81000000000002
South-West,2012-08-12,2012-08-06,2012-08-12,98,36,1,2.7777777777777777,11.58,22.698571428571427,93.23
South-West,2012-08-19,2012-08-13,2012-08-19,60,0,0,0.0,7.0042857142857144,22.314285714285713,92.31857142857143
South-West,2012-08-26,2012-08-20,2012-08-26,83,50,1,2.0,17.59714285714286,22.75142857142857,91.93142857142857
South-West,2012-09-02,2012-08-27,2012-09-02,215,88,2,2.272727272727273,28.81142857142857,22.814285714285717,93.88571428571429
South-West,2012-09-09,2012-09-03,2012-09-09,109,53,1,1.8867924528301887,14.852857142857143,22.697142857142858,91.88285714285715
South-West,2012-09-16,2012-09-10,2012-09-16,30,11,0,0.0,19.02857142857143,23.474285714285713,92.13428571428571
South-West,2012-09-23,2012-09-17,2012-09-23,23,0,0,0.0,10.854285714285714,23.3,91.61285714285715
South-West,2012-09-30,2012-09-24,2012-09-30,359,165,4,2.4242424242424243,14.324285714285713,23.458571428571428,92.13428571428572
South-West,2012-10-07,2012-10-01,2012-10-07,241,95,2,2.1052631578947367,18.048571428571428,23.407142857142855,92.58857142857143
South-West,2012-10-14,2012-10-08,2012-10-14,250,78,1,1.282051282051282,5.225714285714285,23.822857142857142,90.59857142857142
South-West,2012-10-21,2012-10-15,2012-10-21,373,164,4,2.4390243902439024,7.7442857142857155,23.509999999999998,93.18142857142858
South-West,2012-10-28,2012-10-22,2012-10-28,455,118,4,3.389830508474576,7.637142857142858,23.832857142857144,90.59
South-West,2012-11-04,2012-10-29,2012-11-04,344,224,2,0.8928571428571428,13.134285714285715,23.92142857142857,91.64428571428572
South-West,2012-11-11,2012-11-05,2012-11-11,148,99,4,4.040404040404041,11.29857142857143,23.419999999999998,92.40285714285713
South-West,2012-11-18,2012-11-12,2012-11-18,142,13,0,0.0,2.017142857142857,24.744285714285716,90.80999999999999
South-West,2012-11-25,2012-11-19,2012-11-25,75,33,0,0.0,4.124285714285714,24.17571428571429,91.86428571428573
South-West,2012-12-02,2012-11-26,2012-12-02,0,0,0,0.0,3.6257142857142854,24.698571428571427,88.74000000000001
South-West,2012-12-09,2012-12-03,2012-12-09,83,39,0,0.0,4.138571428571429,24.247142857142855,91.56285714285714
South-West,2012-12-16,2012-12-10,2012-12-16,63,13,0,0.0,0.24428571428571427,24.758571428571425,86.46428571428571
South-West,2012-12-23,2012-12-17,2012-12-23,45,0,0,0.0,0.07428571428571429,24.135714285714283,82.19857142857143
South-West,2012-12-30,2012-12-24,2012-12-30,0,0,0,0.0,1.0485714285714285,24.06142857142857,81.65142857142857
South-West,2013-01-06,2012-12-31,2013-01-06,22,10,0,0.0,0.26571428571428574,24.422857142857143,83.67428571428572
South-West,2013-01-13,2013-01-07,2013-01-13,23,7,0,0.0,0.05142857142857143,24.71857142857143,82.26428571428572
South-West,2013-01-20,2013-01-14,2013-01-20,14,6,0,0.0,0.42142857142857143,25.18428571428571,87.81428571428572
South-West,2013-01-27,2013-01-21,2013-01-27,213,78,2,2.564102564102564,0.9542857142857144,24.761428571428574,90.49571428571427
South-West,2013-02-03,2013-01-28,2013-02-03,41,10,0,0.0,1.4028571428571428,24.361428571428572,76.42285714285713
South-West,2013-02-10,2013-02-04,2013-02-10,169,57,1,1.7543859649122806,2.0,25.609999999999996,83.64142857142858
South-West,2013-02-17,2013-02-11,2013-02-17,101,46,3,6.521739130434782,2.047142857142857,24.68857142857143,89.35714285714286
South-West,2013-02-24,2013-02-18,2013-02-24,96,33,1,3.0303030303030303,1.552857142857143,25.142857142857142,86.80142857142857
South-West,2013-03-03,2013-02-25,2013-03-03,15,5,0,0.0,2.7899999999999996,25.45,87.37142857142858
South-West,2013-03-10,2013-03-04,2013-03-10,0,0,0,0.0,2.845714285714286,25.12,88.10142857142857
South-West,2013-03-17,2013-03-11,2013-03-17,186,58,0,0.0,8.927142857142856,24.857142857142858,88.29428571428572
South-West,2013-03-24,2013-03-18,2013-03-24,128,44,0,0.0,10.120000000000001,24.768571428571427,89.23428571428573
South-West,2013-03-31,2013-03-25,2013-03-31,22,11,0,0.0,3.3299999999999996,24.368571428571432,89.85428571428572
South-West,2013-04-07,2013-04-01,2013-04-07,331,38,0,0.0,7.664285714285714,24.720000000000002,89.41857142857144
South-West,2013-04-14,2013-04-08,2013-04-14,432,125,1,0.8,14.137142857142859,24.85,89.66428571428571
South-West,2013-04-21,2013-04-15,2013-04-21,206,65,2,3.076923076923077,7.785714285714286,24.5,89.52000000000001
South-West,2013-04-28,2013-04-22,2013-04-28,103,41,1,2.4390243902439024,4.558571428571429,24.677142857142854,90.59714285714287
South-West,2013-05-05,2013-04-29,2013-05-05,174,66,2,3.0303030303030303,1.9385714285714286,24.871428571428567,90.08
South-West,2013-05-12,2013-05-06,2013-05-12,39,13,0,0.0,5.887142857142857,24.16857142857143,91.86285714285714
South-West,2013-05-19,2013-05-13,2013-05-19,395,185,4,2.1621621621621623,7.507142857142858,24.934285714285718,91.39285714285714
South-West,2013-05-26,2013-05-20,2013-05-26,150,0,0,0.0,3.8114285714285714,24.965714285714284,90.9757142857143
South-West,2013-06-02,2013-05-27,2013-06-02,344,150,2,1.3333333333333337,17.527142857142856,23.982857142857142,91.82000000000001
South-West,2013-06-09,2013-06-03,2013-06-09,351,135,2,1.4814814814814816,9.587142857142856,23.837142857142855,91.95714285714287
South-West,2013-06-16,2013-06-10,2013-06-16,89,39,1,2.564102564102564,7.707142857142856,23.768571428571427,93.53571428571429
South-West,2013-06-23,2013-06-17,2013-06-23,162,15,0,0.0,11.107142857142858,23.322857142857142,94.34285714285714
South-West,2013-06-30,2013-06-24,2013-06-30,107,51,1,1.96078431372549,11.128571428571428,23.214285714285715,93.22999999999999
South-West,2013-07-07,2013-07-01,2013-07-07,0,0,0,0.0,26.534285714285716,22.37,94.90285714285713
South-West,2013-07-14,2013-07-08,2013-07-14,411,199,3,1.507537688442211,16.037142857142857,23.01142857142857,92.74285714285715
South-West,2013-07-21,2013-07-15,2013-07-21,84,33,0,0.0,3.7114285714285713,22.759999999999998,92.3957142857143
South-West,2013-07-28,2013-07-22,2013-07-28,169,93,2,2.1505376344086025,9.540000000000001,22.330000000000005,93.33714285714284
South-West,2013-08-04,2013-07-29,2013-08-04,320,114,1,0.8771929824561403,11.679999999999998,22.234285714285715,92.67142857142858
South-West,2013-08-11,2013-08-05,2013-08-11,261,55,1,1.818181818181818,11.082857142857142,22.310000000000002,93.50285714285715
South-West,2013-08-18,2013-08-12,2013-08-18,219,120,3,2.5,4.034285714285715,22.165714285714284,91.80428571428571
South-West,2013-08-25,2013-08-19,2013-08-25,180,29,0,0.0,10.312857142857142,22.82428571428571,92.36
South-West,2013-09-01,2013-08-26,2013-09-01,687,150,4,2.666666666666667,12.382857142857144,22.745714285714286,93.16571428571429
South-West,2013-09-08,2013-09-02,2013-09-08,61,19,0,0.0,17.052857142857146,23.021428571428576,92.74571428571429
South-West,2013-09-15,2013-09-09,2013-09-15,137,30,0,0.0,18.111428571428572,22.994285714285716,92.41857142857143
South-West,2013-09-22,2013-09-16,2013-09-22,328,171,3,1.7543859649122806,24.62714285714286,23.517142857142854,93.90428571428572
South-West,2013-09-29,2013-09-23,2013-09-29,687,325,7,2.1538461538461537,14.465714285714286,23.321428571428573,92.27142857142857
South-West,2013-10-06,2013-09-30,2013-10-06,0,0,0,0.0,14.271428571428572,23.308571428571423,92.98142857142855
South-West,2013-10-13,2013-10-07,2013-10-13,297,0,1,0.0,10.884285714285712,23.377142857142854,92.63714285714285
South-West,2013-10-20,2013-10-14,2013-10-20,229,117,3,2.564102564102564,12.367142857142856,23.898571428571426,91.42
South-West,2013-10-27,2013-10-21,2013-10-27,358,170,3,1.7647058823529411,12.968571428571428,23.610000000000003,90.67571428571429
South-West,2013-11-03,2013-10-28,2013-11-03,0,0,0,0.0,5.928571428571429,24.215714285714284,89.65857142857142
South-West,2013-11-10,2013-11-04,2013-11-10,164,55,1,1.818181818181818,7.640000000000001,24.14428571428571,90.24857142857142
South-West,2013-11-17,2013-11-11,2013-11-17,851,340,7,2.0588235294117645,21.818571428571428,23.851428571428574,92.08
South-West,2013-11-24,2013-11-18,2013-11-24,29,15,0,0.0,7.1571428571428575,23.68,93.41
South-West,2013-12-01,2013-11-25,2013-12-01,129,0,0,0.0,1.8142857142857143,24.648571428571426,89.4042857142857
South-West,2013-12-08,2013-12-02,2013-12-08,123,46,1,2.1739130434782608,5.281428571428572,23.872857142857146,91.95
South-West,2013-12-15,2013-12-09,2013-12-15,44,24,0,0.0,2.582857142857143,23.669999999999998,88.34285714285716
South-West,2013-12-22,2013-12-16,2013-12-22,143,55,0,0.0,0.04,23.968571428571433,77.03285714285714
South-West,2013-12-29,2013-12-23,2013-12-29,25,9,0,0.0,0.1942857142857143,25.12285714285714,84.90714285714286
South-West,2014-01-05,2013-12-30,2014-01-05,0,0,0,0.0,0.07714285714285715,24.665714285714284,82.12857142857142
South-West,2014-01-12,2014-01-06,2014-01-12,121,41,0,0.0,0.054285714285714284,24.494285714285716,79.70857142857143
South-West,2014-01-19,2014-01-13,2014-01-19,15,0,0,0.0,0.09000000000000001,24.74142857142857,85.13857142857144
South-West,2014-01-26,2014-01-20,2014-01-26,0,0,0,0.0,0.29000000000000004,24.884285714285713,88.55857142857143
South-West,2014-02-02,2014-01-27,2014-02-02,174,36,0,0.0,0.9185714285714285,24.560000000000002,89.33714285714288
South-West,2014-02-09,2014-02-03,2014-02-09,31,10,0,0.0,0.045714285714285714,25.332857142857144,82.50857142857141
South-West,2014-02-16,2014-02-10,2014-02-16,131,47,0,0.0,0.39,24.994285714285713,84.64285714285714
South-West,2014-02-23,2014-02-17,2014-02-23,51,12,0,0.0,0.07285714285714286,26.461428571428574,78.89142857142858
South-West,2014-03-02,2014-02-24,2014-03-02,264,94,0,0.0,10.877142857142857,24.767142857142858,88.12571428571428
South-West,2014-03-09,2014-03-03,2014-03-09,11,5,0,0.0,1.2857142857142858,24.85,87.76571428571428
South-West,2014-03-16,2014-03-10,2014-03-16,184,81,0,0.0,12.125714285714285,25.631428571428575,84.8157142857143
South-West,2014-03-23,2014-03-17,2014-03-23,65,18,0,0.0,2.7685714285714282,25.131428571428575,90.12714285714284
South-West,2014-03-30,2014-03-24,2014-03-30,108,13,0,0.0,2.682857142857143,24.131428571428575,90.89142857142856
South-West,2014-04-06,2014-03-31,2014-04-06,30,12,0,0.0,1.48,25.034285714285716,89.44571428571429
South-West,2014-04-13,2014-04-07,2014-04-13,9,0,0,0.0,0.33571428571428574,24.745714285714286,88.39571428571428
South-West,2014-04-20,2014-04-14,2014-04-20,77,36,1,2.7777777777777777,1.122857142857143,24.928571428571427,87.92285714285715
South-West,2014-04-27,2014-04-21,2014-04-27,260,111,1,0.9009009009009008,9.477142857142857,24.655714285714286,91.45857142857143
South-West,2014-05-04,2014-04-28,2014-05-04,148,0,1,0.0,8.921428571428573,24.79,89.79142857142857
South-West,2014-05-11,2014-05-05,2014-05-11,0,0,0,0.0,6.217142857142858,24.37428571428572,92.02142857142859
South-West,2014-05-18,2014-05-12,2014-05-18,0,0,0,0.0,5.741428571428571,24.632857142857144,89.48142857142857
South-West,2014-05-25,2014-05-19,2014-05-25,132,43,0,0.0,7.017142857142857,24.918571428571425,89.93714285714286
South-West,2014-06-01,2014-05-26,2014-06-01,72,9,0,0.0,6.2457142857142856,24.535714285714285,90.96428571428574
South-West,2014-06-08,2014-06-02,2014-06-08,60,40,1,2.5,3.6371428571428575,24.52857142857143,90.51571428571428
South-West,2014-06-15,2014-06-09,2014-06-15,179,75,2,2.666666666666667,5.2542857142857144,24.302857142857142,91.5
South-West,2014-06-22,2014-06-16,2014-06-22,368,5,0,0.0,5.528571428571428,24.345714285714287,91.46285714285715
South-West,2014-06-29,2014-06-23,2014-06-29,100,39,0,0.0,3.3685714285714283,23.84714285714286,90.64714285714285
South-West,2014-07-06,2014-06-30,2014-07-06,575,249,3,1.2048192771084338,17.03142857142857,23.744285714285716,91.92142857142858
South-West,2014-07-13,2014-07-07,2014-07-13,516,21,0,0.0,4.051428571428572,23.409999999999997,90.82142857142857
South-West,2014-07-20,2014-07-14,2014-07-20,166,82,2,2.4390243902439024,13.884285714285715,23.30857142857143,91.0657142857143
South-West,2014-07-27,2014-07-21,2014-07-27,94,0,0,0.0,7.158571428571428,22.75714285714286,91.4342857142857
South-West,2014-08-03,2014-07-28,2014-08-03,92,56,1,1.7857142857142856,4.1085714285714285,22.85571428571429,92.37571428571428
South-West,2014-08-10,2014-08-04,2014-08-10,281,95,2,2.1052631578947367,16.107142857142858,22.645714285714284,92.15857142857142
South-West,2014-08-17,2014-08-11,2014-08-17,123,73,1,1.36986301369863,18.602857142857143,22.745714285714282,92.46428571428571
South-West,2014-08-24,2014-08-18,2014-08-24,90,28,0,0.0,15.284285714285714,22.840000000000003,91.70714285714284
South-West,2014-08-31,2014-08-25,2014-08-31,87,42,1,2.380952380952381,15.027142857142858,23.08571428571429,93.58857142857143
South-West,2014-09-07,2014-09-01,2014-09-07,192,20,0,0.0,8.927142857142858,22.804285714285715,92.67285714285715
South-West,2014-09-14,2014-09-08,2014-09-14,92,38,0,0.0,14.520000000000001,23.381428571428575,92.39
South-West,2014-09-21,2014-09-15,2014-09-21,0,0,0,0.0,10.072857142857144,23.472857142857144,91.27285714285713
South-West,2014-09-28,2014-09-22,2014-09-28,94,17,0,0.0,15.467142857142859,23.02285714285714,91.69714285714285
South-West,2014-10-05,2014-09-29,2014-10-05,493,237,4,1.6877637130801686,7.7,23.315714285714282,89.72142857142856
South-West,2014-10-12,2014-10-06,2014-10-12,106,26,1,3.8461538461538463,7.55,23.865714285714287,91.98285714285714
South-West,2014-10-19,2014-10-13,2014-10-19,517,150,2,1.3333333333333337,5.26,23.610000000000003,92.97999999999999
South-West,2014-10-26,2014-10-20,2014-10-26,109,61,1,1.639344262295082,11.848571428571429,23.532857142857143,92.64571428571428
South-West,2014-11-02,2014-10-27,2014-11-02,0,0,0,0.0,9.035714285714285,23.72142857142857,92.9642857142857
South-West,2014-11-09,2014-11-03,2014-11-09,37,16,0,0.0,8.1,24.582857142857144,90.24857142857141
South-West,2014-11-16,2014-11-10,2014-11-16,60,0,0,0.0,0.25285714285714284,24.19714285714286,91.85714285714286
South-West,2014-11-23,2014-11-17,2014-11-23,34,12,0,0.0,3.9642857142857144,24.285714285714285,89.50428571428571
South-West,2014-11-30,2014-11-24,2014-11-30,126,15,0,0.0,0.09714285714285717,24.20714285714286,89.26857142857145
South-West,2014-12-07,2014-12-01,2014-12-07,72,39,0,0.0,0.5071428571428572,24.805714285714288,87.30142857142856
South-West,2014-12-14,2014-12-08,2014-12-14,0,0,0,0.0,0.10428571428571429,24.695714285714285,87.07857142857144
South-West,2014-12-21,2014-12-15,2014-12-21,70,31,0,0.0,0.014285714285714282,24.907142857142855,84.08285714285714
South-West,2014-12-28,2014-12-22,2014-12-28,85,7,0,0.0,0.011428571428571427,24.52714285714286,80.59
South-West,2015-01-04,2014-12-29,2015-01-04,64,36,1,2.7777777777777777,0.015714285714285715,24.490000000000002,81.72857142857143
South-West,2015-01-11,2015-01-05,2015-01-11,30,13,0,0.0,0.0,23.327142857142853,70.2
South-West,2015-01-18,2015-01-12,2015-01-18,44,18,0,0.0,0.018571428571428572,24.16571428571429,72.31142857142858
South-West,2015-01-25,2015-01-19,2015-01-25,6,0,0,0.0,0.9885714285714285,25.794285714285717,79.87285714285714
South-West,2015-02-01,2015-01-26,2015-02-01,33,18,0,0.0,0.1742857142857143,25.77142857142857,81.18857142857144
South-West,2015-02-08,2015-02-02,2015-02-08,108,6,0,0.0,2.8385714285714285,26.041428571428572,82.27571428571427
South-West,2015-02-15,2015-02-09,2015-02-15,64,26,0,0.0,1.157142857142857,25.44,83.88000000000001
South-West,2015-02-22,2015-02-16,2015-02-22,69,38,1,2.631578947368421,7.581428571428572,25.157142857142855,85.43571428571428
South-West,2015-03-01,2015-02-23,2015-03-01,324,108,2,1.851851851851852,1.2714285714285716,24.84857142857143,85.88571428571429
South-West,2015-03-08,2015-03-02,2015-03-08,160,38,1,2.631578947368421,0.5271428571428571,25.71428571428571,81.4
South-West,2015-03-15,2015-03-09,2015-03-15,0,0,0,0.0,1.1442857142857144,25.974285714285713,82.29857142857142
South-West,2015-03-22,2015-03-16,2015-03-22,50,22,0,0.0,3.255714285714286,25.172857142857143,88.58428571428571
South-West,2015-03-29,2015-03-23,2015-03-29,162,38,0,0.0,4.325714285714286,24.972857142857144,87.99714285714286
South-West,2015-04-05,2015-03-30,2015-04-05,67,24,0,0.0,3.3557142857142854,24.727142857142855,87.71285714285715
South-West,2015-04-12,2015-04-06,2015-04-12,105,57,1,1.7543859649122806,5.924285714285715,24.890000000000004,88.17999999999999
South-West,2015-04-19,2015-04-13,2015-04-19,264,102,4,3.92156862745098,4.611428571428571,25.310000000000002,87.74428571428572
South-West,2015-04-26,2015-04-20,2015-04-26,0,0,0,0.0,2.005714285714286,25.06714285714286,88.53142857142858
South-West,2015-05-03,2015-04-27,2015-05-03,0,0,0,0.0,3.8200000000000003,25.10571428571429,86.52
South-West,2015-05-10,2015-05-04,2015-05-10,142,0,0,0.0,5.931428571428571,24.807142857142853,88.9542857142857
South-West,2015-05-17,2015-05-11,2015-05-17,150,0,0,0.0,5.9628571428571435,25.411428571428576,86.93857142857142
South-West,2015-05-24,2015-05-18,2015-05-24,151,84,4,4.761904761904762,7.755714285714285,24.937142857142856,90.67428571428572
South-West,2015-05-31,2015-05-25,2015-05-31,105,36,1,2.7777777777777777,12.348571428571429,24.434285714285714,92.52000000000001
South-West,2015-06-07,2015-06-01,2015-06-07,0,0,0,0.0,35.26428571428571,23.779999999999998,94.07571428571428
South-West,2015-06-14,2015-06-08,2015-06-14,374,186,3,1.6129032258064515,10.105714285714285,23.95714285714286,91.93857142857142
South-West,2015-06-21,2015-06-15,2015-06-21,126,44,1,2.272727272727273,40.78142857142858,23.424285714285713,93.36
South-West,2015-06-28,2015-06-22,2015-06-28,206,72,1,1.3888888888888888,9.985714285714286,23.428571428571427,92.75428571428571
South-West,2015-07-05,2015-06-29,2015-07-05,124,57,1,1.7543859649122806,5.421428571428572,23.46428571428571,92.92857142857143
South-West,2015-07-12,2015-07-06,2015-07-12,104,61,1,1.639344262295082,11.394285714285713,24.25142857142857,91.66285714285712
South-West,2015-07-19,2015-07-13,2015-07-19,328,159,2,1.257861635220126,12.2,23.412857142857145,92.91714285714286
South-West,2015-07-26,2015-07-20,2015-07-26,304,156,2,1.282051282051282,32.28857142857143,22.82714285714286,93.83857142857141
South-West,2015-08-02,2015-07-27,2015-08-02,123,35,1,2.857142857142857,17.154285714285717,22.59,92.86
South-West,2015-08-09,2015-08-03,2015-08-09,168,60,0,0.0,9.372857142857143,23.117142857142856,93.49571428571429
South-West,2015-08-16,2015-08-10,2015-08-16,90,25,0,0.0,12.682857142857143,23.34714285714286,92.70142857142856
South-West,2015-08-23,2015-08-17,2015-08-23,659,342,6,1.7543859649122806,13.434285714285716,23.52857142857143,92.35000000000001
South-West,2015-08-30,2015-08-24,2015-08-30,319,0,0,0.0,21.18857142857143,23.141428571428573,93.72714285714285
South-West,2015-09-06,2015-08-31,2015-09-06,60,0,0,0.0,10.83,23.314285714285717,92.24285714285715
South-West,2015-09-13,2015-09-07,2015-09-13,116,28,0,0.0,9.92,23.524285714285718,92.48714285714287
South-West,2015-09-20,2015-09-14,2015-09-20,254,83,0,0.0,31.638571428571428,23.507142857142856,93.19714285714284
South-West,2015-09-27,2015-09-21,2015-09-27,121,48,1,2.083333333333333,16.345714285714287,23.97285714285714,91.35285714285715
South-West,2015-10-04,2015-09-28,2015-10-04,0,0,0,0.0,2.322857142857143,23.944285714285712,92.48285714285714
South-West,2015-10-11,2015-10-05,2015-10-11,336,103,3,2.912621359223301,5.680000000000001,23.562857142857144,91.60857142857142
South-West,2015-10-18,2015-10-12,2015-10-18,223,124,3,2.419354838709677,8.162857142857144,24.16142857142857,93.24428571428571
South-West,2015-10-25,2015-10-19,2015-10-25,182,64,0,0.0,25.527142857142852,23.774285714285718,94.49142857142856
South-West,2015-11-01,2015-10-26,2015-11-01,315,56,1,1.7857142857142856,37.888571428571424,23.849999999999998,93.79714285714284
South-West,2015-11-08,2015-11-02,2015-11-08,2,1,0,0.0,16.138571428571428,24.038571428571426,90.95
South-West,2015-11-15,2015-11-09,2015-11-15,187,60,0,0.0,5.728571428571429,24.764285714285712,89.77285714285713
South-West,2015-11-22,2015-11-16,2015-11-22,115,22,0,0.0,0.6342857142857142,24.77857142857143,87.98714285714287
South-West,2015-11-29,2015-11-23,2015-11-29,9,0,0,0.0,0.23714285714285713,25.04,87.34714285714286
South-West,2015-12-06,2015-11-30,2015-12-06,17,9,0,0.0,0.08714285714285716,24.624285714285715,81.25142857142859
South-West,2015-12-13,2015-12-07,2015-12-13,0,0,0,0.0,0.1242857142857143,24.50857142857143,78.74428571428572
South-West,2015-12-20,2015-12-14,2015-12-20,144,20,0,0.0,0.09428571428571428,24.169999999999998,82.58142857142856
South-West,2015-12-27,2015-12-21,2015-12-27,0,0,0,0.0,0.018571428571428572,24.224285714285713,78.53999999999999
South-West,2016-01-10,2016-01-04,2016-01-10,0,0,0,0.0,0.23857142857142857,25.655714285714286,80.8457142857143
South-West,2016-01-17,2016-01-11,2016-01-17,0,0,0,0.0,0.2871428571428571,26.228571428571428,75.71142857142857
South-West,2016-01-24,2016-01-18,2016-01-24,0,0,0,0.0,0.037142857142857144,26.427142857142854,73.14571428571428
South-West,2016-01-31,2016-01-25,2016-01-31,0,0,0,0.0,0.10857142857142857,25.92285714285714,62.28714285714286
South-West,2016-02-07,2016-02-01,2016-02-07,33,11,0,0.0,0.6428571428571429,26.778571428571432,70.48
South-West,2016-02-14,2016-02-08,2016-02-14,0,0,0,0.0,0.5028571428571429,26.534285714285716,69.91428571428571
South-West,2016-02-21,2016-02-15,2016-02-21,0,0,0,0.0,0.6071428571428571,28.00714285714286,72.46000000000001
South-West,2016-02-28,2016-02-22,2016-02-28,0,0,0,0.0,1.7014285714285713,27.747142857142855,77.12571428571427
South-West,2016-03-06,2016-02-29,2016-03-06,12,3,0,0.0,8.585714285714285,26.46,85.81714285714285
South-West,2016-03-13,2016-03-07,2016-03-13,167,92,2,2.1739130434782608,2.595714285714286,26.00142857142857,85.40714285714284
South-West,2016-03-20,2016-03-14,2016-03-20,183,64,1,1.5625,3.6142857142857143,25.977142857142862,85.77428571428572
South-West,2016-03-27,2016-03-21,2016-03-27,142,32,1,3.125,19.602857142857147,25.624285714285715,89.01571428571427
South-West,2016-04-03,2016-03-28,2016-04-03,225,104,1,0.9615384615384616,14.414285714285716,25.74857142857143,91.39857142857143
South-West,2016-04-10,2016-04-04,2016-04-10,194,39,0,0.0,3.6185714285714288,25.33142857142857,89.82428571428572
South-West,2016-04-17,2016-04-11,2016-04-17,248,89,1,1.1235955056179776,10.0,25.442857142857147,90.39285714285714
South-West,2016-04-24,2016-04-18,2016-04-24,199,89,1,1.1235955056179776,6.765714285714286,25.438571428571432,91.01571428571428
South-West,2016-05-01,2016-04-25,2016-05-01,154,48,0,0.0,2.437142857142857,25.34,91.51999999999998
South-West,2016-05-08,2016-05-02,2016-05-08,299,116,5,4.310344827586207,3.86,25.32,89.51285714285714
South-West,2016-05-15,2016-05-09,2016-05-15,77,0,0,0.0,13.357142857142858,25.26571428571429,91.2357142857143
South-West,2016-05-22,2016-05-16,2016-05-22,206,87,2,2.2988505747126435,14.165714285714287,24.69571428571428,92.29285714285716
South-West,2016-05-29,2016-05-23,2016-05-29,97,37,1,2.702702702702702,14.01,24.58857142857143,90.79571428571428
South-West,2016-06-05,2016-05-30,2016-06-05,105,39,0,0.0,7.518571428571429,24.99857142857143,89.17428571428572
South-West,2016-06-12,2016-06-06,2016-06-12,574,163,5,3.067484662576687,9.331428571428573,24.38428571428571,93.75142857142858
South-West,2016-06-19,2016-06-13,2016-06-19,286,136,1,0.7352941176470588,17.602857142857143,23.284285714285716,91.16285714285713
South-West,2016-06-26,2016-06-20,2016-06-26,61,18,0,0.0,38.744285714285716,23.444285714285716,92.35714285714286
South-West,2016-07-03,2016-06-27,2016-07-03,77,40,1,2.5,10.565714285714288,23.90285714285714,91.57000000000001
South-West,2016-07-10,2016-07-04,2016-07-10,371,236,9,3.8135593220338975,17.664285714285715,23.831428571428575,93.36285714285714
South-West,2016-07-17,2016-07-11,2016-07-17,338,167,1,0.5988023952095809,20.648571428571426,23.134285714285713,92.73142857142855
South-West,2016-07-24,2016-07-18,2016-07-24,509,56,1,1.7857142857142856,12.214285714285717,23.044285714285717,94.2642857142857
South-West,2016-07-31,2016-07-25,2016-07-31,636,146,3,2.054794520547945,17.361428571428572,22.944285714285712,92.47571428571428
South-West,2016-08-07,2016-08-01,2016-08-07,473,251,6,2.3904382470119523,44.24142857142857,22.942857142857147,94.15714285714284
South-West,2016-08-14,2016-08-08,2016-08-14,219,119,2,1.680672268907563,17.562857142857144,23.004285714285718,93.56714285714285
South-West,2016-08-21,2016-08-15,2016-08-21,522,240,6,2.5,20.478571428571428,23.10571428571429,93.88857142857144
South-West,2016-08-28,2016-08-22,2016-08-28,153,72,1,1.3888888888888888,14.27,23.267142857142858,91.72285714285715
South-West,2016-09-04,2016-08-29,2016-09-04,68,26,1,3.8461538461538463,12.125714285714286,23.302857142857142,92.12428571428573
South-West,2016-09-11,2016-09-05,2016-09-11,455,238,3,1.2605042016806722,24.987142857142857,23.524285714285718,93.31285714285714
South-West,2016-09-18,2016-09-12,2016-09-18,224,61,1,1.639344262295082,13.384285714285713,23.277142857142856,92.40142857142858
South-West,2016-09-25,2016-09-19,2016-09-25,340,169,4,2.366863905325444,11.725714285714288,23.448571428571427,92.36428571428573
South-West,2016-10-02,2016-09-26,2016-10-02,282,124,1,0.8064516129032258,6.0914285714285725,23.805714285714288,92.50999999999999
South-West,2016-10-09,2016-10-03,2016-10-09,308,128,3,2.34375,6.424285714285714,23.908571428571427,93.37142857142855
South-West,2016-10-16,2016-10-10,2016-10-16,2,1,0,0.0,9.428571428571429,24.240000000000002,90.91
South-West,2016-10-23,2016-10-17,2016-10-23,154,26,0,0.0,17.990000000000002,24.111428571428572,90.86571428571428
South-West,2016-10-30,2016-10-24,2016-10-30,214,70,1,1.4285714285714286,16.785714285714285,24.439999999999998,90.69571428571429
South-West,2016-11-06,2016-10-31,2016-11-06,210,96,0,0.0,7.48142857142857,23.94857142857143,91.20857142857143
South-West,2016-11-13,2016-11-07,2016-11-13,43,22,0,0.0,1.4871428571428573,24.552857142857142,89.05428571428571
South-West,2016-11-20,2016-11-14,2016-11-20,51,25,0,0.0,3.0771428571428574,25.00857142857143,89.19142857142857
South-West,2016-11-27,2016-11-21,2016-11-27,24,12,0,0.0,1.9471428571428575,25.074285714285715,90.07285714285715
South-West,2016-12-04,2016-11-28,2016-12-04,0,0,0,0.0,0.8271428571428572,24.69,89.58142857142857
South-West,2016-12-11,2016-12-05,2016-12-11,41,17,0,0.0,1.3314285714285714,24.25142857142857,89.40714285714286
South-West,2016-12-18,2016-12-12,2016-12-18,57,0,0,0.0,0.8,25.050000000000004,86.86285714285714
South-West,2016-12-25,2016-12-19,2016-12-25,32,12,0,0.0,0.8642857142857142,25.592857142857145,84.41
South-West,2017-01-01,2016-12-26,2017-01-01,48,24,0,0.0,3.02,24.83428571428572,80.14142857142858
South-West,2017-01-08,2017-01-02,2017-01-08,41,13,0,0.0,0.045714285714285714,24.887142857142862,84.63142857142859
South-West,2017-01-15,2017-01-09,2017-01-15,116,5,0,0.0,0.12714285714285714,24.622857142857146,84.55428571428571
South-West,2017-01-22,2017-01-16,2017-01-22,0,0,0,0.0,0.27714285714285714,25.028571428571432,89.29857142857142
South-West,2017-01-29,2017-01-23,2017-01-29,51,25,0,0.0,1.0885714285714285,24.505714285714284,90.62714285714286
South-West,2017-02-05,2017-01-30,2017-02-05,0,0,0,0.0,2.382857142857143,25.27,85.94857142857143
South-West,2017-02-12,2017-02-06,2017-02-12,0,0,0,0.0,0.6371428571428572,25.440000000000005,84.98
South-West,2017-02-19,2017-02-13,2017-02-19,24,0,0,0.0,0.35714285714285715,25.43285714285714,82.51142857142857
South-West,2017-02-26,2017-02-20,2017-02-26,59,27,1,3.7037037037037033,0.3157142857142857,26.194285714285712,80.3257142857143
South-West,2017-03-05,2017-02-27,2017-03-05,0,0,0,0.0,2.1857142857142855,26.201428571428572,82.87857142857142
South-West,2017-03-12,2017-03-06,2017-03-12,98,14,0,0.0,10.987142857142857,24.974285714285713,88.75428571428571
South-West,2017-03-19,2017-03-13,2017-03-19,101,36,0,0.0,10.095714285714285,25.322857142857146,88.25285714285712
South-West,2017-03-26,2017-03-20,2017-03-26,200,40,1,2.5,8.392857142857144,25.071428571428577,89.80142857142859
South-West,2017-04-02,2017-03-27,2017-04-02,116,59,1,1.694915254237288,6.844285714285715,25.33857142857143,89.35571428571428
South-West,2017-04-09,2017-04-03,2017-04-09,55,14,0,0.0,6.5914285714285725,25.234285714285715,87.60714285714286
South-West,2017-04-16,2017-04-10,2017-04-16,85,38,0,0.0,11.002857142857144,25.032857142857146,89.46285714285715
South-West,2017-04-23,2017-04-17,2017-04-23,142,39,0,0.0,13.971428571428573,25.240000000000002,90.16285714285716
South-West,2017-04-30,2017-04-24,2017-04-30,0,0,0,0.0,6.347142857142858,25.13285714285714,90.53
South-West,2017-05-07,2017-05-01,2017-05-07,0,0,0,0.0,3.4542857142857137,24.787142857142857,88.90857142857142
South-West,2017-05-14,2017-05-08,2017-05-14,88,21,0,0.0,6.8585714285714285,25.04857142857143,90.4457142857143
South-West,2017-05-21,2017-05-15,2017-05-21,221,88,2,2.272727272727273,11.714285714285714,25.132857142857144,88.28857142857143
South-West,2017-05-28,2017-05-22,2017-05-28,222,74,2,2.702702702702702,23.21,24.954285714285714,89.99285714285715
South-West,2017-06-04,2017-05-29,2017-06-04,0,0,0,0.0,12.068571428571428,24.802857142857142,91.28999999999999
South-West,2017-06-11,2017-06-05,2017-06-11,297,75,1,1.3333333333333337,9.968571428571428,25.367142857142856,91.02285714285713
South-West,2017-06-18,2017-06-12,2017-06-18,68,33,0,0.0,11.035714285714286,24.15285714285714,91.49428571428571
South-West,2017-06-25,2017-06-19,2017-06-25,173,87,3,3.4482758620689653,10.885714285714286,24.05857142857143,91.03857142857143
South-West,2017-07-02,2017-06-26,2017-07-02,94,26,1,3.8461538461538463,18.895714285714288,23.754285714285714,91.96571428571428
South-West,2017-07-09,2017-07-03,2017-07-09,207,112,2,1.7857142857142856,16.13285714285714,23.345714285714283,91.27857142857144
South-West,2017-07-16,2017-07-10,2017-07-16,516,136,4,2.941176470588235,16.84857142857143,23.15285714285714,92.36285714285714
South-West,2017-07-23,2017-07-17,2017-07-23,133,35,0,0.0,25.71857142857143,23.650000000000002,92.04285714285716
South-West,2017-07-30,2017-07-24,2017-07-30,762,163,4,2.4539877300613497,27.038571428571426,23.298571428571428,93.13714285714286
South-West,2017-08-06,2017-07-31,2017-08-06,126,54,0,0.0,12.204285714285716,22.92571428571429,93.57142857142857
South-West,2017-08-13,2017-08-07,2017-08-13,142,49,0,0.0,32.32714285714286,23.060000000000002,93.61428571428571
South-West,2017-08-20,2017-08-14,2017-08-20,601,296,3,1.0135135135135136,9.637142857142859,22.935714285714283,93.65571428571427
South-West,2017-08-27,2017-08-21,2017-08-27,225,85,3,3.5294117647058822,22.055714285714284,23.122857142857146,93.27285714285712
South-West,2017-09-03,2017-08-28,2017-09-03,84,56,1,1.7857142857142856,11.175714285714283,22.987142857142857,92.89
South-West,2017-09-10,2017-09-04,2017-09-10,507,235,6,2.553191489361702,14.731428571428571,23.38,92.64285714285712
South-West,2017-09-17,2017-09-11,2017-09-17,100,59,2,3.389830508474576,14.370000000000001,23.28,93.10714285714286
South-West,2017-09-24,2017-09-18,2017-09-24,637,358,7,1.9553072625698324,10.345714285714285,23.74142857142857,92.52285714285713
South-West,2017-10-01,2017-09-25,2017-10-01,0,0,0,0.0,7.267142857142856,23.82,91.63857142857141
South-West,2017-10-08,2017-10-02,2017-10-08,463,229,4,1.7467248908296942,19.467142857142854,24.131428571428568,92.13428571428572
South-West,2017-10-15,2017-10-09,2017-10-15,308,26,1,3.8461538461538463,7.314285714285716,23.821428571428573,91.72571428571429
South-West,2017-10-22,2017-10-16,2017-10-22,36,18,0,0.0,5.085714285714286,23.857142857142858,92.93571428571428
South-West,2017-10-29,2017-10-23,2017-10-29,63,0,0,0.0,9.092857142857143,24.078571428571426,90.46142857142857
South-West,2017-11-05,2017-10-30,2017-11-05,0,0,0,0.0,13.827142857142858,24.409999999999997,89.95142857142856
South-West,2017-11-12,2017-11-06,2017-11-12,0,0,0,0.0,7.732857142857142,23.918571428571425,90.19571428571427
South-West,2017-11-19,2017-11-13,2017-11-19,0,0,0,0.0,11.425714285714289,24.21,90.98714285714286
South-West,2017-11-26,2017-11-20,2017-11-26,74,40,1,2.5,7.042857142857144,24.159999999999997,90.02285714285713
South-West,2017-12-03,2017-11-27,2017-12-03,0,0,0,0.0,0.3628571428571428,24.67142857142857,86.16857142857143
South-West,2017-12-10,2017-12-04,2017-12-10,0,0,0,0.0,0.1457142857142857,24.715714285714284,85.64571428571428
South-West,2017-12-17,2017-12-11,2017-12-17,39,18,0,0.0,0.16285714285714287,24.981428571428573,84.41857142857144
South-West,2017-12-24,2017-12-18,2017-12-24,198,64,1,1.5625,0.2385714285714286,24.740000000000002,90.01142857142857
South-West,2017-12-31,2017-12-25,2017-12-31,37,14,0,0.0,0.002857142857142857,24.595714285714283,82.20428571428572
South-West,2018-08-26,2018-08-20,2018-08-26,57,16,0,0.0,11.777142857142858,23.045714285714286,92.33428571428571
South-West,2020-05-18,2019-11-11,2020-05-18,0,0,0,0.0,4.753315789473683,25.72310526315789,82.62452631578947
South-West,2020-09-20,2019-11-11,2020-09-20,39,26,1,3.8461538461538463,9.961333333333332,24.88130158730159,86.41257142857143
South-West,2019-12-07,2019-12-01,2019-12-07,120,0,0,0.0,1.897142857142857,24.98571428571429,86.98000000000002
South-West,2020-09-11,2020-09-11,2020-09-11,0,0,0,0.0,21.21,23.13,94.6
South-West,2020-09-23,2020-09-11,2020-09-23,47,0,0,0.0,20.23461538461538,23.182307692307692,92.61384615384614
South-West,2020-09-12,2020-09-12,2020-09-12,0,0,0,0.0,17.98,22.82,94.09
South-West,2020-09-13,2020-09-13,2020-09-13,0,0,0,0.0,19.89,23.01,92.88
South-West,2020-09-14,2020-09-14,2020-09-14,85,43,1,2.3255813953488373,17.76,22.97,92.86
South-West,2020-09-15,2020-09-15,2020-09-15,126,69,0,0.0,22.21,23.61,91.93
South-West,2020-09-17,2020-09-15,2020-09-17,74,42,0,0.0,20.189999999999998,23.59,92.08999999999999
South-West,2020-09-16,2020-09-16,2020-09-16,33,13,0,0.0,19.87,23.52,92.63
South-West,2020-09-18,2020-09-18,2020-09-18,0,0,0,0.0,79.83,23.26,95.07
South-West,2020-09-19,2020-09-19,2020-09-19,0,0,0,0.0,9.01,23.41,92.4
South-West,2020-09-21,2020-09-21,2020-09-21,0,0,0,0.0,1.56,22.93,91.07
South-West,2020-09-22,2020-09-22,2020-09-22,0,0,0,0.0,3.38,23.09,90.12
West,2010-01-10,2010-01-04,2010-01-10,0,0,0,0.0,2.0185714285714282,20.617142857142856,64.03
West,2010-01-17,2010-01-11,2010-01-17,51,22,0,0.0,0.47714285714285715,21.117142857142856,64.61571428571428
West,2010-01-24,2010-01-18,2010-01-24,6,0,0,0.0,0.2871428571428572,21.578571428571426,59.24428571428571
West,2010-01-31,2010-01-25,2010-01-31,0,0,0,0.0,0.8571428571428571,22.58428571428571,67.13428571428572
West,2010-02-07,2010-02-01,2010-02-07,79,26,0,0.0,1.648571428571429,22.240000000000002,62.875714285714295
West,2010-02-14,2010-02-08,2010-02-14,24,0,0,0.0,1.9957142857142856,22.02,68.10857142857142
West,2010-02-21,2010-02-15,2010-02-21,45,20,0,0.0,0.26285714285714284,22.857142857142858,76.36571428571428
West,2010-02-28,2010-02-22,2010-02-28,0,0,0,0.0,3.367142857142857,23.128571428571426,77.54142857142858
West,2010-03-07,2010-03-01,2010-03-07,10,5,0,0.0,0.88,22.965714285714284,70.71285714285715
West,2010-03-14,2010-03-08,2010-03-14,71,31,1,3.225806451612903,6.215714285714285,22.681428571428576,81.93142857142857
West,2010-03-21,2010-03-15,2010-03-21,148,47,1,2.127659574468085,5.055714285714286,21.978571428571428,81.79
West,2010-03-28,2010-03-22,2010-03-28,45,28,0,0.0,2.157142857142857,22.027142857142856,67.26
West,2010-04-04,2010-03-29,2010-04-04,74,22,0,0.0,1.202857142857143,22.68,77.17999999999999
West,2010-04-11,2010-04-05,2010-04-11,183,43,0,0.0,4.648571428571429,22.365714285714287,81.44428571428571
West,2010-04-18,2010-04-12,2010-04-18,83,17,0,0.0,6.434285714285713,22.981428571428573,82.02857142857144
West,2010-04-25,2010-04-19,2010-04-25,180,47,1,2.127659574468085,7.737142857142857,22.237142857142857,85.87285714285714
West,2010-05-02,2010-04-26,2010-05-02,0,0,0,0.0,5.4,21.972857142857144,84.96714285714287
West,2010-05-09,2010-05-03,2010-05-09,54,34,1,2.941176470588235,5.451428571428571,22.147142857142857,85.30142857142857
West,2010-05-16,2010-05-10,2010-05-16,90,33,0,0.0,5.032857142857144,22.058571428571433,86.5
West,2010-05-23,2010-05-17,2010-05-23,39,0,0,0.0,5.742857142857142,21.97714285714286,85.21000000000001
West,2010-05-30,2010-05-24,2010-05-30,158,76,2,2.631578947368421,2.9899999999999998,22.12285714285714,85.70857142857143
West,2010-06-06,2010-05-31,2010-06-06,0,0,0,0.0,7.107142857142857,21.134285714285713,87.99571428571429
West,2010-06-13,2010-06-07,2010-06-13,19,0,0,0.0,1.8214285714285712,21.657142857142862,83.60714285714286
West,2010-06-20,2010-06-14,2010-06-20,315,100,3,3.0,7.077142857142857,21.38428571428571,85.28857142857143
West,2010-06-27,2010-06-21,2010-06-27,256,105,1,0.9523809523809524,12.682857142857145,20.864285714285717,85.41857142857144
West,2010-07-04,2010-06-28,2010-07-04,62,34,1,2.941176470588235,8.445714285714285,20.71142857142857,87.21714285714286
West,2010-07-11,2010-07-05,2010-07-11,214,63,2,3.1746031746031744,9.290000000000001,20.205714285714286,88.94428571428571
West,2010-07-18,2010-07-12,2010-07-18,185,43,1,2.3255813953488373,5.61,20.59,86.21142857142856
West,2010-07-25,2010-07-19,2010-07-25,94,52,0,0.0,12.855714285714287,19.505714285714284,89.32285714285715
West,2010-08-01,2010-07-26,2010-08-01,59,22,0,0.0,3.602857142857143,20.271428571428572,88.99285714285712
West,2010-08-08,2010-08-02,2010-08-08,288,111,2,1.8018018018018016,7.852857142857142,20.801428571428573,88.61428571428573
West,2010-08-15,2010-08-09,2010-08-15,0,0,0,0.0,9.469999999999999,19.84142857142857,87.37142857142858
West,2010-08-22,2010-08-16,2010-08-22,70,43,1,2.3255813953488373,14.129999999999999,20.312857142857144,88.64714285714285
West,2010-08-29,2010-08-23,2010-08-29,0,0,0,0.0,7.194285714285715,20.541428571428575,88.51714285714287
West,2010-09-05,2010-08-30,2010-09-05,256,61,1,1.639344262295082,5.859999999999999,20.46,89.11857142857141
West,2010-09-12,2010-09-06,2010-09-12,55,0,0,0.0,6.167142857142857,19.71,89.53285714285714
West,2010-09-19,2010-09-13,2010-09-19,0,0,0,0.0,4.178571428571429,20.427142857142858,86.24428571428572
West,2010-09-26,2010-09-20,2010-09-26,60,32,0,0.0,13.681428571428572,20.042857142857144,89.30142857142859
West,2010-10-03,2010-09-27,2010-10-03,162,0,0,0.0,5.534285714285715,20.361428571428572,88.56142857142856
West,2010-10-10,2010-10-04,2010-10-10,62,0,0,0.0,6.33,20.857142857142858,85.22857142857143
West,2010-10-17,2010-10-11,2010-10-17,106,49,0,0.0,8.668571428571429,20.334285714285716,87.36571428571428
West,2010-10-24,2010-10-18,2010-10-24,579,127,4,3.149606299212598,10.702857142857143,20.10857142857143,89.75571428571428
West,2010-10-31,2010-10-25,2010-10-31,263,99,1,1.0101010101010102,7.955714285714286,20.37857142857143,89.26857142857143
West,2010-11-07,2010-11-01,2010-11-07,121,61,0,0.0,5.07,20.035714285714285,88.83142857142857
West,2010-11-14,2010-11-08,2010-11-14,156,26,1,3.8461538461538463,2.5171428571428573,20.71142857142857,84.18428571428572
West,2010-11-21,2010-11-15,2010-11-21,264,137,3,2.18978102189781,1.3914285714285717,20.417142857142856,84.58285714285715
West,2010-11-28,2010-11-22,2010-11-28,56,33,1,3.0303030303030303,1.1742857142857144,20.502857142857142,84.18571428571428
West,2010-12-05,2010-11-29,2010-12-05,21,9,0,0.0,1.2128571428571426,20.694285714285716,75.87
West,2010-12-12,2010-12-06,2010-12-12,0,0,0,0.0,0.07571428571428572,19.957142857142856,67.87857142857142
West,2010-12-19,2010-12-13,2010-12-19,0,0,0,0.0,0.04428571428571428,20.062857142857144,72.01428571428572
West,2010-12-26,2010-12-20,2010-12-26,75,17,1,5.88235294117647,0.66,20.04,68.38142857142857
West,2011-01-02,2010-12-27,2011-01-02,0,0,0,0.0,0.002857142857142857,19.95,66.41285714285715
West,2011-01-09,2011-01-03,2011-01-09,0,0,0,0.0,0.09142857142857143,19.83142857142857,68.9042857142857
West,2011-01-16,2011-01-10,2011-01-16,0,0,0,0.0,0.0071428571428571435,19.332857142857144,62.258571428571436
West,2011-01-23,2011-01-17,2011-01-23,57,22,0,0.0,0.04714285714285715,20.139999999999997,64.02
West,2011-01-30,2011-01-24,2011-01-30,43,17,1,5.88235294117647,0.0014285714285714286,21.28142857142857,58.00857142857142
West,2011-02-06,2011-01-31,2011-02-06,9,5,0,0.0,0.2885714285714286,21.602857142857147,73.55571428571429
West,2011-02-13,2011-02-07,2011-02-13,54,9,0,0.0,0.08571428571428572,21.762857142857143,68.11714285714285
West,2011-02-20,2011-02-14,2011-02-20,38,8,0,0.0,1.647142857142857,21.60571428571429,78.01857142857143
West,2011-02-27,2011-02-21,2011-02-27,79,15,0,0.0,2.478571428571429,21.275714285714287,77.32571428571428
West,2011-03-06,2011-02-28,2011-03-06,240,39,1,2.564102564102564,2.087142857142857,22.06857142857143,78.68142857142858
West,2011-03-13,2011-03-07,2011-03-13,168,56,1,1.7857142857142856,0.2371428571428571,22.197142857142858,73.43571428571428
West,2011-03-20,2011-03-14,2011-03-20,189,35,1,2.857142857142857,0.5385714285714285,22.318571428571428,71.13428571428571
West,2011-03-27,2011-03-21,2011-03-27,243,46,0,0.0,3.655714285714286,21.550000000000004,82.35142857142856
West,2011-04-03,2011-03-28,2011-04-03,195,90,1,1.1111111111111112,1.6942857142857142,21.777142857142856,79.73
West,2011-04-10,2011-04-04,2011-04-10,109,25,0,0.0,3.7514285714285713,21.830000000000002,77.6542857142857
West,2011-04-17,2011-04-11,2011-04-17,230,69,1,1.4492753623188406,3.7371428571428567,22.094285714285718,81.43285714285715
West,2011-04-24,2011-04-18,2011-04-24,157,31,1,3.225806451612903,4.637142857142856,21.975714285714282,85.76
West,2011-05-01,2011-04-25,2011-05-01,603,298,5,1.6778523489932886,3.1171428571428565,21.648571428571422,85.13571428571429
West,2011-05-08,2011-05-02,2011-05-08,288,71,3,4.225352112676056,5.021428571428571,22.030000000000005,85.85000000000001
West,2011-05-15,2011-05-09,2011-05-15,304,120,4,3.333333333333333,4.432857142857143,21.829999999999995,85.79714285714286
West,2011-05-22,2011-05-16,2011-05-22,377,88,5,5.681818181818182,5.538571428571429,21.662857142857142,88.0442857142857
West,2011-05-29,2011-05-23,2011-05-29,441,65,3,4.615384615384616,5.528571428571429,20.84857142857143,87.92857142857143
West,2011-06-05,2011-05-30,2011-06-05,312,146,2,1.36986301369863,7.131428571428572,21.44142857142857,87.64857142857143
West,2011-06-12,2011-06-06,2011-06-12,211,26,0,0.0,2.628571428571429,21.25714285714286,84.91285714285713
West,2011-06-19,2011-06-13,2011-06-19,354,54,1,1.851851851851852,7.557142857142857,21.534285714285716,85.54857142857142
West,2011-06-26,2011-06-20,2011-06-26,343,20,2,10.0,6.038571428571429,20.555714285714288,87.35285714285715
West,2011-07-03,2011-06-27,2011-07-03,395,188,3,1.5957446808510638,5.522857142857143,20.591428571428573,86.84857142857143
West,2011-07-10,2011-07-04,2011-07-10,191,64,3,4.6875,7.112857142857143,20.72714285714286,86.32571428571428
West,2011-07-17,2011-07-11,2011-07-17,411,49,1,2.0408163265306123,6.132857142857142,20.07,86.30999999999999
West,2011-07-24,2011-07-18,2011-07-24,714,360,7,1.9444444444444444,9.290000000000001,20.77857142857143,85.28571428571429
West,2011-07-31,2011-07-25,2011-07-31,309,27,1,3.7037037037037033,6.214285714285714,20.352857142857143,86.78
West,2011-08-07,2011-08-01,2011-08-07,410,83,2,2.409638554216868,13.065714285714284,20.33142857142857,88.36571428571428
West,2011-08-14,2011-08-08,2011-08-14,379,124,1,0.8064516129032258,15.904285714285717,19.464285714285715,89.52428571428571
West,2011-08-21,2011-08-15,2011-08-21,131,1,0,0.0,10.021428571428572,19.595714285714283,89.1542857142857
West,2011-08-28,2011-08-22,2011-08-28,192,62,1,1.6129032258064515,11.858571428571427,20.215714285714288,87.32000000000001
West,2011-09-04,2011-08-29,2011-09-04,127,10,0,0.0,14.465714285714284,19.81714285714286,88.09714285714287
West,2011-09-11,2011-09-05,2011-09-11,78,14,0,0.0,12.000000000000002,19.962857142857143,90.52428571428571
West,2011-09-18,2011-09-12,2011-09-18,208,72,2,2.7777777777777777,19.68,19.558571428571433,90.82714285714285
West,2011-09-25,2011-09-19,2011-09-25,162,28,2,7.142857142857142,6.081428571428572,20.345714285714283,86.16428571428571
West,2011-10-02,2011-09-26,2011-10-02,266,82,2,2.4390243902439024,8.368571428571428,20.001428571428573,88.66285714285713
West,2011-10-09,2011-10-03,2011-10-09,179,66,1,1.5151515151515151,6.237142857142857,20.702857142857145,88.02285714285713
West,2011-10-16,2011-10-10,2011-10-16,152,66,0,0.0,11.284285714285714,20.09857142857143,89.99571428571429
West,2011-10-23,2011-10-17,2011-10-23,279,174,3,1.7241379310344829,9.082857142857144,20.16,90.08857142857143
West,2011-10-30,2011-10-24,2011-10-30,227,99,3,3.0303030303030303,6.158571428571428,19.914285714285715,88.39
West,2011-11-06,2011-10-31,2011-11-06,160,50,0,0.0,1.365714285714286,20.33285714285714,87.25
West,2011-11-13,2011-11-07,2011-11-13,45,14,0,0.0,0.527142857142857,20.705714285714286,82.86571428571428
West,2011-11-20,2011-11-14,2011-11-20,93,11,1,9.090909090909092,0.021428571428571432,20.48857142857143,82.12285714285716
West,2011-11-27,2011-11-21,2011-11-27,66,5,0,0.0,0.29571428571428576,19.907142857142855,77.36571428571429
West,2011-12-04,2011-11-28,2011-12-04,52,20,0,0.0,0.018571428571428572,18.315714285714282,64.48
West,2011-12-18,2011-12-12,2011-12-18,60,21,0,0.0,0.07857142857142858,19.140000000000004,63.71
West,2011-12-25,2011-12-19,2011-12-25,17,5,0,0.0,0.028571428571428574,19.74285714285714,64.76285714285714
West,2012-01-01,2011-12-26,2012-01-01,29,0,0,0.0,0.008571428571428572,20.374285714285712,65.34
West,2012-01-08,2012-01-02,2012-01-08,0,0,0,0.0,0.04428571428571428,19.845714285714283,59.199999999999996
West,2012-01-15,2012-01-09,2012-01-15,0,0,0,0.0,0.17285714285714285,20.12142857142857,60.71714285714285
West,2012-01-22,2012-01-16,2012-01-22,0,0,0,0.0,0.018571428571428572,20.374285714285715,64.76
West,2012-01-29,2012-01-23,2012-01-29,35,11,0,0.0,0.002857142857142857,21.054285714285715,65.80999999999999
West,2012-02-05,2012-01-30,2012-02-05,13,5,0,0.0,0.1285714285714286,21.341428571428573,67.02428571428571
West,2012-02-12,2012-02-06,2012-02-12,46,18,0,0.0,0.49571428571428566,21.485714285714288,68.57714285714286
West,2012-02-19,2012-02-13,2012-02-19,18,0,0,0.0,1.3042857142857145,21.82571428571428,77.26714285714286
West,2012-02-26,2012-02-20,2012-02-26,0,0,0,0.0,3.422857142857143,21.669999999999998,77.31714285714285
West,2012-03-04,2012-02-27,2012-03-04,55,15,0,0.0,0.13428571428571429,21.545714285714286,78.21571428571428
West,2012-03-11,2012-03-05,2012-03-11,76,17,0,0.0,0.22,21.75714285714286,75.10142857142857
West,2012-03-18,2012-03-12,2012-03-18,183,63,1,1.5873015873015872,0.7385714285714285,22.321428571428573,70.46571428571428
West,2012-03-25,2012-03-19,2012-03-25,26,6,0,0.0,0.04142857142857143,21.944285714285712,64.49571428571429
West,2012-04-01,2012-03-26,2012-04-01,0,0,0,0.0,2.9900000000000007,22.215714285714284,75.27285714285713
West,2012-04-08,2012-04-02,2012-04-08,132,65,1,1.5384615384615383,3.801428571428571,22.34857142857143,83.44714285714288
West,2012-04-15,2012-04-09,2012-04-15,77,32,0,0.0,7.674285714285714,22.224285714285713,84.33571428571427
West,2012-04-22,2012-04-16,2012-04-22,39,9,0,0.0,9.062857142857144,21.564285714285713,85.77428571428572
West,2012-04-29,2012-04-23,2012-04-29,20,9,0,0.0,3.0042857142857144,22.16142857142857,82.60714285714286
West,2012-05-06,2012-04-30,2012-05-06,224,106,1,0.9433962264150944,3.7657142857142856,21.92428571428571,85.21000000000001
West,2012-05-13,2012-05-07,2012-05-13,108,45,1,2.2222222222222223,5.1571428571428575,21.107142857142858,85.25714285714287
West,2012-05-20,2012-05-14,2012-05-20,69,14,0,0.0,4.717142857142856,21.181428571428572,85.32142857142857
West,2012-05-27,2012-05-21,2012-05-27,0,0,0,0.0,4.297142857142857,21.054285714285715,85.96857142857142
West,2012-06-03,2012-05-28,2012-06-03,0,0,0,0.0,7.121428571428572,20.655714285714286,86.55428571428573
West,2012-06-10,2012-06-04,2012-06-10,113,31,1,3.225806451612903,5.222857142857142,21.06142857142857,84.4542857142857
West,2012-06-17,2012-06-11,2012-06-17,61,36,1,2.7777777777777777,7.078571428571428,20.782857142857143,85.4057142857143
West,2012-06-24,2012-06-18,2012-06-24,404,134,3,2.238805970149253,11.23857142857143,20.494285714285716,86.42571428571429
West,2012-07-01,2012-06-25,2012-07-01,51,27,0,0.0,15.642857142857144,19.861428571428572,87.58571428571427
West,2012-07-08,2012-07-02,2012-07-08,55,36,0,0.0,9.552857142857144,19.431428571428572,89.71857142857142
West,2012-07-15,2012-07-09,2012-07-15,0,0,0,0.0,8.667142857142858,19.964285714285715,89.01571428571428
West,2012-07-22,2012-07-16,2012-07-22,155,0,0,0.0,4.8028571428571425,20.25428571428571,87.69142857142856
West,2012-07-29,2012-07-23,2012-07-29,56,30,0,0.0,2.472857142857143,19.844285714285714,88.59
West,2012-08-05,2012-07-30,2012-08-05,403,219,5,2.28310502283105,10.874285714285714,19.96142857142857,89.88285714285715
West,2012-08-12,2012-08-06,2012-08-12,225,109,3,2.752293577981652,7.852857142857144,19.622857142857146,89.71285714285715
West,2012-08-19,2012-08-13,2012-08-19,170,94,4,4.25531914893617,11.371428571428572,19.934285714285714,89.22571428571428
West,2012-08-26,2012-08-20,2012-08-26,187,42,1,2.380952380952381,11.83,19.634285714285713,87.16571428571429
West,2012-09-02,2012-08-27,2012-09-02,110,50,0,0.0,16.5,19.810000000000002,90.70142857142856
West,2012-09-09,2012-09-03,2012-09-09,146,57,1,1.7543859649122806,14.18142857142857,19.610000000000003,89.38142857142859
West,2012-09-16,2012-09-10,2012-09-16,121,78,1,1.282051282051282,13.459999999999999,19.814285714285717,90.05857142857143
West,2012-09-23,2012-09-17,2012-09-23,203,48,1,2.083333333333333,8.502857142857144,20.220000000000002,87.75857142857141
West,2012-09-30,2012-09-24,2012-09-30,212,58,1,1.7241379310344829,9.415714285714285,20.017142857142858,88.44285714285716
West,2012-10-07,2012-10-01,2012-10-07,48,13,0,0.0,17.91,20.21,89.13714285714286
West,2012-10-14,2012-10-08,2012-10-14,272,96,2,2.083333333333333,6.972857142857143,20.344285714285714,87.89857142857143
West,2012-10-21,2012-10-15,2012-10-21,103,41,0,0.0,8.895714285714286,20.194285714285716,90.39142857142858
West,2012-10-28,2012-10-22,2012-10-28,42,0,1,0.0,5.941428571428572,20.085714285714285,88.91857142857144
West,2012-11-04,2012-10-29,2012-11-04,221,126,2,1.5873015873015872,5.361428571428571,20.724285714285713,84.91142857142859
West,2012-11-11,2012-11-05,2012-11-11,154,18,1,5.555555555555555,8.56,19.948571428571427,88.93571428571428
West,2012-11-18,2012-11-12,2012-11-18,9,0,0,0.0,0.6242857142857143,20.52857142857143,86.21714285714286
West,2012-11-25,2012-11-19,2012-11-25,0,0,0,0.0,1.3171428571428572,21.002857142857142,83.86428571428571
West,2012-12-02,2012-11-26,2012-12-02,70,16,1,6.25,0.52,20.742857142857144,81.85857142857142
West,2012-12-09,2012-12-03,2012-12-09,36,9,0,0.0,0.5985714285714285,21.035714285714285,79.34714285714287
West,2012-12-16,2012-12-10,2012-12-16,60,8,0,0.0,0.06142857142857143,20.457142857142856,70.41
West,2012-12-23,2012-12-17,2012-12-23,21,8,0,0.0,0.0014285714285714286,19.830000000000002,70.45714285714287
West,2012-12-30,2012-12-24,2012-12-30,0,0,0,0.0,0.10714285714285714,19.455714285714286,69.09714285714286
West,2013-01-06,2012-12-31,2013-01-06,0,0,0,0.0,0.3114285714285714,20.534285714285716,65.3442857142857
West,2013-01-13,2013-01-07,2013-01-13,0,0,0,0.0,0.14285714285714285,20.232857142857142,64.96142857142857
West,2013-01-20,2013-01-14,2013-01-20,31,0,0,0.0,0.06857142857142857,21.807142857142853,69.8742857142857
West,2013-01-27,2013-01-21,2013-01-27,22,0,0,0.0,0.6657142857142857,22.528571428571432,76.30714285714286
West,2013-02-03,2013-01-28,2013-02-03,37,21,0,0.0,0.5885714285714286,20.744285714285713,65.64714285714287
West,2013-02-10,2013-02-04,2013-02-10,0,0,0,0.0,0.04857142857142858,21.904285714285717,64.22571428571429
West,2013-02-17,2013-02-11,2013-02-17,13,6,0,0.0,0.08571428571428573,22.205714285714286,74.47
West,2013-02-24,2013-02-18,2013-02-24,26,0,0,0.0,0.17857142857142855,22.46142857142857,71.61
West,2013-03-03,2013-02-25,2013-03-03,111,32,1,3.125,1.441428571428571,23.029999999999998,77.73428571428572
West,2013-03-10,2013-03-04,2013-03-10,30,10,0,0.0,3.1342857142857143,22.595714285714287,81.83142857142857
West,2013-03-17,2013-03-11,2013-03-17,85,41,1,2.4390243902439024,7.911428571428572,21.84714285714286,81.51857142857143
West,2013-03-24,2013-03-18,2013-03-24,0,0,0,0.0,2.41,21.93,82.89571428571428
West,2013-03-31,2013-03-25,2013-03-31,12,3,0,0.0,3.5214285714285714,21.24142857142857,83.98714285714287
West,2013-04-07,2013-04-01,2013-04-07,49,14,0,0.0,2.7899999999999996,21.992857142857144,81.79285714285713
West,2013-04-14,2013-04-08,2013-04-14,0,0,0,0.0,5.808571428571429,21.889999999999997,83.42714285714285
West,2013-04-21,2013-04-15,2013-04-21,59,0,0,0.0,3.41,21.61285714285714,83.6857142857143
West,2013-04-28,2013-04-22,2013-04-28,0,0,0,0.0,6.064285714285715,21.165714285714284,85.31428571428572
West,2013-05-05,2013-04-29,2013-05-05,170,56,0,0.0,3.982857142857143,21.608571428571427,84.69571428571429
West,2013-05-12,2013-05-06,2013-05-12,361,39,1,2.564102564102564,3.6942857142857144,21.428571428571427,84.98571428571428
West,2013-05-19,2013-05-13,2013-05-19,253,75,1,1.3333333333333337,5.351428571428571,21.32857142857143,86.30285714285715
West,2013-05-26,2013-05-20,2013-05-26,64,34,1,2.941176470588235,4.718571428571429,21.642857142857146,84.66285714285712
West,2013-06-02,2013-05-27,2013-06-02,126,86,2,2.3255813953488373,6.7957142857142845,21.202857142857145,84.09857142857143
West,2013-06-09,2013-06-03,2013-06-09,0,0,0,0.0,5.692857142857142,20.92285714285714,85.41142857142857
West,2013-06-16,2013-06-10,2013-06-16,88,18,0,0.0,4.02,21.33857142857143,82.9057142857143
West,2013-06-23,2013-06-17,2013-06-23,57,32,1,3.125,3.711428571428572,21.154285714285713,87.06571428571428
West,2013-06-30,2013-06-24,2013-06-30,149,30,1,3.333333333333333,7.637142857142856,20.322857142857142,87.59714285714287
West,2013-07-07,2013-07-01,2013-07-07,149,26,1,3.8461538461538463,11.415714285714285,19.770000000000003,90.02857142857142
West,2013-07-14,2013-07-08,2013-07-14,185,0,0,0.0,7.355714285714287,20.115714285714287,84.73142857142857
West,2013-07-21,2013-07-15,2013-07-21,0,0,0,0.0,4.928571428571429,20.217142857142857,87.12428571428572
West,2013-07-28,2013-07-22,2013-07-28,175,56,1,1.7857142857142856,4.1814285714285715,20.060000000000002,88.43285714285715
West,2013-08-04,2013-07-29,2013-08-04,172,109,2,1.834862385321101,5.932857142857143,19.464285714285715,88.67428571428572
West,2013-08-11,2013-08-05,2013-08-11,93,0,0,0.0,6.35,19.66428571428571,90.67428571428572
West,2013-08-18,2013-08-12,2013-08-18,101,23,0,0.0,3.9499999999999997,20.34,86.73
West,2013-08-25,2013-08-19,2013-08-25,99,32,2,6.25,10.975714285714286,19.93142857142857,87.30428571428571
West,2013-09-01,2013-08-26,2013-09-01,310,86,3,3.488372093023256,9.319999999999999,19.918571428571425,88.83285714285715
West,2013-09-08,2013-09-02,2013-09-08,0,0,0,0.0,8.151428571428571,19.884285714285713,87.73714285714287
West,2013-09-15,2013-09-09,2013-09-15,188,36,0,0.0,8.277142857142858,20.134285714285713,86.43857142857144
West,2013-09-22,2013-09-16,2013-09-22,38,0,0,0.0,8.727142857142857,20.992857142857144,85.2757142857143
West,2013-09-29,2013-09-23,2013-09-29,169,77,3,3.896103896103896,7.961428571428572,20.112857142857145,87.05857142857143
West,2013-10-06,2013-09-30,2013-10-06,0,0,0,0.0,8.817142857142857,19.798571428571424,88.45571428571428
West,2013-10-13,2013-10-07,2013-10-13,43,7,0,0.0,6.941428571428572,19.798571428571428,88.87285714285714
West,2013-10-20,2013-10-14,2013-10-20,378,163,1,0.6134969325153374,7.2700000000000005,20.15857142857143,87.54285714285713
West,2013-10-27,2013-10-21,2013-10-27,96,0,0,0.0,7.087142857142857,19.664285714285715,87.88142857142859
West,2013-11-03,2013-10-28,2013-11-03,47,22,0,0.0,2.597142857142857,20.470000000000002,84.96000000000001
West,2013-11-10,2013-11-04,2013-11-10,0,0,0,0.0,2.5442857142857145,20.36428571428571,81.05428571428571
West,2013-11-17,2013-11-11,2013-11-17,0,0,0,0.0,8.415714285714285,19.990000000000002,87.55571428571429
West,2013-11-24,2013-11-18,2013-11-24,68,24,0,0.0,2.2828571428571425,20.51142857142857,87.31285714285714
West,2013-12-01,2013-11-25,2013-12-01,1,1,0,0.0,0.13857142857142857,20.830000000000002,82.37
West,2013-12-08,2013-12-02,2013-12-08,51,26,1,3.8461538461538463,3.752857142857143,20.852857142857143,83.97142857142856
West,2013-12-15,2013-12-09,2013-12-15,119,50,1,2.0,0.6528571428571428,19.342857142857145,79.72142857142858
West,2013-12-22,2013-12-16,2013-12-22,42,7,0,0.0,0.004285714285714286,18.534285714285716,68.37571428571428
West,2013-12-29,2013-12-23,2013-12-29,0,0,0,0.0,0.35142857142857137,21.06714285714286,68.49142857142859
West,2014-01-05,2013-12-30,2014-01-05,9,6,0,0.0,0.0014285714285714286,20.009999999999998,62.93
West,2014-01-12,2014-01-06,2014-01-12,64,28,0,0.0,0.0014285714285714286,19.99857142857143,60.55285714285714
West,2014-01-19,2014-01-13,2014-01-19,16,9,0,0.0,0.09428571428571428,21.03142857142857,63.91714285714287
West,2014-01-26,2014-01-20,2014-01-26,36,5,0,0.0,0.11,21.342857142857138,59.67000000000001
West,2014-02-02,2014-01-27,2014-02-02,0,0,0,0.0,0.08571428571428572,21.66857142857143,76.87571428571428
West,2014-02-09,2014-02-03,2014-02-09,61,22,0,0.0,0.004285714285714286,21.638571428571428,58.95428571428572
West,2014-02-16,2014-02-10,2014-02-16,0,0,0,0.0,0.34142857142857147,20.949999999999996,57.547142857142866
West,2014-02-23,2014-02-17,2014-02-23,31,17,0,0.0,0.0,21.577142857142857,58.49
West,2014-03-02,2014-02-24,2014-03-02,66,32,0,0.0,3.931428571428572,21.735714285714288,79.30999999999999
West,2014-03-09,2014-03-03,2014-03-09,0,0,0,0.0,0.8328571428571429,21.77285714285714,77.35857142857142
West,2014-03-16,2014-03-10,2014-03-16,120,69,2,2.898550724637681,2.801428571428571,22.184285714285714,69.51
West,2014-03-23,2014-03-17,2014-03-23,5,0,0,0.0,0.7285714285714285,22.56,79.76714285714286
West,2014-03-30,2014-03-24,2014-03-30,0,0,0,0.0,3.807142857142857,21.505714285714284,84.79285714285713
West,2014-04-06,2014-03-31,2014-04-06,112,45,0,0.0,2.0428571428571427,22.32714285714286,81.2042857142857
West,2014-04-13,2014-04-07,2014-04-13,49,23,0,0.0,3.077142857142857,21.66142857142857,84.86428571428571
West,2014-04-20,2014-04-14,2014-04-20,15,0,0,0.0,6.234285714285713,21.79714285714286,83.8442857142857
West,2014-04-27,2014-04-21,2014-04-27,265,84,2,2.380952380952381,6.611428571428571,21.53142857142857,86.01142857142858
West,2014-05-04,2014-04-28,2014-05-04,209,71,0,0.0,6.175714285714284,21.55142857142857,85.81857142857143
West,2014-05-11,2014-05-05,2014-05-11,141,75,1,1.3333333333333337,6.821428571428572,21.501428571428573,85.92714285714285
West,2014-05-18,2014-05-12,2014-05-18,0,0,0,0.0,3.8085714285714287,21.055714285714288,85.57714285714285
West,2014-05-25,2014-05-19,2014-05-25,120,0,0,0.0,1.8085714285714285,21.84714285714286,83.33428571428571
West,2014-06-01,2014-05-26,2014-06-01,288,125,2,1.6,4.178571428571428,21.562857142857144,85.10857142857142
West,2014-06-08,2014-06-02,2014-06-08,64,25,0,0.0,5.142857142857143,21.447142857142858,83.98142857142857
West,2014-06-15,2014-06-09,2014-06-15,0,0,0,0.0,5.311428571428571,21.361428571428572,85.03714285714287
West,2014-06-22,2014-06-16,2014-06-22,0,0,0,0.0,4.852857142857142,21.662857142857142,82.94285714285714
West,2014-06-29,2014-06-23,2014-06-29,151,0,0,0.0,4.1242857142857146,21.117142857142856,83.51
West,2014-07-06,2014-06-30,2014-07-06,73,43,2,4.651162790697675,6.502857142857144,21.102857142857143,85.27857142857144
West,2014-07-13,2014-07-07,2014-07-13,12,6,0,0.0,3.5871428571428576,20.74142857142857,85.01571428571428
West,2014-07-20,2014-07-14,2014-07-20,144,27,1,3.7037037037037033,5.08,21.050000000000004,84.69142857142856
West,2014-07-27,2014-07-21,2014-07-27,23,0,0,0.0,4.2942857142857145,20.45,86.25428571428571
West,2014-08-03,2014-07-28,2014-08-03,16,8,0,0.0,4.062857142857143,20.532857142857143,87.69000000000001
West,2014-08-10,2014-08-04,2014-08-10,263,142,4,2.8169014084507045,8.165714285714285,20.012857142857143,87.74714285714288
West,2014-08-17,2014-08-11,2014-08-17,107,36,1,2.7777777777777777,10.105714285714285,19.997142857142855,88.27000000000001
West,2014-08-24,2014-08-18,2014-08-24,0,0,0,0.0,7.802857142857143,19.777142857142856,86.13857142857144
West,2014-08-31,2014-08-25,2014-08-31,281,106,1,0.9433962264150944,10.219999999999999,20.32714285714286,87.62571428571427
West,2014-09-07,2014-09-01,2014-09-07,0,0,0,0.0,8.532857142857143,19.574285714285715,87.75428571428573
West,2014-09-14,2014-09-08,2014-09-14,45,28,0,0.0,9.462857142857143,20.31714285714286,87.08285714285715
West,2014-09-21,2014-09-15,2014-09-21,76,0,0,0.0,6.234285714285714,19.854285714285716,87.51285714285714
West,2014-09-28,2014-09-22,2014-09-28,175,48,1,2.083333333333333,11.487142857142857,19.955714285714286,87.88428571428572
West,2014-10-05,2014-09-29,2014-10-05,0,0,0,0.0,5.961428571428571,20.102857142857143,86.85857142857142
West,2014-10-12,2014-10-06,2014-10-12,81,39,0,0.0,3.698571428571429,20.65857142857143,86.11
West,2014-10-19,2014-10-13,2014-10-19,109,16,0,0.0,3.6585714285714284,20.69,87.33285714285715
West,2014-10-26,2014-10-20,2014-10-26,187,55,0,0.0,6.5042857142857144,20.485714285714288,86.71142857142857
West,2014-11-02,2014-10-27,2014-11-02,159,79,2,2.5316455696202533,8.034285714285714,20.17142857142857,88.49857142857142
West,2014-11-09,2014-11-03,2014-11-09,51,29,1,3.4482758620689653,5.187142857142857,20.727142857142855,86.4814285714286
West,2014-11-16,2014-11-10,2014-11-16,24,13,0,0.0,1.8014285714285712,21.004285714285714,84.68857142857142
West,2014-11-23,2014-11-17,2014-11-23,0,0,0,0.0,2.15,20.59857142857143,79.91571428571429
West,2014-11-30,2014-11-24,2014-11-30,12,6,0,0.0,0.054285714285714284,20.69714285714286,78.55571428571429
West,2014-12-07,2014-12-01,2014-12-07,11,0,0,0.0,0.30857142857142855,20.764285714285712,70.9057142857143
West,2014-12-14,2014-12-08,2014-12-14,0,0,0,0.0,0.05,20.502857142857145,69.4742857142857
West,2014-12-21,2014-12-15,2014-12-21,48,14,0,0.0,0.0,20.464285714285715,61.8842857142857
West,2014-12-28,2014-12-22,2014-12-28,0,0,0,0.0,0.0,19.952857142857145,63.885714285714286
West,2015-01-04,2014-12-29,2015-01-04,31,18,1,5.555555555555555,0.0014285714285714286,19.974285714285713,62.155714285714275
West,2015-01-11,2015-01-05,2015-01-11,0,0,0,0.0,0.014285714285714285,18.164285714285715,55.80428571428571
West,2015-01-18,2015-01-12,2015-01-18,0,0,0,0.0,0.04,19.357142857142858,55.269999999999996
West,2015-01-25,2015-01-19,2015-01-25,44,0,0,0.0,0.17142857142857143,21.275714285714287,57.65142857142858
West,2015-02-01,2015-01-26,2015-02-01,7,2,0,0.0,0.004285714285714286,21.677142857142854,62.037142857142854
West,2015-02-08,2015-02-02,2015-02-08,0,0,0,0.0,0.19714285714285712,22.255714285714284,68.76285714285714
West,2015-02-15,2015-02-09,2015-02-15,0,0,0,0.0,0.27571428571428575,22.00142857142857,69.82714285714286
West,2015-02-22,2015-02-16,2015-02-22,0,0,0,0.0,3.519999999999999,22.115714285714287,79.37571428571428
West,2015-03-01,2015-02-23,2015-03-01,35,17,0,0.0,0.48714285714285716,21.498571428571427,70.21428571428571
West,2015-03-08,2015-03-02,2015-03-08,18,10,0,0.0,1.5171428571428571,21.759999999999998,61.55714285714286
West,2015-03-15,2015-03-09,2015-03-15,0,0,0,0.0,3.4971428571428573,22.75142857142857,74.13428571428571
West,2015-03-22,2015-03-16,2015-03-22,58,16,0,0.0,2.912857142857143,22.19,81.98
West,2015-03-29,2015-03-23,2015-03-29,144,59,2,3.389830508474576,4.342857142857143,22.08571428571429,83.64142857142858
West,2015-04-05,2015-03-30,2015-04-05,64,38,0,0.0,5.028571428571428,21.44142857142857,74.03714285714285
West,2015-04-12,2015-04-06,2015-04-12,85,33,1,3.0303030303030303,6.888571428571429,21.58142857142857,85.07714285714285
West,2015-04-19,2015-04-13,2015-04-19,25,12,0,0.0,0.6828571428571429,22.05,72.87142857142857
West,2015-04-26,2015-04-20,2015-04-26,18,7,0,0.0,4.4399999999999995,21.995714285714286,81.65714285714286
West,2015-05-03,2015-04-27,2015-05-03,84,0,1,0.0,3.5985714285714283,22.10571428571429,82.14857142857144
West,2015-05-10,2015-05-04,2015-05-10,124,26,0,0.0,6.268571428571429,21.65285714285714,83.78857142857143
West,2015-05-17,2015-05-11,2015-05-17,33,0,0,0.0,9.015714285714285,21.650000000000002,85.43285714285715
West,2015-05-24,2015-05-18,2015-05-24,102,66,1,1.5151515151515151,6.069999999999999,21.72285714285714,86.06857142857143
West,2015-05-31,2015-05-25,2015-05-31,300,64,1,1.5625,7.548571428571429,21.927142857142858,85.02857142857144
West,2015-06-07,2015-06-01,2015-06-07,267,16,0,0.0,20.39142857142857,21.31142857142857,86.36999999999999
West,2015-06-14,2015-06-08,2015-06-14,31,17,0,0.0,3.0242857142857145,21.18142857142857,83.6857142857143
West,2015-06-21,2015-06-15,2015-06-21,106,38,0,0.0,16.76714285714286,21.157142857142855,86.24571428571429
West,2015-06-28,2015-06-22,2015-06-28,98,61,1,1.639344262295082,8.392857142857142,20.725714285714282,86.68714285714285
West,2015-07-05,2015-06-29,2015-07-05,137,35,0,0.0,11.234285714285715,20.97714285714286,87.87142857142858
West,2015-07-12,2015-07-06,2015-07-12,154,64,1,1.5625,11.32142857142857,20.782857142857146,88.58000000000001
West,2015-07-19,2015-07-13,2015-07-19,139,67,1,1.4925373134328357,14.81,21.145714285714288,88.14714285714285
West,2015-07-26,2015-07-20,2015-07-26,90,0,0,0.0,17.01142857142857,20.29,90.40142857142858
West,2015-08-02,2015-07-27,2015-08-02,525,219,10,4.5662100456621,15.747142857142858,19.99857142857143,90.50999999999999
West,2015-08-09,2015-08-03,2015-08-09,140,18,1,5.555555555555555,18.96,20.44,89.06285714285715
West,2015-08-16,2015-08-10,2015-08-16,0,0,0,0.0,16.094285714285714,20.595714285714287,89.66142857142856
West,2015-08-23,2015-08-17,2015-08-23,196,74,1,1.351351351351351,6.624285714285714,20.772857142857145,86.38857142857145
West,2015-08-30,2015-08-24,2015-08-30,75,0,0,0.0,17.622857142857143,20.29714285714286,89.20285714285714
West,2015-09-06,2015-08-31,2015-09-06,80,0,0,0.0,13.132857142857143,20.542857142857144,88.18857142857142
West,2015-09-13,2015-09-07,2015-09-13,166,62,0,0.0,12.3,20.50142857142857,87.88857142857144
West,2015-09-20,2015-09-14,2015-09-20,71,25,1,4.0,20.958571428571428,20.354285714285712,89.32714285714285
West,2015-09-27,2015-09-21,2015-09-27,87,0,0,0.0,6.782857142857142,20.43857142857143,87.33428571428571
West,2015-10-04,2015-09-28,2015-10-04,131,48,0,0.0,9.672857142857143,20.935714285714283,87.12857142857145
West,2015-10-11,2015-10-05,2015-10-11,153,26,0,0.0,7.827142857142857,20.444285714285716,86.84142857142857
West,2015-10-18,2015-10-12,2015-10-18,412,125,1,0.8,7.640000000000001,21.071428571428573,87.18428571428572
West,2015-10-25,2015-10-19,2015-10-25,521,250,5,2.0,16.437142857142856,20.497142857142855,90.02285714285715
West,2015-11-01,2015-10-26,2015-11-01,207,85,3,3.5294117647058822,17.99857142857143,20.37,91.57000000000001
West,2015-11-08,2015-11-02,2015-11-08,396,52,1,1.9230769230769231,6.258571428571427,20.21142857142857,89.60571428571428
West,2015-11-15,2015-11-09,2015-11-15,20,8,0,0.0,2.2771428571428567,20.652857142857147,84.30999999999999
West,2015-11-22,2015-11-16,2015-11-22,56,18,0,0.0,0.009999999999999998,20.632857142857144,79.21571428571428
West,2015-11-29,2015-11-23,2015-11-29,64,0,0,0.0,0.012857142857142857,21.012857142857143,74.51714285714286
West,2015-12-06,2015-11-30,2015-12-06,70,0,0,0.0,0.3,19.602857142857143,72.69
West,2015-12-13,2015-12-07,2015-12-13,0,0,0,0.0,0.01,19.291428571428575,69.0957142857143
West,2015-12-20,2015-12-14,2015-12-20,22,0,0,0.0,1.9942857142857144,19.07571428571429,65.78
West,2015-12-27,2015-12-21,2015-12-27,0,0,0,0.0,0.002857142857142857,18.918571428571425,64.69857142857144
West,2016-01-10,2016-01-04,2016-01-10,26,11,0,0.0,0.15857142857142859,20.98,62.040000000000006
West,2016-01-17,2016-01-11,2016-01-17,40,16,0,0.0,0.4271428571428571,21.17285714285714,57.71285714285714
West,2016-01-24,2016-01-18,2016-01-24,29,0,1,0.0,0.0,21.147142857142853,57.83428571428571
West,2016-01-31,2016-01-25,2016-01-31,58,10,0,0.0,0.47285714285714286,19.935714285714287,55.582857142857144
West,2016-02-07,2016-02-01,2016-02-07,0,0,0,0.0,0.12142857142857143,21.25,55.44857142857143
West,2016-02-14,2016-02-08,2016-02-14,20,4,0,0.0,0.1457142857142857,20.84,55.62571428571429
West,2016-02-21,2016-02-15,2016-02-21,8,0,0,0.0,0.1942857142857143,22.384285714285713,60.71714285714286
West,2016-02-28,2016-02-22,2016-02-28,0,0,0,0.0,0.10714285714285714,22.758571428571425,60.23142857142857
West,2016-03-06,2016-02-29,2016-03-06,103,21,0,0.0,4.937142857142858,23.88714285714286,76.78999999999999
West,2016-03-13,2016-03-07,2016-03-13,54,6,0,0.0,12.104285714285712,22.844285714285714,83.94857142857144
West,2016-03-20,2016-03-14,2016-03-20,75,20,0,0.0,6.2700000000000005,22.737142857142857,79.74714285714286
West,2016-03-27,2016-03-21,2016-03-27,48,0,0,0.0,11.991428571428571,22.72142857142857,85.20285714285716
West,2016-04-03,2016-03-28,2016-04-03,67,0,0,0.0,5.287142857142858,23.587142857142855,79.12
West,2016-04-10,2016-04-04,2016-04-10,55,19,0,0.0,6.977142857142856,22.58857142857143,83.78285714285714
West,2016-04-17,2016-04-11,2016-04-17,84,25,0,0.0,9.428571428571429,22.50142857142857,87.13285714285715
West,2016-04-24,2016-04-18,2016-04-24,37,10,0,0.0,5.258571428571428,22.472857142857144,82.59571428571428
West,2016-05-01,2016-04-25,2016-05-01,230,74,1,1.351351351351351,10.131428571428572,22.352857142857147,84.9557142857143
West,2016-05-08,2016-05-02,2016-05-08,0,0,0,0.0,3.4999999999999996,22.034285714285716,86.49428571428572
West,2016-05-15,2016-05-09,2016-05-15,122,16,0,0.0,10.777142857142858,21.885714285714283,87.13571428571429
West,2016-05-22,2016-05-16,2016-05-22,172,38,1,2.631578947368421,23.897142857142857,21.74142857142857,88.97714285714285
West,2016-05-29,2016-05-23,2016-05-29,230,58,1,1.7241379310344829,11.752857142857142,21.382857142857144,86.0657142857143
West,2016-06-05,2016-05-30,2016-06-05,293,40,0,0.0,10.234285714285715,21.512857142857143,86.48571428571428
West,2016-06-12,2016-06-06,2016-06-12,118,0,0,0.0,10.154285714285715,21.39285714285714,87.26142857142857
West,2016-06-19,2016-06-13,2016-06-19,473,98,2,2.0408163265306123,14.634285714285715,20.077142857142857,88.50571428571428
West,2016-06-26,2016-06-20,2016-06-26,319,74,2,2.702702702702702,16.21428571428571,20.015714285714285,87.37285714285714
West,2016-07-03,2016-06-27,2016-07-03,274,64,1,1.5625,11.925714285714283,20.810000000000002,89.13714285714286
West,2016-07-10,2016-07-04,2016-07-10,107,16,0,0.0,14.897142857142857,20.814285714285717,88.99000000000001
West,2016-07-17,2016-07-11,2016-07-17,180,108,4,3.7037037037037033,10.552857142857144,19.875714285714285,90.74142857142856
West,2016-07-24,2016-07-18,2016-07-24,100,31,0,0.0,11.461428571428572,19.964285714285715,90.67571428571429
West,2016-07-31,2016-07-25,2016-07-31,148,16,0,0.0,9.452857142857143,20.30428571428572,88.6942857142857
West,2016-08-07,2016-08-01,2016-08-07,503,192,3,1.5625,18.16142857142857,20.34857142857143,91.54285714285713
West,2016-08-14,2016-08-08,2016-08-14,52,0,0,0.0,14.138571428571428,20.164285714285715,90.98714285714286
West,2016-08-21,2016-08-15,2016-08-21,278,58,0,0.0,14.664285714285713,20.56714285714286,89.68000000000002
West,2016-08-28,2016-08-22,2016-08-28,167,0,0,0.0,16.544285714285714,19.822857142857142,90.97714285714287
West,2016-09-04,2016-08-29,2016-09-04,118,45,1,2.2222222222222223,14.467142857142857,20.184285714285714,89.37142857142858
West,2016-09-11,2016-09-05,2016-09-11,184,76,1,1.3157894736842104,17.667142857142856,20.78,88.10142857142856
West,2016-09-18,2016-09-12,2016-09-18,322,159,4,2.515723270440252,17.76285714285714,20.19571428571428,89.61142857142856
West,2016-09-25,2016-09-19,2016-09-25,229,36,1,2.7777777777777777,9.717142857142857,20.142857142857142,89.60000000000001
West,2016-10-02,2016-09-26,2016-10-02,153,72,2,2.7777777777777777,16.99,20.592857142857138,90.02428571428572
West,2016-10-09,2016-10-03,2016-10-09,140,42,1,2.380952380952381,13.945714285714287,20.618571428571425,89.75714285714287
West,2016-10-16,2016-10-10,2016-10-16,0,0,0,0.0,12.1,20.551428571428573,88.38285714285713
West,2016-10-23,2016-10-17,2016-10-23,211,80,4,5.0,11.081428571428573,20.574285714285715,88.58428571428571
West,2016-10-30,2016-10-24,2016-10-30,119,32,1,3.125,6.609999999999999,20.27,88.98857142857143
West,2016-11-06,2016-10-31,2016-11-06,73,22,0,0.0,3.3314285714285714,20.670000000000005,87.49285714285713
West,2016-11-13,2016-11-07,2016-11-13,16,5,0,0.0,0.07285714285714286,20.74571428571429,78.9342857142857
West,2016-11-20,2016-11-14,2016-11-20,174,25,0,0.0,0.3285714285714286,20.92428571428572,82.30714285714285
West,2016-11-27,2016-11-21,2016-11-27,0,0,0,0.0,0.9314285714285715,21.342857142857145,82.17571428571429
West,2016-12-04,2016-11-28,2016-12-04,45,8,0,0.0,0.1942857142857143,20.942857142857143,73.19714285714285
West,2016-12-11,2016-12-05,2016-12-11,40,22,1,4.545454545454546,0.23714285714285713,20.685714285714287,78.91285714285713
West,2016-12-18,2016-12-12,2016-12-18,2,1,0,0.0,0.0071428571428571435,20.704285714285714,70.78999999999999
West,2016-12-25,2016-12-19,2016-12-25,0,0,0,0.0,0.09714285714285716,20.459999999999997,67.70428571428572
West,2017-01-01,2016-12-26,2017-01-01,0,0,0,0.0,0.13142857142857142,20.234285714285715,62.49714285714286
West,2017-01-08,2017-01-02,2017-01-08,0,0,0,0.0,0.014285714285714287,20.34714285714286,61.42
West,2017-01-15,2017-01-09,2017-01-15,9,3,0,0.0,0.0071428571428571435,20.745714285714282,71.48571428571428
West,2017-01-22,2017-01-16,2017-01-22,30,10,0,0.0,0.0,21.60571428571428,66.28999999999999
West,2017-01-29,2017-01-23,2017-01-29,33,13,0,0.0,0.14285714285714285,21.82,74.25
West,2017-02-05,2017-01-30,2017-02-05,7,3,0,0.0,0.2357142857142857,21.638571428571428,57.72428571428572
West,2017-02-12,2017-02-06,2017-02-12,51,6,0,0.0,0.11142857142857143,21.484285714285715,56.051428571428566
West,2017-02-19,2017-02-13,2017-02-19,11,2,0,0.0,0.0,21.012857142857143,57.367142857142866
West,2017-02-26,2017-02-20,2017-02-26,15,3,0,0.0,0.0,22.082857142857144,56.142857142857146
West,2017-03-05,2017-02-27,2017-03-05,25,0,0,0.0,0.024285714285714282,22.422857142857143,62.225714285714275
West,2017-03-12,2017-03-06,2017-03-12,0,0,0,0.0,4.630000000000001,22.191428571428577,74.62571428571428
West,2017-03-19,2017-03-13,2017-03-19,21,5,0,0.0,2.378571428571429,22.525714285714287,72.64571428571429
West,2017-03-26,2017-03-20,2017-03-26,26,0,0,0.0,4.484285714285714,22.359999999999996,81.87714285714286
West,2017-04-02,2017-03-27,2017-04-02,0,0,0,0.0,2.978571428571428,22.267142857142858,80.07714285714285
West,2017-04-09,2017-04-03,2017-04-09,0,0,0,0.0,8.23857142857143,22.330000000000002,82.13571428571429
West,2017-04-16,2017-04-10,2017-04-16,183,54,0,0.0,17.575714285714287,22.374285714285715,84.52285714285715
West,2017-04-23,2017-04-17,2017-04-23,143,47,0,0.0,10.960000000000003,21.58428571428571,85.33714285714287
West,2017-04-30,2017-04-24,2017-04-30,39,12,0,0.0,5.387142857142857,22.145714285714284,82.02428571428572
West,2017-05-07,2017-05-01,2017-05-07,166,94,2,2.127659574468085,8.372857142857141,21.222857142857144,85.01142857142858
West,2017-05-14,2017-05-08,2017-05-14,132,27,0,0.0,5.798571428571428,21.794285714285714,83.92999999999999
West,2017-05-21,2017-05-15,2017-05-21,224,18,1,5.555555555555555,10.425714285714283,21.60857142857143,86.08857142857144
West,2017-05-28,2017-05-22,2017-05-28,182,5,0,0.0,6.921428571428572,21.42571428571429,84.68000000000002
West,2017-06-04,2017-05-29,2017-06-04,214,51,2,3.92156862745098,7.407142857142857,21.662857142857145,86.73571428571428
West,2017-06-11,2017-06-05,2017-06-11,43,19,0,0.0,2.77,21.91,84.26142857142858
West,2017-06-18,2017-06-12,2017-06-18,92,0,0,0.0,8.584285714285713,20.90285714285714,85.6957142857143
West,2017-06-25,2017-06-19,2017-06-25,115,36,1,2.7777777777777777,16.92571428571429,20.41857142857143,87.38857142857144
West,2017-07-02,2017-06-26,2017-07-02,151,22,0,0.0,11.058571428571428,20.614285714285717,87.3157142857143
West,2017-07-09,2017-07-03,2017-07-09,332,171,3,1.7543859649122806,8.445714285714285,20.295714285714286,87.03285714285714
West,2017-07-16,2017-07-10,2017-07-16,86,53,3,5.660377358490567,12.667142857142858,20.215714285714284,88.00857142857144
West,2017-07-23,2017-07-17,2017-07-23,211,98,2,2.0408163265306123,31.834285714285716,20.852857142857143,87.17999999999999
West,2017-07-30,2017-07-24,2017-07-30,123,12,0,0.0,27.97142857142857,20.631428571428575,88.5357142857143
West,2017-08-06,2017-07-31,2017-08-06,334,49,2,4.081632653061225,18.900000000000002,20.142857142857142,90.55428571428573
West,2017-08-13,2017-08-07,2017-08-13,175,74,0,0.0,23.354285714285712,20.07857142857143,89.7957142857143
West,2017-08-20,2017-08-14,2017-08-20,255,99,0,0.0,11.785714285714288,20.298571428571428,89.27571428571427
West,2017-08-27,2017-08-21,2017-08-27,56,15,0,0.0,14.532857142857143,19.982857142857142,89.8457142857143
West,2017-09-03,2017-08-28,2017-09-03,0,0,0,0.0,21.165714285714284,20.01285714285714,90.1742857142857
West,2017-09-10,2017-09-04,2017-09-10,364,179,4,2.23463687150838,6.612857142857143,20.37142857142857,89.10000000000001
West,2017-09-17,2017-09-11,2017-09-17,75,36,1,2.7777777777777777,13.930000000000003,20.32428571428571,88.72142857142856
West,2017-09-24,2017-09-18,2017-09-24,49,21,0,0.0,5.188571428571429,20.987142857142853,88.3442857142857
West,2017-10-01,2017-09-25,2017-10-01,55,34,0,0.0,17.34857142857143,20.562857142857148,87.42285714285715
West,2017-10-08,2017-10-02,2017-10-08,206,79,2,2.5316455696202533,11.542857142857143,21.018571428571427,85.41714285714286
West,2017-10-15,2017-10-09,2017-10-15,154,33,0,0.0,12.981428571428571,20.384285714285713,88.62714285714286
West,2017-10-22,2017-10-16,2017-10-22,199,37,2,5.405405405405405,9.621428571428572,20.34142857142857,90.46714285714286
West,2017-10-29,2017-10-23,2017-10-29,33,0,0,0.0,5.618571428571428,20.17142857142857,86.13714285714285
West,2017-11-05,2017-10-30,2017-11-05,21,0,0,0.0,3.515714285714286,20.517142857142858,86.5442857142857
West,2017-11-12,2017-11-06,2017-11-12,48,6,0,0.0,0.2871428571428571,20.395714285714284,82.27857142857144
West,2017-11-19,2017-11-13,2017-11-19,43,10,0,0.0,4.477142857142857,21.198571428571427,86.87
West,2017-11-26,2017-11-20,2017-11-26,72,25,0,0.0,4.0,20.474285714285713,80.02428571428572
West,2017-12-03,2017-11-27,2017-12-03,0,0,0,0.0,0.05142857142857143,20.26571428571429,72.35714285714285
West,2017-12-10,2017-12-04,2017-12-10,32,15,0,0.0,0.0,20.618571428571425,72.38714285714285
West,2017-12-17,2017-12-11,2017-12-17,0,0,0,0.0,0.005714285714285714,20.965714285714284,73.34
West,2017-12-24,2017-12-18,2017-12-24,42,20,1,5.0,0.011428571428571429,21.337142857142855,71.79571428571428
West,2017-12-31,2017-12-25,2017-12-31,12,7,0,0.0,0.0,20.5,66.67857142857143
West,2018-08-26,2018-08-20,2018-08-26,100,46,1,2.1739130434782608,8.414285714285715,19.76571428571429,90.07285714285715
West,2019-12-29,2018-12-31,2019-12-29,0,0,0,0.0,6.4865659340659345,21.25508241758242,81.21065934065935
West,2022-06-02,2022-05-20,2022-06-02,0,0,0,0.0,11.690714285714288,21.189285714285717,84.75214285714287
