region_en,TL,TR,Location,deaths,sCh,cCh
Adamawa,2010-01-04,2010-01-10,8,0.0,0.0,0.0
Adamawa,2010-01-11,2010-01-17,8,0.0,0.0,0.0
Adamawa,2010-01-18,2010-01-24,8,0.0,0.0,0.0
Adamawa,2010-01-25,2010-01-31,8,0.0,0.0,0.0
Adamawa,2010-02-01,2010-02-07,8,0.0,0.0,0.0
Adamawa,2010-02-08,2010-02-14,8,0.0,0.0,0.0
Adamawa,2010-02-15,2010-02-21,8,0.0,0.0,0.0
Adamawa,2010-02-22,2010-02-28,8,0.0,0.0,0.0
Adamawa,2010-03-01,2010-03-07,8,0.0,0.0,0.0
Adamawa,2010-03-08,2010-03-14,8,0.0,0.0,0.0
Adamawa,2010-03-15,2010-03-21,8,0.0,0.0,0.0
Adamawa,2010-03-22,2010-03-28,8,0.0,0.0,0.0
Adamawa,2010-03-29,2010-04-04,8,0.0,0.0,0.0
Adamawa,2010-04-05,2010-04-11,8,0.0,0.0,0.0
Adamawa,2010-04-12,2010-04-18,8,0.0,0.0,0.0
Adamawa,2010-04-19,2010-04-25,8,0.0,0.0,0.0
Adamawa,2010-04-26,2010-05-02,8,0.0,0.0,0.0
Adamawa,2010-05-03,2010-05-09,8,0.0,0.0,0.0
Adamawa,2010-05-06,2010-12-31,1,0.0,1.0,0.0
Adamawa,2010-05-10,2010-05-16,8,0.0,0.0,0.0
Adamawa,2010-05-17,2010-05-23,8,0.0,0.0,0.0
Adamawa,2010-05-24,2010-05-30,8,0.0,0.0,0.0
Adamawa,2010-05-31,2010-06-06,8,0.0,0.0,0.0
Adamawa,2010-06-07,2010-06-13,8,0.0,0.0,0.0
Adamawa,2010-06-14,2010-06-20,8,0.0,0.0,0.0
Adamawa,2010-06-21,2010-06-27,8,0.0,0.0,0.0
Adamawa,2010-06-28,2010-07-04,8,0.0,0.0,0.0
Adamawa,2010-07-05,2010-07-11,8,0.0,0.0,0.0
Adamawa,2010-07-12,2010-07-18,8,0.0,0.0,0.0
Adamawa,2010-07-19,2010-07-25,8,0.0,0.0,0.0
Adamawa,2010-07-26,2010-08-01,8,0.0,0.0,0.0
Adamawa,2010-08-02,2010-08-08,8,0.0,0.0,0.0
Adamawa,2010-08-09,2010-08-15,8,0.0,0.0,0.0
Adamawa,2010-08-16,2010-08-22,8,0.0,0.0,0.0
Adamawa,2010-08-23,2010-08-29,8,0.0,0.0,0.0
Adamawa,2010-08-30,2010-09-05,8,0.0,0.0,0.0
Adamawa,2010-09-06,2010-09-12,8,0.0,0.0,0.0
Adamawa,2010-09-13,2010-09-19,8,0.0,0.0,0.0
Adamawa,2010-09-20,2010-09-26,8,0.0,0.0,0.0
Adamawa,2010-09-27,2010-10-03,8,0.0,1.0,0.0
Adamawa,2010-10-04,2010-10-10,8,0.0,0.0,0.0
Adamawa,2010-10-11,2010-10-17,8,0.0,0.0,0.0
Adamawa,2010-10-18,2010-10-24,8,0.0,0.0,0.0
Adamawa,2010-10-25,2010-10-31,8,0.0,0.0,0.0
Adamawa,2010-11-01,2010-11-07,8,0.0,0.0,0.0
Adamawa,2010-11-08,2010-11-14,8,0.0,0.0,0.0
Adamawa,2010-11-15,2010-11-21,8,0.0,0.0,0.0
Adamawa,2010-11-22,2010-11-28,8,0.0,0.0,0.0
Adamawa,2010-11-29,2010-12-05,8,0.0,0.0,0.0
Adamawa,2010-12-06,2010-12-12,8,0.0,0.0,0.0
Adamawa,2010-12-13,2010-12-19,8,0.0,0.0,0.0
Adamawa,2010-12-20,2010-12-26,8,0.0,0.0,0.0
Adamawa,2010-12-27,2011-01-02,8,0.0,0.0,0.0
Adamawa,2011-01-01,2011-09-22,5,34.0,366.0,0.0
Adamawa,2011-01-03,2011-01-09,8,0.0,0.0,0.0
Adamawa,2011-01-10,2011-01-16,8,0.0,0.0,0.0
Adamawa,2011-01-17,2011-01-23,8,0.0,0.0,0.0
Adamawa,2011-01-24,2011-01-30,8,0.0,0.0,0.0
Adamawa,2011-01-31,2011-02-06,8,0.0,0.0,0.0
Adamawa,2011-02-07,2011-02-13,8,0.0,0.0,0.0
Adamawa,2011-02-14,2011-02-20,8,0.0,0.0,0.0
Adamawa,2011-02-21,2011-02-27,8,0.0,0.0,0.0
Adamawa,2011-02-28,2011-03-06,8,0.0,0.0,0.0
Adamawa,2011-03-07,2011-03-13,8,0.0,0.0,0.0
Adamawa,2011-03-14,2011-03-20,8,0.0,0.0,0.0
Adamawa,2011-03-21,2011-03-27,8,0.0,1.0,0.0
Adamawa,2011-03-28,2011-04-03,8,0.0,0.0,0.0
Adamawa,2011-04-04,2011-04-10,8,0.0,0.0,0.0
Adamawa,2011-04-11,2011-04-17,8,0.0,0.0,0.0
Adamawa,2011-04-18,2011-04-24,8,5.0,6.0,0.0
Adamawa,2011-04-25,2011-05-01,8,6.0,29.0,0.0
Adamawa,2011-05-02,2011-05-08,8,1.0,3.0,0.0
Adamawa,2011-05-09,2011-05-15,8,0.0,4.0,0.0
Adamawa,2011-05-16,2011-05-22,8,0.0,0.0,0.0
Adamawa,2011-05-23,2011-05-29,8,1.0,2.0,0.0
Adamawa,2011-05-30,2011-06-05,8,0.0,0.0,0.0
Adamawa,2011-06-06,2011-06-12,8,0.0,0.0,0.0
Adamawa,2011-06-13,2011-06-19,8,0.0,0.0,0.0
Adamawa,2011-06-20,2011-06-26,8,0.0,0.0,0.0
Adamawa,2011-06-27,2011-07-03,8,1.0,2.0,0.0
Adamawa,2011-07-04,2011-07-10,8,0.0,2.0,0.0
Adamawa,2011-07-11,2011-07-17,8,0.0,24.0,0.0
Adamawa,2011-07-18,2011-07-24,8,2.0,25.0,0.0
Adamawa,2011-07-25,2011-07-31,8,1.0,33.0,0.0
Adamawa,2011-08-01,2011-08-07,8,0.0,17.0,0.0
Adamawa,2011-08-08,2011-08-14,8,0.0,18.0,0.0
Adamawa,2011-08-15,2011-08-21,8,0.0,4.0,0.0
Adamawa,2011-08-22,2011-08-28,8,0.0,18.0,0.0
Adamawa,2011-08-29,2011-09-04,8,0.0,0.0,0.0
Adamawa,2011-09-05,2011-09-11,8,0.0,4.0,0.0
Adamawa,2011-09-12,2011-09-18,8,0.0,3.0,0.0
Adamawa,2011-09-19,2011-09-25,8,1.0,3.0,0.0
Adamawa,2011-09-23,2011-12-11,1,0.0,16.0,0.0
Adamawa,2011-09-26,2011-10-02,8,0.0,1.0,0.0
Adamawa,2011-10-03,2011-10-09,8,0.0,1.0,0.0
Adamawa,2011-10-10,2011-10-16,8,0.0,0.0,0.0
Adamawa,2011-10-17,2011-10-23,8,0.0,0.0,0.0
Adamawa,2011-10-24,2011-10-30,8,0.0,0.0,0.0
Adamawa,2011-10-31,2011-11-06,8,0.0,0.0,0.0
Adamawa,2011-11-07,2011-11-13,8,0.0,0.0,0.0
Adamawa,2011-11-14,2011-11-20,8,0.0,0.0,0.0
Adamawa,2011-11-21,2011-11-27,8,0.0,0.0,0.0
Adamawa,2011-11-28,2011-12-04,8,0.0,0.0,0.0
Adamawa,2011-12-05,2011-12-11,8,0.0,0.0,0.0
Adamawa,2011-12-12,2011-12-18,8,0.0,0.0,0.0
Adamawa,2011-12-19,2011-12-25,8,0.0,1.0,0.0
Adamawa,2011-12-26,2012-01-01,8,0.0,0.0,0.0
Adamawa,2012-01-02,2012-01-08,8,0.0,0.0,0.0
Adamawa,2012-01-09,2012-01-15,8,0.0,1.0,0.0
Adamawa,2012-01-16,2012-01-22,8,0.0,0.0,0.0
Adamawa,2012-01-23,2012-01-29,8,0.0,0.0,0.0
Adamawa,2012-01-30,2012-02-05,8,0.0,0.0,0.0
Adamawa,2012-02-06,2012-02-12,8,0.0,0.0,0.0
Adamawa,2012-02-13,2012-02-19,8,0.0,0.0,0.0
Adamawa,2012-02-20,2012-02-26,8,0.0,0.0,0.0
Adamawa,2012-02-27,2012-03-04,8,0.0,0.0,0.0
Adamawa,2012-03-05,2012-03-11,8,0.0,0.0,0.0
Adamawa,2012-03-12,2012-03-18,8,0.0,0.0,0.0
Adamawa,2012-03-19,2012-03-25,8,0.0,0.0,0.0
Adamawa,2012-03-26,2012-04-01,8,0.0,0.0,0.0
Adamawa,2012-04-02,2012-04-08,8,0.0,0.0,0.0
Adamawa,2012-04-09,2012-04-15,8,0.0,1.0,0.0
Adamawa,2012-04-16,2012-04-22,8,0.0,0.0,0.0
Adamawa,2012-04-23,2012-04-29,8,0.0,0.0,0.0
Adamawa,2012-04-30,2012-05-06,8,0.0,0.0,0.0
Adamawa,2012-05-07,2012-05-13,8,0.0,0.0,0.0
Adamawa,2012-05-14,2012-05-20,8,0.0,0.0,0.0
Adamawa,2012-05-21,2012-05-27,8,0.0,0.0,0.0
Adamawa,2012-05-28,2012-06-03,8,0.0,0.0,0.0
Adamawa,2012-06-04,2012-06-10,8,0.0,0.0,0.0
Adamawa,2012-06-11,2012-06-17,8,0.0,0.0,0.0
Adamawa,2012-06-18,2012-06-24,8,0.0,0.0,0.0
Adamawa,2012-06-25,2012-07-01,8,0.0,0.0,0.0
Adamawa,2012-07-02,2012-07-08,8,0.0,0.0,0.0
Adamawa,2012-07-09,2012-07-15,8,0.0,0.0,0.0
Adamawa,2012-07-16,2012-07-22,8,0.0,0.0,0.0
Adamawa,2012-07-23,2012-07-29,8,0.0,0.0,0.0
Adamawa,2012-07-30,2012-08-05,8,0.0,0.0,0.0
Adamawa,2012-08-06,2012-08-12,8,0.0,0.0,0.0
Adamawa,2012-08-13,2012-08-19,8,0.0,0.0,0.0
Adamawa,2012-08-20,2012-08-26,8,0.0,0.0,0.0
Adamawa,2012-08-27,2012-09-02,8,0.0,0.0,0.0
Adamawa,2012-09-03,2012-09-09,8,0.0,0.0,0.0
Adamawa,2012-09-10,2012-09-16,8,0.0,0.0,0.0
Adamawa,2012-09-17,2012-09-23,8,0.0,0.0,0.0
Adamawa,2012-09-24,2012-09-30,8,0.0,0.0,0.0
Adamawa,2012-10-01,2012-10-07,8,0.0,0.0,0.0
Adamawa,2012-10-08,2012-10-14,8,0.0,0.0,0.0
Adamawa,2012-10-15,2012-10-21,8,0.0,0.0,0.0
Adamawa,2012-10-22,2012-10-28,8,0.0,0.0,0.0
Adamawa,2012-10-29,2012-11-04,8,0.0,0.0,0.0
Adamawa,2012-11-05,2012-11-11,8,0.0,0.0,0.0
Adamawa,2012-11-12,2012-11-18,8,0.0,0.0,0.0
Adamawa,2012-11-19,2012-11-25,8,0.0,0.0,0.0
Adamawa,2012-11-26,2012-12-02,8,0.0,0.0,0.0
Adamawa,2012-12-03,2012-12-09,8,0.0,0.0,0.0
Adamawa,2012-12-10,2012-12-16,8,0.0,0.0,0.0
Adamawa,2012-12-17,2012-12-23,8,0.0,0.0,0.0
Adamawa,2012-12-24,2012-12-30,8,0.0,0.0,0.0
Adamawa,2012-12-31,2013-01-06,8,0.0,0.0,0.0
Adamawa,2013-01-07,2013-01-13,8,0.0,0.0,0.0
Adamawa,2013-01-14,2013-01-20,8,0.0,0.0,0.0
Adamawa,2013-01-21,2013-01-27,8,0.0,0.0,0.0
Adamawa,2013-01-28,2013-02-03,8,0.0,0.0,0.0
Adamawa,2013-02-04,2013-02-10,8,0.0,0.0,0.0
Adamawa,2013-02-11,2013-02-17,8,0.0,0.0,0.0
Adamawa,2013-02-18,2013-02-24,8,0.0,0.0,0.0
Adamawa,2013-02-25,2013-03-03,8,0.0,0.0,0.0
Adamawa,2013-03-04,2013-03-10,8,0.0,0.0,0.0
Adamawa,2013-03-11,2013-03-17,8,0.0,0.0,0.0
Adamawa,2013-03-18,2013-03-24,8,0.0,0.0,0.0
Adamawa,2013-03-25,2013-03-31,8,0.0,0.0,0.0
Adamawa,2013-04-01,2013-04-07,8,0.0,0.0,0.0
Adamawa,2013-04-08,2013-04-14,8,0.0,0.0,0.0
Adamawa,2013-04-15,2013-04-21,8,0.0,0.0,0.0
Adamawa,2013-04-22,2013-04-28,8,0.0,0.0,0.0
Adamawa,2013-04-29,2013-05-05,8,0.0,0.0,0.0
Adamawa,2013-05-06,2013-05-12,8,0.0,0.0,0.0
Adamawa,2013-05-13,2013-05-19,8,0.0,0.0,0.0
Adamawa,2013-05-20,2013-05-26,8,0.0,0.0,0.0
Adamawa,2013-05-27,2013-06-02,8,0.0,0.0,0.0
Adamawa,2013-06-03,2013-06-09,8,0.0,0.0,0.0
Adamawa,2013-06-10,2013-06-16,8,0.0,0.0,0.0
Adamawa,2013-06-17,2013-06-23,8,0.0,0.0,0.0
Adamawa,2013-06-24,2013-06-30,8,0.0,0.0,0.0
Adamawa,2013-07-01,2013-07-07,8,0.0,0.0,0.0
Adamawa,2013-07-08,2013-07-14,8,0.0,0.0,0.0
Adamawa,2013-07-15,2013-07-21,8,0.0,0.0,0.0
Adamawa,2013-07-22,2013-07-28,8,0.0,0.0,0.0
Adamawa,2013-07-29,2013-08-04,8,0.0,0.0,0.0
Adamawa,2013-08-05,2013-08-11,8,0.0,0.0,0.0
Adamawa,2013-08-12,2013-08-18,8,0.0,0.0,0.0
Adamawa,2013-08-19,2013-08-25,8,0.0,0.0,0.0
Adamawa,2013-08-26,2013-09-01,8,0.0,0.0,0.0
Adamawa,2013-09-02,2013-09-08,8,0.0,0.0,0.0
Adamawa,2013-09-09,2013-09-15,8,0.0,0.0,0.0
Adamawa,2013-09-16,2013-09-22,8,0.0,0.0,0.0
Adamawa,2013-09-23,2013-09-29,8,0.0,0.0,0.0
Adamawa,2013-09-30,2013-10-06,8,0.0,0.0,0.0
Adamawa,2013-10-07,2013-10-13,8,0.0,0.0,0.0
Adamawa,2013-10-14,2013-10-20,8,0.0,0.0,0.0
Adamawa,2013-10-21,2013-10-27,8,0.0,0.0,0.0
Adamawa,2013-10-28,2013-11-03,8,0.0,0.0,0.0
Adamawa,2013-11-04,2013-11-10,8,0.0,0.0,0.0
Adamawa,2013-11-11,2013-11-17,8,0.0,0.0,0.0
Adamawa,2013-11-18,2013-11-24,8,0.0,0.0,0.0
Adamawa,2013-11-25,2013-12-01,8,0.0,0.0,0.0
Adamawa,2013-12-02,2013-12-08,8,0.0,0.0,0.0
Adamawa,2013-12-09,2013-12-15,8,0.0,0.0,0.0
Adamawa,2013-12-16,2013-12-22,8,0.0,0.0,0.0
Adamawa,2013-12-23,2013-12-29,8,0.0,0.0,0.0
Adamawa,2013-12-30,2014-01-05,9,0.0,0.0,0.0
Adamawa,2014-01-06,2014-01-12,9,0.0,0.0,0.0
Adamawa,2014-01-13,2014-01-19,9,0.0,0.0,0.0
Adamawa,2014-01-20,2014-01-26,9,0.0,0.0,0.0
Adamawa,2014-01-27,2014-02-02,9,0.0,0.0,0.0
Adamawa,2014-02-03,2014-02-09,9,0.0,0.0,0.0
Adamawa,2014-02-10,2014-02-16,9,0.0,0.0,0.0
Adamawa,2014-02-17,2014-02-23,9,0.0,0.0,0.0
Adamawa,2014-02-24,2014-03-02,9,0.0,0.0,0.0
Adamawa,2014-03-03,2014-03-09,9,0.0,0.0,0.0
Adamawa,2014-03-10,2014-03-16,9,0.0,0.0,0.0
Adamawa,2014-03-17,2014-03-23,9,0.0,0.0,0.0
Adamawa,2014-03-24,2014-03-30,9,0.0,0.0,0.0
Adamawa,2014-03-31,2014-04-06,9,0.0,0.0,0.0
Adamawa,2014-04-07,2014-04-13,9,0.0,0.0,0.0
Adamawa,2014-04-14,2014-04-20,9,0.0,0.0,0.0
Adamawa,2014-04-21,2014-04-27,9,0.0,0.0,0.0
Adamawa,2014-04-28,2014-05-04,9,0.0,0.0,0.0
Adamawa,2014-05-05,2014-05-11,9,0.0,0.0,0.0
Adamawa,2014-05-12,2014-05-18,9,0.0,0.0,0.0
Adamawa,2014-05-19,2014-05-25,9,0.0,0.0,0.0
Adamawa,2014-05-26,2014-06-01,9,0.0,0.0,0.0
Adamawa,2014-06-02,2014-06-08,9,0.0,0.0,0.0
Adamawa,2014-06-09,2014-06-15,9,0.0,0.0,0.0
Adamawa,2014-06-16,2014-06-22,9,0.0,0.0,0.0
Adamawa,2014-06-23,2014-06-29,9,0.0,1.0,0.0
Adamawa,2014-06-30,2014-07-06,9,0.0,0.0,0.0
Adamawa,2014-07-07,2014-07-13,9,0.0,0.0,0.0
Adamawa,2014-07-14,2014-07-20,9,0.0,0.0,0.0
Adamawa,2014-07-21,2014-07-27,9,0.0,0.0,0.0
Adamawa,2014-07-28,2014-08-03,9,0.0,0.0,0.0
Adamawa,2014-08-04,2014-08-10,9,0.0,0.0,0.0
Adamawa,2014-08-11,2014-08-17,9,0.0,0.0,0.0
Adamawa,2014-08-18,2014-08-24,9,0.0,0.0,0.0
Adamawa,2014-08-25,2014-08-31,9,0.0,0.0,0.0
Adamawa,2014-09-01,2014-09-07,9,0.0,0.0,0.0
Adamawa,2014-09-08,2014-09-14,9,0.0,0.0,0.0
Adamawa,2014-09-15,2014-09-21,9,0.0,0.0,0.0
Adamawa,2014-09-22,2014-09-28,9,0.0,0.0,0.0
Adamawa,2014-09-29,2014-10-05,9,0.0,0.0,0.0
Adamawa,2014-10-06,2014-10-12,9,1.0,8.0,0.0
Adamawa,2014-10-13,2014-10-19,9,0.0,0.0,0.0
Adamawa,2014-10-20,2014-10-26,9,0.0,0.0,0.0
Adamawa,2014-10-27,2014-11-02,9,0.0,0.0,0.0
Adamawa,2014-11-03,2014-11-09,9,0.0,0.0,0.0
Adamawa,2014-11-10,2014-11-16,9,0.0,0.0,0.0
Adamawa,2014-11-17,2014-11-23,9,0.0,0.0,0.0
Adamawa,2014-11-24,2014-11-30,9,0.0,0.0,0.0
Adamawa,2014-12-01,2014-12-07,9,0.0,0.0,0.0
Adamawa,2014-12-08,2014-12-14,9,0.0,0.0,0.0
Adamawa,2014-12-15,2014-12-21,9,0.0,0.0,0.0
Adamawa,2014-12-22,2014-12-28,9,0.0,0.0,0.0
Adamawa,2014-12-29,2015-01-04,9,0.0,0.0,0.0
Adamawa,2015-01-05,2015-01-11,9,0.0,0.0,0.0
Adamawa,2015-01-12,2015-01-18,9,0.0,0.0,0.0
Adamawa,2015-01-19,2015-01-25,9,0.0,0.0,0.0
Adamawa,2015-01-26,2015-02-01,9,0.0,0.0,0.0
Adamawa,2015-02-02,2015-02-08,9,0.0,0.0,0.0
Adamawa,2015-02-09,2015-02-15,9,0.0,0.0,0.0
Adamawa,2015-02-16,2015-02-22,9,0.0,0.0,0.0
Adamawa,2015-02-23,2015-03-01,9,0.0,0.0,0.0
Adamawa,2015-03-02,2015-03-08,9,0.0,0.0,0.0
Adamawa,2015-03-09,2015-03-15,9,0.0,0.0,0.0
Adamawa,2015-03-16,2015-03-22,9,0.0,0.0,0.0
Adamawa,2015-03-23,2015-03-29,9,0.0,0.0,0.0
Adamawa,2015-03-30,2015-04-05,9,0.0,0.0,0.0
Adamawa,2015-04-06,2015-04-12,9,0.0,0.0,0.0
Adamawa,2015-04-13,2015-04-19,9,0.0,0.0,0.0
Adamawa,2015-04-20,2015-04-26,9,0.0,0.0,0.0
Adamawa,2015-04-27,2015-05-03,9,0.0,0.0,0.0
Adamawa,2015-05-04,2015-05-10,9,0.0,0.0,0.0
Adamawa,2015-05-11,2015-05-17,9,0.0,0.0,0.0
Adamawa,2015-05-18,2015-05-24,9,0.0,0.0,0.0
Adamawa,2015-05-25,2015-05-31,9,0.0,0.0,0.0
Adamawa,2015-06-01,2015-06-07,9,0.0,0.0,0.0
Adamawa,2015-06-08,2015-06-14,9,0.0,0.0,0.0
Adamawa,2015-06-15,2015-06-21,9,0.0,0.0,0.0
Adamawa,2015-06-22,2015-06-28,9,0.0,0.0,0.0
Adamawa,2015-06-29,2015-07-05,9,0.0,0.0,0.0
Adamawa,2015-07-06,2015-07-12,9,0.0,0.0,0.0
Adamawa,2015-07-13,2015-07-19,9,0.0,0.0,0.0
Adamawa,2015-07-20,2015-07-26,9,0.0,0.0,0.0
Adamawa,2015-07-27,2015-08-02,9,0.0,0.0,0.0
Adamawa,2015-08-03,2015-08-09,9,0.0,0.0,0.0
Adamawa,2015-08-10,2015-08-16,9,0.0,0.0,0.0
Adamawa,2015-08-17,2015-08-23,9,0.0,0.0,0.0
Adamawa,2015-08-24,2015-08-30,9,0.0,0.0,0.0
Adamawa,2015-08-31,2015-09-06,9,0.0,0.0,0.0
Adamawa,2015-09-07,2015-09-13,9,0.0,0.0,0.0
Adamawa,2015-09-14,2015-09-20,9,0.0,0.0,0.0
Adamawa,2015-09-21,2015-09-27,9,0.0,0.0,0.0
Adamawa,2015-09-28,2015-10-04,9,0.0,0.0,0.0
Adamawa,2015-10-05,2015-10-11,9,0.0,0.0,0.0
Adamawa,2015-10-12,2015-10-18,9,0.0,0.0,0.0
Adamawa,2015-10-19,2015-10-25,9,0.0,0.0,0.0
Adamawa,2015-10-26,2015-11-01,9,0.0,0.0,0.0
Adamawa,2015-11-02,2015-11-08,9,0.0,0.0,0.0
Adamawa,2015-11-09,2015-11-15,9,0.0,0.0,0.0
Adamawa,2015-11-16,2015-11-22,9,0.0,0.0,0.0
Adamawa,2015-11-23,2015-11-29,9,0.0,0.0,0.0
Adamawa,2015-11-30,2015-12-06,9,0.0,0.0,0.0
Adamawa,2015-12-07,2015-12-13,9,0.0,0.0,0.0
Adamawa,2015-12-14,2015-12-20,9,0.0,0.0,0.0
Adamawa,2015-12-21,2015-12-27,9,0.0,0.0,0.0
Adamawa,2016-01-04,2016-01-10,9,0.0,0.0,0.0
Adamawa,2016-01-11,2016-01-17,9,0.0,0.0,0.0
Adamawa,2016-01-18,2016-01-24,9,0.0,0.0,0.0
Adamawa,2016-01-25,2016-01-31,9,0.0,0.0,0.0
Adamawa,2016-02-01,2016-02-07,9,0.0,0.0,0.0
Adamawa,2016-02-08,2016-02-14,9,0.0,0.0,0.0
Adamawa,2016-02-15,2016-02-21,9,0.0,0.0,0.0
Adamawa,2016-02-22,2016-02-28,9,0.0,0.0,0.0
Adamawa,2016-02-29,2016-03-06,9,0.0,0.0,0.0
Adamawa,2016-03-07,2016-03-13,9,0.0,0.0,0.0
Adamawa,2016-03-14,2016-03-20,9,0.0,0.0,0.0
Adamawa,2016-03-21,2016-03-27,9,0.0,0.0,0.0
Adamawa,2016-03-28,2016-04-03,9,0.0,0.0,0.0
Adamawa,2016-04-04,2016-04-10,9,0.0,0.0,0.0
Adamawa,2016-04-11,2016-04-17,9,0.0,0.0,0.0
Adamawa,2016-04-18,2016-04-24,9,0.0,0.0,0.0
Adamawa,2016-04-25,2016-05-01,9,0.0,0.0,0.0
Adamawa,2016-05-02,2016-05-08,9,0.0,0.0,0.0
Adamawa,2016-05-09,2016-05-15,9,0.0,0.0,0.0
Adamawa,2016-05-16,2016-05-22,9,0.0,0.0,0.0
Adamawa,2016-05-23,2016-05-29,9,0.0,0.0,0.0
Adamawa,2016-05-30,2016-06-05,9,0.0,0.0,0.0
Adamawa,2016-06-06,2016-06-12,9,0.0,0.0,0.0
Adamawa,2016-06-13,2016-06-19,9,0.0,0.0,0.0
Adamawa,2016-06-20,2016-06-26,9,0.0,0.0,0.0
Adamawa,2016-06-27,2016-07-03,9,0.0,0.0,0.0
Adamawa,2016-07-04,2016-07-10,9,0.0,0.0,0.0
Adamawa,2016-07-11,2016-07-17,9,0.0,0.0,0.0
Adamawa,2016-07-18,2016-07-24,9,0.0,0.0,0.0
Adamawa,2016-07-25,2016-07-31,9,0.0,0.0,0.0
Adamawa,2016-08-01,2016-08-07,9,0.0,0.0,0.0
Adamawa,2016-08-08,2016-08-14,9,0.0,0.0,0.0
Adamawa,2016-08-15,2016-08-21,9,0.0,0.0,0.0
Adamawa,2016-08-22,2016-08-28,9,0.0,0.0,0.0
Adamawa,2016-08-29,2016-09-04,9,0.0,0.0,0.0
Adamawa,2016-09-05,2016-09-11,9,0.0,0.0,0.0
Adamawa,2016-09-12,2016-09-18,9,0.0,0.0,0.0
Adamawa,2016-09-19,2016-09-25,9,0.0,0.0,0.0
Adamawa,2016-09-26,2016-10-02,9,0.0,0.0,0.0
Adamawa,2016-10-03,2016-10-09,9,0.0,0.0,0.0
Adamawa,2016-10-10,2016-10-16,9,0.0,0.0,0.0
Adamawa,2016-10-17,2016-10-23,9,0.0,0.0,0.0
Adamawa,2016-10-24,2016-10-30,9,0.0,0.0,0.0
Adamawa,2016-10-31,2016-11-06,9,0.0,0.0,0.0
Adamawa,2016-11-07,2016-11-13,9,0.0,0.0,0.0
Adamawa,2016-11-14,2016-11-20,9,0.0,0.0,0.0
Adamawa,2016-11-21,2016-11-27,9,0.0,0.0,0.0
Adamawa,2016-11-28,2016-12-04,9,0.0,0.0,0.0
Adamawa,2016-12-05,2016-12-11,9,0.0,0.0,0.0
Adamawa,2016-12-12,2016-12-18,9,0.0,0.0,0.0
Adamawa,2016-12-19,2016-12-25,9,0.0,0.0,0.0
Adamawa,2016-12-26,2017-01-01,9,0.0,0.0,0.0
Adamawa,2017-01-02,2017-01-08,9,0.0,0.0,0.0
Adamawa,2017-01-09,2017-01-15,9,0.0,0.0,0.0
Adamawa,2017-01-16,2017-01-22,9,0.0,0.0,0.0
Adamawa,2017-01-23,2017-01-29,9,0.0,0.0,0.0
Adamawa,2017-01-30,2017-02-05,9,0.0,0.0,0.0
Adamawa,2017-02-06,2017-02-12,9,0.0,0.0,0.0
Adamawa,2017-02-13,2017-02-19,9,0.0,0.0,0.0
Adamawa,2017-02-20,2017-02-26,9,0.0,0.0,0.0
Adamawa,2017-02-27,2017-03-05,9,0.0,0.0,0.0
Adamawa,2017-03-06,2017-03-12,9,0.0,0.0,0.0
Adamawa,2017-03-13,2017-03-19,9,0.0,0.0,0.0
Adamawa,2017-03-20,2017-03-26,9,0.0,0.0,0.0
Adamawa,2017-03-27,2017-04-02,9,0.0,0.0,0.0
Adamawa,2017-04-03,2017-04-09,9,0.0,0.0,0.0
Adamawa,2017-04-10,2017-04-16,9,0.0,0.0,0.0
Adamawa,2017-04-17,2017-04-23,9,0.0,0.0,0.0
Adamawa,2017-04-24,2017-04-30,9,0.0,0.0,0.0
Adamawa,2017-05-01,2017-05-07,9,0.0,0.0,0.0
Adamawa,2017-05-08,2017-05-14,9,0.0,0.0,0.0
Adamawa,2017-05-15,2017-05-21,9,0.0,0.0,0.0
Adamawa,2017-05-22,2017-05-28,9,0.0,0.0,0.0
Adamawa,2017-05-29,2017-06-04,9,0.0,0.0,0.0
Adamawa,2017-06-05,2017-06-11,9,0.0,0.0,0.0
Adamawa,2017-06-12,2017-06-18,9,0.0,0.0,0.0
Adamawa,2017-06-19,2017-06-25,9,0.0,0.0,0.0
Adamawa,2017-06-26,2017-07-02,9,0.0,0.0,0.0
Adamawa,2017-07-03,2017-07-09,9,0.0,0.0,0.0
Adamawa,2017-07-10,2017-07-16,9,0.0,0.0,0.0
Adamawa,2017-07-17,2017-07-23,9,0.0,0.0,0.0
Adamawa,2017-07-24,2017-07-30,9,0.0,0.0,0.0
Adamawa,2017-07-31,2017-08-06,9,0.0,0.0,0.0
Adamawa,2017-08-07,2017-08-13,9,0.0,0.0,0.0
Adamawa,2017-08-14,2017-08-20,9,0.0,0.0,0.0
Adamawa,2017-08-21,2017-08-27,9,0.0,0.0,0.0
Adamawa,2017-08-28,2017-09-03,9,0.0,0.0,0.0
Adamawa,2017-09-04,2017-09-10,9,0.0,0.0,0.0
Adamawa,2017-09-11,2017-09-17,9,0.0,0.0,0.0
Adamawa,2017-09-18,2017-09-24,9,0.0,0.0,0.0
Adamawa,2017-09-25,2017-10-01,9,0.0,0.0,0.0
Adamawa,2017-10-02,2017-10-08,9,0.0,0.0,0.0
Adamawa,2017-10-09,2017-10-15,9,0.0,0.0,0.0
Adamawa,2017-10-16,2017-10-22,9,0.0,0.0,0.0
Adamawa,2017-10-23,2017-10-29,9,0.0,0.0,0.0
Adamawa,2017-10-30,2017-11-05,9,0.0,0.0,0.0
Adamawa,2017-11-06,2017-11-12,9,0.0,0.0,0.0
Adamawa,2017-11-13,2017-11-19,9,0.0,0.0,0.0
Adamawa,2017-11-20,2017-11-26,9,0.0,0.0,0.0
Adamawa,2017-11-27,2017-12-03,9,0.0,0.0,0.0
Adamawa,2017-12-04,2017-12-10,9,0.0,0.0,0.0
Adamawa,2017-12-11,2017-12-17,9,0.0,0.0,0.0
Adamawa,2017-12-18,2017-12-24,9,0.0,0.0,0.0
Adamawa,2017-12-25,2017-12-31,9,0.0,0.0,0.0
Adamawa,2018-01-01,2018-01-07,7,0.0,0.0,0.0
Adamawa,2018-01-01,2018-12-30,5,0.0,0.0,0.0
Adamawa,2018-01-08,2018-01-14,7,0.0,0.0,0.0
Adamawa,2018-01-15,2018-01-21,7,0.0,0.0,0.0
Adamawa,2018-01-22,2018-01-28,7,0.0,0.0,0.0
Adamawa,2018-01-29,2018-02-04,7,0.0,0.0,0.0
Adamawa,2018-02-05,2018-02-11,7,0.0,0.0,0.0
Adamawa,2018-02-12,2018-02-18,7,0.0,0.0,0.0
Adamawa,2018-02-19,2018-02-25,7,0.0,0.0,0.0
Adamawa,2018-02-26,2018-03-04,7,0.0,0.0,0.0
Adamawa,2018-03-05,2018-03-11,7,0.0,0.0,0.0
Adamawa,2018-03-12,2018-03-18,7,0.0,0.0,0.0
Adamawa,2018-03-19,2018-03-25,7,0.0,0.0,0.0
Adamawa,2018-03-26,2018-04-01,7,0.0,0.0,0.0
Adamawa,2018-04-02,2018-04-08,7,0.0,0.0,0.0
Adamawa,2018-04-09,2018-04-15,7,0.0,0.0,0.0
Adamawa,2018-04-16,2018-04-22,7,0.0,0.0,0.0
Adamawa,2018-04-23,2018-04-29,7,0.0,0.0,0.0
Adamawa,2018-04-30,2018-05-06,7,0.0,0.0,0.0
Adamawa,2018-05-07,2018-05-13,7,0.0,0.0,0.0
Adamawa,2018-05-14,2018-05-20,7,0.0,0.0,0.0
Adamawa,2018-05-21,2018-05-27,7,0.0,0.0,0.0
Adamawa,2018-05-28,2018-06-03,7,0.0,0.0,0.0
Adamawa,2018-06-04,2018-06-10,7,0.0,0.0,0.0
Adamawa,2018-06-11,2018-06-17,7,0.0,0.0,0.0
Adamawa,2018-06-18,2018-06-24,7,0.0,0.0,0.0
Adamawa,2018-06-25,2018-07-01,7,0.0,0.0,0.0
Adamawa,2018-07-02,2018-07-08,7,0.0,0.0,0.0
Adamawa,2018-07-09,2018-07-15,7,0.0,0.0,0.0
Adamawa,2018-07-16,2018-07-22,7,0.0,0.0,0.0
Adamawa,2018-07-23,2018-07-29,7,0.0,0.0,0.0
Adamawa,2018-07-30,2018-08-05,7,0.0,0.0,0.0
Adamawa,2018-08-06,2018-08-12,7,0.0,0.0,0.0
Adamawa,2018-08-13,2018-08-19,7,0.0,0.0,0.0
Adamawa,2018-08-20,2018-08-26,5,0.0,0.0,0.0
Adamawa,2018-08-27,2018-09-02,7,0.0,0.0,0.0
Adamawa,2018-09-03,2018-09-09,7,0.0,0.0,0.0
Adamawa,2018-09-10,2018-09-16,7,0.0,0.0,0.0
Adamawa,2018-09-17,2018-09-23,7,0.0,0.0,0.0
Adamawa,2018-09-24,2018-09-30,7,0.0,0.0,0.0
Adamawa,2018-10-01,2018-10-07,7,0.0,0.0,0.0
Adamawa,2018-10-08,2018-10-14,7,0.0,0.0,0.0
Adamawa,2018-10-15,2018-10-21,7,0.0,0.0,0.0
Adamawa,2018-10-22,2018-10-28,7,0.0,0.0,0.0
Adamawa,2018-10-29,2018-11-04,7,0.0,0.0,0.0
Adamawa,2018-11-05,2018-11-11,7,0.0,0.0,0.0
Adamawa,2018-11-12,2018-11-18,7,0.0,0.0,0.0
Adamawa,2018-11-19,2018-11-25,7,0.0,0.0,0.0
Adamawa,2018-11-26,2018-12-02,7,0.0,0.0,0.0
Adamawa,2018-12-10,2018-12-16,7,0.0,0.0,0.0
Adamawa,2018-12-17,2018-12-23,7,0.0,0.0,0.0
Adamawa,2018-12-24,2018-12-30,7,0.0,0.0,0.0
Adamawa,2018-12-31,2019-01-06,7,0.0,0.0,0.0
Adamawa,2018-12-31,2019-12-29,5,0.0,0.0,0.0
Adamawa,2019-01-07,2019-01-13,7,0.0,0.0,0.0
Adamawa,2019-01-14,2019-01-20,7,0.0,0.0,0.0
Adamawa,2019-01-21,2019-01-27,7,0.0,0.0,0.0
Adamawa,2019-01-28,2019-02-03,7,0.0,0.0,0.0
Adamawa,2019-02-04,2019-02-10,7,0.0,0.0,0.0
Adamawa,2019-02-11,2019-02-17,7,0.0,0.0,0.0
Adamawa,2019-02-18,2019-02-24,7,0.0,0.0,0.0
Adamawa,2019-02-25,2019-03-03,7,0.0,0.0,0.0
Adamawa,2019-03-04,2019-03-10,7,0.0,0.0,0.0
Adamawa,2019-03-11,2019-03-17,7,0.0,0.0,0.0
Adamawa,2019-03-18,2019-03-24,7,0.0,0.0,0.0
Adamawa,2019-05-13,2019-05-19,7,0.0,0.0,0.0
Centre,2010-01-04,2010-01-10,29,0.0,0.0,0.0
Centre,2010-01-11,2010-01-17,29,0.0,0.0,0.0
Centre,2010-01-18,2010-01-24,29,0.0,0.0,0.0
Centre,2010-01-25,2010-01-31,29,0.0,0.0,0.0
Centre,2010-02-01,2010-02-07,29,0.0,0.0,0.0
Centre,2010-02-08,2010-02-14,29,0.0,0.0,0.0
Centre,2010-02-15,2010-02-21,29,0.0,0.0,0.0
Centre,2010-02-22,2010-02-28,29,0.0,0.0,0.0
Centre,2010-03-01,2010-03-07,29,0.0,0.0,0.0
Centre,2010-03-08,2010-03-14,29,0.0,0.0,0.0
Centre,2010-03-15,2010-03-21,29,0.0,0.0,0.0
Centre,2010-03-22,2010-03-28,29,0.0,0.0,0.0
Centre,2010-03-29,2010-04-04,29,0.0,0.0,0.0
Centre,2010-04-01,2010-10-25,1,2.0,27.0,0.0
Centre,2010-04-05,2010-04-11,29,0.0,0.0,0.0
Centre,2010-04-12,2010-04-18,29,0.0,0.0,0.0
Centre,2010-04-19,2010-04-25,29,0.0,0.0,0.0
Centre,2010-04-26,2010-05-02,29,0.0,0.0,0.0
Centre,2010-05-03,2010-05-09,29,0.0,0.0,0.0
Centre,2010-05-06,2010-12-31,1,2.0,46.0,0.0
Centre,2010-05-10,2010-05-16,29,0.0,0.0,0.0
Centre,2010-05-17,2010-05-23,29,0.0,0.0,0.0
Centre,2010-05-24,2010-05-30,29,0.0,0.0,0.0
Centre,2010-05-31,2010-06-06,29,0.0,0.0,0.0
Centre,2010-06-07,2010-06-13,29,0.0,0.0,0.0
Centre,2010-06-14,2010-06-20,29,0.0,0.0,0.0
Centre,2010-06-21,2010-06-27,29,0.0,0.0,0.0
Centre,2010-06-28,2010-07-04,29,0.0,0.0,0.0
Centre,2010-07-05,2010-07-11,29,0.0,0.0,0.0
Centre,2010-07-12,2010-07-18,29,0.0,0.0,0.0
Centre,2010-07-19,2010-07-25,29,0.0,0.0,0.0
Centre,2010-07-26,2010-08-01,29,0.0,0.0,0.0
Centre,2010-08-02,2010-08-08,29,0.0,0.0,0.0
Centre,2010-08-09,2010-08-15,29,0.0,0.0,0.0
Centre,2010-08-16,2010-08-22,29,0.0,0.0,0.0
Centre,2010-08-23,2010-08-29,29,0.0,0.0,0.0
Centre,2010-08-30,2010-09-05,29,0.0,0.0,0.0
Centre,2010-09-06,2010-09-12,29,0.0,4.0,0.0
Centre,2010-09-13,2010-09-19,29,0.0,0.0,0.0
Centre,2010-09-20,2010-09-26,29,0.0,4.0,0.0
Centre,2010-09-27,2010-10-03,29,0.0,8.0,0.0
Centre,2010-10-04,2010-10-10,29,1.0,5.0,0.0
Centre,2010-10-11,2010-10-17,29,0.0,5.0,0.0
Centre,2010-10-18,2010-10-24,29,0.0,4.0,0.0
Centre,2010-10-25,2010-10-31,29,0.0,0.0,0.0
Centre,2010-11-01,2010-11-07,29,0.0,0.0,0.0
Centre,2010-11-08,2010-11-14,29,0.0,0.0,0.0
Centre,2010-11-15,2010-11-21,29,0.0,0.0,0.0
Centre,2010-11-22,2010-11-28,29,0.0,0.0,0.0
Centre,2010-11-29,2010-12-05,29,0.0,0.0,0.0
Centre,2010-12-06,2010-12-12,29,0.0,0.0,0.0
Centre,2010-12-13,2010-12-19,29,0.0,0.0,0.0
Centre,2010-12-20,2010-12-26,29,0.0,0.0,0.0
Centre,2010-12-27,2011-01-02,29,0.0,0.0,0.0
Centre,2011-01-01,2011-09-22,27,197.0,6266.0,0.0
Centre,2011-01-03,2011-01-09,29,0.0,0.0,0.0
Centre,2011-01-10,2011-01-16,29,0.0,1.0,0.0
Centre,2011-01-17,2011-01-23,29,0.0,1.0,0.0
Centre,2011-01-24,2011-01-30,29,0.0,1.0,0.0
Centre,2011-01-31,2011-02-06,29,0.0,1.0,0.0
Centre,2011-02-07,2011-02-13,29,0.0,1.0,0.0
Centre,2011-02-14,2011-02-20,29,2.0,15.0,0.0
Centre,2011-02-21,2011-02-27,29,0.0,18.0,0.0
Centre,2011-02-28,2011-03-06,29,2.0,24.0,0.0
Centre,2011-03-07,2011-03-13,29,7.0,54.0,0.0
Centre,2011-03-14,2011-03-20,29,14.0,145.0,0.0
Centre,2011-03-21,2011-03-27,29,15.0,377.0,0.0
Centre,2011-03-28,2011-04-03,29,13.0,330.0,0.0
Centre,2011-04-04,2011-04-10,29,9.0,305.0,0.0
Centre,2011-04-11,2011-04-17,29,4.0,268.0,0.0
Centre,2011-04-18,2011-04-24,29,2.0,233.0,0.0
Centre,2011-04-25,2011-05-01,29,3.0,202.0,0.0
Centre,2011-05-02,2011-05-08,29,1.0,191.0,0.0
Centre,2011-05-09,2011-05-15,29,0.0,145.0,0.0
Centre,2011-05-16,2011-05-22,29,1.0,34.0,0.0
Centre,2011-05-23,2011-05-29,29,0.0,117.0,0.0
Centre,2011-05-30,2011-06-05,29,3.0,80.0,0.0
Centre,2011-06-06,2011-06-12,29,0.0,5.0,0.0
Centre,2011-06-13,2011-06-19,29,1.0,70.0,0.0
Centre,2011-06-20,2011-06-26,29,3.0,68.0,0.0
Centre,2011-06-27,2011-07-03,29,0.0,0.0,0.0
Centre,2011-07-04,2011-07-10,29,0.0,42.0,0.0
Centre,2011-07-11,2011-07-17,29,3.0,30.0,0.0
Centre,2011-07-18,2011-07-24,29,4.0,35.0,0.0
Centre,2011-07-25,2011-07-31,29,1.0,37.0,0.0
Centre,2011-08-01,2011-08-07,29,3.0,41.0,0.0
Centre,2011-08-08,2011-08-14,29,1.0,12.0,0.0
Centre,2011-08-15,2011-08-21,29,3.0,34.0,0.0
Centre,2011-08-22,2011-08-28,29,0.0,20.0,0.0
Centre,2011-08-29,2011-09-04,29,2.0,14.0,0.0
Centre,2011-09-05,2011-09-11,29,0.0,6.0,0.0
Centre,2011-09-12,2011-09-18,29,2.0,16.0,0.0
Centre,2011-09-19,2011-09-25,29,2.0,17.0,0.0
Centre,2011-09-23,2011-12-11,1,35.0,529.0,0.0
Centre,2011-09-26,2011-10-02,29,6.0,29.0,0.0
Centre,2011-10-03,2011-10-09,29,6.0,40.0,0.0
Centre,2011-10-10,2011-10-16,29,7.0,67.0,0.0
Centre,2011-10-17,2011-10-23,29,1.0,60.0,0.0
Centre,2011-10-24,2011-10-30,29,6.0,126.0,0.0
Centre,2011-10-31,2011-11-06,29,4.0,79.0,0.0
Centre,2011-11-07,2011-11-13,29,1.0,48.0,0.0
Centre,2011-11-14,2011-11-20,29,2.0,50.0,0.0
Centre,2011-11-21,2011-11-27,29,1.0,18.0,0.0
Centre,2011-11-28,2011-12-04,29,0.0,8.0,0.0
Centre,2011-12-05,2011-12-11,29,0.0,10.0,0.0
Centre,2011-12-12,2011-12-18,29,0.0,2.0,0.0
Centre,2011-12-19,2011-12-25,29,0.0,8.0,0.0
Centre,2011-12-26,2012-01-01,29,1.0,2.0,0.0
Centre,2012-01-02,2012-01-08,29,0.0,0.0,0.0
Centre,2012-01-09,2012-01-15,29,1.0,7.0,0.0
Centre,2012-01-16,2012-01-22,29,0.0,3.0,0.0
Centre,2012-01-23,2012-01-29,29,0.0,2.0,0.0
Centre,2012-01-30,2012-02-05,29,0.0,1.0,0.0
Centre,2012-02-06,2012-02-12,29,0.0,0.0,0.0
Centre,2012-02-13,2012-02-19,29,0.0,3.0,0.0
Centre,2012-02-20,2012-02-26,29,0.0,0.0,0.0
Centre,2012-02-27,2012-03-04,29,0.0,1.0,0.0
Centre,2012-03-05,2012-03-11,29,0.0,1.0,0.0
Centre,2012-03-12,2012-03-18,29,0.0,2.0,0.0
Centre,2012-03-19,2012-03-25,29,0.0,1.0,0.0
Centre,2012-03-26,2012-04-01,29,0.0,0.0,0.0
Centre,2012-04-02,2012-04-08,29,0.0,0.0,0.0
Centre,2012-04-09,2012-04-15,29,0.0,0.0,0.0
Centre,2012-04-16,2012-04-22,29,0.0,1.0,0.0
Centre,2012-04-23,2012-04-29,29,0.0,0.0,0.0
Centre,2012-04-30,2012-05-06,29,0.0,3.0,0.0
Centre,2012-05-07,2012-05-13,29,0.0,1.0,0.0
Centre,2012-05-14,2012-05-20,29,0.0,0.0,0.0
Centre,2012-05-21,2012-05-27,29,0.0,2.0,0.0
Centre,2012-05-28,2012-06-03,29,0.0,0.0,0.0
Centre,2012-06-04,2012-06-10,29,0.0,0.0,0.0
Centre,2012-06-11,2012-06-17,29,0.0,0.0,0.0
Centre,2012-06-18,2012-06-24,29,0.0,0.0,0.0
Centre,2012-06-25,2012-07-01,29,0.0,0.0,0.0
Centre,2012-07-02,2012-07-08,29,0.0,0.0,0.0
Centre,2012-07-09,2012-07-15,29,1.0,4.0,0.0
Centre,2012-07-16,2012-07-22,29,0.0,0.0,0.0
Centre,2012-07-23,2012-07-29,29,0.0,0.0,0.0
Centre,2012-07-30,2012-08-05,29,0.0,0.0,0.0
Centre,2012-08-06,2012-08-12,29,0.0,0.0,0.0
Centre,2012-08-13,2012-08-19,29,0.0,0.0,0.0
Centre,2012-08-20,2012-08-26,29,0.0,0.0,0.0
Centre,2012-08-27,2012-09-02,29,0.0,1.0,0.0
Centre,2012-09-03,2012-09-09,29,0.0,0.0,0.0
Centre,2012-09-10,2012-09-16,29,0.0,1.0,0.0
Centre,2012-09-17,2012-09-23,29,1.0,2.0,0.0
Centre,2012-09-24,2012-09-30,29,0.0,0.0,0.0
Centre,2012-10-01,2012-10-07,29,0.0,0.0,0.0
Centre,2012-10-08,2012-10-14,29,0.0,1.0,0.0
Centre,2012-10-15,2012-10-21,29,0.0,0.0,0.0
Centre,2012-10-22,2012-10-28,29,0.0,0.0,0.0
Centre,2012-10-29,2012-11-04,29,0.0,0.0,0.0
Centre,2012-11-05,2012-11-11,29,0.0,0.0,0.0
Centre,2012-11-12,2012-11-18,29,0.0,1.0,0.0
Centre,2012-11-19,2012-11-25,29,0.0,0.0,0.0
Centre,2012-11-26,2012-12-02,29,0.0,0.0,0.0
Centre,2012-12-03,2012-12-09,29,0.0,0.0,0.0
Centre,2012-12-10,2012-12-16,29,0.0,0.0,0.0
Centre,2012-12-17,2012-12-23,29,0.0,0.0,0.0
Centre,2012-12-24,2012-12-30,29,0.0,1.0,0.0
Centre,2012-12-31,2013-01-06,29,0.0,0.0,0.0
Centre,2013-01-07,2013-01-13,29,0.0,0.0,0.0
Centre,2013-01-14,2013-01-20,29,0.0,0.0,0.0
Centre,2013-01-21,2013-01-27,29,0.0,0.0,0.0
Centre,2013-01-28,2013-02-03,29,0.0,0.0,0.0
Centre,2013-02-04,2013-02-10,29,0.0,0.0,0.0
Centre,2013-02-11,2013-02-17,29,0.0,0.0,0.0
Centre,2013-02-18,2013-02-24,29,0.0,0.0,0.0
Centre,2013-02-25,2013-03-03,29,0.0,0.0,0.0
Centre,2013-03-04,2013-03-10,29,0.0,1.0,0.0
Centre,2013-03-11,2013-03-17,29,0.0,0.0,0.0
Centre,2013-03-18,2013-03-24,29,0.0,2.0,0.0
Centre,2013-03-25,2013-03-31,29,0.0,0.0,0.0
Centre,2013-04-01,2013-04-07,29,0.0,0.0,0.0
Centre,2013-04-08,2013-04-14,29,0.0,0.0,0.0
Centre,2013-04-15,2013-04-21,29,0.0,0.0,0.0
Centre,2013-04-22,2013-04-28,29,0.0,0.0,0.0
Centre,2013-04-29,2013-05-05,29,0.0,0.0,0.0
Centre,2013-05-06,2013-05-12,29,0.0,0.0,0.0
Centre,2013-05-13,2013-05-19,29,0.0,0.0,0.0
Centre,2013-05-20,2013-05-26,29,0.0,0.0,0.0
Centre,2013-05-27,2013-06-02,29,0.0,0.0,0.0
Centre,2013-06-03,2013-06-09,29,0.0,0.0,0.0
Centre,2013-06-10,2013-06-16,29,0.0,0.0,0.0
Centre,2013-06-17,2013-06-23,29,0.0,0.0,0.0
Centre,2013-06-24,2013-06-30,29,0.0,0.0,0.0
Centre,2013-07-01,2013-07-07,29,0.0,0.0,0.0
Centre,2013-07-08,2013-07-14,29,0.0,0.0,0.0
Centre,2013-07-15,2013-07-21,29,0.0,0.0,0.0
Centre,2013-07-22,2013-07-28,29,0.0,0.0,0.0
Centre,2013-07-29,2013-08-04,29,0.0,0.0,0.0
Centre,2013-08-05,2013-08-11,29,0.0,0.0,0.0
Centre,2013-08-12,2013-08-18,29,0.0,0.0,0.0
Centre,2013-08-19,2013-08-25,29,0.0,0.0,0.0
Centre,2013-08-26,2013-09-01,29,0.0,0.0,0.0
Centre,2013-09-02,2013-09-08,29,0.0,0.0,0.0
Centre,2013-09-09,2013-09-15,29,0.0,0.0,0.0
Centre,2013-09-16,2013-09-22,29,0.0,0.0,0.0
Centre,2013-09-23,2013-09-29,29,0.0,0.0,0.0
Centre,2013-09-30,2013-10-06,29,0.0,0.0,0.0
Centre,2013-10-07,2013-10-13,29,0.0,0.0,0.0
Centre,2013-10-14,2013-10-20,29,0.0,0.0,0.0
Centre,2013-10-21,2013-10-27,29,0.0,0.0,0.0
Centre,2013-10-28,2013-11-03,29,0.0,2.0,0.0
Centre,2013-11-04,2013-11-10,29,0.0,0.0,0.0
Centre,2013-11-11,2013-11-17,29,0.0,2.0,0.0
Centre,2013-11-18,2013-11-24,29,0.0,0.0,0.0
Centre,2013-11-25,2013-12-01,29,0.0,0.0,0.0
Centre,2013-12-02,2013-12-08,29,0.0,2.0,0.0
Centre,2013-12-09,2013-12-15,29,0.0,0.0,0.0
Centre,2013-12-16,2013-12-22,29,0.0,0.0,0.0
Centre,2013-12-23,2013-12-29,29,0.0,0.0,0.0
Centre,2013-12-30,2014-01-05,30,0.0,0.0,0.0
Centre,2014-01-06,2014-01-12,30,0.0,0.0,0.0
Centre,2014-01-13,2014-01-19,30,0.0,0.0,0.0
Centre,2014-01-20,2014-01-26,30,0.0,0.0,0.0
Centre,2014-01-27,2014-02-02,30,0.0,1.0,0.0
Centre,2014-02-03,2014-02-09,30,0.0,2.0,0.0
Centre,2014-02-10,2014-02-16,30,0.0,0.0,0.0
Centre,2014-02-17,2014-02-23,30,0.0,1.0,0.0
Centre,2014-02-24,2014-03-02,30,0.0,0.0,0.0
Centre,2014-03-03,2014-03-09,30,0.0,2.0,0.0
Centre,2014-03-10,2014-03-16,30,0.0,0.0,0.0
Centre,2014-03-17,2014-03-23,30,0.0,2.0,0.0
Centre,2014-03-24,2014-03-30,30,0.0,1.0,0.0
Centre,2014-03-31,2014-04-06,30,0.0,0.0,0.0
Centre,2014-04-07,2014-04-13,30,0.0,2.0,0.0
Centre,2014-04-14,2014-04-20,30,0.0,0.0,0.0
Centre,2014-04-21,2014-04-27,30,0.0,0.0,0.0
Centre,2014-04-28,2014-05-04,30,0.0,0.0,0.0
Centre,2014-05-05,2014-05-11,30,0.0,0.0,0.0
Centre,2014-05-12,2014-05-18,30,0.0,0.0,0.0
Centre,2014-05-19,2014-05-25,30,0.0,0.0,0.0
Centre,2014-05-26,2014-06-01,30,0.0,0.0,0.0
Centre,2014-06-02,2014-06-08,30,0.0,0.0,0.0
Centre,2014-06-09,2014-06-15,30,0.0,6.0,0.0
Centre,2014-06-16,2014-06-22,30,0.0,0.0,0.0
Centre,2014-06-23,2014-06-29,30,0.0,0.0,0.0
Centre,2014-06-30,2014-07-06,30,0.0,0.0,0.0
Centre,2014-07-07,2014-07-13,30,0.0,0.0,0.0
Centre,2014-07-14,2014-07-20,30,0.0,0.0,0.0
Centre,2014-07-21,2014-07-27,30,0.0,0.0,0.0
Centre,2014-07-28,2014-08-03,30,0.0,0.0,0.0
Centre,2014-08-04,2014-08-10,30,0.0,0.0,0.0
Centre,2014-08-11,2014-08-17,30,0.0,0.0,0.0
Centre,2014-08-18,2014-08-24,30,0.0,0.0,0.0
Centre,2014-08-25,2014-08-31,30,0.0,0.0,0.0
Centre,2014-09-01,2014-09-07,30,0.0,0.0,0.0
Centre,2014-09-08,2014-09-14,30,0.0,0.0,0.0
Centre,2014-09-15,2014-09-21,30,0.0,0.0,0.0
Centre,2014-09-22,2014-09-28,30,0.0,0.0,0.0
Centre,2014-09-29,2014-10-05,30,0.0,0.0,0.0
Centre,2014-10-06,2014-10-12,30,0.0,0.0,0.0
Centre,2014-10-13,2014-10-19,30,0.0,0.0,0.0
Centre,2014-10-20,2014-10-26,30,0.0,0.0,0.0
Centre,2014-10-27,2014-11-02,30,0.0,0.0,0.0
Centre,2014-11-03,2014-11-09,30,0.0,0.0,0.0
Centre,2014-11-10,2014-11-16,30,0.0,0.0,0.0
Centre,2014-11-17,2014-11-23,30,0.0,0.0,0.0
Centre,2014-11-24,2014-11-30,30,0.0,0.0,0.0
Centre,2014-12-01,2014-12-07,30,0.0,0.0,0.0
Centre,2014-12-08,2014-12-14,30,0.0,0.0,0.0
Centre,2014-12-15,2014-12-21,30,0.0,0.0,0.0
Centre,2014-12-22,2014-12-28,30,0.0,0.0,0.0
Centre,2014-12-29,2015-01-04,30,0.0,0.0,0.0
Centre,2015-01-05,2015-01-11,30,0.0,0.0,0.0
Centre,2015-01-12,2015-01-18,30,0.0,0.0,0.0
Centre,2015-01-19,2015-01-25,30,0.0,0.0,0.0
Centre,2015-01-26,2015-02-01,30,0.0,0.0,0.0
Centre,2015-02-02,2015-02-08,30,0.0,0.0,0.0
Centre,2015-02-09,2015-02-15,30,0.0,0.0,0.0
Centre,2015-02-16,2015-02-22,30,0.0,1.0,0.0
Centre,2015-02-23,2015-03-01,30,0.0,0.0,0.0
Centre,2015-03-02,2015-03-08,30,0.0,0.0,0.0
Centre,2015-03-09,2015-03-15,30,0.0,0.0,0.0
Centre,2015-03-16,2015-03-22,30,0.0,0.0,0.0
Centre,2015-03-23,2015-03-29,30,0.0,0.0,0.0
Centre,2015-03-30,2015-04-05,30,0.0,0.0,0.0
Centre,2015-04-06,2015-04-12,30,0.0,0.0,0.0
Centre,2015-04-13,2015-04-19,30,0.0,0.0,0.0
Centre,2015-04-20,2015-04-26,30,0.0,0.0,0.0
Centre,2015-04-27,2015-05-03,30,0.0,0.0,0.0
Centre,2015-05-04,2015-05-10,30,0.0,0.0,0.0
Centre,2015-05-11,2015-05-17,30,0.0,0.0,0.0
Centre,2015-05-18,2015-05-24,30,0.0,0.0,0.0
Centre,2015-05-25,2015-05-31,30,0.0,0.0,0.0
Centre,2015-06-01,2015-06-07,30,0.0,0.0,0.0
Centre,2015-06-08,2015-06-14,30,0.0,0.0,0.0
Centre,2015-06-15,2015-06-21,30,0.0,0.0,0.0
Centre,2015-06-22,2015-06-28,30,0.0,0.0,0.0
Centre,2015-06-29,2015-07-05,30,0.0,0.0,0.0
Centre,2015-07-06,2015-07-12,30,0.0,0.0,0.0
Centre,2015-07-13,2015-07-19,30,0.0,0.0,0.0
Centre,2015-07-20,2015-07-26,30,0.0,0.0,0.0
Centre,2015-07-27,2015-08-02,30,0.0,0.0,0.0
Centre,2015-08-03,2015-08-09,30,0.0,0.0,0.0
Centre,2015-08-10,2015-08-16,30,0.0,0.0,0.0
Centre,2015-08-17,2015-08-23,30,0.0,0.0,0.0
Centre,2015-08-24,2015-08-30,30,0.0,0.0,0.0
Centre,2015-08-31,2015-09-06,30,0.0,0.0,0.0
Centre,2015-09-07,2015-09-13,30,0.0,0.0,0.0
Centre,2015-09-14,2015-09-20,30,0.0,0.0,0.0
Centre,2015-09-21,2015-09-27,30,0.0,0.0,0.0
Centre,2015-09-28,2015-10-04,30,0.0,0.0,0.0
Centre,2015-10-05,2015-10-11,30,0.0,0.0,0.0
Centre,2015-10-12,2015-10-18,30,0.0,0.0,0.0
Centre,2015-10-19,2015-10-25,30,0.0,0.0,0.0
Centre,2015-10-26,2015-11-01,30,0.0,0.0,0.0
Centre,2015-11-02,2015-11-08,30,0.0,0.0,0.0
Centre,2015-11-09,2015-11-15,30,0.0,0.0,0.0
Centre,2015-11-16,2015-11-22,30,0.0,0.0,0.0
Centre,2015-11-23,2015-11-29,30,0.0,0.0,0.0
Centre,2015-11-30,2015-12-06,30,0.0,0.0,0.0
Centre,2015-12-07,2015-12-13,30,0.0,0.0,0.0
Centre,2015-12-14,2015-12-20,30,0.0,0.0,0.0
Centre,2015-12-21,2015-12-27,30,0.0,0.0,0.0
Centre,2016-01-04,2016-01-10,30,0.0,0.0,0.0
Centre,2016-01-11,2016-01-17,30,0.0,0.0,0.0
Centre,2016-01-18,2016-01-24,30,0.0,0.0,0.0
Centre,2016-01-25,2016-01-31,30,0.0,0.0,0.0
Centre,2016-02-01,2016-02-07,30,0.0,0.0,0.0
Centre,2016-02-08,2016-02-14,30,0.0,0.0,0.0
Centre,2016-02-15,2016-02-21,30,0.0,0.0,0.0
Centre,2016-02-22,2016-02-28,30,0.0,0.0,0.0
Centre,2016-02-29,2016-03-06,30,0.0,0.0,0.0
Centre,2016-03-07,2016-03-13,30,0.0,0.0,0.0
Centre,2016-03-14,2016-03-20,30,0.0,0.0,0.0
Centre,2016-03-21,2016-03-27,30,0.0,0.0,0.0
Centre,2016-03-28,2016-04-03,30,0.0,0.0,0.0
Centre,2016-04-04,2016-04-10,30,0.0,0.0,0.0
Centre,2016-04-11,2016-04-17,30,0.0,0.0,0.0
Centre,2016-04-18,2016-04-24,30,0.0,0.0,0.0
Centre,2016-04-25,2016-05-01,30,0.0,0.0,0.0
Centre,2016-05-02,2016-05-08,30,0.0,0.0,0.0
Centre,2016-05-09,2016-05-15,30,0.0,0.0,0.0
Centre,2016-05-16,2016-05-22,30,0.0,0.0,0.0
Centre,2016-05-23,2016-05-29,30,0.0,0.0,0.0
Centre,2016-05-30,2016-06-05,30,0.0,0.0,0.0
Centre,2016-06-06,2016-06-12,30,0.0,0.0,0.0
Centre,2016-06-13,2016-06-19,30,0.0,0.0,0.0
Centre,2016-06-20,2016-06-26,30,0.0,0.0,0.0
Centre,2016-06-27,2016-07-03,30,0.0,0.0,0.0
Centre,2016-07-04,2016-07-10,30,0.0,0.0,0.0
Centre,2016-07-11,2016-07-17,30,0.0,0.0,0.0
Centre,2016-07-18,2016-07-24,30,0.0,0.0,0.0
Centre,2016-07-25,2016-07-31,30,0.0,0.0,0.0
Centre,2016-08-01,2016-08-07,30,0.0,0.0,0.0
Centre,2016-08-08,2016-08-14,30,0.0,0.0,0.0
Centre,2016-08-15,2016-08-21,30,0.0,0.0,0.0
Centre,2016-08-22,2016-08-28,30,0.0,0.0,0.0
Centre,2016-08-29,2016-09-04,30,0.0,0.0,0.0
Centre,2016-09-05,2016-09-11,30,0.0,0.0,0.0
Centre,2016-09-12,2016-09-18,30,0.0,0.0,0.0
Centre,2016-09-19,2016-09-25,30,0.0,0.0,0.0
Centre,2016-09-26,2016-10-02,30,0.0,1.0,0.0
Centre,2016-10-03,2016-10-09,30,0.0,0.0,0.0
Centre,2016-10-10,2016-10-16,30,0.0,0.0,0.0
Centre,2016-10-17,2016-10-23,30,0.0,1.0,0.0
Centre,2016-10-24,2016-10-30,30,0.0,0.0,0.0
Centre,2016-10-31,2016-11-06,30,0.0,32.0,0.0
Centre,2016-11-07,2016-11-13,30,0.0,0.0,0.0
Centre,2016-11-14,2016-11-20,30,0.0,0.0,0.0
Centre,2016-11-21,2016-11-27,30,0.0,0.0,0.0
Centre,2016-11-28,2016-12-04,30,0.0,0.0,0.0
Centre,2016-12-05,2016-12-11,30,0.0,0.0,0.0
Centre,2016-12-12,2016-12-18,30,0.0,1.0,0.0
Centre,2016-12-19,2016-12-25,30,0.0,0.0,0.0
Centre,2016-12-26,2017-01-01,30,0.0,0.0,0.0
Centre,2017-01-02,2017-01-08,30,0.0,0.0,0.0
Centre,2017-01-09,2017-01-15,30,0.0,0.0,0.0
Centre,2017-01-16,2017-01-22,30,0.0,0.0,0.0
Centre,2017-01-23,2017-01-29,30,0.0,0.0,0.0
Centre,2017-01-30,2017-02-05,30,0.0,0.0,0.0
Centre,2017-02-06,2017-02-12,30,0.0,0.0,0.0
Centre,2017-02-13,2017-02-19,30,0.0,0.0,0.0
Centre,2017-02-20,2017-02-26,30,0.0,1.0,0.0
Centre,2017-02-27,2017-03-05,30,0.0,0.0,0.0
Centre,2017-03-06,2017-03-12,30,0.0,0.0,0.0
Centre,2017-03-13,2017-03-19,30,0.0,0.0,0.0
Centre,2017-03-20,2017-03-26,30,0.0,0.0,0.0
Centre,2017-03-27,2017-04-02,30,0.0,0.0,0.0
Centre,2017-04-03,2017-04-09,30,0.0,0.0,0.0
Centre,2017-04-10,2017-04-16,30,0.0,0.0,0.0
Centre,2017-04-17,2017-04-23,30,0.0,0.0,0.0
Centre,2017-04-24,2017-04-30,30,0.0,0.0,0.0
Centre,2017-05-01,2017-05-07,30,0.0,0.0,0.0
Centre,2017-05-08,2017-05-14,30,0.0,0.0,0.0
Centre,2017-05-15,2017-05-21,30,0.0,0.0,0.0
Centre,2017-05-22,2017-05-28,30,0.0,0.0,0.0
Centre,2017-05-29,2017-06-04,30,0.0,0.0,0.0
Centre,2017-06-05,2017-06-11,30,0.0,0.0,0.0
Centre,2017-06-12,2017-06-18,30,0.0,0.0,0.0
Centre,2017-06-19,2017-06-25,30,0.0,0.0,0.0
Centre,2017-06-26,2017-07-02,30,0.0,0.0,0.0
Centre,2017-07-03,2017-07-09,30,0.0,0.0,0.0
Centre,2017-07-10,2017-07-16,30,0.0,0.0,0.0
Centre,2017-07-17,2017-07-23,30,0.0,0.0,0.0
Centre,2017-07-24,2017-07-30,30,0.0,0.0,0.0
Centre,2017-07-31,2017-08-06,30,0.0,0.0,0.0
Centre,2017-08-07,2017-08-13,30,0.0,0.0,0.0
Centre,2017-08-14,2017-08-20,30,0.0,0.0,0.0
Centre,2017-08-21,2017-08-27,30,0.0,0.0,0.0
Centre,2017-08-28,2017-09-03,30,0.0,0.0,0.0
Centre,2017-09-04,2017-09-10,30,0.0,0.0,0.0
Centre,2017-09-11,2017-09-17,30,0.0,0.0,0.0
Centre,2017-09-18,2017-09-24,30,0.0,0.0,0.0
Centre,2017-09-25,2017-10-01,30,0.0,0.0,0.0
Centre,2017-10-02,2017-10-08,30,0.0,0.0,0.0
Centre,2017-10-09,2017-10-15,30,0.0,0.0,0.0
Centre,2017-10-16,2017-10-22,30,0.0,0.0,0.0
Centre,2017-10-23,2017-10-29,30,0.0,0.0,0.0
Centre,2017-10-30,2017-11-05,30,0.0,0.0,0.0
Centre,2017-11-06,2017-11-12,30,0.0,1.0,0.0
Centre,2017-11-13,2017-11-19,30,0.0,0.0,0.0
Centre,2017-11-20,2017-11-26,30,0.0,0.0,0.0
Centre,2017-11-27,2017-12-03,30,0.0,0.0,0.0
Centre,2017-12-04,2017-12-10,30,0.0,0.0,0.0
Centre,2017-12-11,2017-12-17,30,0.0,0.0,0.0
Centre,2017-12-18,2017-12-24,30,0.0,0.0,0.0
Centre,2017-12-25,2017-12-31,30,0.0,0.0,0.0
Centre,2018-01-01,2018-01-07,26,0.0,0.0,0.0
Centre,2018-01-01,2018-12-30,23,0.0,71.0,0.0
Centre,2018-01-08,2018-01-14,26,0.0,0.0,0.0
Centre,2018-01-15,2018-01-21,26,0.0,0.0,0.0
Centre,2018-01-22,2018-01-28,26,0.0,0.0,0.0
Centre,2018-01-29,2018-02-04,26,0.0,0.0,0.0
Centre,2018-02-05,2018-02-11,26,0.0,0.0,0.0
Centre,2018-02-12,2018-02-18,26,0.0,0.0,0.0
Centre,2018-02-19,2018-02-25,26,0.0,0.0,0.0
Centre,2018-02-26,2018-03-04,26,0.0,0.0,0.0
Centre,2018-03-05,2018-03-11,26,0.0,0.0,0.0
Centre,2018-03-12,2018-03-18,26,0.0,0.0,0.0
Centre,2018-03-19,2018-03-25,26,0.0,0.0,0.0
Centre,2018-03-26,2018-04-01,26,0.0,0.0,0.0
Centre,2018-04-02,2018-04-08,26,0.0,2.0,0.0
Centre,2018-04-09,2018-04-15,26,0.0,0.0,0.0
Centre,2018-04-16,2018-04-22,26,0.0,0.0,0.0
Centre,2018-04-23,2018-04-29,26,0.0,0.0,0.0
Centre,2018-04-30,2018-05-06,26,0.0,0.0,0.0
Centre,2018-05-07,2018-05-13,26,0.0,0.0,0.0
Centre,2018-05-14,2018-05-20,26,0.0,0.0,0.0
Centre,2018-05-18,2018-07-26,1,0.0,39.0,3.0
Centre,2018-05-18,2018-07-31,1,0.0,45.0,4.0
Centre,2018-05-18,2018-08-13,1,12.0,168.0,17.0
Centre,2018-05-18,2018-08-17,1,1.0,26.0,4.0
Centre,2018-05-18,2018-08-29,1,17.0,237.0,22.0
Centre,2018-05-18,2018-09-17,1,0.0,4.0,4.0
Centre,2018-05-18,2018-09-24,1,1.0,72.0,0.0
Centre,2018-05-18,2018-09-28,2,31.0,398.0,46.0
Centre,2018-05-18,2018-10-12,2,34.0,474.0,49.0
Centre,2018-05-18,2018-10-23,1,1.0,72.0,0.0
Centre,2018-05-18,2018-11-09,1,1.0,72.0,0.0
Centre,2018-05-18,2018-11-23,1,57.0,942.0,73.0
Centre,2018-05-18,2018-12-02,1,57.0,987.0,73.0
Centre,2018-05-18,2018-12-19,1,58.0,990.0,77.0
Centre,2018-05-18,2020-01-09,1,1.0,72.0,0.0
Centre,2018-05-18,2020-01-26,1,1.0,72.0,0.0
Centre,2018-05-18,2020-12-16,1,1.0,73.0,0.0
Centre,2018-05-21,2018-05-27,26,0.0,0.0,0.0
Centre,2018-05-28,2018-06-03,26,0.0,0.0,0.0
Centre,2018-06-04,2018-06-10,26,0.0,0.0,0.0
Centre,2018-06-11,2018-06-17,26,0.0,0.0,0.0
Centre,2018-06-18,2018-06-24,26,0.0,0.0,0.0
Centre,2018-06-25,2018-07-01,26,0.0,0.0,0.0
Centre,2018-07-02,2018-07-08,26,0.0,0.0,0.0
Centre,2018-07-09,2018-07-15,26,0.0,4.0,0.0
Centre,2018-07-13,2018-08-12,1,1.0,65.0,0.0
Centre,2018-07-13,2018-09-03,1,1.0,72.0,4.0
Centre,2018-07-16,2018-07-22,26,0.0,56.0,0.0
Centre,2018-07-23,2018-07-29,26,0.0,32.0,0.0
Centre,2018-07-30,2018-08-05,26,0.0,34.0,0.0
Centre,2018-08-06,2018-08-12,26,0.0,4.0,0.0
Centre,2018-08-13,2018-08-19,26,0.0,8.0,0.0
Centre,2018-08-20,2018-08-26,25,0.0,2.0,0.0
Centre,2018-08-27,2018-09-02,26,0.0,2.0,0.0
Centre,2018-08-27,2018-09-03,1,0.0,0.0,0.0
Centre,2018-08-27,2018-09-17,1,0.0,0.0,0.0
Centre,2018-08-27,2018-10-12,1,0.0,0.0,0.0
Centre,2018-08-27,2018-10-16,1,0.0,0.0,0.0
Centre,2018-08-27,2018-10-23,1,0.0,0.0,0.0
Centre,2018-08-27,2018-10-29,1,0.0,0.0,0.0
Centre,2018-08-27,2018-11-02,1,0.0,0.0,0.0
Centre,2018-08-27,2018-11-09,1,0.0,0.0,0.0
Centre,2018-08-27,2018-11-23,1,0.0,0.0,0.0
Centre,2018-08-27,2018-12-02,1,0.0,0.0,0.0
Centre,2018-08-27,2018-12-19,1,0.0,0.0,0.0
Centre,2018-08-28,2018-09-24,1,0.0,0.0,0.0
Centre,2018-09-03,2018-09-09,26,0.0,0.0,0.0
Centre,2018-09-10,2018-09-16,26,0.0,0.0,0.0
Centre,2018-09-17,2018-09-23,26,0.0,0.0,0.0
Centre,2018-09-24,2018-09-30,26,0.0,0.0,0.0
Centre,2018-10-01,2018-10-07,26,0.0,0.0,0.0
Centre,2018-10-01,2020-01-09,1,0.0,0.0,0.0
Centre,2018-10-08,2018-10-14,26,0.0,0.0,0.0
Centre,2018-10-15,2018-10-21,26,0.0,0.0,0.0
Centre,2018-10-22,2018-10-28,26,0.0,0.0,0.0
Centre,2018-10-29,2018-11-04,26,0.0,0.0,0.0
Centre,2018-11-05,2018-11-11,26,0.0,0.0,0.0
Centre,2018-11-12,2018-11-18,26,0.0,0.0,0.0
Centre,2018-11-19,2018-11-25,26,0.0,0.0,0.0
Centre,2018-11-26,2018-12-02,26,0.0,2.0,0.0
Centre,2018-12-03,2018-12-09,2,0.0,0.0,0.0
Centre,2018-12-10,2018-12-16,26,0.0,0.0,0.0
Centre,2018-12-17,2018-12-23,26,0.0,0.0,0.0
Centre,2018-12-24,2018-12-30,26,0.0,0.0,0.0
Centre,2018-12-31,2019-01-06,27,0.0,0.0,0.0
Centre,2018-12-31,2019-12-29,23,0.0,0.0,0.0
Centre,2019-01-07,2019-01-13,27,0.0,0.0,0.0
Centre,2019-01-14,2019-01-20,27,0.0,0.0,0.0
Centre,2019-01-21,2019-01-27,27,0.0,0.0,0.0
Centre,2019-01-28,2019-02-03,27,0.0,0.0,0.0
Centre,2019-02-04,2019-02-10,27,0.0,0.0,0.0
Centre,2019-02-11,2019-02-17,27,0.0,0.0,0.0
Centre,2019-02-18,2019-02-24,27,0.0,0.0,0.0
Centre,2019-02-25,2019-03-03,27,0.0,0.0,0.0
Centre,2019-03-04,2019-03-10,27,0.0,0.0,0.0
Centre,2019-03-11,2019-03-17,27,0.0,0.0,0.0
Centre,2019-03-18,2019-03-24,26,0.0,0.0,0.0
Centre,2019-05-13,2019-05-19,26,0.0,0.0,0.0
Centre,2019-12-30,2020-01-05,1,0.0,0.0,0.0
Centre,2020-01-01,2020-10-25,1,2.0,60.0,0.0
Centre,2020-01-06,2020-01-12,1,0.0,0.0,0.0
Centre,2020-01-13,2020-01-19,1,0.0,0.0,0.0
Centre,2020-01-20,2020-01-26,1,0.0,0.0,0.0
Centre,2020-01-27,2020-02-02,1,0.0,0.0,0.0
Centre,2020-02-03,2020-02-09,1,0.0,0.0,0.0
Centre,2020-02-10,2020-02-16,1,0.0,1.0,0.0
Centre,2020-02-10,2020-06-19,1,0.0,1.0,0.0
Centre,2020-02-10,2020-07-13,1,0.0,5.0,0.0
Centre,2020-02-10,2020-07-24,1,1.0,16.0,0.0
Centre,2020-02-10,2020-07-28,1,0.0,1.0,0.0
Centre,2020-02-10,2020-07-29,1,1.0,2.0,0.0
Centre,2020-02-10,2020-08-10,2,0.0,33.0,0.0
Centre,2020-02-10,2020-08-30,1,0.0,1.0,0.0
Centre,2020-02-10,2020-11-06,1,0.0,1.0,0.0
Centre,2020-02-17,2020-02-23,1,0.0,3.0,0.0
Centre,2020-02-24,2020-03-01,1,0.0,0.0,0.0
Centre,2020-03-02,2020-03-08,1,0.0,0.0,0.0
Centre,2020-03-09,2020-03-15,1,0.0,0.0,0.0
Centre,2020-03-16,2020-03-22,1,0.0,0.0,0.0
Centre,2020-03-23,2020-03-29,1,0.0,0.0,0.0
Centre,2020-03-30,2020-04-05,1,0.0,0.0,0.0
Centre,2020-04-06,2020-04-12,1,0.0,0.0,0.0
Centre,2020-04-13,2020-04-19,1,0.0,0.0,0.0
Centre,2020-04-20,2020-04-26,1,0.0,0.0,0.0
Centre,2020-04-27,2020-05-03,1,0.0,0.0,0.0
Centre,2020-05-04,2020-05-10,1,0.0,0.0,0.0
Centre,2020-05-11,2020-05-17,1,0.0,0.0,0.0
Centre,2020-05-18,2020-05-24,1,3.0,7.0,0.0
Centre,2020-05-25,2020-05-31,1,0.0,1.0,0.0
Centre,2020-06-01,2020-06-07,1,1.0,5.0,0.0
Centre,2020-06-08,2020-06-14,1,0.0,2.0,0.0
Centre,2020-06-15,2020-06-21,1,1.0,5.0,0.0
Centre,2020-06-22,2020-06-28,1,0.0,4.0,0.0
Centre,2020-06-29,2020-07-05,1,0.0,7.0,0.0
Centre,2020-07-06,2020-07-12,1,3.0,20.0,0.0
Centre,2020-07-13,2020-07-19,1,0.0,10.0,0.0
Centre,2020-07-20,2020-07-26,1,3.0,35.0,0.0
Centre,2020-07-27,2020-08-02,1,0.0,22.0,0.0
Centre,2020-08-03,2020-08-09,1,2.0,22.0,0.0
Centre,2020-08-10,2020-08-16,1,0.0,18.0,0.0
Centre,2020-08-17,2020-08-23,1,0.0,11.0,0.0
Centre,2020-08-24,2020-08-30,1,0.0,32.0,0.0
Centre,2020-08-31,2020-09-06,1,3.0,42.0,0.0
Centre,2020-09-07,2020-09-13,1,0.0,34.0,0.0
Centre,2020-09-14,2020-09-20,1,0.0,34.0,0.0
Centre,2020-09-21,2020-09-27,1,0.0,27.0,0.0
Centre,2020-09-28,2020-10-04,1,0.0,2.0,0.0
Centre,2020-10-05,2020-10-11,1,0.0,4.0,0.0
Centre,2020-10-12,2020-10-18,1,0.0,7.0,0.0
Centre,2020-10-19,2020-10-25,1,0.0,0.0,0.0
Centre,2020-10-26,2020-11-01,1,0.0,0.0,0.0
Centre,2020-11-02,2020-11-08,1,0.0,0.0,0.0
Centre,2020-11-09,2020-11-15,1,0.0,0.0,0.0
Centre,2020-11-16,2020-11-22,1,0.0,0.0,0.0
Centre,2020-11-23,2020-11-29,1,0.0,0.0,0.0
Centre,2020-11-30,2020-12-06,1,0.0,0.0,0.0
Centre,2021-01-01,2021-11-02,1,1.0,32.0,1.0
Centre,2021-10-25,2022-07-03,1,4.0,275.0,0.0
Centre,2022-01-03,2022-07-03,1,0.0,151.0,0.0
Centre,2022-02-21,2022-02-27,1,0.0,0.0,0.0
Centre,2022-02-28,2022-03-06,1,0.0,0.0,0.0
Centre,2022-03-07,2022-03-13,1,0.0,0.0,0.0
Centre,2022-03-14,2022-03-20,1,0.0,17.0,0.0
Centre,2022-03-21,2022-03-27,1,0.0,8.0,0.0
Centre,2022-03-28,2022-04-03,1,0.0,11.0,0.0
Centre,2022-04-04,2022-04-10,1,0.0,8.0,0.0
Centre,2022-06-27,2022-07-03,1,0.0,21.0,0.0
Centre,2022-08-29,2022-09-08,1,0.0,27.0,0.0
Centre,2022-09-16,2022-09-22,1,0.0,9.0,0.0
Centre,2022-10-07,2022-10-13,1,0.0,4.0,0.0
Centre,2022-10-14,2022-10-20,1,0.0,1.0,0.0
Centre,2022-10-28,2022-11-03,1,1.0,20.0,0.0
Centre,2022-11-04,2022-11-10,1,0.0,6.0,0.0
Centre,2022-11-18,2022-11-24,1,0.0,3.0,0.0
Centre,2022-12-02,2022-12-08,1,0.0,3.0,0.0
Centre,2022-12-30,2023-01-05,1,0.0,1.0,0.0
East,2010-01-04,2010-01-10,14,0.0,0.0,0.0
East,2010-01-11,2010-01-17,14,0.0,0.0,0.0
East,2010-01-18,2010-01-24,14,0.0,0.0,0.0
East,2010-01-25,2010-01-31,14,0.0,0.0,0.0
East,2010-02-01,2010-02-07,14,0.0,0.0,0.0
East,2010-02-08,2010-02-14,14,0.0,0.0,0.0
East,2010-02-15,2010-02-21,14,0.0,0.0,0.0
East,2010-02-22,2010-02-28,14,0.0,0.0,0.0
East,2010-03-01,2010-03-07,14,0.0,0.0,0.0
East,2010-03-08,2010-03-14,14,0.0,0.0,0.0
East,2010-03-15,2010-03-21,14,0.0,0.0,0.0
East,2010-03-22,2010-03-28,14,0.0,0.0,0.0
East,2010-03-29,2010-04-04,14,0.0,0.0,0.0
East,2010-04-05,2010-04-11,14,0.0,0.0,0.0
East,2010-04-12,2010-04-18,14,0.0,0.0,0.0
East,2010-04-19,2010-04-25,14,0.0,0.0,0.0
East,2010-04-26,2010-05-02,14,0.0,0.0,0.0
East,2010-05-03,2010-05-09,14,0.0,0.0,0.0
East,2010-05-06,2010-12-31,1,0.0,0.0,0.0
East,2010-05-10,2010-05-16,14,0.0,0.0,0.0
East,2010-05-17,2010-05-23,14,0.0,0.0,0.0
East,2010-05-24,2010-05-30,14,0.0,0.0,0.0
East,2010-05-31,2010-06-06,14,0.0,0.0,0.0
East,2010-06-07,2010-06-13,14,0.0,0.0,0.0
East,2010-06-14,2010-06-20,14,0.0,0.0,0.0
East,2010-06-21,2010-06-27,14,0.0,0.0,0.0
East,2010-06-28,2010-07-04,14,0.0,0.0,0.0
East,2010-07-05,2010-07-11,14,0.0,0.0,0.0
East,2010-07-12,2010-07-18,14,0.0,0.0,0.0
East,2010-07-19,2010-07-25,14,0.0,0.0,0.0
East,2010-07-26,2010-08-01,14,0.0,0.0,0.0
East,2010-08-02,2010-08-08,14,0.0,0.0,0.0
East,2010-08-09,2010-08-15,14,0.0,0.0,0.0
East,2010-08-16,2010-08-22,14,0.0,0.0,0.0
East,2010-08-23,2010-08-29,14,0.0,0.0,0.0
East,2010-08-30,2010-09-05,14,0.0,0.0,0.0
East,2010-09-06,2010-09-12,14,0.0,0.0,0.0
East,2010-09-13,2010-09-19,14,0.0,0.0,0.0
East,2010-09-20,2010-09-26,14,0.0,0.0,0.0
East,2010-09-27,2010-10-03,14,0.0,0.0,0.0
East,2010-10-04,2010-10-10,14,0.0,0.0,0.0
East,2010-10-11,2010-10-17,14,0.0,0.0,0.0
East,2010-10-18,2010-10-24,14,0.0,0.0,0.0
East,2010-10-25,2010-10-31,14,0.0,0.0,0.0
East,2010-11-01,2010-11-07,14,0.0,0.0,0.0
East,2010-11-08,2010-11-14,14,0.0,0.0,0.0
East,2010-11-15,2010-11-21,14,0.0,0.0,0.0
East,2010-11-22,2010-11-28,14,0.0,0.0,0.0
East,2010-11-29,2010-12-05,14,0.0,0.0,0.0
East,2010-12-06,2010-12-12,14,0.0,0.0,0.0
East,2010-12-13,2010-12-19,14,0.0,0.0,0.0
East,2010-12-20,2010-12-26,14,0.0,0.0,0.0
East,2010-12-27,2011-01-02,14,0.0,0.0,0.0
East,2011-01-01,2011-09-22,2,0.0,2.0,0.0
East,2011-01-03,2011-01-09,14,0.0,0.0,0.0
East,2011-01-10,2011-01-16,14,0.0,0.0,0.0
East,2011-01-17,2011-01-23,14,0.0,0.0,0.0
East,2011-01-24,2011-01-30,14,0.0,0.0,0.0
East,2011-01-31,2011-02-06,14,0.0,0.0,0.0
East,2011-02-07,2011-02-13,14,0.0,0.0,0.0
East,2011-02-14,2011-02-20,14,0.0,0.0,0.0
East,2011-02-21,2011-02-27,14,0.0,0.0,0.0
East,2011-02-28,2011-03-06,14,0.0,0.0,0.0
East,2011-03-07,2011-03-13,14,0.0,0.0,0.0
East,2011-03-14,2011-03-20,14,0.0,0.0,0.0
East,2011-03-21,2011-03-27,14,0.0,0.0,0.0
East,2011-03-28,2011-04-03,14,0.0,0.0,0.0
East,2011-04-04,2011-04-10,14,0.0,0.0,0.0
East,2011-04-11,2011-04-17,14,0.0,0.0,0.0
East,2011-04-18,2011-04-24,14,0.0,0.0,0.0
East,2011-04-25,2011-05-01,14,0.0,0.0,0.0
East,2011-05-02,2011-05-08,14,0.0,0.0,0.0
East,2011-05-09,2011-05-15,14,0.0,0.0,0.0
East,2011-05-16,2011-05-22,14,0.0,0.0,0.0
East,2011-05-23,2011-05-29,14,0.0,0.0,0.0
East,2011-05-30,2011-06-05,14,0.0,0.0,0.0
East,2011-06-06,2011-06-12,14,0.0,0.0,0.0
East,2011-06-13,2011-06-19,14,0.0,0.0,0.0
East,2011-06-20,2011-06-26,14,0.0,0.0,0.0
East,2011-06-27,2011-07-03,14,0.0,0.0,0.0
East,2011-07-04,2011-07-10,14,0.0,0.0,0.0
East,2011-07-11,2011-07-17,14,0.0,0.0,0.0
East,2011-07-18,2011-07-24,14,0.0,0.0,0.0
East,2011-07-25,2011-07-31,14,0.0,0.0,0.0
East,2011-08-01,2011-08-07,14,0.0,0.0,0.0
East,2011-08-08,2011-08-14,14,0.0,0.0,0.0
East,2011-08-15,2011-08-21,14,0.0,1.0,0.0
East,2011-08-22,2011-08-28,14,0.0,0.0,0.0
East,2011-08-29,2011-09-04,14,0.0,0.0,0.0
East,2011-09-05,2011-09-11,14,0.0,0.0,0.0
East,2011-09-12,2011-09-18,14,0.0,0.0,0.0
East,2011-09-19,2011-09-25,14,0.0,0.0,0.0
East,2011-09-23,2011-12-11,1,4.0,42.0,0.0
East,2011-09-26,2011-10-02,14,0.0,0.0,0.0
East,2011-10-03,2011-10-09,15,5.0,33.0,0.0
East,2011-10-08,2011-10-09,1,1.0,8.0,0.0
East,2011-10-10,2011-10-16,15,0.0,5.0,0.0
East,2011-10-17,2011-10-23,15,0.0,0.0,0.0
East,2011-10-24,2011-10-30,15,1.0,2.0,0.0
East,2011-10-31,2011-11-06,15,0.0,0.0,0.0
East,2011-11-07,2011-11-13,15,0.0,0.0,0.0
East,2011-11-14,2011-11-20,15,0.0,11.0,0.0
East,2011-11-21,2011-11-27,15,0.0,0.0,0.0
East,2011-11-28,2011-12-04,15,0.0,0.0,0.0
East,2011-12-05,2011-12-11,15,0.0,0.0,0.0
East,2011-12-12,2011-12-18,15,0.0,3.0,0.0
East,2011-12-19,2011-12-25,15,0.0,0.0,0.0
East,2011-12-26,2012-01-01,15,0.0,1.0,0.0
East,2012-01-02,2012-01-08,15,0.0,0.0,0.0
East,2012-01-09,2012-01-15,15,0.0,0.0,0.0
East,2012-01-16,2012-01-22,15,0.0,0.0,0.0
East,2012-01-23,2012-01-29,14,0.0,0.0,0.0
East,2012-01-30,2012-02-05,14,0.0,0.0,0.0
East,2012-02-06,2012-02-12,14,0.0,0.0,0.0
East,2012-02-13,2012-02-19,14,0.0,0.0,0.0
East,2012-02-20,2012-02-26,14,0.0,0.0,0.0
East,2012-02-27,2012-03-04,14,0.0,0.0,0.0
East,2012-03-05,2012-03-11,14,0.0,0.0,0.0
East,2012-03-12,2012-03-18,14,0.0,0.0,0.0
East,2012-03-19,2012-03-25,14,0.0,0.0,0.0
East,2012-03-26,2012-04-01,14,0.0,0.0,0.0
East,2012-04-02,2012-04-08,14,0.0,0.0,0.0
East,2012-04-09,2012-04-15,14,0.0,0.0,0.0
East,2012-04-16,2012-04-22,14,0.0,0.0,0.0
East,2012-04-23,2012-04-29,14,0.0,0.0,0.0
East,2012-04-30,2012-05-06,14,0.0,0.0,0.0
East,2012-05-07,2012-05-13,14,0.0,0.0,0.0
East,2012-05-14,2012-05-20,14,0.0,0.0,0.0
East,2012-05-21,2012-05-27,14,0.0,0.0,0.0
East,2012-05-28,2012-06-03,14,0.0,0.0,0.0
East,2012-06-04,2012-06-10,14,0.0,0.0,0.0
East,2012-06-11,2012-06-17,14,0.0,0.0,0.0
East,2012-06-18,2012-06-24,14,0.0,0.0,0.0
East,2012-06-25,2012-07-01,14,0.0,1.0,0.0
East,2012-07-02,2012-07-08,14,0.0,0.0,0.0
East,2012-07-09,2012-07-15,14,0.0,0.0,0.0
East,2012-07-16,2012-07-22,14,0.0,0.0,0.0
East,2012-07-23,2012-07-29,14,0.0,0.0,0.0
East,2012-07-30,2012-08-05,14,0.0,0.0,0.0
East,2012-08-06,2012-08-12,14,0.0,0.0,0.0
East,2012-08-13,2012-08-19,14,0.0,0.0,0.0
East,2012-08-20,2012-08-26,14,0.0,0.0,0.0
East,2012-08-27,2012-09-02,14,0.0,0.0,0.0
East,2012-09-03,2012-09-09,14,0.0,1.0,0.0
East,2012-09-10,2012-09-16,14,0.0,0.0,0.0
East,2012-09-17,2012-09-23,14,0.0,0.0,0.0
East,2012-09-24,2012-09-30,14,0.0,0.0,0.0
East,2012-10-01,2012-10-07,14,0.0,0.0,0.0
East,2012-10-08,2012-10-14,14,0.0,0.0,0.0
East,2012-10-15,2012-10-21,14,0.0,0.0,0.0
East,2012-10-22,2012-10-28,14,0.0,0.0,0.0
East,2012-10-29,2012-11-04,14,0.0,0.0,0.0
East,2012-11-05,2012-11-11,14,0.0,0.0,0.0
East,2012-11-12,2012-11-18,14,0.0,0.0,0.0
East,2012-11-19,2012-11-25,14,0.0,0.0,0.0
East,2012-11-26,2012-12-02,14,0.0,0.0,0.0
East,2012-12-03,2012-12-09,14,0.0,0.0,0.0
East,2012-12-10,2012-12-16,14,0.0,0.0,0.0
East,2012-12-17,2012-12-23,14,0.0,0.0,0.0
East,2012-12-24,2012-12-30,14,0.0,0.0,0.0
East,2012-12-31,2013-01-06,14,0.0,0.0,0.0
East,2013-01-07,2013-01-13,14,0.0,0.0,0.0
East,2013-01-14,2013-01-20,14,0.0,0.0,0.0
East,2013-01-21,2013-01-27,14,0.0,0.0,0.0
East,2013-01-28,2013-02-03,14,0.0,0.0,0.0
East,2013-02-04,2013-02-10,14,0.0,0.0,0.0
East,2013-02-11,2013-02-17,14,0.0,0.0,0.0
East,2013-02-18,2013-02-24,14,0.0,0.0,0.0
East,2013-02-25,2013-03-03,14,0.0,0.0,0.0
East,2013-03-04,2013-03-10,14,0.0,0.0,0.0
East,2013-03-11,2013-03-17,14,0.0,0.0,0.0
East,2013-03-18,2013-03-24,14,0.0,0.0,0.0
East,2013-03-25,2013-03-31,14,0.0,0.0,0.0
East,2013-04-01,2013-04-07,14,0.0,0.0,0.0
East,2013-04-08,2013-04-14,14,0.0,0.0,0.0
East,2013-04-15,2013-04-21,14,0.0,0.0,0.0
East,2013-04-22,2013-04-28,14,0.0,0.0,0.0
East,2013-04-29,2013-05-05,14,0.0,0.0,0.0
East,2013-05-06,2013-05-12,14,0.0,0.0,0.0
East,2013-05-13,2013-05-19,14,0.0,0.0,0.0
East,2013-05-20,2013-05-26,14,0.0,0.0,0.0
East,2013-05-27,2013-06-02,14,0.0,0.0,0.0
East,2013-06-03,2013-06-09,14,0.0,0.0,0.0
East,2013-06-10,2013-06-16,14,0.0,0.0,0.0
East,2013-06-17,2013-06-23,14,0.0,0.0,0.0
East,2013-06-24,2013-06-30,14,0.0,0.0,0.0
East,2013-07-01,2013-07-07,14,0.0,0.0,0.0
East,2013-07-08,2013-07-14,14,0.0,0.0,0.0
East,2013-07-15,2013-07-21,14,0.0,0.0,0.0
East,2013-07-22,2013-07-28,14,0.0,0.0,0.0
East,2013-07-29,2013-08-04,14,0.0,0.0,0.0
East,2013-08-05,2013-08-11,14,0.0,0.0,0.0
East,2013-08-12,2013-08-18,14,0.0,0.0,0.0
East,2013-08-19,2013-08-25,14,0.0,0.0,0.0
East,2013-08-26,2013-09-01,14,0.0,0.0,0.0
East,2013-09-02,2013-09-08,14,0.0,0.0,0.0
East,2013-09-09,2013-09-15,14,0.0,0.0,0.0
East,2013-09-16,2013-09-22,14,0.0,0.0,0.0
East,2013-09-23,2013-09-29,14,0.0,0.0,0.0
East,2013-09-30,2013-10-06,14,0.0,0.0,0.0
East,2013-10-07,2013-10-13,14,0.0,0.0,0.0
East,2013-10-14,2013-10-20,14,0.0,0.0,0.0
East,2013-10-21,2013-10-27,14,0.0,0.0,0.0
East,2013-10-28,2013-11-03,14,0.0,0.0,0.0
East,2013-11-04,2013-11-10,14,0.0,0.0,0.0
East,2013-11-11,2013-11-17,14,0.0,0.0,0.0
East,2013-11-18,2013-11-24,14,0.0,0.0,0.0
East,2013-11-25,2013-12-01,14,0.0,0.0,0.0
East,2013-12-02,2013-12-08,14,0.0,0.0,0.0
East,2013-12-09,2013-12-15,14,0.0,0.0,0.0
East,2013-12-16,2013-12-22,14,0.0,0.0,0.0
East,2013-12-23,2013-12-29,14,0.0,0.0,0.0
East,2013-12-30,2014-01-05,14,0.0,0.0,0.0
East,2014-01-06,2014-01-12,14,0.0,0.0,0.0
East,2014-01-13,2014-01-19,14,0.0,0.0,0.0
East,2014-01-20,2014-01-26,14,0.0,0.0,0.0
East,2014-01-27,2014-02-02,14,0.0,0.0,0.0
East,2014-02-03,2014-02-09,14,0.0,0.0,0.0
East,2014-02-10,2014-02-16,14,0.0,0.0,0.0
East,2014-02-17,2014-02-23,14,0.0,0.0,0.0
East,2014-02-24,2014-03-02,14,0.0,0.0,0.0
East,2014-03-03,2014-03-09,14,0.0,0.0,0.0
East,2014-03-10,2014-03-16,14,0.0,0.0,0.0
East,2014-03-17,2014-03-23,14,0.0,0.0,0.0
East,2014-03-24,2014-03-30,14,0.0,0.0,0.0
East,2014-03-31,2014-04-06,14,0.0,0.0,0.0
East,2014-04-07,2014-04-13,14,0.0,0.0,0.0
East,2014-04-14,2014-04-20,14,0.0,0.0,0.0
East,2014-04-21,2014-04-27,14,0.0,0.0,0.0
East,2014-04-28,2014-05-04,14,0.0,0.0,0.0
East,2014-05-05,2014-05-11,14,0.0,0.0,0.0
East,2014-05-12,2014-05-18,14,0.0,0.0,0.0
East,2014-05-19,2014-05-25,14,0.0,0.0,0.0
East,2014-05-26,2014-06-01,14,0.0,0.0,0.0
East,2014-06-02,2014-06-08,14,0.0,0.0,0.0
East,2014-06-09,2014-06-15,14,0.0,0.0,0.0
East,2014-06-16,2014-06-22,14,0.0,0.0,0.0
East,2014-06-23,2014-06-29,14,0.0,0.0,0.0
East,2014-06-30,2014-07-06,14,0.0,0.0,0.0
East,2014-07-07,2014-07-13,14,0.0,0.0,0.0
East,2014-07-14,2014-07-20,14,0.0,0.0,0.0
East,2014-07-21,2014-07-27,14,0.0,0.0,0.0
East,2014-07-28,2014-08-03,14,0.0,0.0,0.0
East,2014-08-04,2014-08-10,14,0.0,0.0,0.0
East,2014-08-11,2014-08-17,14,0.0,0.0,0.0
East,2014-08-18,2014-08-24,14,0.0,0.0,0.0
East,2014-08-25,2014-08-31,14,0.0,0.0,0.0
East,2014-09-01,2014-09-07,14,0.0,0.0,0.0
East,2014-09-08,2014-09-14,14,0.0,0.0,0.0
East,2014-09-15,2014-09-21,14,0.0,0.0,0.0
East,2014-09-22,2014-09-28,14,0.0,0.0,0.0
East,2014-09-29,2014-10-05,14,0.0,0.0,0.0
East,2014-10-06,2014-10-12,14,0.0,0.0,0.0
East,2014-10-13,2014-10-19,14,0.0,0.0,0.0
East,2014-10-20,2014-10-26,14,0.0,0.0,0.0
East,2014-10-27,2014-11-02,14,0.0,1.0,0.0
East,2014-11-03,2014-11-09,14,0.0,11.0,0.0
East,2014-11-10,2014-11-16,14,0.0,0.0,0.0
East,2014-11-17,2014-11-23,14,0.0,0.0,0.0
East,2014-11-24,2014-11-30,14,0.0,0.0,0.0
East,2014-12-01,2014-12-07,14,0.0,0.0,0.0
East,2014-12-08,2014-12-14,14,0.0,0.0,0.0
East,2014-12-15,2014-12-21,14,0.0,0.0,0.0
East,2014-12-22,2014-12-28,14,0.0,0.0,0.0
East,2014-12-29,2015-01-04,14,0.0,0.0,0.0
East,2015-01-05,2015-01-11,14,0.0,0.0,0.0
East,2015-01-12,2015-01-18,14,0.0,0.0,0.0
East,2015-01-19,2015-01-25,14,0.0,0.0,0.0
East,2015-01-26,2015-02-01,14,0.0,0.0,0.0
East,2015-02-02,2015-02-08,14,0.0,0.0,0.0
East,2015-02-09,2015-02-15,14,0.0,0.0,0.0
East,2015-02-16,2015-02-22,14,0.0,0.0,0.0
East,2015-02-23,2015-03-01,14,0.0,0.0,0.0
East,2015-03-02,2015-03-08,14,0.0,0.0,0.0
East,2015-03-09,2015-03-15,14,0.0,0.0,0.0
East,2015-03-16,2015-03-22,14,0.0,0.0,0.0
East,2015-03-23,2015-03-29,14,0.0,0.0,0.0
East,2015-03-30,2015-04-05,14,0.0,0.0,0.0
East,2015-04-06,2015-04-12,14,0.0,0.0,0.0
East,2015-04-13,2015-04-19,14,0.0,0.0,0.0
East,2015-04-20,2015-04-26,14,0.0,0.0,0.0
East,2015-04-27,2015-05-03,14,0.0,0.0,0.0
East,2015-05-04,2015-05-10,14,0.0,0.0,0.0
East,2015-05-11,2015-05-17,14,0.0,0.0,0.0
East,2015-05-18,2015-05-24,14,0.0,0.0,0.0
East,2015-05-25,2015-05-31,14,0.0,0.0,0.0
East,2015-06-01,2015-06-07,14,0.0,0.0,0.0
East,2015-06-08,2015-06-14,14,0.0,0.0,0.0
East,2015-06-15,2015-06-21,14,0.0,0.0,0.0
East,2015-06-22,2015-06-28,14,0.0,0.0,0.0
East,2015-06-29,2015-07-05,14,0.0,0.0,0.0
East,2015-07-06,2015-07-12,14,0.0,0.0,0.0
East,2015-07-13,2015-07-19,14,0.0,0.0,0.0
East,2015-07-20,2015-07-26,14,0.0,0.0,0.0
East,2015-07-27,2015-08-02,14,0.0,0.0,0.0
East,2015-08-03,2015-08-09,14,0.0,0.0,0.0
East,2015-08-10,2015-08-16,14,0.0,0.0,0.0
East,2015-08-17,2015-08-23,14,0.0,0.0,0.0
East,2015-08-24,2015-08-30,14,0.0,0.0,0.0
East,2015-08-31,2015-09-06,14,0.0,0.0,0.0
East,2015-09-07,2015-09-13,14,0.0,0.0,0.0
East,2015-09-14,2015-09-20,14,0.0,0.0,0.0
East,2015-09-21,2015-09-27,14,0.0,0.0,0.0
East,2015-09-28,2015-10-04,14,0.0,0.0,0.0
East,2015-10-05,2015-10-11,14,0.0,0.0,0.0
East,2015-10-12,2015-10-18,14,0.0,0.0,0.0
East,2015-10-19,2015-10-25,14,0.0,0.0,0.0
East,2015-10-26,2015-11-01,14,0.0,0.0,0.0
East,2015-11-02,2015-11-08,14,0.0,0.0,0.0
East,2015-11-09,2015-11-15,14,0.0,0.0,0.0
East,2015-11-16,2015-11-22,14,0.0,0.0,0.0
East,2015-11-23,2015-11-29,14,0.0,0.0,0.0
East,2015-11-30,2015-12-06,14,0.0,0.0,0.0
East,2015-12-07,2015-12-13,14,0.0,0.0,0.0
East,2015-12-14,2015-12-20,14,0.0,0.0,0.0
East,2015-12-21,2015-12-27,14,0.0,0.0,0.0
East,2016-01-04,2016-01-10,14,0.0,0.0,0.0
East,2016-01-11,2016-01-17,14,0.0,0.0,0.0
East,2016-01-18,2016-01-24,14,0.0,0.0,0.0
East,2016-01-25,2016-01-31,14,0.0,0.0,0.0
East,2016-02-01,2016-02-07,14,0.0,0.0,0.0
East,2016-02-08,2016-02-14,14,0.0,0.0,0.0
East,2016-02-15,2016-02-21,14,0.0,0.0,0.0
East,2016-02-22,2016-02-28,14,0.0,0.0,0.0
East,2016-02-29,2016-03-06,14,0.0,0.0,0.0
East,2016-03-07,2016-03-13,14,0.0,0.0,0.0
East,2016-03-14,2016-03-20,14,0.0,0.0,0.0
East,2016-03-21,2016-03-27,14,0.0,0.0,0.0
East,2016-03-28,2016-04-03,14,0.0,0.0,0.0
East,2016-04-04,2016-04-10,14,0.0,0.0,0.0
East,2016-04-11,2016-04-17,14,0.0,0.0,0.0
East,2016-04-18,2016-04-24,14,0.0,0.0,0.0
East,2016-04-25,2016-05-01,14,0.0,0.0,0.0
East,2016-05-02,2016-05-08,14,0.0,0.0,0.0
East,2016-05-09,2016-05-15,14,0.0,0.0,0.0
East,2016-05-16,2016-05-22,14,0.0,0.0,0.0
East,2016-05-23,2016-05-29,14,0.0,0.0,0.0
East,2016-05-30,2016-06-05,14,0.0,0.0,0.0
East,2016-06-06,2016-06-12,14,0.0,0.0,0.0
East,2016-06-13,2016-06-19,14,0.0,0.0,0.0
East,2016-06-20,2016-06-26,14,0.0,0.0,0.0
East,2016-06-27,2016-07-03,14,0.0,0.0,0.0
East,2016-07-04,2016-07-10,14,0.0,0.0,0.0
East,2016-07-11,2016-07-17,14,0.0,0.0,0.0
East,2016-07-18,2016-07-24,14,0.0,0.0,0.0
East,2016-07-25,2016-07-31,14,0.0,1.0,0.0
East,2016-08-01,2016-08-07,14,0.0,0.0,0.0
East,2016-08-08,2016-08-14,14,0.0,0.0,0.0
East,2016-08-15,2016-08-21,14,0.0,0.0,0.0
East,2016-08-22,2016-08-28,14,0.0,1.0,0.0
East,2016-08-29,2016-09-04,14,0.0,0.0,0.0
East,2016-09-05,2016-09-11,14,0.0,0.0,0.0
East,2016-09-12,2016-09-18,14,0.0,0.0,0.0
East,2016-09-19,2016-09-25,14,0.0,0.0,0.0
East,2016-09-26,2016-10-02,14,0.0,0.0,0.0
East,2016-10-03,2016-10-09,14,0.0,0.0,0.0
East,2016-10-10,2016-10-16,14,0.0,0.0,0.0
East,2016-10-17,2016-10-23,14,0.0,0.0,0.0
East,2016-10-24,2016-10-30,14,0.0,0.0,0.0
East,2016-10-31,2016-11-06,14,0.0,0.0,0.0
East,2016-11-07,2016-11-13,14,0.0,0.0,0.0
East,2016-11-14,2016-11-20,14,0.0,0.0,0.0
East,2016-11-21,2016-11-27,14,0.0,0.0,0.0
East,2016-11-28,2016-12-04,14,0.0,0.0,0.0
East,2016-12-05,2016-12-11,14,0.0,0.0,0.0
East,2016-12-12,2016-12-18,14,0.0,0.0,0.0
East,2016-12-19,2016-12-25,14,0.0,0.0,0.0
East,2016-12-26,2017-01-01,14,0.0,0.0,0.0
East,2017-01-02,2017-01-08,14,0.0,0.0,0.0
East,2017-01-09,2017-01-15,14,0.0,0.0,0.0
East,2017-01-16,2017-01-22,14,0.0,0.0,0.0
East,2017-01-23,2017-01-29,14,0.0,0.0,0.0
East,2017-01-30,2017-02-05,14,0.0,0.0,0.0
East,2017-02-06,2017-02-12,14,0.0,0.0,0.0
East,2017-02-13,2017-02-19,14,0.0,0.0,0.0
East,2017-02-20,2017-02-26,14,0.0,0.0,0.0
East,2017-02-27,2017-03-05,14,0.0,0.0,0.0
East,2017-03-06,2017-03-12,14,0.0,0.0,0.0
East,2017-03-13,2017-03-19,14,0.0,0.0,0.0
East,2017-03-20,2017-03-26,14,0.0,0.0,0.0
East,2017-03-27,2017-04-02,14,0.0,0.0,0.0
East,2017-04-03,2017-04-09,14,0.0,0.0,0.0
East,2017-04-10,2017-04-16,14,0.0,0.0,0.0
East,2017-04-17,2017-04-23,14,0.0,0.0,0.0
East,2017-04-24,2017-04-30,14,0.0,0.0,0.0
East,2017-05-01,2017-05-07,14,0.0,0.0,0.0
East,2017-05-08,2017-05-14,14,0.0,0.0,0.0
East,2017-05-15,2017-05-21,14,0.0,0.0,0.0
East,2017-05-22,2017-05-28,14,0.0,0.0,0.0
East,2017-05-29,2017-06-04,14,0.0,0.0,0.0
East,2017-06-05,2017-06-11,14,0.0,0.0,0.0
East,2017-06-12,2017-06-18,14,0.0,0.0,0.0
East,2017-06-19,2017-06-25,14,0.0,0.0,0.0
East,2017-06-26,2017-07-02,14,0.0,0.0,0.0
East,2017-07-03,2017-07-09,14,0.0,0.0,0.0
East,2017-07-10,2017-07-16,14,0.0,0.0,0.0
East,2017-07-17,2017-07-23,14,0.0,0.0,0.0
East,2017-07-24,2017-07-30,14,0.0,0.0,0.0
East,2017-07-31,2017-08-06,14,0.0,0.0,0.0
East,2017-08-07,2017-08-13,14,0.0,0.0,0.0
East,2017-08-14,2017-08-20,14,0.0,0.0,0.0
East,2017-08-21,2017-08-27,14,0.0,0.0,0.0
East,2017-08-28,2017-09-03,14,0.0,0.0,0.0
East,2017-09-04,2017-09-10,14,0.0,0.0,0.0
East,2017-09-11,2017-09-17,14,0.0,0.0,0.0
East,2017-09-18,2017-09-24,14,0.0,0.0,0.0
East,2017-09-25,2017-10-01,14,0.0,0.0,0.0
East,2017-10-02,2017-10-08,14,0.0,0.0,0.0
East,2017-10-09,2017-10-15,14,0.0,0.0,0.0
East,2017-10-16,2017-10-22,14,0.0,0.0,0.0
East,2017-10-23,2017-10-29,14,0.0,0.0,0.0
East,2017-10-30,2017-11-05,14,0.0,0.0,0.0
East,2017-11-06,2017-11-12,14,0.0,0.0,0.0
East,2017-11-13,2017-11-19,14,0.0,0.0,0.0
East,2017-11-20,2017-11-26,14,0.0,0.0,0.0
East,2017-11-27,2017-12-03,14,0.0,0.0,0.0
East,2017-12-04,2017-12-10,14,0.0,0.0,0.0
East,2017-12-11,2017-12-17,14,0.0,0.0,0.0
East,2017-12-18,2017-12-24,14,0.0,0.0,0.0
East,2017-12-25,2017-12-31,14,0.0,0.0,0.0
East,2018-01-01,2018-01-07,13,0.0,0.0,0.0
East,2018-01-01,2018-12-30,12,0.0,4.0,0.0
East,2018-01-08,2018-01-14,13,0.0,0.0,0.0
East,2018-01-15,2018-01-21,13,0.0,0.0,0.0
East,2018-01-22,2018-01-28,13,0.0,0.0,0.0
East,2018-01-29,2018-02-04,13,0.0,0.0,0.0
East,2018-02-05,2018-02-11,13,0.0,0.0,0.0
East,2018-02-12,2018-02-18,13,0.0,0.0,0.0
East,2018-02-19,2018-02-25,13,0.0,0.0,0.0
East,2018-02-26,2018-03-04,13,0.0,0.0,0.0
East,2018-03-05,2018-03-11,13,0.0,0.0,0.0
East,2018-03-12,2018-03-18,13,0.0,0.0,0.0
East,2018-03-19,2018-03-25,13,0.0,0.0,0.0
East,2018-03-26,2018-04-01,13,0.0,8.0,0.0
East,2018-04-02,2018-04-08,13,0.0,0.0,0.0
East,2018-04-09,2018-04-15,13,0.0,0.0,0.0
East,2018-04-16,2018-04-22,13,0.0,0.0,0.0
East,2018-04-23,2018-04-29,13,0.0,0.0,0.0
East,2018-04-30,2018-05-06,13,0.0,0.0,0.0
East,2018-05-07,2018-05-13,13,0.0,0.0,0.0
East,2018-05-14,2018-05-20,13,0.0,0.0,0.0
East,2018-05-21,2018-05-27,13,0.0,0.0,0.0
East,2018-05-28,2018-06-03,13,0.0,0.0,0.0
East,2018-06-04,2018-06-10,13,0.0,0.0,0.0
East,2018-06-11,2018-06-17,13,0.0,0.0,0.0
East,2018-06-18,2018-06-24,13,0.0,0.0,0.0
East,2018-06-25,2018-07-01,13,0.0,0.0,0.0
East,2018-07-02,2018-07-08,13,0.0,0.0,0.0
East,2018-07-09,2018-07-15,13,0.0,0.0,0.0
East,2018-07-16,2018-07-22,13,0.0,0.0,0.0
East,2018-07-17,2018-08-12,1,0.0,1.0,0.0
East,2018-07-23,2018-07-29,13,0.0,0.0,0.0
East,2018-07-30,2018-08-05,13,0.0,0.0,0.0
East,2018-08-06,2018-08-12,13,0.0,0.0,0.0
East,2018-08-13,2018-08-19,13,0.0,0.0,0.0
East,2018-08-20,2018-08-26,12,0.0,0.0,0.0
East,2018-08-27,2018-09-02,13,0.0,0.0,0.0
East,2018-09-03,2018-09-09,13,0.0,0.0,0.0
East,2018-09-10,2018-09-16,13,0.0,0.0,0.0
East,2018-09-17,2018-09-23,13,0.0,0.0,0.0
East,2018-09-24,2018-09-30,13,0.0,0.0,0.0
East,2018-10-01,2018-10-07,13,0.0,0.0,0.0
East,2018-10-08,2018-10-14,13,0.0,0.0,0.0
East,2018-10-15,2018-10-21,13,0.0,0.0,0.0
East,2018-10-22,2018-10-28,13,0.0,0.0,0.0
East,2018-10-29,2018-11-04,13,0.0,0.0,0.0
East,2018-11-05,2018-11-11,13,0.0,0.0,0.0
East,2018-11-12,2018-11-18,13,0.0,0.0,0.0
East,2018-11-19,2018-11-25,13,0.0,0.0,0.0
East,2018-11-26,2018-12-02,13,0.0,0.0,0.0
East,2018-12-10,2018-12-16,13,0.0,0.0,0.0
East,2018-12-17,2018-12-23,13,0.0,0.0,0.0
East,2018-12-24,2018-12-30,13,0.0,0.0,0.0
East,2018-12-31,2019-01-06,13,0.0,0.0,0.0
East,2018-12-31,2019-12-29,12,0.0,0.0,0.0
East,2019-01-07,2019-01-13,13,0.0,0.0,0.0
East,2019-01-14,2019-01-20,13,0.0,0.0,0.0
East,2019-01-21,2019-01-27,13,0.0,0.0,0.0
East,2019-01-28,2019-02-03,13,0.0,0.0,0.0
East,2019-02-04,2019-02-10,13,0.0,0.0,0.0
East,2019-02-11,2019-02-17,13,0.0,0.0,0.0
East,2019-02-18,2019-02-24,13,0.0,0.0,0.0
East,2019-02-25,2019-03-03,13,0.0,0.0,0.0
East,2019-03-04,2019-03-10,13,0.0,0.0,0.0
East,2019-03-11,2019-03-17,13,0.0,0.0,0.0
East,2019-03-18,2019-03-24,13,0.0,0.0,0.0
East,2019-05-13,2019-05-19,13,0.0,0.0,0.0
Far North,2010-01-04,2010-01-10,27,0.0,0.0,0.0
Far North,2010-01-11,2010-01-17,27,0.0,0.0,0.0
Far North,2010-01-18,2010-01-24,27,0.0,0.0,0.0
Far North,2010-01-25,2010-01-31,27,0.0,0.0,0.0
Far North,2010-02-01,2010-02-07,27,0.0,0.0,0.0
Far North,2010-02-08,2010-02-14,27,0.0,0.0,0.0
Far North,2010-02-15,2010-02-21,27,0.0,0.0,0.0
Far North,2010-02-22,2010-02-28,27,0.0,0.0,0.0
Far North,2010-03-01,2010-03-07,27,0.0,0.0,0.0
Far North,2010-03-08,2010-03-14,27,0.0,0.0,0.0
Far North,2010-03-15,2010-03-21,27,0.0,0.0,0.0
Far North,2010-03-22,2010-03-28,27,0.0,0.0,0.0
Far North,2010-03-29,2010-04-04,27,0.0,0.0,0.0
Far North,2010-04-05,2010-04-11,27,0.0,0.0,0.0
Far North,2010-04-12,2010-04-18,27,0.0,0.0,0.0
Far North,2010-04-19,2010-04-25,27,0.0,0.0,0.0
Far North,2010-04-26,2010-05-02,27,0.0,0.0,0.0
Far North,2010-05-03,2010-05-09,27,4.0,24.0,0.0
Far North,2010-05-06,2010-10-03,1,0.0,7633.0,0.0
Far North,2010-05-06,2010-12-31,1,602.0,9421.0,0.0
Far North,2010-05-10,2010-05-16,27,1.0,33.0,0.0
Far North,2010-05-17,2010-05-23,27,0.0,15.0,0.0
Far North,2010-05-24,2010-05-30,27,6.0,11.0,0.0
Far North,2010-05-31,2010-06-06,27,3.0,24.0,0.0
Far North,2010-06-07,2010-06-13,27,9.0,24.0,0.0
Far North,2010-06-14,2010-06-20,27,2.0,54.0,0.0
Far North,2010-06-21,2010-06-27,27,6.0,127.0,0.0
Far North,2010-06-28,2010-07-04,27,12.0,189.0,0.0
Far North,2010-07-05,2010-07-11,27,18.0,171.0,0.0
Far North,2010-07-12,2010-07-18,27,18.0,287.0,0.0
Far North,2010-07-19,2010-07-25,27,22.0,300.0,0.0
Far North,2010-07-26,2010-08-01,27,28.0,442.0,0.0
Far North,2010-08-02,2010-08-08,27,48.0,591.0,0.0
Far North,2010-08-09,2010-08-15,27,52.0,745.0,0.0
Far North,2010-08-16,2010-08-22,27,42.0,767.0,0.0
Far North,2010-08-23,2010-08-29,27,56.0,889.0,0.0
Far North,2010-08-30,2010-09-05,27,53.0,883.0,0.0
Far North,2010-09-06,2010-09-12,27,43.0,755.0,0.0
Far North,2010-09-13,2010-09-19,27,40.0,654.0,0.0
Far North,2010-09-20,2010-09-26,27,38.0,493.0,0.0
Far North,2010-09-27,2010-10-03,27,14.0,355.0,0.0
Far North,2010-10-04,2010-10-10,27,18.0,284.0,0.0
Far North,2010-10-11,2010-10-17,27,18.0,215.0,0.0
Far North,2010-10-18,2010-10-24,27,7.0,175.0,0.0
Far North,2010-10-25,2010-10-31,27,10.0,199.0,0.0
Far North,2010-11-01,2010-11-07,27,9.0,127.0,0.0
Far North,2010-11-08,2010-11-14,27,3.0,96.0,0.0
Far North,2010-11-15,2010-11-21,27,5.0,131.0,0.0
Far North,2010-11-22,2010-11-28,27,1.0,96.0,0.0
Far North,2010-11-29,2010-12-05,27,4.0,98.0,0.0
Far North,2010-12-06,2010-12-12,27,1.0,43.0,0.0
Far North,2010-12-13,2010-12-19,27,3.0,47.0,0.0
Far North,2010-12-20,2010-12-26,27,4.0,47.0,0.0
Far North,2010-12-27,2011-01-02,27,2.0,21.0,0.0
Far North,2011-01-01,2011-09-22,27,292.0,7313.0,0.0
Far North,2011-01-03,2011-01-09,27,0.0,26.0,0.0
Far North,2011-01-10,2011-01-16,27,0.0,6.0,0.0
Far North,2011-01-17,2011-01-23,27,1.0,3.0,0.0
Far North,2011-01-24,2011-01-30,27,0.0,2.0,0.0
Far North,2011-01-31,2011-02-06,27,0.0,3.0,0.0
Far North,2011-02-07,2011-02-13,27,0.0,0.0,0.0
Far North,2011-02-14,2011-02-20,27,0.0,0.0,0.0
Far North,2011-02-21,2011-02-27,27,0.0,0.0,0.0
Far North,2011-02-28,2011-03-06,27,0.0,0.0,0.0
Far North,2011-03-07,2011-03-13,27,0.0,0.0,0.0
Far North,2011-03-14,2011-03-20,27,0.0,0.0,0.0
Far North,2011-03-21,2011-03-27,27,0.0,1.0,0.0
Far North,2011-03-28,2011-04-03,27,0.0,3.0,0.0
Far North,2011-04-04,2011-04-10,27,0.0,4.0,0.0
Far North,2011-04-11,2011-04-17,27,0.0,12.0,0.0
Far North,2011-04-18,2011-04-24,27,3.0,25.0,0.0
Far North,2011-04-25,2011-05-01,27,2.0,36.0,0.0
Far North,2011-05-02,2011-05-08,27,3.0,43.0,0.0
Far North,2011-05-09,2011-05-15,27,4.0,88.0,0.0
Far North,2011-05-16,2011-05-22,27,1.0,62.0,0.0
Far North,2011-05-23,2011-05-29,27,1.0,82.0,0.0
Far North,2011-05-30,2011-06-05,27,0.0,66.0,0.0
Far North,2011-06-01,2011-08-12,1,59.0,0.0,0.0
Far North,2011-06-06,2011-06-12,27,1.0,75.0,0.0
Far North,2011-06-13,2011-06-19,27,2.0,56.0,0.0
Far North,2011-06-20,2011-06-26,27,4.0,55.0,0.0
Far North,2011-06-27,2011-07-03,27,3.0,60.0,0.0
Far North,2011-07-04,2011-07-10,27,5.0,65.0,0.0
Far North,2011-07-11,2011-07-17,27,13.0,153.0,0.0
Far North,2011-07-18,2011-07-24,27,11.0,163.0,0.0
Far North,2011-07-25,2011-07-31,27,8.0,189.0,0.0
Far North,2011-08-01,2011-08-07,27,9.0,289.0,0.0
Far North,2011-08-08,2011-08-14,27,9.0,262.0,0.0
Far North,2011-08-15,2011-08-21,27,9.0,414.0,0.0
Far North,2011-08-22,2011-08-28,27,11.0,515.0,0.0
Far North,2011-08-29,2011-09-04,27,13.0,405.0,0.0
Far North,2011-09-05,2011-09-11,27,5.0,233.0,0.0
Far North,2011-09-12,2011-09-18,27,5.0,283.0,0.0
Far North,2011-09-19,2011-09-25,27,5.0,212.0,0.0
Far North,2011-09-23,2011-12-11,1,39.0,802.0,0.0
Far North,2011-09-26,2011-10-02,27,2.0,183.0,0.0
Far North,2011-10-03,2011-10-09,27,5.0,111.0,0.0
Far North,2011-10-10,2011-10-16,27,3.0,91.0,0.0
Far North,2011-10-17,2011-10-23,27,6.0,53.0,0.0
Far North,2011-10-24,2011-10-30,27,1.0,46.0,0.0
Far North,2011-10-31,2011-11-06,27,2.0,26.0,0.0
Far North,2011-11-07,2011-11-13,27,2.0,28.0,0.0
Far North,2011-11-14,2011-11-20,27,1.0,18.0,0.0
Far North,2011-11-21,2011-11-27,27,0.0,5.0,0.0
Far North,2011-11-28,2011-12-04,27,0.0,2.0,0.0
Far North,2011-12-05,2011-12-11,27,0.0,0.0,0.0
Far North,2011-12-12,2011-12-18,27,0.0,0.0,0.0
Far North,2011-12-19,2011-12-25,27,0.0,0.0,0.0
Far North,2011-12-26,2012-01-01,27,0.0,0.0,0.0
Far North,2012-01-02,2012-01-08,27,0.0,0.0,0.0
Far North,2012-01-09,2012-01-15,27,0.0,0.0,0.0
Far North,2012-01-16,2012-01-22,27,0.0,0.0,0.0
Far North,2012-01-23,2012-01-29,27,0.0,0.0,0.0
Far North,2012-01-30,2012-02-05,27,0.0,0.0,0.0
Far North,2012-02-06,2012-02-12,27,0.0,0.0,0.0
Far North,2012-02-13,2012-02-19,27,0.0,0.0,0.0
Far North,2012-02-20,2012-02-26,27,0.0,0.0,0.0
Far North,2012-02-27,2012-03-04,27,0.0,0.0,0.0
Far North,2012-03-05,2012-03-11,27,0.0,0.0,0.0
Far North,2012-03-12,2012-03-18,27,0.0,0.0,0.0
Far North,2012-03-19,2012-03-25,27,0.0,0.0,0.0
Far North,2012-03-26,2012-04-01,27,0.0,0.0,0.0
Far North,2012-04-02,2012-04-08,27,0.0,0.0,0.0
Far North,2012-04-09,2012-04-15,27,0.0,0.0,0.0
Far North,2012-04-16,2012-04-22,27,0.0,0.0,0.0
Far North,2012-04-23,2012-04-29,27,0.0,0.0,0.0
Far North,2012-04-30,2012-05-06,27,0.0,3.0,0.0
Far North,2012-05-07,2012-05-13,27,0.0,0.0,0.0
Far North,2012-05-14,2012-05-20,27,0.0,2.0,0.0
Far North,2012-05-21,2012-05-27,27,0.0,1.0,0.0
Far North,2012-05-28,2012-06-03,27,0.0,0.0,0.0
Far North,2012-06-04,2012-06-10,27,0.0,0.0,0.0
Far North,2012-06-11,2012-06-17,27,0.0,0.0,0.0
Far North,2012-06-18,2012-06-24,27,0.0,0.0,0.0
Far North,2012-06-25,2012-07-01,27,0.0,0.0,0.0
Far North,2012-07-02,2012-07-08,27,0.0,0.0,0.0
Far North,2012-07-09,2012-07-15,27,0.0,0.0,0.0
Far North,2012-07-16,2012-07-22,27,0.0,0.0,0.0
Far North,2012-07-23,2012-07-29,27,0.0,0.0,0.0
Far North,2012-07-30,2012-08-05,27,0.0,0.0,0.0
Far North,2012-08-06,2012-08-12,27,0.0,0.0,0.0
Far North,2012-08-13,2012-08-19,27,0.0,0.0,0.0
Far North,2012-08-20,2012-08-26,27,0.0,0.0,0.0
Far North,2012-08-27,2012-09-02,27,0.0,0.0,0.0
Far North,2012-09-03,2012-09-09,27,0.0,0.0,0.0
Far North,2012-09-10,2012-09-16,27,0.0,0.0,0.0
Far North,2012-09-17,2012-09-23,27,0.0,0.0,0.0
Far North,2012-09-24,2012-09-30,27,0.0,0.0,0.0
Far North,2012-10-01,2012-10-07,27,0.0,0.0,0.0
Far North,2012-10-08,2012-10-14,27,0.0,0.0,0.0
Far North,2012-10-15,2012-10-21,27,0.0,0.0,0.0
Far North,2012-10-22,2012-10-28,27,0.0,0.0,0.0
Far North,2012-10-29,2012-11-04,27,0.0,0.0,0.0
Far North,2012-11-05,2012-11-11,27,0.0,0.0,0.0
Far North,2012-11-12,2012-11-18,27,0.0,0.0,0.0
Far North,2012-11-19,2012-11-25,27,0.0,0.0,0.0
Far North,2012-11-26,2012-12-02,27,0.0,0.0,0.0
Far North,2012-12-03,2012-12-09,27,0.0,0.0,0.0
Far North,2012-12-10,2012-12-16,27,0.0,0.0,0.0
Far North,2012-12-17,2012-12-23,27,0.0,0.0,0.0
Far North,2012-12-24,2012-12-30,27,0.0,0.0,0.0
Far North,2012-12-31,2013-01-06,27,0.0,0.0,0.0
Far North,2013-01-07,2013-01-13,27,0.0,0.0,0.0
Far North,2013-01-14,2013-01-20,27,0.0,0.0,0.0
Far North,2013-01-21,2013-01-27,27,0.0,0.0,0.0
Far North,2013-01-28,2013-02-03,27,0.0,0.0,0.0
Far North,2013-02-04,2013-02-10,27,0.0,0.0,0.0
Far North,2013-02-11,2013-02-17,27,0.0,0.0,0.0
Far North,2013-02-18,2013-02-24,27,0.0,0.0,0.0
Far North,2013-02-25,2013-03-03,27,0.0,0.0,0.0
Far North,2013-03-04,2013-03-10,27,0.0,0.0,0.0
Far North,2013-03-11,2013-03-17,27,0.0,0.0,0.0
Far North,2013-03-18,2013-03-24,27,0.0,0.0,0.0
Far North,2013-03-25,2013-03-31,27,0.0,0.0,0.0
Far North,2013-04-01,2013-04-07,27,0.0,0.0,0.0
Far North,2013-04-08,2013-04-14,27,0.0,0.0,0.0
Far North,2013-04-15,2013-04-21,27,0.0,0.0,0.0
Far North,2013-04-22,2013-04-28,27,0.0,0.0,0.0
Far North,2013-04-29,2013-05-05,27,0.0,0.0,0.0
Far North,2013-05-06,2013-05-12,27,0.0,0.0,0.0
Far North,2013-05-13,2013-05-19,27,0.0,0.0,0.0
Far North,2013-05-20,2013-05-26,27,0.0,0.0,0.0
Far North,2013-05-27,2013-06-02,27,0.0,0.0,0.0
Far North,2013-06-03,2013-06-09,27,0.0,0.0,0.0
Far North,2013-06-10,2013-06-16,27,0.0,1.0,0.0
Far North,2013-06-17,2013-06-23,27,0.0,0.0,0.0
Far North,2013-06-24,2013-06-30,27,0.0,0.0,0.0
Far North,2013-07-01,2013-07-07,27,0.0,1.0,0.0
Far North,2013-07-08,2013-07-14,27,0.0,0.0,0.0
Far North,2013-07-15,2013-07-21,27,0.0,0.0,0.0
Far North,2013-07-22,2013-07-28,27,0.0,1.0,0.0
Far North,2013-07-29,2013-08-04,27,0.0,0.0,0.0
Far North,2013-08-05,2013-08-11,27,0.0,0.0,0.0
Far North,2013-08-12,2013-08-18,27,0.0,0.0,0.0
Far North,2013-08-19,2013-08-25,27,0.0,5.0,0.0
Far North,2013-08-26,2013-09-01,27,0.0,0.0,0.0
Far North,2013-09-02,2013-09-08,27,0.0,0.0,0.0
Far North,2013-09-09,2013-09-15,27,0.0,0.0,0.0
Far North,2013-09-16,2013-09-22,27,0.0,0.0,0.0
Far North,2013-09-23,2013-09-29,27,0.0,0.0,0.0
Far North,2013-09-30,2013-10-06,27,0.0,0.0,0.0
Far North,2013-10-07,2013-10-13,27,0.0,0.0,0.0
Far North,2013-10-14,2013-10-20,27,0.0,0.0,0.0
Far North,2013-10-21,2013-10-27,27,0.0,0.0,0.0
Far North,2013-10-28,2013-11-03,27,0.0,0.0,0.0
Far North,2013-11-04,2013-11-10,27,0.0,0.0,0.0
Far North,2013-11-11,2013-11-17,27,0.0,0.0,0.0
Far North,2013-11-18,2013-11-24,27,0.0,0.0,0.0
Far North,2013-11-25,2013-12-01,27,0.0,1.0,0.0
Far North,2013-12-02,2013-12-08,27,0.0,0.0,0.0
Far North,2013-12-09,2013-12-15,27,0.0,0.0,0.0
Far North,2013-12-16,2013-12-22,27,0.0,0.0,0.0
Far North,2013-12-23,2013-12-29,27,0.0,0.0,0.0
Far North,2013-12-30,2014-01-05,28,0.0,0.0,0.0
Far North,2014-01-06,2014-01-12,28,0.0,0.0,0.0
Far North,2014-01-13,2014-01-19,28,0.0,0.0,0.0
Far North,2014-01-20,2014-01-26,28,0.0,0.0,0.0
Far North,2014-01-27,2014-02-02,28,0.0,0.0,0.0
Far North,2014-02-03,2014-02-09,28,0.0,0.0,0.0
Far North,2014-02-10,2014-02-16,28,0.0,0.0,0.0
Far North,2014-02-17,2014-02-23,28,0.0,0.0,0.0
Far North,2014-02-24,2014-03-02,28,0.0,0.0,0.0
Far North,2014-03-03,2014-03-09,28,0.0,0.0,0.0
Far North,2014-03-10,2014-03-16,28,0.0,0.0,0.0
Far North,2014-03-17,2014-03-23,28,0.0,0.0,0.0
Far North,2014-03-24,2014-03-30,28,0.0,0.0,0.0
Far North,2014-03-31,2014-04-06,28,0.0,0.0,0.0
Far North,2014-04-07,2014-04-13,28,0.0,0.0,0.0
Far North,2014-04-14,2014-04-20,28,0.0,0.0,0.0
Far North,2014-04-21,2014-04-27,28,1.0,2.0,0.0
Far North,2014-04-24,2014-07-24,9,61.0,1314.0,0.0
Far North,2014-04-28,2014-05-04,28,1.0,3.0,0.0
Far North,2014-05-05,2014-05-11,28,0.0,19.0,0.0
Far North,2014-05-12,2014-05-18,28,1.0,11.0,0.0
Far North,2014-05-19,2014-05-25,28,2.0,15.0,0.0
Far North,2014-05-26,2014-06-01,28,2.0,34.0,0.0
Far North,2014-06-02,2014-06-08,28,2.0,26.0,0.0
Far North,2014-06-09,2014-06-15,28,1.0,56.0,0.0
Far North,2014-06-16,2014-06-22,28,1.0,69.0,0.0
Far North,2014-06-23,2014-06-29,28,7.0,221.0,0.0
Far North,2014-06-30,2014-07-06,28,18.0,256.0,0.0
Far North,2014-07-07,2014-07-13,28,15.0,262.0,0.0
Far North,2014-07-14,2014-07-20,28,8.0,253.0,0.0
Far North,2014-07-21,2014-07-27,28,6.0,177.0,0.0
Far North,2014-07-25,2014-08-12,10,16.0,338.0,0.0
Far North,2014-07-28,2014-08-03,28,8.0,162.0,0.0
Far North,2014-08-04,2014-08-10,28,6.0,115.0,0.0
Far North,2014-08-11,2014-08-17,28,2.0,69.0,0.0
Far North,2014-08-18,2014-08-24,28,4.0,60.0,0.0
Far North,2014-08-25,2014-08-31,28,4.0,68.0,0.0
Far North,2014-09-01,2014-09-07,28,3.0,31.0,0.0
Far North,2014-09-08,2014-09-14,28,2.0,44.0,0.0
Far North,2014-09-15,2014-09-21,28,2.0,29.0,0.0
Far North,2014-09-22,2014-09-28,28,5.0,41.0,0.0
Far North,2014-09-29,2014-10-05,28,4.0,35.0,0.0
Far North,2014-10-06,2014-10-12,28,11.0,101.0,0.0
Far North,2014-10-13,2014-10-19,28,10.0,138.0,0.0
Far North,2014-10-20,2014-10-26,28,7.0,99.0,0.0
Far North,2014-10-27,2014-11-02,28,19.0,249.0,0.0
Far North,2014-11-03,2014-11-09,28,2.0,129.0,0.0
Far North,2014-11-10,2014-11-16,28,0.0,54.0,0.0
Far North,2014-11-17,2014-11-23,28,0.0,16.0,0.0
Far North,2014-11-24,2014-11-30,28,0.0,10.0,0.0
Far North,2014-12-01,2014-12-07,28,0.0,7.0,0.0
Far North,2014-12-08,2014-12-14,28,0.0,4.0,0.0
Far North,2014-12-15,2014-12-21,28,0.0,0.0,0.0
Far North,2014-12-22,2014-12-28,28,0.0,0.0,0.0
Far North,2014-12-29,2015-01-04,28,0.0,0.0,0.0
Far North,2015-01-05,2015-01-11,28,0.0,0.0,0.0
Far North,2015-01-12,2015-01-18,28,0.0,0.0,0.0
Far North,2015-01-19,2015-01-25,28,0.0,0.0,0.0
Far North,2015-01-26,2015-02-01,28,0.0,0.0,0.0
Far North,2015-02-02,2015-02-08,28,0.0,0.0,0.0
Far North,2015-02-09,2015-02-15,28,0.0,0.0,0.0
Far North,2015-02-16,2015-02-22,28,0.0,0.0,0.0
Far North,2015-02-23,2015-03-01,28,0.0,0.0,0.0
Far North,2015-03-02,2015-03-08,28,0.0,0.0,0.0
Far North,2015-03-09,2015-03-15,28,0.0,0.0,0.0
Far North,2015-03-16,2015-03-22,28,0.0,0.0,0.0
Far North,2015-03-23,2015-03-29,28,0.0,0.0,0.0
Far North,2015-03-30,2015-04-05,28,0.0,0.0,0.0
Far North,2015-04-06,2015-04-12,28,0.0,0.0,0.0
Far North,2015-04-13,2015-04-19,28,0.0,0.0,0.0
Far North,2015-04-20,2015-04-26,28,0.0,0.0,0.0
Far North,2015-04-27,2015-05-03,28,0.0,0.0,0.0
Far North,2015-05-04,2015-05-10,28,0.0,0.0,0.0
Far North,2015-05-11,2015-05-17,28,0.0,0.0,0.0
Far North,2015-05-18,2015-05-24,28,0.0,0.0,0.0
Far North,2015-05-25,2015-05-31,28,0.0,0.0,0.0
Far North,2015-06-01,2015-06-07,28,0.0,0.0,0.0
Far North,2015-06-08,2015-06-14,28,0.0,3.0,0.0
Far North,2015-06-15,2015-06-21,28,0.0,0.0,0.0
Far North,2015-06-22,2015-06-28,28,0.0,0.0,0.0
Far North,2015-06-29,2015-07-05,28,0.0,0.0,0.0
Far North,2015-07-06,2015-07-12,28,0.0,0.0,0.0
Far North,2015-07-13,2015-07-19,28,0.0,2.0,0.0
Far North,2015-07-20,2015-07-26,28,0.0,3.0,0.0
Far North,2015-07-27,2015-08-02,28,0.0,1.0,0.0
Far North,2015-08-03,2015-08-09,28,0.0,0.0,0.0
Far North,2015-08-10,2015-08-16,28,0.0,4.0,0.0
Far North,2015-08-17,2015-08-23,28,0.0,3.0,0.0
Far North,2015-08-24,2015-08-30,28,0.0,3.0,0.0
Far North,2015-08-31,2015-09-06,28,0.0,0.0,0.0
Far North,2015-09-07,2015-09-13,28,0.0,0.0,0.0
Far North,2015-09-14,2015-09-20,28,0.0,0.0,0.0
Far North,2015-09-21,2015-09-27,28,0.0,0.0,0.0
Far North,2015-09-28,2015-10-04,28,0.0,0.0,0.0
Far North,2015-10-05,2015-10-11,28,0.0,0.0,0.0
Far North,2015-10-12,2015-10-18,28,0.0,0.0,0.0
Far North,2015-10-19,2015-10-25,28,0.0,0.0,0.0
Far North,2015-10-26,2015-11-01,28,0.0,0.0,0.0
Far North,2015-11-02,2015-11-08,28,0.0,0.0,0.0
Far North,2015-11-09,2015-11-15,28,0.0,0.0,0.0
Far North,2015-11-16,2015-11-22,28,0.0,0.0,0.0
Far North,2015-11-23,2015-11-29,28,0.0,0.0,0.0
Far North,2015-11-30,2015-12-06,28,0.0,0.0,0.0
Far North,2015-12-07,2015-12-13,28,0.0,0.0,0.0
Far North,2015-12-14,2015-12-20,28,0.0,0.0,0.0
Far North,2015-12-21,2015-12-27,28,0.0,0.0,0.0
Far North,2016-01-04,2016-01-10,28,0.0,0.0,0.0
Far North,2016-01-11,2016-01-17,28,0.0,0.0,0.0
Far North,2016-01-18,2016-01-24,28,0.0,0.0,0.0
Far North,2016-01-25,2016-01-31,28,0.0,0.0,0.0
Far North,2016-02-01,2016-02-07,28,0.0,0.0,0.0
Far North,2016-02-08,2016-02-14,28,0.0,0.0,0.0
Far North,2016-02-15,2016-02-21,28,0.0,0.0,0.0
Far North,2016-02-22,2016-02-28,28,0.0,0.0,0.0
Far North,2016-02-29,2016-03-06,28,0.0,0.0,0.0
Far North,2016-03-07,2016-03-13,28,0.0,0.0,0.0
Far North,2016-03-14,2016-03-20,28,0.0,0.0,0.0
Far North,2016-03-21,2016-03-27,28,0.0,0.0,0.0
Far North,2016-03-28,2016-04-03,28,0.0,0.0,0.0
Far North,2016-04-04,2016-04-10,28,0.0,2.0,0.0
Far North,2016-04-11,2016-04-17,28,0.0,0.0,0.0
Far North,2016-04-18,2016-04-24,28,0.0,0.0,0.0
Far North,2016-04-25,2016-05-01,28,0.0,0.0,0.0
Far North,2016-05-02,2016-05-08,28,0.0,0.0,0.0
Far North,2016-05-09,2016-05-15,28,0.0,0.0,0.0
Far North,2016-05-16,2016-05-22,28,0.0,0.0,0.0
Far North,2016-05-23,2016-05-29,28,0.0,0.0,0.0
Far North,2016-05-30,2016-06-05,28,0.0,0.0,0.0
Far North,2016-06-06,2016-06-12,28,0.0,0.0,0.0
Far North,2016-06-13,2016-06-19,28,0.0,0.0,0.0
Far North,2016-06-20,2016-06-26,28,0.0,0.0,0.0
Far North,2016-06-27,2016-07-03,28,0.0,0.0,0.0
Far North,2016-07-04,2016-07-10,28,0.0,1.0,0.0
Far North,2016-07-11,2016-07-17,28,0.0,2.0,0.0
Far North,2016-07-18,2016-07-24,28,0.0,0.0,0.0
Far North,2016-07-25,2016-07-31,28,0.0,4.0,0.0
Far North,2016-08-01,2016-08-07,28,0.0,0.0,0.0
Far North,2016-08-08,2016-08-14,28,0.0,0.0,0.0
Far North,2016-08-15,2016-08-21,28,0.0,0.0,0.0
Far North,2016-08-22,2016-08-28,28,0.0,0.0,0.0
Far North,2016-08-29,2016-09-04,28,0.0,0.0,0.0
Far North,2016-09-05,2016-09-11,28,0.0,1.0,0.0
Far North,2016-09-12,2016-09-18,28,0.0,0.0,0.0
Far North,2016-09-19,2016-09-25,28,0.0,0.0,0.0
Far North,2016-09-26,2016-10-02,28,0.0,0.0,0.0
Far North,2016-10-03,2016-10-09,28,0.0,0.0,0.0
Far North,2016-10-10,2016-10-16,28,0.0,0.0,0.0
Far North,2016-10-17,2016-10-23,28,0.0,0.0,0.0
Far North,2016-10-24,2016-10-30,28,0.0,0.0,0.0
Far North,2016-10-31,2016-11-06,28,0.0,0.0,0.0
Far North,2016-11-07,2016-11-13,28,0.0,0.0,0.0
Far North,2016-11-14,2016-11-20,28,0.0,0.0,0.0
Far North,2016-11-21,2016-11-27,28,0.0,0.0,0.0
Far North,2016-11-28,2016-12-04,28,0.0,0.0,0.0
Far North,2016-12-05,2016-12-11,28,0.0,0.0,0.0
Far North,2016-12-12,2016-12-18,28,0.0,0.0,0.0
Far North,2016-12-19,2016-12-25,28,0.0,0.0,0.0
Far North,2016-12-26,2017-01-01,28,0.0,0.0,0.0
Far North,2017-01-02,2017-01-08,28,0.0,0.0,0.0
Far North,2017-01-09,2017-01-15,28,0.0,0.0,0.0
Far North,2017-01-16,2017-01-22,28,0.0,0.0,0.0
Far North,2017-01-23,2017-01-29,28,0.0,0.0,0.0
Far North,2017-01-30,2017-02-05,28,0.0,0.0,0.0
Far North,2017-02-06,2017-02-12,28,0.0,0.0,0.0
Far North,2017-02-13,2017-02-19,28,0.0,0.0,0.0
Far North,2017-02-20,2017-02-26,28,0.0,0.0,0.0
Far North,2017-02-27,2017-03-05,28,0.0,0.0,0.0
Far North,2017-03-06,2017-03-12,28,0.0,0.0,0.0
Far North,2017-03-13,2017-03-19,28,0.0,0.0,0.0
Far North,2017-03-20,2017-03-26,28,0.0,0.0,0.0
Far North,2017-03-27,2017-04-02,28,0.0,0.0,0.0
Far North,2017-04-03,2017-04-09,28,0.0,0.0,0.0
Far North,2017-04-10,2017-04-16,28,0.0,0.0,0.0
Far North,2017-04-17,2017-04-23,28,0.0,0.0,0.0
Far North,2017-04-24,2017-04-30,28,0.0,0.0,0.0
Far North,2017-05-01,2017-05-07,28,0.0,0.0,0.0
Far North,2017-05-08,2017-05-14,28,0.0,0.0,0.0
Far North,2017-05-15,2017-05-21,28,0.0,0.0,0.0
Far North,2017-05-22,2017-05-28,28,0.0,0.0,0.0
Far North,2017-05-29,2017-06-04,28,0.0,0.0,0.0
Far North,2017-06-05,2017-06-11,28,0.0,0.0,0.0
Far North,2017-06-12,2017-06-18,28,0.0,0.0,0.0
Far North,2017-06-19,2017-06-25,28,0.0,0.0,0.0
Far North,2017-06-26,2017-07-02,28,0.0,0.0,0.0
Far North,2017-07-03,2017-07-09,28,0.0,0.0,0.0
Far North,2017-07-10,2017-07-16,28,0.0,0.0,0.0
Far North,2017-07-17,2017-07-23,28,0.0,0.0,0.0
Far North,2017-07-24,2017-07-30,28,0.0,0.0,0.0
Far North,2017-07-31,2017-08-06,28,0.0,0.0,0.0
Far North,2017-08-07,2017-08-13,28,0.0,0.0,0.0
Far North,2017-08-14,2017-08-20,28,0.0,0.0,0.0
Far North,2017-08-21,2017-08-27,28,0.0,0.0,0.0
Far North,2017-08-28,2017-09-03,28,0.0,0.0,0.0
Far North,2017-09-04,2017-09-10,28,0.0,0.0,0.0
Far North,2017-09-11,2017-09-17,28,0.0,0.0,0.0
Far North,2017-09-18,2017-09-24,28,0.0,0.0,0.0
Far North,2017-09-25,2017-10-01,28,0.0,0.0,0.0
Far North,2017-10-02,2017-10-08,28,0.0,0.0,0.0
Far North,2017-10-09,2017-10-15,28,0.0,0.0,0.0
Far North,2017-10-16,2017-10-22,28,0.0,0.0,0.0
Far North,2017-10-23,2017-10-29,28,0.0,0.0,0.0
Far North,2017-10-30,2017-11-05,28,0.0,0.0,0.0
Far North,2017-11-06,2017-11-12,28,0.0,0.0,0.0
Far North,2017-11-13,2017-11-19,28,0.0,0.0,0.0
Far North,2017-11-20,2017-11-26,28,0.0,0.0,0.0
Far North,2017-11-27,2017-12-03,28,0.0,0.0,0.0
Far North,2017-12-04,2017-12-10,28,0.0,0.0,0.0
Far North,2017-12-11,2017-12-17,28,0.0,0.0,0.0
Far North,2017-12-18,2017-12-24,28,0.0,0.0,0.0
Far North,2017-12-25,2017-12-31,28,0.0,0.0,0.0
Far North,2018-01-01,2018-01-07,28,0.0,0.0,0.0
Far North,2018-01-01,2018-12-30,27,0.0,282.0,0.0
Far North,2018-01-08,2018-01-14,28,0.0,0.0,0.0
Far North,2018-01-15,2018-01-21,28,0.0,0.0,0.0
Far North,2018-01-22,2018-01-28,28,0.0,0.0,0.0
Far North,2018-01-29,2018-02-04,28,0.0,0.0,0.0
Far North,2018-02-05,2018-02-11,28,0.0,0.0,0.0
Far North,2018-02-12,2018-02-18,28,0.0,0.0,0.0
Far North,2018-02-19,2018-02-25,28,0.0,0.0,0.0
Far North,2018-02-26,2018-03-04,28,0.0,0.0,0.0
Far North,2018-03-05,2018-03-11,28,0.0,0.0,0.0
Far North,2018-03-12,2018-03-18,28,0.0,0.0,0.0
Far North,2018-03-19,2018-03-25,28,0.0,0.0,0.0
Far North,2018-03-26,2018-04-01,28,0.0,0.0,0.0
Far North,2018-04-02,2018-04-08,28,0.0,0.0,0.0
Far North,2018-04-09,2018-04-15,28,0.0,0.0,0.0
Far North,2018-04-16,2018-04-22,28,0.0,2.0,0.0
Far North,2018-04-23,2018-04-29,28,0.0,0.0,0.0
Far North,2018-04-30,2018-05-06,28,0.0,0.0,0.0
Far North,2018-05-07,2018-05-13,28,0.0,2.0,0.0
Far North,2018-05-14,2018-05-20,28,0.0,0.0,0.0
Far North,2018-05-18,2018-08-17,1,0.0,2.0,0.0
Far North,2018-05-18,2018-10-23,1,5.0,21.0,0.0
Far North,2018-05-18,2018-11-09,1,14.0,226.0,0.0
Far North,2018-05-18,2020-01-09,1,35.0,629.0,0.0
Far North,2018-05-18,2020-12-16,1,34.0,629.0,0.0
Far North,2018-05-21,2018-05-27,28,0.0,0.0,0.0
Far North,2018-05-28,2018-06-03,28,0.0,0.0,0.0
Far North,2018-06-04,2018-06-10,28,0.0,0.0,0.0
Far North,2018-06-11,2018-06-17,28,0.0,0.0,0.0
Far North,2018-06-18,2018-06-24,28,0.0,0.0,0.0
Far North,2018-06-25,2018-07-01,28,0.0,0.0,0.0
Far North,2018-07-02,2018-07-08,28,0.0,0.0,0.0
Far North,2018-07-09,2018-07-15,28,0.0,0.0,0.0
Far North,2018-07-16,2018-07-22,28,0.0,0.0,0.0
Far North,2018-07-17,2018-08-12,1,0.0,2.0,0.0
Far North,2018-07-23,2018-07-29,28,0.0,0.0,0.0
Far North,2018-07-30,2018-08-05,28,0.0,0.0,0.0
Far North,2018-08-06,2018-08-12,28,0.0,0.0,0.0
Far North,2018-08-13,2018-08-19,28,0.0,0.0,0.0
Far North,2018-08-20,2018-08-26,27,0.0,0.0,0.0
Far North,2018-08-24,2018-09-28,1,0.0,2.0,0.0
Far North,2018-08-27,2018-09-02,28,0.0,0.0,0.0
Far North,2018-09-03,2018-09-09,28,0.0,0.0,0.0
Far North,2018-09-10,2018-09-16,28,0.0,0.0,0.0
Far North,2018-09-17,2018-09-23,28,0.0,0.0,0.0
Far North,2018-09-24,2018-09-30,28,0.0,0.0,0.0
Far North,2018-10-01,2018-10-07,28,0.0,14.0,0.0
Far North,2018-10-04,2020-01-09,1,34.0,629.0,0.0
Far North,2018-10-04,2020-01-20,1,34.0,629.0,0.0
Far North,2018-10-04,2020-01-26,2,34.0,855.0,0.0
Far North,2018-10-08,2018-10-14,28,0.0,4.0,0.0
Far North,2018-10-15,2018-10-21,28,0.0,22.0,0.0
Far North,2018-10-19,2018-10-23,1,3.0,30.0,0.0
Far North,2018-10-22,2018-10-28,28,0.0,140.0,0.0
Far North,2018-10-23,2018-10-29,1,0.0,8.0,0.0
Far North,2018-10-24,2018-11-09,2,23.0,468.0,0.0
Far North,2018-10-29,2018-11-04,28,0.0,182.0,0.0
Far North,2018-10-31,2018-11-02,1,0.0,91.0,0.0
Far North,2018-11-02,2018-11-09,1,4.0,106.0,0.0
Far North,2018-11-05,2018-11-11,28,0.0,128.0,0.0
Far North,2018-11-12,2018-11-18,28,0.0,44.0,0.0
Far North,2018-11-18,2018-11-23,1,0.0,6.0,0.0
Far North,2018-11-19,2018-11-25,28,0.0,16.0,0.0
Far North,2018-11-23,2018-11-28,2,0.0,53.0,6.0
Far North,2018-11-26,2018-12-02,28,0.0,4.0,0.0
Far North,2018-12-03,2018-12-09,2,0.0,4.0,0.0
Far North,2018-12-10,2018-12-16,28,0.0,0.0,0.0
Far North,2018-12-17,2018-12-23,28,0.0,2.0,0.0
Far North,2018-12-24,2018-12-30,28,0.0,0.0,0.0
Far North,2018-12-31,2019-01-06,28,0.0,0.0,0.0
Far North,2018-12-31,2019-12-29,27,0.0,260.0,0.0
Far North,2019-01-01,2019-12-31,2,34.0,700.0,0.0
Far North,2019-01-07,2019-01-13,28,0.0,0.0,0.0
Far North,2019-01-14,2019-01-20,28,0.0,0.0,0.0
Far North,2019-01-21,2019-01-27,28,0.0,0.0,0.0
Far North,2019-01-28,2019-02-03,28,0.0,0.0,0.0
Far North,2019-02-04,2019-02-10,28,0.0,0.0,0.0
Far North,2019-02-11,2019-02-17,28,0.0,0.0,0.0
Far North,2019-02-18,2019-02-24,28,0.0,0.0,0.0
Far North,2019-02-25,2019-03-03,28,0.0,0.0,0.0
Far North,2019-03-04,2019-03-10,28,0.0,0.0,0.0
Far North,2019-03-11,2019-03-17,28,0.0,0.0,0.0
Far North,2019-03-18,2019-03-24,28,0.0,0.0,0.0
Far North,2019-03-25,2019-03-31,1,0.0,0.0,0.0
Far North,2019-04-01,2019-04-07,1,0.0,0.0,0.0
Far North,2019-04-08,2019-04-14,1,0.0,0.0,0.0
Far North,2019-04-15,2019-04-21,1,0.0,0.0,0.0
Far North,2019-04-22,2019-04-28,1,0.0,0.0,0.0
Far North,2019-04-29,2019-05-05,1,0.0,0.0,0.0
Far North,2019-05-06,2019-05-12,1,0.0,0.0,0.0
Far North,2019-05-13,2019-05-19,28,0.0,0.0,0.0
Far North,2019-05-20,2019-05-26,1,0.0,0.0,0.0
Far North,2019-05-27,2019-06-02,1,0.0,0.0,0.0
Far North,2019-06-03,2019-06-09,1,0.0,0.0,0.0
Far North,2019-06-10,2019-06-16,1,0.0,0.0,0.0
Far North,2019-06-17,2019-06-23,1,0.0,0.0,0.0
Far North,2019-06-24,2019-06-30,1,0.0,2.0,0.0
Far North,2019-06-27,2019-09-29,1,12.0,261.0,0.0
Far North,2019-07-01,2019-07-07,2,10.0,18.0,0.0
Far North,2019-07-08,2019-07-14,2,0.0,14.0,0.0
Far North,2019-07-15,2019-07-21,2,0.0,34.0,0.0
Far North,2019-07-22,2019-07-28,2,2.0,48.0,0.0
Far North,2019-07-29,2019-08-04,4,2.0,34.0,0.0
Far North,2019-08-05,2019-08-11,2,0.0,22.0,0.0
Far North,2019-08-12,2019-08-18,4,0.0,46.0,0.0
Far North,2019-08-19,2019-08-25,3,0.0,12.0,0.0
Far North,2019-08-26,2019-09-01,5,0.0,60.0,0.0
Far North,2019-09-02,2019-09-08,5,2.0,36.0,0.0
Far North,2019-09-09,2019-09-15,2,0.0,16.0,0.0
Far North,2019-09-16,2019-09-22,3,0.0,20.0,0.0
Far North,2019-09-23,2019-09-29,4,4.0,26.0,0.0
Far North,2019-09-30,2019-10-06,2,0.0,8.0,0.0
Far North,2019-10-07,2019-10-13,6,0.0,42.0,0.0
Far North,2019-10-14,2019-10-20,2,0.0,12.0,0.0
Far North,2019-10-21,2019-10-27,6,0.0,62.0,0.0
Far North,2019-10-28,2019-11-03,2,0.0,10.0,0.0
Far North,2019-11-04,2019-11-10,2,0.0,10.0,0.0
Far North,2019-11-11,2019-11-17,1,0.0,1.0,0.0
Far North,2019-11-18,2019-11-24,2,0.0,6.0,0.0
Far North,2019-11-25,2019-12-01,1,0.0,0.0,0.0
Far North,2019-11-25,2020-01-20,1,0.0,0.0,0.0
Far North,2019-11-25,2020-01-26,1,0.0,0.0,0.0
Far North,2019-11-29,2020-01-09,1,0.0,0.0,0.0
Far North,2019-12-02,2019-12-08,1,0.0,0.0,0.0
Far North,2019-12-09,2019-12-15,1,0.0,0.0,0.0
Far North,2019-12-16,2019-12-22,1,0.0,0.0,0.0
Far North,2019-12-23,2019-12-29,1,0.0,0.0,0.0
Far North,2021-01-01,2021-10-03,1,0.0,3.0,0.0
Far North,2021-01-24,2022-03-06,1,0.0,0.0,0.0
Far North,2021-10-25,2022-07-03,1,0.0,7.0,0.0
Far North,2022-01-03,2022-07-03,1,0.0,7.0,0.0
Far North,2022-02-28,2022-03-06,1,0.0,0.0,0.0
Far North,2022-10-07,2022-10-13,1,1.0,35.0,0.0
Far North,2022-10-10,2022-10-21,1,10.0,176.0,0.0
Far North,2022-10-14,2022-10-20,1,2.0,46.0,0.0
Far North,2022-10-28,2022-11-03,1,2.0,36.0,0.0
Far North,2022-11-04,2022-11-10,1,0.0,22.0,0.0
Littoral,2010-01-04,2010-01-10,19,0.0,0.0,0.0
Littoral,2010-01-11,2010-01-17,19,0.0,0.0,0.0
Littoral,2010-01-18,2010-01-24,19,0.0,0.0,0.0
Littoral,2010-01-25,2010-01-31,19,0.0,0.0,0.0
Littoral,2010-02-01,2010-02-07,19,0.0,0.0,0.0
Littoral,2010-02-08,2010-02-14,19,0.0,0.0,0.0
Littoral,2010-02-15,2010-02-21,19,0.0,0.0,0.0
Littoral,2010-02-22,2010-02-28,19,0.0,0.0,0.0
Littoral,2010-03-01,2010-03-07,19,0.0,0.0,0.0
Littoral,2010-03-08,2010-03-14,19,0.0,0.0,0.0
Littoral,2010-03-15,2010-03-21,19,0.0,0.0,0.0
Littoral,2010-03-22,2010-03-28,19,0.0,0.0,0.0
Littoral,2010-03-29,2010-04-04,19,0.0,0.0,0.0
Littoral,2010-04-01,2010-10-25,1,5.0,173.0,0.0
Littoral,2010-04-05,2010-04-11,19,0.0,0.0,0.0
Littoral,2010-04-12,2010-04-18,19,0.0,0.0,0.0
Littoral,2010-04-19,2010-04-25,19,0.0,0.0,0.0
Littoral,2010-04-26,2010-05-02,19,0.0,0.0,0.0
Littoral,2010-05-03,2010-05-09,19,0.0,0.0,0.0
Littoral,2010-05-06,2010-12-31,1,17.0,456.0,0.0
Littoral,2010-05-10,2010-05-16,19,0.0,0.0,0.0
Littoral,2010-05-17,2010-05-23,19,0.0,0.0,0.0
Littoral,2010-05-24,2010-05-30,19,0.0,0.0,0.0
Littoral,2010-05-31,2010-06-06,19,0.0,0.0,0.0
Littoral,2010-06-07,2010-06-13,19,0.0,0.0,0.0
Littoral,2010-06-14,2010-06-20,19,0.0,0.0,0.0
Littoral,2010-06-21,2010-06-27,19,0.0,0.0,0.0
Littoral,2010-06-28,2010-07-04,19,0.0,0.0,0.0
Littoral,2010-07-05,2010-07-11,19,0.0,0.0,0.0
Littoral,2010-07-12,2010-07-18,19,0.0,0.0,0.0
Littoral,2010-07-19,2010-07-25,19,0.0,0.0,0.0
Littoral,2010-07-26,2010-08-01,19,0.0,0.0,0.0
Littoral,2010-08-02,2010-08-08,19,0.0,0.0,0.0
Littoral,2010-08-09,2010-08-15,19,0.0,0.0,0.0
Littoral,2010-08-16,2010-08-22,19,0.0,0.0,0.0
Littoral,2010-08-23,2010-08-29,19,0.0,0.0,0.0
Littoral,2010-08-30,2010-09-05,19,0.0,0.0,0.0
Littoral,2010-09-06,2010-09-12,19,0.0,9.0,0.0
Littoral,2010-09-13,2010-09-19,19,1.0,28.0,0.0
Littoral,2010-09-20,2010-09-26,19,0.0,46.0,0.0
Littoral,2010-09-27,2010-10-03,19,0.0,18.0,0.0
Littoral,2010-10-04,2010-10-10,19,2.0,33.0,0.0
Littoral,2010-10-11,2010-10-17,19,2.0,25.0,0.0
Littoral,2010-10-18,2010-10-24,19,0.0,19.0,0.0
Littoral,2010-10-25,2010-10-31,19,0.0,14.0,0.0
Littoral,2010-11-01,2010-11-07,19,0.0,12.0,0.0
Littoral,2010-11-08,2010-11-14,19,2.0,10.0,0.0
Littoral,2010-11-15,2010-11-21,19,0.0,13.0,0.0
Littoral,2010-11-22,2010-11-28,19,0.0,0.0,0.0
Littoral,2010-11-29,2010-12-05,19,0.0,0.0,0.0
Littoral,2010-12-06,2010-12-12,19,0.0,0.0,0.0
Littoral,2010-12-13,2010-12-19,19,0.0,0.0,0.0
Littoral,2010-12-20,2010-12-26,19,0.0,0.0,0.0
Littoral,2010-12-27,2011-01-02,19,0.0,0.0,0.0
Littoral,2011-01-01,2011-09-22,16,98.0,3802.0,0.0
Littoral,2011-01-03,2011-01-09,19,3.0,74.0,0.0
Littoral,2011-01-10,2011-01-16,19,2.0,52.0,0.0
Littoral,2011-01-17,2011-01-23,19,2.0,57.0,0.0
Littoral,2011-01-24,2011-01-30,19,2.0,68.0,0.0
Littoral,2011-01-31,2011-02-06,19,2.0,92.0,0.0
Littoral,2011-02-07,2011-02-13,19,3.0,122.0,0.0
Littoral,2011-02-14,2011-02-20,19,2.0,109.0,0.0
Littoral,2011-02-21,2011-02-27,19,3.0,126.0,0.0
Littoral,2011-02-28,2011-03-06,19,2.0,122.0,0.0
Littoral,2011-03-07,2011-03-13,19,4.0,100.0,0.0
Littoral,2011-03-14,2011-03-20,19,6.0,106.0,0.0
Littoral,2011-03-21,2011-03-27,19,1.0,82.0,0.0
Littoral,2011-03-28,2011-04-03,19,0.0,49.0,0.0
Littoral,2011-04-04,2011-04-10,19,1.0,50.0,0.0
Littoral,2011-04-11,2011-04-17,19,1.0,43.0,0.0
Littoral,2011-04-18,2011-04-24,19,0.0,17.0,0.0
Littoral,2011-04-25,2011-05-01,19,0.0,16.0,0.0
Littoral,2011-05-02,2011-05-08,19,1.0,15.0,0.0
Littoral,2011-05-09,2011-05-15,19,1.0,14.0,0.0
Littoral,2011-05-16,2011-05-22,19,1.0,4.0,0.0
Littoral,2011-05-23,2011-05-29,19,0.0,6.0,0.0
Littoral,2011-05-30,2011-06-05,19,0.0,3.0,0.0
Littoral,2011-06-06,2011-06-12,19,0.0,9.0,0.0
Littoral,2011-06-13,2011-06-19,19,0.0,5.0,0.0
Littoral,2011-06-20,2011-06-26,19,0.0,8.0,0.0
Littoral,2011-06-27,2011-07-03,19,0.0,10.0,0.0
Littoral,2011-07-04,2011-07-10,19,0.0,25.0,0.0
Littoral,2011-07-11,2011-07-17,19,2.0,34.0,0.0
Littoral,2011-07-18,2011-07-24,19,0.0,24.0,0.0
Littoral,2011-07-25,2011-07-31,19,2.0,54.0,0.0
Littoral,2011-08-01,2011-08-07,19,1.0,38.0,0.0
Littoral,2011-08-08,2011-08-14,19,2.0,42.0,0.0
Littoral,2011-08-15,2011-08-21,19,1.0,113.0,0.0
Littoral,2011-08-22,2011-08-28,19,5.0,102.0,0.0
Littoral,2011-08-29,2011-09-04,19,3.0,90.0,0.0
Littoral,2011-09-05,2011-09-11,19,1.0,61.0,0.0
Littoral,2011-09-12,2011-09-18,19,2.0,78.0,0.0
Littoral,2011-09-19,2011-09-25,19,3.0,267.0,0.0
Littoral,2011-09-23,2011-12-11,1,33.0,3127.0,0.0
Littoral,2011-09-26,2011-10-02,19,7.0,226.0,0.0
Littoral,2011-10-03,2011-10-09,19,7.0,195.0,0.0
Littoral,2011-10-10,2011-10-16,19,6.0,434.0,0.0
Littoral,2011-10-17,2011-10-23,19,5.0,378.0,0.0
Littoral,2011-10-24,2011-10-30,19,6.0,380.0,0.0
Littoral,2011-10-31,2011-11-06,19,3.0,425.0,0.0
Littoral,2011-11-07,2011-11-13,19,5.0,403.0,0.0
Littoral,2011-11-14,2011-11-20,19,2.0,253.0,0.0
Littoral,2011-11-21,2011-11-27,19,0.0,178.0,0.0
Littoral,2011-11-28,2011-12-04,19,0.0,99.0,0.0
Littoral,2011-12-05,2011-12-11,19,0.0,64.0,0.0
Littoral,2011-12-12,2011-12-18,19,3.0,55.0,0.0
Littoral,2011-12-19,2011-12-25,19,1.0,41.0,0.0
Littoral,2011-12-26,2012-01-01,19,1.0,45.0,0.0
Littoral,2012-01-02,2012-01-08,19,0.0,11.0,0.0
Littoral,2012-01-09,2012-01-15,19,1.0,12.0,0.0
Littoral,2012-01-16,2012-01-22,19,0.0,2.0,0.0
Littoral,2012-01-23,2012-01-29,19,0.0,6.0,0.0
Littoral,2012-01-30,2012-02-05,19,0.0,2.0,0.0
Littoral,2012-02-06,2012-02-12,19,0.0,0.0,0.0
Littoral,2012-02-13,2012-02-19,19,0.0,0.0,0.0
Littoral,2012-02-20,2012-02-26,19,0.0,0.0,0.0
Littoral,2012-02-27,2012-03-04,19,0.0,1.0,0.0
Littoral,2012-03-05,2012-03-11,19,0.0,0.0,0.0
Littoral,2012-03-12,2012-03-18,19,0.0,0.0,0.0
Littoral,2012-03-19,2012-03-25,19,0.0,0.0,0.0
Littoral,2012-03-26,2012-04-01,19,0.0,6.0,0.0
Littoral,2012-04-02,2012-04-08,19,0.0,0.0,0.0
Littoral,2012-04-09,2012-04-15,19,0.0,0.0,0.0
Littoral,2012-04-16,2012-04-22,19,0.0,0.0,0.0
Littoral,2012-04-23,2012-04-29,19,0.0,0.0,0.0
Littoral,2012-04-30,2012-05-06,19,0.0,0.0,0.0
Littoral,2012-05-07,2012-05-13,19,0.0,0.0,0.0
Littoral,2012-05-14,2012-05-20,19,0.0,0.0,0.0
Littoral,2012-05-21,2012-05-27,19,0.0,0.0,0.0
Littoral,2012-05-28,2012-06-03,19,0.0,0.0,0.0
Littoral,2012-06-04,2012-06-10,19,0.0,2.0,0.0
Littoral,2012-06-11,2012-06-17,19,0.0,0.0,0.0
Littoral,2012-06-18,2012-06-24,19,0.0,1.0,0.0
Littoral,2012-06-25,2012-07-01,19,0.0,2.0,0.0
Littoral,2012-07-02,2012-07-08,19,0.0,0.0,0.0
Littoral,2012-07-09,2012-07-15,19,0.0,0.0,0.0
Littoral,2012-07-16,2012-07-22,19,0.0,1.0,0.0
Littoral,2012-07-23,2012-07-29,19,0.0,0.0,0.0
Littoral,2012-07-30,2012-08-05,19,0.0,0.0,0.0
Littoral,2012-08-06,2012-08-12,19,0.0,0.0,0.0
Littoral,2012-08-13,2012-08-19,19,0.0,0.0,0.0
Littoral,2012-08-20,2012-08-26,19,0.0,0.0,0.0
Littoral,2012-08-27,2012-09-02,19,0.0,0.0,0.0
Littoral,2012-09-03,2012-09-09,19,0.0,0.0,0.0
Littoral,2012-09-10,2012-09-16,19,0.0,0.0,0.0
Littoral,2012-09-17,2012-09-23,19,0.0,0.0,0.0
Littoral,2012-09-24,2012-09-30,19,0.0,0.0,0.0
Littoral,2012-10-01,2012-10-07,19,0.0,0.0,0.0
Littoral,2012-10-08,2012-10-14,19,0.0,0.0,0.0
Littoral,2012-10-15,2012-10-21,19,0.0,0.0,0.0
Littoral,2012-10-22,2012-10-28,19,0.0,0.0,0.0
Littoral,2012-10-29,2012-11-04,19,0.0,0.0,0.0
Littoral,2012-11-05,2012-11-11,19,0.0,0.0,0.0
Littoral,2012-11-12,2012-11-18,19,0.0,0.0,0.0
Littoral,2012-11-19,2012-11-25,19,0.0,0.0,0.0
Littoral,2012-11-26,2012-12-02,19,0.0,0.0,0.0
Littoral,2012-12-03,2012-12-09,19,0.0,0.0,0.0
Littoral,2012-12-10,2012-12-16,19,0.0,0.0,0.0
Littoral,2012-12-17,2012-12-23,19,0.0,0.0,0.0
Littoral,2012-12-24,2012-12-30,19,0.0,0.0,0.0
Littoral,2012-12-31,2013-01-06,19,0.0,0.0,0.0
Littoral,2013-01-07,2013-01-13,19,0.0,0.0,0.0
Littoral,2013-01-14,2013-01-20,19,0.0,0.0,0.0
Littoral,2013-01-21,2013-01-27,19,0.0,0.0,0.0
Littoral,2013-01-28,2013-02-03,19,0.0,0.0,0.0
Littoral,2013-02-04,2013-02-10,19,0.0,1.0,0.0
Littoral,2013-02-11,2013-02-17,19,0.0,0.0,0.0
Littoral,2013-02-18,2013-02-24,19,0.0,2.0,0.0
Littoral,2013-02-25,2013-03-03,19,0.0,0.0,0.0
Littoral,2013-03-04,2013-03-10,19,0.0,0.0,0.0
Littoral,2013-03-11,2013-03-17,19,0.0,0.0,0.0
Littoral,2013-03-18,2013-03-24,19,0.0,0.0,0.0
Littoral,2013-03-25,2013-03-31,19,0.0,1.0,0.0
Littoral,2013-04-01,2013-04-07,19,0.0,0.0,0.0
Littoral,2013-04-08,2013-04-14,19,0.0,0.0,0.0
Littoral,2013-04-15,2013-04-21,19,0.0,0.0,0.0
Littoral,2013-04-22,2013-04-28,19,0.0,0.0,0.0
Littoral,2013-04-29,2013-05-05,19,0.0,0.0,0.0
Littoral,2013-05-06,2013-05-12,19,0.0,0.0,0.0
Littoral,2013-05-13,2013-05-19,19,0.0,1.0,0.0
Littoral,2013-05-20,2013-05-26,19,0.0,0.0,0.0
Littoral,2013-05-27,2013-06-02,19,0.0,0.0,0.0
Littoral,2013-06-03,2013-06-09,19,0.0,0.0,0.0
Littoral,2013-06-10,2013-06-16,19,0.0,0.0,0.0
Littoral,2013-06-17,2013-06-23,19,0.0,0.0,0.0
Littoral,2013-06-24,2013-06-30,19,0.0,0.0,0.0
Littoral,2013-07-01,2013-07-07,19,0.0,0.0,0.0
Littoral,2013-07-08,2013-07-14,19,0.0,0.0,0.0
Littoral,2013-07-15,2013-07-21,19,0.0,0.0,0.0
Littoral,2013-07-22,2013-07-28,19,0.0,0.0,0.0
Littoral,2013-07-29,2013-08-04,19,0.0,0.0,0.0
Littoral,2013-08-05,2013-08-11,19,0.0,0.0,0.0
Littoral,2013-08-12,2013-08-18,19,0.0,0.0,0.0
Littoral,2013-08-19,2013-08-25,19,0.0,0.0,0.0
Littoral,2013-08-26,2013-09-01,19,0.0,0.0,0.0
Littoral,2013-09-02,2013-09-08,19,0.0,0.0,0.0
Littoral,2013-09-09,2013-09-15,19,0.0,0.0,0.0
Littoral,2013-09-16,2013-09-22,19,0.0,0.0,0.0
Littoral,2013-09-23,2013-09-29,19,0.0,0.0,0.0
Littoral,2013-09-30,2013-10-06,19,0.0,0.0,0.0
Littoral,2013-10-07,2013-10-13,19,0.0,0.0,0.0
Littoral,2013-10-14,2013-10-20,19,0.0,0.0,0.0
Littoral,2013-10-21,2013-10-27,19,0.0,0.0,0.0
Littoral,2013-10-28,2013-11-03,19,0.0,0.0,0.0
Littoral,2013-11-04,2013-11-10,19,0.0,0.0,0.0
Littoral,2013-11-11,2013-11-17,19,0.0,0.0,0.0
Littoral,2013-11-18,2013-11-24,19,0.0,0.0,0.0
Littoral,2013-11-25,2013-12-01,19,0.0,0.0,0.0
Littoral,2013-12-02,2013-12-08,19,0.0,0.0,0.0
Littoral,2013-12-09,2013-12-15,19,0.0,0.0,0.0
Littoral,2013-12-16,2013-12-22,19,0.0,0.0,0.0
Littoral,2013-12-23,2013-12-29,19,0.0,0.0,0.0
Littoral,2013-12-30,2014-01-05,24,0.0,0.0,0.0
Littoral,2014-01-06,2014-01-12,24,0.0,0.0,0.0
Littoral,2014-01-13,2014-01-19,24,0.0,0.0,0.0
Littoral,2014-01-20,2014-01-26,24,0.0,0.0,0.0
Littoral,2014-01-27,2014-02-02,24,0.0,0.0,0.0
Littoral,2014-02-03,2014-02-09,24,0.0,0.0,0.0
Littoral,2014-02-10,2014-02-16,24,0.0,0.0,0.0
Littoral,2014-02-17,2014-02-23,24,0.0,0.0,0.0
Littoral,2014-02-24,2014-03-02,24,0.0,0.0,0.0
Littoral,2014-03-03,2014-03-09,24,0.0,0.0,0.0
Littoral,2014-03-10,2014-03-16,24,0.0,0.0,0.0
Littoral,2014-03-17,2014-03-23,24,0.0,0.0,0.0
Littoral,2014-03-24,2014-03-30,24,0.0,0.0,0.0
Littoral,2014-03-31,2014-04-06,24,0.0,0.0,0.0
Littoral,2014-04-07,2014-04-13,24,0.0,0.0,0.0
Littoral,2014-04-14,2014-04-20,24,0.0,0.0,0.0
Littoral,2014-04-21,2014-04-27,24,0.0,0.0,0.0
Littoral,2014-04-28,2014-05-04,24,0.0,0.0,0.0
Littoral,2014-05-05,2014-05-11,24,0.0,0.0,0.0
Littoral,2014-05-12,2014-05-18,24,0.0,0.0,0.0
Littoral,2014-05-19,2014-05-25,24,0.0,0.0,0.0
Littoral,2014-05-26,2014-06-01,24,0.0,0.0,0.0
Littoral,2014-06-02,2014-06-08,24,0.0,0.0,0.0
Littoral,2014-06-09,2014-06-15,24,0.0,0.0,0.0
Littoral,2014-06-16,2014-06-22,24,0.0,0.0,0.0
Littoral,2014-06-23,2014-06-29,24,0.0,0.0,0.0
Littoral,2014-06-30,2014-07-06,24,0.0,0.0,0.0
Littoral,2014-07-07,2014-07-13,24,0.0,0.0,0.0
Littoral,2014-07-14,2014-07-20,24,0.0,0.0,0.0
Littoral,2014-07-21,2014-07-27,24,0.0,1.0,0.0
Littoral,2014-07-28,2014-08-03,24,0.0,1.0,0.0
Littoral,2014-08-04,2014-08-10,24,0.0,0.0,0.0
Littoral,2014-08-11,2014-08-17,24,0.0,0.0,0.0
Littoral,2014-08-18,2014-08-24,24,0.0,0.0,0.0
Littoral,2014-08-25,2014-08-31,24,0.0,0.0,0.0
Littoral,2014-09-01,2014-09-07,24,0.0,0.0,0.0
Littoral,2014-09-08,2014-09-14,24,0.0,0.0,0.0
Littoral,2014-09-15,2014-09-21,24,0.0,0.0,0.0
Littoral,2014-09-22,2014-09-28,24,0.0,0.0,0.0
Littoral,2014-09-29,2014-10-05,24,0.0,0.0,0.0
Littoral,2014-10-06,2014-10-12,24,0.0,0.0,0.0
Littoral,2014-10-13,2014-10-19,24,0.0,0.0,0.0
Littoral,2014-10-20,2014-10-26,24,1.0,11.0,0.0
Littoral,2014-10-27,2014-11-02,24,0.0,0.0,0.0
Littoral,2014-11-03,2014-11-09,24,0.0,0.0,0.0
Littoral,2014-11-10,2014-11-16,24,0.0,0.0,0.0
Littoral,2014-11-17,2014-11-23,24,0.0,0.0,0.0
Littoral,2014-11-24,2014-11-30,24,0.0,0.0,0.0
Littoral,2014-12-01,2014-12-07,24,0.0,0.0,0.0
Littoral,2014-12-08,2014-12-14,24,0.0,0.0,0.0
Littoral,2014-12-15,2014-12-21,24,0.0,0.0,0.0
Littoral,2014-12-22,2014-12-28,24,0.0,0.0,0.0
Littoral,2014-12-29,2015-01-04,24,0.0,0.0,0.0
Littoral,2015-01-05,2015-01-11,24,0.0,0.0,0.0
Littoral,2015-01-12,2015-01-18,24,0.0,0.0,0.0
Littoral,2015-01-19,2015-01-25,24,0.0,0.0,0.0
Littoral,2015-01-26,2015-02-01,24,0.0,0.0,0.0
Littoral,2015-02-02,2015-02-08,24,0.0,0.0,0.0
Littoral,2015-02-09,2015-02-15,24,0.0,0.0,0.0
Littoral,2015-02-16,2015-02-22,24,0.0,0.0,0.0
Littoral,2015-02-23,2015-03-01,24,0.0,0.0,0.0
Littoral,2015-03-02,2015-03-08,24,0.0,0.0,0.0
Littoral,2015-03-09,2015-03-15,24,0.0,0.0,0.0
Littoral,2015-03-16,2015-03-22,24,0.0,0.0,0.0
Littoral,2015-03-23,2015-03-29,24,0.0,0.0,0.0
Littoral,2015-03-30,2015-04-05,24,0.0,0.0,0.0
Littoral,2015-04-06,2015-04-12,24,0.0,0.0,0.0
Littoral,2015-04-13,2015-04-19,24,0.0,0.0,0.0
Littoral,2015-04-20,2015-04-26,24,0.0,0.0,0.0
Littoral,2015-04-27,2015-05-03,24,0.0,0.0,0.0
Littoral,2015-05-04,2015-05-10,24,0.0,0.0,0.0
Littoral,2015-05-11,2015-05-17,24,0.0,0.0,0.0
Littoral,2015-05-18,2015-05-24,24,0.0,0.0,0.0
Littoral,2015-05-25,2015-05-31,24,0.0,0.0,0.0
Littoral,2015-06-01,2015-06-07,24,0.0,0.0,0.0
Littoral,2015-06-08,2015-06-14,24,0.0,0.0,0.0
Littoral,2015-06-15,2015-06-21,24,0.0,0.0,0.0
Littoral,2015-06-22,2015-06-28,24,0.0,0.0,0.0
Littoral,2015-06-29,2015-07-05,24,0.0,0.0,0.0
Littoral,2015-07-06,2015-07-12,24,0.0,0.0,0.0
Littoral,2015-07-13,2015-07-19,24,0.0,0.0,0.0
Littoral,2015-07-20,2015-07-26,24,0.0,0.0,0.0
Littoral,2015-07-27,2015-08-02,24,0.0,0.0,0.0
Littoral,2015-08-03,2015-08-09,24,0.0,0.0,0.0
Littoral,2015-08-10,2015-08-16,24,0.0,0.0,0.0
Littoral,2015-08-17,2015-08-23,24,0.0,0.0,0.0
Littoral,2015-08-24,2015-08-30,24,0.0,0.0,0.0
Littoral,2015-08-31,2015-09-06,24,0.0,0.0,0.0
Littoral,2015-09-07,2015-09-13,24,0.0,0.0,0.0
Littoral,2015-09-14,2015-09-20,24,0.0,0.0,0.0
Littoral,2015-09-21,2015-09-27,24,1.0,4.0,0.0
Littoral,2015-09-28,2015-10-04,24,0.0,0.0,0.0
Littoral,2015-10-05,2015-10-11,24,0.0,0.0,0.0
Littoral,2015-10-12,2015-10-18,24,0.0,0.0,0.0
Littoral,2015-10-19,2015-10-25,24,0.0,0.0,0.0
Littoral,2015-10-26,2015-11-01,24,0.0,0.0,0.0
Littoral,2015-11-02,2015-11-08,24,0.0,0.0,0.0
Littoral,2015-11-09,2015-11-15,24,0.0,0.0,0.0
Littoral,2015-11-16,2015-11-22,24,0.0,0.0,0.0
Littoral,2015-11-23,2015-11-29,24,0.0,0.0,0.0
Littoral,2015-11-30,2015-12-06,24,0.0,0.0,0.0
Littoral,2015-12-07,2015-12-13,24,0.0,0.0,0.0
Littoral,2015-12-14,2015-12-20,24,0.0,0.0,0.0
Littoral,2015-12-21,2015-12-27,24,0.0,0.0,0.0
Littoral,2016-01-04,2016-01-10,24,0.0,0.0,0.0
Littoral,2016-01-11,2016-01-17,24,0.0,0.0,0.0
Littoral,2016-01-18,2016-01-24,24,0.0,0.0,0.0
Littoral,2016-01-25,2016-01-31,24,0.0,0.0,0.0
Littoral,2016-02-01,2016-02-07,24,0.0,0.0,0.0
Littoral,2016-02-08,2016-02-14,24,0.0,0.0,0.0
Littoral,2016-02-15,2016-02-21,24,0.0,0.0,0.0
Littoral,2016-02-22,2016-02-28,24,0.0,0.0,0.0
Littoral,2016-02-29,2016-03-06,24,0.0,0.0,0.0
Littoral,2016-03-07,2016-03-13,24,0.0,0.0,0.0
Littoral,2016-03-14,2016-03-20,24,0.0,0.0,0.0
Littoral,2016-03-21,2016-03-27,24,0.0,0.0,0.0
Littoral,2016-03-28,2016-04-03,24,0.0,0.0,0.0
Littoral,2016-04-04,2016-04-10,24,0.0,0.0,0.0
Littoral,2016-04-11,2016-04-17,24,0.0,0.0,0.0
Littoral,2016-04-18,2016-04-24,24,0.0,0.0,0.0
Littoral,2016-04-25,2016-05-01,24,0.0,0.0,0.0
Littoral,2016-05-02,2016-05-08,24,0.0,0.0,0.0
Littoral,2016-05-09,2016-05-15,24,0.0,0.0,0.0
Littoral,2016-05-16,2016-05-22,24,0.0,0.0,0.0
Littoral,2016-05-23,2016-05-29,24,0.0,0.0,0.0
Littoral,2016-05-30,2016-06-05,24,0.0,0.0,0.0
Littoral,2016-06-06,2016-06-12,24,0.0,0.0,0.0
Littoral,2016-06-13,2016-06-19,24,0.0,0.0,0.0
Littoral,2016-06-20,2016-06-26,24,0.0,0.0,0.0
Littoral,2016-06-27,2016-07-03,24,0.0,0.0,0.0
Littoral,2016-07-04,2016-07-10,24,1.0,1.0,0.0
Littoral,2016-07-11,2016-07-17,24,0.0,0.0,0.0
Littoral,2016-07-18,2016-07-24,24,0.0,0.0,0.0
Littoral,2016-07-25,2016-07-31,24,0.0,0.0,0.0
Littoral,2016-08-01,2016-08-07,24,0.0,0.0,0.0
Littoral,2016-08-08,2016-08-14,24,0.0,0.0,0.0
Littoral,2016-08-15,2016-08-21,24,0.0,0.0,0.0
Littoral,2016-08-22,2016-08-28,24,0.0,0.0,0.0
Littoral,2016-08-29,2016-09-04,24,0.0,0.0,0.0
Littoral,2016-09-05,2016-09-11,24,0.0,0.0,0.0
Littoral,2016-09-12,2016-09-18,24,0.0,0.0,0.0
Littoral,2016-09-19,2016-09-25,24,0.0,0.0,0.0
Littoral,2016-09-26,2016-10-02,24,0.0,0.0,0.0
Littoral,2016-10-03,2016-10-09,24,0.0,0.0,0.0
Littoral,2016-10-10,2016-10-16,24,0.0,0.0,0.0
Littoral,2016-10-17,2016-10-23,24,0.0,0.0,0.0
Littoral,2016-10-24,2016-10-30,24,0.0,0.0,0.0
Littoral,2016-10-31,2016-11-06,24,0.0,0.0,0.0
Littoral,2016-11-07,2016-11-13,24,0.0,0.0,0.0
Littoral,2016-11-14,2016-11-20,24,0.0,0.0,0.0
Littoral,2016-11-21,2016-11-27,24,0.0,0.0,0.0
Littoral,2016-11-28,2016-12-04,24,0.0,0.0,0.0
Littoral,2016-12-05,2016-12-11,24,0.0,0.0,0.0
Littoral,2016-12-12,2016-12-18,24,0.0,0.0,0.0
Littoral,2016-12-19,2016-12-25,24,0.0,0.0,0.0
Littoral,2016-12-26,2017-01-01,24,0.0,0.0,0.0
Littoral,2017-01-02,2017-01-08,24,0.0,0.0,0.0
Littoral,2017-01-09,2017-01-15,24,0.0,0.0,0.0
Littoral,2017-01-16,2017-01-22,24,0.0,0.0,0.0
Littoral,2017-01-23,2017-01-29,24,0.0,0.0,0.0
Littoral,2017-01-30,2017-02-05,24,0.0,0.0,0.0
Littoral,2017-02-06,2017-02-12,24,0.0,1.0,0.0
Littoral,2017-02-13,2017-02-19,24,0.0,0.0,0.0
Littoral,2017-02-20,2017-02-26,24,0.0,13.0,0.0
Littoral,2017-02-27,2017-03-05,24,0.0,0.0,0.0
Littoral,2017-03-06,2017-03-12,24,0.0,0.0,0.0
Littoral,2017-03-13,2017-03-19,24,0.0,0.0,0.0
Littoral,2017-03-20,2017-03-26,24,0.0,0.0,0.0
Littoral,2017-03-27,2017-04-02,24,0.0,0.0,0.0
Littoral,2017-04-03,2017-04-09,24,0.0,0.0,0.0
Littoral,2017-04-10,2017-04-16,24,0.0,1.0,0.0
Littoral,2017-04-17,2017-04-23,24,0.0,0.0,0.0
Littoral,2017-04-24,2017-04-30,24,0.0,0.0,0.0
Littoral,2017-05-01,2017-05-07,24,0.0,0.0,0.0
Littoral,2017-05-08,2017-05-14,24,0.0,0.0,0.0
Littoral,2017-05-15,2017-05-21,24,0.0,0.0,0.0
Littoral,2017-05-22,2017-05-28,24,0.0,0.0,0.0
Littoral,2017-05-29,2017-06-04,24,0.0,0.0,0.0
Littoral,2017-06-05,2017-06-11,24,0.0,0.0,0.0
Littoral,2017-06-12,2017-06-18,24,0.0,0.0,0.0
Littoral,2017-06-19,2017-06-25,24,0.0,0.0,0.0
Littoral,2017-06-26,2017-07-02,24,0.0,0.0,0.0
Littoral,2017-07-03,2017-07-09,24,0.0,0.0,0.0
Littoral,2017-07-10,2017-07-16,24,0.0,0.0,0.0
Littoral,2017-07-17,2017-07-23,24,0.0,0.0,0.0
Littoral,2017-07-24,2017-07-30,24,0.0,0.0,0.0
Littoral,2017-07-31,2017-08-06,24,0.0,0.0,0.0
Littoral,2017-08-07,2017-08-13,24,0.0,0.0,0.0
Littoral,2017-08-14,2017-08-20,24,0.0,0.0,0.0
Littoral,2017-08-21,2017-08-27,24,0.0,0.0,0.0
Littoral,2017-08-28,2017-09-03,24,0.0,0.0,0.0
Littoral,2017-09-04,2017-09-10,24,0.0,1.0,0.0
Littoral,2017-09-11,2017-09-17,24,0.0,0.0,0.0
Littoral,2017-09-18,2017-09-24,24,0.0,1.0,0.0
Littoral,2017-09-25,2017-10-01,24,0.0,0.0,0.0
Littoral,2017-10-02,2017-10-08,24,0.0,0.0,0.0
Littoral,2017-10-09,2017-10-15,24,0.0,1.0,0.0
Littoral,2017-10-16,2017-10-22,24,0.0,0.0,0.0
Littoral,2017-10-23,2017-10-29,24,0.0,0.0,0.0
Littoral,2017-10-30,2017-11-05,24,0.0,0.0,0.0
Littoral,2017-11-06,2017-11-12,24,0.0,0.0,0.0
Littoral,2017-11-13,2017-11-19,24,0.0,0.0,0.0
Littoral,2017-11-20,2017-11-26,24,0.0,0.0,0.0
Littoral,2017-11-27,2017-12-03,24,0.0,0.0,0.0
Littoral,2017-12-04,2017-12-10,24,0.0,0.0,0.0
Littoral,2017-12-11,2017-12-17,24,0.0,0.0,0.0
Littoral,2017-12-18,2017-12-24,24,0.0,0.0,0.0
Littoral,2017-12-25,2017-12-31,24,0.0,0.0,0.0
Littoral,2018-01-01,2018-01-07,20,0.0,0.0,0.0
Littoral,2018-01-01,2018-12-30,17,0.0,57.0,0.0
Littoral,2018-01-08,2018-01-14,20,0.0,0.0,0.0
Littoral,2018-01-15,2018-01-21,20,0.0,0.0,0.0
Littoral,2018-01-22,2018-01-28,20,0.0,4.0,0.0
Littoral,2018-01-29,2018-02-04,20,0.0,0.0,0.0
Littoral,2018-02-05,2018-02-11,20,0.0,0.0,0.0
Littoral,2018-02-12,2018-02-18,20,0.0,0.0,0.0
Littoral,2018-02-19,2018-02-25,20,0.0,0.0,0.0
Littoral,2018-02-26,2018-03-04,20,0.0,0.0,0.0
Littoral,2018-03-05,2018-03-11,20,0.0,0.0,0.0
Littoral,2018-03-12,2018-03-18,20,0.0,2.0,0.0
Littoral,2018-03-19,2018-03-25,20,0.0,0.0,0.0
Littoral,2018-03-26,2018-04-01,20,0.0,0.0,0.0
Littoral,2018-04-02,2018-04-08,20,0.0,2.0,0.0
Littoral,2018-04-09,2018-04-15,20,0.0,0.0,0.0
Littoral,2018-04-16,2018-04-22,20,0.0,0.0,0.0
Littoral,2018-04-23,2018-04-29,20,0.0,0.0,0.0
Littoral,2018-04-30,2018-05-06,20,0.0,0.0,0.0
Littoral,2018-05-07,2018-05-13,20,0.0,0.0,0.0
Littoral,2018-05-14,2018-05-20,20,0.0,2.0,0.0
Littoral,2018-05-18,2018-07-26,1,0.0,31.0,0.0
Littoral,2018-05-18,2018-08-13,1,0.0,52.0,0.0
Littoral,2018-05-18,2018-09-17,1,0.0,1.0,1.0
Littoral,2018-05-18,2018-09-24,1,0.0,4.0,0.0
Littoral,2018-05-18,2018-09-28,1,0.0,4.0,4.0
Littoral,2018-05-18,2018-10-12,1,0.0,4.0,4.0
Littoral,2018-05-18,2018-10-23,1,0.0,6.0,0.0
Littoral,2018-05-18,2018-11-09,1,0.0,2.0,0.0
Littoral,2018-05-18,2018-12-31,1,0.0,7.0,0.0
Littoral,2018-05-18,2020-01-09,1,0.0,7.0,0.0
Littoral,2018-05-18,2020-12-16,1,32.0,563.0,0.0
Littoral,2018-05-21,2018-05-27,20,0.0,0.0,0.0
Littoral,2018-05-28,2018-06-03,20,0.0,0.0,0.0
Littoral,2018-06-04,2018-06-10,20,0.0,0.0,0.0
Littoral,2018-06-11,2018-06-17,20,0.0,0.0,0.0
Littoral,2018-06-18,2018-06-24,20,0.0,2.0,0.0
Littoral,2018-06-25,2018-07-01,20,0.0,0.0,0.0
Littoral,2018-07-02,2018-07-08,20,0.0,0.0,0.0
Littoral,2018-07-09,2018-07-15,20,0.0,6.0,0.0
Littoral,2018-07-16,2018-07-22,20,0.0,48.0,0.0
Littoral,2018-07-17,2018-08-12,1,0.0,52.0,0.0
Littoral,2018-07-23,2018-07-29,20,0.0,22.0,0.0
Littoral,2018-07-30,2018-08-05,20,0.0,12.0,0.0
Littoral,2018-08-06,2018-08-12,20,0.0,2.0,0.0
Littoral,2018-08-13,2018-08-19,20,0.0,0.0,0.0
Littoral,2018-08-20,2018-08-26,19,0.0,2.0,0.0
Littoral,2018-08-27,2018-09-02,20,0.0,2.0,0.0
Littoral,2018-08-27,2018-09-28,1,0.0,0.0,0.0
Littoral,2018-09-03,2018-09-09,20,0.0,2.0,0.0
Littoral,2018-09-10,2018-09-16,20,0.0,4.0,0.0
Littoral,2018-09-17,2018-09-23,20,0.0,0.0,0.0
Littoral,2018-09-24,2018-09-30,20,0.0,4.0,0.0
Littoral,2018-10-01,2018-10-07,20,0.0,0.0,0.0
Littoral,2018-10-01,2020-01-09,1,0.0,0.0,0.0
Littoral,2018-10-08,2018-10-14,20,0.0,2.0,0.0
Littoral,2018-10-11,2018-10-23,1,0.0,0.0,0.0
Littoral,2018-10-11,2018-10-29,1,0.0,0.0,0.0
Littoral,2018-10-11,2018-11-02,1,0.0,0.0,0.0
Littoral,2018-10-11,2018-11-09,1,0.0,0.0,0.0
Littoral,2018-10-11,2018-11-23,1,0.0,0.0,0.0
Littoral,2018-10-11,2018-12-02,1,0.0,0.0,0.0
Littoral,2018-10-11,2018-12-19,1,0.0,0.0,0.0
Littoral,2018-10-12,2018-10-16,2,0.0,38.0,1.0
Littoral,2018-10-15,2018-10-21,20,0.0,0.0,0.0
Littoral,2018-10-22,2018-10-28,20,0.0,0.0,0.0
Littoral,2018-10-29,2018-11-04,20,0.0,2.0,0.0
Littoral,2018-11-05,2018-11-11,20,0.0,0.0,0.0
Littoral,2018-11-12,2018-11-18,20,0.0,0.0,0.0
Littoral,2018-11-19,2018-11-25,20,0.0,0.0,0.0
Littoral,2018-11-26,2018-12-02,20,0.0,0.0,0.0
Littoral,2018-12-10,2018-12-16,20,0.0,0.0,0.0
Littoral,2018-12-17,2018-12-23,20,0.0,0.0,0.0
Littoral,2018-12-24,2018-12-30,20,0.0,0.0,0.0
Littoral,2018-12-31,2019-01-06,21,0.0,0.0,0.0
Littoral,2018-12-31,2019-12-29,17,0.0,0.0,0.0
Littoral,2019-01-07,2019-01-13,21,0.0,0.0,0.0
Littoral,2019-01-14,2019-01-20,21,0.0,0.0,0.0
Littoral,2019-01-21,2019-01-27,21,0.0,0.0,0.0
Littoral,2019-01-28,2019-02-03,21,0.0,0.0,0.0
Littoral,2019-02-04,2019-02-10,21,0.0,0.0,0.0
Littoral,2019-02-11,2019-02-17,21,0.0,0.0,0.0
Littoral,2019-02-18,2019-02-24,21,0.0,0.0,0.0
Littoral,2019-02-25,2019-03-03,21,0.0,0.0,0.0
Littoral,2019-03-04,2019-03-10,21,0.0,0.0,0.0
Littoral,2019-03-11,2019-03-17,21,0.0,0.0,0.0
Littoral,2019-03-18,2019-03-24,20,0.0,0.0,0.0
Littoral,2019-05-13,2019-05-19,20,0.0,0.0,0.0
Littoral,2020-01-01,2020-01-28,1,6.0,41.0,2.0
Littoral,2020-01-01,2020-12-06,1,53.0,962.0,0.0
Littoral,2020-01-04,2020-01-04,1,1.0,1.0,0.0
Littoral,2020-01-04,2020-01-20,1,5.0,19.0,0.0
Littoral,2020-01-05,2020-01-05,1,0.0,1.0,0.0
Littoral,2020-01-06,2020-01-06,1,0.0,0.0,0.0
Littoral,2020-01-07,2020-01-07,1,0.0,0.0,0.0
Littoral,2020-01-08,2020-01-08,1,0.0,0.0,0.0
Littoral,2020-01-09,2020-01-09,1,0.0,0.0,0.0
Littoral,2020-01-10,2020-01-10,1,0.0,0.0,0.0
Littoral,2020-01-11,2020-01-11,1,0.0,0.0,0.0
Littoral,2020-01-12,2020-01-12,1,0.0,0.0,0.0
Littoral,2020-01-13,2020-01-13,1,2.0,7.0,0.0
Littoral,2020-01-14,2020-01-14,1,0.0,2.0,0.0
Littoral,2020-01-15,2020-01-15,1,1.0,7.0,0.0
Littoral,2020-01-16,2020-01-16,1,1.0,2.0,0.0
Littoral,2020-01-17,2020-01-17,1,0.0,0.0,0.0
Littoral,2020-01-18,2020-01-18,1,0.0,0.0,0.0
Littoral,2020-01-19,2020-01-19,1,0.0,0.0,0.0
Littoral,2020-01-20,2020-01-20,1,0.0,0.0,0.0
Littoral,2020-01-21,2020-01-21,1,0.0,2.0,0.0
Littoral,2020-01-21,2020-01-26,1,1.0,21.0,0.0
Littoral,2020-01-22,2020-01-22,1,0.0,0.0,0.0
Littoral,2020-01-23,2020-01-23,1,0.0,1.0,0.0
Littoral,2020-01-24,2020-01-24,1,0.0,7.0,0.0
Littoral,2020-01-25,2020-01-25,1,0.0,7.0,0.0
Littoral,2020-01-26,2020-01-26,1,1.0,4.0,0.0
Littoral,2020-11-30,2020-12-06,1,0.0,0.0,0.0
Littoral,2021-01-01,2021-10-03,1,0.0,12.0,0.0
Littoral,2021-01-01,2021-11-02,1,1.0,0.0,0.0
Littoral,2021-10-01,2022-12-31,1,127.0,7411.0,0.0
Littoral,2021-10-25,2022-10-20,1,0.0,5957.0,0.0
Littoral,2022-01-03,2022-01-09,1,0.0,3.0,0.0
Littoral,2022-01-03,2022-07-03,1,0.0,2987.0,0.0
Littoral,2022-01-10,2022-01-16,1,0.0,14.0,0.0
Littoral,2022-01-17,2022-01-23,1,0.0,0.0,0.0
Littoral,2022-01-24,2022-01-30,1,0.0,20.0,0.0
Littoral,2022-01-31,2022-02-06,1,0.0,48.0,0.0
Littoral,2022-02-07,2022-02-13,1,0.0,23.0,0.0
Littoral,2022-02-14,2022-02-20,1,0.0,42.0,0.0
Littoral,2022-02-21,2022-02-27,1,0.0,76.0,0.0
Littoral,2022-02-28,2022-03-06,1,4.0,71.0,0.0
Littoral,2022-03-07,2022-03-13,1,0.0,57.0,0.0
Littoral,2022-03-14,2022-03-20,1,0.0,136.0,0.0
Littoral,2022-03-21,2022-03-27,1,0.0,221.0,0.0
Littoral,2022-03-28,2022-04-03,1,0.0,300.0,0.0
Littoral,2022-04-04,2022-04-10,1,0.0,218.0,0.0
Littoral,2022-04-11,2022-04-17,1,0.0,218.0,0.0
Littoral,2022-04-18,2022-04-24,1,0.0,102.0,0.0
Littoral,2022-04-25,2022-05-01,1,0.0,181.0,0.0
Littoral,2022-05-02,2022-05-08,1,0.0,130.0,0.0
Littoral,2022-05-09,2022-05-15,1,0.0,113.0,0.0
Littoral,2022-05-16,2022-05-22,1,0.0,133.0,0.0
Littoral,2022-05-23,2022-05-29,1,0.0,158.0,0.0
Littoral,2022-05-30,2022-06-05,1,0.0,122.0,0.0
Littoral,2022-06-06,2022-06-12,1,0.0,136.0,0.0
Littoral,2022-06-13,2022-06-19,1,0.0,85.0,0.0
Littoral,2022-06-20,2022-06-26,1,0.0,139.0,0.0
Littoral,2022-06-27,2022-07-03,1,2.0,193.0,0.0
Littoral,2022-08-29,2022-09-08,1,6.0,262.0,0.0
Littoral,2022-09-16,2022-09-22,1,1.0,140.0,0.0
Littoral,2022-10-07,2022-10-13,1,5.0,115.0,0.0
Littoral,2022-10-14,2022-10-20,1,0.0,47.0,0.0
Littoral,2022-10-28,2022-11-03,1,2.0,22.0,0.0
Littoral,2022-11-04,2022-11-10,1,0.0,23.0,0.0
Littoral,2022-11-18,2022-11-24,1,0.0,14.0,0.0
Littoral,2022-12-02,2022-12-08,1,0.0,9.0,0.0
Littoral,2022-12-30,2023-01-05,1,0.0,8.0,0.0
North,2010-01-04,2010-01-10,15,0.0,0.0,0.0
North,2010-01-11,2010-01-17,15,0.0,0.0,0.0
North,2010-01-18,2010-01-24,15,0.0,0.0,0.0
North,2010-01-25,2010-01-31,15,0.0,0.0,0.0
North,2010-02-01,2010-02-07,15,0.0,0.0,0.0
North,2010-02-08,2010-02-14,15,0.0,0.0,0.0
North,2010-02-15,2010-02-21,15,0.0,0.0,0.0
North,2010-02-22,2010-02-28,15,0.0,0.0,0.0
North,2010-03-01,2010-03-07,15,0.0,0.0,0.0
North,2010-03-08,2010-03-14,15,0.0,0.0,0.0
North,2010-03-15,2010-03-21,15,0.0,0.0,0.0
North,2010-03-22,2010-03-28,15,0.0,0.0,0.0
North,2010-03-29,2010-04-04,15,0.0,0.0,0.0
North,2010-04-01,2010-10-25,1,10.0,261.0,0.0
North,2010-04-05,2010-04-11,15,0.0,0.0,0.0
North,2010-04-12,2010-04-18,15,0.0,0.0,0.0
North,2010-04-19,2010-04-25,15,0.0,0.0,0.0
North,2010-04-26,2010-05-02,15,0.0,0.0,0.0
North,2010-05-03,2010-05-09,15,0.0,0.0,0.0
North,2010-05-06,2010-12-31,1,22.0,498.0,0.0
North,2010-05-10,2010-05-16,15,0.0,0.0,0.0
North,2010-05-17,2010-05-23,15,0.0,0.0,0.0
North,2010-05-24,2010-05-30,15,0.0,0.0,0.0
North,2010-05-31,2010-06-06,15,0.0,0.0,0.0
North,2010-06-07,2010-06-13,15,0.0,0.0,0.0
North,2010-06-14,2010-06-20,15,0.0,0.0,0.0
North,2010-06-21,2010-06-27,15,0.0,0.0,0.0
North,2010-06-28,2010-07-04,15,0.0,0.0,0.0
North,2010-07-05,2010-07-11,15,0.0,3.0,0.0
North,2010-07-12,2010-07-18,15,0.0,4.0,0.0
North,2010-07-19,2010-07-25,15,0.0,0.0,0.0
North,2010-07-26,2010-08-01,15,0.0,0.0,0.0
North,2010-08-02,2010-08-08,15,0.0,0.0,0.0
North,2010-08-09,2010-08-15,15,1.0,8.0,0.0
North,2010-08-16,2010-08-22,15,1.0,18.0,0.0
North,2010-08-23,2010-08-29,15,1.0,42.0,0.0
North,2010-08-30,2010-09-05,15,2.0,40.0,0.0
North,2010-09-06,2010-09-12,15,3.0,25.0,0.0
North,2010-09-13,2010-09-19,15,1.0,40.0,0.0
North,2010-09-20,2010-09-26,15,1.0,31.0,0.0
North,2010-09-27,2010-10-03,15,0.0,14.0,0.0
North,2010-10-04,2010-10-10,15,0.0,14.0,0.0
North,2010-10-11,2010-10-17,15,3.0,14.0,0.0
North,2010-10-18,2010-10-24,15,4.0,36.0,0.0
North,2010-10-25,2010-10-31,15,1.0,39.0,0.0
North,2010-11-01,2010-11-07,15,0.0,3.0,0.0
North,2010-11-08,2010-11-14,15,5.0,80.0,0.0
North,2010-11-15,2010-11-21,15,0.0,32.0,0.0
North,2010-11-22,2010-11-28,15,0.0,23.0,0.0
North,2010-11-29,2010-12-05,15,1.0,28.0,0.0
North,2010-12-06,2010-12-12,15,0.0,10.0,0.0
North,2010-12-13,2010-12-19,15,0.0,1.0,0.0
North,2010-12-20,2010-12-26,15,0.0,5.0,0.0
North,2010-12-27,2011-01-02,15,0.0,1.0,0.0
North,2011-01-01,2011-09-22,15,427.0,7333.0,0.0
North,2011-01-03,2011-01-09,15,0.0,0.0,0.0
North,2011-01-10,2011-01-16,15,0.0,0.0,0.0
North,2011-01-17,2011-01-23,15,0.0,2.0,0.0
North,2011-01-24,2011-01-30,15,1.0,6.0,0.0
North,2011-01-31,2011-02-06,15,0.0,6.0,0.0
North,2011-02-07,2011-02-13,15,0.0,0.0,0.0
North,2011-02-14,2011-02-20,15,0.0,0.0,0.0
North,2011-02-21,2011-02-27,15,0.0,1.0,0.0
North,2011-02-28,2011-03-06,15,0.0,0.0,0.0
North,2011-03-07,2011-03-13,15,3.0,11.0,0.0
North,2011-03-14,2011-03-20,15,0.0,6.0,0.0
North,2011-03-21,2011-03-27,15,0.0,0.0,0.0
North,2011-03-28,2011-04-03,15,0.0,0.0,0.0
North,2011-04-04,2011-04-10,15,0.0,0.0,0.0
North,2011-04-11,2011-04-17,15,0.0,0.0,0.0
North,2011-04-18,2011-04-24,15,0.0,1.0,0.0
North,2011-04-25,2011-05-01,15,4.0,30.0,0.0
North,2011-05-02,2011-05-08,15,11.0,54.0,0.0
North,2011-05-09,2011-05-15,15,12.0,93.0,0.0
North,2011-05-16,2011-05-22,15,5.0,96.0,0.0
North,2011-05-23,2011-05-29,15,18.0,235.0,0.0
North,2011-05-30,2011-06-05,15,19.0,257.0,0.0
North,2011-06-06,2011-06-12,15,10.0,238.0,0.0
North,2011-06-13,2011-06-19,15,17.0,271.0,0.0
North,2011-06-20,2011-06-26,15,12.0,177.0,0.0
North,2011-06-27,2011-07-03,15,1.0,6.0,0.0
North,2011-07-04,2011-07-10,15,12.0,263.0,0.0
North,2011-07-11,2011-07-17,15,8.0,331.0,0.0
North,2011-07-18,2011-07-24,15,16.0,308.0,0.0
North,2011-07-25,2011-07-31,15,10.0,217.0,0.0
North,2011-08-01,2011-08-07,15,41.0,301.0,0.0
North,2011-08-08,2011-08-14,15,8.0,193.0,0.0
North,2011-08-15,2011-08-21,15,17.0,232.0,0.0
North,2011-08-22,2011-08-28,15,6.0,263.0,0.0
North,2011-08-29,2011-09-04,15,9.0,217.0,0.0
North,2011-09-05,2011-09-11,15,7.0,189.0,0.0
North,2011-09-12,2011-09-18,15,7.0,171.0,0.0
North,2011-09-19,2011-09-25,15,3.0,203.0,0.0
North,2011-09-23,2011-12-11,1,38.0,985.0,0.0
North,2011-09-26,2011-10-02,15,2.0,45.0,0.0
North,2011-10-03,2011-10-09,15,3.0,100.0,0.0
North,2011-10-10,2011-10-16,15,4.0,58.0,0.0
North,2011-10-17,2011-10-23,15,0.0,43.0,0.0
North,2011-10-24,2011-10-30,15,0.0,63.0,0.0
North,2011-10-31,2011-11-06,15,1.0,29.0,0.0
North,2011-11-07,2011-11-13,15,0.0,23.0,0.0
North,2011-11-14,2011-11-20,15,0.0,9.0,0.0
North,2011-11-21,2011-11-27,15,0.0,2.0,0.0
North,2011-11-28,2011-12-04,15,0.0,2.0,0.0
North,2011-12-05,2011-12-11,15,0.0,0.0,0.0
North,2011-12-12,2011-12-18,15,0.0,0.0,0.0
North,2011-12-19,2011-12-25,15,0.0,0.0,0.0
North,2011-12-26,2012-01-01,15,0.0,0.0,0.0
North,2012-01-02,2012-01-08,15,0.0,0.0,0.0
North,2012-01-09,2012-01-15,15,0.0,1.0,0.0
North,2012-01-16,2012-01-22,15,0.0,0.0,0.0
North,2012-01-23,2012-01-29,15,0.0,0.0,0.0
North,2012-01-30,2012-02-05,15,0.0,1.0,0.0
North,2012-02-06,2012-02-12,15,0.0,0.0,0.0
North,2012-02-13,2012-02-19,15,0.0,0.0,0.0
North,2012-02-20,2012-02-26,15,0.0,0.0,0.0
North,2012-02-27,2012-03-04,15,0.0,1.0,0.0
North,2012-03-05,2012-03-11,15,0.0,0.0,0.0
North,2012-03-12,2012-03-18,15,0.0,0.0,0.0
North,2012-03-19,2012-03-25,15,0.0,0.0,0.0
North,2012-03-26,2012-04-01,15,0.0,0.0,0.0
North,2012-04-02,2012-04-08,15,0.0,0.0,0.0
North,2012-04-09,2012-04-15,15,0.0,0.0,0.0
North,2012-04-16,2012-04-22,15,0.0,0.0,0.0
North,2012-04-23,2012-04-29,15,0.0,0.0,0.0
North,2012-04-30,2012-05-06,15,0.0,0.0,0.0
North,2012-05-07,2012-05-13,15,0.0,0.0,0.0
North,2012-05-14,2012-05-20,15,0.0,0.0,0.0
North,2012-05-21,2012-05-27,15,0.0,0.0,0.0
North,2012-05-28,2012-06-03,15,0.0,0.0,0.0
North,2012-06-04,2012-06-10,15,0.0,0.0,0.0
North,2012-06-11,2012-06-17,15,0.0,0.0,0.0
North,2012-06-18,2012-06-24,15,0.0,1.0,0.0
North,2012-06-25,2012-07-01,15,0.0,1.0,0.0
North,2012-07-02,2012-07-08,15,0.0,0.0,0.0
North,2012-07-09,2012-07-15,15,0.0,0.0,0.0
North,2012-07-16,2012-07-22,15,0.0,0.0,0.0
North,2012-07-23,2012-07-29,15,0.0,0.0,0.0
North,2012-07-30,2012-08-05,15,0.0,0.0,0.0
North,2012-08-06,2012-08-12,15,0.0,0.0,0.0
North,2012-08-13,2012-08-19,15,0.0,0.0,0.0
North,2012-08-20,2012-08-26,15,0.0,0.0,0.0
North,2012-08-27,2012-09-02,15,0.0,0.0,0.0
North,2012-09-03,2012-09-09,15,0.0,0.0,0.0
North,2012-09-10,2012-09-16,15,0.0,0.0,0.0
North,2012-09-17,2012-09-23,15,0.0,0.0,0.0
North,2012-09-24,2012-09-30,15,0.0,0.0,0.0
North,2012-10-01,2012-10-07,15,0.0,0.0,0.0
North,2012-10-08,2012-10-14,15,0.0,0.0,0.0
North,2012-10-15,2012-10-21,15,0.0,0.0,0.0
North,2012-10-22,2012-10-28,15,0.0,0.0,0.0
North,2012-10-29,2012-11-04,15,0.0,0.0,0.0
North,2012-11-05,2012-11-11,15,0.0,0.0,0.0
North,2012-11-12,2012-11-18,15,0.0,0.0,0.0
North,2012-11-19,2012-11-25,15,0.0,0.0,0.0
North,2012-11-26,2012-12-02,15,0.0,0.0,0.0
North,2012-12-03,2012-12-09,15,0.0,0.0,0.0
North,2012-12-10,2012-12-16,15,0.0,0.0,0.0
North,2012-12-17,2012-12-23,15,0.0,0.0,0.0
North,2012-12-24,2012-12-30,15,0.0,0.0,0.0
North,2012-12-31,2013-01-06,15,0.0,0.0,0.0
North,2013-01-07,2013-01-13,15,0.0,0.0,0.0
North,2013-01-14,2013-01-20,15,0.0,0.0,0.0
North,2013-01-21,2013-01-27,15,0.0,0.0,0.0
North,2013-01-28,2013-02-03,15,0.0,1.0,0.0
North,2013-02-04,2013-02-10,15,0.0,0.0,0.0
North,2013-02-11,2013-02-17,15,0.0,0.0,0.0
North,2013-02-18,2013-02-24,15,0.0,0.0,0.0
North,2013-02-25,2013-03-03,15,0.0,0.0,0.0
North,2013-03-04,2013-03-10,15,0.0,0.0,0.0
North,2013-03-11,2013-03-17,15,0.0,0.0,0.0
North,2013-03-18,2013-03-24,15,0.0,0.0,0.0
North,2013-03-25,2013-03-31,15,0.0,0.0,0.0
North,2013-04-01,2013-04-07,15,0.0,0.0,0.0
North,2013-04-08,2013-04-14,15,0.0,0.0,0.0
North,2013-04-15,2013-04-21,15,0.0,0.0,0.0
North,2013-04-22,2013-04-28,15,0.0,0.0,0.0
North,2013-04-29,2013-05-05,15,0.0,0.0,0.0
North,2013-05-06,2013-05-12,15,0.0,0.0,0.0
North,2013-05-13,2013-05-19,15,0.0,0.0,0.0
North,2013-05-20,2013-05-26,15,0.0,0.0,0.0
North,2013-05-27,2013-06-02,15,0.0,0.0,0.0
North,2013-06-03,2013-06-09,15,0.0,0.0,0.0
North,2013-06-10,2013-06-16,15,0.0,0.0,0.0
North,2013-06-17,2013-06-23,15,0.0,0.0,0.0
North,2013-06-24,2013-06-30,15,0.0,0.0,0.0
North,2013-07-01,2013-07-07,15,0.0,0.0,0.0
North,2013-07-08,2013-07-14,15,0.0,0.0,0.0
North,2013-07-15,2013-07-21,15,0.0,0.0,0.0
North,2013-07-22,2013-07-28,15,0.0,0.0,0.0
North,2013-07-29,2013-08-04,15,0.0,0.0,0.0
North,2013-08-05,2013-08-11,15,0.0,0.0,0.0
North,2013-08-12,2013-08-18,15,0.0,0.0,0.0
North,2013-08-19,2013-08-25,15,0.0,0.0,0.0
North,2013-08-26,2013-09-01,15,0.0,0.0,0.0
North,2013-09-02,2013-09-08,15,0.0,0.0,0.0
North,2013-09-09,2013-09-15,15,0.0,0.0,0.0
North,2013-09-16,2013-09-22,15,0.0,0.0,0.0
North,2013-09-23,2013-09-29,15,0.0,0.0,0.0
North,2013-09-30,2013-10-06,15,0.0,0.0,0.0
North,2013-10-07,2013-10-13,15,0.0,0.0,0.0
North,2013-10-14,2013-10-20,15,0.0,0.0,0.0
North,2013-10-21,2013-10-27,15,0.0,0.0,0.0
North,2013-10-28,2013-11-03,15,0.0,0.0,0.0
North,2013-11-04,2013-11-10,15,0.0,0.0,0.0
North,2013-11-11,2013-11-17,15,0.0,0.0,0.0
North,2013-11-18,2013-11-24,15,0.0,0.0,0.0
North,2013-11-25,2013-12-01,15,0.0,0.0,0.0
North,2013-12-02,2013-12-08,15,0.0,0.0,0.0
North,2013-12-09,2013-12-15,15,0.0,0.0,0.0
North,2013-12-16,2013-12-22,15,0.0,0.0,0.0
North,2013-12-23,2013-12-29,15,0.0,0.0,0.0
North,2013-12-30,2014-01-05,15,0.0,0.0,0.0
North,2014-01-01,2014-04-30,1,4.0,10.0,0.0
North,2014-01-06,2014-01-12,15,0.0,0.0,0.0
North,2014-01-13,2014-01-19,15,0.0,0.0,0.0
North,2014-01-20,2014-01-26,15,0.0,0.0,0.0
North,2014-01-27,2014-02-02,15,0.0,0.0,0.0
North,2014-02-03,2014-02-09,15,0.0,0.0,0.0
North,2014-02-10,2014-02-16,15,0.0,0.0,0.0
North,2014-02-17,2014-02-23,15,0.0,0.0,0.0
North,2014-02-24,2014-03-02,15,0.0,0.0,0.0
North,2014-03-03,2014-03-09,15,0.0,0.0,0.0
North,2014-03-10,2014-03-16,15,0.0,0.0,0.0
North,2014-03-17,2014-03-23,15,4.0,9.0,0.0
North,2014-03-24,2014-03-30,15,0.0,1.0,0.0
North,2014-03-31,2014-04-06,15,0.0,0.0,0.0
North,2014-04-07,2014-04-13,15,0.0,0.0,0.0
North,2014-04-14,2014-04-20,15,0.0,5.0,0.0
North,2014-04-21,2014-04-27,15,0.0,1.0,0.0
North,2014-04-28,2014-05-04,15,0.0,0.0,0.0
North,2014-05-05,2014-05-11,15,0.0,0.0,0.0
North,2014-05-12,2014-05-18,15,0.0,0.0,0.0
North,2014-05-19,2014-05-25,15,0.0,0.0,0.0
North,2014-05-26,2014-06-01,15,0.0,0.0,0.0
North,2014-06-02,2014-06-08,15,0.0,0.0,0.0
North,2014-06-09,2014-06-15,15,0.0,0.0,0.0
North,2014-06-16,2014-06-22,15,0.0,0.0,0.0
North,2014-06-23,2014-06-29,15,0.0,1.0,0.0
North,2014-06-30,2014-07-06,15,0.0,0.0,0.0
North,2014-07-07,2014-07-13,15,0.0,0.0,0.0
North,2014-07-14,2014-07-20,15,0.0,8.0,0.0
North,2014-07-21,2014-07-27,15,1.0,5.0,0.0
North,2014-07-28,2014-08-03,15,3.0,35.0,0.0
North,2014-08-04,2014-08-10,15,1.0,24.0,0.0
North,2014-08-11,2014-08-17,15,1.0,21.0,0.0
North,2014-08-18,2014-08-24,15,1.0,19.0,0.0
North,2014-08-21,2014-11-05,12,36.0,398.0,0.0
North,2014-08-25,2014-08-31,15,5.0,35.0,0.0
North,2014-09-01,2014-09-07,15,1.0,23.0,0.0
North,2014-09-08,2014-09-14,15,2.0,10.0,0.0
North,2014-09-15,2014-09-21,15,0.0,32.0,0.0
North,2014-09-22,2014-09-28,15,1.0,16.0,0.0
North,2014-09-29,2014-10-05,15,0.0,9.0,0.0
North,2014-10-06,2014-10-12,15,2.0,26.0,0.0
North,2014-10-13,2014-10-19,15,4.0,40.0,0.0
North,2014-10-20,2014-10-26,15,1.0,23.0,0.0
North,2014-10-27,2014-11-02,15,0.0,6.0,0.0
North,2014-11-03,2014-11-09,15,0.0,10.0,0.0
North,2014-11-10,2014-11-16,15,0.0,6.0,0.0
North,2014-11-17,2014-11-23,15,0.0,56.0,0.0
North,2014-11-24,2014-11-30,15,0.0,4.0,0.0
North,2014-12-01,2014-12-07,15,0.0,3.0,0.0
North,2014-12-08,2014-12-14,15,0.0,0.0,0.0
North,2014-12-15,2014-12-21,15,0.0,1.0,0.0
North,2014-12-22,2014-12-28,15,1.0,4.0,0.0
North,2014-12-29,2015-01-04,15,0.0,0.0,0.0
North,2015-01-05,2015-01-11,15,0.0,0.0,0.0
North,2015-01-12,2015-01-18,15,0.0,0.0,0.0
North,2015-01-19,2015-01-25,15,0.0,0.0,0.0
North,2015-01-26,2015-02-01,15,0.0,0.0,0.0
North,2015-02-02,2015-02-08,15,0.0,0.0,0.0
North,2015-02-09,2015-02-15,15,0.0,0.0,0.0
North,2015-02-16,2015-02-22,15,0.0,0.0,0.0
North,2015-02-23,2015-03-01,15,0.0,0.0,0.0
North,2015-03-02,2015-03-08,15,0.0,0.0,0.0
North,2015-03-09,2015-03-15,15,0.0,0.0,0.0
North,2015-03-16,2015-03-22,15,0.0,0.0,0.0
North,2015-03-23,2015-03-29,15,0.0,0.0,0.0
North,2015-03-30,2015-04-05,15,0.0,0.0,0.0
North,2015-04-06,2015-04-12,15,0.0,0.0,0.0
North,2015-04-13,2015-04-19,15,0.0,0.0,0.0
North,2015-04-20,2015-04-26,15,0.0,0.0,0.0
North,2015-04-27,2015-05-03,15,0.0,0.0,0.0
North,2015-05-04,2015-05-10,15,0.0,0.0,0.0
North,2015-05-11,2015-05-17,15,0.0,0.0,0.0
North,2015-05-18,2015-05-24,15,1.0,1.0,0.0
North,2015-05-25,2015-05-31,15,0.0,0.0,0.0
North,2015-06-01,2015-06-07,15,0.0,0.0,0.0
North,2015-06-08,2015-06-14,15,0.0,0.0,0.0
North,2015-06-15,2015-06-21,15,0.0,0.0,0.0
North,2015-06-22,2015-06-28,15,0.0,0.0,0.0
North,2015-06-29,2015-07-05,15,0.0,1.0,0.0
North,2015-07-06,2015-07-12,15,0.0,0.0,0.0
North,2015-07-13,2015-07-19,15,0.0,0.0,0.0
North,2015-07-20,2015-07-26,15,0.0,1.0,0.0
North,2015-07-27,2015-08-02,15,0.0,0.0,0.0
North,2015-08-03,2015-08-09,15,0.0,0.0,0.0
North,2015-08-10,2015-08-16,15,0.0,0.0,0.0
North,2015-08-17,2015-08-23,15,0.0,0.0,0.0
North,2015-08-24,2015-08-30,15,0.0,0.0,0.0
North,2015-08-31,2015-09-06,15,1.0,1.0,0.0
North,2015-09-07,2015-09-13,15,0.0,0.0,0.0
North,2015-09-14,2015-09-20,15,1.0,1.0,0.0
North,2015-09-21,2015-09-27,15,0.0,13.0,0.0
North,2015-09-28,2015-10-04,15,0.0,11.0,0.0
North,2015-10-05,2015-10-11,15,0.0,7.0,0.0
North,2015-10-12,2015-10-18,15,1.0,5.0,0.0
North,2015-10-19,2015-10-25,15,0.0,10.0,0.0
North,2015-10-26,2015-11-01,15,0.0,4.0,0.0
North,2015-11-02,2015-11-08,15,0.0,6.0,0.0
North,2015-11-09,2015-11-15,15,1.0,30.0,0.0
North,2015-11-16,2015-11-22,15,0.0,3.0,0.0
North,2015-11-23,2015-11-29,15,0.0,4.0,0.0
North,2015-11-30,2015-12-06,15,0.0,0.0,0.0
North,2015-12-07,2015-12-13,15,0.0,0.0,0.0
North,2015-12-14,2015-12-20,15,0.0,0.0,0.0
North,2015-12-21,2015-12-27,15,0.0,0.0,0.0
North,2016-01-04,2016-01-10,15,0.0,0.0,0.0
North,2016-01-11,2016-01-17,15,0.0,0.0,0.0
North,2016-01-18,2016-01-24,15,0.0,0.0,0.0
North,2016-01-25,2016-01-31,15,0.0,0.0,0.0
North,2016-02-01,2016-02-07,15,0.0,0.0,0.0
North,2016-02-08,2016-02-14,15,0.0,0.0,0.0
North,2016-02-15,2016-02-21,15,0.0,0.0,0.0
North,2016-02-22,2016-02-28,15,0.0,0.0,0.0
North,2016-02-29,2016-03-06,15,0.0,0.0,0.0
North,2016-03-07,2016-03-13,15,0.0,0.0,0.0
North,2016-03-14,2016-03-20,15,0.0,0.0,0.0
North,2016-03-21,2016-03-27,15,0.0,0.0,0.0
North,2016-03-28,2016-04-03,15,0.0,0.0,0.0
North,2016-04-04,2016-04-10,15,0.0,0.0,0.0
North,2016-04-11,2016-04-17,15,0.0,0.0,0.0
North,2016-04-18,2016-04-24,15,0.0,0.0,0.0
North,2016-04-25,2016-05-01,15,0.0,0.0,0.0
North,2016-05-02,2016-05-08,15,0.0,0.0,0.0
North,2016-05-09,2016-05-15,15,0.0,0.0,0.0
North,2016-05-16,2016-05-22,15,0.0,0.0,0.0
North,2016-05-23,2016-05-29,15,0.0,0.0,0.0
North,2016-05-30,2016-06-05,15,0.0,0.0,0.0
North,2016-06-06,2016-06-12,15,0.0,0.0,0.0
North,2016-06-13,2016-06-19,15,0.0,0.0,0.0
North,2016-06-20,2016-06-26,15,0.0,1.0,0.0
North,2016-06-27,2016-07-03,15,0.0,0.0,0.0
North,2016-07-04,2016-07-10,15,0.0,0.0,0.0
North,2016-07-11,2016-07-17,15,0.0,0.0,0.0
North,2016-07-18,2016-07-24,15,0.0,0.0,0.0
North,2016-07-25,2016-07-31,15,0.0,0.0,0.0
North,2016-08-01,2016-08-07,15,0.0,0.0,0.0
North,2016-08-08,2016-08-14,15,0.0,0.0,0.0
North,2016-08-15,2016-08-21,15,0.0,0.0,0.0
North,2016-08-22,2016-08-28,15,0.0,0.0,0.0
North,2016-08-29,2016-09-04,15,0.0,0.0,0.0
North,2016-09-05,2016-09-11,15,0.0,1.0,0.0
North,2016-09-12,2016-09-18,15,0.0,0.0,0.0
North,2016-09-19,2016-09-25,15,0.0,0.0,0.0
North,2016-09-26,2016-10-02,15,0.0,0.0,0.0
North,2016-10-03,2016-10-09,15,0.0,0.0,0.0
North,2016-10-10,2016-10-16,15,0.0,0.0,0.0
North,2016-10-17,2016-10-23,15,0.0,0.0,0.0
North,2016-10-24,2016-10-30,15,0.0,0.0,0.0
North,2016-10-31,2016-11-06,15,0.0,0.0,0.0
North,2016-11-07,2016-11-13,15,0.0,0.0,0.0
North,2016-11-14,2016-11-20,15,0.0,0.0,0.0
North,2016-11-21,2016-11-27,15,0.0,0.0,0.0
North,2016-11-28,2016-12-04,15,0.0,0.0,0.0
North,2016-12-05,2016-12-11,15,0.0,0.0,0.0
North,2016-12-12,2016-12-18,15,0.0,0.0,0.0
North,2016-12-19,2016-12-25,15,0.0,0.0,0.0
North,2016-12-26,2017-01-01,15,0.0,0.0,0.0
North,2017-01-02,2017-01-08,15,0.0,0.0,0.0
North,2017-01-09,2017-01-15,15,0.0,0.0,0.0
North,2017-01-16,2017-01-22,15,0.0,0.0,0.0
North,2017-01-23,2017-01-29,15,0.0,0.0,0.0
North,2017-01-30,2017-02-05,15,0.0,0.0,0.0
North,2017-02-06,2017-02-12,15,0.0,0.0,0.0
North,2017-02-13,2017-02-19,15,0.0,0.0,0.0
North,2017-02-20,2017-02-26,15,0.0,0.0,0.0
North,2017-02-27,2017-03-05,15,0.0,0.0,0.0
North,2017-03-06,2017-03-12,15,0.0,0.0,0.0
North,2017-03-13,2017-03-19,15,0.0,0.0,0.0
North,2017-03-20,2017-03-26,15,0.0,0.0,0.0
North,2017-03-27,2017-04-02,15,0.0,0.0,0.0
North,2017-04-03,2017-04-09,15,0.0,1.0,0.0
North,2017-04-10,2017-04-16,15,0.0,0.0,0.0
North,2017-04-17,2017-04-23,15,0.0,0.0,0.0
North,2017-04-24,2017-04-30,15,0.0,0.0,0.0
North,2017-05-01,2017-05-07,15,0.0,0.0,0.0
North,2017-05-08,2017-05-14,15,0.0,0.0,0.0
North,2017-05-15,2017-05-21,15,0.0,0.0,0.0
North,2017-05-22,2017-05-28,15,0.0,0.0,0.0
North,2017-05-29,2017-06-04,15,0.0,0.0,0.0
North,2017-06-05,2017-06-11,15,0.0,0.0,0.0
North,2017-06-12,2017-06-18,15,0.0,0.0,0.0
North,2017-06-19,2017-06-25,15,0.0,0.0,0.0
North,2017-06-26,2017-07-02,15,0.0,0.0,0.0
North,2017-07-03,2017-07-09,15,0.0,0.0,0.0
North,2017-07-10,2017-07-16,15,0.0,0.0,0.0
North,2017-07-17,2017-07-23,15,0.0,0.0,0.0
North,2017-07-24,2017-07-30,15,0.0,0.0,0.0
North,2017-07-31,2017-08-06,15,0.0,0.0,0.0
North,2017-08-07,2017-08-13,15,0.0,0.0,0.0
North,2017-08-14,2017-08-20,15,0.0,0.0,0.0
North,2017-08-21,2017-08-27,15,0.0,0.0,0.0
North,2017-08-28,2017-09-03,15,0.0,0.0,0.0
North,2017-09-04,2017-09-10,15,0.0,0.0,0.0
North,2017-09-11,2017-09-17,15,0.0,0.0,0.0
North,2017-09-18,2017-09-24,15,0.0,0.0,0.0
North,2017-09-25,2017-10-01,15,0.0,0.0,0.0
North,2017-10-02,2017-10-08,15,0.0,0.0,0.0
North,2017-10-09,2017-10-15,15,0.0,0.0,0.0
North,2017-10-16,2017-10-22,15,0.0,0.0,0.0
North,2017-10-23,2017-10-29,15,0.0,0.0,0.0
North,2017-10-30,2017-11-05,15,0.0,0.0,0.0
North,2017-11-06,2017-11-12,15,0.0,0.0,0.0
North,2017-11-13,2017-11-19,15,0.0,0.0,0.0
North,2017-11-20,2017-11-26,15,0.0,0.0,0.0
North,2017-11-27,2017-12-03,15,0.0,0.0,0.0
North,2017-12-04,2017-12-10,15,0.0,0.0,0.0
North,2017-12-11,2017-12-17,15,0.0,0.0,0.0
North,2017-12-18,2017-12-24,15,0.0,0.0,0.0
North,2017-12-25,2017-12-31,15,0.0,0.0,0.0
North,2018-01-01,2018-01-07,16,0.0,0.0,0.0
North,2018-01-01,2018-12-30,15,0.0,590.0,0.0
North,2018-01-08,2018-01-14,16,0.0,0.0,0.0
North,2018-01-15,2018-01-21,16,0.0,0.0,0.0
North,2018-01-22,2018-01-28,16,0.0,0.0,0.0
North,2018-01-29,2018-02-04,16,0.0,0.0,0.0
North,2018-02-05,2018-02-11,16,0.0,0.0,0.0
North,2018-02-12,2018-02-18,16,0.0,0.0,0.0
North,2018-02-19,2018-02-25,16,0.0,0.0,0.0
North,2018-02-26,2018-03-04,16,0.0,0.0,0.0
North,2018-03-05,2018-03-11,16,0.0,0.0,0.0
North,2018-03-12,2018-03-18,16,0.0,0.0,0.0
North,2018-03-19,2018-03-25,16,0.0,0.0,0.0
North,2018-03-26,2018-04-01,16,0.0,0.0,0.0
North,2018-04-02,2018-04-08,16,0.0,0.0,0.0
North,2018-04-09,2018-04-15,16,0.0,0.0,0.0
North,2018-04-16,2018-04-22,16,0.0,0.0,0.0
North,2018-04-23,2018-04-29,16,0.0,0.0,0.0
North,2018-04-30,2018-05-06,16,0.0,0.0,0.0
North,2018-05-07,2018-05-13,16,0.0,0.0,0.0
North,2018-05-14,2018-05-20,19,0.0,7.0,0.0
North,2018-05-14,2018-07-08,4,4.0,38.0,0.0
North,2018-05-18,2018-05-21,1,0.0,2.0,1.0
North,2018-05-18,2018-05-24,3,0.0,6.0,1.0
North,2018-05-18,2018-06-27,2,0.0,4.0,0.0
North,2018-05-18,2018-07-26,1,0.0,70.0,8.0
North,2018-05-18,2018-07-31,1,0.0,75.0,10.0
North,2018-05-18,2018-08-12,1,11.0,96.0,0.0
North,2018-05-18,2018-08-17,1,10.0,111.0,14.0
North,2018-05-18,2018-09-03,1,19.0,179.0,19.0
North,2018-05-18,2018-09-17,1,0.0,28.0,28.0
North,2018-05-18,2018-09-24,1,30.0,291.0,29.0
North,2018-05-18,2018-09-28,1,0.0,34.0,34.0
North,2018-05-18,2018-10-12,1,0.0,35.0,35.0
North,2018-05-18,2018-10-23,1,34.0,501.0,0.0
North,2018-05-18,2018-11-09,1,39.0,558.0,0.0
North,2018-05-18,2020-01-09,2,125.0,2423.0,165.0
North,2018-05-18,2020-01-20,1,62.0,1212.0,165.0
North,2018-05-18,2020-01-26,1,62.0,1212.0,165.0
North,2018-05-18,2020-12-16,1,62.0,1212.0,0.0
North,2018-05-21,2018-05-21,1,0.0,1.0,0.0
North,2018-05-21,2018-05-27,16,0.0,2.0,0.0
North,2018-05-28,2018-06-03,16,0.0,0.0,0.0
North,2018-06-04,2018-06-10,16,0.0,2.0,0.0
North,2018-06-11,2018-06-17,16,0.0,0.0,0.0
North,2018-06-18,2018-06-24,16,0.0,0.0,0.0
North,2018-06-25,2018-07-01,16,3.0,25.0,0.0
North,2018-06-27,2018-06-27,1,0.0,3.0,0.0
North,2018-07-02,2018-07-08,17,2.0,35.0,0.0
North,2018-07-09,2018-07-15,16,1.0,18.0,0.0
North,2018-07-16,2018-07-22,16,4.0,31.0,0.0
North,2018-07-23,2018-07-29,16,1.0,35.0,0.0
North,2018-07-30,2018-08-05,16,0.0,26.0,0.0
North,2018-08-06,2018-08-12,16,3.0,25.0,0.0
North,2018-08-13,2018-08-19,16,1.0,35.0,0.0
North,2018-08-20,2018-08-26,16,1.0,49.0,0.0
North,2018-08-27,2018-09-02,16,6.0,30.0,0.0
North,2018-09-03,2018-09-09,16,1.0,25.0,0.0
North,2018-09-10,2018-09-16,16,4.0,93.0,0.0
North,2018-09-17,2018-09-23,16,0.0,36.0,0.0
North,2018-09-24,2018-09-30,16,0.0,100.0,0.0
North,2018-10-01,2018-10-07,16,0.0,74.0,0.0
North,2018-10-08,2018-10-14,16,0.0,92.0,0.0
North,2018-10-12,2018-10-16,1,2.0,2.0,0.0
North,2018-10-15,2018-10-21,16,0.0,176.0,0.0
North,2018-10-22,2018-10-28,16,0.0,64.0,0.0
North,2018-10-23,2018-10-29,1,3.0,36.0,0.0
North,2018-10-24,2018-11-09,1,5.0,57.0,0.0
North,2018-10-29,2018-11-04,16,0.0,18.0,0.0
North,2018-10-31,2018-11-02,1,0.0,17.0,0.0
North,2018-11-02,2018-11-09,1,0.0,12.0,0.0
North,2018-11-05,2018-11-11,16,0.0,54.0,0.0
North,2018-11-12,2018-11-18,16,0.0,58.0,0.0
North,2018-11-18,2018-11-23,1,0.0,5.0,0.0
North,2018-11-19,2018-11-25,16,0.0,44.0,0.0
North,2018-11-23,2018-11-28,1,0.0,37.0,4.0
North,2018-11-26,2018-12-02,16,0.0,16.0,0.0
North,2018-12-03,2018-12-09,1,0.0,0.0,0.0
North,2018-12-10,2018-12-16,16,0.0,0.0,0.0
North,2018-12-17,2018-12-23,16,0.0,0.0,0.0
North,2018-12-24,2018-12-30,16,0.0,0.0,0.0
North,2018-12-31,2019-01-06,16,0.0,4.0,0.0
North,2018-12-31,2019-12-29,15,0.0,314.0,0.0
North,2019-01-01,2019-09-29,1,20.0,382.0,0.0
North,2019-01-01,2019-12-31,1,22.0,581.0,0.0
North,2019-01-01,2020-01-26,1,22.0,581.0,0.0
North,2019-01-07,2019-01-13,16,0.0,4.0,0.0
North,2019-01-14,2019-01-20,16,0.0,2.0,0.0
North,2019-01-21,2019-01-27,16,0.0,2.0,0.0
North,2019-01-28,2019-02-03,16,0.0,2.0,0.0
North,2019-02-04,2019-02-10,16,0.0,0.0,0.0
North,2019-02-11,2019-02-17,16,0.0,0.0,0.0
North,2019-02-18,2019-02-24,16,0.0,4.0,0.0
North,2019-02-25,2019-03-03,16,0.0,8.0,0.0
North,2019-03-04,2019-03-10,16,0.0,16.0,0.0
North,2019-03-11,2019-03-17,16,0.0,36.0,0.0
North,2019-03-18,2019-03-24,16,2.0,8.0,0.0
North,2019-03-25,2019-03-31,3,0.0,16.0,0.0
North,2019-04-01,2019-04-07,2,0.0,2.0,0.0
North,2019-04-08,2019-04-14,3,0.0,6.0,0.0
North,2019-04-15,2019-04-21,2,0.0,2.0,0.0
North,2019-04-22,2019-04-28,3,0.0,14.0,0.0
North,2019-04-29,2019-05-05,2,0.0,10.0,0.0
North,2019-05-01,2019-05-15,1,1.0,7.0,0.0
North,2019-05-06,2019-05-12,2,0.0,4.0,0.0
North,2019-05-13,2019-05-19,16,0.0,0.0,0.0
North,2019-05-20,2019-05-26,2,0.0,6.0,0.0
North,2019-05-27,2019-06-02,3,0.0,12.0,0.0
North,2019-06-03,2019-06-09,3,0.0,12.0,0.0
North,2019-06-10,2019-06-16,1,0.0,5.0,0.0
North,2019-06-17,2019-06-23,2,14.0,14.0,0.0
North,2019-06-24,2019-06-30,2,0.0,52.0,0.0
North,2019-07-01,2019-07-07,5,2.0,28.0,0.0
North,2019-07-08,2019-07-14,5,0.0,28.0,0.0
North,2019-07-15,2019-07-21,5,0.0,24.0,0.0
North,2019-07-22,2019-07-28,4,0.0,38.0,0.0
North,2019-07-29,2019-08-04,5,0.0,36.0,0.0
North,2019-08-05,2019-08-11,4,2.0,44.0,0.0
North,2019-08-12,2019-08-18,3,0.0,10.0,0.0
North,2019-08-19,2019-08-25,3,0.0,8.0,0.0
North,2019-08-26,2019-09-01,2,0.0,4.0,0.0
North,2019-09-02,2019-09-08,5,3.0,28.0,0.0
North,2019-09-09,2019-09-15,4,0.0,16.0,0.0
North,2019-09-16,2019-09-22,3,0.0,20.0,0.0
North,2019-09-23,2019-09-29,5,0.0,30.0,0.0
North,2019-09-30,2019-10-06,2,0.0,12.0,0.0
North,2019-10-07,2019-10-13,6,0.0,42.0,0.0
North,2019-10-14,2019-10-20,1,0.0,14.0,0.0
North,2019-10-21,2019-10-27,1,0.0,8.0,0.0
North,2019-10-28,2019-11-03,7,0.0,24.0,0.0
North,2019-11-04,2019-11-10,1,0.0,21.0,0.0
North,2019-11-11,2019-11-17,5,0.0,148.0,0.0
North,2019-11-18,2019-11-24,1,0.0,7.0,0.0
North,2019-11-25,2019-12-01,2,0.0,20.0,0.0
North,2019-12-02,2019-12-08,1,0.0,0.0,0.0
North,2019-12-09,2019-12-15,2,0.0,10.0,0.0
North,2019-12-16,2019-12-22,1,0.0,2.0,0.0
North,2019-12-16,2020-01-20,1,0.0,0.0,0.0
North,2019-12-16,2020-01-26,1,0.0,0.0,0.0
North,2019-12-23,2019-12-29,1,0.0,0.0,0.0
North,2019-12-24,2020-01-09,1,0.0,0.0,0.0
North,2021-01-01,2021-10-03,1,0.0,1.0,0.0
North,2021-10-25,2022-07-03,1,2.0,50.0,0.0
North,2022-01-03,2022-07-03,1,0.0,18.0,0.0
North,2022-02-07,2022-02-13,1,0.0,0.0,0.0
North,2022-02-14,2022-02-20,1,0.0,0.0,0.0
North,2022-02-21,2022-02-27,1,0.0,0.0,0.0
North,2022-02-28,2022-03-06,1,0.0,1.0,0.0
North,2022-03-21,2022-03-27,1,0.0,0.0,0.0
North,2022-03-28,2022-04-03,1,0.0,0.0,0.0
North,2022-04-04,2022-04-10,1,0.0,0.0,0.0
North-West,2010-01-04,2010-01-10,18,0.0,0.0,0.0
North-West,2010-01-11,2010-01-17,18,0.0,0.0,0.0
North-West,2010-01-18,2010-01-24,18,0.0,0.0,0.0
North-West,2010-01-25,2010-01-31,18,0.0,0.0,0.0
North-West,2010-02-01,2010-02-07,18,0.0,0.0,0.0
North-West,2010-02-08,2010-02-14,18,0.0,0.0,0.0
North-West,2010-02-15,2010-02-21,18,0.0,0.0,0.0
North-West,2010-02-22,2010-02-28,18,0.0,0.0,0.0
North-West,2010-03-01,2010-03-07,18,0.0,0.0,0.0
North-West,2010-03-08,2010-03-14,18,0.0,0.0,0.0
North-West,2010-03-15,2010-03-21,18,0.0,0.0,0.0
North-West,2010-03-22,2010-03-28,18,0.0,0.0,0.0
North-West,2010-03-29,2010-04-04,18,0.0,0.0,0.0
North-West,2010-04-05,2010-04-11,18,0.0,0.0,0.0
North-West,2010-04-12,2010-04-18,18,0.0,0.0,0.0
North-West,2010-04-19,2010-04-25,18,0.0,0.0,0.0
North-West,2010-04-26,2010-05-02,18,0.0,0.0,0.0
North-West,2010-05-03,2010-05-09,18,0.0,0.0,0.0
North-West,2010-05-06,2010-12-31,1,1.0,1.0,0.0
North-West,2010-05-10,2010-05-16,18,0.0,0.0,0.0
North-West,2010-05-17,2010-05-23,18,0.0,0.0,0.0
North-West,2010-05-24,2010-05-30,18,0.0,0.0,0.0
North-West,2010-05-31,2010-06-06,18,0.0,0.0,0.0
North-West,2010-06-07,2010-06-13,18,0.0,0.0,0.0
North-West,2010-06-14,2010-06-20,18,0.0,0.0,0.0
North-West,2010-06-21,2010-06-27,18,0.0,0.0,0.0
North-West,2010-06-28,2010-07-04,18,0.0,0.0,0.0
North-West,2010-07-05,2010-07-11,18,0.0,0.0,0.0
North-West,2010-07-12,2010-07-18,18,0.0,0.0,0.0
North-West,2010-07-19,2010-07-25,18,0.0,0.0,0.0
North-West,2010-07-26,2010-08-01,18,0.0,0.0,0.0
North-West,2010-08-02,2010-08-08,18,0.0,0.0,0.0
North-West,2010-08-09,2010-08-15,18,0.0,0.0,0.0
North-West,2010-08-16,2010-08-22,18,0.0,0.0,0.0
North-West,2010-08-23,2010-08-29,18,0.0,0.0,0.0
North-West,2010-08-30,2010-09-05,18,0.0,0.0,0.0
North-West,2010-09-06,2010-09-12,18,0.0,0.0,0.0
North-West,2010-09-13,2010-09-19,18,0.0,0.0,0.0
North-West,2010-09-20,2010-09-26,18,0.0,0.0,0.0
North-West,2010-09-27,2010-10-03,18,0.0,0.0,0.0
North-West,2010-10-04,2010-10-10,18,0.0,0.0,0.0
North-West,2010-10-11,2010-10-17,18,0.0,0.0,0.0
North-West,2010-10-18,2010-10-24,18,0.0,0.0,0.0
North-West,2010-10-25,2010-10-31,18,0.0,0.0,0.0
North-West,2010-11-01,2010-11-07,18,0.0,0.0,0.0
North-West,2010-11-08,2010-11-14,18,0.0,0.0,0.0
North-West,2010-11-15,2010-11-21,18,0.0,0.0,0.0
North-West,2010-11-22,2010-11-28,18,0.0,0.0,0.0
North-West,2010-11-29,2010-12-05,18,0.0,0.0,0.0
North-West,2010-12-01,2011-07-31,1,9.0,143.0,0.0
North-West,2010-12-06,2010-12-12,18,0.0,0.0,0.0
North-West,2010-12-13,2010-12-19,18,0.0,0.0,0.0
North-West,2010-12-20,2010-12-26,18,0.0,0.0,0.0
North-West,2010-12-27,2011-01-02,18,0.0,0.0,0.0
North-West,2011-01-01,2011-09-22,11,20.0,284.0,0.0
North-West,2011-01-03,2011-01-09,18,0.0,0.0,0.0
North-West,2011-01-10,2011-01-16,18,0.0,0.0,0.0
North-West,2011-01-17,2011-01-23,18,0.0,0.0,0.0
North-West,2011-01-24,2011-01-30,18,0.0,0.0,0.0
North-West,2011-01-31,2011-02-06,18,0.0,0.0,0.0
North-West,2011-02-07,2011-02-13,18,0.0,0.0,0.0
North-West,2011-02-14,2011-02-20,18,0.0,0.0,0.0
North-West,2011-02-21,2011-02-27,18,0.0,0.0,0.0
North-West,2011-02-28,2011-03-06,18,0.0,0.0,0.0
North-West,2011-03-07,2011-03-13,18,0.0,0.0,0.0
North-West,2011-03-14,2011-03-20,18,0.0,0.0,0.0
North-West,2011-03-21,2011-03-27,18,0.0,1.0,0.0
North-West,2011-03-28,2011-04-03,18,0.0,0.0,0.0
North-West,2011-04-04,2011-04-10,18,0.0,0.0,0.0
North-West,2011-04-11,2011-04-17,18,0.0,0.0,0.0
North-West,2011-04-18,2011-04-24,18,0.0,0.0,0.0
North-West,2011-04-25,2011-05-01,18,0.0,2.0,0.0
North-West,2011-05-02,2011-05-08,18,1.0,4.0,0.0
North-West,2011-05-09,2011-05-15,18,5.0,45.0,0.0
North-West,2011-05-16,2011-05-22,18,1.0,20.0,0.0
North-West,2011-05-23,2011-05-29,18,0.0,3.0,0.0
North-West,2011-05-30,2011-06-05,18,0.0,0.0,0.0
North-West,2011-06-06,2011-06-12,18,0.0,0.0,0.0
North-West,2011-06-13,2011-06-19,18,1.0,28.0,0.0
North-West,2011-06-20,2011-06-26,18,1.0,17.0,0.0
North-West,2011-06-27,2011-07-03,18,0.0,13.0,0.0
North-West,2011-07-04,2011-07-10,18,0.0,1.0,0.0
North-West,2011-07-11,2011-07-17,18,0.0,4.0,0.0
North-West,2011-07-18,2011-07-24,18,0.0,1.0,0.0
North-West,2011-07-25,2011-07-31,18,0.0,0.0,0.0
North-West,2011-08-01,2011-08-07,18,0.0,0.0,0.0
North-West,2011-08-01,2012-06-11,1,0.0,0.0,0.0
North-West,2011-08-08,2011-08-14,18,0.0,0.0,0.0
North-West,2011-08-15,2011-08-21,18,0.0,0.0,0.0
North-West,2011-08-22,2011-08-28,18,0.0,0.0,0.0
North-West,2011-08-29,2011-09-04,18,0.0,0.0,0.0
North-West,2011-09-05,2011-09-11,18,0.0,0.0,0.0
North-West,2011-09-12,2011-09-18,18,0.0,0.0,0.0
North-West,2011-09-19,2011-09-25,18,0.0,0.0,0.0
North-West,2011-09-23,2011-12-11,1,0.0,0.0,0.0
North-West,2011-09-26,2011-10-02,18,0.0,2.0,0.0
North-West,2011-10-03,2011-10-09,18,0.0,0.0,0.0
North-West,2011-10-10,2011-10-16,18,0.0,0.0,0.0
North-West,2011-10-17,2011-10-23,18,0.0,0.0,0.0
North-West,2011-10-24,2011-10-30,18,0.0,0.0,0.0
North-West,2011-10-31,2011-11-06,18,0.0,0.0,0.0
North-West,2011-11-07,2011-11-13,18,0.0,0.0,0.0
North-West,2011-11-14,2011-11-20,18,0.0,0.0,0.0
North-West,2011-11-21,2011-11-27,18,0.0,0.0,0.0
North-West,2011-11-28,2011-12-04,18,0.0,0.0,0.0
North-West,2011-12-05,2011-12-11,18,0.0,0.0,0.0
North-West,2011-12-12,2011-12-18,18,0.0,0.0,0.0
North-West,2011-12-19,2011-12-25,18,0.0,0.0,0.0
North-West,2011-12-26,2012-01-01,18,0.0,0.0,0.0
North-West,2012-01-02,2012-01-08,18,0.0,0.0,0.0
North-West,2012-01-09,2012-01-15,18,0.0,0.0,0.0
North-West,2012-01-16,2012-01-22,18,0.0,0.0,0.0
North-West,2012-01-23,2012-01-29,18,0.0,0.0,0.0
North-West,2012-01-30,2012-02-05,18,0.0,0.0,0.0
North-West,2012-02-06,2012-02-12,18,0.0,0.0,0.0
North-West,2012-02-13,2012-02-19,18,0.0,0.0,0.0
North-West,2012-02-20,2012-02-26,18,0.0,0.0,0.0
North-West,2012-02-27,2012-03-04,18,0.0,0.0,0.0
North-West,2012-03-05,2012-03-11,18,0.0,1.0,0.0
North-West,2012-03-12,2012-03-18,18,0.0,0.0,0.0
North-West,2012-03-19,2012-03-25,18,0.0,0.0,0.0
North-West,2012-03-26,2012-04-01,18,0.0,0.0,0.0
North-West,2012-04-02,2012-04-08,18,0.0,0.0,0.0
North-West,2012-04-09,2012-04-15,18,0.0,0.0,0.0
North-West,2012-04-16,2012-04-22,18,0.0,0.0,0.0
North-West,2012-04-23,2012-04-29,18,0.0,0.0,0.0
North-West,2012-04-30,2012-05-06,18,0.0,0.0,0.0
North-West,2012-05-07,2012-05-13,18,0.0,0.0,0.0
North-West,2012-05-14,2012-05-20,18,0.0,0.0,0.0
North-West,2012-05-21,2012-05-27,18,0.0,0.0,0.0
North-West,2012-05-28,2012-06-03,18,0.0,0.0,0.0
North-West,2012-06-04,2012-06-10,18,0.0,0.0,0.0
North-West,2012-06-11,2012-06-17,18,0.0,0.0,0.0
North-West,2012-06-18,2012-06-24,18,0.0,0.0,0.0
North-West,2012-06-25,2012-07-01,18,0.0,0.0,0.0
North-West,2012-07-02,2012-07-08,18,0.0,0.0,0.0
North-West,2012-07-09,2012-07-15,18,0.0,0.0,0.0
North-West,2012-07-16,2012-07-22,18,0.0,0.0,0.0
North-West,2012-07-23,2012-07-29,18,0.0,0.0,0.0
North-West,2012-07-30,2012-08-05,18,0.0,0.0,0.0
North-West,2012-08-06,2012-08-12,18,0.0,0.0,0.0
North-West,2012-08-13,2012-08-19,18,0.0,0.0,0.0
North-West,2012-08-20,2012-08-26,18,0.0,0.0,0.0
North-West,2012-08-27,2012-09-02,18,0.0,0.0,0.0
North-West,2012-09-03,2012-09-09,18,0.0,0.0,0.0
North-West,2012-09-10,2012-09-16,18,0.0,0.0,0.0
North-West,2012-09-17,2012-09-23,18,0.0,0.0,0.0
North-West,2012-09-24,2012-09-30,18,0.0,0.0,0.0
North-West,2012-10-01,2012-10-07,18,0.0,0.0,0.0
North-West,2012-10-08,2012-10-14,18,0.0,0.0,0.0
North-West,2012-10-15,2012-10-21,18,0.0,0.0,0.0
North-West,2012-10-22,2012-10-28,18,0.0,0.0,0.0
North-West,2012-10-29,2012-11-04,18,0.0,0.0,0.0
North-West,2012-11-05,2012-11-11,18,0.0,0.0,0.0
North-West,2012-11-12,2012-11-18,18,0.0,0.0,0.0
North-West,2012-11-19,2012-11-25,18,0.0,0.0,0.0
North-West,2012-11-26,2012-12-02,18,0.0,0.0,0.0
North-West,2012-12-03,2012-12-09,18,0.0,0.0,0.0
North-West,2012-12-10,2012-12-16,18,0.0,0.0,0.0
North-West,2012-12-17,2012-12-23,18,0.0,0.0,0.0
North-West,2012-12-24,2012-12-30,18,0.0,0.0,0.0
North-West,2012-12-31,2013-01-06,18,0.0,0.0,0.0
North-West,2013-01-07,2013-01-13,18,0.0,0.0,0.0
North-West,2013-01-14,2013-01-20,18,0.0,0.0,0.0
North-West,2013-01-21,2013-01-27,18,0.0,0.0,0.0
North-West,2013-01-28,2013-02-03,18,0.0,0.0,0.0
North-West,2013-02-04,2013-02-10,18,0.0,0.0,0.0
North-West,2013-02-11,2013-02-17,18,0.0,0.0,0.0
North-West,2013-02-18,2013-02-24,18,0.0,1.0,0.0
North-West,2013-02-25,2013-03-03,18,0.0,0.0,0.0
North-West,2013-03-04,2013-03-10,18,0.0,0.0,0.0
North-West,2013-03-11,2013-03-17,18,0.0,0.0,0.0
North-West,2013-03-18,2013-03-24,18,0.0,0.0,0.0
North-West,2013-03-25,2013-03-31,18,0.0,0.0,0.0
North-West,2013-04-01,2013-04-07,18,0.0,0.0,0.0
North-West,2013-04-08,2013-04-14,18,0.0,0.0,0.0
North-West,2013-04-15,2013-04-21,18,0.0,0.0,0.0
North-West,2013-04-22,2013-04-28,18,0.0,0.0,0.0
North-West,2013-04-29,2013-05-05,18,0.0,1.0,0.0
North-West,2013-05-06,2013-05-12,18,0.0,0.0,0.0
North-West,2013-05-13,2013-05-19,18,0.0,0.0,0.0
North-West,2013-05-20,2013-05-26,18,0.0,0.0,0.0
North-West,2013-05-27,2013-06-02,18,0.0,0.0,0.0
North-West,2013-06-03,2013-06-09,18,0.0,0.0,0.0
North-West,2013-06-10,2013-06-16,18,0.0,0.0,0.0
North-West,2013-06-17,2013-06-23,18,0.0,0.0,0.0
North-West,2013-06-24,2013-06-30,18,0.0,0.0,0.0
North-West,2013-07-01,2013-07-07,18,0.0,0.0,0.0
North-West,2013-07-08,2013-07-14,18,0.0,0.0,0.0
North-West,2013-07-15,2013-07-21,18,0.0,0.0,0.0
North-West,2013-07-22,2013-07-28,18,0.0,0.0,0.0
North-West,2013-07-29,2013-08-04,18,0.0,0.0,0.0
North-West,2013-08-05,2013-08-11,18,0.0,0.0,0.0
North-West,2013-08-12,2013-08-18,18,0.0,0.0,0.0
North-West,2013-08-19,2013-08-25,18,0.0,0.0,0.0
North-West,2013-08-26,2013-09-01,18,0.0,0.0,0.0
North-West,2013-09-02,2013-09-08,18,0.0,0.0,0.0
North-West,2013-09-09,2013-09-15,18,0.0,0.0,0.0
North-West,2013-09-16,2013-09-22,18,0.0,0.0,0.0
North-West,2013-09-23,2013-09-29,18,0.0,0.0,0.0
North-West,2013-09-30,2013-10-06,18,0.0,0.0,0.0
North-West,2013-10-07,2013-10-13,18,0.0,0.0,0.0
North-West,2013-10-14,2013-10-20,18,0.0,0.0,0.0
North-West,2013-10-21,2013-10-27,18,0.0,0.0,0.0
North-West,2013-10-28,2013-11-03,18,0.0,0.0,0.0
North-West,2013-11-04,2013-11-10,18,0.0,0.0,0.0
North-West,2013-11-11,2013-11-17,18,0.0,0.0,0.0
North-West,2013-11-18,2013-11-24,18,0.0,0.0,0.0
North-West,2013-11-25,2013-12-01,18,0.0,0.0,0.0
North-West,2013-12-02,2013-12-08,18,0.0,0.0,0.0
North-West,2013-12-09,2013-12-15,18,0.0,0.0,0.0
North-West,2013-12-16,2013-12-22,18,0.0,0.0,0.0
North-West,2013-12-23,2013-12-29,18,0.0,0.0,0.0
North-West,2013-12-30,2014-01-05,19,0.0,0.0,0.0
North-West,2014-01-06,2014-01-12,19,0.0,0.0,0.0
North-West,2014-01-13,2014-01-19,19,0.0,0.0,0.0
North-West,2014-01-20,2014-01-26,19,0.0,0.0,0.0
North-West,2014-01-27,2014-02-02,19,0.0,0.0,0.0
North-West,2014-02-03,2014-02-09,19,0.0,0.0,0.0
North-West,2014-02-10,2014-02-16,19,0.0,0.0,0.0
North-West,2014-02-17,2014-02-23,19,0.0,0.0,0.0
North-West,2014-02-24,2014-03-02,19,0.0,0.0,0.0
North-West,2014-03-03,2014-03-09,19,0.0,0.0,0.0
North-West,2014-03-10,2014-03-16,19,0.0,0.0,0.0
North-West,2014-03-17,2014-03-23,19,0.0,0.0,0.0
North-West,2014-03-24,2014-03-30,19,0.0,0.0,0.0
North-West,2014-03-31,2014-04-06,19,0.0,0.0,0.0
North-West,2014-04-07,2014-04-13,19,0.0,0.0,0.0
North-West,2014-04-14,2014-04-20,19,0.0,0.0,0.0
North-West,2014-04-21,2014-04-27,19,0.0,0.0,0.0
North-West,2014-04-28,2014-05-04,19,0.0,0.0,0.0
North-West,2014-05-05,2014-05-11,19,0.0,0.0,0.0
North-West,2014-05-12,2014-05-18,19,0.0,0.0,0.0
North-West,2014-05-19,2014-05-25,19,0.0,0.0,0.0
North-West,2014-05-26,2014-06-01,19,0.0,0.0,0.0
North-West,2014-06-02,2014-06-08,19,0.0,0.0,0.0
North-West,2014-06-09,2014-06-15,19,0.0,0.0,0.0
North-West,2014-06-16,2014-06-22,19,0.0,0.0,0.0
North-West,2014-06-23,2014-06-29,19,0.0,0.0,0.0
North-West,2014-06-30,2014-07-06,19,0.0,0.0,0.0
North-West,2014-07-07,2014-07-13,19,0.0,0.0,0.0
North-West,2014-07-14,2014-07-20,19,0.0,0.0,0.0
North-West,2014-07-21,2014-07-27,19,0.0,0.0,0.0
North-West,2014-07-28,2014-08-03,19,0.0,0.0,0.0
North-West,2014-08-04,2014-08-10,19,0.0,0.0,0.0
North-West,2014-08-11,2014-08-17,19,0.0,0.0,0.0
North-West,2014-08-18,2014-08-24,19,0.0,0.0,0.0
North-West,2014-08-25,2014-08-31,19,0.0,0.0,0.0
North-West,2014-09-01,2014-09-07,19,0.0,0.0,0.0
North-West,2014-09-08,2014-09-14,19,0.0,1.0,0.0
North-West,2014-09-15,2014-09-21,19,0.0,0.0,0.0
North-West,2014-09-22,2014-09-28,19,0.0,0.0,0.0
North-West,2014-09-29,2014-10-05,19,0.0,0.0,0.0
North-West,2014-10-06,2014-10-12,19,0.0,0.0,0.0
North-West,2014-10-13,2014-10-19,19,0.0,0.0,0.0
North-West,2014-10-20,2014-10-26,19,0.0,0.0,0.0
North-West,2014-10-27,2014-11-02,19,0.0,0.0,0.0
North-West,2014-11-03,2014-11-09,19,0.0,0.0,0.0
North-West,2014-11-10,2014-11-16,19,0.0,0.0,0.0
North-West,2014-11-17,2014-11-23,19,0.0,0.0,0.0
North-West,2014-11-24,2014-11-30,19,0.0,0.0,0.0
North-West,2014-12-01,2014-12-07,19,0.0,0.0,0.0
North-West,2014-12-08,2014-12-14,19,0.0,0.0,0.0
North-West,2014-12-15,2014-12-21,19,0.0,0.0,0.0
North-West,2014-12-22,2014-12-28,19,0.0,0.0,0.0
North-West,2014-12-29,2015-01-04,19,0.0,0.0,0.0
North-West,2015-01-05,2015-01-11,19,0.0,0.0,0.0
North-West,2015-01-12,2015-01-18,19,0.0,0.0,0.0
North-West,2015-01-19,2015-01-25,19,0.0,0.0,0.0
North-West,2015-01-26,2015-02-01,19,0.0,0.0,0.0
North-West,2015-02-02,2015-02-08,19,0.0,0.0,0.0
North-West,2015-02-09,2015-02-15,19,0.0,0.0,0.0
North-West,2015-02-16,2015-02-22,19,0.0,0.0,0.0
North-West,2015-02-23,2015-03-01,19,0.0,0.0,0.0
North-West,2015-03-02,2015-03-08,19,0.0,0.0,0.0
North-West,2015-03-09,2015-03-15,19,0.0,0.0,0.0
North-West,2015-03-16,2015-03-22,19,0.0,0.0,0.0
North-West,2015-03-23,2015-03-29,19,0.0,0.0,0.0
North-West,2015-03-30,2015-04-05,19,0.0,0.0,0.0
North-West,2015-04-06,2015-04-12,19,0.0,0.0,0.0
North-West,2015-04-13,2015-04-19,19,0.0,0.0,0.0
North-West,2015-04-20,2015-04-26,19,0.0,0.0,0.0
North-West,2015-04-27,2015-05-03,19,0.0,0.0,0.0
North-West,2015-05-04,2015-05-10,19,0.0,0.0,0.0
North-West,2015-05-11,2015-05-17,19,0.0,0.0,0.0
North-West,2015-05-18,2015-05-24,19,0.0,0.0,0.0
North-West,2015-05-25,2015-05-31,19,0.0,0.0,0.0
North-West,2015-06-01,2015-06-07,19,0.0,0.0,0.0
North-West,2015-06-08,2015-06-14,19,0.0,0.0,0.0
North-West,2015-06-15,2015-06-21,19,0.0,0.0,0.0
North-West,2015-06-22,2015-06-28,19,0.0,0.0,0.0
North-West,2015-06-29,2015-07-05,19,0.0,0.0,0.0
North-West,2015-07-06,2015-07-12,19,0.0,0.0,0.0
North-West,2015-07-13,2015-07-19,19,0.0,0.0,0.0
North-West,2015-07-20,2015-07-26,19,0.0,0.0,0.0
North-West,2015-07-27,2015-08-02,19,0.0,0.0,0.0
North-West,2015-08-03,2015-08-09,19,0.0,0.0,0.0
North-West,2015-08-10,2015-08-16,19,0.0,0.0,0.0
North-West,2015-08-17,2015-08-23,19,0.0,0.0,0.0
North-West,2015-08-24,2015-08-30,19,0.0,0.0,0.0
North-West,2015-08-31,2015-09-06,19,0.0,0.0,0.0
North-West,2015-09-07,2015-09-13,19,0.0,0.0,0.0
North-West,2015-09-14,2015-09-20,19,0.0,0.0,0.0
North-West,2015-09-21,2015-09-27,19,0.0,0.0,0.0
North-West,2015-09-28,2015-10-04,19,0.0,0.0,0.0
North-West,2015-10-05,2015-10-11,19,0.0,0.0,0.0
North-West,2015-10-12,2015-10-18,19,0.0,0.0,0.0
North-West,2015-10-19,2015-10-25,19,0.0,0.0,0.0
North-West,2015-10-26,2015-11-01,19,0.0,0.0,0.0
North-West,2015-11-02,2015-11-08,19,0.0,0.0,0.0
North-West,2015-11-09,2015-11-15,19,0.0,0.0,0.0
North-West,2015-11-16,2015-11-22,19,0.0,0.0,0.0
North-West,2015-11-23,2015-11-29,19,0.0,0.0,0.0
North-West,2015-11-30,2015-12-06,19,0.0,0.0,0.0
North-West,2015-12-07,2015-12-13,19,0.0,0.0,0.0
North-West,2015-12-14,2015-12-20,19,0.0,0.0,0.0
North-West,2015-12-21,2015-12-27,19,0.0,0.0,0.0
North-West,2016-01-04,2016-01-10,19,0.0,0.0,0.0
North-West,2016-01-11,2016-01-17,19,0.0,0.0,0.0
North-West,2016-01-18,2016-01-24,19,0.0,0.0,0.0
North-West,2016-01-25,2016-01-31,19,0.0,0.0,0.0
North-West,2016-02-01,2016-02-07,19,0.0,0.0,0.0
North-West,2016-02-08,2016-02-14,19,0.0,0.0,0.0
North-West,2016-02-15,2016-02-21,19,0.0,0.0,0.0
North-West,2016-02-22,2016-02-28,19,0.0,0.0,0.0
North-West,2016-02-29,2016-03-06,19,0.0,0.0,0.0
North-West,2016-03-07,2016-03-13,19,0.0,0.0,0.0
North-West,2016-03-14,2016-03-20,19,0.0,0.0,0.0
North-West,2016-03-21,2016-03-27,19,0.0,0.0,0.0
North-West,2016-03-28,2016-04-03,19,0.0,0.0,0.0
North-West,2016-04-04,2016-04-10,19,0.0,0.0,0.0
North-West,2016-04-11,2016-04-17,19,0.0,0.0,0.0
North-West,2016-04-18,2016-04-24,19,0.0,0.0,0.0
North-West,2016-04-25,2016-05-01,19,0.0,0.0,0.0
North-West,2016-05-02,2016-05-08,19,0.0,0.0,0.0
North-West,2016-05-09,2016-05-15,19,0.0,0.0,0.0
North-West,2016-05-16,2016-05-22,19,0.0,0.0,0.0
North-West,2016-05-23,2016-05-29,19,0.0,0.0,0.0
North-West,2016-05-30,2016-06-05,19,0.0,0.0,0.0
North-West,2016-06-06,2016-06-12,19,0.0,0.0,0.0
North-West,2016-06-13,2016-06-19,19,0.0,0.0,0.0
North-West,2016-06-20,2016-06-26,19,0.0,0.0,0.0
North-West,2016-06-27,2016-07-03,19,0.0,0.0,0.0
North-West,2016-07-04,2016-07-10,19,0.0,0.0,0.0
North-West,2016-07-11,2016-07-17,19,0.0,0.0,0.0
North-West,2016-07-18,2016-07-24,19,0.0,0.0,0.0
North-West,2016-07-25,2016-07-31,19,0.0,0.0,0.0
North-West,2016-08-01,2016-08-07,19,0.0,0.0,0.0
North-West,2016-08-08,2016-08-14,19,0.0,0.0,0.0
North-West,2016-08-15,2016-08-21,19,0.0,0.0,0.0
North-West,2016-08-22,2016-08-28,19,0.0,0.0,0.0
North-West,2016-08-29,2016-09-04,19,0.0,0.0,0.0
North-West,2016-09-05,2016-09-11,19,0.0,0.0,0.0
North-West,2016-09-12,2016-09-18,19,0.0,0.0,0.0
North-West,2016-09-19,2016-09-25,19,0.0,0.0,0.0
North-West,2016-09-26,2016-10-02,19,0.0,0.0,0.0
North-West,2016-10-03,2016-10-09,19,0.0,0.0,0.0
North-West,2016-10-10,2016-10-16,19,0.0,0.0,0.0
North-West,2016-10-17,2016-10-23,19,0.0,0.0,0.0
North-West,2016-10-24,2016-10-30,19,0.0,0.0,0.0
North-West,2016-10-31,2016-11-06,19,0.0,0.0,0.0
North-West,2016-11-07,2016-11-13,19,0.0,0.0,0.0
North-West,2016-11-14,2016-11-20,19,0.0,0.0,0.0
North-West,2016-11-21,2016-11-27,19,0.0,0.0,0.0
North-West,2016-11-28,2016-12-04,19,0.0,0.0,0.0
North-West,2016-12-05,2016-12-11,19,0.0,0.0,0.0
North-West,2016-12-12,2016-12-18,19,0.0,0.0,0.0
North-West,2016-12-19,2016-12-25,19,0.0,0.0,0.0
North-West,2016-12-26,2017-01-01,19,0.0,0.0,0.0
North-West,2017-01-02,2017-01-08,19,0.0,0.0,0.0
North-West,2017-01-09,2017-01-15,19,0.0,0.0,0.0
North-West,2017-01-16,2017-01-22,19,0.0,0.0,0.0
North-West,2017-01-23,2017-01-29,19,0.0,0.0,0.0
North-West,2017-01-30,2017-02-05,19,0.0,0.0,0.0
North-West,2017-02-06,2017-02-12,19,0.0,0.0,0.0
North-West,2017-02-13,2017-02-19,19,0.0,0.0,0.0
North-West,2017-02-20,2017-02-26,19,0.0,0.0,0.0
North-West,2017-02-27,2017-03-05,19,0.0,0.0,0.0
North-West,2017-03-06,2017-03-12,19,0.0,0.0,0.0
North-West,2017-03-13,2017-03-19,19,0.0,0.0,0.0
North-West,2017-03-20,2017-03-26,19,0.0,0.0,0.0
North-West,2017-03-27,2017-04-02,19,0.0,0.0,0.0
North-West,2017-04-03,2017-04-09,19,0.0,0.0,0.0
North-West,2017-04-10,2017-04-16,19,0.0,0.0,0.0
North-West,2017-04-17,2017-04-23,19,0.0,0.0,0.0
North-West,2017-04-24,2017-04-30,19,0.0,0.0,0.0
North-West,2017-05-01,2017-05-07,19,0.0,0.0,0.0
North-West,2017-05-08,2017-05-14,19,0.0,0.0,0.0
North-West,2017-05-15,2017-05-21,19,0.0,0.0,0.0
North-West,2017-05-22,2017-05-28,19,0.0,0.0,0.0
North-West,2017-05-29,2017-06-04,19,0.0,0.0,0.0
North-West,2017-06-05,2017-06-11,19,0.0,0.0,0.0
North-West,2017-06-12,2017-06-18,19,0.0,0.0,0.0
North-West,2017-06-19,2017-06-25,19,0.0,0.0,0.0
North-West,2017-06-26,2017-07-02,19,0.0,0.0,0.0
North-West,2017-07-03,2017-07-09,19,0.0,0.0,0.0
North-West,2017-07-10,2017-07-16,19,0.0,0.0,0.0
North-West,2017-07-17,2017-07-23,19,0.0,0.0,0.0
North-West,2017-07-24,2017-07-30,19,0.0,0.0,0.0
North-West,2017-07-31,2017-08-06,19,0.0,0.0,0.0
North-West,2017-08-07,2017-08-13,19,0.0,0.0,0.0
North-West,2017-08-14,2017-08-20,19,0.0,0.0,0.0
North-West,2017-08-21,2017-08-27,19,0.0,0.0,0.0
North-West,2017-08-28,2017-09-03,19,0.0,0.0,0.0
North-West,2017-09-04,2017-09-10,19,0.0,0.0,0.0
North-West,2017-09-11,2017-09-17,19,0.0,0.0,0.0
North-West,2017-09-18,2017-09-24,19,0.0,0.0,0.0
North-West,2017-09-25,2017-10-01,19,0.0,0.0,0.0
North-West,2017-10-02,2017-10-08,19,0.0,0.0,0.0
North-West,2017-10-09,2017-10-15,19,0.0,0.0,0.0
North-West,2017-10-16,2017-10-22,19,0.0,0.0,0.0
North-West,2017-10-23,2017-10-29,19,0.0,0.0,0.0
North-West,2017-10-30,2017-11-05,19,0.0,0.0,0.0
North-West,2017-11-06,2017-11-12,19,0.0,0.0,0.0
North-West,2017-11-13,2017-11-19,19,0.0,0.0,0.0
North-West,2017-11-20,2017-11-26,19,0.0,0.0,0.0
North-West,2017-11-27,2017-12-03,19,0.0,0.0,0.0
North-West,2017-12-04,2017-12-10,19,0.0,0.0,0.0
North-West,2017-12-11,2017-12-17,19,0.0,0.0,0.0
North-West,2017-12-18,2017-12-24,19,0.0,0.0,0.0
North-West,2017-12-25,2017-12-31,19,0.0,0.0,0.0
North-West,2018-01-01,2018-01-07,14,0.0,0.0,0.0
North-West,2018-01-01,2018-12-30,13,0.0,0.0,0.0
North-West,2018-01-08,2018-01-14,14,0.0,0.0,0.0
North-West,2018-01-15,2018-01-21,14,0.0,0.0,0.0
North-West,2018-01-22,2018-01-28,14,0.0,0.0,0.0
North-West,2018-01-29,2018-02-04,14,0.0,0.0,0.0
North-West,2018-02-05,2018-02-11,14,0.0,0.0,0.0
North-West,2018-02-12,2018-02-18,14,0.0,0.0,0.0
North-West,2018-02-19,2018-02-25,14,0.0,0.0,0.0
North-West,2018-02-26,2018-03-04,14,0.0,0.0,0.0
North-West,2018-03-05,2018-03-11,14,0.0,0.0,0.0
North-West,2018-03-12,2018-03-18,14,0.0,0.0,0.0
North-West,2018-03-19,2018-03-25,14,0.0,0.0,0.0
North-West,2018-03-26,2018-04-01,14,0.0,0.0,0.0
North-West,2018-04-02,2018-04-08,14,0.0,0.0,0.0
North-West,2018-04-09,2018-04-15,14,0.0,0.0,0.0
North-West,2018-04-16,2018-04-22,14,0.0,0.0,0.0
North-West,2018-04-23,2018-04-29,14,0.0,0.0,0.0
North-West,2018-04-30,2018-05-06,14,0.0,0.0,0.0
North-West,2018-05-07,2018-05-13,14,0.0,0.0,0.0
North-West,2018-05-14,2018-05-20,14,0.0,0.0,0.0
North-West,2018-05-21,2018-05-27,14,0.0,0.0,0.0
North-West,2018-05-28,2018-06-03,14,0.0,0.0,0.0
North-West,2018-06-04,2018-06-10,14,0.0,0.0,0.0
North-West,2018-06-11,2018-06-17,14,0.0,0.0,0.0
North-West,2018-06-18,2018-06-24,14,0.0,0.0,0.0
North-West,2018-06-25,2018-07-01,14,0.0,0.0,0.0
North-West,2018-07-02,2018-07-08,14,0.0,0.0,0.0
North-West,2018-07-09,2018-07-15,14,0.0,0.0,0.0
North-West,2018-07-16,2018-07-22,14,0.0,0.0,0.0
North-West,2018-07-23,2018-07-29,14,0.0,0.0,0.0
North-West,2018-07-30,2018-08-05,14,0.0,0.0,0.0
North-West,2018-08-06,2018-08-12,14,0.0,0.0,0.0
North-West,2018-08-13,2018-08-19,14,0.0,0.0,0.0
North-West,2018-08-20,2018-08-26,13,0.0,0.0,0.0
North-West,2018-08-27,2018-09-02,14,0.0,0.0,0.0
North-West,2018-09-03,2018-09-09,14,0.0,0.0,0.0
North-West,2018-09-10,2018-09-16,14,0.0,0.0,0.0
North-West,2018-09-17,2018-09-23,14,0.0,0.0,0.0
North-West,2018-09-24,2018-09-30,14,0.0,0.0,0.0
North-West,2018-10-01,2018-10-07,14,0.0,0.0,0.0
North-West,2018-10-08,2018-10-14,14,0.0,0.0,0.0
North-West,2018-10-15,2018-10-21,14,0.0,0.0,0.0
North-West,2018-10-22,2018-10-28,14,0.0,0.0,0.0
North-West,2018-10-29,2018-11-04,14,0.0,0.0,0.0
North-West,2018-11-05,2018-11-11,14,0.0,0.0,0.0
North-West,2018-11-12,2018-11-18,14,0.0,0.0,0.0
North-West,2018-11-19,2018-11-25,14,0.0,0.0,0.0
North-West,2018-11-26,2018-12-02,14,0.0,0.0,0.0
North-West,2018-12-10,2018-12-16,14,0.0,0.0,0.0
North-West,2018-12-17,2018-12-23,14,0.0,0.0,0.0
North-West,2018-12-24,2018-12-30,14,0.0,0.0,0.0
North-West,2018-12-31,2019-01-06,14,0.0,0.0,0.0
North-West,2018-12-31,2019-12-29,13,0.0,0.0,0.0
North-West,2019-01-07,2019-01-13,14,0.0,0.0,0.0
North-West,2019-01-14,2019-01-20,14,0.0,0.0,0.0
North-West,2019-01-21,2019-01-27,14,0.0,0.0,0.0
North-West,2019-01-28,2019-02-03,14,0.0,0.0,0.0
North-West,2019-02-04,2019-02-10,14,0.0,0.0,0.0
North-West,2019-02-11,2019-02-17,14,0.0,0.0,0.0
North-West,2019-02-18,2019-02-24,14,0.0,0.0,0.0
North-West,2019-02-25,2019-03-03,14,0.0,0.0,0.0
North-West,2019-03-04,2019-03-10,14,0.0,0.0,0.0
North-West,2019-03-11,2019-03-17,14,0.0,0.0,0.0
North-West,2019-03-18,2019-03-24,14,0.0,0.0,0.0
North-West,2019-05-13,2019-05-19,14,0.0,0.0,0.0
South,2010-01-04,2010-01-10,10,0.0,0.0,0.0
South,2010-01-11,2010-01-17,10,0.0,0.0,0.0
South,2010-01-18,2010-01-24,10,0.0,0.0,0.0
South,2010-01-25,2010-01-31,10,0.0,0.0,0.0
South,2010-02-01,2010-02-07,10,0.0,0.0,0.0
South,2010-02-08,2010-02-14,10,0.0,0.0,0.0
South,2010-02-15,2010-02-21,10,0.0,0.0,0.0
South,2010-02-22,2010-02-28,10,0.0,0.0,0.0
South,2010-03-01,2010-03-07,10,0.0,0.0,0.0
South,2010-03-08,2010-03-14,10,0.0,0.0,0.0
South,2010-03-15,2010-03-21,10,0.0,0.0,0.0
South,2010-03-22,2010-03-28,10,0.0,0.0,0.0
South,2010-03-29,2010-04-04,10,0.0,0.0,0.0
South,2010-04-05,2010-04-11,10,0.0,0.0,0.0
South,2010-04-12,2010-04-18,10,0.0,0.0,0.0
South,2010-04-19,2010-04-25,10,0.0,0.0,0.0
South,2010-04-26,2010-05-02,10,0.0,0.0,0.0
South,2010-05-03,2010-05-09,10,0.0,0.0,0.0
South,2010-05-06,2010-12-31,1,0.0,0.0,0.0
South,2010-05-10,2010-05-16,10,0.0,0.0,0.0
South,2010-05-17,2010-05-23,10,0.0,0.0,0.0
South,2010-05-24,2010-05-30,10,0.0,0.0,0.0
South,2010-05-31,2010-06-06,10,0.0,0.0,0.0
South,2010-06-07,2010-06-13,10,0.0,0.0,0.0
South,2010-06-14,2010-06-20,10,0.0,0.0,0.0
South,2010-06-21,2010-06-27,10,0.0,0.0,0.0
South,2010-06-28,2010-07-04,10,0.0,0.0,0.0
South,2010-07-05,2010-07-11,10,0.0,0.0,0.0
South,2010-07-12,2010-07-18,10,0.0,0.0,0.0
South,2010-07-19,2010-07-25,10,0.0,0.0,0.0
South,2010-07-26,2010-08-01,10,0.0,0.0,0.0
South,2010-08-02,2010-08-08,10,0.0,0.0,0.0
South,2010-08-09,2010-08-15,10,0.0,0.0,0.0
South,2010-08-16,2010-08-22,10,0.0,0.0,0.0
South,2010-08-23,2010-08-29,10,0.0,0.0,0.0
South,2010-08-30,2010-09-05,10,0.0,0.0,0.0
South,2010-09-06,2010-09-12,10,0.0,0.0,0.0
South,2010-09-13,2010-09-19,10,0.0,0.0,0.0
South,2010-09-20,2010-09-26,10,0.0,0.0,0.0
South,2010-09-27,2010-10-03,10,0.0,0.0,0.0
South,2010-10-04,2010-10-10,10,0.0,0.0,0.0
South,2010-10-11,2010-10-17,10,0.0,0.0,0.0
South,2010-10-18,2010-10-24,10,0.0,0.0,0.0
South,2010-10-25,2010-10-31,10,0.0,0.0,0.0
South,2010-11-01,2010-11-07,10,0.0,0.0,0.0
South,2010-11-08,2010-11-14,10,0.0,0.0,0.0
South,2010-11-15,2010-11-21,10,0.0,0.0,0.0
South,2010-11-22,2010-11-28,10,0.0,0.0,0.0
South,2010-11-29,2010-12-05,10,0.0,0.0,0.0
South,2010-12-06,2010-12-12,10,0.0,0.0,0.0
South,2010-12-13,2010-12-19,10,0.0,0.0,0.0
South,2010-12-20,2010-12-26,10,0.0,0.0,0.0
South,2010-12-27,2011-01-02,10,0.0,0.0,0.0
South,2011-01-01,2011-09-22,7,6.0,112.0,0.0
South,2011-01-03,2011-01-09,10,0.0,0.0,0.0
South,2011-01-10,2011-01-16,10,0.0,0.0,0.0
South,2011-01-17,2011-01-23,10,0.0,0.0,0.0
South,2011-01-24,2011-01-30,10,0.0,0.0,0.0
South,2011-01-31,2011-02-06,10,0.0,0.0,0.0
South,2011-02-07,2011-02-13,10,0.0,0.0,0.0
South,2011-02-14,2011-02-20,10,1.0,12.0,0.0
South,2011-02-21,2011-02-27,10,0.0,1.0,0.0
South,2011-02-28,2011-03-06,10,0.0,0.0,0.0
South,2011-03-07,2011-03-13,10,0.0,0.0,0.0
South,2011-03-14,2011-03-20,10,0.0,1.0,0.0
South,2011-03-21,2011-03-27,10,0.0,0.0,0.0
South,2011-03-28,2011-04-03,10,0.0,3.0,0.0
South,2011-04-04,2011-04-10,10,0.0,7.0,0.0
South,2011-04-11,2011-04-17,10,0.0,0.0,0.0
South,2011-04-18,2011-04-24,10,0.0,0.0,0.0
South,2011-04-25,2011-05-01,10,1.0,24.0,0.0
South,2011-05-02,2011-05-08,10,0.0,1.0,0.0
South,2011-05-09,2011-05-15,10,0.0,0.0,0.0
South,2011-05-16,2011-05-22,10,0.0,0.0,0.0
South,2011-05-23,2011-05-29,10,0.0,0.0,0.0
South,2011-05-30,2011-06-05,10,0.0,1.0,0.0
South,2011-06-06,2011-06-12,10,0.0,0.0,0.0
South,2011-06-13,2011-06-19,10,0.0,0.0,0.0
South,2011-06-20,2011-06-26,10,0.0,0.0,0.0
South,2011-06-27,2011-07-03,10,0.0,0.0,0.0
South,2011-07-04,2011-07-10,10,0.0,0.0,0.0
South,2011-07-11,2011-07-17,10,0.0,0.0,0.0
South,2011-07-18,2011-07-24,10,0.0,0.0,0.0
South,2011-07-25,2011-07-31,10,0.0,0.0,0.0
South,2011-08-01,2011-08-07,10,0.0,0.0,0.0
South,2011-08-08,2011-08-14,10,0.0,0.0,0.0
South,2011-08-15,2011-08-21,10,0.0,0.0,0.0
South,2011-08-22,2011-08-28,10,0.0,0.0,0.0
South,2011-08-29,2011-09-04,10,0.0,0.0,0.0
South,2011-09-05,2011-09-11,10,0.0,0.0,0.0
South,2011-09-12,2011-09-18,10,0.0,0.0,0.0
South,2011-09-19,2011-09-25,10,0.0,0.0,0.0
South,2011-09-23,2011-12-11,1,4.0,110.0,0.0
South,2011-09-26,2011-10-02,10,5.0,60.0,0.0
South,2011-10-03,2011-10-09,10,0.0,53.0,0.0
South,2011-10-10,2011-10-16,10,0.0,4.0,0.0
South,2011-10-17,2011-10-23,10,0.0,8.0,0.0
South,2011-10-24,2011-10-30,10,0.0,3.0,0.0
South,2011-10-31,2011-11-06,10,0.0,0.0,0.0
South,2011-11-07,2011-11-13,10,0.0,1.0,0.0
South,2011-11-14,2011-11-20,10,0.0,0.0,0.0
South,2011-11-21,2011-11-27,10,0.0,0.0,0.0
South,2011-11-28,2011-12-04,10,0.0,0.0,0.0
South,2011-12-05,2011-12-11,10,0.0,0.0,0.0
South,2011-12-12,2011-12-18,10,0.0,0.0,0.0
South,2011-12-19,2011-12-25,10,0.0,0.0,0.0
South,2011-12-26,2012-01-01,10,0.0,0.0,0.0
South,2012-01-02,2012-01-08,10,0.0,0.0,0.0
South,2012-01-09,2012-01-15,10,0.0,0.0,0.0
South,2012-01-16,2012-01-22,10,0.0,0.0,0.0
South,2012-01-23,2012-01-29,10,0.0,0.0,0.0
South,2012-01-30,2012-02-05,10,0.0,0.0,0.0
South,2012-02-06,2012-02-12,10,0.0,0.0,0.0
South,2012-02-13,2012-02-19,10,0.0,0.0,0.0
South,2012-02-20,2012-02-26,10,0.0,0.0,0.0
South,2012-02-27,2012-03-04,10,0.0,0.0,0.0
South,2012-03-05,2012-03-11,10,0.0,0.0,0.0
South,2012-03-12,2012-03-18,10,0.0,2.0,0.0
South,2012-03-19,2012-03-25,10,0.0,0.0,0.0
South,2012-03-26,2012-04-01,10,0.0,0.0,0.0
South,2012-04-02,2012-04-08,10,0.0,0.0,0.0
South,2012-04-09,2012-04-15,10,0.0,0.0,0.0
South,2012-04-16,2012-04-22,10,0.0,0.0,0.0
South,2012-04-23,2012-04-29,10,0.0,0.0,0.0
South,2012-04-30,2012-05-06,10,0.0,0.0,0.0
South,2012-05-07,2012-05-13,10,0.0,0.0,0.0
South,2012-05-14,2012-05-20,10,0.0,0.0,0.0
South,2012-05-21,2012-05-27,10,0.0,5.0,0.0
South,2012-05-28,2012-06-03,10,0.0,0.0,0.0
South,2012-06-04,2012-06-10,10,0.0,0.0,0.0
South,2012-06-11,2012-06-17,10,0.0,0.0,0.0
South,2012-06-18,2012-06-24,10,0.0,0.0,0.0
South,2012-06-25,2012-07-01,10,0.0,0.0,0.0
South,2012-07-02,2012-07-08,10,0.0,0.0,0.0
South,2012-07-09,2012-07-15,10,0.0,0.0,0.0
South,2012-07-16,2012-07-22,10,0.0,0.0,0.0
South,2012-07-23,2012-07-29,10,0.0,0.0,0.0
South,2012-07-30,2012-08-05,10,0.0,0.0,0.0
South,2012-08-06,2012-08-12,10,0.0,0.0,0.0
South,2012-08-13,2012-08-19,10,0.0,0.0,0.0
South,2012-08-20,2012-08-26,10,0.0,0.0,0.0
South,2012-08-27,2012-09-02,10,0.0,0.0,0.0
South,2012-09-03,2012-09-09,10,0.0,0.0,0.0
South,2012-09-10,2012-09-16,10,0.0,0.0,0.0
South,2012-09-17,2012-09-23,10,0.0,0.0,0.0
South,2012-09-24,2012-09-30,10,0.0,0.0,0.0
South,2012-10-01,2012-10-07,10,0.0,0.0,0.0
South,2012-10-08,2012-10-14,10,0.0,0.0,0.0
South,2012-10-15,2012-10-21,10,0.0,0.0,0.0
South,2012-10-22,2012-10-28,10,0.0,0.0,0.0
South,2012-10-29,2012-11-04,10,0.0,0.0,0.0
South,2012-11-05,2012-11-11,10,0.0,0.0,0.0
South,2012-11-12,2012-11-18,10,0.0,0.0,0.0
South,2012-11-19,2012-11-25,10,0.0,0.0,0.0
South,2012-11-26,2012-12-02,10,0.0,0.0,0.0
South,2012-12-03,2012-12-09,10,0.0,0.0,0.0
South,2012-12-10,2012-12-16,10,0.0,0.0,0.0
South,2012-12-17,2012-12-23,10,0.0,0.0,0.0
South,2012-12-24,2012-12-30,10,0.0,0.0,0.0
South,2012-12-31,2013-01-06,10,0.0,0.0,0.0
South,2013-01-07,2013-01-13,10,0.0,0.0,0.0
South,2013-01-14,2013-01-20,10,0.0,0.0,0.0
South,2013-01-21,2013-01-27,10,0.0,0.0,0.0
South,2013-01-28,2013-02-03,10,0.0,0.0,0.0
South,2013-02-04,2013-02-10,10,0.0,0.0,0.0
South,2013-02-11,2013-02-17,10,0.0,0.0,0.0
South,2013-02-18,2013-02-24,10,0.0,0.0,0.0
South,2013-02-25,2013-03-03,10,0.0,0.0,0.0
South,2013-03-04,2013-03-10,10,0.0,0.0,0.0
South,2013-03-11,2013-03-17,10,0.0,0.0,0.0
South,2013-03-18,2013-03-24,10,0.0,0.0,0.0
South,2013-03-25,2013-03-31,10,0.0,0.0,0.0
South,2013-04-01,2013-04-07,10,0.0,0.0,0.0
South,2013-04-08,2013-04-14,10,0.0,0.0,0.0
South,2013-04-15,2013-04-21,10,0.0,0.0,0.0
South,2013-04-22,2013-04-28,10,0.0,0.0,0.0
South,2013-04-29,2013-05-05,10,0.0,0.0,0.0
South,2013-05-06,2013-05-12,10,0.0,0.0,0.0
South,2013-05-13,2013-05-19,10,0.0,0.0,0.0
South,2013-05-20,2013-05-26,10,0.0,0.0,0.0
South,2013-05-27,2013-06-02,10,0.0,0.0,0.0
South,2013-06-03,2013-06-09,10,0.0,0.0,0.0
South,2013-06-10,2013-06-16,10,0.0,0.0,0.0
South,2013-06-17,2013-06-23,10,0.0,0.0,0.0
South,2013-06-24,2013-06-30,10,0.0,0.0,0.0
South,2013-07-01,2013-07-07,10,0.0,0.0,0.0
South,2013-07-08,2013-07-14,10,0.0,0.0,0.0
South,2013-07-15,2013-07-21,10,0.0,0.0,0.0
South,2013-07-22,2013-07-28,10,0.0,0.0,0.0
South,2013-07-29,2013-08-04,10,0.0,0.0,0.0
South,2013-08-05,2013-08-11,10,0.0,0.0,0.0
South,2013-08-12,2013-08-18,10,0.0,0.0,0.0
South,2013-08-19,2013-08-25,10,0.0,0.0,0.0
South,2013-08-26,2013-09-01,10,0.0,0.0,0.0
South,2013-09-02,2013-09-08,10,0.0,0.0,0.0
South,2013-09-09,2013-09-15,10,0.0,0.0,0.0
South,2013-09-16,2013-09-22,10,0.0,0.0,0.0
South,2013-09-23,2013-09-29,10,0.0,0.0,0.0
South,2013-09-30,2013-10-06,10,0.0,0.0,0.0
South,2013-10-07,2013-10-13,10,0.0,0.0,0.0
South,2013-10-14,2013-10-20,10,0.0,0.0,0.0
South,2013-10-21,2013-10-27,10,0.0,0.0,0.0
South,2013-10-28,2013-11-03,10,0.0,0.0,0.0
South,2013-11-04,2013-11-10,10,0.0,0.0,0.0
South,2013-11-11,2013-11-17,10,0.0,0.0,0.0
South,2013-11-18,2013-11-24,10,0.0,0.0,0.0
South,2013-11-25,2013-12-01,10,0.0,0.0,0.0
South,2013-12-02,2013-12-08,10,0.0,0.0,0.0
South,2013-12-09,2013-12-15,10,0.0,0.0,0.0
South,2013-12-16,2013-12-22,10,0.0,0.0,0.0
South,2013-12-23,2013-12-29,10,0.0,0.0,0.0
South,2013-12-30,2014-01-05,10,0.0,0.0,0.0
South,2014-01-06,2014-01-12,10,0.0,0.0,0.0
South,2014-01-13,2014-01-19,10,0.0,0.0,0.0
South,2014-01-20,2014-01-26,10,0.0,0.0,0.0
South,2014-01-27,2014-02-02,10,0.0,0.0,0.0
South,2014-02-03,2014-02-09,10,0.0,0.0,0.0
South,2014-02-10,2014-02-16,10,0.0,0.0,0.0
South,2014-02-17,2014-02-23,10,0.0,0.0,0.0
South,2014-02-24,2014-03-02,10,0.0,0.0,0.0
South,2014-03-03,2014-03-09,10,0.0,0.0,0.0
South,2014-03-10,2014-03-16,10,0.0,0.0,0.0
South,2014-03-17,2014-03-23,10,0.0,0.0,0.0
South,2014-03-24,2014-03-30,10,0.0,0.0,0.0
South,2014-03-31,2014-04-06,10,0.0,0.0,0.0
South,2014-04-07,2014-04-13,10,0.0,0.0,0.0
South,2014-04-14,2014-04-20,10,0.0,0.0,0.0
South,2014-04-21,2014-04-27,10,0.0,0.0,0.0
South,2014-04-28,2014-05-04,10,0.0,0.0,0.0
South,2014-05-05,2014-05-11,10,0.0,0.0,0.0
South,2014-05-12,2014-05-18,10,0.0,0.0,0.0
South,2014-05-19,2014-05-25,10,0.0,0.0,0.0
South,2014-05-26,2014-06-01,10,0.0,0.0,0.0
South,2014-06-02,2014-06-08,10,0.0,0.0,0.0
South,2014-06-09,2014-06-15,10,0.0,0.0,0.0
South,2014-06-16,2014-06-22,10,0.0,0.0,0.0
South,2014-06-23,2014-06-29,10,0.0,0.0,0.0
South,2014-06-30,2014-07-06,10,0.0,0.0,0.0
South,2014-07-07,2014-07-13,10,0.0,0.0,0.0
South,2014-07-14,2014-07-20,10,0.0,0.0,0.0
South,2014-07-21,2014-07-27,10,0.0,0.0,0.0
South,2014-07-28,2014-08-03,10,0.0,0.0,0.0
South,2014-08-04,2014-08-10,10,0.0,0.0,0.0
South,2014-08-11,2014-08-17,10,0.0,0.0,0.0
South,2014-08-18,2014-08-24,10,0.0,0.0,0.0
South,2014-08-25,2014-08-31,10,0.0,0.0,0.0
South,2014-09-01,2014-09-07,10,0.0,0.0,0.0
South,2014-09-08,2014-09-14,10,0.0,0.0,0.0
South,2014-09-15,2014-09-21,10,0.0,0.0,0.0
South,2014-09-22,2014-09-28,10,0.0,0.0,0.0
South,2014-09-29,2014-10-05,10,0.0,0.0,0.0
South,2014-10-06,2014-10-12,10,0.0,0.0,0.0
South,2014-10-13,2014-10-19,10,0.0,0.0,0.0
South,2014-10-20,2014-10-26,10,0.0,0.0,0.0
South,2014-10-27,2014-11-02,10,0.0,0.0,0.0
South,2014-11-03,2014-11-09,10,0.0,0.0,0.0
South,2014-11-10,2014-11-16,10,0.0,0.0,0.0
South,2014-11-17,2014-11-23,10,0.0,0.0,0.0
South,2014-11-24,2014-11-30,10,0.0,0.0,0.0
South,2014-12-01,2014-12-07,10,0.0,0.0,0.0
South,2014-12-08,2014-12-14,10,0.0,0.0,0.0
South,2014-12-15,2014-12-21,10,0.0,0.0,0.0
South,2014-12-22,2014-12-28,10,0.0,0.0,0.0
South,2014-12-29,2015-01-04,10,0.0,0.0,0.0
South,2015-01-05,2015-01-11,10,0.0,0.0,0.0
South,2015-01-12,2015-01-18,10,0.0,0.0,0.0
South,2015-01-19,2015-01-25,10,0.0,0.0,0.0
South,2015-01-26,2015-02-01,10,0.0,0.0,0.0
South,2015-02-02,2015-02-08,10,0.0,0.0,0.0
South,2015-02-09,2015-02-15,10,0.0,0.0,0.0
South,2015-02-16,2015-02-22,10,0.0,0.0,0.0
South,2015-02-23,2015-03-01,10,0.0,0.0,0.0
South,2015-03-02,2015-03-08,10,0.0,0.0,0.0
South,2015-03-09,2015-03-15,10,0.0,0.0,0.0
South,2015-03-16,2015-03-22,10,0.0,0.0,0.0
South,2015-03-23,2015-03-29,10,0.0,0.0,0.0
South,2015-03-30,2015-04-05,10,0.0,0.0,0.0
South,2015-04-06,2015-04-12,10,0.0,0.0,0.0
South,2015-04-13,2015-04-19,10,0.0,0.0,0.0
South,2015-04-20,2015-04-26,10,0.0,0.0,0.0
South,2015-04-27,2015-05-03,10,0.0,0.0,0.0
South,2015-05-04,2015-05-10,10,0.0,0.0,0.0
South,2015-05-11,2015-05-17,10,0.0,0.0,0.0
South,2015-05-18,2015-05-24,10,0.0,0.0,0.0
South,2015-05-25,2015-05-31,10,0.0,0.0,0.0
South,2015-06-01,2015-06-07,10,0.0,0.0,0.0
South,2015-06-08,2015-06-14,10,0.0,0.0,0.0
South,2015-06-15,2015-06-21,10,0.0,0.0,0.0
South,2015-06-22,2015-06-28,10,0.0,0.0,0.0
South,2015-06-29,2015-07-05,10,0.0,0.0,0.0
South,2015-07-06,2015-07-12,10,0.0,0.0,0.0
South,2015-07-13,2015-07-19,10,0.0,0.0,0.0
South,2015-07-20,2015-07-26,10,0.0,0.0,0.0
South,2015-07-27,2015-08-02,10,0.0,0.0,0.0
South,2015-08-03,2015-08-09,10,0.0,0.0,0.0
South,2015-08-10,2015-08-16,10,0.0,0.0,0.0
South,2015-08-17,2015-08-23,10,0.0,0.0,0.0
South,2015-08-24,2015-08-30,10,0.0,0.0,0.0
South,2015-08-31,2015-09-06,10,0.0,0.0,0.0
South,2015-09-07,2015-09-13,10,0.0,0.0,0.0
South,2015-09-14,2015-09-20,10,0.0,0.0,0.0
South,2015-09-21,2015-09-27,10,0.0,0.0,0.0
South,2015-09-28,2015-10-04,10,0.0,0.0,0.0
South,2015-10-05,2015-10-11,10,0.0,0.0,0.0
South,2015-10-12,2015-10-18,10,0.0,0.0,0.0
South,2015-10-19,2015-10-25,10,0.0,0.0,0.0
South,2015-10-26,2015-11-01,10,0.0,0.0,0.0
South,2015-11-02,2015-11-08,10,0.0,0.0,0.0
South,2015-11-09,2015-11-15,10,0.0,0.0,0.0
South,2015-11-16,2015-11-22,10,0.0,0.0,0.0
South,2015-11-23,2015-11-29,10,0.0,0.0,0.0
South,2015-11-30,2015-12-06,10,0.0,0.0,0.0
South,2015-12-07,2015-12-13,10,0.0,0.0,0.0
South,2015-12-14,2015-12-20,10,0.0,0.0,0.0
South,2015-12-21,2015-12-27,10,0.0,0.0,0.0
South,2016-01-04,2016-01-10,10,0.0,0.0,0.0
South,2016-01-11,2016-01-17,10,0.0,0.0,0.0
South,2016-01-18,2016-01-24,10,0.0,0.0,0.0
South,2016-01-25,2016-01-31,10,0.0,0.0,0.0
South,2016-02-01,2016-02-07,10,0.0,0.0,0.0
South,2016-02-08,2016-02-14,10,0.0,0.0,0.0
South,2016-02-15,2016-02-21,10,0.0,0.0,0.0
South,2016-02-22,2016-02-28,10,0.0,0.0,0.0
South,2016-02-29,2016-03-06,10,0.0,0.0,0.0
South,2016-03-07,2016-03-13,10,0.0,0.0,0.0
South,2016-03-14,2016-03-20,10,0.0,0.0,0.0
South,2016-03-21,2016-03-27,10,0.0,0.0,0.0
South,2016-03-28,2016-04-03,10,0.0,0.0,0.0
South,2016-04-04,2016-04-10,10,0.0,0.0,0.0
South,2016-04-11,2016-04-17,10,0.0,0.0,0.0
South,2016-04-18,2016-04-24,10,0.0,0.0,0.0
South,2016-04-25,2016-05-01,10,0.0,0.0,0.0
South,2016-05-02,2016-05-08,10,0.0,0.0,0.0
South,2016-05-09,2016-05-15,10,0.0,0.0,0.0
South,2016-05-16,2016-05-22,10,0.0,0.0,0.0
South,2016-05-23,2016-05-29,10,0.0,0.0,0.0
South,2016-05-30,2016-06-05,10,0.0,0.0,0.0
South,2016-06-06,2016-06-12,10,0.0,0.0,0.0
South,2016-06-13,2016-06-19,10,0.0,0.0,0.0
South,2016-06-20,2016-06-26,10,0.0,0.0,0.0
South,2016-06-27,2016-07-03,10,0.0,0.0,0.0
South,2016-07-04,2016-07-10,10,0.0,0.0,0.0
South,2016-07-11,2016-07-17,10,0.0,0.0,0.0
South,2016-07-18,2016-07-24,10,0.0,0.0,0.0
South,2016-07-25,2016-07-31,10,0.0,0.0,0.0
South,2016-08-01,2016-08-07,10,0.0,0.0,0.0
South,2016-08-08,2016-08-14,10,0.0,0.0,0.0
South,2016-08-15,2016-08-21,10,0.0,0.0,0.0
South,2016-08-22,2016-08-28,10,0.0,0.0,0.0
South,2016-08-29,2016-09-04,10,0.0,0.0,0.0
South,2016-09-05,2016-09-11,10,0.0,0.0,0.0
South,2016-09-12,2016-09-18,10,0.0,0.0,0.0
South,2016-09-19,2016-09-25,10,0.0,0.0,0.0
South,2016-09-26,2016-10-02,10,0.0,0.0,0.0
South,2016-10-03,2016-10-09,10,0.0,0.0,0.0
South,2016-10-10,2016-10-16,10,0.0,0.0,0.0
South,2016-10-17,2016-10-23,10,0.0,1.0,0.0
South,2016-10-24,2016-10-30,10,0.0,0.0,0.0
South,2016-10-31,2016-11-06,10,0.0,0.0,0.0
South,2016-11-07,2016-11-13,10,0.0,27.0,0.0
South,2016-11-14,2016-11-20,10,0.0,0.0,0.0
South,2016-11-21,2016-11-27,10,0.0,0.0,0.0
South,2016-11-28,2016-12-04,10,0.0,0.0,0.0
South,2016-12-05,2016-12-11,10,0.0,0.0,0.0
South,2016-12-12,2016-12-18,10,0.0,0.0,0.0
South,2016-12-19,2016-12-25,10,0.0,0.0,0.0
South,2016-12-26,2017-01-01,10,0.0,0.0,0.0
South,2017-01-02,2017-01-08,10,0.0,0.0,0.0
South,2017-01-09,2017-01-15,10,0.0,0.0,0.0
South,2017-01-16,2017-01-22,10,0.0,0.0,0.0
South,2017-01-23,2017-01-29,10,0.0,0.0,0.0
South,2017-01-30,2017-02-05,10,0.0,0.0,0.0
South,2017-02-06,2017-02-12,10,0.0,0.0,0.0
South,2017-02-13,2017-02-19,10,0.0,0.0,0.0
South,2017-02-20,2017-02-26,10,0.0,0.0,0.0
South,2017-02-27,2017-03-05,10,0.0,0.0,0.0
South,2017-03-06,2017-03-12,10,0.0,0.0,0.0
South,2017-03-13,2017-03-19,10,0.0,0.0,0.0
South,2017-03-20,2017-03-26,10,0.0,0.0,0.0
South,2017-03-27,2017-04-02,10,0.0,0.0,0.0
South,2017-04-03,2017-04-09,10,0.0,0.0,0.0
South,2017-04-10,2017-04-16,10,0.0,0.0,0.0
South,2017-04-17,2017-04-23,10,0.0,0.0,0.0
South,2017-04-24,2017-04-30,10,0.0,0.0,0.0
South,2017-05-01,2017-05-07,10,0.0,0.0,0.0
South,2017-05-08,2017-05-14,10,0.0,0.0,0.0
South,2017-05-15,2017-05-21,10,0.0,0.0,0.0
South,2017-05-22,2017-05-28,10,0.0,0.0,0.0
South,2017-05-29,2017-06-04,10,0.0,0.0,0.0
South,2017-06-05,2017-06-11,10,0.0,0.0,0.0
South,2017-06-12,2017-06-18,10,0.0,0.0,0.0
South,2017-06-19,2017-06-25,10,0.0,0.0,0.0
South,2017-06-26,2017-07-02,10,0.0,0.0,0.0
South,2017-07-03,2017-07-09,10,0.0,0.0,0.0
South,2017-07-10,2017-07-16,10,0.0,0.0,0.0
South,2017-07-17,2017-07-23,10,0.0,0.0,0.0
South,2017-07-24,2017-07-30,10,0.0,0.0,0.0
South,2017-07-31,2017-08-06,10,0.0,0.0,0.0
South,2017-08-07,2017-08-13,10,0.0,0.0,0.0
South,2017-08-14,2017-08-20,10,0.0,0.0,0.0
South,2017-08-21,2017-08-27,10,0.0,0.0,0.0
South,2017-08-28,2017-09-03,10,0.0,0.0,0.0
South,2017-09-04,2017-09-10,10,0.0,0.0,0.0
South,2017-09-11,2017-09-17,10,0.0,0.0,0.0
South,2017-09-18,2017-09-24,10,0.0,0.0,0.0
South,2017-09-25,2017-10-01,10,0.0,0.0,0.0
South,2017-10-02,2017-10-08,10,0.0,0.0,0.0
South,2017-10-09,2017-10-15,10,0.0,0.0,0.0
South,2017-10-16,2017-10-22,10,0.0,0.0,0.0
South,2017-10-23,2017-10-29,10,0.0,0.0,0.0
South,2017-10-30,2017-11-05,10,0.0,0.0,0.0
South,2017-11-06,2017-11-12,10,0.0,0.0,0.0
South,2017-11-13,2017-11-19,10,0.0,0.0,0.0
South,2017-11-20,2017-11-26,10,0.0,0.0,0.0
South,2017-11-27,2017-12-03,10,0.0,0.0,0.0
South,2017-12-04,2017-12-10,10,0.0,0.0,0.0
South,2017-12-11,2017-12-17,10,0.0,0.0,0.0
South,2017-12-18,2017-12-24,10,0.0,0.0,0.0
South,2017-12-25,2017-12-31,10,0.0,0.0,0.0
South,2018-01-01,2018-01-07,7,0.0,0.0,0.0
South,2018-01-01,2018-12-30,6,0.0,1.0,0.0
South,2018-01-08,2018-01-14,7,0.0,0.0,0.0
South,2018-01-15,2018-01-21,7,0.0,0.0,0.0
South,2018-01-22,2018-01-28,7,0.0,0.0,0.0
South,2018-01-29,2018-02-04,7,0.0,0.0,0.0
South,2018-02-05,2018-02-11,7,0.0,0.0,0.0
South,2018-02-12,2018-02-18,7,0.0,0.0,0.0
South,2018-02-19,2018-02-25,7,0.0,0.0,0.0
South,2018-02-26,2018-03-04,7,0.0,0.0,0.0
South,2018-03-05,2018-03-11,7,0.0,0.0,0.0
South,2018-03-12,2018-03-18,7,0.0,0.0,0.0
South,2018-03-19,2018-03-25,7,0.0,0.0,0.0
South,2018-03-26,2018-04-01,7,0.0,0.0,0.0
South,2018-04-02,2018-04-08,7,0.0,0.0,0.0
South,2018-04-09,2018-04-15,7,0.0,0.0,0.0
South,2018-04-16,2018-04-22,7,0.0,0.0,0.0
South,2018-04-23,2018-04-29,7,0.0,0.0,0.0
South,2018-04-30,2018-05-06,7,0.0,0.0,0.0
South,2018-05-07,2018-05-13,7,0.0,0.0,0.0
South,2018-05-14,2018-05-20,7,0.0,0.0,0.0
South,2018-05-18,2020-12-16,1,0.0,23.0,0.0
South,2018-05-21,2018-05-27,7,0.0,0.0,0.0
South,2018-05-28,2018-06-03,7,0.0,0.0,0.0
South,2018-06-04,2018-06-10,7,0.0,0.0,0.0
South,2018-06-11,2018-06-17,7,0.0,0.0,0.0
South,2018-06-18,2018-06-24,7,0.0,0.0,0.0
South,2018-06-25,2018-07-01,7,0.0,0.0,0.0
South,2018-07-02,2018-07-08,7,0.0,0.0,0.0
South,2018-07-09,2018-07-15,7,0.0,0.0,0.0
South,2018-07-16,2018-07-22,7,0.0,2.0,0.0
South,2018-07-17,2018-08-12,1,0.0,1.0,0.0
South,2018-07-23,2018-07-29,7,0.0,0.0,0.0
South,2018-07-30,2018-08-05,7,0.0,0.0,0.0
South,2018-08-06,2018-08-12,7,0.0,0.0,0.0
South,2018-08-13,2018-08-19,7,0.0,0.0,0.0
South,2018-08-20,2018-08-26,6,0.0,0.0,0.0
South,2018-08-27,2018-09-02,7,0.0,0.0,0.0
South,2018-09-03,2018-09-09,7,0.0,0.0,0.0
South,2018-09-10,2018-09-16,7,0.0,0.0,0.0
South,2018-09-17,2018-09-23,7,0.0,0.0,0.0
South,2018-09-24,2018-09-30,7,0.0,0.0,0.0
South,2018-10-01,2018-10-07,7,0.0,0.0,0.0
South,2018-10-08,2018-10-14,7,0.0,0.0,0.0
South,2018-10-15,2018-10-21,7,0.0,0.0,0.0
South,2018-10-22,2018-10-28,7,0.0,0.0,0.0
South,2018-10-29,2018-11-04,7,0.0,0.0,0.0
South,2018-11-05,2018-11-11,7,0.0,0.0,0.0
South,2018-11-12,2018-11-18,7,0.0,0.0,0.0
South,2018-11-19,2018-11-25,7,0.0,0.0,0.0
South,2018-11-26,2018-12-02,7,0.0,0.0,0.0
South,2018-12-10,2018-12-16,7,0.0,0.0,0.0
South,2018-12-17,2018-12-23,7,0.0,0.0,0.0
South,2018-12-24,2018-12-30,7,0.0,0.0,0.0
South,2018-12-31,2019-01-06,7,0.0,0.0,0.0
South,2018-12-31,2019-12-29,6,0.0,0.0,0.0
South,2019-01-07,2019-01-13,7,0.0,0.0,0.0
South,2019-01-14,2019-01-20,7,0.0,0.0,0.0
South,2019-01-21,2019-01-27,7,0.0,0.0,0.0
South,2019-01-28,2019-02-03,7,0.0,0.0,0.0
South,2019-02-04,2019-02-10,7,0.0,0.0,0.0
South,2019-02-11,2019-02-17,7,0.0,0.0,0.0
South,2019-02-18,2019-02-24,7,0.0,0.0,0.0
South,2019-02-25,2019-03-03,7,0.0,0.0,0.0
South,2019-03-04,2019-03-10,7,0.0,0.0,0.0
South,2019-03-11,2019-03-17,7,0.0,0.0,0.0
South,2019-03-18,2019-03-24,7,0.0,0.0,0.0
South,2019-05-13,2019-05-19,7,0.0,0.0,0.0
South,2019-12-30,2020-01-05,1,0.0,0.0,0.0
South,2020-01-01,2020-10-25,1,25.0,798.0,20.0
South,2020-01-06,2020-01-12,1,0.0,0.0,0.0
South,2020-01-13,2020-01-19,1,0.0,0.0,0.0
South,2020-01-20,2020-01-26,1,0.0,0.0,0.0
South,2020-01-27,2020-02-02,1,0.0,0.0,0.0
South,2020-02-03,2020-02-09,1,0.0,0.0,0.0
South,2020-02-10,2020-02-16,1,0.0,1.0,0.0
South,2020-02-17,2020-02-23,1,0.0,3.0,0.0
South,2020-02-24,2020-03-01,1,0.0,0.0,0.0
South,2020-03-02,2020-03-08,1,0.0,0.0,0.0
South,2020-03-09,2020-03-15,1,0.0,0.0,0.0
South,2020-03-16,2020-03-22,1,0.0,0.0,0.0
South,2020-03-23,2020-03-29,1,0.0,0.0,0.0
South,2020-03-30,2020-04-05,1,0.0,0.0,0.0
South,2020-04-06,2020-04-12,1,0.0,0.0,0.0
South,2020-04-13,2020-04-19,1,0.0,0.0,0.0
South,2020-04-20,2020-04-26,1,0.0,0.0,0.0
South,2020-04-27,2020-05-03,1,0.0,10.0,0.0
South,2020-05-01,2020-10-18,1,23.0,780.0,17.0
South,2020-05-01,2020-12-16,2,3.0,18.0,3.0
South,2020-05-04,2020-05-10,1,3.0,50.0,0.0
South,2020-05-11,2020-05-17,1,0.0,27.0,0.0
South,2020-05-18,2020-05-24,1,4.0,47.0,0.0
South,2020-05-25,2020-05-31,1,0.0,42.0,0.0
South,2020-06-01,2020-06-07,1,1.0,34.0,0.0
South,2020-06-08,2020-06-14,1,0.0,41.0,0.0
South,2020-06-15,2020-06-21,1,1.0,45.0,0.0
South,2020-06-22,2020-06-28,1,4.0,72.0,0.0
South,2020-06-29,2020-07-05,1,3.0,28.0,0.0
South,2020-07-06,2020-07-12,1,3.0,73.0,0.0
South,2020-07-13,2020-07-19,1,0.0,23.0,0.0
South,2020-07-20,2020-07-26,1,3.0,43.0,0.0
South,2020-07-27,2020-08-02,1,0.0,27.0,0.0
South,2020-08-03,2020-08-09,1,2.0,27.0,0.0
South,2020-08-10,2020-08-16,1,0.0,19.0,0.0
South,2020-08-17,2020-08-23,1,0.0,11.0,0.0
South,2020-08-24,2020-08-30,1,0.0,31.0,0.0
South,2020-08-31,2020-09-06,1,1.0,42.0,0.0
South,2020-09-07,2020-09-13,1,0.0,34.0,0.0
South,2020-09-14,2020-09-20,1,0.0,34.0,0.0
South,2020-09-21,2020-09-27,1,0.0,27.0,0.0
South,2020-09-28,2020-10-04,1,0.0,2.0,0.0
South,2020-10-05,2020-10-11,1,0.0,4.0,0.0
South,2020-10-12,2020-10-18,1,0.0,7.0,0.0
South,2020-10-19,2020-10-25,1,0.0,0.0,0.0
South,2020-10-26,2020-11-01,1,0.0,0.0,0.0
South,2020-11-02,2020-11-08,1,0.0,0.0,0.0
South,2020-11-30,2020-12-06,1,0.0,0.0,0.0
South,2021-10-25,2022-07-03,1,2.0,182.0,0.0
South,2022-01-03,2022-01-09,1,0.0,25.0,0.0
South,2022-01-03,2022-07-03,1,0.0,106.0,0.0
South,2022-01-10,2022-01-16,1,0.0,31.0,0.0
South,2022-01-17,2022-01-23,1,0.0,0.0,0.0
South,2022-01-24,2022-01-30,1,0.0,0.0,0.0
South,2022-01-31,2022-02-06,1,0.0,0.0,0.0
South,2022-02-07,2022-02-13,1,0.0,14.0,0.0
South,2022-02-14,2022-02-20,1,0.0,0.0,0.0
South,2022-02-28,2022-03-06,1,0.0,0.0,0.0
South,2022-03-21,2022-03-27,1,0.0,0.0,0.0
South,2022-03-28,2022-04-03,1,0.0,0.0,0.0
South,2022-04-04,2022-04-10,1,0.0,0.0,0.0
South-West,2010-01-04,2010-01-10,18,0.0,0.0,0.0
South-West,2010-01-11,2010-01-17,18,0.0,0.0,0.0
South-West,2010-01-18,2010-01-24,18,0.0,0.0,0.0
South-West,2010-01-25,2010-01-31,18,0.0,0.0,0.0
South-West,2010-02-01,2010-02-07,18,0.0,0.0,0.0
South-West,2010-02-08,2010-02-14,18,0.0,0.0,0.0
South-West,2010-02-15,2010-02-21,18,0.0,0.0,0.0
South-West,2010-02-22,2010-02-28,18,0.0,0.0,0.0
South-West,2010-03-01,2010-03-07,18,0.0,0.0,0.0
South-West,2010-03-08,2010-03-14,18,0.0,0.0,0.0
South-West,2010-03-15,2010-03-21,18,0.0,0.0,0.0
South-West,2010-03-22,2010-03-28,18,0.0,0.0,0.0
South-West,2010-03-29,2010-04-04,18,0.0,0.0,0.0
South-West,2010-04-05,2010-04-11,18,0.0,0.0,0.0
South-West,2010-04-12,2010-04-18,18,0.0,0.0,0.0
South-West,2010-04-19,2010-04-25,18,0.0,0.0,0.0
South-West,2010-04-26,2010-05-02,18,0.0,0.0,0.0
South-West,2010-05-03,2010-05-09,18,0.0,0.0,0.0
South-West,2010-05-06,2010-10-03,1,515.0,7869.0,0.0
South-West,2010-05-06,2010-12-31,1,13.0,355.0,0.0
South-West,2010-05-10,2010-05-16,18,0.0,0.0,0.0
South-West,2010-05-17,2010-05-23,18,0.0,0.0,0.0
South-West,2010-05-24,2010-05-30,18,0.0,0.0,0.0
South-West,2010-05-31,2010-06-06,18,0.0,0.0,0.0
South-West,2010-06-07,2010-06-13,18,0.0,0.0,0.0
South-West,2010-06-14,2010-06-20,18,0.0,0.0,0.0
South-West,2010-06-21,2010-06-27,18,0.0,0.0,0.0
South-West,2010-06-28,2010-07-04,18,0.0,0.0,0.0
South-West,2010-07-05,2010-07-11,18,0.0,0.0,0.0
South-West,2010-07-12,2010-07-18,18,0.0,0.0,0.0
South-West,2010-07-19,2010-07-25,18,0.0,0.0,0.0
South-West,2010-07-26,2010-08-01,18,0.0,0.0,0.0
South-West,2010-08-02,2010-08-08,18,0.0,0.0,0.0
South-West,2010-08-09,2010-08-15,18,0.0,0.0,0.0
South-West,2010-08-16,2010-08-22,18,0.0,0.0,0.0
South-West,2010-08-23,2010-08-29,18,0.0,0.0,0.0
South-West,2010-08-30,2010-09-05,18,0.0,0.0,0.0
South-West,2010-09-06,2010-09-12,18,0.0,0.0,0.0
South-West,2010-09-13,2010-09-19,18,0.0,0.0,0.0
South-West,2010-09-20,2010-09-26,18,0.0,0.0,0.0
South-West,2010-09-27,2010-10-03,18,0.0,0.0,0.0
South-West,2010-10-04,2010-10-10,18,0.0,0.0,0.0
South-West,2010-10-11,2010-10-17,18,0.0,0.0,0.0
South-West,2010-10-18,2010-10-24,18,0.0,0.0,0.0
South-West,2010-10-25,2010-10-31,18,0.0,0.0,0.0
South-West,2010-11-01,2010-11-07,18,0.0,0.0,0.0
South-West,2010-11-08,2010-11-14,18,0.0,1.0,0.0
South-West,2010-11-15,2010-11-21,18,2.0,14.0,0.0
South-West,2010-11-22,2010-11-28,18,1.0,36.0,0.0
South-West,2010-11-29,2010-12-05,18,0.0,43.0,0.0
South-West,2010-12-06,2010-12-12,18,4.0,56.0,0.0
South-West,2010-12-13,2010-12-19,18,0.0,37.0,0.0
South-West,2010-12-20,2010-12-26,18,5.0,53.0,0.0
South-West,2010-12-27,2011-01-02,18,1.0,96.0,0.0
South-West,2011-01-01,2011-09-22,11,62.0,6060.0,0.0
South-West,2011-01-03,2011-01-09,18,1.0,40.0,0.0
South-West,2011-01-10,2011-01-16,18,2.0,45.0,0.0
South-West,2011-01-17,2011-01-23,18,1.0,84.0,0.0
South-West,2011-01-24,2011-01-30,18,1.0,57.0,0.0
South-West,2011-01-31,2011-02-06,18,0.0,55.0,0.0
South-West,2011-02-07,2011-02-13,18,2.0,43.0,0.0
South-West,2011-02-14,2011-02-20,18,0.0,59.0,0.0
South-West,2011-02-21,2011-02-27,18,1.0,36.0,0.0
South-West,2011-02-28,2011-03-06,18,3.0,54.0,0.0
South-West,2011-03-07,2011-03-13,18,1.0,36.0,0.0
South-West,2011-03-14,2011-03-20,18,3.0,43.0,0.0
South-West,2011-03-21,2011-03-27,18,0.0,35.0,0.0
South-West,2011-03-28,2011-04-03,18,1.0,27.0,0.0
South-West,2011-04-04,2011-04-10,18,1.0,72.0,0.0
South-West,2011-04-11,2011-04-17,18,0.0,52.0,0.0
South-West,2011-04-18,2011-04-24,18,5.0,257.0,0.0
South-West,2011-04-25,2011-05-01,18,1.0,245.0,0.0
South-West,2011-05-02,2011-05-08,18,1.0,237.0,0.0
South-West,2011-05-09,2011-05-15,18,1.0,285.0,0.0
South-West,2011-05-16,2011-05-22,18,0.0,232.0,0.0
South-West,2011-05-23,2011-05-29,18,0.0,82.0,0.0
South-West,2011-05-30,2011-06-05,18,0.0,61.0,0.0
South-West,2011-06-06,2011-06-12,18,0.0,52.0,0.0
South-West,2011-06-13,2011-06-19,18,0.0,44.0,0.0
South-West,2011-06-20,2011-06-26,18,1.0,79.0,0.0
South-West,2011-06-27,2011-07-03,18,1.0,171.0,0.0
South-West,2011-07-04,2011-07-10,18,1.0,201.0,0.0
South-West,2011-07-11,2011-07-17,18,0.0,96.0,0.0
South-West,2011-07-18,2011-07-24,18,1.0,59.0,0.0
South-West,2011-07-25,2011-07-31,18,2.0,71.0,0.0
South-West,2011-08-01,2011-08-07,18,0.0,50.0,0.0
South-West,2011-08-08,2011-08-14,18,0.0,16.0,0.0
South-West,2011-08-15,2011-08-21,18,0.0,32.0,0.0
South-West,2011-08-22,2011-08-28,18,0.0,18.0,0.0
South-West,2011-08-29,2011-09-04,18,1.0,8.0,0.0
South-West,2011-09-05,2011-09-11,18,0.0,6.0,0.0
South-West,2011-09-12,2011-09-18,18,0.0,11.0,0.0
South-West,2011-09-19,2011-09-25,18,0.0,11.0,0.0
South-West,2011-09-23,2011-12-11,1,0.0,62.0,0.0
South-West,2011-09-26,2011-10-02,18,0.0,9.0,0.0
South-West,2011-10-03,2011-10-09,18,0.0,6.0,0.0
South-West,2011-10-10,2011-10-16,18,0.0,6.0,0.0
South-West,2011-10-17,2011-10-23,18,0.0,0.0,0.0
South-West,2011-10-24,2011-10-30,18,0.0,4.0,0.0
South-West,2011-10-31,2011-11-06,18,0.0,0.0,0.0
South-West,2011-11-07,2011-11-13,18,0.0,3.0,0.0
South-West,2011-11-14,2011-11-20,18,0.0,1.0,0.0
South-West,2011-11-21,2011-11-27,18,1.0,3.0,0.0
South-West,2011-11-28,2011-12-04,18,0.0,9.0,0.0
South-West,2011-12-05,2011-12-11,18,0.0,4.0,0.0
South-West,2011-12-12,2011-12-18,18,0.0,2.0,0.0
South-West,2011-12-19,2011-12-25,18,0.0,2.0,0.0
South-West,2011-12-26,2012-01-01,18,0.0,0.0,0.0
South-West,2012-01-02,2012-01-08,18,0.0,0.0,0.0
South-West,2012-01-09,2012-01-15,18,0.0,0.0,0.0
South-West,2012-01-16,2012-01-22,18,0.0,0.0,0.0
South-West,2012-01-23,2012-01-29,18,0.0,0.0,0.0
South-West,2012-01-30,2012-02-05,18,0.0,0.0,0.0
South-West,2012-02-06,2012-02-12,18,0.0,2.0,0.0
South-West,2012-02-13,2012-02-19,18,0.0,0.0,0.0
South-West,2012-02-20,2012-02-26,18,0.0,1.0,0.0
South-West,2012-02-27,2012-03-04,18,0.0,1.0,0.0
South-West,2012-03-05,2012-03-11,18,0.0,1.0,0.0
South-West,2012-03-12,2012-03-18,18,0.0,0.0,0.0
South-West,2012-03-19,2012-03-25,18,0.0,0.0,0.0
South-West,2012-03-26,2012-04-01,18,0.0,2.0,0.0
South-West,2012-04-02,2012-04-08,18,0.0,0.0,0.0
South-West,2012-04-09,2012-04-15,18,0.0,0.0,0.0
South-West,2012-04-16,2012-04-22,18,0.0,0.0,0.0
South-West,2012-04-23,2012-04-29,18,0.0,0.0,0.0
South-West,2012-04-30,2012-05-06,18,0.0,0.0,0.0
South-West,2012-05-07,2012-05-13,18,0.0,0.0,0.0
South-West,2012-05-14,2012-05-20,18,0.0,0.0,0.0
South-West,2012-05-21,2012-05-27,18,0.0,0.0,0.0
South-West,2012-05-28,2012-06-03,18,0.0,0.0,0.0
South-West,2012-06-04,2012-06-10,18,0.0,0.0,0.0
South-West,2012-06-11,2012-06-17,18,0.0,0.0,0.0
South-West,2012-06-18,2012-06-24,18,0.0,0.0,0.0
South-West,2012-06-25,2012-07-01,18,0.0,0.0,0.0
South-West,2012-07-02,2012-07-08,18,0.0,0.0,0.0
South-West,2012-07-09,2012-07-15,18,0.0,0.0,0.0
South-West,2012-07-16,2012-07-22,18,0.0,0.0,0.0
South-West,2012-07-23,2012-07-29,18,0.0,0.0,0.0
South-West,2012-07-30,2012-08-05,18,0.0,0.0,0.0
South-West,2012-08-06,2012-08-12,18,0.0,0.0,0.0
South-West,2012-08-13,2012-08-19,18,0.0,0.0,0.0
South-West,2012-08-20,2012-08-26,18,0.0,0.0,0.0
South-West,2012-08-27,2012-09-02,18,0.0,0.0,0.0
South-West,2012-09-03,2012-09-09,18,0.0,0.0,0.0
South-West,2012-09-10,2012-09-16,18,0.0,0.0,0.0
South-West,2012-09-17,2012-09-23,18,0.0,0.0,0.0
South-West,2012-09-24,2012-09-30,18,0.0,0.0,0.0
South-West,2012-10-01,2012-10-07,18,0.0,0.0,0.0
South-West,2012-10-08,2012-10-14,18,0.0,0.0,0.0
South-West,2012-10-15,2012-10-21,18,0.0,0.0,0.0
South-West,2012-10-22,2012-10-28,18,0.0,0.0,0.0
South-West,2012-10-29,2012-11-04,18,0.0,0.0,0.0
South-West,2012-11-05,2012-11-11,18,0.0,0.0,0.0
South-West,2012-11-12,2012-11-18,18,0.0,0.0,0.0
South-West,2012-11-19,2012-11-25,18,0.0,0.0,0.0
South-West,2012-11-26,2012-12-02,18,0.0,0.0,0.0
South-West,2012-12-03,2012-12-09,18,0.0,0.0,0.0
South-West,2012-12-10,2012-12-16,18,0.0,0.0,0.0
South-West,2012-12-17,2012-12-23,18,0.0,0.0,0.0
South-West,2012-12-24,2012-12-30,18,0.0,0.0,0.0
South-West,2012-12-31,2013-01-06,18,0.0,0.0,0.0
South-West,2013-01-07,2013-01-13,18,0.0,0.0,0.0
South-West,2013-01-14,2013-01-20,18,0.0,0.0,0.0
South-West,2013-01-21,2013-01-27,18,0.0,0.0,0.0
South-West,2013-01-28,2013-02-03,18,0.0,0.0,0.0
South-West,2013-02-04,2013-02-10,18,0.0,0.0,0.0
South-West,2013-02-11,2013-02-17,18,0.0,0.0,0.0
South-West,2013-02-18,2013-02-24,18,0.0,0.0,0.0
South-West,2013-02-25,2013-03-03,18,0.0,0.0,0.0
South-West,2013-03-04,2013-03-10,18,0.0,0.0,0.0
South-West,2013-03-11,2013-03-17,18,0.0,0.0,0.0
South-West,2013-03-18,2013-03-24,18,0.0,0.0,0.0
South-West,2013-03-25,2013-03-31,18,0.0,0.0,0.0
South-West,2013-04-01,2013-04-07,18,0.0,0.0,0.0
South-West,2013-04-08,2013-04-14,18,0.0,0.0,0.0
South-West,2013-04-15,2013-04-21,18,0.0,0.0,0.0
South-West,2013-04-22,2013-04-28,18,0.0,0.0,0.0
South-West,2013-04-29,2013-05-05,18,0.0,0.0,0.0
South-West,2013-05-06,2013-05-12,18,0.0,0.0,0.0
South-West,2013-05-13,2013-05-19,18,0.0,0.0,0.0
South-West,2013-05-20,2013-05-26,18,0.0,0.0,0.0
South-West,2013-05-27,2013-06-02,18,0.0,0.0,0.0
South-West,2013-06-03,2013-06-09,18,0.0,0.0,0.0
South-West,2013-06-10,2013-06-16,18,0.0,0.0,0.0
South-West,2013-06-17,2013-06-23,18,0.0,0.0,0.0
South-West,2013-06-24,2013-06-30,18,0.0,0.0,0.0
South-West,2013-07-01,2013-07-07,18,0.0,0.0,0.0
South-West,2013-07-08,2013-07-14,18,0.0,0.0,0.0
South-West,2013-07-15,2013-07-21,18,0.0,0.0,0.0
South-West,2013-07-22,2013-07-28,18,0.0,0.0,0.0
South-West,2013-07-29,2013-08-04,18,0.0,0.0,0.0
South-West,2013-08-05,2013-08-11,18,0.0,0.0,0.0
South-West,2013-08-12,2013-08-18,18,0.0,0.0,0.0
South-West,2013-08-19,2013-08-25,18,0.0,0.0,0.0
South-West,2013-08-26,2013-09-01,18,0.0,0.0,0.0
South-West,2013-09-02,2013-09-08,18,0.0,0.0,0.0
South-West,2013-09-09,2013-09-15,18,0.0,0.0,0.0
South-West,2013-09-16,2013-09-22,18,0.0,0.0,0.0
South-West,2013-09-23,2013-09-29,18,0.0,0.0,0.0
South-West,2013-09-30,2013-10-06,18,0.0,0.0,0.0
South-West,2013-10-07,2013-10-13,18,0.0,0.0,0.0
South-West,2013-10-14,2013-10-20,18,0.0,0.0,0.0
South-West,2013-10-21,2013-10-27,18,0.0,0.0,0.0
South-West,2013-10-28,2013-11-03,18,0.0,0.0,0.0
South-West,2013-11-04,2013-11-10,18,0.0,0.0,0.0
South-West,2013-11-11,2013-11-17,18,0.0,0.0,0.0
South-West,2013-11-18,2013-11-24,18,0.0,0.0,0.0
South-West,2013-11-25,2013-12-01,18,0.0,0.0,0.0
South-West,2013-12-02,2013-12-08,18,0.0,0.0,0.0
South-West,2013-12-09,2013-12-15,18,0.0,0.0,0.0
South-West,2013-12-16,2013-12-22,18,0.0,0.0,0.0
South-West,2013-12-23,2013-12-29,18,0.0,0.0,0.0
South-West,2013-12-30,2014-01-05,18,0.0,0.0,0.0
South-West,2014-01-06,2014-01-12,18,0.0,0.0,0.0
South-West,2014-01-13,2014-01-19,18,0.0,0.0,0.0
South-West,2014-01-20,2014-01-26,18,0.0,0.0,0.0
South-West,2014-01-27,2014-02-02,18,0.0,0.0,0.0
South-West,2014-02-03,2014-02-09,18,0.0,0.0,0.0
South-West,2014-02-10,2014-02-16,18,0.0,0.0,0.0
South-West,2014-02-17,2014-02-23,18,0.0,0.0,0.0
South-West,2014-02-24,2014-03-02,18,0.0,0.0,0.0
South-West,2014-03-03,2014-03-09,18,0.0,0.0,0.0
South-West,2014-03-10,2014-03-16,18,0.0,0.0,0.0
South-West,2014-03-17,2014-03-23,18,0.0,0.0,0.0
South-West,2014-03-24,2014-03-30,18,0.0,0.0,0.0
South-West,2014-03-31,2014-04-06,18,0.0,0.0,0.0
South-West,2014-04-07,2014-04-13,18,0.0,0.0,0.0
South-West,2014-04-14,2014-04-20,18,0.0,0.0,0.0
South-West,2014-04-21,2014-04-27,18,0.0,0.0,0.0
South-West,2014-04-28,2014-05-04,18,0.0,0.0,0.0
South-West,2014-05-05,2014-05-11,18,0.0,0.0,0.0
South-West,2014-05-12,2014-05-18,18,0.0,0.0,0.0
South-West,2014-05-19,2014-05-25,18,0.0,0.0,0.0
South-West,2014-05-26,2014-06-01,18,0.0,0.0,0.0
South-West,2014-06-02,2014-06-08,18,0.0,0.0,0.0
South-West,2014-06-09,2014-06-15,18,0.0,0.0,0.0
South-West,2014-06-16,2014-06-22,18,0.0,0.0,0.0
South-West,2014-06-23,2014-06-29,18,0.0,0.0,0.0
South-West,2014-06-30,2014-07-06,18,0.0,0.0,0.0
South-West,2014-07-07,2014-07-13,18,0.0,0.0,0.0
South-West,2014-07-14,2014-07-20,18,0.0,0.0,0.0
South-West,2014-07-21,2014-07-27,18,0.0,0.0,0.0
South-West,2014-07-28,2014-08-03,18,0.0,0.0,0.0
South-West,2014-08-04,2014-08-10,18,0.0,0.0,0.0
South-West,2014-08-11,2014-08-17,18,0.0,0.0,0.0
South-West,2014-08-18,2014-08-24,18,0.0,0.0,0.0
South-West,2014-08-25,2014-08-31,18,0.0,0.0,0.0
South-West,2014-09-01,2014-09-07,18,0.0,0.0,0.0
South-West,2014-09-08,2014-09-14,18,0.0,0.0,0.0
South-West,2014-09-15,2014-09-21,18,0.0,0.0,0.0
South-West,2014-09-22,2014-09-28,18,0.0,0.0,0.0
South-West,2014-09-29,2014-10-05,18,0.0,0.0,0.0
South-West,2014-10-06,2014-10-12,18,0.0,0.0,0.0
South-West,2014-10-13,2014-10-19,18,0.0,0.0,0.0
South-West,2014-10-20,2014-10-26,18,0.0,0.0,0.0
South-West,2014-10-27,2014-11-02,18,0.0,0.0,0.0
South-West,2014-11-03,2014-11-09,18,0.0,0.0,0.0
South-West,2014-11-10,2014-11-16,18,0.0,0.0,0.0
South-West,2014-11-17,2014-11-23,18,0.0,0.0,0.0
South-West,2014-11-24,2014-11-30,18,0.0,0.0,0.0
South-West,2014-12-01,2014-12-07,18,0.0,0.0,0.0
South-West,2014-12-08,2014-12-14,18,0.0,0.0,0.0
South-West,2014-12-15,2014-12-21,18,0.0,0.0,0.0
South-West,2014-12-22,2014-12-28,18,0.0,0.0,0.0
South-West,2014-12-29,2015-01-04,18,0.0,0.0,0.0
South-West,2015-01-05,2015-01-11,18,0.0,0.0,0.0
South-West,2015-01-12,2015-01-18,18,0.0,0.0,0.0
South-West,2015-01-19,2015-01-25,18,0.0,0.0,0.0
South-West,2015-01-26,2015-02-01,18,0.0,0.0,0.0
South-West,2015-02-02,2015-02-08,18,0.0,0.0,0.0
South-West,2015-02-09,2015-02-15,18,0.0,0.0,0.0
South-West,2015-02-16,2015-02-22,18,0.0,0.0,0.0
South-West,2015-02-23,2015-03-01,18,0.0,0.0,0.0
South-West,2015-03-02,2015-03-08,18,0.0,0.0,0.0
South-West,2015-03-09,2015-03-15,18,0.0,0.0,0.0
South-West,2015-03-16,2015-03-22,18,0.0,0.0,0.0
South-West,2015-03-23,2015-03-29,18,0.0,0.0,0.0
South-West,2015-03-30,2015-04-05,18,0.0,0.0,0.0
South-West,2015-04-06,2015-04-12,18,0.0,0.0,0.0
South-West,2015-04-13,2015-04-19,18,0.0,0.0,0.0
South-West,2015-04-20,2015-04-26,18,0.0,0.0,0.0
South-West,2015-04-27,2015-05-03,18,0.0,0.0,0.0
South-West,2015-05-04,2015-05-10,18,0.0,0.0,0.0
South-West,2015-05-11,2015-05-17,18,0.0,0.0,0.0
South-West,2015-05-18,2015-05-24,18,0.0,0.0,0.0
South-West,2015-05-25,2015-05-31,18,0.0,0.0,0.0
South-West,2015-06-01,2015-06-07,18,0.0,0.0,0.0
South-West,2015-06-08,2015-06-14,18,0.0,0.0,0.0
South-West,2015-06-15,2015-06-21,18,0.0,0.0,0.0
South-West,2015-06-22,2015-06-28,18,0.0,0.0,0.0
South-West,2015-06-29,2015-07-05,18,0.0,0.0,0.0
South-West,2015-07-06,2015-07-12,18,0.0,0.0,0.0
South-West,2015-07-13,2015-07-19,18,0.0,0.0,0.0
South-West,2015-07-20,2015-07-26,18,0.0,0.0,0.0
South-West,2015-07-27,2015-08-02,18,0.0,0.0,0.0
South-West,2015-08-03,2015-08-09,18,0.0,0.0,0.0
South-West,2015-08-10,2015-08-16,18,0.0,0.0,0.0
South-West,2015-08-17,2015-08-23,18,0.0,0.0,0.0
South-West,2015-08-24,2015-08-30,18,0.0,0.0,0.0
South-West,2015-08-31,2015-09-06,18,0.0,0.0,0.0
South-West,2015-09-07,2015-09-13,18,0.0,0.0,0.0
South-West,2015-09-14,2015-09-20,18,0.0,0.0,0.0
South-West,2015-09-21,2015-09-27,18,0.0,0.0,0.0
South-West,2015-09-28,2015-10-04,18,0.0,0.0,0.0
South-West,2015-10-05,2015-10-11,18,0.0,0.0,0.0
South-West,2015-10-12,2015-10-18,18,0.0,0.0,0.0
South-West,2015-10-19,2015-10-25,18,0.0,0.0,0.0
South-West,2015-10-26,2015-11-01,18,0.0,0.0,0.0
South-West,2015-11-02,2015-11-08,18,0.0,0.0,0.0
South-West,2015-11-09,2015-11-15,18,0.0,0.0,0.0
South-West,2015-11-16,2015-11-22,18,0.0,0.0,0.0
South-West,2015-11-23,2015-11-29,18,0.0,0.0,0.0
South-West,2015-11-30,2015-12-06,18,0.0,0.0,0.0
South-West,2015-12-07,2015-12-13,18,0.0,0.0,0.0
South-West,2015-12-14,2015-12-20,18,0.0,0.0,0.0
South-West,2015-12-21,2015-12-27,18,0.0,0.0,0.0
South-West,2016-01-04,2016-01-10,18,0.0,0.0,0.0
South-West,2016-01-11,2016-01-17,18,0.0,0.0,0.0
South-West,2016-01-18,2016-01-24,18,0.0,0.0,0.0
South-West,2016-01-25,2016-01-31,18,0.0,0.0,0.0
South-West,2016-02-01,2016-02-07,18,0.0,0.0,0.0
South-West,2016-02-08,2016-02-14,18,0.0,0.0,0.0
South-West,2016-02-15,2016-02-21,18,0.0,0.0,0.0
South-West,2016-02-22,2016-02-28,18,0.0,0.0,0.0
South-West,2016-02-29,2016-03-06,18,0.0,0.0,0.0
South-West,2016-03-07,2016-03-13,18,0.0,0.0,0.0
South-West,2016-03-14,2016-03-20,18,0.0,0.0,0.0
South-West,2016-03-21,2016-03-27,18,0.0,0.0,0.0
South-West,2016-03-28,2016-04-03,18,0.0,0.0,0.0
South-West,2016-04-04,2016-04-10,18,0.0,0.0,0.0
South-West,2016-04-11,2016-04-17,18,0.0,0.0,0.0
South-West,2016-04-18,2016-04-24,18,0.0,0.0,0.0
South-West,2016-04-25,2016-05-01,18,0.0,0.0,0.0
South-West,2016-05-02,2016-05-08,18,0.0,0.0,0.0
South-West,2016-05-09,2016-05-15,18,0.0,0.0,0.0
South-West,2016-05-16,2016-05-22,18,0.0,0.0,0.0
South-West,2016-05-23,2016-05-29,18,0.0,0.0,0.0
South-West,2016-05-30,2016-06-05,18,0.0,0.0,0.0
South-West,2016-06-06,2016-06-12,18,0.0,0.0,0.0
South-West,2016-06-13,2016-06-19,18,0.0,0.0,0.0
South-West,2016-06-20,2016-06-26,18,0.0,0.0,0.0
South-West,2016-06-27,2016-07-03,18,0.0,0.0,0.0
South-West,2016-07-04,2016-07-10,18,0.0,0.0,0.0
South-West,2016-07-11,2016-07-17,18,0.0,0.0,0.0
South-West,2016-07-18,2016-07-24,18,0.0,0.0,0.0
South-West,2016-07-25,2016-07-31,18,0.0,0.0,0.0
South-West,2016-08-01,2016-08-07,18,0.0,0.0,0.0
South-West,2016-08-08,2016-08-14,18,0.0,0.0,0.0
South-West,2016-08-15,2016-08-21,18,0.0,0.0,0.0
South-West,2016-08-22,2016-08-28,18,0.0,0.0,0.0
South-West,2016-08-29,2016-09-04,18,0.0,0.0,0.0
South-West,2016-09-05,2016-09-11,18,0.0,0.0,0.0
South-West,2016-09-12,2016-09-18,18,0.0,0.0,0.0
South-West,2016-09-19,2016-09-25,18,0.0,0.0,0.0
South-West,2016-09-26,2016-10-02,18,0.0,0.0,0.0
South-West,2016-10-03,2016-10-09,18,0.0,0.0,0.0
South-West,2016-10-10,2016-10-16,18,0.0,0.0,0.0
South-West,2016-10-17,2016-10-23,18,0.0,0.0,0.0
South-West,2016-10-24,2016-10-30,18,0.0,0.0,0.0
South-West,2016-10-31,2016-11-06,18,0.0,0.0,0.0
South-West,2016-11-07,2016-11-13,18,0.0,0.0,0.0
South-West,2016-11-14,2016-11-20,18,0.0,0.0,0.0
South-West,2016-11-21,2016-11-27,18,0.0,0.0,0.0
South-West,2016-11-28,2016-12-04,18,0.0,0.0,0.0
South-West,2016-12-05,2016-12-11,18,0.0,0.0,0.0
South-West,2016-12-12,2016-12-18,18,0.0,0.0,0.0
South-West,2016-12-19,2016-12-25,18,0.0,0.0,0.0
South-West,2016-12-26,2017-01-01,18,0.0,0.0,0.0
South-West,2017-01-02,2017-01-08,18,0.0,0.0,0.0
South-West,2017-01-09,2017-01-15,18,0.0,0.0,0.0
South-West,2017-01-16,2017-01-22,18,0.0,0.0,0.0
South-West,2017-01-23,2017-01-29,18,0.0,0.0,0.0
South-West,2017-01-30,2017-02-05,18,0.0,0.0,0.0
South-West,2017-02-06,2017-02-12,18,0.0,0.0,0.0
South-West,2017-02-13,2017-02-19,18,0.0,0.0,0.0
South-West,2017-02-20,2017-02-26,18,0.0,0.0,0.0
South-West,2017-02-27,2017-03-05,18,0.0,0.0,0.0
South-West,2017-03-06,2017-03-12,18,0.0,0.0,0.0
South-West,2017-03-13,2017-03-19,18,0.0,0.0,0.0
South-West,2017-03-20,2017-03-26,18,0.0,0.0,0.0
South-West,2017-03-27,2017-04-02,18,0.0,0.0,0.0
South-West,2017-04-03,2017-04-09,18,0.0,0.0,0.0
South-West,2017-04-10,2017-04-16,18,0.0,0.0,0.0
South-West,2017-04-17,2017-04-23,18,0.0,0.0,0.0
South-West,2017-04-24,2017-04-30,18,0.0,0.0,0.0
South-West,2017-05-01,2017-05-07,18,0.0,0.0,0.0
South-West,2017-05-08,2017-05-14,18,0.0,0.0,0.0
South-West,2017-05-15,2017-05-21,18,0.0,0.0,0.0
South-West,2017-05-22,2017-05-28,18,0.0,0.0,0.0
South-West,2017-05-29,2017-06-04,18,0.0,0.0,0.0
South-West,2017-06-05,2017-06-11,18,0.0,0.0,0.0
South-West,2017-06-12,2017-06-18,18,0.0,0.0,0.0
South-West,2017-06-19,2017-06-25,18,0.0,0.0,0.0
South-West,2017-06-26,2017-07-02,18,0.0,0.0,0.0
South-West,2017-07-03,2017-07-09,18,0.0,0.0,0.0
South-West,2017-07-10,2017-07-16,18,0.0,0.0,0.0
South-West,2017-07-17,2017-07-23,18,0.0,0.0,0.0
South-West,2017-07-24,2017-07-30,18,0.0,0.0,0.0
South-West,2017-07-31,2017-08-06,18,0.0,0.0,0.0
South-West,2017-08-07,2017-08-13,18,0.0,0.0,0.0
South-West,2017-08-14,2017-08-20,18,0.0,0.0,0.0
South-West,2017-08-21,2017-08-27,18,0.0,0.0,0.0
South-West,2017-08-28,2017-09-03,18,0.0,0.0,0.0
South-West,2017-09-04,2017-09-10,18,0.0,0.0,0.0
South-West,2017-09-11,2017-09-17,18,0.0,0.0,0.0
South-West,2017-09-18,2017-09-24,18,0.0,0.0,0.0
South-West,2017-09-25,2017-10-01,18,0.0,0.0,0.0
South-West,2017-10-02,2017-10-08,18,0.0,0.0,0.0
South-West,2017-10-09,2017-10-15,18,0.0,0.0,0.0
South-West,2017-10-16,2017-10-22,18,0.0,0.0,0.0
South-West,2017-10-23,2017-10-29,18,0.0,0.0,0.0
South-West,2017-10-30,2017-11-05,18,0.0,0.0,0.0
South-West,2017-11-06,2017-11-12,18,0.0,0.0,0.0
South-West,2017-11-13,2017-11-19,18,0.0,0.0,0.0
South-West,2017-11-20,2017-11-26,18,0.0,0.0,0.0
South-West,2017-11-27,2017-12-03,18,0.0,0.0,0.0
South-West,2017-12-04,2017-12-10,18,0.0,0.0,0.0
South-West,2017-12-11,2017-12-17,18,0.0,0.0,0.0
South-West,2017-12-18,2017-12-24,18,0.0,0.0,0.0
South-West,2017-12-25,2017-12-31,18,0.0,0.0,0.0
South-West,2018-01-01,2018-01-07,12,0.0,0.0,0.0
South-West,2018-01-01,2018-12-30,11,0.0,2.0,0.0
South-West,2018-01-08,2018-01-14,12,0.0,0.0,0.0
South-West,2018-01-15,2018-01-21,12,0.0,0.0,0.0
South-West,2018-01-22,2018-01-28,12,0.0,0.0,0.0
South-West,2018-01-29,2018-02-04,12,0.0,0.0,0.0
South-West,2018-02-05,2018-02-11,12,0.0,0.0,0.0
South-West,2018-02-12,2018-02-18,12,0.0,0.0,0.0
South-West,2018-02-19,2018-02-25,12,0.0,0.0,0.0
South-West,2018-02-26,2018-03-04,12,0.0,0.0,0.0
South-West,2018-03-05,2018-03-11,12,0.0,0.0,0.0
South-West,2018-03-12,2018-03-18,12,0.0,0.0,0.0
South-West,2018-03-19,2018-03-25,12,0.0,0.0,0.0
South-West,2018-03-26,2018-04-01,12,0.0,0.0,0.0
South-West,2018-04-02,2018-04-08,12,0.0,2.0,0.0
South-West,2018-04-09,2018-04-15,12,0.0,0.0,0.0
South-West,2018-04-16,2018-04-22,12,0.0,0.0,0.0
South-West,2018-04-23,2018-04-29,12,0.0,0.0,0.0
South-West,2018-04-30,2018-05-06,12,0.0,0.0,0.0
South-West,2018-05-07,2018-05-13,12,0.0,0.0,0.0
South-West,2018-05-14,2018-05-20,12,0.0,0.0,0.0
South-West,2018-05-18,2020-01-09,2,130.0,2574.0,194.0
South-West,2018-05-18,2020-01-20,2,133.0,2602.0,201.0
South-West,2018-05-18,2020-01-26,1,118.0,2226.0,201.0
South-West,2018-05-18,2020-12-16,1,20.0,448.0,0.0
South-West,2018-05-21,2018-05-27,12,0.0,0.0,0.0
South-West,2018-05-28,2018-06-03,12,0.0,0.0,0.0
South-West,2018-06-04,2018-06-10,12,0.0,0.0,0.0
South-West,2018-06-11,2018-06-17,12,0.0,0.0,0.0
South-West,2018-06-18,2018-06-24,12,0.0,0.0,0.0
South-West,2018-06-25,2018-07-01,12,0.0,0.0,0.0
South-West,2018-07-02,2018-07-08,12,0.0,0.0,0.0
South-West,2018-07-09,2018-07-15,12,0.0,0.0,0.0
South-West,2018-07-16,2018-07-22,12,0.0,0.0,0.0
South-West,2018-07-17,2018-08-12,1,0.0,1.0,0.0
South-West,2018-07-23,2018-07-29,12,0.0,2.0,0.0
South-West,2018-07-30,2018-08-05,12,0.0,0.0,0.0
South-West,2018-08-06,2018-08-12,12,0.0,0.0,0.0
South-West,2018-08-13,2018-08-19,12,0.0,0.0,0.0
South-West,2018-08-20,2018-08-26,11,0.0,0.0,0.0
South-West,2018-08-27,2018-09-02,12,0.0,0.0,0.0
South-West,2018-09-03,2018-09-09,12,0.0,0.0,0.0
South-West,2018-09-10,2018-09-16,12,0.0,0.0,0.0
South-West,2018-09-17,2018-09-23,12,0.0,0.0,0.0
South-West,2018-09-24,2018-09-30,12,0.0,0.0,0.0
South-West,2018-10-01,2018-10-07,12,0.0,0.0,0.0
South-West,2018-10-08,2018-10-14,12,0.0,0.0,0.0
South-West,2018-10-15,2018-10-21,12,0.0,0.0,0.0
South-West,2018-10-22,2018-10-28,12,0.0,0.0,0.0
South-West,2018-10-29,2018-11-04,12,0.0,0.0,0.0
South-West,2018-11-05,2018-11-11,12,0.0,0.0,0.0
South-West,2018-11-12,2018-11-18,12,0.0,0.0,0.0
South-West,2018-11-19,2018-11-25,12,0.0,0.0,0.0
South-West,2018-11-26,2018-12-02,12,0.0,0.0,0.0
South-West,2018-12-10,2018-12-16,12,0.0,0.0,0.0
South-West,2018-12-17,2018-12-23,12,0.0,0.0,0.0
South-West,2018-12-24,2018-12-30,12,0.0,0.0,0.0
South-West,2018-12-31,2019-01-06,12,0.0,0.0,0.0
South-West,2018-12-31,2019-12-29,11,0.0,1.0,0.0
South-West,2019-01-01,2019-12-31,1,16.0,371.0,0.0
South-West,2019-01-07,2019-01-13,12,0.0,0.0,0.0
South-West,2019-01-14,2019-01-20,12,0.0,0.0,0.0
South-West,2019-01-21,2019-01-27,12,0.0,0.0,0.0
South-West,2019-01-28,2019-02-03,12,0.0,0.0,0.0
South-West,2019-02-04,2019-02-10,12,0.0,0.0,0.0
South-West,2019-02-11,2019-02-17,12,0.0,0.0,0.0
South-West,2019-02-18,2019-02-24,12,0.0,0.0,0.0
South-West,2019-02-25,2019-03-03,12,0.0,0.0,0.0
South-West,2019-03-04,2019-03-10,12,0.0,0.0,0.0
South-West,2019-03-11,2019-03-17,12,0.0,0.0,0.0
South-West,2019-03-18,2019-03-24,12,0.0,2.0,0.0
South-West,2019-05-13,2019-05-19,12,0.0,0.0,0.0
South-West,2019-11-04,2019-11-10,2,2.0,2.0,0.0
South-West,2019-11-11,2019-11-17,2,10.0,54.0,0.0
South-West,2019-11-11,2020-01-09,1,16.0,376.0,4.0
South-West,2019-11-11,2020-05-18,1,1.0,74.0,1.0
South-West,2019-11-11,2020-09-20,1,1.0,10.0,2.0
South-West,2019-11-11,2020-09-27,3,12.0,225.0,3.0
South-West,2019-11-18,2019-11-24,3,10.0,68.0,0.0
South-West,2019-11-25,2019-12-01,2,6.0,120.0,0.0
South-West,2019-12-01,2019-12-07,1,0.0,120.0,0.0
South-West,2019-12-02,2019-12-08,2,0.0,58.0,0.0
South-West,2019-12-09,2019-12-15,2,0.0,240.0,0.0
South-West,2019-12-16,2019-12-22,2,4.0,120.0,0.0
South-West,2019-12-23,2019-12-29,2,0.0,94.0,0.0
South-West,2019-12-30,2020-01-05,1,0.0,3.0,0.0
South-West,2020-01-01,2020-01-28,1,16.0,362.0,0.0
South-West,2020-01-01,2020-09-27,1,7.0,132.0,0.0
South-West,2020-01-01,2020-12-16,1,87.0,1952.0,0.0
South-West,2020-01-04,2020-01-20,1,3.0,6.0,0.0
South-West,2020-01-21,2020-01-26,1,0.0,0.0,0.0
South-West,2020-09-11,2020-09-11,1,0.0,0.0,0.0
South-West,2020-09-11,2020-09-23,1,0.0,10.0,0.0
South-West,2020-09-12,2020-09-12,1,0.0,0.0,0.0
South-West,2020-09-13,2020-09-13,1,0.0,0.0,0.0
South-West,2020-09-14,2020-09-14,2,1.0,4.0,0.0
South-West,2020-09-15,2020-09-15,2,0.0,2.0,0.0
South-West,2020-09-15,2020-09-17,1,0.0,2.0,1.0
South-West,2020-09-16,2020-09-16,1,0.0,3.0,0.0
South-West,2020-09-17,2020-09-17,1,0.0,3.0,0.0
South-West,2020-09-18,2020-09-18,1,0.0,0.0,0.0
South-West,2020-09-19,2020-09-19,1,0.0,0.0,0.0
South-West,2020-09-20,2020-09-20,1,0.0,0.0,0.0
South-West,2020-09-21,2020-09-21,1,0.0,0.0,0.0
South-West,2020-09-22,2020-09-22,1,0.0,0.0,0.0
South-West,2020-09-23,2020-09-23,1,0.0,0.0,0.0
South-West,2020-11-30,2020-12-06,1,0.0,0.0,0.0
South-West,2021-01-01,2021-11-02,1,3.0,23.0,2.0
South-West,2021-10-01,2022-12-31,1,93.0,6027.0,0.0
South-West,2021-10-25,2022-10-20,1,0.0,6015.0,0.0
South-West,2022-01-03,2022-01-09,1,0.0,37.0,0.0
South-West,2022-01-03,2022-07-03,1,0.0,5695.0,0.0
South-West,2022-01-10,2022-01-16,1,0.0,82.0,0.0
South-West,2022-01-17,2022-01-23,1,0.0,108.0,0.0
South-West,2022-01-24,2022-01-30,1,0.0,156.0,0.0
South-West,2022-01-31,2022-02-06,1,0.0,142.0,0.0
South-West,2022-02-07,2022-02-13,1,0.0,93.0,0.0
South-West,2022-02-14,2022-02-20,1,0.0,79.0,0.0
South-West,2022-02-21,2022-02-27,1,0.0,125.0,0.0
South-West,2022-02-28,2022-03-06,1,4.0,79.0,0.0
South-West,2022-03-07,2022-03-13,1,0.0,130.0,0.0
South-West,2022-03-14,2022-03-20,1,0.0,379.0,0.0
South-West,2022-03-21,2022-03-27,1,0.0,1087.0,0.0
South-West,2022-03-28,2022-04-03,1,0.0,521.0,0.0
South-West,2022-04-04,2022-04-10,1,0.0,345.0,0.0
South-West,2022-04-11,2022-04-17,1,0.0,249.0,0.0
South-West,2022-04-18,2022-04-24,1,0.0,235.0,0.0
South-West,2022-04-25,2022-05-01,1,0.0,408.0,0.0
South-West,2022-05-02,2022-05-08,1,0.0,215.0,0.0
South-West,2022-05-09,2022-05-15,1,0.0,221.0,0.0
South-West,2022-05-16,2022-05-22,1,0.0,195.0,0.0
South-West,2022-05-23,2022-05-29,1,0.0,334.0,0.0
South-West,2022-05-30,2022-06-05,1,0.0,209.0,0.0
South-West,2022-06-06,2022-06-12,1,0.0,130.0,0.0
South-West,2022-06-13,2022-06-19,1,0.0,91.0,0.0
South-West,2022-06-20,2022-06-26,1,0.0,51.0,0.0
South-West,2022-06-27,2022-07-03,1,0.0,8.0,0.0
South-West,2022-07-17,2022-08-03,1,0.0,0.0,0.0
West,2010-01-04,2010-01-10,20,0.0,0.0,0.0
West,2010-01-11,2010-01-17,20,0.0,0.0,0.0
West,2010-01-18,2010-01-24,20,0.0,0.0,0.0
West,2010-01-25,2010-01-31,20,0.0,0.0,0.0
West,2010-02-01,2010-02-07,20,0.0,0.0,0.0
West,2010-02-08,2010-02-14,20,0.0,0.0,0.0
West,2010-02-15,2010-02-21,20,0.0,0.0,0.0
West,2010-02-22,2010-02-28,20,0.0,0.0,0.0
West,2010-03-01,2010-03-07,20,0.0,0.0,0.0
West,2010-03-08,2010-03-14,20,0.0,0.0,0.0
West,2010-03-15,2010-03-21,20,0.0,0.0,0.0
West,2010-03-22,2010-03-28,20,0.0,0.0,0.0
West,2010-03-29,2010-04-04,20,0.0,0.0,0.0
West,2010-04-05,2010-04-11,20,0.0,0.0,0.0
West,2010-04-12,2010-04-18,20,0.0,0.0,0.0
West,2010-04-19,2010-04-25,20,0.0,0.0,0.0
West,2010-04-26,2010-05-02,20,0.0,0.0,0.0
West,2010-05-03,2010-05-09,20,0.0,0.0,0.0
West,2010-05-06,2010-12-31,1,0.0,1.0,0.0
West,2010-05-10,2010-05-16,20,0.0,0.0,0.0
West,2010-05-17,2010-05-23,20,0.0,0.0,0.0
West,2010-05-24,2010-05-30,20,0.0,0.0,0.0
West,2010-05-31,2010-06-06,20,0.0,0.0,0.0
West,2010-06-07,2010-06-13,20,0.0,0.0,0.0
West,2010-06-14,2010-06-20,20,0.0,0.0,0.0
West,2010-06-21,2010-06-27,20,0.0,0.0,0.0
West,2010-06-28,2010-07-04,20,0.0,0.0,0.0
West,2010-07-05,2010-07-11,20,0.0,0.0,0.0
West,2010-07-12,2010-07-18,20,0.0,0.0,0.0
West,2010-07-19,2010-07-25,20,0.0,0.0,0.0
West,2010-07-26,2010-08-01,20,0.0,0.0,0.0
West,2010-08-02,2010-08-08,20,0.0,0.0,0.0
West,2010-08-09,2010-08-15,20,0.0,0.0,0.0
West,2010-08-16,2010-08-22,20,0.0,0.0,0.0
West,2010-08-23,2010-08-29,20,0.0,0.0,0.0
West,2010-08-30,2010-09-05,20,0.0,0.0,0.0
West,2010-09-06,2010-09-12,20,0.0,0.0,0.0
West,2010-09-13,2010-09-19,20,0.0,0.0,0.0
West,2010-09-20,2010-09-26,20,0.0,0.0,0.0
West,2010-09-27,2010-10-03,20,0.0,0.0,0.0
West,2010-10-04,2010-10-10,20,0.0,0.0,0.0
West,2010-10-11,2010-10-17,20,0.0,0.0,0.0
West,2010-10-18,2010-10-24,20,0.0,0.0,0.0
West,2010-10-25,2010-10-31,20,0.0,0.0,0.0
West,2010-11-01,2010-11-07,20,0.0,0.0,0.0
West,2010-11-08,2010-11-14,20,0.0,0.0,0.0
West,2010-11-15,2010-11-21,20,0.0,0.0,0.0
West,2010-11-22,2010-11-28,20,0.0,0.0,0.0
West,2010-11-29,2010-12-05,20,0.0,0.0,0.0
West,2010-12-06,2010-12-12,20,0.0,0.0,0.0
West,2010-12-13,2010-12-19,20,0.0,0.0,0.0
West,2010-12-20,2010-12-26,20,0.0,0.0,0.0
West,2010-12-27,2011-01-02,20,0.0,0.0,0.0
West,2011-01-01,2011-09-22,19,144.0,2456.0,0.0
West,2011-01-03,2011-01-09,20,0.0,0.0,0.0
West,2011-01-10,2011-01-16,20,0.0,0.0,0.0
West,2011-01-17,2011-01-23,20,3.0,14.0,0.0
West,2011-01-24,2011-01-30,20,2.0,46.0,0.0
West,2011-01-31,2011-02-06,20,0.0,24.0,0.0
West,2011-02-07,2011-02-13,20,4.0,28.0,0.0
West,2011-02-14,2011-02-20,20,2.0,11.0,0.0
West,2011-02-21,2011-02-27,20,0.0,3.0,0.0
West,2011-02-28,2011-03-06,20,2.0,4.0,0.0
West,2011-03-07,2011-03-13,20,0.0,3.0,0.0
West,2011-03-14,2011-03-20,20,1.0,4.0,0.0
West,2011-03-21,2011-03-27,20,1.0,14.0,0.0
West,2011-03-28,2011-04-03,20,0.0,8.0,0.0
West,2011-04-04,2011-04-10,20,0.0,23.0,0.0
West,2011-04-11,2011-04-17,20,1.0,36.0,0.0
West,2011-04-18,2011-04-24,20,0.0,24.0,0.0
West,2011-04-25,2011-05-01,20,0.0,20.0,0.0
West,2011-05-02,2011-05-08,20,0.0,28.0,0.0
West,2011-05-09,2011-05-15,20,5.0,68.0,0.0
West,2011-05-16,2011-05-22,20,9.0,148.0,0.0
West,2011-05-23,2011-05-29,20,16.0,245.0,0.0
West,2011-05-30,2011-06-05,20,3.0,105.0,0.0
West,2011-06-06,2011-06-12,20,5.0,82.0,0.0
West,2011-06-13,2011-06-19,20,3.0,86.0,0.0
West,2011-06-20,2011-06-26,20,3.0,56.0,0.0
West,2011-06-27,2011-07-03,20,1.0,37.0,0.0
West,2011-07-04,2011-07-10,20,3.0,30.0,0.0
West,2011-07-11,2011-07-17,20,0.0,17.0,0.0
West,2011-07-18,2011-07-24,20,0.0,14.0,0.0
West,2011-07-25,2011-07-31,20,1.0,5.0,0.0
West,2011-08-01,2011-08-07,20,1.0,9.0,0.0
West,2011-08-08,2011-08-14,20,4.0,10.0,0.0
West,2011-08-15,2011-08-21,20,0.0,5.0,0.0
West,2011-08-22,2011-08-28,20,1.0,5.0,0.0
West,2011-08-29,2011-09-04,20,1.0,8.0,0.0
West,2011-09-05,2011-09-11,20,0.0,9.0,0.0
West,2011-09-12,2011-09-18,20,1.0,6.0,0.0
West,2011-09-19,2011-09-25,20,0.0,1.0,0.0
West,2011-09-23,2011-12-11,1,3.0,40.0,0.0
West,2011-09-26,2011-10-02,20,0.0,5.0,0.0
West,2011-10-03,2011-10-09,20,0.0,3.0,0.0
West,2011-10-10,2011-10-16,20,0.0,0.0,0.0
West,2011-10-17,2011-10-23,20,0.0,0.0,0.0
West,2011-10-24,2011-10-30,20,0.0,0.0,0.0
West,2011-10-31,2011-11-06,20,3.0,11.0,0.0
West,2011-11-07,2011-11-13,20,0.0,1.0,0.0
West,2011-11-14,2011-11-20,20,0.0,4.0,0.0
West,2011-11-21,2011-11-27,20,0.0,4.0,0.0
West,2011-11-28,2011-12-04,20,0.0,0.0,0.0
West,2011-12-05,2011-12-11,20,0.0,0.0,0.0
West,2011-12-12,2011-12-18,20,0.0,3.0,0.0
West,2011-12-19,2011-12-25,20,0.0,4.0,0.0
West,2011-12-26,2012-01-01,20,0.0,0.0,0.0
West,2012-01-02,2012-01-08,20,0.0,0.0,0.0
West,2012-01-09,2012-01-15,20,0.0,0.0,0.0
West,2012-01-16,2012-01-22,20,0.0,0.0,0.0
West,2012-01-23,2012-01-29,20,0.0,0.0,0.0
West,2012-01-30,2012-02-05,20,0.0,0.0,0.0
West,2012-02-06,2012-02-12,20,0.0,0.0,0.0
West,2012-02-13,2012-02-19,20,0.0,0.0,0.0
West,2012-02-20,2012-02-26,20,0.0,0.0,0.0
West,2012-02-27,2012-03-04,20,0.0,2.0,0.0
West,2012-03-05,2012-03-11,20,0.0,0.0,0.0
West,2012-03-12,2012-03-18,20,0.0,0.0,0.0
West,2012-03-19,2012-03-25,20,0.0,0.0,0.0
West,2012-03-26,2012-04-01,20,0.0,0.0,0.0
West,2012-04-02,2012-04-08,20,0.0,0.0,0.0
West,2012-04-09,2012-04-15,20,0.0,1.0,0.0
West,2012-04-16,2012-04-22,20,0.0,0.0,0.0
West,2012-04-23,2012-04-29,20,0.0,0.0,0.0
West,2012-04-30,2012-05-06,20,0.0,1.0,0.0
West,2012-05-07,2012-05-13,20,0.0,1.0,0.0
West,2012-05-14,2012-05-20,20,0.0,0.0,0.0
West,2012-05-21,2012-05-27,20,0.0,0.0,0.0
West,2012-05-28,2012-06-03,20,0.0,0.0,0.0
West,2012-06-04,2012-06-10,20,0.0,0.0,0.0
West,2012-06-11,2012-06-17,20,0.0,0.0,0.0
West,2012-06-18,2012-06-24,20,0.0,0.0,0.0
West,2012-06-25,2012-07-01,20,0.0,0.0,0.0
West,2012-07-02,2012-07-08,20,0.0,0.0,0.0
West,2012-07-09,2012-07-15,20,0.0,0.0,0.0
West,2012-07-16,2012-07-22,20,0.0,0.0,0.0
West,2012-07-23,2012-07-29,20,0.0,0.0,0.0
West,2012-07-30,2012-08-05,20,0.0,0.0,0.0
West,2012-08-06,2012-08-12,20,0.0,0.0,0.0
West,2012-08-13,2012-08-19,20,0.0,0.0,0.0
West,2012-08-20,2012-08-26,20,0.0,0.0,0.0
West,2012-08-27,2012-09-02,20,0.0,0.0,0.0
West,2012-09-03,2012-09-09,20,0.0,0.0,0.0
West,2012-09-10,2012-09-16,20,0.0,0.0,0.0
West,2012-09-17,2012-09-23,20,0.0,0.0,0.0
West,2012-09-24,2012-09-30,20,0.0,0.0,0.0
West,2012-10-01,2012-10-07,20,0.0,0.0,0.0
West,2012-10-08,2012-10-14,20,0.0,0.0,0.0
West,2012-10-15,2012-10-21,20,0.0,0.0,0.0
West,2012-10-22,2012-10-28,20,0.0,0.0,0.0
West,2012-10-29,2012-11-04,20,0.0,0.0,0.0
West,2012-11-05,2012-11-11,20,0.0,0.0,0.0
West,2012-11-12,2012-11-18,20,0.0,0.0,0.0
West,2012-11-19,2012-11-25,20,0.0,0.0,0.0
West,2012-11-26,2012-12-02,20,0.0,0.0,0.0
West,2012-12-03,2012-12-09,20,0.0,0.0,0.0
West,2012-12-10,2012-12-16,20,0.0,0.0,0.0
West,2012-12-17,2012-12-23,20,0.0,0.0,0.0
West,2012-12-24,2012-12-30,20,0.0,0.0,0.0
West,2012-12-31,2013-01-06,20,0.0,0.0,0.0
West,2013-01-07,2013-01-13,20,0.0,0.0,0.0
West,2013-01-14,2013-01-20,20,0.0,0.0,0.0
West,2013-01-21,2013-01-27,20,0.0,0.0,0.0
West,2013-01-28,2013-02-03,20,0.0,0.0,0.0
West,2013-02-04,2013-02-10,20,0.0,0.0,0.0
West,2013-02-11,2013-02-17,20,0.0,0.0,0.0
West,2013-02-18,2013-02-24,20,0.0,0.0,0.0
West,2013-02-25,2013-03-03,20,0.0,0.0,0.0
West,2013-03-04,2013-03-10,20,0.0,1.0,0.0
West,2013-03-11,2013-03-17,20,0.0,0.0,0.0
West,2013-03-18,2013-03-24,20,0.0,0.0,0.0
West,2013-03-25,2013-03-31,20,0.0,1.0,0.0
West,2013-04-01,2013-04-07,20,0.0,0.0,0.0
West,2013-04-08,2013-04-14,20,0.0,0.0,0.0
West,2013-04-15,2013-04-21,20,0.0,0.0,0.0
West,2013-04-22,2013-04-28,20,0.0,0.0,0.0
West,2013-04-29,2013-05-05,20,0.0,0.0,0.0
West,2013-05-06,2013-05-12,20,0.0,0.0,0.0
West,2013-05-13,2013-05-19,20,0.0,0.0,0.0
West,2013-05-20,2013-05-26,20,0.0,0.0,0.0
West,2013-05-27,2013-06-02,20,0.0,0.0,0.0
West,2013-06-03,2013-06-09,20,0.0,0.0,0.0
West,2013-06-10,2013-06-16,20,0.0,0.0,0.0
West,2013-06-17,2013-06-23,20,0.0,0.0,0.0
West,2013-06-24,2013-06-30,20,0.0,0.0,0.0
West,2013-07-01,2013-07-07,20,0.0,0.0,0.0
West,2013-07-08,2013-07-14,20,0.0,0.0,0.0
West,2013-07-15,2013-07-21,20,0.0,0.0,0.0
West,2013-07-22,2013-07-28,20,0.0,0.0,0.0
West,2013-07-29,2013-08-04,20,0.0,0.0,0.0
West,2013-08-05,2013-08-11,20,0.0,0.0,0.0
West,2013-08-12,2013-08-18,20,0.0,0.0,0.0
West,2013-08-19,2013-08-25,20,0.0,0.0,0.0
West,2013-08-26,2013-09-01,20,0.0,0.0,0.0
West,2013-09-02,2013-09-08,20,0.0,0.0,0.0
West,2013-09-09,2013-09-15,20,0.0,1.0,0.0
West,2013-09-16,2013-09-22,20,0.0,0.0,0.0
West,2013-09-23,2013-09-29,20,0.0,0.0,0.0
West,2013-09-30,2013-10-06,20,0.0,0.0,0.0
West,2013-10-07,2013-10-13,20,0.0,0.0,0.0
West,2013-10-14,2013-10-20,20,0.0,0.0,0.0
West,2013-10-21,2013-10-27,20,0.0,0.0,0.0
West,2013-10-28,2013-11-03,20,0.0,0.0,0.0
West,2013-11-04,2013-11-10,20,0.0,0.0,0.0
West,2013-11-11,2013-11-17,20,0.0,0.0,0.0
West,2013-11-18,2013-11-24,20,0.0,0.0,0.0
West,2013-11-25,2013-12-01,20,0.0,0.0,0.0
West,2013-12-02,2013-12-08,20,0.0,0.0,0.0
West,2013-12-09,2013-12-15,20,0.0,0.0,0.0
West,2013-12-16,2013-12-22,20,0.0,0.0,0.0
West,2013-12-23,2013-12-29,20,0.0,0.0,0.0
West,2013-12-30,2014-01-05,20,0.0,0.0,0.0
West,2014-01-06,2014-01-12,20,0.0,1.0,0.0
West,2014-01-13,2014-01-19,20,0.0,1.0,0.0
West,2014-01-20,2014-01-26,20,0.0,0.0,0.0
West,2014-01-27,2014-02-02,20,0.0,0.0,0.0
West,2014-02-03,2014-02-09,20,0.0,0.0,0.0
West,2014-02-10,2014-02-16,20,0.0,0.0,0.0
West,2014-02-17,2014-02-23,20,0.0,0.0,0.0
West,2014-02-24,2014-03-02,20,0.0,0.0,0.0
West,2014-03-03,2014-03-09,20,0.0,0.0,0.0
West,2014-03-10,2014-03-16,20,0.0,0.0,0.0
West,2014-03-17,2014-03-23,20,0.0,0.0,0.0
West,2014-03-24,2014-03-30,20,0.0,0.0,0.0
West,2014-03-31,2014-04-06,20,0.0,0.0,0.0
West,2014-04-07,2014-04-13,20,0.0,0.0,0.0
West,2014-04-14,2014-04-20,20,0.0,0.0,0.0
West,2014-04-21,2014-04-27,20,0.0,0.0,0.0
West,2014-04-28,2014-05-04,20,0.0,0.0,0.0
West,2014-05-05,2014-05-11,20,0.0,0.0,0.0
West,2014-05-12,2014-05-18,20,0.0,0.0,0.0
West,2014-05-19,2014-05-25,20,0.0,1.0,0.0
West,2014-05-26,2014-06-01,20,0.0,1.0,0.0
West,2014-06-02,2014-06-08,20,0.0,0.0,0.0
West,2014-06-09,2014-06-15,20,0.0,0.0,0.0
West,2014-06-16,2014-06-22,20,0.0,0.0,0.0
West,2014-06-23,2014-06-29,20,0.0,0.0,0.0
West,2014-06-30,2014-07-06,20,0.0,0.0,0.0
West,2014-07-07,2014-07-13,20,0.0,0.0,0.0
West,2014-07-14,2014-07-20,20,0.0,0.0,0.0
West,2014-07-21,2014-07-27,20,0.0,0.0,0.0
West,2014-07-28,2014-08-03,20,0.0,0.0,0.0
West,2014-08-04,2014-08-10,20,0.0,0.0,0.0
West,2014-08-11,2014-08-17,20,0.0,0.0,0.0
West,2014-08-18,2014-08-24,20,0.0,0.0,0.0
West,2014-08-25,2014-08-31,20,0.0,1.0,0.0
West,2014-09-01,2014-09-07,20,0.0,0.0,0.0
West,2014-09-08,2014-09-14,20,0.0,0.0,0.0
West,2014-09-15,2014-09-21,20,0.0,0.0,0.0
West,2014-09-22,2014-09-28,20,0.0,0.0,0.0
West,2014-09-29,2014-10-05,20,0.0,0.0,0.0
West,2014-10-06,2014-10-12,20,0.0,0.0,0.0
West,2014-10-13,2014-10-19,20,0.0,0.0,0.0
West,2014-10-20,2014-10-26,20,0.0,0.0,0.0
West,2014-10-27,2014-11-02,20,0.0,0.0,0.0
West,2014-11-03,2014-11-09,20,0.0,0.0,0.0
West,2014-11-10,2014-11-16,20,0.0,0.0,0.0
West,2014-11-17,2014-11-23,20,0.0,0.0,0.0
West,2014-11-24,2014-11-30,20,0.0,0.0,0.0
West,2014-12-01,2014-12-07,20,0.0,0.0,0.0
West,2014-12-08,2014-12-14,20,0.0,0.0,0.0
West,2014-12-15,2014-12-21,20,0.0,0.0,0.0
West,2014-12-22,2014-12-28,20,0.0,0.0,0.0
West,2014-12-29,2015-01-04,20,0.0,0.0,0.0
West,2015-01-05,2015-01-11,20,0.0,0.0,0.0
West,2015-01-12,2015-01-18,20,0.0,0.0,0.0
West,2015-01-19,2015-01-25,20,0.0,0.0,0.0
West,2015-01-26,2015-02-01,20,0.0,0.0,0.0
West,2015-02-02,2015-02-08,20,0.0,0.0,0.0
West,2015-02-09,2015-02-15,20,0.0,0.0,0.0
West,2015-02-16,2015-02-22,20,0.0,0.0,0.0
West,2015-02-23,2015-03-01,20,0.0,0.0,0.0
West,2015-03-02,2015-03-08,20,0.0,1.0,0.0
West,2015-03-09,2015-03-15,20,0.0,0.0,0.0
West,2015-03-16,2015-03-22,20,0.0,0.0,0.0
West,2015-03-23,2015-03-29,20,0.0,0.0,0.0
West,2015-03-30,2015-04-05,20,0.0,0.0,0.0
West,2015-04-06,2015-04-12,20,0.0,0.0,0.0
West,2015-04-13,2015-04-19,20,0.0,0.0,0.0
West,2015-04-20,2015-04-26,20,0.0,0.0,0.0
West,2015-04-27,2015-05-03,20,0.0,0.0,0.0
West,2015-05-04,2015-05-10,20,0.0,0.0,0.0
West,2015-05-11,2015-05-17,20,0.0,0.0,0.0
West,2015-05-18,2015-05-24,20,0.0,0.0,0.0
West,2015-05-25,2015-05-31,20,0.0,0.0,0.0
West,2015-06-01,2015-06-07,20,0.0,0.0,0.0
West,2015-06-08,2015-06-14,20,0.0,0.0,0.0
West,2015-06-15,2015-06-21,20,0.0,0.0,0.0
West,2015-06-22,2015-06-28,20,0.0,0.0,0.0
West,2015-06-29,2015-07-05,20,0.0,0.0,0.0
West,2015-07-06,2015-07-12,20,0.0,0.0,0.0
West,2015-07-13,2015-07-19,20,0.0,0.0,0.0
West,2015-07-20,2015-07-26,20,0.0,0.0,0.0
West,2015-07-27,2015-08-02,20,0.0,0.0,0.0
West,2015-08-03,2015-08-09,20,0.0,0.0,0.0
West,2015-08-10,2015-08-16,20,0.0,0.0,0.0
West,2015-08-17,2015-08-23,20,0.0,0.0,0.0
West,2015-08-24,2015-08-30,20,0.0,0.0,0.0
West,2015-08-31,2015-09-06,20,0.0,0.0,0.0
West,2015-09-07,2015-09-13,20,0.0,0.0,0.0
West,2015-09-14,2015-09-20,20,0.0,0.0,0.0
West,2015-09-21,2015-09-27,20,0.0,0.0,0.0
West,2015-09-28,2015-10-04,20,0.0,0.0,0.0
West,2015-10-05,2015-10-11,20,0.0,0.0,0.0
West,2015-10-12,2015-10-18,20,0.0,0.0,0.0
West,2015-10-19,2015-10-25,20,0.0,0.0,0.0
West,2015-10-26,2015-11-01,20,0.0,0.0,0.0
West,2015-11-02,2015-11-08,20,0.0,0.0,0.0
West,2015-11-09,2015-11-15,20,0.0,0.0,0.0
West,2015-11-16,2015-11-22,20,0.0,0.0,0.0
West,2015-11-23,2015-11-29,20,0.0,0.0,0.0
West,2015-11-30,2015-12-06,20,0.0,0.0,0.0
West,2015-12-07,2015-12-13,20,0.0,0.0,0.0
West,2015-12-14,2015-12-20,20,0.0,0.0,0.0
West,2015-12-21,2015-12-27,20,0.0,0.0,0.0
West,2016-01-04,2016-01-10,20,0.0,0.0,0.0
West,2016-01-11,2016-01-17,20,0.0,0.0,0.0
West,2016-01-18,2016-01-24,20,0.0,0.0,0.0
West,2016-01-25,2016-01-31,20,0.0,0.0,0.0
West,2016-02-01,2016-02-07,20,0.0,0.0,0.0
West,2016-02-08,2016-02-14,20,0.0,0.0,0.0
West,2016-02-15,2016-02-21,20,0.0,0.0,0.0
West,2016-02-22,2016-02-28,20,0.0,0.0,0.0
West,2016-02-29,2016-03-06,20,0.0,0.0,0.0
West,2016-03-07,2016-03-13,20,0.0,0.0,0.0
West,2016-03-14,2016-03-20,20,0.0,0.0,0.0
West,2016-03-21,2016-03-27,20,0.0,0.0,0.0
West,2016-03-28,2016-04-03,20,0.0,0.0,0.0
West,2016-04-04,2016-04-10,20,0.0,0.0,0.0
West,2016-04-11,2016-04-17,20,0.0,0.0,0.0
West,2016-04-18,2016-04-24,20,0.0,0.0,0.0
West,2016-04-25,2016-05-01,20,0.0,0.0,0.0
West,2016-05-02,2016-05-08,20,0.0,0.0,0.0
West,2016-05-09,2016-05-15,20,0.0,0.0,0.0
West,2016-05-16,2016-05-22,20,0.0,0.0,0.0
West,2016-05-23,2016-05-29,20,0.0,0.0,0.0
West,2016-05-30,2016-06-05,20,0.0,0.0,0.0
West,2016-06-06,2016-06-12,20,0.0,0.0,0.0
West,2016-06-13,2016-06-19,20,0.0,0.0,0.0
West,2016-06-20,2016-06-26,20,0.0,0.0,0.0
West,2016-06-27,2016-07-03,20,0.0,0.0,0.0
West,2016-07-04,2016-07-10,20,0.0,0.0,0.0
West,2016-07-11,2016-07-17,20,0.0,0.0,0.0
West,2016-07-18,2016-07-24,20,0.0,0.0,0.0
West,2016-07-25,2016-07-31,20,0.0,0.0,0.0
West,2016-08-01,2016-08-07,20,0.0,0.0,0.0
West,2016-08-08,2016-08-14,20,0.0,0.0,0.0
West,2016-08-15,2016-08-21,20,0.0,0.0,0.0
West,2016-08-22,2016-08-28,20,0.0,0.0,0.0
West,2016-08-29,2016-09-04,20,0.0,0.0,0.0
West,2016-09-05,2016-09-11,20,0.0,0.0,0.0
West,2016-09-12,2016-09-18,20,0.0,0.0,0.0
West,2016-09-19,2016-09-25,20,0.0,0.0,0.0
West,2016-09-26,2016-10-02,20,0.0,0.0,0.0
West,2016-10-03,2016-10-09,20,0.0,0.0,0.0
West,2016-10-10,2016-10-16,20,0.0,0.0,0.0
West,2016-10-17,2016-10-23,20,0.0,0.0,0.0
West,2016-10-24,2016-10-30,20,0.0,0.0,0.0
West,2016-10-31,2016-11-06,20,0.0,0.0,0.0
West,2016-11-07,2016-11-13,20,0.0,0.0,0.0
West,2016-11-14,2016-11-20,20,0.0,0.0,0.0
West,2016-11-21,2016-11-27,20,0.0,0.0,0.0
West,2016-11-28,2016-12-04,20,0.0,0.0,0.0
West,2016-12-05,2016-12-11,20,0.0,0.0,0.0
West,2016-12-12,2016-12-18,20,0.0,0.0,0.0
West,2016-12-19,2016-12-25,20,0.0,0.0,0.0
West,2016-12-26,2017-01-01,20,0.0,0.0,0.0
West,2017-01-02,2017-01-08,20,0.0,0.0,0.0
West,2017-01-09,2017-01-15,20,0.0,0.0,0.0
West,2017-01-16,2017-01-22,20,0.0,1.0,0.0
West,2017-01-23,2017-01-29,20,0.0,0.0,0.0
West,2017-01-30,2017-02-05,20,0.0,0.0,0.0
West,2017-02-06,2017-02-12,20,0.0,0.0,0.0
West,2017-02-13,2017-02-19,20,0.0,0.0,0.0
West,2017-02-20,2017-02-26,20,0.0,0.0,0.0
West,2017-02-27,2017-03-05,20,0.0,0.0,0.0
West,2017-03-06,2017-03-12,20,0.0,0.0,0.0
West,2017-03-13,2017-03-19,20,0.0,0.0,0.0
West,2017-03-20,2017-03-26,20,0.0,0.0,0.0
West,2017-03-27,2017-04-02,20,0.0,0.0,0.0
West,2017-04-03,2017-04-09,20,0.0,0.0,0.0
West,2017-04-10,2017-04-16,20,0.0,0.0,0.0
West,2017-04-17,2017-04-23,20,0.0,0.0,0.0
West,2017-04-24,2017-04-30,20,0.0,0.0,0.0
West,2017-05-01,2017-05-07,20,0.0,0.0,0.0
West,2017-05-08,2017-05-14,20,0.0,0.0,0.0
West,2017-05-15,2017-05-21,20,0.0,0.0,0.0
West,2017-05-22,2017-05-28,20,0.0,0.0,0.0
West,2017-05-29,2017-06-04,20,0.0,0.0,0.0
West,2017-06-05,2017-06-11,20,0.0,0.0,0.0
West,2017-06-12,2017-06-18,20,0.0,0.0,0.0
West,2017-06-19,2017-06-25,20,0.0,0.0,0.0
West,2017-06-26,2017-07-02,20,0.0,0.0,0.0
West,2017-07-03,2017-07-09,20,0.0,0.0,0.0
West,2017-07-10,2017-07-16,20,0.0,0.0,0.0
West,2017-07-17,2017-07-23,20,0.0,0.0,0.0
West,2017-07-24,2017-07-30,20,0.0,0.0,0.0
West,2017-07-31,2017-08-06,20,0.0,0.0,0.0
West,2017-08-07,2017-08-13,20,0.0,0.0,0.0
West,2017-08-14,2017-08-20,20,0.0,0.0,0.0
West,2017-08-21,2017-08-27,20,0.0,0.0,0.0
West,2017-08-28,2017-09-03,20,0.0,0.0,0.0
West,2017-09-04,2017-09-10,20,0.0,0.0,0.0
West,2017-09-11,2017-09-17,20,0.0,0.0,0.0
West,2017-09-18,2017-09-24,20,0.0,0.0,0.0
West,2017-09-25,2017-10-01,20,0.0,0.0,0.0
West,2017-10-02,2017-10-08,20,0.0,0.0,0.0
West,2017-10-09,2017-10-15,20,0.0,0.0,0.0
West,2017-10-16,2017-10-22,20,0.0,0.0,0.0
West,2017-10-23,2017-10-29,20,0.0,0.0,0.0
West,2017-10-30,2017-11-05,20,0.0,0.0,0.0
West,2017-11-06,2017-11-12,20,0.0,0.0,0.0
West,2017-11-13,2017-11-19,20,0.0,0.0,0.0
West,2017-11-20,2017-11-26,20,0.0,0.0,0.0
West,2017-11-27,2017-12-03,20,0.0,0.0,0.0
West,2017-12-04,2017-12-10,20,0.0,0.0,0.0
West,2017-12-11,2017-12-17,20,0.0,0.0,0.0
West,2017-12-18,2017-12-24,20,0.0,0.0,0.0
West,2017-12-25,2017-12-31,20,0.0,0.0,0.0
West,2018-01-01,2018-01-07,19,0.0,0.0,0.0
West,2018-01-01,2018-12-30,18,0.0,2.0,0.0
West,2018-01-08,2018-01-14,19,0.0,0.0,0.0
West,2018-01-15,2018-01-21,19,0.0,0.0,0.0
West,2018-01-22,2018-01-28,19,0.0,0.0,0.0
West,2018-01-29,2018-02-04,19,0.0,0.0,0.0
West,2018-02-05,2018-02-11,19,0.0,0.0,0.0
West,2018-02-12,2018-02-18,19,0.0,0.0,0.0
West,2018-02-19,2018-02-25,19,0.0,0.0,0.0
West,2018-02-26,2018-03-04,19,0.0,0.0,0.0
West,2018-03-05,2018-03-11,19,0.0,0.0,0.0
West,2018-03-12,2018-03-18,19,0.0,0.0,0.0
West,2018-03-19,2018-03-25,19,0.0,0.0,0.0
West,2018-03-26,2018-04-01,19,0.0,0.0,0.0
West,2018-04-02,2018-04-08,19,0.0,0.0,0.0
West,2018-04-09,2018-04-15,19,0.0,0.0,0.0
West,2018-04-16,2018-04-22,19,0.0,0.0,0.0
West,2018-04-23,2018-04-29,19,0.0,0.0,0.0
West,2018-04-30,2018-05-06,19,0.0,0.0,0.0
West,2018-05-07,2018-05-13,19,0.0,0.0,0.0
West,2018-05-14,2018-05-20,19,0.0,0.0,0.0
West,2018-05-21,2018-05-27,19,0.0,0.0,0.0
West,2018-05-28,2018-06-03,19,0.0,0.0,0.0
West,2018-06-04,2018-06-10,19,0.0,0.0,0.0
West,2018-06-11,2018-06-17,19,0.0,0.0,0.0
West,2018-06-18,2018-06-24,19,0.0,0.0,0.0
West,2018-06-25,2018-07-01,19,0.0,0.0,0.0
West,2018-07-02,2018-07-08,19,0.0,0.0,0.0
West,2018-07-09,2018-07-15,19,0.0,0.0,0.0
West,2018-07-16,2018-07-22,19,0.0,0.0,0.0
West,2018-07-23,2018-07-29,19,0.0,4.0,0.0
West,2018-07-30,2018-08-05,19,0.0,0.0,0.0
West,2018-08-06,2018-08-12,19,0.0,0.0,0.0
West,2018-08-13,2018-08-19,19,0.0,0.0,0.0
West,2018-08-20,2018-08-26,18,0.0,0.0,0.0
West,2018-08-27,2018-09-02,19,0.0,0.0,0.0
West,2018-09-03,2018-09-09,19,0.0,0.0,0.0
West,2018-09-10,2018-09-16,19,0.0,0.0,0.0
West,2018-09-17,2018-09-23,19,0.0,0.0,0.0
West,2018-09-24,2018-09-30,19,0.0,0.0,0.0
West,2018-10-01,2018-10-07,19,0.0,0.0,0.0
West,2018-10-08,2018-10-14,19,0.0,0.0,0.0
West,2018-10-15,2018-10-21,19,0.0,0.0,0.0
West,2018-10-22,2018-10-28,19,0.0,0.0,0.0
West,2018-10-29,2018-11-04,19,0.0,0.0,0.0
West,2018-11-05,2018-11-11,19,0.0,0.0,0.0
West,2018-11-12,2018-11-18,19,0.0,0.0,0.0
West,2018-11-19,2018-11-25,19,0.0,0.0,0.0
West,2018-11-26,2018-12-02,19,0.0,0.0,0.0
West,2018-12-10,2018-12-16,19,0.0,0.0,0.0
West,2018-12-17,2018-12-23,19,0.0,0.0,0.0
West,2018-12-24,2018-12-30,19,0.0,0.0,0.0
West,2018-12-31,2019-01-06,19,0.0,0.0,0.0
West,2018-12-31,2019-12-29,18,0.0,0.0,0.0
West,2019-01-07,2019-01-13,19,0.0,0.0,0.0
West,2019-01-14,2019-01-20,19,0.0,0.0,0.0
West,2019-01-21,2019-01-27,19,0.0,0.0,0.0
West,2019-01-28,2019-02-03,19,0.0,0.0,0.0
West,2019-02-04,2019-02-10,19,0.0,0.0,0.0
West,2019-02-11,2019-02-17,19,0.0,0.0,0.0
West,2019-02-18,2019-02-24,19,0.0,0.0,0.0
West,2019-02-25,2019-03-03,19,0.0,0.0,0.0
West,2019-03-04,2019-03-10,19,0.0,0.0,0.0
West,2019-03-11,2019-03-17,19,0.0,0.0,0.0
West,2019-03-18,2019-03-24,19,0.0,0.0,0.0
West,2019-05-13,2019-05-19,19,0.0,0.0,0.0
West,2021-10-25,2022-07-03,1,4.0,82.0,0.0
West,2022-01-03,2022-07-03,1,0.0,78.0,0.0
West,2022-04-11,2022-04-17,1,0.0,0.0,0.0
West,2022-04-18,2022-04-24,1,0.0,0.0,0.0
West,2022-04-25,2022-05-01,1,0.0,0.0,0.0
West,2022-05-02,2022-05-08,1,0.0,0.0,0.0
West,2022-05-09,2022-05-15,1,0.0,14.0,0.0
West,2022-05-16,2022-05-22,1,0.0,14.0,0.0
West,2022-05-20,2022-06-02,1,0.0,15.0,0.0
West,2022-05-23,2022-05-29,1,0.0,0.0,0.0
West,2022-05-30,2022-06-05,1,0.0,20.0,0.0
West,2022-06-06,2022-06-12,1,0.0,0.0,0.0
West,2022-06-13,2022-06-19,1,0.0,23.0,0.0
West,2022-06-20,2022-06-26,1,0.0,0.0,0.0
West,2022-06-27,2022-07-03,1,0.0,5.0,0.0
West,2022-08-29,2022-09-08,1,0.0,2.0,0.0
West,2022-09-16,2022-09-22,1,0.0,2.0,0.0
West,2022-10-07,2022-10-13,1,0.0,2.0,0.0
West,2022-10-28,2022-11-03,1,0.0,2.0,0.0
West,2022-11-18,2022-11-24,1,0.0,1.0,0.0
West,2022-12-02,2022-12-08,1,0.0,2.0,0.0
