Region,TL,TR,reporting_date,sCh,cCh,deaths,CFR
Adamaoua,2010-01-04,2010-01-10,2010-01-10,0,0,0,0.0
Adamaoua,2010-01-11,2010-01-17,2010-01-17,0,0,0,0.0
Adamaoua,2010-01-18,2010-01-24,2010-01-24,0,0,0,0.0
Adamaoua,2010-01-25,2010-01-31,2010-01-31,19,0,0,0.0
Adamaoua,2010-02-01,2010-02-07,2010-02-07,0,0,0,0.0
Adamaoua,2010-02-08,2010-02-14,2010-02-14,24,15,0,0.0
Adamaoua,2010-02-15,2010-02-21,2010-02-21,0,0,0,0.0
Adamaoua,2010-02-22,2010-02-28,2010-02-28,5,3,0,0.0
Adamaoua,2010-03-01,2010-03-07,2010-03-07,0,0,0,0.0
Adamaoua,2010-03-08,2010-03-14,2010-03-14,0,0,0,0.0
Adamaoua,2010-03-15,2010-03-21,2010-03-21,54,0,0,0.0
Adamaoua,2010-03-22,2010-03-28,2010-03-28,74,26,1,3.8461538461538463
Adamaoua,2010-03-29,2010-04-04,2010-04-04,0,0,0,0.0
Adamaoua,2010-04-05,2010-04-11,2010-04-11,156,46,1,2.1739130434782608
Adamaoua,2010-04-12,2010-04-18,2010-04-18,104,37,0,0.0
Adamaoua,2010-04-19,2010-04-25,2010-04-25,22,13,0,0.0
Adamaoua,2010-04-26,2010-05-02,2010-05-02,0,0,0,0.0
Adamaoua,2010-05-03,2010-05-09,2010-05-09,0,0,0,0.0
Adamaoua,2010-05-10,2010-05-16,2010-05-16,0,0,0,0.0
Adamaoua,2010-05-17,2010-05-23,2010-05-23,0,0,0,0.0
Adamaoua,2010-05-24,2010-05-30,2010-05-30,66,20,0,0.0
Adamaoua,2010-05-31,2010-06-06,2010-06-06,0,0,0,0.0
Adamaoua,2010-06-07,2010-06-13,2010-06-13,61,0,0,0.0
Adamaoua,2010-06-14,2010-06-20,2010-06-20,65,0,0,0.0
Adamaoua,2010-06-21,2010-06-27,2010-06-27,0,0,0,0.0
Adamaoua,2010-06-28,2010-07-04,2010-07-04,98,48,1,2.083333333333333
Adamaoua,2010-07-05,2010-07-11,2010-07-11,15,6,0,0.0
Adamaoua,2010-07-12,2010-07-18,2010-07-18,194,95,1,1.0526315789473684
Adamaoua,2010-07-19,2010-07-25,2010-07-25,23,0,0,0.0
Adamaoua,2010-07-26,2010-08-01,2010-08-01,0,0,0,0.0
Adamaoua,2010-08-02,2010-08-08,2010-08-08,107,39,1,2.564102564102564
Adamaoua,2010-08-09,2010-08-15,2010-08-15,0,0,0,0.0
Adamaoua,2010-08-16,2010-08-22,2010-08-22,0,0,0,0.0
Adamaoua,2010-08-23,2010-08-29,2010-08-29,53,5,0,0.0
Adamaoua,2010-08-30,2010-09-05,2010-09-05,0,0,0,0.0
Adamaoua,2010-09-06,2010-09-12,2010-09-12,48,25,1,4.0
Adamaoua,2010-09-13,2010-09-19,2010-09-19,13,6,0,0.0
Adamaoua,2010-09-20,2010-09-26,2010-09-26,19,9,0,0.0
Adamaoua,2010-09-27,2010-10-03,2010-10-03,31,0,0,0.0
Adamaoua,2010-10-04,2010-10-10,2010-10-10,0,0,0,0.0
Adamaoua,2010-10-11,2010-10-17,2010-10-17,0,0,0,0.0
Adamaoua,2010-10-18,2010-10-24,2010-10-24,0,0,0,0.0
Adamaoua,2010-10-25,2010-10-31,2010-10-31,23,8,0,0.0
Adamaoua,2010-11-01,2010-11-07,2010-11-07,36,19,0,0.0
Adamaoua,2010-11-08,2010-11-14,2010-11-14,0,0,0,0.0
Adamaoua,2010-11-15,2010-11-21,2010-11-21,49,24,1,4.166666666666666
Adamaoua,2010-11-22,2010-11-28,2010-11-28,0,0,0,0.0
Adamaoua,2010-11-29,2010-12-05,2010-12-05,41,0,0,0.0
Adamaoua,2010-12-06,2010-12-12,2010-12-12,26,13,0,0.0
Adamaoua,2010-12-13,2010-12-19,2010-12-19,0,0,0,0.0
Adamaoua,2010-12-20,2010-12-26,2010-12-26,0,0,0,0.0
Adamaoua,2010-12-27,2011-01-02,2011-01-02,23,6,0,0.0
Adamaoua,2011-01-01,2011-09-22,2011-09-22,197,72,4,5.555555555555555
Adamaoua,2011-01-03,2011-01-09,2011-01-09,34,16,0,0.0
Adamaoua,2011-01-10,2011-01-16,2011-01-16,48,0,0,0.0
Adamaoua,2011-01-17,2011-01-23,2011-01-23,26,8,0,0.0
Adamaoua,2011-01-24,2011-01-30,2011-01-30,0,0,0,0.0
Adamaoua,2011-01-31,2011-02-06,2011-02-06,0,0,0,0.0
Adamaoua,2011-02-07,2011-02-13,2011-02-13,0,0,0,0.0
Adamaoua,2011-02-14,2011-02-20,2011-02-20,0,0,0,0.0
Adamaoua,2011-02-21,2011-02-27,2011-02-27,0,0,0,0.0
Adamaoua,2011-02-28,2011-03-06,2011-03-06,0,0,0,0.0
Adamaoua,2011-03-07,2011-03-13,2011-03-13,0,0,0,0.0
Adamaoua,2011-03-14,2011-03-20,2011-03-20,49,16,0,0.0
Adamaoua,2011-03-21,2011-03-27,2011-03-27,7,3,0,0.0
Adamaoua,2011-03-28,2011-04-03,2011-04-03,23,14,0,0.0
Adamaoua,2011-04-04,2011-04-10,2011-04-10,0,0,0,0.0
Adamaoua,2011-04-11,2011-04-17,2011-04-17,43,13,0,0.0
Adamaoua,2011-04-18,2011-04-24,2011-04-24,101,15,0,0.0
Adamaoua,2011-04-25,2011-05-01,2011-05-01,56,17,1,5.88235294117647
Adamaoua,2011-05-02,2011-05-08,2011-05-08,0,0,0,0.0
Adamaoua,2011-05-09,2011-05-15,2011-05-15,70,13,0,0.0
Adamaoua,2011-05-16,2011-05-22,2011-05-22,0,0,0,0.0
Adamaoua,2011-05-23,2011-05-29,2011-05-29,34,0,0,0.0
Adamaoua,2011-05-30,2011-06-05,2011-06-05,87,31,1,3.225806451612903
Adamaoua,2011-06-06,2011-06-12,2011-06-12,41,18,0,0.0
Adamaoua,2011-06-13,2011-06-19,2011-06-19,68,0,0,0.0
Adamaoua,2011-06-20,2011-06-26,2011-06-26,44,26,1,3.8461538461538463
Adamaoua,2011-06-27,2011-07-03,2011-07-03,0,0,0,0.0
Adamaoua,2011-07-04,2011-07-10,2011-07-10,48,0,0,0.0
Adamaoua,2011-07-11,2011-07-17,2011-07-17,145,0,0,0.0
Adamaoua,2011-07-18,2011-07-24,2011-07-24,190,68,3,4.411764705882353
Adamaoua,2011-07-25,2011-07-31,2011-07-31,67,0,0,0.0
Adamaoua,2011-08-01,2011-08-07,2011-08-07,53,19,0,0.0
Adamaoua,2011-08-08,2011-08-14,2011-08-14,53,23,0,0.0
Adamaoua,2011-08-15,2011-08-21,2011-08-21,111,10,0,0.0
Adamaoua,2011-08-22,2011-08-28,2011-08-28,268,38,0,0.0
Adamaoua,2011-08-29,2011-09-04,2011-09-04,0,0,0,0.0
Adamaoua,2011-09-05,2011-09-11,2011-09-11,204,57,1,1.7543859649122806
Adamaoua,2011-09-12,2011-09-18,2011-09-18,118,13,0,0.0
Adamaoua,2011-09-19,2011-09-25,2011-09-25,22,12,0,0.0
Adamaoua,2011-09-26,2011-10-02,2011-10-02,225,96,1,1.0416666666666665
Adamaoua,2011-10-03,2011-10-09,2011-10-09,135,29,1,3.4482758620689653
Adamaoua,2011-10-10,2011-10-16,2011-10-16,67,23,0,0.0
Adamaoua,2011-10-17,2011-10-23,2011-10-23,129,39,0,0.0
Adamaoua,2011-10-24,2011-10-30,2011-10-30,0,0,0,0.0
Adamaoua,2011-10-31,2011-11-06,2011-11-06,0,0,0,0.0
Adamaoua,2011-11-07,2011-11-13,2011-11-13,91,15,0,0.0
Adamaoua,2011-11-14,2011-11-20,2011-11-20,0,0,0,0.0
Adamaoua,2011-11-21,2011-11-27,2011-11-27,51,32,0,0.0
Adamaoua,2011-11-28,2011-12-04,2011-12-04,0,0,0,0.0
Adamaoua,2011-12-05,2011-12-11,2011-12-11,0,0,0,0.0
Adamaoua,2011-12-12,2011-12-18,2011-12-18,0,0,0,0.0
Adamaoua,2011-12-19,2011-12-25,2011-12-25,49,17,0,0.0
Adamaoua,2011-12-26,2012-01-01,2012-01-01,0,0,0,0.0
Adamaoua,2012-01-02,2012-01-08,2012-01-08,28,0,0,0.0
Adamaoua,2012-01-09,2012-01-15,2012-01-15,2,1,0,0.0
Adamaoua,2012-01-16,2012-01-22,2012-01-22,155,0,0,0.0
Adamaoua,2012-01-23,2012-01-29,2012-01-29,58,21,0,0.0
Adamaoua,2012-01-30,2012-02-05,2012-02-05,75,41,1,2.4390243902439024
Adamaoua,2012-02-06,2012-02-12,2012-02-12,65,0,0,0.0
Adamaoua,2012-02-13,2012-02-19,2012-02-19,24,14,0,0.0
Adamaoua,2012-02-20,2012-02-26,2012-02-26,0,0,0,0.0
Adamaoua,2012-02-27,2012-03-04,2012-03-04,88,50,1,2.0
Adamaoua,2012-03-05,2012-03-11,2012-03-11,64,33,0,0.0
Adamaoua,2012-03-12,2012-03-18,2012-03-18,0,0,0,0.0
Adamaoua,2012-03-19,2012-03-25,2012-03-25,0,0,0,0.0
Adamaoua,2012-03-26,2012-04-01,2012-04-01,276,115,3,2.608695652173913
Adamaoua,2012-04-02,2012-04-08,2012-04-08,96,54,1,1.8518518518518516
Adamaoua,2012-04-09,2012-04-15,2012-04-15,106,51,1,1.9607843137254901
Adamaoua,2012-04-16,2012-04-22,2012-04-22,0,0,0,0.0
Adamaoua,2012-04-23,2012-04-29,2012-04-29,0,0,0,0.0
Adamaoua,2012-04-30,2012-05-06,2012-05-06,29,9,0,0.0
Adamaoua,2012-05-07,2012-05-13,2012-05-13,171,97,1,1.0309278350515463
Adamaoua,2012-05-14,2012-05-20,2012-05-20,327,183,5,2.73224043715847
Adamaoua,2012-05-21,2012-05-27,2012-05-27,0,0,0,0.0
Adamaoua,2012-05-28,2012-06-03,2012-06-03,30,19,0,0.0
Adamaoua,2012-06-04,2012-06-10,2012-06-10,0,0,0,0.0
Adamaoua,2012-06-11,2012-06-17,2012-06-17,25,13,0,0.0
Adamaoua,2012-06-18,2012-06-24,2012-06-24,0,0,0,0.0
Adamaoua,2012-06-25,2012-07-01,2012-07-01,182,90,1,1.1111111111111112
Adamaoua,2012-07-02,2012-07-08,2012-07-08,0,0,0,0.0
Adamaoua,2012-07-09,2012-07-15,2012-07-15,5,2,0,0.0
Adamaoua,2012-07-16,2012-07-22,2012-07-22,44,0,0,0.0
Adamaoua,2012-07-23,2012-07-29,2012-07-29,37,10,0,0.0
Adamaoua,2012-07-30,2012-08-05,2012-08-05,228,81,2,2.4691358024691357
Adamaoua,2012-08-06,2012-08-12,2012-08-12,0,0,0,0.0
Adamaoua,2012-08-13,2012-08-19,2012-08-19,0,0,0,0.0
Adamaoua,2012-08-20,2012-08-26,2012-08-26,0,0,0,0.0
Adamaoua,2012-08-27,2012-09-02,2012-09-02,57,30,0,0.0
Adamaoua,2012-09-03,2012-09-09,2012-09-09,0,0,0,0.0
Adamaoua,2012-09-10,2012-09-16,2012-09-16,108,28,1,3.571428571428571
Adamaoua,2012-09-17,2012-09-23,2012-09-23,68,45,1,2.2222222222222223
Adamaoua,2012-09-24,2012-09-30,2012-09-30,0,0,0,0.0
Adamaoua,2012-10-01,2012-10-07,2012-10-07,0,0,0,0.0
Adamaoua,2012-10-08,2012-10-14,2012-10-14,114,47,0,0.0
Adamaoua,2012-10-15,2012-10-21,2012-10-21,231,50,1,2.0
Adamaoua,2012-10-22,2012-10-28,2012-10-28,47,0,0,0.0
Adamaoua,2012-10-29,2012-11-04,2012-11-04,120,25,0,0.0
Adamaoua,2012-11-05,2012-11-11,2012-11-11,0,0,0,0.0
Adamaoua,2012-11-12,2012-11-18,2012-11-18,0,0,0,0.0
Adamaoua,2012-11-19,2012-11-25,2012-11-25,0,0,0,0.0
Adamaoua,2012-11-26,2012-12-02,2012-12-02,0,0,0,0.0
Adamaoua,2012-12-03,2012-12-09,2012-12-09,47,7,1,14.285714285714285
Adamaoua,2012-12-10,2012-12-16,2012-12-16,30,17,0,0.0
Adamaoua,2012-12-17,2012-12-23,2012-12-23,54,17,0,0.0
Adamaoua,2012-12-24,2012-12-30,2012-12-30,32,0,0,0.0
Adamaoua,2012-12-31,2013-01-06,2013-01-06,32,0,0,0.0
Adamaoua,2013-01-07,2013-01-13,2013-01-13,0,0,0,0.0
Adamaoua,2013-01-14,2013-01-20,2013-01-20,40,17,0,0.0
Adamaoua,2013-01-21,2013-01-27,2013-01-27,43,17,0,0.0
Adamaoua,2013-01-28,2013-02-03,2013-02-03,53,26,0,0.0
Adamaoua,2013-02-04,2013-02-10,2013-02-10,0,0,0,0.0
Adamaoua,2013-02-11,2013-02-17,2013-02-17,0,0,0,0.0
Adamaoua,2013-02-18,2013-02-24,2013-02-24,2,0,0,0.0
Adamaoua,2013-02-25,2013-03-03,2013-03-03,0,0,0,0.0
Adamaoua,2013-03-04,2013-03-10,2013-03-10,62,0,0,0.0
Adamaoua,2013-03-11,2013-03-17,2013-03-17,0,0,0,0.0
Adamaoua,2013-03-18,2013-03-24,2013-03-24,103,60,1,1.6666666666666667
Adamaoua,2013-03-25,2013-03-31,2013-03-31,35,9,0,0.0
Adamaoua,2013-04-01,2013-04-07,2013-04-07,0,0,0,0.0
Adamaoua,2013-04-08,2013-04-14,2013-04-14,0,0,0,0.0
Adamaoua,2013-04-15,2013-04-21,2013-04-21,43,0,0,0.0
Adamaoua,2013-04-22,2013-04-28,2013-04-28,152,96,2,2.083333333333333
Adamaoua,2013-04-29,2013-05-05,2013-05-05,0,0,0,0.0
Adamaoua,2013-05-06,2013-05-12,2013-05-12,23,0,0,0.0
Adamaoua,2013-05-13,2013-05-19,2013-05-19,135,46,1,2.1739130434782608
Adamaoua,2013-05-20,2013-05-26,2013-05-26,0,0,0,0.0
Adamaoua,2013-05-27,2013-06-02,2013-06-02,0,0,0,0.0
Adamaoua,2013-06-03,2013-06-09,2013-06-09,60,16,0,0.0
Adamaoua,2013-06-10,2013-06-16,2013-06-16,33,0,0,0.0
Adamaoua,2013-06-17,2013-06-23,2013-06-23,101,18,0,0.0
Adamaoua,2013-06-24,2013-06-30,2013-06-30,92,60,0,0.0
Adamaoua,2013-07-01,2013-07-07,2013-07-07,103,15,0,0.0
Adamaoua,2013-07-08,2013-07-14,2013-07-14,0,0,0,0.0
Adamaoua,2013-07-15,2013-07-21,2013-07-21,0,0,0,0.0
Adamaoua,2013-07-22,2013-07-28,2013-07-28,21,11,0,0.0
Adamaoua,2013-07-29,2013-08-04,2013-08-04,33,1,0,0.0
Adamaoua,2013-08-05,2013-08-11,2013-08-11,96,0,1,0.0
Adamaoua,2013-08-12,2013-08-18,2013-08-18,134,75,1,1.3333333333333335
Adamaoua,2013-08-19,2013-08-25,2013-08-25,0,0,0,0.0
Adamaoua,2013-08-26,2013-09-01,2013-09-01,0,0,0,0.0
Adamaoua,2013-09-02,2013-09-08,2013-09-08,0,0,0,0.0
Adamaoua,2013-09-09,2013-09-15,2013-09-15,40,25,0,0.0
Adamaoua,2013-09-16,2013-09-22,2013-09-22,145,60,1,1.6666666666666667
Adamaoua,2013-09-23,2013-09-29,2013-09-29,0,0,0,0.0
Adamaoua,2013-09-30,2013-10-06,2013-10-06,185,0,0,0.0
Adamaoua,2013-10-07,2013-10-13,2013-10-13,0,0,0,0.0
Adamaoua,2013-10-14,2013-10-20,2013-10-20,36,21,1,4.761904761904762
Adamaoua,2013-10-21,2013-10-27,2013-10-27,0,0,0,0.0
Adamaoua,2013-10-28,2013-11-03,2013-11-03,76,6,0,0.0
Adamaoua,2013-11-04,2013-11-10,2013-11-10,0,0,0,0.0
Adamaoua,2013-11-11,2013-11-17,2013-11-17,25,13,0,0.0
Adamaoua,2013-11-18,2013-11-24,2013-11-24,0,0,0,0.0
Adamaoua,2013-11-25,2013-12-01,2013-12-01,0,0,0,0.0
Adamaoua,2013-12-02,2013-12-08,2013-12-08,90,0,0,0.0
Adamaoua,2013-12-09,2013-12-15,2013-12-15,22,0,0,0.0
Adamaoua,2013-12-16,2013-12-22,2013-12-22,0,0,0,0.0
Adamaoua,2013-12-23,2013-12-29,2013-12-29,0,0,0,0.0
Adamaoua,2013-12-30,2014-01-05,2014-01-05,116,40,1,2.5
Adamaoua,2014-01-06,2014-01-12,2014-01-12,0,0,0,0.0
Adamaoua,2014-01-13,2014-01-19,2014-01-19,0,0,0,0.0
Adamaoua,2014-01-20,2014-01-26,2014-01-26,78,24,0,0.0
Adamaoua,2014-01-27,2014-02-02,2014-02-02,0,0,0,0.0
Adamaoua,2014-02-03,2014-02-09,2014-02-09,0,0,0,0.0
Adamaoua,2014-02-10,2014-02-16,2014-02-16,95,0,0,0.0
Adamaoua,2014-02-17,2014-02-23,2014-02-23,32,17,0,0.0
Adamaoua,2014-02-24,2014-03-02,2014-03-02,76,39,0,0.0
Adamaoua,2014-03-03,2014-03-09,2014-03-09,128,38,1,2.631578947368421
Adamaoua,2014-03-10,2014-03-16,2014-03-16,54,17,0,0.0
Adamaoua,2014-03-17,2014-03-23,2014-03-23,102,31,0,0.0
Adamaoua,2014-03-24,2014-03-30,2014-03-30,0,0,0,0.0
Adamaoua,2014-03-31,2014-04-06,2014-04-06,0,0,0,0.0
Adamaoua,2014-04-07,2014-04-13,2014-04-13,24,0,0,0.0
Adamaoua,2014-04-14,2014-04-20,2014-04-20,0,0,0,0.0
Adamaoua,2014-04-21,2014-04-27,2014-04-27,0,0,0,0.0
Adamaoua,2014-04-28,2014-05-04,2014-05-04,96,22,1,4.545454545454546
Adamaoua,2014-05-05,2014-05-11,2014-05-11,54,32,0,0.0
Adamaoua,2014-05-12,2014-05-18,2014-05-18,196,45,1,2.2222222222222223
Adamaoua,2014-05-19,2014-05-25,2014-05-25,0,0,0,0.0
Adamaoua,2014-05-26,2014-06-01,2014-06-01,0,0,0,0.0
Adamaoua,2014-06-02,2014-06-08,2014-06-08,0,0,0,0.0
Adamaoua,2014-06-09,2014-06-15,2014-06-15,30,14,0,0.0
Adamaoua,2014-06-16,2014-06-22,2014-06-22,185,66,1,1.5151515151515151
Adamaoua,2014-06-23,2014-06-29,2014-06-29,62,0,0,0.0
Adamaoua,2014-06-30,2014-07-06,2014-07-06,0,0,0,0.0
Adamaoua,2014-07-07,2014-07-13,2014-07-13,0,0,0,0.0
Adamaoua,2014-07-14,2014-07-20,2014-07-20,9,5,0,0.0
Adamaoua,2014-07-21,2014-07-27,2014-07-27,0,0,0,0.0
Adamaoua,2014-07-28,2014-08-03,2014-08-03,0,0,0,0.0
Adamaoua,2014-08-04,2014-08-10,2014-08-10,0,0,0,0.0
Adamaoua,2014-08-11,2014-08-17,2014-08-17,40,10,0,0.0
Adamaoua,2014-08-18,2014-08-24,2014-08-24,0,0,0,0.0
Adamaoua,2014-08-25,2014-08-31,2014-08-31,0,0,0,0.0
Adamaoua,2014-09-01,2014-09-07,2014-09-07,122,21,0,0.0
Adamaoua,2014-09-08,2014-09-14,2014-09-14,58,25,1,4.0
Adamaoua,2014-09-15,2014-09-21,2014-09-21,46,0,0,0.0
Adamaoua,2014-09-22,2014-09-28,2014-09-28,0,0,0,0.0
Adamaoua,2014-09-29,2014-10-05,2014-10-05,26,0,0,0.0
Adamaoua,2014-10-06,2014-10-12,2014-10-12,25,15,0,0.0
Adamaoua,2014-10-13,2014-10-19,2014-10-19,0,0,0,0.0
Adamaoua,2014-10-20,2014-10-26,2014-10-26,0,0,0,0.0
Adamaoua,2014-10-27,2014-11-02,2014-11-02,136,0,0,0.0
Adamaoua,2014-11-03,2014-11-09,2014-11-09,0,0,0,0.0
Adamaoua,2014-11-10,2014-11-16,2014-11-16,0,0,0,0.0
Adamaoua,2014-11-17,2014-11-23,2014-11-23,0,0,0,0.0
Adamaoua,2014-11-24,2014-11-30,2014-11-30,14,5,0,0.0
Adamaoua,2014-12-01,2014-12-07,2014-12-07,25,0,0,0.0
Adamaoua,2014-12-08,2014-12-14,2014-12-14,189,65,1,1.5384615384615385
Adamaoua,2014-12-15,2014-12-21,2014-12-21,0,0,0,0.0
Adamaoua,2014-12-22,2014-12-28,2014-12-28,0,0,0,0.0
Adamaoua,2014-12-29,2015-01-04,2015-01-04,139,40,1,2.5
Adamaoua,2015-01-05,2015-01-11,2015-01-11,56,14,0,0.0
Adamaoua,2015-01-12,2015-01-18,2015-01-18,230,60,2,3.3333333333333335
Adamaoua,2015-01-19,2015-01-25,2015-01-25,44,0,1,0.0
Adamaoua,2015-01-26,2015-02-01,2015-02-01,15,0,0,0.0
Adamaoua,2015-02-02,2015-02-08,2015-02-08,39,0,0,0.0
Adamaoua,2015-02-09,2015-02-15,2015-02-15,0,0,0,0.0
Adamaoua,2015-02-16,2015-02-22,2015-02-22,26,0,0,0.0
Adamaoua,2015-02-23,2015-03-01,2015-03-01,0,0,0,0.0
Adamaoua,2015-03-02,2015-03-08,2015-03-08,0,0,0,0.0
Adamaoua,2015-03-09,2015-03-15,2015-03-15,0,0,0,0.0
Adamaoua,2015-03-16,2015-03-22,2015-03-22,53,22,0,0.0
Adamaoua,2015-03-23,2015-03-29,2015-03-29,0,0,0,0.0
Adamaoua,2015-03-30,2015-04-05,2015-04-05,0,0,0,0.0
Adamaoua,2015-04-06,2015-04-12,2015-04-12,47,19,0,0.0
Adamaoua,2015-04-13,2015-04-19,2015-04-19,0,0,0,0.0
Adamaoua,2015-04-20,2015-04-26,2015-04-26,0,0,0,0.0
Adamaoua,2015-04-27,2015-05-03,2015-05-03,0,0,0,0.0
Adamaoua,2015-05-04,2015-05-10,2015-05-10,0,0,0,0.0
Adamaoua,2015-05-11,2015-05-17,2015-05-17,29,0,0,0.0
Adamaoua,2015-05-18,2015-05-24,2015-05-24,0,0,0,0.0
Adamaoua,2015-05-25,2015-05-31,2015-05-31,97,40,0,0.0
Adamaoua,2015-06-01,2015-06-07,2015-06-07,0,0,0,0.0
Adamaoua,2015-06-08,2015-06-14,2015-06-14,0,0,0,0.0
Adamaoua,2015-06-15,2015-06-21,2015-06-21,39,21,0,0.0
Adamaoua,2015-06-22,2015-06-28,2015-06-28,0,0,0,0.0
Adamaoua,2015-06-29,2015-07-05,2015-07-05,0,0,0,0.0
Adamaoua,2015-07-06,2015-07-12,2015-07-12,44,0,0,0.0
Adamaoua,2015-07-13,2015-07-19,2015-07-19,0,0,0,0.0
Adamaoua,2015-07-20,2015-07-26,2015-07-26,102,46,1,2.1739130434782608
Adamaoua,2015-07-27,2015-08-02,2015-08-02,38,20,0,0.0
Adamaoua,2015-08-03,2015-08-09,2015-08-09,5,1,0,0.0
Adamaoua,2015-08-10,2015-08-16,2015-08-16,43,17,0,0.0
Adamaoua,2015-08-17,2015-08-23,2015-08-23,104,66,2,3.0303030303030303
Adamaoua,2015-08-24,2015-08-30,2015-08-30,116,46,1,2.1739130434782608
Adamaoua,2015-08-31,2015-09-06,2015-09-06,170,100,1,1.0
Adamaoua,2015-09-07,2015-09-13,2015-09-13,79,42,0,0.0
Adamaoua,2015-09-14,2015-09-20,2015-09-20,0,0,0,0.0
Adamaoua,2015-09-21,2015-09-27,2015-09-27,75,24,0,0.0
Adamaoua,2015-09-28,2015-10-04,2015-10-04,0,0,0,0.0
Adamaoua,2015-10-05,2015-10-11,2015-10-11,91,50,0,0.0
Adamaoua,2015-10-12,2015-10-18,2015-10-18,55,15,0,0.0
Adamaoua,2015-10-19,2015-10-25,2015-10-25,75,0,1,0.0
Adamaoua,2015-10-26,2015-11-01,2015-11-01,22,0,0,0.0
Adamaoua,2015-11-02,2015-11-08,2015-11-08,122,31,0,0.0
Adamaoua,2015-11-09,2015-11-15,2015-11-15,37,0,0,0.0
Adamaoua,2015-11-16,2015-11-22,2015-11-22,52,0,0,0.0
Adamaoua,2015-11-23,2015-11-29,2015-11-29,0,0,0,0.0
Adamaoua,2015-11-30,2015-12-06,2015-12-06,0,0,0,0.0
Adamaoua,2015-12-07,2015-12-13,2015-12-13,35,0,0,0.0
Adamaoua,2015-12-14,2015-12-20,2015-12-20,0,0,0,0.0
Adamaoua,2015-12-21,2015-12-27,2015-12-27,0,0,0,0.0
Adamaoua,2016-01-04,2016-01-10,2016-01-10,38,22,0,0.0
Adamaoua,2016-01-11,2016-01-17,2016-01-17,15,3,0,0.0
Adamaoua,2016-01-18,2016-01-24,2016-01-24,0,0,0,0.0
Adamaoua,2016-01-25,2016-01-31,2016-01-31,0,0,0,0.0
Adamaoua,2016-02-01,2016-02-07,2016-02-07,23,6,0,0.0
Adamaoua,2016-02-08,2016-02-14,2016-02-14,0,0,0,0.0
Adamaoua,2016-02-15,2016-02-21,2016-02-21,0,0,0,0.0
Adamaoua,2016-02-22,2016-02-28,2016-02-28,10,4,0,0.0
Adamaoua,2016-02-29,2016-03-06,2016-03-06,76,37,1,2.7027027027027026
Adamaoua,2016-03-07,2016-03-13,2016-03-13,235,125,2,1.6
Adamaoua,2016-03-14,2016-03-20,2016-03-20,0,0,0,0.0
Adamaoua,2016-03-21,2016-03-27,2016-03-27,29,8,0,0.0
Adamaoua,2016-03-28,2016-04-03,2016-04-03,0,0,0,0.0
Adamaoua,2016-04-04,2016-04-10,2016-04-10,0,0,0,0.0
Adamaoua,2016-04-11,2016-04-17,2016-04-17,54,30,1,3.3333333333333335
Adamaoua,2016-04-18,2016-04-24,2016-04-24,0,0,0,0.0
Adamaoua,2016-04-25,2016-05-01,2016-05-01,0,0,0,0.0
Adamaoua,2016-05-02,2016-05-08,2016-05-08,250,79,3,3.79746835443038
Adamaoua,2016-05-09,2016-05-15,2016-05-15,82,32,1,3.125
Adamaoua,2016-05-16,2016-05-22,2016-05-22,36,0,0,0.0
Adamaoua,2016-05-23,2016-05-29,2016-05-29,0,0,0,0.0
Adamaoua,2016-05-30,2016-06-05,2016-06-05,27,11,0,0.0
Adamaoua,2016-06-06,2016-06-12,2016-06-12,84,28,0,0.0
Adamaoua,2016-06-13,2016-06-19,2016-06-19,0,0,0,0.0
Adamaoua,2016-06-20,2016-06-26,2016-06-26,76,38,1,2.631578947368421
Adamaoua,2016-06-27,2016-07-03,2016-07-03,0,0,0,0.0
Adamaoua,2016-07-04,2016-07-10,2016-07-10,0,0,0,0.0
Adamaoua,2016-07-11,2016-07-17,2016-07-17,38,23,1,4.3478260869565215
Adamaoua,2016-07-18,2016-07-24,2016-07-24,0,0,0,0.0
Adamaoua,2016-07-25,2016-07-31,2016-07-31,0,0,0,0.0
Adamaoua,2016-08-01,2016-08-07,2016-08-07,0,0,0,0.0
Adamaoua,2016-08-08,2016-08-14,2016-08-14,65,0,0,0.0
Adamaoua,2016-08-15,2016-08-21,2016-08-21,0,0,0,0.0
Adamaoua,2016-08-22,2016-08-28,2016-08-28,0,0,0,0.0
Adamaoua,2016-08-29,2016-09-04,2016-09-04,48,0,0,0.0
Adamaoua,2016-09-05,2016-09-11,2016-09-11,0,0,0,0.0
Adamaoua,2016-09-12,2016-09-18,2016-09-18,150,97,3,3.0927835051546393
Adamaoua,2016-09-19,2016-09-25,2016-09-25,105,33,0,0.0
Adamaoua,2016-09-26,2016-10-02,2016-10-02,106,3,0,0.0
Adamaoua,2016-10-03,2016-10-09,2016-10-09,112,0,0,0.0
Adamaoua,2016-10-10,2016-10-16,2016-10-16,40,21,0,0.0
Adamaoua,2016-10-17,2016-10-23,2016-10-23,101,0,0,0.0
Adamaoua,2016-10-24,2016-10-30,2016-10-30,0,0,0,0.0
Adamaoua,2016-10-31,2016-11-06,2016-11-06,0,0,0,0.0
Adamaoua,2016-11-07,2016-11-13,2016-11-13,0,0,0,0.0
Adamaoua,2016-11-14,2016-11-20,2016-11-20,34,19,0,0.0
Adamaoua,2016-11-21,2016-11-27,2016-11-27,0,0,0,0.0
Adamaoua,2016-11-28,2016-12-04,2016-12-04,16,10,0,0.0
Adamaoua,2016-12-05,2016-12-11,2016-12-11,40,13,0,0.0
Adamaoua,2016-12-12,2016-12-18,2016-12-18,0,0,0,0.0
Adamaoua,2016-12-19,2016-12-25,2016-12-25,0,0,0,0.0
Adamaoua,2016-12-26,2017-01-01,2017-01-01,8,0,0,0.0
Adamaoua,2017-01-02,2017-01-08,2017-01-08,17,0,0,0.0
Adamaoua,2017-01-09,2017-01-15,2017-01-15,41,17,0,0.0
Adamaoua,2017-01-16,2017-01-22,2017-01-22,27,0,0,0.0
Adamaoua,2017-01-23,2017-01-29,2017-01-29,0,0,0,0.0
Adamaoua,2017-01-30,2017-02-05,2017-02-05,57,0,0,0.0
Adamaoua,2017-02-06,2017-02-12,2017-02-12,128,12,0,0.0
Adamaoua,2017-02-13,2017-02-19,2017-02-19,0,0,0,0.0
Adamaoua,2017-02-20,2017-02-26,2017-02-26,78,35,1,2.857142857142857
Adamaoua,2017-02-27,2017-03-05,2017-03-05,79,29,0,0.0
Adamaoua,2017-03-06,2017-03-12,2017-03-12,63,0,0,0.0
Adamaoua,2017-03-13,2017-03-19,2017-03-19,39,14,0,0.0
Adamaoua,2017-03-20,2017-03-26,2017-03-26,26,17,0,0.0
Adamaoua,2017-03-27,2017-04-02,2017-04-02,1,1,0,0.0
Adamaoua,2017-04-03,2017-04-09,2017-04-09,32,13,0,0.0
Adamaoua,2017-04-10,2017-04-16,2017-04-16,0,0,0,0.0
Adamaoua,2017-04-17,2017-04-23,2017-04-23,70,0,0,0.0
Adamaoua,2017-04-24,2017-04-30,2017-04-30,0,0,0,0.0
Adamaoua,2017-05-01,2017-05-07,2017-05-07,17,0,0,0.0
Adamaoua,2017-05-08,2017-05-14,2017-05-14,91,10,0,0.0
Adamaoua,2017-05-15,2017-05-21,2017-05-21,0,0,0,0.0
Adamaoua,2017-05-22,2017-05-28,2017-05-28,0,0,0,0.0
Adamaoua,2017-05-29,2017-06-04,2017-06-04,102,45,2,4.444444444444445
Adamaoua,2017-06-05,2017-06-11,2017-06-11,131,72,1,1.3888888888888888
Adamaoua,2017-06-12,2017-06-18,2017-06-18,0,0,0,0.0
Adamaoua,2017-06-19,2017-06-25,2017-06-25,0,0,0,0.0
Adamaoua,2017-06-26,2017-07-02,2017-07-02,127,68,1,1.4705882352941175
Adamaoua,2017-07-03,2017-07-09,2017-07-09,31,14,0,0.0
Adamaoua,2017-07-10,2017-07-16,2017-07-16,0,0,0,0.0
Adamaoua,2017-07-17,2017-07-23,2017-07-23,0,0,0,0.0
Adamaoua,2017-07-24,2017-07-30,2017-07-30,27,16,0,0.0
Adamaoua,2017-07-31,2017-08-06,2017-08-06,134,79,1,1.2658227848101267
Adamaoua,2017-08-07,2017-08-13,2017-08-13,0,0,0,0.0
Adamaoua,2017-08-14,2017-08-20,2017-08-20,123,24,0,0.0
Adamaoua,2017-08-21,2017-08-27,2017-08-27,90,48,1,2.083333333333333
Adamaoua,2017-08-28,2017-09-03,2017-09-03,0,0,0,0.0
Adamaoua,2017-09-04,2017-09-10,2017-09-10,32,13,0,0.0
Adamaoua,2017-09-11,2017-09-17,2017-09-17,164,61,0,0.0
Adamaoua,2017-09-18,2017-09-24,2017-09-24,36,13,0,0.0
Adamaoua,2017-09-25,2017-10-01,2017-10-01,15,8,0,0.0
Adamaoua,2017-10-02,2017-10-08,2017-10-08,40,19,0,0.0
Adamaoua,2017-10-09,2017-10-15,2017-10-15,0,0,0,0.0
Adamaoua,2017-10-16,2017-10-22,2017-10-22,117,37,0,0.0
Adamaoua,2017-10-23,2017-10-29,2017-10-29,33,10,0,0.0
Adamaoua,2017-10-30,2017-11-05,2017-11-05,20,4,0,0.0
Adamaoua,2017-11-06,2017-11-12,2017-11-12,32,0,0,0.0
Adamaoua,2017-11-13,2017-11-19,2017-11-19,56,17,0,0.0
Adamaoua,2017-11-20,2017-11-26,2017-11-26,0,0,0,0.0
Adamaoua,2017-11-27,2017-12-03,2017-12-03,41,10,0,0.0
Adamaoua,2017-12-04,2017-12-10,2017-12-10,43,18,0,0.0
Adamaoua,2017-12-11,2017-12-17,2017-12-17,0,0,0,0.0
Adamaoua,2017-12-18,2017-12-24,2017-12-24,0,0,0,0.0
Adamaoua,2017-12-25,2017-12-31,2017-12-31,19,9,0,0.0
Adamaoua,2018-01-01,2018-01-07,2018-01-07,62,20,0,0.0
Adamaoua,2018-01-01,2018-12-30,2018-12-30,0,0,0,0.0
Adamaoua,2018-01-08,2018-01-14,2018-01-14,0,0,0,0.0
Adamaoua,2018-01-15,2018-01-21,2018-01-21,0,0,0,0.0
Adamaoua,2018-01-22,2018-01-28,2018-01-28,0,0,0,0.0
Adamaoua,2018-01-29,2018-02-04,2018-02-04,52,20,0,0.0
Adamaoua,2018-02-05,2018-02-11,2018-02-11,0,0,0,0.0
Adamaoua,2018-02-12,2018-02-18,2018-02-18,12,0,0,0.0
Adamaoua,2018-02-19,2018-02-25,2018-02-25,0,0,0,0.0
Adamaoua,2018-02-26,2018-03-04,2018-03-04,27,15,0,0.0
Adamaoua,2018-03-05,2018-03-11,2018-03-11,0,0,0,0.0
Adamaoua,2018-03-12,2018-03-18,2018-03-18,0,0,0,0.0
Adamaoua,2018-03-19,2018-03-25,2018-03-25,25,0,0,0.0
Adamaoua,2018-03-26,2018-04-01,2018-04-01,0,0,0,0.0
Adamaoua,2018-04-02,2018-04-08,2018-04-08,0,0,0,0.0
Adamaoua,2018-04-09,2018-04-15,2018-04-15,38,0,0,0.0
Adamaoua,2018-04-16,2018-04-22,2018-04-22,0,0,0,0.0
Adamaoua,2018-04-23,2018-04-29,2018-04-29,0,0,0,0.0
Adamaoua,2018-04-30,2018-05-06,2018-05-06,0,0,0,0.0
Adamaoua,2018-05-07,2018-05-13,2018-05-13,77,24,0,0.0
Adamaoua,2018-05-14,2018-05-20,2018-05-20,70,28,1,3.571428571428571
Adamaoua,2018-05-21,2018-05-27,2018-05-27,0,0,0,0.0
Adamaoua,2018-05-28,2018-06-03,2018-06-03,0,0,0,0.0
Adamaoua,2018-06-04,2018-06-10,2018-06-10,0,0,0,0.0
Adamaoua,2018-06-11,2018-06-17,2018-06-17,68,22,0,0.0
Adamaoua,2018-06-18,2018-06-24,2018-06-24,0,0,0,0.0
Adamaoua,2018-06-25,2018-07-01,2018-07-01,0,0,0,0.0
Adamaoua,2018-07-02,2018-07-08,2018-07-08,0,0,0,0.0
Adamaoua,2018-07-09,2018-07-15,2018-07-15,0,0,0,0.0
Adamaoua,2018-07-16,2018-07-22,2018-07-22,9,0,0,0.0
Adamaoua,2018-07-23,2018-07-29,2018-07-29,0,0,0,0.0
Adamaoua,2018-07-30,2018-08-05,2018-08-05,0,0,0,0.0
Adamaoua,2018-08-06,2018-08-12,2018-08-12,0,0,0,0.0
Adamaoua,2018-08-13,2018-08-19,2018-08-19,0,0,0,0.0
Adamaoua,2018-08-20,2018-08-26,2018-08-26,44,0,0,0.0
Adamaoua,2018-08-27,2018-09-02,2018-09-02,0,0,0,0.0
Adamaoua,2018-09-03,2018-09-09,2018-09-09,73,0,0,0.0
Adamaoua,2018-09-10,2018-09-16,2018-09-16,0,0,0,0.0
Adamaoua,2018-09-17,2018-09-23,2018-09-23,0,0,0,0.0
Adamaoua,2018-09-24,2018-09-30,2018-09-30,57,38,0,0.0
Adamaoua,2018-10-01,2018-10-07,2018-10-07,0,0,0,0.0
Adamaoua,2018-10-08,2018-10-14,2018-10-14,21,12,0,0.0
Adamaoua,2018-10-15,2018-10-21,2018-10-21,189,94,1,1.0638297872340425
Adamaoua,2018-10-22,2018-10-28,2018-10-28,57,23,0,0.0
Adamaoua,2018-10-29,2018-11-04,2018-11-04,0,0,0,0.0
Adamaoua,2018-11-05,2018-11-11,2018-11-11,15,6,0,0.0
Adamaoua,2018-11-12,2018-11-18,2018-11-18,70,0,0,0.0
Adamaoua,2018-11-19,2018-11-25,2018-11-25,33,16,0,0.0
Adamaoua,2018-11-26,2018-12-02,2018-12-02,0,0,0,0.0
Adamaoua,2018-12-10,2018-12-16,2018-12-16,0,0,0,0.0
Adamaoua,2018-12-17,2018-12-23,2018-12-23,0,0,0,0.0
Adamaoua,2018-12-24,2018-12-30,2018-12-30,0,0,0,0.0
Adamaoua,2018-12-31,2019-01-06,2019-01-06,78,43,1,2.3255813953488373
Adamaoua,2018-12-31,2019-12-29,2019-12-29,0,0,0,0.0
Adamaoua,2019-01-07,2019-01-13,2019-01-13,0,0,0,0.0
Adamaoua,2019-01-14,2019-01-20,2019-01-20,0,0,0,0.0
Adamaoua,2019-01-21,2019-01-27,2019-01-27,0,0,0,0.0
Adamaoua,2019-01-28,2019-02-03,2019-02-03,0,0,0,0.0
Adamaoua,2019-02-04,2019-02-10,2019-02-10,0,0,0,0.0
Adamaoua,2019-02-11,2019-02-17,2019-02-17,0,0,0,0.0
Adamaoua,2019-02-18,2019-02-24,2019-02-24,7,0,0,0.0
Adamaoua,2019-02-25,2019-03-03,2019-03-03,97,43,1,2.3255813953488373
Adamaoua,2019-03-04,2019-03-10,2019-03-10,31,12,0,0.0
Adamaoua,2019-03-11,2019-03-17,2019-03-17,0,0,0,0.0
Adamaoua,2019-03-18,2019-03-24,2019-03-24,49,23,0,0.0
Adamaoua,2019-05-13,2019-05-19,2019-05-19,0,0,0,0.0
Centre,2010-01-04,2010-01-10,2010-01-10,118,0,0,0.0
Centre,2010-01-11,2010-01-17,2010-01-17,54,31,0,0.0
Centre,2010-01-18,2010-01-24,2010-01-24,0,0,0,0.0
Centre,2010-01-25,2010-01-31,2010-01-31,93,55,1,1.8181818181818181
Centre,2010-02-01,2010-02-07,2010-02-07,0,0,0,0.0
Centre,2010-02-08,2010-02-14,2010-02-14,103,42,0,0.0
Centre,2010-02-15,2010-02-21,2010-02-21,10,0,0,0.0
Centre,2010-02-22,2010-02-28,2010-02-28,66,14,0,0.0
Centre,2010-03-01,2010-03-07,2010-03-07,208,100,1,1.0
Centre,2010-03-08,2010-03-14,2010-03-14,147,48,1,2.083333333333333
Centre,2010-03-15,2010-03-21,2010-03-21,64,36,0,0.0
Centre,2010-03-22,2010-03-28,2010-03-28,24,12,0,0.0
Centre,2010-03-29,2010-04-04,2010-04-04,107,17,0,0.0
Centre,2010-04-05,2010-04-11,2010-04-11,346,70,1,1.4285714285714286
Centre,2010-04-12,2010-04-18,2010-04-18,210,32,1,3.125
Centre,2010-04-19,2010-04-25,2010-04-25,0,0,0,0.0
Centre,2010-04-26,2010-05-02,2010-05-02,346,163,3,1.8404907975460123
Centre,2010-05-03,2010-05-09,2010-05-09,170,73,1,1.36986301369863
Centre,2010-05-10,2010-05-16,2010-05-16,447,112,1,0.8928571428571428
Centre,2010-05-17,2010-05-23,2010-05-23,329,153,3,1.9607843137254901
Centre,2010-05-24,2010-05-30,2010-05-30,285,127,1,0.7874015748031495
Centre,2010-05-31,2010-06-06,2010-06-06,77,17,0,0.0
Centre,2010-06-07,2010-06-13,2010-06-13,177,81,1,1.2345679012345678
Centre,2010-06-14,2010-06-20,2010-06-20,374,138,3,2.1739130434782608
Centre,2010-06-21,2010-06-27,2010-06-27,384,130,2,1.5384615384615385
Centre,2010-06-28,2010-07-04,2010-07-04,200,100,0,0.0
Centre,2010-07-05,2010-07-11,2010-07-11,297,168,3,1.7857142857142856
Centre,2010-07-12,2010-07-18,2010-07-18,213,126,3,2.380952380952381
Centre,2010-07-19,2010-07-25,2010-07-25,215,100,2,2.0
Centre,2010-07-26,2010-08-01,2010-08-01,202,85,2,2.3529411764705883
Centre,2010-08-02,2010-08-08,2010-08-08,381,102,2,1.9607843137254901
Centre,2010-08-09,2010-08-15,2010-08-15,112,10,0,0.0
Centre,2010-08-16,2010-08-22,2010-08-22,703,338,6,1.7751479289940828
Centre,2010-08-23,2010-08-29,2010-08-29,144,55,0,0.0
Centre,2010-08-30,2010-09-05,2010-09-05,143,40,0,0.0
Centre,2010-09-06,2010-09-12,2010-09-12,202,18,1,5.555555555555555
Centre,2010-09-13,2010-09-19,2010-09-19,169,20,0,0.0
Centre,2010-09-20,2010-09-26,2010-09-26,662,301,7,2.3255813953488373
Centre,2010-09-27,2010-10-03,2010-10-03,403,130,2,1.5384615384615385
Centre,2010-10-04,2010-10-10,2010-10-10,383,51,1,1.9607843137254901
Centre,2010-10-11,2010-10-17,2010-10-17,156,28,0,0.0
Centre,2010-10-18,2010-10-24,2010-10-24,575,129,2,1.550387596899225
Centre,2010-10-25,2010-10-31,2010-10-31,555,234,7,2.9914529914529915
Centre,2010-11-01,2010-11-07,2010-11-07,76,22,0,0.0
Centre,2010-11-08,2010-11-14,2010-11-14,198,18,0,0.0
Centre,2010-11-15,2010-11-21,2010-11-21,126,44,0,0.0
Centre,2010-11-22,2010-11-28,2010-11-28,83,39,1,2.564102564102564
Centre,2010-11-29,2010-12-05,2010-12-05,247,60,1,1.6666666666666667
Centre,2010-12-06,2010-12-12,2010-12-12,117,19,0,0.0
Centre,2010-12-13,2010-12-19,2010-12-19,19,5,0,0.0
Centre,2010-12-20,2010-12-26,2010-12-26,0,0,0,0.0
Centre,2010-12-27,2011-01-02,2011-01-02,58,20,0,0.0
Centre,2011-01-01,2011-09-22,2011-09-22,3822,1120,51,4.553571428571428
Centre,2011-01-03,2011-01-09,2011-01-09,35,12,0,0.0
Centre,2011-01-10,2011-01-16,2011-01-16,117,43,0,0.0
Centre,2011-01-17,2011-01-23,2011-01-23,41,21,0,0.0
Centre,2011-01-24,2011-01-30,2011-01-30,102,12,0,0.0
Centre,2011-01-31,2011-02-06,2011-02-06,61,20,0,0.0
Centre,2011-02-07,2011-02-13,2011-02-13,38,0,0,0.0
Centre,2011-02-14,2011-02-20,2011-02-20,105,13,1,7.6923076923076925
Centre,2011-02-21,2011-02-27,2011-02-27,294,150,3,2.0
Centre,2011-02-28,2011-03-06,2011-03-06,307,131,3,2.2900763358778624
Centre,2011-03-07,2011-03-13,2011-03-13,205,72,1,1.3888888888888888
Centre,2011-03-14,2011-03-20,2011-03-20,274,72,2,2.7777777777777777
Centre,2011-03-21,2011-03-27,2011-03-27,654,276,9,3.260869565217391
Centre,2011-03-28,2011-04-03,2011-04-03,594,150,2,1.3333333333333335
Centre,2011-04-04,2011-04-10,2011-04-10,644,195,4,2.051282051282051
Centre,2011-04-11,2011-04-17,2011-04-17,764,202,4,1.9801980198019802
Centre,2011-04-18,2011-04-24,2011-04-24,765,257,4,1.556420233463035
Centre,2011-04-25,2011-05-01,2011-05-01,373,77,1,1.2987012987012987
Centre,2011-05-02,2011-05-08,2011-05-08,520,141,2,1.4184397163120568
Centre,2011-05-09,2011-05-15,2011-05-15,319,108,1,0.9259259259259258
Centre,2011-05-16,2011-05-22,2011-05-22,540,147,3,2.0408163265306123
Centre,2011-05-23,2011-05-29,2011-05-29,547,195,3,1.5384615384615385
Centre,2011-05-30,2011-06-05,2011-06-05,727,133,4,3.007518796992481
Centre,2011-06-06,2011-06-12,2011-06-12,204,54,1,1.8518518518518516
Centre,2011-06-13,2011-06-19,2011-06-19,479,142,4,2.8169014084507045
Centre,2011-06-20,2011-06-26,2011-06-26,617,201,3,1.4925373134328357
Centre,2011-06-27,2011-07-03,2011-07-03,117,66,0,0.0
Centre,2011-07-04,2011-07-10,2011-07-10,646,282,5,1.773049645390071
Centre,2011-07-11,2011-07-17,2011-07-17,545,179,4,2.2346368715083798
Centre,2011-07-18,2011-07-24,2011-07-24,664,338,7,2.0710059171597637
Centre,2011-07-25,2011-07-31,2011-07-31,425,89,0,0.0
Centre,2011-08-01,2011-08-07,2011-08-07,799,75,2,2.666666666666667
Centre,2011-08-08,2011-08-14,2011-08-14,1222,658,11,1.6717325227963524
Centre,2011-08-15,2011-08-21,2011-08-21,319,165,4,2.4242424242424243
Centre,2011-08-22,2011-08-28,2011-08-28,336,125,3,2.4
Centre,2011-08-29,2011-09-04,2011-09-04,659,242,3,1.2396694214876034
Centre,2011-09-05,2011-09-11,2011-09-11,802,168,3,1.7857142857142856
Centre,2011-09-12,2011-09-18,2011-09-18,1179,487,9,1.8480492813141685
Centre,2011-09-19,2011-09-25,2011-09-25,583,205,5,2.4390243902439024
Centre,2011-09-26,2011-10-02,2011-10-02,514,142,2,1.4084507042253522
Centre,2011-10-03,2011-10-09,2011-10-09,810,269,9,3.3457249070631967
Centre,2011-10-10,2011-10-16,2011-10-16,882,248,6,2.4193548387096775
Centre,2011-10-17,2011-10-23,2011-10-23,597,206,6,2.912621359223301
Centre,2011-10-24,2011-10-30,2011-10-30,574,246,5,2.0325203252032518
Centre,2011-10-31,2011-11-06,2011-11-06,327,123,2,1.6260162601626018
Centre,2011-11-07,2011-11-13,2011-11-13,280,77,3,3.896103896103896
Centre,2011-11-14,2011-11-20,2011-11-20,341,151,3,1.9867549668874174
Centre,2011-11-21,2011-11-27,2011-11-27,224,65,0,0.0
Centre,2011-11-28,2011-12-04,2011-12-04,43,22,0,0.0
Centre,2011-12-05,2011-12-11,2011-12-11,45,1,0,0.0
Centre,2011-12-12,2011-12-18,2011-12-18,169,81,2,2.4691358024691357
Centre,2011-12-19,2011-12-25,2011-12-25,83,43,0,0.0
Centre,2011-12-26,2012-01-01,2012-01-01,49,0,0,0.0
Centre,2012-01-02,2012-01-08,2012-01-08,10,0,0,0.0
Centre,2012-01-09,2012-01-15,2012-01-15,68,28,0,0.0
Centre,2012-01-16,2012-01-22,2012-01-22,191,8,0,0.0
Centre,2012-01-23,2012-01-29,2012-01-29,27,4,0,0.0
Centre,2012-01-30,2012-02-05,2012-02-05,153,76,1,1.3157894736842104
Centre,2012-02-06,2012-02-12,2012-02-12,71,18,0,0.0
Centre,2012-02-13,2012-02-19,2012-02-19,276,128,2,1.5625
Centre,2012-02-20,2012-02-26,2012-02-26,84,41,1,2.4390243902439024
Centre,2012-02-27,2012-03-04,2012-03-04,165,36,0,0.0
Centre,2012-03-05,2012-03-11,2012-03-11,77,25,0,0.0
Centre,2012-03-12,2012-03-18,2012-03-18,186,43,0,0.0
Centre,2012-03-19,2012-03-25,2012-03-25,133,26,0,0.0
Centre,2012-03-26,2012-04-01,2012-04-01,188,59,1,1.694915254237288
Centre,2012-04-02,2012-04-08,2012-04-08,259,64,1,1.5625
Centre,2012-04-09,2012-04-15,2012-04-15,80,7,0,0.0
Centre,2012-04-16,2012-04-22,2012-04-22,224,83,1,1.2048192771084338
Centre,2012-04-23,2012-04-29,2012-04-29,243,85,2,2.3529411764705883
Centre,2012-04-30,2012-05-06,2012-05-06,123,67,2,2.9850746268656714
Centre,2012-05-07,2012-05-13,2012-05-13,69,34,0,0.0
Centre,2012-05-14,2012-05-20,2012-05-20,115,65,2,3.076923076923077
Centre,2012-05-21,2012-05-27,2012-05-27,304,63,1,1.5873015873015872
Centre,2012-05-28,2012-06-03,2012-06-03,212,102,2,1.9607843137254901
Centre,2012-06-04,2012-06-10,2012-06-10,72,33,0,0.0
Centre,2012-06-11,2012-06-17,2012-06-17,629,258,6,2.3255813953488373
Centre,2012-06-18,2012-06-24,2012-06-24,159,19,0,0.0
Centre,2012-06-25,2012-07-01,2012-07-01,251,87,2,2.2988505747126435
Centre,2012-07-02,2012-07-08,2012-07-08,229,0,0,0.0
Centre,2012-07-09,2012-07-15,2012-07-15,133,16,0,0.0
Centre,2012-07-16,2012-07-22,2012-07-22,124,12,0,0.0
Centre,2012-07-23,2012-07-29,2012-07-29,199,64,1,1.5625
Centre,2012-07-30,2012-08-05,2012-08-05,185,95,1,1.0526315789473684
Centre,2012-08-06,2012-08-12,2012-08-12,150,84,1,1.1904761904761905
Centre,2012-08-13,2012-08-19,2012-08-19,574,144,5,3.4722222222222223
Centre,2012-08-20,2012-08-26,2012-08-26,123,52,1,1.9230769230769231
Centre,2012-08-27,2012-09-02,2012-09-02,156,65,1,1.5384615384615385
Centre,2012-09-03,2012-09-09,2012-09-09,283,87,1,1.1494252873563218
Centre,2012-09-10,2012-09-16,2012-09-16,437,162,1,0.6172839506172839
Centre,2012-09-17,2012-09-23,2012-09-23,192,97,2,2.0618556701030926
Centre,2012-09-24,2012-09-30,2012-09-30,242,126,3,2.380952380952381
Centre,2012-10-01,2012-10-07,2012-10-07,225,63,0,0.0
Centre,2012-10-08,2012-10-14,2012-10-14,316,141,1,0.7092198581560284
Centre,2012-10-15,2012-10-21,2012-10-21,117,11,0,0.0
Centre,2012-10-22,2012-10-28,2012-10-28,328,156,2,1.282051282051282
Centre,2012-10-29,2012-11-04,2012-11-04,139,47,1,2.127659574468085
Centre,2012-11-05,2012-11-11,2012-11-11,290,121,1,0.8264462809917356
Centre,2012-11-12,2012-11-18,2012-11-18,45,26,0,0.0
Centre,2012-11-19,2012-11-25,2012-11-25,0,0,0,0.0
Centre,2012-11-26,2012-12-02,2012-12-02,252,100,2,2.0
Centre,2012-12-03,2012-12-09,2012-12-09,85,14,0,0.0
Centre,2012-12-10,2012-12-16,2012-12-16,2,1,0,0.0
Centre,2012-12-17,2012-12-23,2012-12-23,147,69,1,1.4492753623188406
Centre,2012-12-24,2012-12-30,2012-12-30,157,39,1,2.564102564102564
Centre,2012-12-31,2013-01-06,2013-01-06,162,90,0,0.0
Centre,2013-01-07,2013-01-13,2013-01-13,83,35,0,0.0
Centre,2013-01-14,2013-01-20,2013-01-20,30,19,0,0.0
Centre,2013-01-21,2013-01-27,2013-01-27,102,28,0,0.0
Centre,2013-01-28,2013-02-03,2013-02-03,126,55,0,0.0
Centre,2013-02-04,2013-02-10,2013-02-10,171,79,0,0.0
Centre,2013-02-11,2013-02-17,2013-02-17,24,0,0,0.0
Centre,2013-02-18,2013-02-24,2013-02-24,8,4,0,0.0
Centre,2013-02-25,2013-03-03,2013-03-03,173,31,0,0.0
Centre,2013-03-04,2013-03-10,2013-03-10,71,35,1,2.857142857142857
Centre,2013-03-11,2013-03-17,2013-03-17,172,0,0,0.0
Centre,2013-03-18,2013-03-24,2013-03-24,114,37,1,2.7027027027027026
Centre,2013-03-25,2013-03-31,2013-03-31,50,24,0,0.0
Centre,2013-04-01,2013-04-07,2013-04-07,174,44,1,2.272727272727273
Centre,2013-04-08,2013-04-14,2013-04-14,202,28,0,0.0
Centre,2013-04-15,2013-04-21,2013-04-21,131,28,0,0.0
Centre,2013-04-22,2013-04-28,2013-04-28,57,30,1,3.3333333333333335
Centre,2013-04-29,2013-05-05,2013-05-05,168,58,1,1.7241379310344827
Centre,2013-05-06,2013-05-12,2013-05-12,67,42,1,2.380952380952381
Centre,2013-05-13,2013-05-19,2013-05-19,400,70,0,0.0
Centre,2013-05-20,2013-05-26,2013-05-26,55,19,0,0.0
Centre,2013-05-27,2013-06-02,2013-06-02,163,74,1,1.3513513513513513
Centre,2013-06-03,2013-06-09,2013-06-09,375,109,4,3.669724770642202
Centre,2013-06-10,2013-06-16,2013-06-16,94,32,1,3.125
Centre,2013-06-17,2013-06-23,2013-06-23,81,28,1,3.571428571428571
Centre,2013-06-24,2013-06-30,2013-06-30,497,292,12,4.10958904109589
Centre,2013-07-01,2013-07-07,2013-07-07,0,0,0,0.0
Centre,2013-07-08,2013-07-14,2013-07-14,243,87,1,1.1494252873563218
Centre,2013-07-15,2013-07-21,2013-07-21,306,68,1,1.4705882352941175
Centre,2013-07-22,2013-07-28,2013-07-28,274,98,1,1.0204081632653061
Centre,2013-07-29,2013-08-04,2013-08-04,323,180,4,2.2222222222222223
Centre,2013-08-05,2013-08-11,2013-08-11,91,43,1,2.3255813953488373
Centre,2013-08-12,2013-08-18,2013-08-18,224,135,2,1.4814814814814816
Centre,2013-08-19,2013-08-25,2013-08-25,341,126,2,1.5873015873015872
Centre,2013-08-26,2013-09-01,2013-09-01,263,108,1,0.9259259259259258
Centre,2013-09-02,2013-09-08,2013-09-08,149,49,0,0.0
Centre,2013-09-09,2013-09-15,2013-09-15,485,98,2,2.0408163265306123
Centre,2013-09-16,2013-09-22,2013-09-22,476,232,4,1.7241379310344827
Centre,2013-09-23,2013-09-29,2013-09-29,265,107,3,2.803738317757009
Centre,2013-09-30,2013-10-06,2013-10-06,262,99,3,3.0303030303030303
Centre,2013-10-07,2013-10-13,2013-10-13,263,117,1,0.8547008547008548
Centre,2013-10-14,2013-10-20,2013-10-20,324,127,3,2.3622047244094486
Centre,2013-10-21,2013-10-27,2013-10-27,115,0,0,0.0
Centre,2013-10-28,2013-11-03,2013-11-03,53,21,1,4.761904761904762
Centre,2013-11-04,2013-11-10,2013-11-10,126,0,0,0.0
Centre,2013-11-11,2013-11-17,2013-11-17,534,195,4,2.051282051282051
Centre,2013-11-18,2013-11-24,2013-11-24,162,48,1,2.083333333333333
Centre,2013-11-25,2013-12-01,2013-12-01,232,78,1,1.282051282051282
Centre,2013-12-02,2013-12-08,2013-12-08,164,62,0,0.0
Centre,2013-12-09,2013-12-15,2013-12-15,102,4,0,0.0
Centre,2013-12-16,2013-12-22,2013-12-22,47,10,0,0.0
Centre,2013-12-23,2013-12-29,2013-12-29,61,22,0,0.0
Centre,2013-12-30,2014-01-05,2014-01-05,51,20,0,0.0
Centre,2014-01-06,2014-01-12,2014-01-12,17,6,0,0.0
Centre,2014-01-13,2014-01-19,2014-01-19,191,64,1,1.5625
Centre,2014-01-20,2014-01-26,2014-01-26,265,149,3,2.013422818791946
Centre,2014-01-27,2014-02-02,2014-02-02,9,5,0,0.0
Centre,2014-02-03,2014-02-09,2014-02-09,95,41,1,2.4390243902439024
Centre,2014-02-10,2014-02-16,2014-02-16,58,32,1,3.125
Centre,2014-02-17,2014-02-23,2014-02-23,13,0,0,0.0
Centre,2014-02-24,2014-03-02,2014-03-02,121,36,0,0.0
Centre,2014-03-03,2014-03-09,2014-03-09,156,65,0,0.0
Centre,2014-03-10,2014-03-16,2014-03-16,447,198,3,1.5151515151515151
Centre,2014-03-17,2014-03-23,2014-03-23,252,101,2,1.9801980198019802
Centre,2014-03-24,2014-03-30,2014-03-30,92,55,0,0.0
Centre,2014-03-31,2014-04-06,2014-04-06,264,84,2,2.380952380952381
Centre,2014-04-07,2014-04-13,2014-04-13,53,10,0,0.0
Centre,2014-04-14,2014-04-20,2014-04-20,76,30,0,0.0
Centre,2014-04-21,2014-04-27,2014-04-27,43,12,0,0.0
Centre,2014-04-28,2014-05-04,2014-05-04,229,85,2,2.3529411764705883
Centre,2014-05-05,2014-05-11,2014-05-11,124,49,1,2.0408163265306123
Centre,2014-05-12,2014-05-18,2014-05-18,161,74,1,1.3513513513513513
Centre,2014-05-19,2014-05-25,2014-05-25,119,46,0,0.0
Centre,2014-05-26,2014-06-01,2014-06-01,270,122,1,0.819672131147541
Centre,2014-06-02,2014-06-08,2014-06-08,259,131,3,2.2900763358778624
Centre,2014-06-09,2014-06-15,2014-06-15,123,22,0,0.0
Centre,2014-06-16,2014-06-22,2014-06-22,460,200,3,1.5
Centre,2014-06-23,2014-06-29,2014-06-29,165,0,0,0.0
Centre,2014-06-30,2014-07-06,2014-07-06,78,17,0,0.0
Centre,2014-07-07,2014-07-13,2014-07-13,39,13,0,0.0
Centre,2014-07-14,2014-07-20,2014-07-20,244,145,1,0.6896551724137931
Centre,2014-07-21,2014-07-27,2014-07-27,155,61,0,0.0
Centre,2014-07-28,2014-08-03,2014-08-03,356,93,1,1.0752688172043012
Centre,2014-08-04,2014-08-10,2014-08-10,175,83,1,1.2048192771084338
Centre,2014-08-11,2014-08-17,2014-08-17,217,124,1,0.8064516129032258
Centre,2014-08-18,2014-08-24,2014-08-24,189,62,1,1.6129032258064515
Centre,2014-08-25,2014-08-31,2014-08-31,336,129,3,2.3255813953488373
Centre,2014-09-01,2014-09-07,2014-09-07,282,90,2,2.2222222222222223
Centre,2014-09-08,2014-09-14,2014-09-14,107,37,0,0.0
Centre,2014-09-15,2014-09-21,2014-09-21,45,0,0,0.0
Centre,2014-09-22,2014-09-28,2014-09-28,33,19,0,0.0
Centre,2014-09-29,2014-10-05,2014-10-05,186,85,1,1.1764705882352942
Centre,2014-10-06,2014-10-12,2014-10-12,475,61,2,3.278688524590164
Centre,2014-10-13,2014-10-19,2014-10-19,365,133,2,1.5037593984962405
Centre,2014-10-20,2014-10-26,2014-10-26,141,71,2,2.8169014084507045
Centre,2014-10-27,2014-11-02,2014-11-02,408,172,7,4.069767441860465
Centre,2014-11-03,2014-11-09,2014-11-09,384,106,3,2.8301886792452833
Centre,2014-11-10,2014-11-16,2014-11-16,106,37,1,2.7027027027027026
Centre,2014-11-17,2014-11-23,2014-11-23,97,42,0,0.0
Centre,2014-11-24,2014-11-30,2014-11-30,108,30,2,6.666666666666667
Centre,2014-12-01,2014-12-07,2014-12-07,72,27,0,0.0
Centre,2014-12-08,2014-12-14,2014-12-14,113,22,0,0.0
Centre,2014-12-15,2014-12-21,2014-12-21,129,44,0,0.0
Centre,2014-12-22,2014-12-28,2014-12-28,91,12,0,0.0
Centre,2014-12-29,2015-01-04,2015-01-04,0,0,0,0.0
Centre,2015-01-05,2015-01-11,2015-01-11,0,0,0,0.0
Centre,2015-01-12,2015-01-18,2015-01-18,39,0,0,0.0
Centre,2015-01-19,2015-01-25,2015-01-25,95,57,1,1.7543859649122806
Centre,2015-01-26,2015-02-01,2015-02-01,19,5,0,0.0
Centre,2015-02-02,2015-02-08,2015-02-08,11,0,0,0.0
Centre,2015-02-09,2015-02-15,2015-02-15,272,111,2,1.8018018018018018
Centre,2015-02-16,2015-02-22,2015-02-22,158,48,1,2.083333333333333
Centre,2015-02-23,2015-03-01,2015-03-01,30,3,0,0.0
Centre,2015-03-02,2015-03-08,2015-03-08,39,0,0,0.0
Centre,2015-03-09,2015-03-15,2015-03-15,139,43,0,0.0
Centre,2015-03-16,2015-03-22,2015-03-22,92,0,0,0.0
Centre,2015-03-23,2015-03-29,2015-03-29,176,40,0,0.0
Centre,2015-03-30,2015-04-05,2015-04-05,259,89,2,2.247191011235955
Centre,2015-04-06,2015-04-12,2015-04-12,366,85,2,2.3529411764705883
Centre,2015-04-13,2015-04-19,2015-04-19,102,19,0,0.0
Centre,2015-04-20,2015-04-26,2015-04-26,328,46,1,2.1739130434782608
Centre,2015-04-27,2015-05-03,2015-05-03,442,85,3,3.5294117647058822
Centre,2015-05-04,2015-05-10,2015-05-10,280,103,2,1.9417475728155338
Centre,2015-05-11,2015-05-17,2015-05-17,110,0,0,0.0
Centre,2015-05-18,2015-05-24,2015-05-24,59,30,0,0.0
Centre,2015-05-25,2015-05-31,2015-05-31,312,60,2,3.3333333333333335
Centre,2015-06-01,2015-06-07,2015-06-07,503,150,3,2.0
Centre,2015-06-08,2015-06-14,2015-06-14,499,28,1,3.571428571428571
Centre,2015-06-15,2015-06-21,2015-06-21,165,46,1,2.1739130434782608
Centre,2015-06-22,2015-06-28,2015-06-28,295,149,4,2.684563758389262
Centre,2015-06-29,2015-07-05,2015-07-05,116,0,0,0.0
Centre,2015-07-06,2015-07-12,2015-07-12,209,137,2,1.4598540145985401
Centre,2015-07-13,2015-07-19,2015-07-19,242,90,3,3.3333333333333335
Centre,2015-07-20,2015-07-26,2015-07-26,51,0,0,0.0
Centre,2015-07-27,2015-08-02,2015-08-02,613,92,0,0.0
Centre,2015-08-03,2015-08-09,2015-08-09,105,61,1,1.639344262295082
Centre,2015-08-10,2015-08-16,2015-08-16,120,47,1,2.127659574468085
Centre,2015-08-17,2015-08-23,2015-08-23,130,32,2,6.25
Centre,2015-08-24,2015-08-30,2015-08-30,245,94,1,1.0638297872340425
Centre,2015-08-31,2015-09-06,2015-09-06,340,20,0,0.0
Centre,2015-09-07,2015-09-13,2015-09-13,0,0,0,0.0
Centre,2015-09-14,2015-09-20,2015-09-20,80,42,1,2.380952380952381
Centre,2015-09-21,2015-09-27,2015-09-27,344,65,2,3.076923076923077
Centre,2015-09-28,2015-10-04,2015-10-04,166,78,1,1.282051282051282
Centre,2015-10-05,2015-10-11,2015-10-11,434,115,1,0.8695652173913043
Centre,2015-10-12,2015-10-18,2015-10-18,253,90,3,3.3333333333333335
Centre,2015-10-19,2015-10-25,2015-10-25,284,165,3,1.8181818181818181
Centre,2015-10-26,2015-11-01,2015-11-01,287,119,1,0.8403361344537815
Centre,2015-11-02,2015-11-08,2015-11-08,182,85,1,1.1764705882352942
Centre,2015-11-09,2015-11-15,2015-11-15,103,5,0,0.0
Centre,2015-11-16,2015-11-22,2015-11-22,0,0,0,0.0
Centre,2015-11-23,2015-11-29,2015-11-29,103,13,0,0.0
Centre,2015-11-30,2015-12-06,2015-12-06,42,0,0,0.0
Centre,2015-12-07,2015-12-13,2015-12-13,41,18,0,0.0
Centre,2015-12-14,2015-12-20,2015-12-20,0,0,0,0.0
Centre,2015-12-21,2015-12-27,2015-12-27,18,0,0,0.0
Centre,2016-01-04,2016-01-10,2016-01-10,53,18,0,0.0
Centre,2016-01-11,2016-01-17,2016-01-17,125,35,2,5.714285714285714
Centre,2016-01-18,2016-01-24,2016-01-24,99,21,0,0.0
Centre,2016-01-25,2016-01-31,2016-01-31,127,3,0,0.0
Centre,2016-02-01,2016-02-07,2016-02-07,102,34,0,0.0
Centre,2016-02-08,2016-02-14,2016-02-14,104,28,0,0.0
Centre,2016-02-15,2016-02-21,2016-02-21,0,0,0,0.0
Centre,2016-02-22,2016-02-28,2016-02-28,19,0,0,0.0
Centre,2016-02-29,2016-03-06,2016-03-06,97,41,1,2.4390243902439024
Centre,2016-03-07,2016-03-13,2016-03-13,262,57,0,0.0
Centre,2016-03-14,2016-03-20,2016-03-20,248,122,4,3.278688524590164
Centre,2016-03-21,2016-03-27,2016-03-27,402,129,1,0.7751937984496124
Centre,2016-03-28,2016-04-03,2016-04-03,152,35,0,0.0
Centre,2016-04-04,2016-04-10,2016-04-10,274,73,2,2.73972602739726
Centre,2016-04-11,2016-04-17,2016-04-17,458,203,5,2.4630541871921183
Centre,2016-04-18,2016-04-24,2016-04-24,330,71,1,1.4084507042253522
Centre,2016-04-25,2016-05-01,2016-05-01,197,67,3,4.477611940298507
Centre,2016-05-02,2016-05-08,2016-05-08,343,124,1,0.8064516129032258
Centre,2016-05-09,2016-05-15,2016-05-15,258,120,2,1.6666666666666667
Centre,2016-05-16,2016-05-22,2016-05-22,685,250,5,2.0
Centre,2016-05-23,2016-05-29,2016-05-29,87,52,1,1.9230769230769231
Centre,2016-05-30,2016-06-05,2016-06-05,251,46,1,2.1739130434782608
Centre,2016-06-06,2016-06-12,2016-06-12,685,212,8,3.7735849056603774
Centre,2016-06-13,2016-06-19,2016-06-19,232,150,4,2.666666666666667
Centre,2016-06-20,2016-06-26,2016-06-26,120,31,0,0.0
Centre,2016-06-27,2016-07-03,2016-07-03,184,41,1,2.4390243902439024
Centre,2016-07-04,2016-07-10,2016-07-10,60,0,0,0.0
Centre,2016-07-11,2016-07-17,2016-07-17,431,195,8,4.102564102564102
Centre,2016-07-18,2016-07-24,2016-07-24,156,72,2,2.7777777777777777
Centre,2016-07-25,2016-07-31,2016-07-31,205,87,2,2.2988505747126435
Centre,2016-08-01,2016-08-07,2016-08-07,536,184,2,1.0869565217391304
Centre,2016-08-08,2016-08-14,2016-08-14,408,19,0,0.0
Centre,2016-08-15,2016-08-21,2016-08-21,80,39,0,0.0
Centre,2016-08-22,2016-08-28,2016-08-28,579,143,4,2.797202797202797
Centre,2016-08-29,2016-09-04,2016-09-04,300,128,2,1.5625
Centre,2016-09-05,2016-09-11,2016-09-11,175,64,1,1.5625
Centre,2016-09-12,2016-09-18,2016-09-18,422,140,5,3.571428571428571
Centre,2016-09-19,2016-09-25,2016-09-25,83,0,0,0.0
Centre,2016-09-26,2016-10-02,2016-10-02,507,74,1,1.3513513513513513
Centre,2016-10-03,2016-10-09,2016-10-09,245,110,2,1.8181818181818181
Centre,2016-10-10,2016-10-16,2016-10-16,226,46,0,0.0
Centre,2016-10-17,2016-10-23,2016-10-23,416,98,1,1.0204081632653061
Centre,2016-10-24,2016-10-30,2016-10-30,46,19,1,5.263157894736842
Centre,2016-10-31,2016-11-06,2016-11-06,333,85,3,3.5294117647058822
Centre,2016-11-07,2016-11-13,2016-11-13,111,6,0,0.0
Centre,2016-11-14,2016-11-20,2016-11-20,50,8,0,0.0
Centre,2016-11-21,2016-11-27,2016-11-27,289,60,2,3.3333333333333335
Centre,2016-11-28,2016-12-04,2016-12-04,79,19,0,0.0
Centre,2016-12-05,2016-12-11,2016-12-11,58,8,0,0.0
Centre,2016-12-12,2016-12-18,2016-12-18,82,22,0,0.0
Centre,2016-12-19,2016-12-25,2016-12-25,236,94,2,2.127659574468085
Centre,2016-12-26,2017-01-01,2017-01-01,113,30,1,3.3333333333333335
Centre,2017-01-02,2017-01-08,2017-01-08,83,4,0,0.0
Centre,2017-01-09,2017-01-15,2017-01-15,10,4,0,0.0
Centre,2017-01-16,2017-01-22,2017-01-22,107,31,1,3.225806451612903
Centre,2017-01-23,2017-01-29,2017-01-29,16,4,0,0.0
Centre,2017-01-30,2017-02-05,2017-02-05,131,71,1,1.4084507042253522
Centre,2017-02-06,2017-02-12,2017-02-12,219,43,0,0.0
Centre,2017-02-13,2017-02-19,2017-02-19,124,38,1,2.631578947368421
Centre,2017-02-20,2017-02-26,2017-02-26,112,0,1,0.0
Centre,2017-02-27,2017-03-05,2017-03-05,63,17,0,0.0
Centre,2017-03-06,2017-03-12,2017-03-12,0,0,0,0.0
Centre,2017-03-13,2017-03-19,2017-03-19,155,15,0,0.0
Centre,2017-03-20,2017-03-26,2017-03-26,82,19,0,0.0
Centre,2017-03-27,2017-04-02,2017-04-02,72,41,1,2.4390243902439024
Centre,2017-04-03,2017-04-09,2017-04-09,32,17,0,0.0
Centre,2017-04-10,2017-04-16,2017-04-16,315,116,1,0.8620689655172413
Centre,2017-04-17,2017-04-23,2017-04-23,89,34,1,2.941176470588235
Centre,2017-04-24,2017-04-30,2017-04-30,90,25,1,4.0
Centre,2017-05-01,2017-05-07,2017-05-07,191,68,3,4.411764705882353
Centre,2017-05-08,2017-05-14,2017-05-14,195,93,1,1.0752688172043012
Centre,2017-05-15,2017-05-21,2017-05-21,341,94,2,2.127659574468085
Centre,2017-05-22,2017-05-28,2017-05-28,279,104,1,0.9615384615384616
Centre,2017-05-29,2017-06-04,2017-06-04,374,146,1,0.684931506849315
Centre,2017-06-05,2017-06-11,2017-06-11,162,79,1,1.2658227848101267
Centre,2017-06-12,2017-06-18,2017-06-18,37,0,0,0.0
Centre,2017-06-19,2017-06-25,2017-06-25,57,27,0,0.0
Centre,2017-06-26,2017-07-02,2017-07-02,416,162,2,1.2345679012345678
Centre,2017-07-03,2017-07-09,2017-07-09,90,35,1,2.857142857142857
Centre,2017-07-10,2017-07-16,2017-07-16,296,48,0,0.0
Centre,2017-07-17,2017-07-23,2017-07-23,549,298,4,1.342281879194631
Centre,2017-07-24,2017-07-30,2017-07-30,339,145,2,1.3793103448275863
Centre,2017-07-31,2017-08-06,2017-08-06,398,202,2,0.9900990099009901
Centre,2017-08-07,2017-08-13,2017-08-13,160,66,1,1.5151515151515151
Centre,2017-08-14,2017-08-20,2017-08-20,84,40,0,0.0
Centre,2017-08-21,2017-08-27,2017-08-27,305,115,2,1.7391304347826086
Centre,2017-08-28,2017-09-03,2017-09-03,178,79,2,2.5316455696202533
Centre,2017-09-04,2017-09-10,2017-09-10,224,57,2,3.508771929824561
Centre,2017-09-11,2017-09-17,2017-09-17,476,219,3,1.36986301369863
Centre,2017-09-18,2017-09-24,2017-09-24,154,0,0,0.0
Centre,2017-09-25,2017-10-01,2017-10-01,224,15,0,0.0
Centre,2017-10-02,2017-10-08,2017-10-08,426,159,3,1.8867924528301887
Centre,2017-10-09,2017-10-15,2017-10-15,249,129,1,0.7751937984496124
Centre,2017-10-16,2017-10-22,2017-10-22,401,86,2,2.3255813953488373
Centre,2017-10-23,2017-10-29,2017-10-29,162,16,0,0.0
Centre,2017-10-30,2017-11-05,2017-11-05,0,0,0,0.0
Centre,2017-11-06,2017-11-12,2017-11-12,211,76,2,2.631578947368421
Centre,2017-11-13,2017-11-19,2017-11-19,251,87,1,1.1494252873563218
Centre,2017-11-20,2017-11-26,2017-11-26,74,35,1,2.857142857142857
Centre,2017-11-27,2017-12-03,2017-12-03,22,14,0,0.0
Centre,2017-12-04,2017-12-10,2017-12-10,71,0,0,0.0
Centre,2017-12-11,2017-12-17,2017-12-17,3,0,0,0.0
Centre,2017-12-18,2017-12-24,2017-12-24,26,0,0,0.0
Centre,2017-12-25,2017-12-31,2017-12-31,63,26,0,0.0
Centre,2018-01-01,2018-01-07,2018-01-07,75,37,0,0.0
Centre,2018-01-01,2018-12-30,2018-12-30,257,102,1,0.9803921568627451
Centre,2018-01-08,2018-01-14,2018-01-14,57,8,0,0.0
Centre,2018-01-15,2018-01-21,2018-01-21,60,14,0,0.0
Centre,2018-01-22,2018-01-28,2018-01-28,40,23,0,0.0
Centre,2018-01-29,2018-02-04,2018-02-04,28,8,0,0.0
Centre,2018-02-05,2018-02-11,2018-02-11,74,31,0,0.0
Centre,2018-02-12,2018-02-18,2018-02-18,55,16,0,0.0
Centre,2018-02-19,2018-02-25,2018-02-25,18,0,0,0.0
Centre,2018-02-26,2018-03-04,2018-03-04,328,188,3,1.5957446808510638
Centre,2018-03-05,2018-03-11,2018-03-11,271,117,3,2.564102564102564
Centre,2018-03-12,2018-03-18,2018-03-18,191,66,1,1.5151515151515151
Centre,2018-03-19,2018-03-25,2018-03-25,120,39,0,0.0
Centre,2018-03-26,2018-04-01,2018-04-01,116,65,1,1.5384615384615385
Centre,2018-04-02,2018-04-08,2018-04-08,40,20,1,5.0
Centre,2018-04-09,2018-04-15,2018-04-15,128,58,1,1.7241379310344827
Centre,2018-04-16,2018-04-22,2018-04-22,282,61,1,1.639344262295082
Centre,2018-04-23,2018-04-29,2018-04-29,185,75,1,1.3333333333333335
Centre,2018-04-30,2018-05-06,2018-05-06,230,75,1,1.3333333333333335
Centre,2018-05-07,2018-05-13,2018-05-13,403,104,2,1.9230769230769231
Centre,2018-05-14,2018-05-20,2018-05-20,156,80,0,0.0
Centre,2018-05-21,2018-05-27,2018-05-27,0,0,0,0.0
Centre,2018-05-28,2018-06-03,2018-06-03,456,139,1,0.7194244604316548
Centre,2018-06-04,2018-06-10,2018-06-10,97,66,3,4.545454545454546
Centre,2018-06-11,2018-06-17,2018-06-17,93,12,0,0.0
Centre,2018-06-18,2018-06-24,2018-06-24,124,52,0,0.0
Centre,2018-06-25,2018-07-01,2018-07-01,227,55,0,0.0
Centre,2018-07-02,2018-07-08,2018-07-08,207,87,1,1.1494252873563218
Centre,2018-07-09,2018-07-15,2018-07-15,225,22,0,0.0
Centre,2018-07-16,2018-07-22,2018-07-22,460,208,2,0.9615384615384616
Centre,2018-07-23,2018-07-29,2018-07-29,456,204,3,1.4705882352941175
Centre,2018-07-30,2018-08-05,2018-08-05,752,214,4,1.8691588785046727
Centre,2018-08-06,2018-08-12,2018-08-12,15,9,0,0.0
Centre,2018-08-13,2018-08-19,2018-08-19,299,122,2,1.639344262295082
Centre,2018-08-20,2018-08-26,2018-08-26,111,53,0,0.0
Centre,2018-08-27,2018-09-02,2018-09-02,364,175,5,2.857142857142857
Centre,2018-09-03,2018-09-09,2018-09-09,107,13,0,0.0
Centre,2018-09-10,2018-09-16,2018-09-16,229,41,0,0.0
Centre,2018-09-17,2018-09-23,2018-09-23,74,13,0,0.0
Centre,2018-09-24,2018-09-30,2018-09-30,124,9,0,0.0
Centre,2018-10-01,2018-10-07,2018-10-07,203,82,2,2.4390243902439024
Centre,2018-10-08,2018-10-14,2018-10-14,330,108,2,1.8518518518518516
Centre,2018-10-15,2018-10-21,2018-10-21,269,0,0,0.0
Centre,2018-10-22,2018-10-28,2018-10-28,235,14,0,0.0
Centre,2018-10-29,2018-11-04,2018-11-04,312,128,2,1.5625
Centre,2018-11-05,2018-11-11,2018-11-11,0,0,0,0.0
Centre,2018-11-12,2018-11-18,2018-11-18,126,81,2,2.4691358024691357
Centre,2018-11-19,2018-11-25,2018-11-25,21,0,0,0.0
Centre,2018-11-26,2018-12-02,2018-12-02,88,42,0,0.0
Centre,2018-12-03,2018-12-09,2018-12-09,0,0,0,0.0
Centre,2018-12-10,2018-12-16,2018-12-16,20,12,0,0.0
Centre,2018-12-17,2018-12-23,2018-12-23,0,0,0,0.0
Centre,2018-12-24,2018-12-30,2018-12-30,101,11,0,0.0
Centre,2018-12-31,2019-01-06,2019-01-06,68,36,1,2.7777777777777777
Centre,2018-12-31,2019-12-29,2019-12-29,26,10,0,0.0
Centre,2019-01-07,2019-01-13,2019-01-13,23,10,0,0.0
Centre,2019-01-14,2019-01-20,2019-01-20,0,0,0,0.0
Centre,2019-01-21,2019-01-27,2019-01-27,38,14,0,0.0
Centre,2019-01-28,2019-02-03,2019-02-03,243,87,1,1.1494252873563218
Centre,2019-02-04,2019-02-10,2019-02-10,49,17,0,0.0
Centre,2019-02-11,2019-02-17,2019-02-17,14,0,1,0.0
Centre,2019-02-18,2019-02-24,2019-02-24,0,0,0,0.0
Centre,2019-02-25,2019-03-03,2019-03-03,46,2,0,0.0
Centre,2019-03-04,2019-03-10,2019-03-10,235,36,1,2.7777777777777777
Centre,2019-03-11,2019-03-17,2019-03-17,55,15,0,0.0
Centre,2019-03-18,2019-03-24,2019-03-24,19,0,0,0.0
Centre,2019-05-13,2019-05-19,2019-05-19,72,0,0,0.0
Centre,2020-02-10,2020-06-19,2020-06-19,15,7,0,0.0
Centre,2020-02-10,2020-07-13,2020-07-13,93,0,0,0.0
Centre,2020-02-10,2020-07-24,2020-07-24,0,0,0,0.0
Centre,2020-02-10,2020-07-28,2020-07-28,48,0,0,0.0
Centre,2020-02-10,2020-07-29,2020-07-29,29,0,0,0.0
Centre,2020-02-10,2020-08-10,2020-08-10,139,0,0,0.0
Centre,2020-02-10,2020-08-30,2020-08-30,15,4,0,0.0
Centre,2020-02-10,2020-11-06,2020-11-06,0,0,0,0.0
East,2010-01-04,2010-01-10,2010-01-10,122,37,1,2.7027027027027026
East,2010-01-11,2010-01-17,2010-01-17,176,21,0,0.0
East,2010-01-18,2010-01-24,2010-01-24,14,0,0,0.0
East,2010-01-25,2010-01-31,2010-01-31,27,17,0,0.0
East,2010-02-01,2010-02-07,2010-02-07,0,0,0,0.0
East,2010-02-08,2010-02-14,2010-02-14,0,0,0,0.0
East,2010-02-15,2010-02-21,2010-02-21,0,0,0,0.0
East,2010-02-22,2010-02-28,2010-02-28,0,0,0,0.0
East,2010-03-01,2010-03-07,2010-03-07,47,28,0,0.0
East,2010-03-08,2010-03-14,2010-03-14,0,0,0,0.0
East,2010-03-15,2010-03-21,2010-03-21,186,63,1,1.5873015873015872
East,2010-03-22,2010-03-28,2010-03-28,0,0,0,0.0
East,2010-03-29,2010-04-04,2010-04-04,32,0,1,0.0
East,2010-04-05,2010-04-11,2010-04-11,214,87,0,0.0
East,2010-04-12,2010-04-18,2010-04-18,0,0,0,0.0
East,2010-04-19,2010-04-25,2010-04-25,31,0,0,0.0
East,2010-04-26,2010-05-02,2010-05-02,184,0,0,0.0
East,2010-05-03,2010-05-09,2010-05-09,236,68,1,1.4705882352941175
East,2010-05-10,2010-05-16,2010-05-16,50,0,0,0.0
East,2010-05-17,2010-05-23,2010-05-23,101,51,2,3.9215686274509802
East,2010-05-24,2010-05-30,2010-05-30,0,0,0,0.0
East,2010-05-31,2010-06-06,2010-06-06,52,0,0,0.0
East,2010-06-07,2010-06-13,2010-06-13,0,0,0,0.0
East,2010-06-14,2010-06-20,2010-06-20,0,0,0,0.0
East,2010-06-21,2010-06-27,2010-06-27,58,21,1,4.761904761904762
East,2010-06-28,2010-07-04,2010-07-04,62,0,0,0.0
East,2010-07-05,2010-07-11,2010-07-11,84,0,0,0.0
East,2010-07-12,2010-07-18,2010-07-18,74,35,0,0.0
East,2010-07-19,2010-07-25,2010-07-25,72,0,0,0.0
East,2010-07-26,2010-08-01,2010-08-01,56,15,0,0.0
East,2010-08-02,2010-08-08,2010-08-08,0,0,0,0.0
East,2010-08-09,2010-08-15,2010-08-15,121,50,0,0.0
East,2010-08-16,2010-08-22,2010-08-22,4,2,0,0.0
East,2010-08-23,2010-08-29,2010-08-29,0,0,0,0.0
East,2010-08-30,2010-09-05,2010-09-05,54,0,0,0.0
East,2010-09-06,2010-09-12,2010-09-12,102,37,1,2.7027027027027026
East,2010-09-13,2010-09-19,2010-09-19,90,34,0,0.0
East,2010-09-20,2010-09-26,2010-09-26,0,0,0,0.0
East,2010-09-27,2010-10-03,2010-10-03,181,76,3,3.9473684210526314
East,2010-10-04,2010-10-10,2010-10-10,35,12,0,0.0
East,2010-10-11,2010-10-17,2010-10-17,31,19,0,0.0
East,2010-10-18,2010-10-24,2010-10-24,1,0,0,0.0
East,2010-10-25,2010-10-31,2010-10-31,173,111,2,1.8018018018018018
East,2010-11-01,2010-11-07,2010-11-07,103,20,0,0.0
East,2010-11-08,2010-11-14,2010-11-14,83,49,1,2.0408163265306123
East,2010-11-15,2010-11-21,2010-11-21,29,17,0,0.0
East,2010-11-22,2010-11-28,2010-11-28,0,0,0,0.0
East,2010-11-29,2010-12-05,2010-12-05,0,0,0,0.0
East,2010-12-06,2010-12-12,2010-12-12,0,0,0,0.0
East,2010-12-13,2010-12-19,2010-12-19,0,0,0,0.0
East,2010-12-20,2010-12-26,2010-12-26,56,0,0,0.0
East,2010-12-27,2011-01-02,2011-01-02,10,4,0,0.0
East,2011-01-01,2011-09-22,2011-09-22,0,0,0,0.0
East,2011-01-03,2011-01-09,2011-01-09,46,0,0,0.0
East,2011-01-10,2011-01-16,2011-01-16,36,6,0,0.0
East,2011-01-17,2011-01-23,2011-01-23,0,0,0,0.0
East,2011-01-24,2011-01-30,2011-01-30,17,0,0,0.0
East,2011-01-31,2011-02-06,2011-02-06,57,0,0,0.0
East,2011-02-07,2011-02-13,2011-02-13,16,9,0,0.0
East,2011-02-14,2011-02-20,2011-02-20,32,15,0,0.0
East,2011-02-21,2011-02-27,2011-02-27,36,0,0,0.0
East,2011-02-28,2011-03-06,2011-03-06,80,31,1,3.225806451612903
East,2011-03-07,2011-03-13,2011-03-13,62,0,0,0.0
East,2011-03-14,2011-03-20,2011-03-20,0,0,0,0.0
East,2011-03-21,2011-03-27,2011-03-27,0,0,0,0.0
East,2011-03-28,2011-04-03,2011-04-03,23,15,0,0.0
East,2011-04-04,2011-04-10,2011-04-10,0,0,0,0.0
East,2011-04-11,2011-04-17,2011-04-17,0,0,0,0.0
East,2011-04-18,2011-04-24,2011-04-24,104,43,0,0.0
East,2011-04-25,2011-05-01,2011-05-01,60,20,0,0.0
East,2011-05-02,2011-05-08,2011-05-08,150,94,1,1.0638297872340425
East,2011-05-09,2011-05-15,2011-05-15,60,0,0,0.0
East,2011-05-16,2011-05-22,2011-05-22,119,12,0,0.0
East,2011-05-23,2011-05-29,2011-05-29,94,39,1,2.564102564102564
East,2011-05-30,2011-06-05,2011-06-05,167,49,0,0.0
East,2011-06-06,2011-06-12,2011-06-12,66,15,1,6.666666666666667
East,2011-06-13,2011-06-19,2011-06-19,0,0,0,0.0
East,2011-06-20,2011-06-26,2011-06-26,27,16,0,0.0
East,2011-06-27,2011-07-03,2011-07-03,0,0,0,0.0
East,2011-07-04,2011-07-10,2011-07-10,127,44,1,2.272727272727273
East,2011-07-11,2011-07-17,2011-07-17,44,0,0,0.0
East,2011-07-18,2011-07-24,2011-07-24,0,0,0,0.0
East,2011-07-25,2011-07-31,2011-07-31,122,0,0,0.0
East,2011-08-01,2011-08-07,2011-08-07,0,0,0,0.0
East,2011-08-08,2011-08-14,2011-08-14,44,0,0,0.0
East,2011-08-15,2011-08-21,2011-08-21,166,33,0,0.0
East,2011-08-22,2011-08-28,2011-08-28,32,10,0,0.0
East,2011-08-29,2011-09-04,2011-09-04,180,85,3,3.5294117647058822
East,2011-09-05,2011-09-11,2011-09-11,82,29,0,0.0
East,2011-09-12,2011-09-18,2011-09-18,0,0,0,0.0
East,2011-09-19,2011-09-25,2011-09-25,86,46,1,2.1739130434782608
East,2011-09-26,2011-10-02,2011-10-02,0,0,0,0.0
East,2011-10-03,2011-10-09,2011-10-09,157,21,1,4.761904761904762
East,2011-10-08,2011-10-09,2011-10-09,35,10,0,0.0
East,2011-10-10,2011-10-16,2011-10-16,263,128,2,1.5625
East,2011-10-17,2011-10-23,2011-10-23,123,77,1,1.2987012987012987
East,2011-10-24,2011-10-30,2011-10-30,198,45,0,0.0
East,2011-10-31,2011-11-06,2011-11-06,87,37,1,2.7027027027027026
East,2011-11-07,2011-11-13,2011-11-13,101,30,0,0.0
East,2011-11-14,2011-11-20,2011-11-20,33,6,0,0.0
East,2011-11-21,2011-11-27,2011-11-27,49,0,0,0.0
East,2011-11-28,2011-12-04,2011-12-04,34,12,0,0.0
East,2011-12-05,2011-12-11,2011-12-11,0,0,0,0.0
East,2011-12-12,2011-12-18,2011-12-18,0,0,0,0.0
East,2011-12-19,2011-12-25,2011-12-25,12,8,0,0.0
East,2011-12-26,2012-01-01,2012-01-01,57,13,0,0.0
East,2012-01-02,2012-01-08,2012-01-08,32,11,0,0.0
East,2012-01-09,2012-01-15,2012-01-15,90,29,1,3.4482758620689653
East,2012-01-16,2012-01-22,2012-01-22,0,0,0,0.0
East,2012-01-23,2012-01-29,2012-01-29,0,0,0,0.0
East,2012-01-30,2012-02-05,2012-02-05,19,0,0,0.0
East,2012-02-06,2012-02-12,2012-02-12,9,2,0,0.0
East,2012-02-13,2012-02-19,2012-02-19,0,0,0,0.0
East,2012-02-20,2012-02-26,2012-02-26,107,36,0,0.0
East,2012-02-27,2012-03-04,2012-03-04,86,41,1,2.4390243902439024
East,2012-03-05,2012-03-11,2012-03-11,9,4,0,0.0
East,2012-03-12,2012-03-18,2012-03-18,179,44,1,2.272727272727273
East,2012-03-19,2012-03-25,2012-03-25,28,0,0,0.0
East,2012-03-26,2012-04-01,2012-04-01,0,0,0,0.0
East,2012-04-02,2012-04-08,2012-04-08,75,22,0,0.0
East,2012-04-09,2012-04-15,2012-04-15,0,0,0,0.0
East,2012-04-16,2012-04-22,2012-04-22,44,0,0,0.0
East,2012-04-23,2012-04-29,2012-04-29,266,141,1,0.7092198581560284
East,2012-04-30,2012-05-06,2012-05-06,186,37,0,0.0
East,2012-05-07,2012-05-13,2012-05-13,256,71,1,1.4084507042253522
East,2012-05-14,2012-05-20,2012-05-20,170,0,0,0.0
East,2012-05-21,2012-05-27,2012-05-27,69,17,0,0.0
East,2012-05-28,2012-06-03,2012-06-03,100,4,0,0.0
East,2012-06-04,2012-06-10,2012-06-10,41,0,0,0.0
East,2012-06-11,2012-06-17,2012-06-17,46,26,1,3.8461538461538463
East,2012-06-18,2012-06-24,2012-06-24,225,50,1,2.0
East,2012-06-25,2012-07-01,2012-07-01,313,119,2,1.680672268907563
East,2012-07-02,2012-07-08,2012-07-08,389,0,0,0.0
East,2012-07-09,2012-07-15,2012-07-15,0,0,0,0.0
East,2012-07-16,2012-07-22,2012-07-22,0,0,0,0.0
East,2012-07-23,2012-07-29,2012-07-29,37,17,0,0.0
East,2012-07-30,2012-08-05,2012-08-05,71,0,0,0.0
East,2012-08-06,2012-08-12,2012-08-12,0,0,0,0.0
East,2012-08-13,2012-08-19,2012-08-19,62,0,0,0.0
East,2012-08-20,2012-08-26,2012-08-26,138,80,1,1.25
East,2012-08-27,2012-09-02,2012-09-02,395,116,3,2.586206896551724
East,2012-09-03,2012-09-09,2012-09-09,350,153,4,2.6143790849673203
East,2012-09-10,2012-09-16,2012-09-16,87,38,1,2.631578947368421
East,2012-09-17,2012-09-23,2012-09-23,43,17,0,0.0
East,2012-09-24,2012-09-30,2012-09-30,47,20,0,0.0
East,2012-10-01,2012-10-07,2012-10-07,0,0,0,0.0
East,2012-10-08,2012-10-14,2012-10-14,62,26,0,0.0
East,2012-10-15,2012-10-21,2012-10-21,116,57,0,0.0
East,2012-10-22,2012-10-28,2012-10-28,260,141,2,1.4184397163120568
East,2012-10-29,2012-11-04,2012-11-04,86,30,0,0.0
East,2012-11-05,2012-11-11,2012-11-11,132,12,0,0.0
East,2012-11-12,2012-11-18,2012-11-18,86,33,0,0.0
East,2012-11-19,2012-11-25,2012-11-25,0,0,0,0.0
East,2012-11-26,2012-12-02,2012-12-02,13,5,0,0.0
East,2012-12-03,2012-12-09,2012-12-09,12,0,0,0.0
East,2012-12-10,2012-12-16,2012-12-16,0,0,0,0.0
East,2012-12-17,2012-12-23,2012-12-23,27,11,0,0.0
East,2012-12-24,2012-12-30,2012-12-30,0,0,0,0.0
East,2012-12-31,2013-01-06,2013-01-06,8,5,0,0.0
East,2013-01-07,2013-01-13,2013-01-13,0,0,0,0.0
East,2013-01-14,2013-01-20,2013-01-20,26,0,0,0.0
East,2013-01-21,2013-01-27,2013-01-27,0,0,0,0.0
East,2013-01-28,2013-02-03,2013-02-03,11,0,0,0.0
East,2013-02-04,2013-02-10,2013-02-10,27,0,0,0.0
East,2013-02-11,2013-02-17,2013-02-17,0,0,0,0.0
East,2013-02-18,2013-02-24,2013-02-24,23,0,0,0.0
East,2013-02-25,2013-03-03,2013-03-03,53,17,0,0.0
East,2013-03-04,2013-03-10,2013-03-10,77,0,0,0.0
East,2013-03-11,2013-03-17,2013-03-17,23,0,0,0.0
East,2013-03-18,2013-03-24,2013-03-24,54,0,0,0.0
East,2013-03-25,2013-03-31,2013-03-31,0,0,0,0.0
East,2013-04-01,2013-04-07,2013-04-07,44,17,0,0.0
East,2013-04-08,2013-04-14,2013-04-14,176,0,1,0.0
East,2013-04-15,2013-04-21,2013-04-21,109,16,0,0.0
East,2013-04-22,2013-04-28,2013-04-28,22,0,0,0.0
East,2013-04-29,2013-05-05,2013-05-05,0,0,0,0.0
East,2013-05-06,2013-05-12,2013-05-12,61,0,0,0.0
East,2013-05-13,2013-05-19,2013-05-19,0,0,0,0.0
East,2013-05-20,2013-05-26,2013-05-26,19,5,0,0.0
East,2013-05-27,2013-06-02,2013-06-02,0,0,0,0.0
East,2013-06-03,2013-06-09,2013-06-09,37,0,0,0.0
East,2013-06-10,2013-06-16,2013-06-16,0,0,0,0.0
East,2013-06-17,2013-06-23,2013-06-23,62,27,1,3.7037037037037033
East,2013-06-24,2013-06-30,2013-06-30,32,18,0,0.0
East,2013-07-01,2013-07-07,2013-07-07,76,37,1,2.7027027027027026
East,2013-07-08,2013-07-14,2013-07-14,289,171,2,1.1695906432748537
East,2013-07-15,2013-07-21,2013-07-21,86,34,0,0.0
East,2013-07-22,2013-07-28,2013-07-28,0,0,0,0.0
East,2013-07-29,2013-08-04,2013-08-04,71,0,0,0.0
East,2013-08-05,2013-08-11,2013-08-11,0,0,0,0.0
East,2013-08-12,2013-08-18,2013-08-18,67,37,0,0.0
East,2013-08-19,2013-08-25,2013-08-25,0,0,0,0.0
East,2013-08-26,2013-09-01,2013-09-01,344,62,2,3.225806451612903
East,2013-09-02,2013-09-08,2013-09-08,0,0,0,0.0
East,2013-09-09,2013-09-15,2013-09-15,69,22,0,0.0
East,2013-09-16,2013-09-22,2013-09-22,56,33,1,3.0303030303030303
East,2013-09-23,2013-09-29,2013-09-29,56,25,1,4.0
East,2013-09-30,2013-10-06,2013-10-06,0,0,0,0.0
East,2013-10-07,2013-10-13,2013-10-13,0,0,0,0.0
East,2013-10-14,2013-10-20,2013-10-20,237,81,1,1.2345679012345678
East,2013-10-21,2013-10-27,2013-10-27,133,60,1,1.6666666666666667
East,2013-10-28,2013-11-03,2013-11-03,23,10,0,0.0
East,2013-11-04,2013-11-10,2013-11-10,21,5,0,0.0
East,2013-11-11,2013-11-17,2013-11-17,60,0,0,0.0
East,2013-11-18,2013-11-24,2013-11-24,70,13,0,0.0
East,2013-11-25,2013-12-01,2013-12-01,65,18,0,0.0
East,2013-12-02,2013-12-08,2013-12-08,53,26,1,3.8461538461538463
East,2013-12-09,2013-12-15,2013-12-15,67,25,0,0.0
East,2013-12-16,2013-12-22,2013-12-22,67,20,0,0.0
East,2013-12-23,2013-12-29,2013-12-29,125,60,1,1.6666666666666667
East,2013-12-30,2014-01-05,2014-01-05,0,0,0,0.0
East,2014-01-06,2014-01-12,2014-01-12,0,0,0,0.0
East,2014-01-13,2014-01-19,2014-01-19,0,0,0,0.0
East,2014-01-20,2014-01-26,2014-01-26,19,7,0,0.0
East,2014-01-27,2014-02-02,2014-02-02,76,35,0,0.0
East,2014-02-03,2014-02-09,2014-02-09,110,1,0,0.0
East,2014-02-10,2014-02-16,2014-02-16,0,0,0,0.0
East,2014-02-17,2014-02-23,2014-02-23,40,0,0,0.0
East,2014-02-24,2014-03-02,2014-03-02,183,59,0,0.0
East,2014-03-03,2014-03-09,2014-03-09,0,0,0,0.0
East,2014-03-10,2014-03-16,2014-03-16,351,139,1,0.7194244604316548
East,2014-03-17,2014-03-23,2014-03-23,0,0,0,0.0
East,2014-03-24,2014-03-30,2014-03-30,59,18,0,0.0
East,2014-03-31,2014-04-06,2014-04-06,63,24,0,0.0
East,2014-04-07,2014-04-13,2014-04-13,30,8,0,0.0
East,2014-04-14,2014-04-20,2014-04-20,242,132,3,2.272727272727273
East,2014-04-21,2014-04-27,2014-04-27,4,0,0,0.0
East,2014-04-28,2014-05-04,2014-05-04,37,17,0,0.0
East,2014-05-05,2014-05-11,2014-05-11,0,0,0,0.0
East,2014-05-12,2014-05-18,2014-05-18,174,85,4,4.705882352941177
East,2014-05-19,2014-05-25,2014-05-25,79,13,0,0.0
East,2014-05-26,2014-06-01,2014-06-01,0,0,0,0.0
East,2014-06-02,2014-06-08,2014-06-08,201,97,1,1.0309278350515463
East,2014-06-09,2014-06-15,2014-06-15,145,35,1,2.857142857142857
East,2014-06-16,2014-06-22,2014-06-22,0,0,0,0.0
East,2014-06-23,2014-06-29,2014-06-29,40,17,1,5.88235294117647
East,2014-06-30,2014-07-06,2014-07-06,64,33,0,0.0
East,2014-07-07,2014-07-13,2014-07-13,79,0,0,0.0
East,2014-07-14,2014-07-20,2014-07-20,87,50,1,2.0
East,2014-07-21,2014-07-27,2014-07-27,23,14,0,0.0
East,2014-07-28,2014-08-03,2014-08-03,364,235,2,0.851063829787234
East,2014-08-04,2014-08-10,2014-08-10,0,0,0,0.0
East,2014-08-11,2014-08-17,2014-08-17,0,0,0,0.0
East,2014-08-18,2014-08-24,2014-08-24,91,34,0,0.0
East,2014-08-25,2014-08-31,2014-08-31,163,38,0,0.0
East,2014-09-01,2014-09-07,2014-09-07,0,0,0,0.0
East,2014-09-08,2014-09-14,2014-09-14,321,31,1,3.225806451612903
East,2014-09-15,2014-09-21,2014-09-21,72,16,0,0.0
East,2014-09-22,2014-09-28,2014-09-28,354,109,2,1.834862385321101
East,2014-09-29,2014-10-05,2014-10-05,325,114,2,1.7543859649122806
East,2014-10-06,2014-10-12,2014-10-12,64,39,0,0.0
East,2014-10-13,2014-10-19,2014-10-19,38,12,0,0.0
East,2014-10-20,2014-10-26,2014-10-26,272,55,0,0.0
East,2014-10-27,2014-11-02,2014-11-02,164,63,1,1.5873015873015872
East,2014-11-03,2014-11-09,2014-11-09,170,35,1,2.857142857142857
East,2014-11-10,2014-11-16,2014-11-16,57,10,0,0.0
East,2014-11-17,2014-11-23,2014-11-23,0,0,0,0.0
East,2014-11-24,2014-11-30,2014-11-30,73,15,0,0.0
East,2014-12-01,2014-12-07,2014-12-07,0,0,0,0.0
East,2014-12-08,2014-12-14,2014-12-14,0,0,0,0.0
East,2014-12-15,2014-12-21,2014-12-21,26,0,0,0.0
East,2014-12-22,2014-12-28,2014-12-28,0,0,0,0.0
East,2014-12-29,2015-01-04,2015-01-04,17,0,0,0.0
East,2015-01-05,2015-01-11,2015-01-11,43,5,0,0.0
East,2015-01-12,2015-01-18,2015-01-18,16,7,0,0.0
East,2015-01-19,2015-01-25,2015-01-25,34,15,0,0.0
East,2015-01-26,2015-02-01,2015-02-01,16,0,0,0.0
East,2015-02-02,2015-02-08,2015-02-08,0,0,0,0.0
East,2015-02-09,2015-02-15,2015-02-15,0,0,0,0.0
East,2015-02-16,2015-02-22,2015-02-22,0,0,0,0.0
East,2015-02-23,2015-03-01,2015-03-01,23,0,0,0.0
East,2015-03-02,2015-03-08,2015-03-08,13,0,0,0.0
East,2015-03-09,2015-03-15,2015-03-15,18,9,0,0.0
East,2015-03-16,2015-03-22,2015-03-22,122,61,1,1.639344262295082
East,2015-03-23,2015-03-29,2015-03-29,37,19,0,0.0
East,2015-03-30,2015-04-05,2015-04-05,90,45,1,2.2222222222222223
East,2015-04-06,2015-04-12,2015-04-12,209,94,2,2.127659574468085
East,2015-04-13,2015-04-19,2015-04-19,19,12,0,0.0
East,2015-04-20,2015-04-26,2015-04-26,61,0,0,0.0
East,2015-04-27,2015-05-03,2015-05-03,88,0,0,0.0
East,2015-05-04,2015-05-10,2015-05-10,61,10,0,0.0
East,2015-05-11,2015-05-17,2015-05-17,0,0,0,0.0
East,2015-05-18,2015-05-24,2015-05-24,266,171,4,2.3391812865497075
East,2015-05-25,2015-05-31,2015-05-31,191,53,1,1.8867924528301887
East,2015-06-01,2015-06-07,2015-06-07,127,0,0,0.0
East,2015-06-08,2015-06-14,2015-06-14,21,5,0,0.0
East,2015-06-15,2015-06-21,2015-06-21,299,120,2,1.6666666666666667
East,2015-06-22,2015-06-28,2015-06-28,105,0,0,0.0
East,2015-06-29,2015-07-05,2015-07-05,0,0,0,0.0
East,2015-07-06,2015-07-12,2015-07-12,3,2,0,0.0
East,2015-07-13,2015-07-19,2015-07-19,22,0,1,0.0
East,2015-07-20,2015-07-26,2015-07-26,18,11,0,0.0
East,2015-07-27,2015-08-02,2015-08-02,301,84,2,2.380952380952381
East,2015-08-03,2015-08-09,2015-08-09,75,7,0,0.0
East,2015-08-10,2015-08-16,2015-08-16,0,0,0,0.0
East,2015-08-17,2015-08-23,2015-08-23,178,42,0,0.0
East,2015-08-24,2015-08-30,2015-08-30,0,0,0,0.0
East,2015-08-31,2015-09-06,2015-09-06,50,0,0,0.0
East,2015-09-07,2015-09-13,2015-09-13,98,0,0,0.0
East,2015-09-14,2015-09-20,2015-09-20,71,47,1,2.127659574468085
East,2015-09-21,2015-09-27,2015-09-27,82,0,0,0.0
East,2015-09-28,2015-10-04,2015-10-04,0,0,0,0.0
East,2015-10-05,2015-10-11,2015-10-11,208,37,1,2.7027027027027026
East,2015-10-12,2015-10-18,2015-10-18,83,33,0,0.0
East,2015-10-19,2015-10-25,2015-10-25,206,42,0,0.0
East,2015-10-26,2015-11-01,2015-11-01,0,0,0,0.0
East,2015-11-02,2015-11-08,2015-11-08,0,0,0,0.0
East,2015-11-09,2015-11-15,2015-11-15,216,26,1,3.8461538461538463
East,2015-11-16,2015-11-22,2015-11-22,9,4,0,0.0
East,2015-11-23,2015-11-29,2015-11-29,0,0,0,0.0
East,2015-11-30,2015-12-06,2015-12-06,32,8,0,0.0
East,2015-12-07,2015-12-13,2015-12-13,0,0,0,0.0
East,2015-12-14,2015-12-20,2015-12-20,23,10,0,0.0
East,2015-12-21,2015-12-27,2015-12-27,62,24,0,0.0
East,2016-01-04,2016-01-10,2016-01-10,0,0,0,0.0
East,2016-01-11,2016-01-17,2016-01-17,0,0,0,0.0
East,2016-01-18,2016-01-24,2016-01-24,0,0,0,0.0
East,2016-01-25,2016-01-31,2016-01-31,12,5,0,0.0
East,2016-02-01,2016-02-07,2016-02-07,80,21,1,4.761904761904762
East,2016-02-08,2016-02-14,2016-02-14,7,4,0,0.0
East,2016-02-15,2016-02-21,2016-02-21,43,15,0,0.0
East,2016-02-22,2016-02-28,2016-02-28,0,0,0,0.0
East,2016-02-29,2016-03-06,2016-03-06,30,8,0,0.0
East,2016-03-07,2016-03-13,2016-03-13,53,28,1,3.571428571428571
East,2016-03-14,2016-03-20,2016-03-20,45,24,1,4.166666666666666
East,2016-03-21,2016-03-27,2016-03-27,82,27,1,3.7037037037037033
East,2016-03-28,2016-04-03,2016-04-03,69,36,0,0.0
East,2016-04-04,2016-04-10,2016-04-10,3,0,0,0.0
East,2016-04-11,2016-04-17,2016-04-17,93,27,1,3.7037037037037033
East,2016-04-18,2016-04-24,2016-04-24,69,42,1,2.380952380952381
East,2016-04-25,2016-05-01,2016-05-01,47,25,0,0.0
East,2016-05-02,2016-05-08,2016-05-08,56,6,0,0.0
East,2016-05-09,2016-05-15,2016-05-15,0,0,0,0.0
East,2016-05-16,2016-05-22,2016-05-22,13,8,0,0.0
East,2016-05-23,2016-05-29,2016-05-29,176,0,0,0.0
East,2016-05-30,2016-06-05,2016-06-05,158,91,2,2.197802197802198
East,2016-06-06,2016-06-12,2016-06-12,0,0,0,0.0
East,2016-06-13,2016-06-19,2016-06-19,136,65,0,0.0
East,2016-06-20,2016-06-26,2016-06-26,81,32,0,0.0
East,2016-06-27,2016-07-03,2016-07-03,0,0,0,0.0
East,2016-07-04,2016-07-10,2016-07-10,42,18,0,0.0
East,2016-07-11,2016-07-17,2016-07-17,59,0,0,0.0
East,2016-07-18,2016-07-24,2016-07-24,110,17,0,0.0
East,2016-07-25,2016-07-31,2016-07-31,25,9,0,0.0
East,2016-08-01,2016-08-07,2016-08-07,0,0,0,0.0
East,2016-08-08,2016-08-14,2016-08-14,21,8,0,0.0
East,2016-08-15,2016-08-21,2016-08-21,54,13,0,0.0
East,2016-08-22,2016-08-28,2016-08-28,97,0,0,0.0
East,2016-08-29,2016-09-04,2016-09-04,124,72,0,0.0
East,2016-09-05,2016-09-11,2016-09-11,0,0,0,0.0
East,2016-09-12,2016-09-18,2016-09-18,410,143,3,2.097902097902098
East,2016-09-19,2016-09-25,2016-09-25,40,10,0,0.0
East,2016-09-26,2016-10-02,2016-10-02,324,156,3,1.9230769230769231
East,2016-10-03,2016-10-09,2016-10-09,98,20,0,0.0
East,2016-10-10,2016-10-16,2016-10-16,62,0,0,0.0
East,2016-10-17,2016-10-23,2016-10-23,157,52,1,1.9230769230769231
East,2016-10-24,2016-10-30,2016-10-30,0,0,0,0.0
East,2016-10-31,2016-11-06,2016-11-06,184,0,0,0.0
East,2016-11-07,2016-11-13,2016-11-13,0,0,0,0.0
East,2016-11-14,2016-11-20,2016-11-20,57,13,0,0.0
East,2016-11-21,2016-11-27,2016-11-27,0,0,0,0.0
East,2016-11-28,2016-12-04,2016-12-04,34,0,0,0.0
East,2016-12-05,2016-12-11,2016-12-11,0,0,0,0.0
East,2016-12-12,2016-12-18,2016-12-18,0,0,0,0.0
East,2016-12-19,2016-12-25,2016-12-25,0,0,0,0.0
East,2016-12-26,2017-01-01,2017-01-01,37,0,0,0.0
East,2017-01-02,2017-01-08,2017-01-08,0,0,0,0.0
East,2017-01-09,2017-01-15,2017-01-15,0,0,0,0.0
East,2017-01-16,2017-01-22,2017-01-22,0,0,0,0.0
East,2017-01-23,2017-01-29,2017-01-29,0,0,0,0.0
East,2017-01-30,2017-02-05,2017-02-05,0,0,0,0.0
East,2017-02-06,2017-02-12,2017-02-12,16,0,0,0.0
East,2017-02-13,2017-02-19,2017-02-19,0,0,0,0.0
East,2017-02-20,2017-02-26,2017-02-26,13,3,0,0.0
East,2017-02-27,2017-03-05,2017-03-05,13,0,0,0.0
East,2017-03-06,2017-03-12,2017-03-12,109,38,1,2.631578947368421
East,2017-03-13,2017-03-19,2017-03-19,0,0,0,0.0
East,2017-03-20,2017-03-26,2017-03-26,0,0,0,0.0
East,2017-03-27,2017-04-02,2017-04-02,148,23,0,0.0
East,2017-04-03,2017-04-09,2017-04-09,0,0,0,0.0
East,2017-04-10,2017-04-16,2017-04-16,19,7,0,0.0
East,2017-04-17,2017-04-23,2017-04-23,28,10,0,0.0
East,2017-04-24,2017-04-30,2017-04-30,35,0,0,0.0
East,2017-05-01,2017-05-07,2017-05-07,80,50,1,2.0
East,2017-05-08,2017-05-14,2017-05-14,162,44,1,2.272727272727273
East,2017-05-15,2017-05-21,2017-05-21,86,29,0,0.0
East,2017-05-22,2017-05-28,2017-05-28,130,22,0,0.0
East,2017-05-29,2017-06-04,2017-06-04,0,0,0,0.0
East,2017-06-05,2017-06-11,2017-06-11,71,45,0,0.0
East,2017-06-12,2017-06-18,2017-06-18,0,0,0,0.0
East,2017-06-19,2017-06-25,2017-06-25,0,0,0,0.0
East,2017-06-26,2017-07-02,2017-07-02,67,38,1,2.631578947368421
East,2017-07-03,2017-07-09,2017-07-09,204,98,2,2.0408163265306123
East,2017-07-10,2017-07-16,2017-07-16,31,14,0,0.0
East,2017-07-17,2017-07-23,2017-07-23,181,109,1,0.9174311926605505
East,2017-07-24,2017-07-30,2017-07-30,75,0,0,0.0
East,2017-07-31,2017-08-06,2017-08-06,416,123,3,2.4390243902439024
East,2017-08-07,2017-08-13,2017-08-13,0,0,0,0.0
East,2017-08-14,2017-08-20,2017-08-20,0,0,0,0.0
East,2017-08-21,2017-08-27,2017-08-27,0,0,0,0.0
East,2017-08-28,2017-09-03,2017-09-03,71,0,0,0.0
East,2017-09-04,2017-09-10,2017-09-10,67,31,0,0.0
East,2017-09-11,2017-09-17,2017-09-17,142,13,0,0.0
East,2017-09-18,2017-09-24,2017-09-24,391,164,2,1.2195121951219512
East,2017-09-25,2017-10-01,2017-10-01,205,0,0,0.0
East,2017-10-02,2017-10-08,2017-10-08,362,29,1,3.4482758620689653
East,2017-10-09,2017-10-15,2017-10-15,252,109,2,1.834862385321101
East,2017-10-16,2017-10-22,2017-10-22,3,1,0,0.0
East,2017-10-23,2017-10-29,2017-10-29,60,0,0,0.0
East,2017-10-30,2017-11-05,2017-11-05,37,17,0,0.0
East,2017-11-06,2017-11-12,2017-11-12,0,0,0,0.0
East,2017-11-13,2017-11-19,2017-11-19,0,0,0,0.0
East,2017-11-20,2017-11-26,2017-11-26,31,9,0,0.0
East,2017-11-27,2017-12-03,2017-12-03,0,0,0,0.0
East,2017-12-04,2017-12-10,2017-12-10,40,22,0,0.0
East,2017-12-11,2017-12-17,2017-12-17,0,0,0,0.0
East,2017-12-18,2017-12-24,2017-12-24,130,51,1,1.9607843137254901
East,2017-12-25,2017-12-31,2017-12-31,0,0,0,0.0
East,2018-01-01,2018-01-07,2018-01-07,8,5,0,0.0
East,2018-01-01,2018-12-30,2018-12-30,51,21,0,0.0
East,2018-01-08,2018-01-14,2018-01-14,36,15,0,0.0
East,2018-01-15,2018-01-21,2018-01-21,0,0,0,0.0
East,2018-01-22,2018-01-28,2018-01-28,0,0,0,0.0
East,2018-01-29,2018-02-04,2018-02-04,30,12,0,0.0
East,2018-02-05,2018-02-11,2018-02-11,31,12,0,0.0
East,2018-02-12,2018-02-18,2018-02-18,29,6,0,0.0
East,2018-02-19,2018-02-25,2018-02-25,44,12,0,0.0
East,2018-02-26,2018-03-04,2018-03-04,0,0,0,0.0
East,2018-03-05,2018-03-11,2018-03-11,34,17,0,0.0
East,2018-03-12,2018-03-18,2018-03-18,155,50,0,0.0
East,2018-03-19,2018-03-25,2018-03-25,0,0,0,0.0
East,2018-03-26,2018-04-01,2018-04-01,75,33,0,0.0
East,2018-04-02,2018-04-08,2018-04-08,120,6,0,0.0
East,2018-04-09,2018-04-15,2018-04-15,38,20,0,0.0
East,2018-04-16,2018-04-22,2018-04-22,47,23,0,0.0
East,2018-04-23,2018-04-29,2018-04-29,61,35,0,0.0
East,2018-04-30,2018-05-06,2018-05-06,111,62,1,1.6129032258064515
East,2018-05-07,2018-05-13,2018-05-13,282,84,3,3.571428571428571
East,2018-05-14,2018-05-20,2018-05-20,205,78,1,1.282051282051282
East,2018-05-21,2018-05-27,2018-05-27,92,35,0,0.0
East,2018-05-28,2018-06-03,2018-06-03,84,18,0,0.0
East,2018-06-04,2018-06-10,2018-06-10,0,0,0,0.0
East,2018-06-11,2018-06-17,2018-06-17,36,0,0,0.0
East,2018-06-18,2018-06-24,2018-06-24,96,52,3,5.769230769230769
East,2018-06-25,2018-07-01,2018-07-01,364,117,4,3.418803418803419
East,2018-07-02,2018-07-08,2018-07-08,255,169,4,2.366863905325444
East,2018-07-09,2018-07-15,2018-07-15,236,0,0,0.0
East,2018-07-16,2018-07-22,2018-07-22,0,0,0,0.0
East,2018-07-23,2018-07-29,2018-07-29,255,100,2,2.0
East,2018-07-30,2018-08-05,2018-08-05,50,0,0,0.0
East,2018-08-06,2018-08-12,2018-08-12,87,36,0,0.0
East,2018-08-13,2018-08-19,2018-08-19,0,0,0,0.0
East,2018-08-20,2018-08-26,2018-08-26,230,145,1,0.6896551724137931
East,2018-08-27,2018-09-02,2018-09-02,91,53,1,1.8867924528301887
East,2018-09-03,2018-09-09,2018-09-09,117,46,1,2.1739130434782608
East,2018-09-10,2018-09-16,2018-09-16,84,56,0,0.0
East,2018-09-17,2018-09-23,2018-09-23,64,38,1,2.631578947368421
East,2018-09-24,2018-09-30,2018-09-30,0,0,0,0.0
East,2018-10-01,2018-10-07,2018-10-07,36,15,0,0.0
East,2018-10-08,2018-10-14,2018-10-14,77,23,1,4.3478260869565215
East,2018-10-15,2018-10-21,2018-10-21,5,0,0,0.0
East,2018-10-22,2018-10-28,2018-10-28,130,19,0,0.0
East,2018-10-29,2018-11-04,2018-11-04,10,0,0,0.0
East,2018-11-05,2018-11-11,2018-11-11,0,0,0,0.0
East,2018-11-12,2018-11-18,2018-11-18,59,25,0,0.0
East,2018-11-19,2018-11-25,2018-11-25,120,16,0,0.0
East,2018-11-26,2018-12-02,2018-12-02,0,0,0,0.0
East,2018-12-10,2018-12-16,2018-12-16,0,0,0,0.0
East,2018-12-17,2018-12-23,2018-12-23,44,18,0,0.0
East,2018-12-24,2018-12-30,2018-12-30,0,0,0,0.0
East,2018-12-31,2019-01-06,2019-01-06,0,0,0,0.0
East,2018-12-31,2019-12-29,2019-12-29,12,0,0,0.0
East,2019-01-07,2019-01-13,2019-01-13,0,0,0,0.0
East,2019-01-14,2019-01-20,2019-01-20,14,4,0,0.0
East,2019-01-21,2019-01-27,2019-01-27,0,0,0,0.0
East,2019-01-28,2019-02-03,2019-02-03,75,35,0,0.0
East,2019-02-04,2019-02-10,2019-02-10,43,0,0,0.0
East,2019-02-11,2019-02-17,2019-02-17,13,0,0,0.0
East,2019-02-18,2019-02-24,2019-02-24,0,0,0,0.0
East,2019-02-25,2019-03-03,2019-03-03,40,18,0,0.0
East,2019-03-04,2019-03-10,2019-03-10,30,0,0,0.0
East,2019-03-11,2019-03-17,2019-03-17,0,0,0,0.0
East,2019-03-18,2019-03-24,2019-03-24,0,0,0,0.0
East,2019-05-13,2019-05-19,2019-05-19,33,9,0,0.0
Far North,2010-01-04,2010-01-10,2010-01-10,186,43,0,0.0
Far North,2010-01-11,2010-01-17,2010-01-17,62,31,0,0.0
Far North,2010-01-18,2010-01-24,2010-01-24,73,35,0,0.0
Far North,2010-01-25,2010-01-31,2010-01-31,0,0,0,0.0
Far North,2010-02-01,2010-02-07,2010-02-07,49,4,0,0.0
Far North,2010-02-08,2010-02-14,2010-02-14,57,31,0,0.0
Far North,2010-02-15,2010-02-21,2010-02-21,111,25,1,4.0
Far North,2010-02-22,2010-02-28,2010-02-28,138,34,1,2.941176470588235
Far North,2010-03-01,2010-03-07,2010-03-07,98,30,0,0.0
Far North,2010-03-08,2010-03-14,2010-03-14,127,29,0,0.0
Far North,2010-03-15,2010-03-21,2010-03-21,373,163,8,4.9079754601226995
Far North,2010-03-22,2010-03-28,2010-03-28,92,24,0,0.0
Far North,2010-03-29,2010-04-04,2010-04-04,100,25,1,4.0
Far North,2010-04-05,2010-04-11,2010-04-11,92,26,0,0.0
Far North,2010-04-12,2010-04-18,2010-04-18,287,140,2,1.4285714285714286
Far North,2010-04-19,2010-04-25,2010-04-25,189,26,1,3.8461538461538463
Far North,2010-04-26,2010-05-02,2010-05-02,620,25,0,0.0
Far North,2010-05-03,2010-05-09,2010-05-09,211,78,2,2.564102564102564
Far North,2010-05-10,2010-05-16,2010-05-16,280,92,2,2.1739130434782608
Far North,2010-05-17,2010-05-23,2010-05-23,335,41,0,0.0
Far North,2010-05-24,2010-05-30,2010-05-30,503,119,6,5.042016806722689
Far North,2010-05-31,2010-06-06,2010-06-06,565,256,8,3.125
Far North,2010-06-07,2010-06-13,2010-06-13,402,243,8,3.292181069958848
Far North,2010-06-14,2010-06-20,2010-06-20,218,82,3,3.6585365853658534
Far North,2010-06-21,2010-06-27,2010-06-27,476,212,5,2.358490566037736
Far North,2010-06-28,2010-07-04,2010-07-04,464,203,8,3.9408866995073892
Far North,2010-07-05,2010-07-11,2010-07-11,664,221,8,3.619909502262444
Far North,2010-07-12,2010-07-18,2010-07-18,1164,460,11,2.391304347826087
Far North,2010-07-19,2010-07-25,2010-07-25,1142,353,12,3.39943342776204
Far North,2010-07-26,2010-08-01,2010-08-01,651,104,3,2.8846153846153846
Far North,2010-08-02,2010-08-08,2010-08-08,1310,360,23,6.388888888888888
Far North,2010-08-09,2010-08-15,2010-08-15,1364,366,15,4.098360655737705
Far North,2010-08-16,2010-08-22,2010-08-22,1413,444,25,5.63063063063063
Far North,2010-08-23,2010-08-29,2010-08-29,1302,425,24,5.647058823529412
Far North,2010-08-30,2010-09-05,2010-09-05,1224,451,20,4.434589800443459
Far North,2010-09-06,2010-09-12,2010-09-12,1167,454,24,5.286343612334802
Far North,2010-09-13,2010-09-19,2010-09-19,1434,537,16,2.97951582867784
Far North,2010-09-20,2010-09-26,2010-09-26,1032,366,10,2.73224043715847
Far North,2010-09-27,2010-10-03,2010-10-03,1294,481,13,2.7027027027027026
Far North,2010-10-04,2010-10-10,2010-10-10,1276,292,10,3.4246575342465753
Far North,2010-10-11,2010-10-17,2010-10-17,667,281,12,4.270462633451958
Far North,2010-10-18,2010-10-24,2010-10-24,1041,515,10,1.9417475728155338
Far North,2010-10-25,2010-10-31,2010-10-31,891,417,9,2.158273381294964
Far North,2010-11-01,2010-11-07,2010-11-07,521,101,4,3.9603960396039604
Far North,2010-11-08,2010-11-14,2010-11-14,428,160,3,1.875
Far North,2010-11-15,2010-11-21,2010-11-21,388,114,3,2.631578947368421
Far North,2010-11-22,2010-11-28,2010-11-28,457,182,4,2.197802197802198
Far North,2010-11-29,2010-12-05,2010-12-05,229,72,2,2.7777777777777777
Far North,2010-12-06,2010-12-12,2010-12-12,236,75,2,2.666666666666667
Far North,2010-12-13,2010-12-19,2010-12-19,119,44,0,0.0
Far North,2010-12-20,2010-12-26,2010-12-26,149,21,0,0.0
Far North,2010-12-27,2011-01-02,2011-01-02,119,2,0,0.0
Far North,2011-01-01,2011-09-22,2011-09-22,4086,1532,86,5.613577023498695
Far North,2011-01-03,2011-01-09,2011-01-09,117,57,1,1.7543859649122806
Far North,2011-01-10,2011-01-16,2011-01-16,105,22,0,0.0
Far North,2011-01-17,2011-01-23,2011-01-23,118,37,1,2.7027027027027026
Far North,2011-01-24,2011-01-30,2011-01-30,4,1,0,0.0
Far North,2011-01-31,2011-02-06,2011-02-06,473,181,3,1.6574585635359116
Far North,2011-02-07,2011-02-13,2011-02-13,0,0,0,0.0
Far North,2011-02-14,2011-02-20,2011-02-20,177,56,2,3.571428571428571
Far North,2011-02-21,2011-02-27,2011-02-27,226,67,2,2.9850746268656714
Far North,2011-02-28,2011-03-06,2011-03-06,100,38,1,2.631578947368421
Far North,2011-03-07,2011-03-13,2011-03-13,194,0,0,0.0
Far North,2011-03-14,2011-03-20,2011-03-20,230,141,3,2.127659574468085
Far North,2011-03-21,2011-03-27,2011-03-27,212,93,1,1.0752688172043012
Far North,2011-03-28,2011-04-03,2011-04-03,225,70,1,1.4285714285714286
Far North,2011-04-04,2011-04-10,2011-04-10,281,57,1,1.7543859649122806
Far North,2011-04-11,2011-04-17,2011-04-17,119,46,0,0.0
Far North,2011-04-18,2011-04-24,2011-04-24,227,0,0,0.0
Far North,2011-04-25,2011-05-01,2011-05-01,118,0,0,0.0
Far North,2011-05-02,2011-05-08,2011-05-08,279,122,4,3.278688524590164
Far North,2011-05-09,2011-05-15,2011-05-15,473,192,4,2.083333333333333
Far North,2011-05-16,2011-05-22,2011-05-22,482,194,4,2.0618556701030926
Far North,2011-05-23,2011-05-29,2011-05-29,496,71,1,1.4084507042253522
Far North,2011-05-30,2011-06-05,2011-06-05,409,142,2,1.4084507042253522
Far North,2011-06-06,2011-06-12,2011-06-12,451,96,1,1.0416666666666665
Far North,2011-06-13,2011-06-19,2011-06-19,244,38,2,5.263157894736842
Far North,2011-06-20,2011-06-26,2011-06-26,625,251,5,1.9920318725099602
Far North,2011-06-27,2011-07-03,2011-07-03,873,221,6,2.7149321266968327
Far North,2011-07-04,2011-07-10,2011-07-10,770,272,7,2.5735294117647056
Far North,2011-07-11,2011-07-17,2011-07-17,1112,168,7,4.166666666666666
Far North,2011-07-18,2011-07-24,2011-07-24,575,156,5,3.205128205128205
Far North,2011-07-25,2011-07-31,2011-07-31,650,236,7,2.9661016949152543
Far North,2011-08-01,2011-08-07,2011-08-07,1012,364,15,4.1208791208791204
Far North,2011-08-08,2011-08-14,2011-08-14,1545,695,16,2.302158273381295
Far North,2011-08-15,2011-08-21,2011-08-21,1053,381,7,1.837270341207349
Far North,2011-08-22,2011-08-28,2011-08-28,1539,437,9,2.059496567505721
Far North,2011-08-29,2011-09-04,2011-09-04,1138,227,8,3.524229074889868
Far North,2011-09-05,2011-09-11,2011-09-11,1497,531,10,1.8832391713747645
Far North,2011-09-12,2011-09-18,2011-09-18,1440,577,14,2.4263431542461005
Far North,2011-09-19,2011-09-25,2011-09-25,843,300,10,3.3333333333333335
Far North,2011-09-26,2011-10-02,2011-10-02,746,283,8,2.8268551236749118
Far North,2011-10-03,2011-10-09,2011-10-09,664,212,4,1.8867924528301887
Far North,2011-10-10,2011-10-16,2011-10-16,750,245,5,2.0408163265306123
Far North,2011-10-17,2011-10-23,2011-10-23,451,129,2,1.550387596899225
Far North,2011-10-24,2011-10-30,2011-10-30,244,95,2,2.1052631578947367
Far North,2011-10-31,2011-11-06,2011-11-06,297,90,2,2.2222222222222223
Far North,2011-11-07,2011-11-13,2011-11-13,320,100,1,1.0
Far North,2011-11-14,2011-11-20,2011-11-20,162,43,0,0.0
Far North,2011-11-21,2011-11-27,2011-11-27,67,35,0,0.0
Far North,2011-11-28,2011-12-04,2011-12-04,22,0,0,0.0
Far North,2011-12-05,2011-12-11,2011-12-11,208,84,1,1.1904761904761905
Far North,2011-12-12,2011-12-18,2011-12-18,65,23,0,0.0
Far North,2011-12-19,2011-12-25,2011-12-25,49,0,0,0.0
Far North,2011-12-26,2012-01-01,2012-01-01,78,23,0,0.0
Far North,2012-01-02,2012-01-08,2012-01-08,0,0,0,0.0
Far North,2012-01-09,2012-01-15,2012-01-15,0,0,0,0.0
Far North,2012-01-16,2012-01-22,2012-01-22,328,86,2,2.3255813953488373
Far North,2012-01-23,2012-01-29,2012-01-29,70,28,1,3.571428571428571
Far North,2012-01-30,2012-02-05,2012-02-05,234,18,0,0.0
Far North,2012-02-06,2012-02-12,2012-02-12,44,21,0,0.0
Far North,2012-02-13,2012-02-19,2012-02-19,121,62,0,0.0
Far North,2012-02-20,2012-02-26,2012-02-26,124,9,0,0.0
Far North,2012-02-27,2012-03-04,2012-03-04,0,0,0,0.0
Far North,2012-03-05,2012-03-11,2012-03-11,66,13,0,0.0
Far North,2012-03-12,2012-03-18,2012-03-18,227,32,0,0.0
Far North,2012-03-19,2012-03-25,2012-03-25,0,0,0,0.0
Far North,2012-03-26,2012-04-01,2012-04-01,147,20,0,0.0
Far North,2012-04-02,2012-04-08,2012-04-08,121,59,1,1.694915254237288
Far North,2012-04-09,2012-04-15,2012-04-15,170,61,1,1.639344262295082
Far North,2012-04-16,2012-04-22,2012-04-22,237,69,1,1.4492753623188406
Far North,2012-04-23,2012-04-29,2012-04-29,28,10,0,0.0
Far North,2012-04-30,2012-05-06,2012-05-06,118,29,1,3.4482758620689653
Far North,2012-05-07,2012-05-13,2012-05-13,195,69,1,1.4492753623188406
Far North,2012-05-14,2012-05-20,2012-05-20,63,37,0,0.0
Far North,2012-05-21,2012-05-27,2012-05-27,286,90,2,2.2222222222222223
Far North,2012-05-28,2012-06-03,2012-06-03,299,68,0,0.0
Far North,2012-06-04,2012-06-10,2012-06-10,349,122,1,0.819672131147541
Far North,2012-06-11,2012-06-17,2012-06-17,223,131,3,2.2900763358778624
Far North,2012-06-18,2012-06-24,2012-06-24,79,34,1,2.941176470588235
Far North,2012-06-25,2012-07-01,2012-07-01,267,153,6,3.9215686274509802
Far North,2012-07-02,2012-07-08,2012-07-08,326,134,2,1.4925373134328357
Far North,2012-07-09,2012-07-15,2012-07-15,219,107,2,1.8691588785046727
Far North,2012-07-16,2012-07-22,2012-07-22,164,48,1,2.083333333333333
Far North,2012-07-23,2012-07-29,2012-07-29,231,43,1,2.3255813953488373
Far North,2012-07-30,2012-08-05,2012-08-05,271,108,1,0.9259259259259258
Far North,2012-08-06,2012-08-12,2012-08-12,132,85,2,2.3529411764705883
Far North,2012-08-13,2012-08-19,2012-08-19,325,132,3,2.272727272727273
Far North,2012-08-20,2012-08-26,2012-08-26,283,76,2,2.631578947368421
Far North,2012-08-27,2012-09-02,2012-09-02,187,0,0,0.0
Far North,2012-09-03,2012-09-09,2012-09-09,106,31,0,0.0
Far North,2012-09-10,2012-09-16,2012-09-16,442,76,2,2.631578947368421
Far North,2012-09-17,2012-09-23,2012-09-23,160,42,0,0.0
Far North,2012-09-24,2012-09-30,2012-09-30,146,15,0,0.0
Far North,2012-10-01,2012-10-07,2012-10-07,525,125,3,2.4
Far North,2012-10-08,2012-10-14,2012-10-14,294,19,0,0.0
Far North,2012-10-15,2012-10-21,2012-10-21,275,86,1,1.1627906976744187
Far North,2012-10-22,2012-10-28,2012-10-28,205,11,0,0.0
Far North,2012-10-29,2012-11-04,2012-11-04,336,153,2,1.3071895424836601
Far North,2012-11-05,2012-11-11,2012-11-11,43,12,0,0.0
Far North,2012-11-12,2012-11-18,2012-11-18,66,15,1,6.666666666666667
Far North,2012-11-19,2012-11-25,2012-11-25,190,84,0,0.0
Far North,2012-11-26,2012-12-02,2012-12-02,78,15,0,0.0
Far North,2012-12-03,2012-12-09,2012-12-09,117,55,0,0.0
Far North,2012-12-10,2012-12-16,2012-12-16,76,41,0,0.0
Far North,2012-12-17,2012-12-23,2012-12-23,70,0,0,0.0
Far North,2012-12-24,2012-12-30,2012-12-30,68,25,0,0.0
Far North,2012-12-31,2013-01-06,2013-01-06,107,24,0,0.0
Far North,2013-01-07,2013-01-13,2013-01-13,0,0,0,0.0
Far North,2013-01-14,2013-01-20,2013-01-20,125,51,2,3.9215686274509802
Far North,2013-01-21,2013-01-27,2013-01-27,0,0,0,0.0
Far North,2013-01-28,2013-02-03,2013-02-03,116,9,0,0.0
Far North,2013-02-04,2013-02-10,2013-02-10,191,46,2,4.3478260869565215
Far North,2013-02-11,2013-02-17,2013-02-17,61,0,0,0.0
Far North,2013-02-18,2013-02-24,2013-02-24,31,20,0,0.0
Far North,2013-02-25,2013-03-03,2013-03-03,208,41,0,0.0
Far North,2013-03-04,2013-03-10,2013-03-10,177,43,1,2.3255813953488373
Far North,2013-03-11,2013-03-17,2013-03-17,109,20,0,0.0
Far North,2013-03-18,2013-03-24,2013-03-24,52,12,0,0.0
Far North,2013-03-25,2013-03-31,2013-03-31,78,25,1,4.0
Far North,2013-04-01,2013-04-07,2013-04-07,177,49,0,0.0
Far North,2013-04-08,2013-04-14,2013-04-14,284,130,2,1.5384615384615385
Far North,2013-04-15,2013-04-21,2013-04-21,195,50,1,2.0
Far North,2013-04-22,2013-04-28,2013-04-28,107,0,0,0.0
Far North,2013-04-29,2013-05-05,2013-05-05,151,49,1,2.0408163265306123
Far North,2013-05-06,2013-05-12,2013-05-12,435,59,1,1.694915254237288
Far North,2013-05-13,2013-05-19,2013-05-19,306,73,1,1.36986301369863
Far North,2013-05-20,2013-05-26,2013-05-26,307,44,1,2.272727272727273
Far North,2013-05-27,2013-06-02,2013-06-02,402,109,2,1.834862385321101
Far North,2013-06-03,2013-06-09,2013-06-09,60,31,1,3.225806451612903
Far North,2013-06-10,2013-06-16,2013-06-16,460,172,3,1.744186046511628
Far North,2013-06-17,2013-06-23,2013-06-23,195,70,1,1.4285714285714286
Far North,2013-06-24,2013-06-30,2013-06-30,307,78,2,2.564102564102564
Far North,2013-07-01,2013-07-07,2013-07-07,454,212,2,0.9433962264150944
Far North,2013-07-08,2013-07-14,2013-07-14,676,126,3,2.380952380952381
Far North,2013-07-15,2013-07-21,2013-07-21,285,14,0,0.0
Far North,2013-07-22,2013-07-28,2013-07-28,602,251,6,2.3904382470119523
Far North,2013-07-29,2013-08-04,2013-08-04,74,22,0,0.0
Far North,2013-08-05,2013-08-11,2013-08-11,47,13,0,0.0
Far North,2013-08-12,2013-08-18,2013-08-18,398,144,2,1.3888888888888888
Far North,2013-08-19,2013-08-25,2013-08-25,148,92,1,1.0869565217391304
Far North,2013-08-26,2013-09-01,2013-09-01,130,46,1,2.1739130434782608
Far North,2013-09-02,2013-09-08,2013-09-08,278,30,1,3.3333333333333335
Far North,2013-09-09,2013-09-15,2013-09-15,228,103,1,0.9708737864077669
Far North,2013-09-16,2013-09-22,2013-09-22,110,36,0,0.0
Far North,2013-09-23,2013-09-29,2013-09-29,147,84,0,0.0
Far North,2013-09-30,2013-10-06,2013-10-06,83,48,1,2.083333333333333
Far North,2013-10-07,2013-10-13,2013-10-13,197,59,3,5.084745762711865
Far North,2013-10-14,2013-10-20,2013-10-20,198,65,1,1.5384615384615385
Far North,2013-10-21,2013-10-27,2013-10-27,463,122,3,2.459016393442623
Far North,2013-10-28,2013-11-03,2013-11-03,0,0,0,0.0
Far North,2013-11-04,2013-11-10,2013-11-10,65,31,1,3.225806451612903
Far North,2013-11-11,2013-11-17,2013-11-17,75,41,1,2.4390243902439024
Far North,2013-11-18,2013-11-24,2013-11-24,313,113,1,0.8849557522123894
Far North,2013-11-25,2013-12-01,2013-12-01,158,35,0,0.0
Far North,2013-12-02,2013-12-08,2013-12-08,43,3,0,0.0
Far North,2013-12-09,2013-12-15,2013-12-15,89,39,1,2.564102564102564
Far North,2013-12-16,2013-12-22,2013-12-22,86,40,0,0.0
Far North,2013-12-23,2013-12-29,2013-12-29,57,15,0,0.0
Far North,2013-12-30,2014-01-05,2014-01-05,13,4,0,0.0
Far North,2014-01-06,2014-01-12,2014-01-12,0,0,0,0.0
Far North,2014-01-13,2014-01-19,2014-01-19,107,5,0,0.0
Far North,2014-01-20,2014-01-26,2014-01-26,21,13,0,0.0
Far North,2014-01-27,2014-02-02,2014-02-02,0,0,0,0.0
Far North,2014-02-03,2014-02-09,2014-02-09,102,32,0,0.0
Far North,2014-02-10,2014-02-16,2014-02-16,130,47,1,2.127659574468085
Far North,2014-02-17,2014-02-23,2014-02-23,215,114,1,0.8771929824561403
Far North,2014-02-24,2014-03-02,2014-03-02,139,59,1,1.694915254237288
Far North,2014-03-03,2014-03-09,2014-03-09,151,65,2,3.076923076923077
Far North,2014-03-10,2014-03-16,2014-03-16,17,0,0,0.0
Far North,2014-03-17,2014-03-23,2014-03-23,78,34,2,5.88235294117647
Far North,2014-03-24,2014-03-30,2014-03-30,16,5,0,0.0
Far North,2014-03-31,2014-04-06,2014-04-06,0,0,0,0.0
Far North,2014-04-07,2014-04-13,2014-04-13,115,42,1,2.380952380952381
Far North,2014-04-14,2014-04-20,2014-04-20,241,57,0,0.0
Far North,2014-04-21,2014-04-27,2014-04-27,160,59,1,1.694915254237288
Far North,2014-04-24,2014-07-24,2014-07-24,1692,104,5,4.807692307692308
Far North,2014-04-28,2014-05-04,2014-05-04,438,84,1,1.1904761904761905
Far North,2014-05-05,2014-05-11,2014-05-11,769,154,4,2.5974025974025974
Far North,2014-05-12,2014-05-18,2014-05-18,216,35,1,2.857142857142857
Far North,2014-05-19,2014-05-25,2014-05-25,415,201,3,1.4925373134328357
Far North,2014-05-26,2014-06-01,2014-06-01,524,154,3,1.948051948051948
Far North,2014-06-02,2014-06-08,2014-06-08,515,137,2,1.4598540145985401
Far North,2014-06-09,2014-06-15,2014-06-15,854,399,7,1.7543859649122806
Far North,2014-06-16,2014-06-22,2014-06-22,163,10,0,0.0
Far North,2014-06-23,2014-06-29,2014-06-29,490,130,1,0.7692307692307693
Far North,2014-06-30,2014-07-06,2014-07-06,873,246,9,3.6585365853658534
Far North,2014-07-07,2014-07-13,2014-07-13,941,355,11,3.0985915492957745
Far North,2014-07-14,2014-07-20,2014-07-20,283,8,0,0.0
Far North,2014-07-21,2014-07-27,2014-07-27,838,337,8,2.3738872403560833
Far North,2014-07-25,2014-08-12,2014-08-12,440,135,6,4.444444444444445
Far North,2014-07-28,2014-08-03,2014-08-03,701,297,9,3.0303030303030303
Far North,2014-08-04,2014-08-10,2014-08-10,1177,265,6,2.2641509433962264
Far North,2014-08-11,2014-08-17,2014-08-17,715,156,2,1.282051282051282
Far North,2014-08-18,2014-08-24,2014-08-24,578,164,4,2.4390243902439024
Far North,2014-08-25,2014-08-31,2014-08-31,1117,407,7,1.71990171990172
Far North,2014-09-01,2014-09-07,2014-09-07,747,252,4,1.5873015873015872
Far North,2014-09-08,2014-09-14,2014-09-14,424,52,2,3.8461538461538463
Far North,2014-09-15,2014-09-21,2014-09-21,422,141,6,4.25531914893617
Far North,2014-09-22,2014-09-28,2014-09-28,665,260,8,3.076923076923077
Far North,2014-09-29,2014-10-05,2014-10-05,1068,376,7,1.8617021276595744
Far North,2014-10-06,2014-10-12,2014-10-12,298,84,4,4.761904761904762
Far North,2014-10-13,2014-10-19,2014-10-19,673,333,10,3.003003003003003
Far North,2014-10-20,2014-10-26,2014-10-26,454,208,8,3.8461538461538463
Far North,2014-10-27,2014-11-02,2014-11-02,645,136,5,3.6764705882352944
Far North,2014-11-03,2014-11-09,2014-11-09,505,160,4,2.5
Far North,2014-11-10,2014-11-16,2014-11-16,287,49,0,0.0
Far North,2014-11-17,2014-11-23,2014-11-23,163,51,0,0.0
Far North,2014-11-24,2014-11-30,2014-11-30,268,141,2,1.4184397163120568
Far North,2014-12-01,2014-12-07,2014-12-07,133,47,0,0.0
Far North,2014-12-08,2014-12-14,2014-12-14,65,31,0,0.0
Far North,2014-12-15,2014-12-21,2014-12-21,64,33,0,0.0
Far North,2014-12-22,2014-12-28,2014-12-28,117,43,1,2.3255813953488373
Far North,2014-12-29,2015-01-04,2015-01-04,16,9,0,0.0
Far North,2015-01-05,2015-01-11,2015-01-11,92,40,0,0.0
Far North,2015-01-12,2015-01-18,2015-01-18,46,19,0,0.0
Far North,2015-01-19,2015-01-25,2015-01-25,136,35,0,0.0
Far North,2015-01-26,2015-02-01,2015-02-01,291,102,1,0.9803921568627451
Far North,2015-02-02,2015-02-08,2015-02-08,59,32,1,3.125
Far North,2015-02-09,2015-02-15,2015-02-15,103,50,1,2.0
Far North,2015-02-16,2015-02-22,2015-02-22,42,0,0,0.0
Far North,2015-02-23,2015-03-01,2015-03-01,42,0,0,0.0
Far North,2015-03-02,2015-03-08,2015-03-08,145,67,1,1.4925373134328357
Far North,2015-03-09,2015-03-15,2015-03-15,0,0,0,0.0
Far North,2015-03-16,2015-03-22,2015-03-22,37,0,0,0.0
Far North,2015-03-23,2015-03-29,2015-03-29,256,108,2,1.8518518518518516
Far North,2015-03-30,2015-04-05,2015-04-05,229,24,0,0.0
Far North,2015-04-06,2015-04-12,2015-04-12,85,36,0,0.0
Far North,2015-04-13,2015-04-19,2015-04-19,83,0,0,0.0
Far North,2015-04-20,2015-04-26,2015-04-26,11,0,0,0.0
Far North,2015-04-27,2015-05-03,2015-05-03,209,0,0,0.0
Far North,2015-05-04,2015-05-10,2015-05-10,138,22,0,0.0
Far North,2015-05-11,2015-05-17,2015-05-17,100,55,0,0.0
Far North,2015-05-18,2015-05-24,2015-05-24,345,86,1,1.1627906976744187
Far North,2015-05-25,2015-05-31,2015-05-31,693,236,5,2.11864406779661
Far North,2015-06-01,2015-06-07,2015-06-07,414,118,2,1.694915254237288
Far North,2015-06-08,2015-06-14,2015-06-14,214,85,2,2.3529411764705883
Far North,2015-06-15,2015-06-21,2015-06-21,0,0,0,0.0
Far North,2015-06-22,2015-06-28,2015-06-28,406,75,3,4.0
Far North,2015-06-29,2015-07-05,2015-07-05,453,68,2,2.941176470588235
Far North,2015-07-06,2015-07-12,2015-07-12,368,164,5,3.048780487804878
Far North,2015-07-13,2015-07-19,2015-07-19,224,91,3,3.296703296703297
Far North,2015-07-20,2015-07-26,2015-07-26,168,71,1,1.4084507042253522
Far North,2015-07-27,2015-08-02,2015-08-02,433,131,1,0.7633587786259541
Far North,2015-08-03,2015-08-09,2015-08-09,308,97,2,2.0618556701030926
Far North,2015-08-10,2015-08-16,2015-08-16,593,177,3,1.694915254237288
Far North,2015-08-17,2015-08-23,2015-08-23,284,109,1,0.9174311926605505
Far North,2015-08-24,2015-08-30,2015-08-30,636,205,8,3.902439024390244
Far North,2015-08-31,2015-09-06,2015-09-06,167,72,0,0.0
Far North,2015-09-07,2015-09-13,2015-09-13,199,64,0,0.0
Far North,2015-09-14,2015-09-20,2015-09-20,432,227,3,1.3215859030837005
Far North,2015-09-21,2015-09-27,2015-09-27,87,30,0,0.0
Far North,2015-09-28,2015-10-04,2015-10-04,253,49,0,0.0
Far North,2015-10-05,2015-10-11,2015-10-11,471,216,4,1.8518518518518516
Far North,2015-10-12,2015-10-18,2015-10-18,160,57,1,1.7543859649122806
Far North,2015-10-19,2015-10-25,2015-10-25,34,20,0,0.0
Far North,2015-10-26,2015-11-01,2015-11-01,68,13,0,0.0
Far North,2015-11-02,2015-11-08,2015-11-08,272,121,3,2.479338842975207
Far North,2015-11-09,2015-11-15,2015-11-15,27,0,0,0.0
Far North,2015-11-16,2015-11-22,2015-11-22,21,5,0,0.0
Far North,2015-11-23,2015-11-29,2015-11-29,206,35,2,5.714285714285714
Far North,2015-11-30,2015-12-06,2015-12-06,41,14,0,0.0
Far North,2015-12-07,2015-12-13,2015-12-13,111,49,1,2.0408163265306123
Far North,2015-12-14,2015-12-20,2015-12-20,14,7,0,0.0
Far North,2015-12-21,2015-12-27,2015-12-27,58,11,0,0.0
Far North,2016-01-04,2016-01-10,2016-01-10,0,0,0,0.0
Far North,2016-01-11,2016-01-17,2016-01-17,172,53,1,1.8867924528301887
Far North,2016-01-18,2016-01-24,2016-01-24,3,2,0,0.0
Far North,2016-01-25,2016-01-31,2016-01-31,17,6,0,0.0
Far North,2016-02-01,2016-02-07,2016-02-07,218,24,0,0.0
Far North,2016-02-08,2016-02-14,2016-02-14,102,36,0,0.0
Far North,2016-02-15,2016-02-21,2016-02-21,112,31,0,0.0
Far North,2016-02-22,2016-02-28,2016-02-28,97,24,0,0.0
Far North,2016-02-29,2016-03-06,2016-03-06,188,84,0,0.0
Far North,2016-03-07,2016-03-13,2016-03-13,67,27,0,0.0
Far North,2016-03-14,2016-03-20,2016-03-20,490,192,2,1.0416666666666665
Far North,2016-03-21,2016-03-27,2016-03-27,62,6,0,0.0
Far North,2016-03-28,2016-04-03,2016-04-03,0,0,0,0.0
Far North,2016-04-04,2016-04-10,2016-04-10,86,33,1,3.0303030303030303
Far North,2016-04-11,2016-04-17,2016-04-17,90,36,0,0.0
Far North,2016-04-18,2016-04-24,2016-04-24,29,11,0,0.0
Far North,2016-04-25,2016-05-01,2016-05-01,138,33,0,0.0
Far North,2016-05-02,2016-05-08,2016-05-08,459,240,5,2.083333333333333
Far North,2016-05-09,2016-05-15,2016-05-15,416,34,0,0.0
Far North,2016-05-16,2016-05-22,2016-05-22,524,117,2,1.7094017094017095
Far North,2016-05-23,2016-05-29,2016-05-29,381,140,1,0.7142857142857143
Far North,2016-05-30,2016-06-05,2016-06-05,21,7,0,0.0
Far North,2016-06-06,2016-06-12,2016-06-12,222,0,0,0.0
Far North,2016-06-13,2016-06-19,2016-06-19,0,0,0,0.0
Far North,2016-06-20,2016-06-26,2016-06-26,288,135,4,2.9629629629629632
Far North,2016-06-27,2016-07-03,2016-07-03,113,42,1,2.380952380952381
Far North,2016-07-04,2016-07-10,2016-07-10,638,379,10,2.638522427440633
Far North,2016-07-11,2016-07-17,2016-07-17,186,89,2,2.247191011235955
Far North,2016-07-18,2016-07-24,2016-07-24,250,141,3,2.127659574468085
Far North,2016-07-25,2016-07-31,2016-07-31,406,186,7,3.763440860215054
Far North,2016-08-01,2016-08-07,2016-08-07,404,182,3,1.6483516483516485
Far North,2016-08-08,2016-08-14,2016-08-14,208,96,2,2.083333333333333
Far North,2016-08-15,2016-08-21,2016-08-21,462,232,8,3.4482758620689653
Far North,2016-08-22,2016-08-28,2016-08-28,202,116,2,1.7241379310344827
Far North,2016-08-29,2016-09-04,2016-09-04,157,23,1,4.3478260869565215
Far North,2016-09-05,2016-09-11,2016-09-11,535,227,3,1.3215859030837005
Far North,2016-09-12,2016-09-18,2016-09-18,963,443,8,1.805869074492099
Far North,2016-09-19,2016-09-25,2016-09-25,423,116,2,1.7241379310344827
Far North,2016-09-26,2016-10-02,2016-10-02,562,125,0,0.0
Far North,2016-10-03,2016-10-09,2016-10-09,325,134,4,2.9850746268656714
Far North,2016-10-10,2016-10-16,2016-10-16,27,0,0,0.0
Far North,2016-10-17,2016-10-23,2016-10-23,289,37,1,2.7027027027027026
Far North,2016-10-24,2016-10-30,2016-10-30,255,37,0,0.0
Far North,2016-10-31,2016-11-06,2016-11-06,0,0,0,0.0
Far North,2016-11-07,2016-11-13,2016-11-13,48,0,0,0.0
Far North,2016-11-14,2016-11-20,2016-11-20,290,82,0,0.0
Far North,2016-11-21,2016-11-27,2016-11-27,50,21,1,4.761904761904762
Far North,2016-11-28,2016-12-04,2016-12-04,0,0,0,0.0
Far North,2016-12-05,2016-12-11,2016-12-11,69,13,0,0.0
Far North,2016-12-12,2016-12-18,2016-12-18,51,5,0,0.0
Far North,2016-12-19,2016-12-25,2016-12-25,64,4,0,0.0
Far North,2016-12-26,2017-01-01,2017-01-01,0,0,0,0.0
Far North,2017-01-02,2017-01-08,2017-01-08,0,0,0,0.0
Far North,2017-01-09,2017-01-15,2017-01-15,228,25,0,0.0
Far North,2017-01-16,2017-01-22,2017-01-22,189,26,0,0.0
Far North,2017-01-23,2017-01-29,2017-01-29,134,64,3,4.6875
Far North,2017-01-30,2017-02-05,2017-02-05,0,0,0,0.0
Far North,2017-02-06,2017-02-12,2017-02-12,93,0,0,0.0
Far North,2017-02-13,2017-02-19,2017-02-19,33,12,0,0.0
Far North,2017-02-20,2017-02-26,2017-02-26,195,28,0,0.0
Far North,2017-02-27,2017-03-05,2017-03-05,48,22,0,0.0
Far North,2017-03-06,2017-03-12,2017-03-12,124,55,1,1.8181818181818181
Far North,2017-03-13,2017-03-19,2017-03-19,86,12,0,0.0
Far North,2017-03-20,2017-03-26,2017-03-26,250,69,1,1.4492753623188406
Far North,2017-03-27,2017-04-02,2017-04-02,0,0,0,0.0
Far North,2017-04-03,2017-04-09,2017-04-09,0,0,0,0.0
Far North,2017-04-10,2017-04-16,2017-04-16,318,94,1,1.0638297872340425
Far North,2017-04-17,2017-04-23,2017-04-23,75,35,0,0.0
Far North,2017-04-24,2017-04-30,2017-04-30,98,45,1,2.2222222222222223
Far North,2017-05-01,2017-05-07,2017-05-07,138,43,2,4.651162790697675
Far North,2017-05-08,2017-05-14,2017-05-14,58,29,0,0.0
Far North,2017-05-15,2017-05-21,2017-05-21,126,3,0,0.0
Far North,2017-05-22,2017-05-28,2017-05-28,136,58,1,1.7241379310344827
Far North,2017-05-29,2017-06-04,2017-06-04,815,321,5,1.557632398753894
Far North,2017-06-05,2017-06-11,2017-06-11,122,15,0,0.0
Far North,2017-06-12,2017-06-18,2017-06-18,808,157,1,0.6369426751592357
Far North,2017-06-19,2017-06-25,2017-06-25,431,175,2,1.1428571428571428
Far North,2017-06-26,2017-07-02,2017-07-02,261,122,1,0.819672131147541
Far North,2017-07-03,2017-07-09,2017-07-09,273,127,2,1.574803149606299
Far North,2017-07-10,2017-07-16,2017-07-16,308,100,2,2.0
Far North,2017-07-17,2017-07-23,2017-07-23,230,58,1,1.7241379310344827
Far North,2017-07-24,2017-07-30,2017-07-30,385,106,3,2.8301886792452833
Far North,2017-07-31,2017-08-06,2017-08-06,1032,465,8,1.7204301075268817
Far North,2017-08-07,2017-08-13,2017-08-13,389,192,4,2.083333333333333
Far North,2017-08-14,2017-08-20,2017-08-20,71,45,1,2.2222222222222223
Far North,2017-08-21,2017-08-27,2017-08-27,331,98,1,1.0204081632653061
Far North,2017-08-28,2017-09-03,2017-09-03,355,202,2,0.9900990099009901
Far North,2017-09-04,2017-09-10,2017-09-10,44,24,1,4.166666666666666
Far North,2017-09-11,2017-09-17,2017-09-17,207,131,2,1.5267175572519083
Far North,2017-09-18,2017-09-24,2017-09-24,480,201,2,0.9950248756218906
Far North,2017-09-25,2017-10-01,2017-10-01,296,98,2,2.0408163265306123
Far North,2017-10-02,2017-10-08,2017-10-08,0,0,0,0.0
Far North,2017-10-09,2017-10-15,2017-10-15,703,258,7,2.7131782945736433
Far North,2017-10-16,2017-10-22,2017-10-22,252,47,0,0.0
Far North,2017-10-23,2017-10-29,2017-10-29,170,38,1,2.631578947368421
Far North,2017-10-30,2017-11-05,2017-11-05,437,78,2,2.564102564102564
Far North,2017-11-06,2017-11-12,2017-11-12,101,46,0,0.0
Far North,2017-11-13,2017-11-19,2017-11-19,106,21,0,0.0
Far North,2017-11-20,2017-11-26,2017-11-26,60,20,0,0.0
Far North,2017-11-27,2017-12-03,2017-12-03,46,21,0,0.0
Far North,2017-12-04,2017-12-10,2017-12-10,58,17,0,0.0
Far North,2017-12-11,2017-12-17,2017-12-17,31,7,0,0.0
Far North,2017-12-18,2017-12-24,2017-12-24,150,67,1,1.4925373134328357
Far North,2017-12-25,2017-12-31,2017-12-31,185,66,1,1.5151515151515151
Far North,2018-01-01,2018-01-07,2018-01-07,153,21,0,0.0
Far North,2018-01-01,2018-12-30,2018-12-30,64,7,0,0.0
Far North,2018-01-08,2018-01-14,2018-01-14,49,12,0,0.0
Far North,2018-01-15,2018-01-21,2018-01-21,68,0,0,0.0
Far North,2018-01-22,2018-01-28,2018-01-28,70,29,0,0.0
Far North,2018-01-29,2018-02-04,2018-02-04,42,15,1,6.666666666666667
Far North,2018-02-05,2018-02-11,2018-02-11,60,0,0,0.0
Far North,2018-02-12,2018-02-18,2018-02-18,60,0,0,0.0
Far North,2018-02-19,2018-02-25,2018-02-25,0,0,0,0.0
Far North,2018-02-26,2018-03-04,2018-03-04,169,53,0,0.0
Far North,2018-03-05,2018-03-11,2018-03-11,64,18,0,0.0
Far North,2018-03-12,2018-03-18,2018-03-18,53,12,0,0.0
Far North,2018-03-19,2018-03-25,2018-03-25,248,100,1,1.0
Far North,2018-03-26,2018-04-01,2018-04-01,252,22,1,4.545454545454546
Far North,2018-04-02,2018-04-08,2018-04-08,39,0,0,0.0
Far North,2018-04-09,2018-04-15,2018-04-15,0,0,0,0.0
Far North,2018-04-16,2018-04-22,2018-04-22,124,8,0,0.0
Far North,2018-04-23,2018-04-29,2018-04-29,368,141,3,2.127659574468085
Far North,2018-04-30,2018-05-06,2018-05-06,203,115,1,0.8695652173913043
Far North,2018-05-07,2018-05-13,2018-05-13,413,65,2,3.076923076923077
Far North,2018-05-14,2018-05-20,2018-05-20,330,82,2,2.4390243902439024
Far North,2018-05-21,2018-05-27,2018-05-27,173,61,2,3.278688524590164
Far North,2018-05-28,2018-06-03,2018-06-03,438,141,2,1.4184397163120568
Far North,2018-06-04,2018-06-10,2018-06-10,326,107,2,1.8691588785046727
Far North,2018-06-11,2018-06-17,2018-06-17,150,19,0,0.0
Far North,2018-06-18,2018-06-24,2018-06-24,360,63,1,1.5873015873015872
Far North,2018-06-25,2018-07-01,2018-07-01,64,24,1,4.166666666666666
Far North,2018-07-02,2018-07-08,2018-07-08,413,74,1,1.3513513513513513
Far North,2018-07-09,2018-07-15,2018-07-15,937,425,7,1.647058823529412
Far North,2018-07-16,2018-07-22,2018-07-22,321,189,2,1.0582010582010581
Far North,2018-07-23,2018-07-29,2018-07-29,155,31,0,0.0
Far North,2018-07-30,2018-08-05,2018-08-05,0,0,0,0.0
Far North,2018-08-06,2018-08-12,2018-08-12,891,413,9,2.1791767554479415
Far North,2018-08-13,2018-08-19,2018-08-19,760,50,1,2.0
Far North,2018-08-20,2018-08-26,2018-08-26,490,105,1,0.9523809523809524
Far North,2018-08-27,2018-09-02,2018-09-02,444,137,3,2.18978102189781
Far North,2018-09-03,2018-09-09,2018-09-09,81,52,1,1.9230769230769231
Far North,2018-09-10,2018-09-16,2018-09-16,207,122,2,1.639344262295082
Far North,2018-09-17,2018-09-23,2018-09-23,481,15,0,0.0
Far North,2018-09-24,2018-09-30,2018-09-30,209,26,1,3.8461538461538463
Far North,2018-10-01,2018-10-07,2018-10-07,171,42,1,2.380952380952381
Far North,2018-10-04,2020-01-09,2020-01-09,629,0,0,0.0
Far North,2018-10-04,2020-01-20,2020-01-20,629,0,0,0.0
Far North,2018-10-04,2020-01-26,2020-01-26,855,420,27,6.428571428571428
Far North,2018-10-08,2018-10-14,2018-10-14,130,47,1,2.127659574468085
Far North,2018-10-15,2018-10-21,2018-10-21,251,67,0,0.0
Far North,2018-10-22,2018-10-28,2018-10-28,257,128,2,1.5625
Far North,2018-10-29,2018-11-04,2018-11-04,53,17,0,0.0
Far North,2018-11-05,2018-11-11,2018-11-11,134,34,0,0.0
Far North,2018-11-12,2018-11-18,2018-11-18,87,4,0,0.0
Far North,2018-11-19,2018-11-25,2018-11-25,101,36,0,0.0
Far North,2018-11-26,2018-12-02,2018-12-02,100,29,0,0.0
Far North,2018-12-03,2018-12-09,2018-12-09,60,26,1,3.8461538461538463
Far North,2018-12-10,2018-12-16,2018-12-16,34,10,0,0.0
Far North,2018-12-17,2018-12-23,2018-12-23,84,18,0,0.0
Far North,2018-12-24,2018-12-30,2018-12-30,0,0,0,0.0
Far North,2018-12-31,2019-01-06,2019-01-06,78,21,0,0.0
Far North,2018-12-31,2019-12-29,2019-12-29,365,75,1,1.3333333333333335
Far North,2019-01-01,2019-12-31,2019-12-31,700,145,11,7.586206896551724
Far North,2019-01-07,2019-01-13,2019-01-13,49,25,1,4.0
Far North,2019-01-14,2019-01-20,2019-01-20,28,16,0,0.0
Far North,2019-01-21,2019-01-27,2019-01-27,33,13,0,0.0
Far North,2019-01-28,2019-02-03,2019-02-03,0,0,0,0.0
Far North,2019-02-04,2019-02-10,2019-02-10,74,33,0,0.0
Far North,2019-02-11,2019-02-17,2019-02-17,69,17,0,0.0
Far North,2019-02-18,2019-02-24,2019-02-24,186,63,1,1.5873015873015872
Far North,2019-02-25,2019-03-03,2019-03-03,86,17,0,0.0
Far North,2019-03-04,2019-03-10,2019-03-10,67,11,0,0.0
Far North,2019-03-11,2019-03-17,2019-03-17,184,97,3,3.0927835051546393
Far North,2019-03-18,2019-03-24,2019-03-24,42,22,0,0.0
Far North,2019-05-13,2019-05-19,2019-05-19,239,144,4,2.7777777777777777
Far North,2019-07-01,2019-07-07,2019-07-07,0,0,0,0.0
Far North,2019-07-08,2019-07-14,2019-07-14,46,29,0,0.0
Far North,2019-07-15,2019-07-21,2019-07-21,97,0,0,0.0
Far North,2019-07-22,2019-07-28,2019-07-28,78,29,1,3.4482758620689653
Far North,2019-07-29,2019-08-04,2019-08-04,244,20,1,5.0
Far North,2019-08-05,2019-08-11,2019-08-11,33,21,0,0.0
Far North,2019-08-12,2019-08-18,2019-08-18,143,82,1,1.2195121951219512
Far North,2019-08-19,2019-08-25,2019-08-25,222,119,3,2.5210084033613445
Far North,2019-08-26,2019-09-01,2019-09-01,362,216,3,1.3888888888888888
Far North,2019-09-02,2019-09-08,2019-09-08,188,63,1,1.5873015873015872
Far North,2019-09-09,2019-09-15,2019-09-15,44,0,0,0.0
Far North,2019-09-16,2019-09-22,2019-09-22,82,35,1,2.857142857142857
Far North,2019-09-23,2019-09-29,2019-09-29,148,83,2,2.4096385542168677
Far North,2019-09-30,2019-10-06,2019-10-06,0,0,0,0.0
Far North,2019-10-07,2019-10-13,2019-10-13,464,192,3,1.5625
Far North,2019-10-14,2019-10-20,2019-10-20,62,0,0,0.0
Far North,2019-10-21,2019-10-27,2019-10-27,557,170,5,2.941176470588235
Far North,2019-10-28,2019-11-03,2019-11-03,40,0,0,0.0
Far North,2019-11-04,2019-11-10,2019-11-10,24,0,0,0.0
Far North,2019-11-18,2019-11-24,2019-11-24,50,13,0,0.0
Littoral,2010-01-04,2010-01-10,2010-01-10,103,12,0,0.0
Littoral,2010-01-11,2010-01-17,2010-01-17,52,0,0,0.0
Littoral,2010-01-18,2010-01-24,2010-01-24,70,0,0,0.0
Littoral,2010-01-25,2010-01-31,2010-01-31,97,2,0,0.0
Littoral,2010-02-01,2010-02-07,2010-02-07,246,52,1,1.9230769230769231
Littoral,2010-02-08,2010-02-14,2010-02-14,116,63,1,1.5873015873015872
Littoral,2010-02-15,2010-02-21,2010-02-21,155,0,0,0.0
Littoral,2010-02-22,2010-02-28,2010-02-28,132,0,0,0.0
Littoral,2010-03-01,2010-03-07,2010-03-07,150,36,0,0.0
Littoral,2010-03-08,2010-03-14,2010-03-14,113,31,0,0.0
Littoral,2010-03-15,2010-03-21,2010-03-21,54,19,0,0.0
Littoral,2010-03-22,2010-03-28,2010-03-28,40,22,0,0.0
Littoral,2010-03-29,2010-04-04,2010-04-04,0,0,0,0.0
Littoral,2010-04-05,2010-04-11,2010-04-11,119,17,0,0.0
Littoral,2010-04-12,2010-04-18,2010-04-18,62,30,0,0.0
Littoral,2010-04-19,2010-04-25,2010-04-25,206,15,0,0.0
Littoral,2010-04-26,2010-05-02,2010-05-02,392,108,2,1.8518518518518516
Littoral,2010-05-03,2010-05-09,2010-05-09,2,1,0,0.0
Littoral,2010-05-10,2010-05-16,2010-05-16,0,0,0,0.0
Littoral,2010-05-17,2010-05-23,2010-05-23,152,2,0,0.0
Littoral,2010-05-24,2010-05-30,2010-05-30,46,19,0,0.0
Littoral,2010-05-31,2010-06-06,2010-06-06,56,26,0,0.0
Littoral,2010-06-07,2010-06-13,2010-06-13,0,0,0,0.0
Littoral,2010-06-14,2010-06-20,2010-06-20,25,13,0,0.0
Littoral,2010-06-21,2010-06-27,2010-06-27,0,0,0,0.0
Littoral,2010-06-28,2010-07-04,2010-07-04,86,60,0,0.0
Littoral,2010-07-05,2010-07-11,2010-07-11,0,0,0,0.0
Littoral,2010-07-12,2010-07-18,2010-07-18,66,45,1,2.2222222222222223
Littoral,2010-07-19,2010-07-25,2010-07-25,842,196,6,3.061224489795918
Littoral,2010-07-26,2010-08-01,2010-08-01,326,117,2,1.7094017094017095
Littoral,2010-08-02,2010-08-08,2010-08-08,260,88,1,1.1363636363636365
Littoral,2010-08-09,2010-08-15,2010-08-15,430,90,2,2.2222222222222223
Littoral,2010-08-16,2010-08-22,2010-08-22,160,58,1,1.7241379310344827
Littoral,2010-08-23,2010-08-29,2010-08-29,141,26,1,3.8461538461538463
Littoral,2010-08-30,2010-09-05,2010-09-05,0,0,0,0.0
Littoral,2010-09-06,2010-09-12,2010-09-12,532,176,3,1.7045454545454544
Littoral,2010-09-13,2010-09-19,2010-09-19,193,50,1,2.0
Littoral,2010-09-20,2010-09-26,2010-09-26,503,205,2,0.975609756097561
Littoral,2010-09-27,2010-10-03,2010-10-03,549,122,2,1.639344262295082
Littoral,2010-10-04,2010-10-10,2010-10-10,353,100,3,3.0
Littoral,2010-10-11,2010-10-17,2010-10-17,262,75,5,6.666666666666667
Littoral,2010-10-18,2010-10-24,2010-10-24,398,61,0,0.0
Littoral,2010-10-25,2010-10-31,2010-10-31,283,103,1,0.9708737864077669
Littoral,2010-11-01,2010-11-07,2010-11-07,533,267,11,4.119850187265917
Littoral,2010-11-08,2010-11-14,2010-11-14,490,151,2,1.3245033112582782
Littoral,2010-11-15,2010-11-21,2010-11-21,351,152,1,0.6578947368421052
Littoral,2010-11-22,2010-11-28,2010-11-28,0,0,0,0.0
Littoral,2010-11-29,2010-12-05,2010-12-05,39,21,0,0.0
Littoral,2010-12-06,2010-12-12,2010-12-12,20,5,0,0.0
Littoral,2010-12-13,2010-12-19,2010-12-19,0,0,0,0.0
Littoral,2010-12-20,2010-12-26,2010-12-26,0,0,0,0.0
Littoral,2010-12-27,2011-01-02,2011-01-02,24,11,0,0.0
Littoral,2011-01-01,2011-09-22,2011-09-22,1632,648,23,3.5493827160493825
Littoral,2011-01-03,2011-01-09,2011-01-09,162,47,1,2.127659574468085
Littoral,2011-01-10,2011-01-16,2011-01-16,174,48,2,4.166666666666666
Littoral,2011-01-17,2011-01-23,2011-01-23,201,28,1,3.571428571428571
Littoral,2011-01-24,2011-01-30,2011-01-30,177,78,1,1.282051282051282
Littoral,2011-01-31,2011-02-06,2011-02-06,328,101,3,2.9702970297029703
Littoral,2011-02-07,2011-02-13,2011-02-13,222,99,2,2.0202020202020203
Littoral,2011-02-14,2011-02-20,2011-02-20,405,100,1,1.0
Littoral,2011-02-21,2011-02-27,2011-02-27,675,183,4,2.185792349726776
Littoral,2011-02-28,2011-03-06,2011-03-06,382,155,2,1.2903225806451613
Littoral,2011-03-07,2011-03-13,2011-03-13,387,149,4,2.684563758389262
Littoral,2011-03-14,2011-03-20,2011-03-20,288,100,5,5.0
Littoral,2011-03-21,2011-03-27,2011-03-27,301,52,0,0.0
Littoral,2011-03-28,2011-04-03,2011-04-03,324,122,1,0.819672131147541
Littoral,2011-04-04,2011-04-10,2011-04-10,378,157,4,2.547770700636943
Littoral,2011-04-11,2011-04-17,2011-04-17,213,70,1,1.4285714285714286
Littoral,2011-04-18,2011-04-24,2011-04-24,385,196,3,1.530612244897959
Littoral,2011-04-25,2011-05-01,2011-05-01,311,79,1,1.2658227848101267
Littoral,2011-05-02,2011-05-08,2011-05-08,371,159,3,1.8867924528301887
Littoral,2011-05-09,2011-05-15,2011-05-15,284,55,1,1.8181818181818181
Littoral,2011-05-16,2011-05-22,2011-05-22,156,0,0,0.0
Littoral,2011-05-23,2011-05-29,2011-05-29,390,86,2,2.3255813953488373
Littoral,2011-05-30,2011-06-05,2011-06-05,427,145,4,2.7586206896551726
Littoral,2011-06-06,2011-06-12,2011-06-12,741,338,6,1.7751479289940828
Littoral,2011-06-13,2011-06-19,2011-06-19,545,278,4,1.4388489208633095
Littoral,2011-06-20,2011-06-26,2011-06-26,613,182,3,1.6483516483516485
Littoral,2011-06-27,2011-07-03,2011-07-03,1338,479,10,2.0876826722338206
Littoral,2011-07-04,2011-07-10,2011-07-10,528,191,3,1.5706806282722512
Littoral,2011-07-11,2011-07-17,2011-07-17,457,194,5,2.5773195876288657
Littoral,2011-07-18,2011-07-24,2011-07-24,301,69,1,1.4492753623188406
Littoral,2011-07-25,2011-07-31,2011-07-31,633,188,4,2.127659574468085
Littoral,2011-08-01,2011-08-07,2011-08-07,486,160,0,0.0
Littoral,2011-08-08,2011-08-14,2011-08-14,594,114,2,1.7543859649122806
Littoral,2011-08-15,2011-08-21,2011-08-21,723,184,2,1.0869565217391304
Littoral,2011-08-22,2011-08-28,2011-08-28,534,158,3,1.89873417721519
Littoral,2011-08-29,2011-09-04,2011-09-04,644,172,4,2.3255813953488373
Littoral,2011-09-05,2011-09-11,2011-09-11,738,273,4,1.465201465201465
Littoral,2011-09-12,2011-09-18,2011-09-18,477,155,4,2.5806451612903225
Littoral,2011-09-19,2011-09-25,2011-09-25,538,139,5,3.597122302158273
Littoral,2011-09-26,2011-10-02,2011-10-02,308,147,5,3.4013605442176873
Littoral,2011-10-03,2011-10-09,2011-10-09,516,133,7,5.263157894736842
Littoral,2011-10-10,2011-10-16,2011-10-16,1032,454,12,2.643171806167401
Littoral,2011-10-17,2011-10-23,2011-10-23,655,207,4,1.932367149758454
Littoral,2011-10-24,2011-10-30,2011-10-30,976,376,7,1.8617021276595744
Littoral,2011-10-31,2011-11-06,2011-11-06,593,211,2,0.9478672985781991
Littoral,2011-11-07,2011-11-13,2011-11-13,671,169,6,3.5502958579881656
Littoral,2011-11-14,2011-11-20,2011-11-20,329,113,2,1.7699115044247788
Littoral,2011-11-21,2011-11-27,2011-11-27,91,40,0,0.0
Littoral,2011-11-28,2011-12-04,2011-12-04,185,82,1,1.2195121951219512
Littoral,2011-12-05,2011-12-11,2011-12-11,123,51,1,1.9607843137254901
Littoral,2011-12-12,2011-12-18,2011-12-18,234,41,2,4.878048780487805
Littoral,2011-12-19,2011-12-25,2011-12-25,230,20,0,0.0
Littoral,2011-12-26,2012-01-01,2012-01-01,126,40,2,5.0
Littoral,2012-01-02,2012-01-08,2012-01-08,92,4,0,0.0
Littoral,2012-01-09,2012-01-15,2012-01-15,166,44,1,2.272727272727273
Littoral,2012-01-16,2012-01-22,2012-01-22,108,22,0,0.0
Littoral,2012-01-23,2012-01-29,2012-01-29,201,85,2,2.3529411764705883
Littoral,2012-01-30,2012-02-05,2012-02-05,246,64,2,3.125
Littoral,2012-02-06,2012-02-12,2012-02-12,49,0,0,0.0
Littoral,2012-02-13,2012-02-19,2012-02-19,165,46,1,2.1739130434782608
Littoral,2012-02-20,2012-02-26,2012-02-26,24,0,0,0.0
Littoral,2012-02-27,2012-03-04,2012-03-04,24,11,0,0.0
Littoral,2012-03-05,2012-03-11,2012-03-11,88,23,1,4.3478260869565215
Littoral,2012-03-12,2012-03-18,2012-03-18,156,57,0,0.0
Littoral,2012-03-19,2012-03-25,2012-03-25,0,0,0,0.0
Littoral,2012-03-26,2012-04-01,2012-04-01,123,70,1,1.4285714285714286
Littoral,2012-04-02,2012-04-08,2012-04-08,32,14,0,0.0
Littoral,2012-04-09,2012-04-15,2012-04-15,240,103,1,0.9708737864077669
Littoral,2012-04-16,2012-04-22,2012-04-22,139,30,1,3.3333333333333335
Littoral,2012-04-23,2012-04-29,2012-04-29,0,0,0,0.0
Littoral,2012-04-30,2012-05-06,2012-05-06,368,63,1,1.5873015873015872
Littoral,2012-05-07,2012-05-13,2012-05-13,128,40,1,2.5
Littoral,2012-05-14,2012-05-20,2012-05-20,20,9,0,0.0
Littoral,2012-05-21,2012-05-27,2012-05-27,48,32,0,0.0
Littoral,2012-05-28,2012-06-03,2012-06-03,189,101,1,0.9900990099009901
Littoral,2012-06-04,2012-06-10,2012-06-10,56,30,0,0.0
Littoral,2012-06-11,2012-06-17,2012-06-17,159,33,1,3.0303030303030303
Littoral,2012-06-18,2012-06-24,2012-06-24,219,85,2,2.3529411764705883
Littoral,2012-06-25,2012-07-01,2012-07-01,291,91,3,3.296703296703297
Littoral,2012-07-02,2012-07-08,2012-07-08,468,154,2,1.2987012987012987
Littoral,2012-07-09,2012-07-15,2012-07-15,288,32,0,0.0
Littoral,2012-07-16,2012-07-22,2012-07-22,316,142,3,2.112676056338028
Littoral,2012-07-23,2012-07-29,2012-07-29,120,38,0,0.0
Littoral,2012-07-30,2012-08-05,2012-08-05,270,54,1,1.8518518518518516
Littoral,2012-08-06,2012-08-12,2012-08-12,227,36,0,0.0
Littoral,2012-08-13,2012-08-19,2012-08-19,37,0,0,0.0
Littoral,2012-08-20,2012-08-26,2012-08-26,76,35,1,2.857142857142857
Littoral,2012-08-27,2012-09-02,2012-09-02,262,105,1,0.9523809523809524
Littoral,2012-09-03,2012-09-09,2012-09-09,796,195,5,2.564102564102564
Littoral,2012-09-10,2012-09-16,2012-09-16,0,0,0,0.0
Littoral,2012-09-17,2012-09-23,2012-09-23,134,75,2,2.666666666666667
Littoral,2012-09-24,2012-09-30,2012-09-30,131,64,0,0.0
Littoral,2012-10-01,2012-10-07,2012-10-07,76,0,1,0.0
Littoral,2012-10-08,2012-10-14,2012-10-14,306,120,1,0.8333333333333334
Littoral,2012-10-15,2012-10-21,2012-10-21,335,154,2,1.2987012987012987
Littoral,2012-10-22,2012-10-28,2012-10-28,154,69,1,1.4492753623188406
Littoral,2012-10-29,2012-11-04,2012-11-04,149,75,2,2.666666666666667
Littoral,2012-11-05,2012-11-11,2012-11-11,61,40,1,2.5
Littoral,2012-11-12,2012-11-18,2012-11-18,97,16,0,0.0
Littoral,2012-11-19,2012-11-25,2012-11-25,306,93,1,1.0752688172043012
Littoral,2012-11-26,2012-12-02,2012-12-02,50,25,0,0.0
Littoral,2012-12-03,2012-12-09,2012-12-09,128,25,0,0.0
Littoral,2012-12-10,2012-12-16,2012-12-16,9,5,0,0.0
Littoral,2012-12-17,2012-12-23,2012-12-23,0,0,0,0.0
Littoral,2012-12-24,2012-12-30,2012-12-30,85,34,0,0.0
Littoral,2012-12-31,2013-01-06,2013-01-06,0,0,0,0.0
Littoral,2013-01-07,2013-01-13,2013-01-13,28,11,0,0.0
Littoral,2013-01-14,2013-01-20,2013-01-20,89,47,0,0.0
Littoral,2013-01-21,2013-01-27,2013-01-27,66,22,0,0.0
Littoral,2013-01-28,2013-02-03,2013-02-03,62,15,0,0.0
Littoral,2013-02-04,2013-02-10,2013-02-10,164,45,1,2.2222222222222223
Littoral,2013-02-11,2013-02-17,2013-02-17,0,0,0,0.0
Littoral,2013-02-18,2013-02-24,2013-02-24,104,7,0,0.0
Littoral,2013-02-25,2013-03-03,2013-03-03,125,34,0,0.0
Littoral,2013-03-04,2013-03-10,2013-03-10,184,14,0,0.0
Littoral,2013-03-11,2013-03-17,2013-03-17,431,146,3,2.054794520547945
Littoral,2013-03-18,2013-03-24,2013-03-24,78,46,1,2.1739130434782608
Littoral,2013-03-25,2013-03-31,2013-03-31,196,86,1,1.1627906976744187
Littoral,2013-04-01,2013-04-07,2013-04-07,36,17,0,0.0
Littoral,2013-04-08,2013-04-14,2013-04-14,472,173,3,1.7341040462427744
Littoral,2013-04-15,2013-04-21,2013-04-21,47,23,0,0.0
Littoral,2013-04-22,2013-04-28,2013-04-28,254,96,2,2.083333333333333
Littoral,2013-04-29,2013-05-05,2013-05-05,60,19,0,0.0
Littoral,2013-05-06,2013-05-12,2013-05-12,159,76,1,1.3157894736842104
Littoral,2013-05-13,2013-05-19,2013-05-19,177,72,1,1.3888888888888888
Littoral,2013-05-20,2013-05-26,2013-05-26,292,164,3,1.8292682926829267
Littoral,2013-05-27,2013-06-02,2013-06-02,80,47,0,0.0
Littoral,2013-06-03,2013-06-09,2013-06-09,174,53,1,1.8867924528301887
Littoral,2013-06-10,2013-06-16,2013-06-16,52,0,0,0.0
Littoral,2013-06-17,2013-06-23,2013-06-23,886,511,10,1.9569471624266144
Littoral,2013-06-24,2013-06-30,2013-06-30,119,73,2,2.73972602739726
Littoral,2013-07-01,2013-07-07,2013-07-07,358,77,1,1.2987012987012987
Littoral,2013-07-08,2013-07-14,2013-07-14,152,0,0,0.0
Littoral,2013-07-15,2013-07-21,2013-07-21,51,26,0,0.0
Littoral,2013-07-22,2013-07-28,2013-07-28,135,50,0,0.0
Littoral,2013-07-29,2013-08-04,2013-08-04,121,71,2,2.8169014084507045
Littoral,2013-08-05,2013-08-11,2013-08-11,0,0,0,0.0
Littoral,2013-08-12,2013-08-18,2013-08-18,79,33,0,0.0
Littoral,2013-08-19,2013-08-25,2013-08-25,158,40,0,0.0
Littoral,2013-08-26,2013-09-01,2013-09-01,346,132,5,3.787878787878788
Littoral,2013-09-02,2013-09-08,2013-09-08,26,0,0,0.0
Littoral,2013-09-09,2013-09-15,2013-09-15,336,102,2,1.9607843137254901
Littoral,2013-09-16,2013-09-22,2013-09-22,0,0,0,0.0
Littoral,2013-09-23,2013-09-29,2013-09-29,588,309,4,1.2944983818770228
Littoral,2013-09-30,2013-10-06,2013-10-06,352,101,2,1.9801980198019802
Littoral,2013-10-07,2013-10-13,2013-10-13,0,0,0,0.0
Littoral,2013-10-14,2013-10-20,2013-10-20,583,198,4,2.0202020202020203
Littoral,2013-10-21,2013-10-27,2013-10-27,254,65,0,0.0
Littoral,2013-10-28,2013-11-03,2013-11-03,140,30,0,0.0
Littoral,2013-11-04,2013-11-10,2013-11-10,54,18,0,0.0
Littoral,2013-11-11,2013-11-17,2013-11-17,636,97,2,2.0618556701030926
Littoral,2013-11-18,2013-11-24,2013-11-24,418,75,3,4.0
Littoral,2013-11-25,2013-12-01,2013-12-01,127,44,1,2.272727272727273
Littoral,2013-12-02,2013-12-08,2013-12-08,220,96,0,0.0
Littoral,2013-12-09,2013-12-15,2013-12-15,67,17,0,0.0
Littoral,2013-12-16,2013-12-22,2013-12-22,10,4,0,0.0
Littoral,2013-12-23,2013-12-29,2013-12-29,49,12,0,0.0
Littoral,2013-12-30,2014-01-05,2014-01-05,188,65,1,1.5384615384615385
Littoral,2014-01-06,2014-01-12,2014-01-12,100,46,0,0.0
Littoral,2014-01-13,2014-01-19,2014-01-19,35,13,0,0.0
Littoral,2014-01-20,2014-01-26,2014-01-26,53,23,0,0.0
Littoral,2014-01-27,2014-02-02,2014-02-02,280,32,1,3.125
Littoral,2014-02-03,2014-02-09,2014-02-09,89,35,2,5.714285714285714
Littoral,2014-02-10,2014-02-16,2014-02-16,99,53,2,3.7735849056603774
Littoral,2014-02-17,2014-02-23,2014-02-23,95,18,0,0.0
Littoral,2014-02-24,2014-03-02,2014-03-02,122,53,1,1.8867924528301887
Littoral,2014-03-03,2014-03-09,2014-03-09,124,55,0,0.0
Littoral,2014-03-10,2014-03-16,2014-03-16,225,108,2,1.8518518518518516
Littoral,2014-03-17,2014-03-23,2014-03-23,268,64,0,0.0
Littoral,2014-03-24,2014-03-30,2014-03-30,188,49,1,2.0408163265306123
Littoral,2014-03-31,2014-04-06,2014-04-06,171,69,1,1.4492753623188406
Littoral,2014-04-07,2014-04-13,2014-04-13,225,63,1,1.5873015873015872
Littoral,2014-04-14,2014-04-20,2014-04-20,0,0,0,0.0
Littoral,2014-04-21,2014-04-27,2014-04-27,15,8,0,0.0
Littoral,2014-04-28,2014-05-04,2014-05-04,1018,373,6,1.6085790884718498
Littoral,2014-05-05,2014-05-11,2014-05-11,46,18,0,0.0
Littoral,2014-05-12,2014-05-18,2014-05-18,68,28,0,0.0
Littoral,2014-05-19,2014-05-25,2014-05-25,186,15,0,0.0
Littoral,2014-05-26,2014-06-01,2014-06-01,198,104,5,4.807692307692308
Littoral,2014-06-02,2014-06-08,2014-06-08,312,55,3,5.454545454545454
Littoral,2014-06-09,2014-06-15,2014-06-15,168,67,1,1.4925373134328357
Littoral,2014-06-16,2014-06-22,2014-06-22,192,27,1,3.7037037037037033
Littoral,2014-06-23,2014-06-29,2014-06-29,188,104,2,1.9230769230769231
Littoral,2014-06-30,2014-07-06,2014-07-06,452,278,5,1.7985611510791366
Littoral,2014-07-07,2014-07-13,2014-07-13,55,0,0,0.0
Littoral,2014-07-14,2014-07-20,2014-07-20,399,189,4,2.1164021164021163
Littoral,2014-07-21,2014-07-27,2014-07-27,203,0,0,0.0
Littoral,2014-07-28,2014-08-03,2014-08-03,171,32,1,3.125
Littoral,2014-08-04,2014-08-10,2014-08-10,222,81,2,2.4691358024691357
Littoral,2014-08-11,2014-08-17,2014-08-17,534,193,4,2.072538860103627
Littoral,2014-08-18,2014-08-24,2014-08-24,305,151,2,1.3245033112582782
Littoral,2014-08-25,2014-08-31,2014-08-31,196,96,5,5.208333333333334
Littoral,2014-09-01,2014-09-07,2014-09-07,2,1,0,0.0
Littoral,2014-09-08,2014-09-14,2014-09-14,325,135,3,2.2222222222222223
Littoral,2014-09-15,2014-09-21,2014-09-21,212,64,1,1.5625
Littoral,2014-09-22,2014-09-28,2014-09-28,256,133,2,1.5037593984962405
Littoral,2014-09-29,2014-10-05,2014-10-05,59,18,0,0.0
Littoral,2014-10-06,2014-10-12,2014-10-12,388,194,5,2.5773195876288657
Littoral,2014-10-13,2014-10-19,2014-10-19,53,24,0,0.0
Littoral,2014-10-20,2014-10-26,2014-10-26,259,71,1,1.4084507042253522
Littoral,2014-10-27,2014-11-02,2014-11-02,0,0,0,0.0
Littoral,2014-11-03,2014-11-09,2014-11-09,296,100,2,2.0
Littoral,2014-11-10,2014-11-16,2014-11-16,59,0,0,0.0
Littoral,2014-11-17,2014-11-23,2014-11-23,102,52,1,1.9230769230769231
Littoral,2014-11-24,2014-11-30,2014-11-30,35,0,0,0.0
Littoral,2014-12-01,2014-12-07,2014-12-07,28,14,0,0.0
Littoral,2014-12-08,2014-12-14,2014-12-14,11,0,0,0.0
Littoral,2014-12-15,2014-12-21,2014-12-21,49,7,0,0.0
Littoral,2014-12-22,2014-12-28,2014-12-28,103,25,0,0.0
Littoral,2014-12-29,2015-01-04,2015-01-04,27,15,0,0.0
Littoral,2015-01-05,2015-01-11,2015-01-11,0,0,0,0.0
Littoral,2015-01-12,2015-01-18,2015-01-18,77,18,0,0.0
Littoral,2015-01-19,2015-01-25,2015-01-25,244,77,0,0.0
Littoral,2015-01-26,2015-02-01,2015-02-01,63,26,1,3.8461538461538463
Littoral,2015-02-02,2015-02-08,2015-02-08,28,0,0,0.0
Littoral,2015-02-09,2015-02-15,2015-02-15,27,14,0,0.0
Littoral,2015-02-16,2015-02-22,2015-02-22,77,0,0,0.0
Littoral,2015-02-23,2015-03-01,2015-03-01,0,0,0,0.0
Littoral,2015-03-02,2015-03-08,2015-03-08,78,27,0,0.0
Littoral,2015-03-09,2015-03-15,2015-03-15,188,62,0,0.0
Littoral,2015-03-16,2015-03-22,2015-03-22,0,0,0,0.0
Littoral,2015-03-23,2015-03-29,2015-03-29,52,26,0,0.0
Littoral,2015-03-30,2015-04-05,2015-04-05,133,66,1,1.5151515151515151
Littoral,2015-04-06,2015-04-12,2015-04-12,83,38,0,0.0
Littoral,2015-04-13,2015-04-19,2015-04-19,292,92,1,1.0869565217391304
Littoral,2015-04-20,2015-04-26,2015-04-26,143,16,0,0.0
Littoral,2015-04-27,2015-05-03,2015-05-03,28,0,0,0.0
Littoral,2015-05-04,2015-05-10,2015-05-10,135,38,0,0.0
Littoral,2015-05-11,2015-05-17,2015-05-17,317,74,0,0.0
Littoral,2015-05-18,2015-05-24,2015-05-24,654,226,8,3.5398230088495577
Littoral,2015-05-25,2015-05-31,2015-05-31,223,76,2,2.631578947368421
Littoral,2015-06-01,2015-06-07,2015-06-07,88,21,0,0.0
Littoral,2015-06-08,2015-06-14,2015-06-14,241,137,6,4.37956204379562
Littoral,2015-06-15,2015-06-21,2015-06-21,219,117,3,2.564102564102564
Littoral,2015-06-22,2015-06-28,2015-06-28,139,22,1,4.545454545454546
Littoral,2015-06-29,2015-07-05,2015-07-05,161,69,1,1.4492753623188406
Littoral,2015-07-06,2015-07-12,2015-07-12,545,47,2,4.25531914893617
Littoral,2015-07-13,2015-07-19,2015-07-19,140,55,0,0.0
Littoral,2015-07-20,2015-07-26,2015-07-26,382,232,3,1.293103448275862
Littoral,2015-07-27,2015-08-02,2015-08-02,267,43,1,2.3255813953488373
Littoral,2015-08-03,2015-08-09,2015-08-09,115,33,1,3.0303030303030303
Littoral,2015-08-10,2015-08-16,2015-08-16,883,345,5,1.4492753623188406
Littoral,2015-08-17,2015-08-23,2015-08-23,386,202,5,2.4752475247524752
Littoral,2015-08-24,2015-08-30,2015-08-30,121,8,0,0.0
Littoral,2015-08-31,2015-09-06,2015-09-06,82,42,1,2.380952380952381
Littoral,2015-09-07,2015-09-13,2015-09-13,302,43,1,2.3255813953488373
Littoral,2015-09-14,2015-09-20,2015-09-20,359,83,2,2.4096385542168677
Littoral,2015-09-21,2015-09-27,2015-09-27,596,136,2,1.4705882352941175
Littoral,2015-09-28,2015-10-04,2015-10-04,279,120,2,1.6666666666666667
Littoral,2015-10-05,2015-10-11,2015-10-11,116,51,0,0.0
Littoral,2015-10-12,2015-10-18,2015-10-18,421,232,3,1.293103448275862
Littoral,2015-10-19,2015-10-25,2015-10-25,157,63,1,1.5873015873015872
Littoral,2015-10-26,2015-11-01,2015-11-01,200,87,2,2.2988505747126435
Littoral,2015-11-02,2015-11-08,2015-11-08,392,73,1,1.36986301369863
Littoral,2015-11-09,2015-11-15,2015-11-15,146,70,1,1.4285714285714286
Littoral,2015-11-16,2015-11-22,2015-11-22,74,11,0,0.0
Littoral,2015-11-23,2015-11-29,2015-11-29,68,29,1,3.4482758620689653
Littoral,2015-11-30,2015-12-06,2015-12-06,182,67,0,0.0
Littoral,2015-12-07,2015-12-13,2015-12-13,27,0,0,0.0
Littoral,2015-12-14,2015-12-20,2015-12-20,331,157,3,1.910828025477707
Littoral,2015-12-21,2015-12-27,2015-12-27,0,0,0,0.0
Littoral,2016-01-04,2016-01-10,2016-01-10,87,0,0,0.0
Littoral,2016-01-11,2016-01-17,2016-01-17,76,10,0,0.0
Littoral,2016-01-18,2016-01-24,2016-01-24,76,0,0,0.0
Littoral,2016-01-25,2016-01-31,2016-01-31,0,0,0,0.0
Littoral,2016-02-01,2016-02-07,2016-02-07,132,20,0,0.0
Littoral,2016-02-08,2016-02-14,2016-02-14,188,43,1,2.3255813953488373
Littoral,2016-02-15,2016-02-21,2016-02-21,152,79,2,2.5316455696202533
Littoral,2016-02-22,2016-02-28,2016-02-28,275,18,0,0.0
Littoral,2016-02-29,2016-03-06,2016-03-06,126,47,1,2.127659574468085
Littoral,2016-03-07,2016-03-13,2016-03-13,0,0,0,0.0
Littoral,2016-03-14,2016-03-20,2016-03-20,43,18,1,5.555555555555555
Littoral,2016-03-21,2016-03-27,2016-03-27,413,186,2,1.0752688172043012
Littoral,2016-03-28,2016-04-03,2016-04-03,111,52,1,1.9230769230769231
Littoral,2016-04-04,2016-04-10,2016-04-10,261,21,0,0.0
Littoral,2016-04-11,2016-04-17,2016-04-17,288,45,0,0.0
Littoral,2016-04-18,2016-04-24,2016-04-24,91,40,1,2.5
Littoral,2016-04-25,2016-05-01,2016-05-01,323,0,1,0.0
Littoral,2016-05-02,2016-05-08,2016-05-08,81,38,1,2.631578947368421
Littoral,2016-05-09,2016-05-15,2016-05-15,712,0,0,0.0
Littoral,2016-05-16,2016-05-22,2016-05-22,530,131,4,3.0534351145038165
Littoral,2016-05-23,2016-05-29,2016-05-29,358,110,3,2.727272727272727
Littoral,2016-05-30,2016-06-05,2016-06-05,219,77,0,0.0
Littoral,2016-06-06,2016-06-12,2016-06-12,427,127,0,0.0
Littoral,2016-06-13,2016-06-19,2016-06-19,350,85,2,2.3529411764705883
Littoral,2016-06-20,2016-06-26,2016-06-26,465,117,1,0.8547008547008548
Littoral,2016-06-27,2016-07-03,2016-07-03,108,62,0,0.0
Littoral,2016-07-04,2016-07-10,2016-07-10,210,48,0,0.0
Littoral,2016-07-11,2016-07-17,2016-07-17,244,115,1,0.8695652173913043
Littoral,2016-07-18,2016-07-24,2016-07-24,611,222,3,1.3513513513513513
Littoral,2016-07-25,2016-07-31,2016-07-31,287,84,2,2.380952380952381
Littoral,2016-08-01,2016-08-07,2016-08-07,517,247,3,1.214574898785425
Littoral,2016-08-08,2016-08-14,2016-08-14,462,68,1,1.4705882352941175
Littoral,2016-08-15,2016-08-21,2016-08-21,338,57,0,0.0
Littoral,2016-08-22,2016-08-28,2016-08-28,474,82,1,1.2195121951219512
Littoral,2016-08-29,2016-09-04,2016-09-04,324,158,4,2.5316455696202533
Littoral,2016-09-05,2016-09-11,2016-09-11,312,152,2,1.3157894736842104
Littoral,2016-09-12,2016-09-18,2016-09-18,177,92,2,2.1739130434782608
Littoral,2016-09-19,2016-09-25,2016-09-25,437,302,5,1.6556291390728477
Littoral,2016-09-26,2016-10-02,2016-10-02,110,56,1,1.7857142857142856
Littoral,2016-10-03,2016-10-09,2016-10-09,112,61,1,1.639344262295082
Littoral,2016-10-10,2016-10-16,2016-10-16,153,64,2,3.125
Littoral,2016-10-17,2016-10-23,2016-10-23,221,30,1,3.3333333333333335
Littoral,2016-10-24,2016-10-30,2016-10-30,269,88,2,2.272727272727273
Littoral,2016-10-31,2016-11-06,2016-11-06,202,58,1,1.7241379310344827
Littoral,2016-11-07,2016-11-13,2016-11-13,0,0,0,0.0
Littoral,2016-11-14,2016-11-20,2016-11-20,359,0,0,0.0
Littoral,2016-11-21,2016-11-27,2016-11-27,277,70,1,1.4285714285714286
Littoral,2016-11-28,2016-12-04,2016-12-04,52,14,0,0.0
Littoral,2016-12-05,2016-12-11,2016-12-11,88,26,1,3.8461538461538463
Littoral,2016-12-12,2016-12-18,2016-12-18,290,26,0,0.0
Littoral,2016-12-19,2016-12-25,2016-12-25,105,28,0,0.0
Littoral,2016-12-26,2017-01-01,2017-01-01,61,10,0,0.0
Littoral,2017-01-02,2017-01-08,2017-01-08,29,0,1,0.0
Littoral,2017-01-09,2017-01-15,2017-01-15,45,17,0,0.0
Littoral,2017-01-16,2017-01-22,2017-01-22,35,18,1,5.555555555555555
Littoral,2017-01-23,2017-01-29,2017-01-29,78,3,0,0.0
Littoral,2017-01-30,2017-02-05,2017-02-05,200,60,0,0.0
Littoral,2017-02-06,2017-02-12,2017-02-12,329,85,0,0.0
Littoral,2017-02-13,2017-02-19,2017-02-19,19,9,0,0.0
Littoral,2017-02-20,2017-02-26,2017-02-26,54,20,0,0.0
Littoral,2017-02-27,2017-03-05,2017-03-05,221,28,0,0.0
Littoral,2017-03-06,2017-03-12,2017-03-12,95,0,0,0.0
Littoral,2017-03-13,2017-03-19,2017-03-19,205,79,0,0.0
Littoral,2017-03-20,2017-03-26,2017-03-26,104,43,0,0.0
Littoral,2017-03-27,2017-04-02,2017-04-02,98,64,1,1.5625
Littoral,2017-04-03,2017-04-09,2017-04-09,308,40,1,2.5
Littoral,2017-04-10,2017-04-16,2017-04-16,141,59,2,3.389830508474576
Littoral,2017-04-17,2017-04-23,2017-04-23,133,51,1,1.9607843137254901
Littoral,2017-04-24,2017-04-30,2017-04-30,169,72,1,1.3888888888888888
Littoral,2017-05-01,2017-05-07,2017-05-07,150,70,1,1.4285714285714286
Littoral,2017-05-08,2017-05-14,2017-05-14,136,0,0,0.0
Littoral,2017-05-15,2017-05-21,2017-05-21,0,0,0,0.0
Littoral,2017-05-22,2017-05-28,2017-05-28,393,125,3,2.4
Littoral,2017-05-29,2017-06-04,2017-06-04,263,102,2,1.9607843137254901
Littoral,2017-06-05,2017-06-11,2017-06-11,140,54,1,1.8518518518518516
Littoral,2017-06-12,2017-06-18,2017-06-18,573,335,9,2.6865671641791042
Littoral,2017-06-19,2017-06-25,2017-06-25,252,132,2,1.5151515151515151
Littoral,2017-06-26,2017-07-02,2017-07-02,558,221,3,1.3574660633484164
Littoral,2017-07-03,2017-07-09,2017-07-09,135,65,1,1.5384615384615385
Littoral,2017-07-10,2017-07-16,2017-07-16,264,73,2,2.73972602739726
Littoral,2017-07-17,2017-07-23,2017-07-23,470,208,3,1.4423076923076923
Littoral,2017-07-24,2017-07-30,2017-07-30,30,20,1,5.0
Littoral,2017-07-31,2017-08-06,2017-08-06,84,34,1,2.941176470588235
Littoral,2017-08-07,2017-08-13,2017-08-13,1074,484,9,1.859504132231405
Littoral,2017-08-14,2017-08-20,2017-08-20,301,51,0,0.0
Littoral,2017-08-21,2017-08-27,2017-08-27,277,93,1,1.0752688172043012
Littoral,2017-08-28,2017-09-03,2017-09-03,765,417,6,1.4388489208633095
Littoral,2017-09-04,2017-09-10,2017-09-10,466,200,3,1.5
Littoral,2017-09-11,2017-09-17,2017-09-17,174,47,2,4.25531914893617
Littoral,2017-09-18,2017-09-24,2017-09-24,639,94,3,3.1914893617021276
Littoral,2017-09-25,2017-10-01,2017-10-01,93,39,1,2.564102564102564
Littoral,2017-10-02,2017-10-08,2017-10-08,231,111,1,0.9009009009009009
Littoral,2017-10-09,2017-10-15,2017-10-15,644,236,2,0.847457627118644
Littoral,2017-10-16,2017-10-22,2017-10-22,523,114,1,0.8771929824561403
Littoral,2017-10-23,2017-10-29,2017-10-29,183,101,1,0.9900990099009901
Littoral,2017-10-30,2017-11-05,2017-11-05,0,0,0,0.0
Littoral,2017-11-06,2017-11-12,2017-11-12,279,38,0,0.0
Littoral,2017-11-13,2017-11-19,2017-11-19,185,97,3,3.0927835051546393
Littoral,2017-11-20,2017-11-26,2017-11-26,153,35,1,2.857142857142857
Littoral,2017-11-27,2017-12-03,2017-12-03,21,5,0,0.0
Littoral,2017-12-04,2017-12-10,2017-12-10,12,0,0,0.0
Littoral,2017-12-11,2017-12-17,2017-12-17,32,11,0,0.0
Littoral,2017-12-18,2017-12-24,2017-12-24,72,6,0,0.0
Littoral,2017-12-25,2017-12-31,2017-12-31,54,10,0,0.0
Littoral,2018-01-01,2018-01-07,2018-01-07,55,14,0,0.0
Littoral,2018-01-01,2018-12-30,2018-12-30,381,133,3,2.2556390977443606
Littoral,2018-01-08,2018-01-14,2018-01-14,46,11,0,0.0
Littoral,2018-01-15,2018-01-21,2018-01-21,41,21,0,0.0
Littoral,2018-01-22,2018-01-28,2018-01-28,43,18,0,0.0
Littoral,2018-01-29,2018-02-04,2018-02-04,17,0,0,0.0
Littoral,2018-02-05,2018-02-11,2018-02-11,236,17,0,0.0
Littoral,2018-02-12,2018-02-18,2018-02-18,1,1,0,0.0
Littoral,2018-02-19,2018-02-25,2018-02-25,62,2,0,0.0
Littoral,2018-02-26,2018-03-04,2018-03-04,147,49,0,0.0
Littoral,2018-03-05,2018-03-11,2018-03-11,208,57,2,3.508771929824561
Littoral,2018-03-12,2018-03-18,2018-03-18,88,0,0,0.0
Littoral,2018-03-19,2018-03-25,2018-03-25,115,33,0,0.0
Littoral,2018-03-26,2018-04-01,2018-04-01,129,51,0,0.0
Littoral,2018-04-02,2018-04-08,2018-04-08,19,13,0,0.0
Littoral,2018-04-09,2018-04-15,2018-04-15,208,62,0,0.0
Littoral,2018-04-16,2018-04-22,2018-04-22,303,133,4,3.007518796992481
Littoral,2018-04-23,2018-04-29,2018-04-29,0,0,0,0.0
Littoral,2018-04-30,2018-05-06,2018-05-06,141,51,1,1.9607843137254901
Littoral,2018-05-07,2018-05-13,2018-05-13,125,79,0,0.0
Littoral,2018-05-14,2018-05-20,2018-05-20,240,101,3,2.9702970297029703
Littoral,2018-05-21,2018-05-27,2018-05-27,217,86,1,1.1627906976744187
Littoral,2018-05-28,2018-06-03,2018-06-03,207,65,2,3.076923076923077
Littoral,2018-06-04,2018-06-10,2018-06-10,448,178,2,1.1235955056179776
Littoral,2018-06-11,2018-06-17,2018-06-17,83,28,1,3.571428571428571
Littoral,2018-06-18,2018-06-24,2018-06-24,70,0,0,0.0
Littoral,2018-06-25,2018-07-01,2018-07-01,161,71,1,1.4084507042253522
Littoral,2018-07-02,2018-07-08,2018-07-08,155,41,2,4.878048780487805
Littoral,2018-07-09,2018-07-15,2018-07-15,33,0,0,0.0
Littoral,2018-07-16,2018-07-22,2018-07-22,477,166,2,1.2048192771084338
Littoral,2018-07-23,2018-07-29,2018-07-29,725,210,4,1.9047619047619049
Littoral,2018-07-30,2018-08-05,2018-08-05,252,46,0,0.0
Littoral,2018-08-06,2018-08-12,2018-08-12,240,33,1,3.0303030303030303
Littoral,2018-08-13,2018-08-19,2018-08-19,205,65,1,1.5384615384615385
Littoral,2018-08-20,2018-08-26,2018-08-26,200,86,2,2.3255813953488373
Littoral,2018-08-27,2018-09-02,2018-09-02,696,325,4,1.2307692307692308
Littoral,2018-09-03,2018-09-09,2018-09-09,287,167,5,2.9940119760479043
Littoral,2018-09-10,2018-09-16,2018-09-16,123,51,0,0.0
Littoral,2018-09-17,2018-09-23,2018-09-23,363,132,1,0.7575757575757576
Littoral,2018-09-24,2018-09-30,2018-09-30,284,43,1,2.3255813953488373
Littoral,2018-10-01,2018-10-07,2018-10-07,631,265,4,1.509433962264151
Littoral,2018-10-08,2018-10-14,2018-10-14,776,224,5,2.232142857142857
Littoral,2018-10-15,2018-10-21,2018-10-21,53,0,0,0.0
Littoral,2018-10-22,2018-10-28,2018-10-28,124,65,1,1.5384615384615385
Littoral,2018-10-29,2018-11-04,2018-11-04,272,116,2,1.7241379310344827
Littoral,2018-11-05,2018-11-11,2018-11-11,185,16,0,0.0
Littoral,2018-11-12,2018-11-18,2018-11-18,250,67,1,1.4925373134328357
Littoral,2018-11-19,2018-11-25,2018-11-25,93,33,0,0.0
Littoral,2018-11-26,2018-12-02,2018-12-02,234,124,2,1.6129032258064515
Littoral,2018-12-10,2018-12-16,2018-12-16,29,12,0,0.0
Littoral,2018-12-17,2018-12-23,2018-12-23,0,0,0,0.0
Littoral,2018-12-24,2018-12-30,2018-12-30,20,5,0,0.0
Littoral,2018-12-31,2019-01-06,2019-01-06,0,0,0,0.0
Littoral,2018-12-31,2019-12-29,2019-12-29,157,35,0,0.0
Littoral,2019-01-07,2019-01-13,2019-01-13,0,0,0,0.0
Littoral,2019-01-14,2019-01-20,2019-01-20,0,0,0,0.0
Littoral,2019-01-21,2019-01-27,2019-01-27,208,44,1,2.272727272727273
Littoral,2019-01-28,2019-02-03,2019-02-03,0,0,0,0.0
Littoral,2019-02-04,2019-02-10,2019-02-10,45,0,0,0.0
Littoral,2019-02-11,2019-02-17,2019-02-17,0,0,0,0.0
Littoral,2019-02-18,2019-02-24,2019-02-24,37,0,1,0.0
Littoral,2019-02-25,2019-03-03,2019-03-03,99,24,1,4.166666666666666
Littoral,2019-03-04,2019-03-10,2019-03-10,200,69,1,1.4492753623188406
Littoral,2019-03-11,2019-03-17,2019-03-17,56,11,0,0.0
Littoral,2019-03-18,2019-03-24,2019-03-24,125,47,1,2.127659574468085
Littoral,2019-05-13,2019-05-19,2019-05-19,0,0,0,0.0
Littoral,2020-01-01,2020-01-20,2020-01-20,19,8,0,0.0
Littoral,2020-01-01,2020-01-28,2020-01-28,53,26,2,7.6923076923076925
Littoral,2020-01-04,2020-01-20,2020-01-20,28,0,0,0.0
North,2010-01-04,2010-01-10,2010-01-10,85,44,0,0.0
North,2010-01-11,2010-01-17,2010-01-17,61,24,0,0.0
North,2010-01-18,2010-01-24,2010-01-24,86,36,0,0.0
North,2010-01-25,2010-01-31,2010-01-31,0,0,0,0.0
North,2010-02-01,2010-02-07,2010-02-07,0,0,0,0.0
North,2010-02-08,2010-02-14,2010-02-14,86,30,0,0.0
North,2010-02-15,2010-02-21,2010-02-21,121,37,0,0.0
North,2010-02-22,2010-02-28,2010-02-28,40,21,0,0.0
North,2010-03-01,2010-03-07,2010-03-07,0,0,0,0.0
North,2010-03-08,2010-03-14,2010-03-14,31,17,0,0.0
North,2010-03-15,2010-03-21,2010-03-21,0,0,0,0.0
North,2010-03-22,2010-03-28,2010-03-28,56,14,2,14.285714285714285
North,2010-03-29,2010-04-04,2010-04-04,21,0,0,0.0
North,2010-04-05,2010-04-11,2010-04-11,22,0,1,0.0
North,2010-04-12,2010-04-18,2010-04-18,145,47,1,2.127659574468085
North,2010-04-19,2010-04-25,2010-04-25,239,24,1,4.166666666666666
North,2010-04-26,2010-05-02,2010-05-02,121,13,0,0.0
North,2010-05-03,2010-05-09,2010-05-09,120,64,1,1.5625
North,2010-05-10,2010-05-16,2010-05-16,87,34,0,0.0
North,2010-05-17,2010-05-23,2010-05-23,0,0,0,0.0
North,2010-05-24,2010-05-30,2010-05-30,328,105,2,1.9047619047619049
North,2010-05-31,2010-06-06,2010-06-06,364,163,2,1.2269938650306749
North,2010-06-07,2010-06-13,2010-06-13,0,0,0,0.0
North,2010-06-14,2010-06-20,2010-06-20,142,69,0,0.0
North,2010-06-21,2010-06-27,2010-06-27,248,74,1,1.3513513513513513
North,2010-06-28,2010-07-04,2010-07-04,0,0,0,0.0
North,2010-07-05,2010-07-11,2010-07-11,133,0,0,0.0
North,2010-07-12,2010-07-18,2010-07-18,435,157,3,1.910828025477707
North,2010-07-19,2010-07-25,2010-07-25,374,30,0,0.0
North,2010-07-26,2010-08-01,2010-08-01,41,21,0,0.0
North,2010-08-02,2010-08-08,2010-08-08,92,27,0,0.0
North,2010-08-09,2010-08-15,2010-08-15,347,121,0,0.0
North,2010-08-16,2010-08-22,2010-08-22,443,42,1,2.380952380952381
North,2010-08-23,2010-08-29,2010-08-29,255,119,2,1.680672268907563
North,2010-08-30,2010-09-05,2010-09-05,571,95,3,3.1578947368421053
North,2010-09-06,2010-09-12,2010-09-12,297,107,2,1.8691588785046727
North,2010-09-13,2010-09-19,2010-09-19,215,102,1,0.9803921568627451
North,2010-09-20,2010-09-26,2010-09-26,459,116,3,2.586206896551724
North,2010-09-27,2010-10-03,2010-10-03,518,194,2,1.0309278350515463
North,2010-10-04,2010-10-10,2010-10-10,232,103,2,1.9417475728155338
North,2010-10-11,2010-10-17,2010-10-17,526,246,8,3.2520325203252036
North,2010-10-18,2010-10-24,2010-10-24,73,16,0,0.0
North,2010-10-25,2010-10-31,2010-10-31,106,56,1,1.7857142857142856
North,2010-11-01,2010-11-07,2010-11-07,46,18,0,0.0
North,2010-11-08,2010-11-14,2010-11-14,107,15,0,0.0
North,2010-11-15,2010-11-21,2010-11-21,183,110,2,1.8181818181818181
North,2010-11-22,2010-11-28,2010-11-28,86,39,1,2.564102564102564
North,2010-11-29,2010-12-05,2010-12-05,27,0,0,0.0
North,2010-12-06,2010-12-12,2010-12-12,83,37,0,0.0
North,2010-12-13,2010-12-19,2010-12-19,85,0,0,0.0
North,2010-12-20,2010-12-26,2010-12-26,27,17,0,0.0
North,2010-12-27,2011-01-02,2011-01-02,18,6,0,0.0
North,2011-01-01,2011-09-22,2011-09-22,3703,1266,97,7.661927330173776
North,2011-01-03,2011-01-09,2011-01-09,0,0,0,0.0
North,2011-01-10,2011-01-16,2011-01-16,52,10,0,0.0
North,2011-01-17,2011-01-23,2011-01-23,43,22,0,0.0
North,2011-01-24,2011-01-30,2011-01-30,29,13,1,7.6923076923076925
North,2011-01-31,2011-02-06,2011-02-06,49,24,0,0.0
North,2011-02-07,2011-02-13,2011-02-13,54,23,1,4.3478260869565215
North,2011-02-14,2011-02-20,2011-02-20,0,0,0,0.0
North,2011-02-21,2011-02-27,2011-02-27,49,0,0,0.0
North,2011-02-28,2011-03-06,2011-03-06,0,0,0,0.0
North,2011-03-07,2011-03-13,2011-03-13,19,9,0,0.0
North,2011-03-14,2011-03-20,2011-03-20,11,6,0,0.0
North,2011-03-21,2011-03-27,2011-03-27,30,9,0,0.0
North,2011-03-28,2011-04-03,2011-04-03,20,9,0,0.0
North,2011-04-04,2011-04-10,2011-04-10,139,78,0,0.0
North,2011-04-11,2011-04-17,2011-04-17,33,9,0,0.0
North,2011-04-18,2011-04-24,2011-04-24,96,32,0,0.0
North,2011-04-25,2011-05-01,2011-05-01,31,15,1,6.666666666666667
North,2011-05-02,2011-05-08,2011-05-08,92,16,0,0.0
North,2011-05-09,2011-05-15,2011-05-15,447,150,7,4.666666666666667
North,2011-05-16,2011-05-22,2011-05-22,224,74,3,4.054054054054054
North,2011-05-23,2011-05-29,2011-05-29,511,160,6,3.75
North,2011-05-30,2011-06-05,2011-06-05,596,141,7,4.964539007092199
North,2011-06-06,2011-06-12,2011-06-12,630,105,2,1.9047619047619049
North,2011-06-13,2011-06-19,2011-06-19,618,139,7,5.0359712230215825
North,2011-06-20,2011-06-26,2011-06-26,594,165,6,3.6363636363636362
North,2011-06-27,2011-07-03,2011-07-03,24,12,0,0.0
North,2011-07-04,2011-07-10,2011-07-10,908,282,7,2.4822695035460995
North,2011-07-11,2011-07-17,2011-07-17,808,294,8,2.7210884353741496
North,2011-07-18,2011-07-24,2011-07-24,768,100,4,4.0
North,2011-07-25,2011-07-31,2011-07-31,466,179,7,3.910614525139665
North,2011-08-01,2011-08-07,2011-08-07,782,281,10,3.558718861209965
North,2011-08-08,2011-08-14,2011-08-14,961,367,9,2.452316076294278
North,2011-08-15,2011-08-21,2011-08-21,700,286,9,3.146853146853147
North,2011-08-22,2011-08-28,2011-08-28,805,375,6,1.6
North,2011-08-29,2011-09-04,2011-09-04,807,334,5,1.4970059880239521
North,2011-09-05,2011-09-11,2011-09-11,619,279,9,3.225806451612903
North,2011-09-12,2011-09-18,2011-09-18,677,187,6,3.2085561497326207
North,2011-09-19,2011-09-25,2011-09-25,878,257,5,1.9455252918287937
North,2011-09-26,2011-10-02,2011-10-02,500,92,2,2.1739130434782608
North,2011-10-03,2011-10-09,2011-10-09,413,148,4,2.7027027027027026
North,2011-10-10,2011-10-16,2011-10-16,505,222,4,1.8018018018018018
North,2011-10-17,2011-10-23,2011-10-23,248,39,2,5.128205128205128
North,2011-10-24,2011-10-30,2011-10-30,250,125,1,0.8
North,2011-10-31,2011-11-06,2011-11-06,137,41,1,2.4390243902439024
North,2011-11-07,2011-11-13,2011-11-13,201,58,1,1.7241379310344827
North,2011-11-14,2011-11-20,2011-11-20,115,56,2,3.571428571428571
North,2011-11-21,2011-11-27,2011-11-27,45,4,0,0.0
North,2011-11-28,2011-12-04,2011-12-04,39,9,0,0.0
North,2011-12-05,2011-12-11,2011-12-11,36,17,0,0.0
North,2011-12-12,2011-12-18,2011-12-18,23,6,0,0.0
North,2011-12-19,2011-12-25,2011-12-25,7,3,0,0.0
North,2011-12-26,2012-01-01,2012-01-01,0,0,0,0.0
North,2012-01-02,2012-01-08,2012-01-08,35,21,1,4.761904761904762
North,2012-01-09,2012-01-15,2012-01-15,40,9,0,0.0
North,2012-01-16,2012-01-22,2012-01-22,80,16,0,0.0
North,2012-01-23,2012-01-29,2012-01-29,0,0,0,0.0
North,2012-01-30,2012-02-05,2012-02-05,50,26,0,0.0
North,2012-02-06,2012-02-12,2012-02-12,79,0,0,0.0
North,2012-02-13,2012-02-19,2012-02-19,45,15,0,0.0
North,2012-02-20,2012-02-26,2012-02-26,26,9,0,0.0
North,2012-02-27,2012-03-04,2012-03-04,43,5,1,20.0
North,2012-03-05,2012-03-11,2012-03-11,111,39,1,2.564102564102564
North,2012-03-12,2012-03-18,2012-03-18,29,0,0,0.0
North,2012-03-19,2012-03-25,2012-03-25,23,0,0,0.0
North,2012-03-26,2012-04-01,2012-04-01,26,7,0,0.0
North,2012-04-02,2012-04-08,2012-04-08,54,35,1,2.857142857142857
North,2012-04-09,2012-04-15,2012-04-15,0,0,0,0.0
North,2012-04-16,2012-04-22,2012-04-22,39,21,0,0.0
North,2012-04-23,2012-04-29,2012-04-29,40,10,0,0.0
North,2012-04-30,2012-05-06,2012-05-06,236,68,2,2.941176470588235
North,2012-05-07,2012-05-13,2012-05-13,176,39,1,2.564102564102564
North,2012-05-14,2012-05-20,2012-05-20,28,8,0,0.0
North,2012-05-21,2012-05-27,2012-05-27,120,58,2,3.4482758620689653
North,2012-05-28,2012-06-03,2012-06-03,163,52,1,1.9230769230769231
North,2012-06-04,2012-06-10,2012-06-10,104,48,0,0.0
North,2012-06-11,2012-06-17,2012-06-17,126,81,2,2.4691358024691357
North,2012-06-18,2012-06-24,2012-06-24,19,8,0,0.0
North,2012-06-25,2012-07-01,2012-07-01,95,25,0,0.0
North,2012-07-02,2012-07-08,2012-07-08,52,31,0,0.0
North,2012-07-09,2012-07-15,2012-07-15,147,56,1,1.7857142857142856
North,2012-07-16,2012-07-22,2012-07-22,160,61,1,1.639344262295082
North,2012-07-23,2012-07-29,2012-07-29,37,13,0,0.0
North,2012-07-30,2012-08-05,2012-08-05,151,77,0,0.0
North,2012-08-06,2012-08-12,2012-08-12,146,72,1,1.3888888888888888
North,2012-08-13,2012-08-19,2012-08-19,0,0,0,0.0
North,2012-08-20,2012-08-26,2012-08-26,715,15,0,0.0
North,2012-08-27,2012-09-02,2012-09-02,185,59,2,3.389830508474576
North,2012-09-03,2012-09-09,2012-09-09,0,0,0,0.0
North,2012-09-10,2012-09-16,2012-09-16,42,25,1,4.0
North,2012-09-17,2012-09-23,2012-09-23,0,0,0,0.0
North,2012-09-24,2012-09-30,2012-09-30,0,0,0,0.0
North,2012-10-01,2012-10-07,2012-10-07,36,0,0,0.0
North,2012-10-08,2012-10-14,2012-10-14,148,72,1,1.3888888888888888
North,2012-10-15,2012-10-21,2012-10-21,0,0,0,0.0
North,2012-10-22,2012-10-28,2012-10-28,147,91,0,0.0
North,2012-10-29,2012-11-04,2012-11-04,35,0,0,0.0
North,2012-11-05,2012-11-11,2012-11-11,0,0,0,0.0
North,2012-11-12,2012-11-18,2012-11-18,99,0,0,0.0
North,2012-11-19,2012-11-25,2012-11-25,31,19,0,0.0
North,2012-11-26,2012-12-02,2012-12-02,32,15,0,0.0
North,2012-12-03,2012-12-09,2012-12-09,13,0,0,0.0
North,2012-12-10,2012-12-16,2012-12-16,136,22,0,0.0
North,2012-12-17,2012-12-23,2012-12-23,0,0,0,0.0
North,2012-12-24,2012-12-30,2012-12-30,7,0,0,0.0
North,2012-12-31,2013-01-06,2013-01-06,28,11,0,0.0
North,2013-01-07,2013-01-13,2013-01-13,52,21,1,4.761904761904762
North,2013-01-14,2013-01-20,2013-01-20,0,0,0,0.0
North,2013-01-21,2013-01-27,2013-01-27,91,14,0,0.0
North,2013-01-28,2013-02-03,2013-02-03,0,0,0,0.0
North,2013-02-04,2013-02-10,2013-02-10,15,3,0,0.0
North,2013-02-11,2013-02-17,2013-02-17,0,0,0,0.0
North,2013-02-18,2013-02-24,2013-02-24,1,1,0,0.0
North,2013-02-25,2013-03-03,2013-03-03,0,0,0,0.0
North,2013-03-04,2013-03-10,2013-03-10,120,0,0,0.0
North,2013-03-11,2013-03-17,2013-03-17,0,0,0,0.0
North,2013-03-18,2013-03-24,2013-03-24,55,36,0,0.0
North,2013-03-25,2013-03-31,2013-03-31,70,40,2,5.0
North,2013-04-01,2013-04-07,2013-04-07,87,38,1,2.631578947368421
North,2013-04-08,2013-04-14,2013-04-14,0,0,0,0.0
North,2013-04-15,2013-04-21,2013-04-21,177,54,0,0.0
North,2013-04-22,2013-04-28,2013-04-28,0,0,0,0.0
North,2013-04-29,2013-05-05,2013-05-05,78,49,0,0.0
North,2013-05-06,2013-05-12,2013-05-12,92,33,1,3.0303030303030303
North,2013-05-13,2013-05-19,2013-05-19,422,96,2,2.083333333333333
North,2013-05-20,2013-05-26,2013-05-26,45,0,0,0.0
North,2013-05-27,2013-06-02,2013-06-02,56,0,0,0.0
North,2013-06-03,2013-06-09,2013-06-09,0,0,0,0.0
North,2013-06-10,2013-06-16,2013-06-16,134,53,1,1.8867924528301887
North,2013-06-17,2013-06-23,2013-06-23,0,0,0,0.0
North,2013-06-24,2013-06-30,2013-06-30,66,41,1,2.4390243902439024
North,2013-07-01,2013-07-07,2013-07-07,97,35,0,0.0
North,2013-07-08,2013-07-14,2013-07-14,331,75,1,1.3333333333333335
North,2013-07-15,2013-07-21,2013-07-21,199,106,4,3.7735849056603774
North,2013-07-22,2013-07-28,2013-07-28,15,0,0,0.0
North,2013-07-29,2013-08-04,2013-08-04,90,0,0,0.0
North,2013-08-05,2013-08-11,2013-08-11,465,52,1,1.9230769230769231
North,2013-08-12,2013-08-18,2013-08-18,0,0,0,0.0
North,2013-08-19,2013-08-25,2013-08-25,86,43,0,0.0
North,2013-08-26,2013-09-01,2013-09-01,66,36,0,0.0
North,2013-09-02,2013-09-08,2013-09-08,25,0,0,0.0
North,2013-09-09,2013-09-15,2013-09-15,0,0,0,0.0
North,2013-09-16,2013-09-22,2013-09-22,80,0,0,0.0
North,2013-09-23,2013-09-29,2013-09-29,665,219,5,2.28310502283105
North,2013-09-30,2013-10-06,2013-10-06,57,27,2,7.4074074074074066
North,2013-10-07,2013-10-13,2013-10-13,199,0,0,0.0
North,2013-10-14,2013-10-20,2013-10-20,42,26,0,0.0
North,2013-10-21,2013-10-27,2013-10-27,124,37,1,2.7027027027027026
North,2013-10-28,2013-11-03,2013-11-03,17,0,0,0.0
North,2013-11-04,2013-11-10,2013-11-10,70,46,1,2.1739130434782608
North,2013-11-11,2013-11-17,2013-11-17,42,25,1,4.0
North,2013-11-18,2013-11-24,2013-11-24,96,41,0,0.0
North,2013-11-25,2013-12-01,2013-12-01,0,0,0,0.0
North,2013-12-02,2013-12-08,2013-12-08,0,0,0,0.0
North,2013-12-09,2013-12-15,2013-12-15,4,2,0,0.0
North,2013-12-16,2013-12-22,2013-12-22,41,13,0,0.0
North,2013-12-23,2013-12-29,2013-12-29,9,0,0,0.0
North,2013-12-30,2014-01-05,2014-01-05,52,17,0,0.0
North,2014-01-01,2014-04-30,2014-04-30,16,9,0,0.0
North,2014-01-06,2014-01-12,2014-01-12,0,0,0,0.0
North,2014-01-13,2014-01-19,2014-01-19,0,0,0,0.0
North,2014-01-20,2014-01-26,2014-01-26,24,6,0,0.0
North,2014-01-27,2014-02-02,2014-02-02,45,15,0,0.0
North,2014-02-03,2014-02-09,2014-02-09,49,21,0,0.0
North,2014-02-10,2014-02-16,2014-02-16,184,59,0,0.0
North,2014-02-17,2014-02-23,2014-02-23,0,0,0,0.0
North,2014-02-24,2014-03-02,2014-03-02,65,20,0,0.0
North,2014-03-03,2014-03-09,2014-03-09,36,14,0,0.0
North,2014-03-10,2014-03-16,2014-03-16,18,7,0,0.0
North,2014-03-17,2014-03-23,2014-03-23,133,38,0,0.0
North,2014-03-24,2014-03-30,2014-03-30,181,34,0,0.0
North,2014-03-31,2014-04-06,2014-04-06,153,61,0,0.0
North,2014-04-07,2014-04-13,2014-04-13,0,0,0,0.0
North,2014-04-14,2014-04-20,2014-04-20,34,23,0,0.0
North,2014-04-21,2014-04-27,2014-04-27,234,63,1,1.5873015873015872
North,2014-04-28,2014-05-04,2014-05-04,24,0,0,0.0
North,2014-05-05,2014-05-11,2014-05-11,281,79,1,1.2658227848101267
North,2014-05-12,2014-05-18,2014-05-18,22,9,0,0.0
North,2014-05-19,2014-05-25,2014-05-25,34,15,0,0.0
North,2014-05-26,2014-06-01,2014-06-01,596,337,5,1.483679525222552
North,2014-06-02,2014-06-08,2014-06-08,80,16,0,0.0
North,2014-06-09,2014-06-15,2014-06-15,92,41,0,0.0
North,2014-06-16,2014-06-22,2014-06-22,100,58,1,1.7241379310344827
North,2014-06-23,2014-06-29,2014-06-29,73,0,0,0.0
North,2014-06-30,2014-07-06,2014-07-06,92,0,0,0.0
North,2014-07-07,2014-07-13,2014-07-13,223,35,0,0.0
North,2014-07-14,2014-07-20,2014-07-20,226,14,0,0.0
North,2014-07-21,2014-07-27,2014-07-27,349,79,3,3.79746835443038
North,2014-07-28,2014-08-03,2014-08-03,573,206,5,2.4271844660194173
North,2014-08-04,2014-08-10,2014-08-10,545,221,4,1.809954751131222
North,2014-08-11,2014-08-17,2014-08-17,614,242,5,2.066115702479339
North,2014-08-18,2014-08-24,2014-08-24,267,71,2,2.8169014084507045
North,2014-08-21,2014-11-05,2014-11-05,673,128,6,4.6875
North,2014-08-25,2014-08-31,2014-08-31,591,194,5,2.5773195876288657
North,2014-09-01,2014-09-07,2014-09-07,434,135,2,1.4814814814814816
North,2014-09-08,2014-09-14,2014-09-14,133,48,2,4.166666666666666
North,2014-09-15,2014-09-21,2014-09-21,529,188,6,3.1914893617021276
North,2014-09-22,2014-09-28,2014-09-28,347,143,4,2.797202797202797
North,2014-09-29,2014-10-05,2014-10-05,345,100,3,3.0
North,2014-10-06,2014-10-12,2014-10-12,425,174,3,1.7241379310344827
North,2014-10-13,2014-10-19,2014-10-19,341,67,2,2.9850746268656714
North,2014-10-20,2014-10-26,2014-10-26,161,41,1,2.4390243902439024
North,2014-10-27,2014-11-02,2014-11-02,168,39,0,0.0
North,2014-11-03,2014-11-09,2014-11-09,100,28,1,3.571428571428571
North,2014-11-10,2014-11-16,2014-11-16,52,5,0,0.0
North,2014-11-17,2014-11-23,2014-11-23,81,23,1,4.3478260869565215
North,2014-11-24,2014-11-30,2014-11-30,44,17,0,0.0
North,2014-12-01,2014-12-07,2014-12-07,36,12,0,0.0
North,2014-12-08,2014-12-14,2014-12-14,137,63,1,1.5873015873015872
North,2014-12-15,2014-12-21,2014-12-21,5,3,0,0.0
North,2014-12-22,2014-12-28,2014-12-28,28,10,0,0.0
North,2014-12-29,2015-01-04,2015-01-04,75,0,0,0.0
North,2015-01-05,2015-01-11,2015-01-11,0,0,0,0.0
North,2015-01-12,2015-01-18,2015-01-18,0,0,0,0.0
North,2015-01-19,2015-01-25,2015-01-25,0,0,0,0.0
North,2015-01-26,2015-02-01,2015-02-01,37,10,0,0.0
North,2015-02-02,2015-02-08,2015-02-08,0,0,0,0.0
North,2015-02-09,2015-02-15,2015-02-15,11,4,0,0.0
North,2015-02-16,2015-02-22,2015-02-22,51,20,0,0.0
North,2015-02-23,2015-03-01,2015-03-01,0,0,0,0.0
North,2015-03-02,2015-03-08,2015-03-08,51,26,0,0.0
North,2015-03-09,2015-03-15,2015-03-15,40,22,1,4.545454545454546
North,2015-03-16,2015-03-22,2015-03-22,159,5,0,0.0
North,2015-03-23,2015-03-29,2015-03-29,116,64,2,3.125
North,2015-03-30,2015-04-05,2015-04-05,84,28,0,0.0
North,2015-04-06,2015-04-12,2015-04-12,0,0,0,0.0
North,2015-04-13,2015-04-19,2015-04-19,57,24,0,0.0
North,2015-04-20,2015-04-26,2015-04-26,64,17,0,0.0
North,2015-04-27,2015-05-03,2015-05-03,0,0,0,0.0
North,2015-05-04,2015-05-10,2015-05-10,0,0,0,0.0
North,2015-05-11,2015-05-17,2015-05-17,0,0,0,0.0
North,2015-05-18,2015-05-24,2015-05-24,73,21,1,4.761904761904762
North,2015-05-25,2015-05-31,2015-05-31,182,49,1,2.0408163265306123
North,2015-06-01,2015-06-07,2015-06-07,67,32,2,6.25
North,2015-06-08,2015-06-14,2015-06-14,125,23,0,0.0
North,2015-06-15,2015-06-21,2015-06-21,141,40,1,2.5
North,2015-06-22,2015-06-28,2015-06-28,184,82,1,1.2195121951219512
North,2015-06-29,2015-07-05,2015-07-05,27,17,0,0.0
North,2015-07-06,2015-07-12,2015-07-12,0,0,0,0.0
North,2015-07-13,2015-07-19,2015-07-19,93,42,1,2.380952380952381
North,2015-07-20,2015-07-26,2015-07-26,154,48,2,4.166666666666666
North,2015-07-27,2015-08-02,2015-08-02,291,136,2,1.4705882352941175
North,2015-08-03,2015-08-09,2015-08-09,163,100,1,1.0
North,2015-08-10,2015-08-16,2015-08-16,225,24,1,4.166666666666666
North,2015-08-17,2015-08-23,2015-08-23,0,0,0,0.0
North,2015-08-24,2015-08-30,2015-08-30,286,85,2,2.3529411764705883
North,2015-08-31,2015-09-06,2015-09-06,375,113,4,3.5398230088495577
North,2015-09-07,2015-09-13,2015-09-13,243,111,2,1.8018018018018018
North,2015-09-14,2015-09-20,2015-09-20,681,218,3,1.3761467889908259
North,2015-09-21,2015-09-27,2015-09-27,263,96,1,1.0416666666666665
North,2015-09-28,2015-10-04,2015-10-04,247,76,2,2.631578947368421
North,2015-10-05,2015-10-11,2015-10-11,293,145,4,2.7586206896551726
North,2015-10-12,2015-10-18,2015-10-18,178,70,0,0.0
North,2015-10-19,2015-10-25,2015-10-25,279,85,0,0.0
North,2015-10-26,2015-11-01,2015-11-01,111,10,0,0.0
North,2015-11-02,2015-11-08,2015-11-08,44,0,0,0.0
North,2015-11-09,2015-11-15,2015-11-15,175,84,1,1.1904761904761905
North,2015-11-16,2015-11-22,2015-11-22,241,0,0,0.0
North,2015-11-23,2015-11-29,2015-11-29,77,14,0,0.0
North,2015-11-30,2015-12-06,2015-12-06,116,34,1,2.941176470588235
North,2015-12-07,2015-12-13,2015-12-13,4,1,0,0.0
North,2015-12-14,2015-12-20,2015-12-20,96,44,1,2.272727272727273
North,2015-12-21,2015-12-27,2015-12-27,33,3,0,0.0
North,2016-01-04,2016-01-10,2016-01-10,0,0,0,0.0
North,2016-01-11,2016-01-17,2016-01-17,0,0,0,0.0
North,2016-01-18,2016-01-24,2016-01-24,0,0,0,0.0
North,2016-01-25,2016-01-31,2016-01-31,0,0,0,0.0
North,2016-02-01,2016-02-07,2016-02-07,0,0,0,0.0
North,2016-02-08,2016-02-14,2016-02-14,0,0,0,0.0
North,2016-02-15,2016-02-21,2016-02-21,0,0,0,0.0
North,2016-02-22,2016-02-28,2016-02-28,68,44,0,0.0
North,2016-02-29,2016-03-06,2016-03-06,213,111,3,2.7027027027027026
North,2016-03-07,2016-03-13,2016-03-13,62,0,0,0.0
North,2016-03-14,2016-03-20,2016-03-20,0,0,0,0.0
North,2016-03-21,2016-03-27,2016-03-27,30,15,0,0.0
North,2016-03-28,2016-04-03,2016-04-03,34,17,0,0.0
North,2016-04-04,2016-04-10,2016-04-10,107,15,0,0.0
North,2016-04-11,2016-04-17,2016-04-17,90,8,0,0.0
North,2016-04-18,2016-04-24,2016-04-24,0,0,0,0.0
North,2016-04-25,2016-05-01,2016-05-01,204,60,2,3.3333333333333335
North,2016-05-02,2016-05-08,2016-05-08,63,0,0,0.0
North,2016-05-09,2016-05-15,2016-05-15,183,72,1,1.3888888888888888
North,2016-05-16,2016-05-22,2016-05-22,45,0,1,0.0
North,2016-05-23,2016-05-29,2016-05-29,84,0,0,0.0
North,2016-05-30,2016-06-05,2016-06-05,332,129,3,2.3255813953488373
North,2016-06-06,2016-06-12,2016-06-12,29,18,0,0.0
North,2016-06-13,2016-06-19,2016-06-19,73,18,0,0.0
North,2016-06-20,2016-06-26,2016-06-26,27,0,0,0.0
North,2016-06-27,2016-07-03,2016-07-03,72,0,0,0.0
North,2016-07-04,2016-07-10,2016-07-10,321,105,1,0.9523809523809524
North,2016-07-11,2016-07-17,2016-07-17,122,35,0,0.0
North,2016-07-18,2016-07-24,2016-07-24,328,70,0,0.0
North,2016-07-25,2016-07-31,2016-07-31,193,78,1,1.282051282051282
North,2016-08-01,2016-08-07,2016-08-07,58,34,0,0.0
North,2016-08-08,2016-08-14,2016-08-14,304,58,1,1.7241379310344827
North,2016-08-15,2016-08-21,2016-08-21,31,17,0,0.0
North,2016-08-22,2016-08-28,2016-08-28,185,67,1,1.4925373134328357
North,2016-08-29,2016-09-04,2016-09-04,681,351,5,1.4245014245014245
North,2016-09-05,2016-09-11,2016-09-11,313,80,3,3.75
North,2016-09-12,2016-09-18,2016-09-18,165,34,1,2.941176470588235
North,2016-09-19,2016-09-25,2016-09-25,66,37,0,0.0
North,2016-09-26,2016-10-02,2016-10-02,149,86,1,1.1627906976744187
North,2016-10-03,2016-10-09,2016-10-09,0,0,0,0.0
North,2016-10-10,2016-10-16,2016-10-16,0,0,0,0.0
North,2016-10-17,2016-10-23,2016-10-23,215,70,0,0.0
North,2016-10-24,2016-10-30,2016-10-30,0,0,0,0.0
North,2016-10-31,2016-11-06,2016-11-06,74,22,0,0.0
North,2016-11-07,2016-11-13,2016-11-13,0,0,0,0.0
North,2016-11-14,2016-11-20,2016-11-20,89,27,0,0.0
North,2016-11-21,2016-11-27,2016-11-27,101,22,0,0.0
North,2016-11-28,2016-12-04,2016-12-04,12,6,0,0.0
North,2016-12-05,2016-12-11,2016-12-11,0,0,0,0.0
North,2016-12-12,2016-12-18,2016-12-18,36,16,0,0.0
North,2016-12-19,2016-12-25,2016-12-25,12,0,0,0.0
North,2016-12-26,2017-01-01,2017-01-01,46,0,0,0.0
North,2017-01-02,2017-01-08,2017-01-08,41,23,0,0.0
North,2017-01-09,2017-01-15,2017-01-15,36,17,0,0.0
North,2017-01-16,2017-01-22,2017-01-22,0,0,0,0.0
North,2017-01-23,2017-01-29,2017-01-29,40,11,0,0.0
North,2017-01-30,2017-02-05,2017-02-05,0,0,0,0.0
North,2017-02-06,2017-02-12,2017-02-12,20,9,0,0.0
North,2017-02-13,2017-02-19,2017-02-19,0,0,0,0.0
North,2017-02-20,2017-02-26,2017-02-26,0,0,0,0.0
North,2017-02-27,2017-03-05,2017-03-05,63,24,0,0.0
North,2017-03-06,2017-03-12,2017-03-12,51,0,0,0.0
North,2017-03-13,2017-03-19,2017-03-19,13,5,0,0.0
North,2017-03-20,2017-03-26,2017-03-26,0,0,0,0.0
North,2017-03-27,2017-04-02,2017-04-02,236,104,3,2.8846153846153846
North,2017-04-03,2017-04-09,2017-04-09,1,0,0,0.0
North,2017-04-10,2017-04-16,2017-04-16,0,0,0,0.0
North,2017-04-17,2017-04-23,2017-04-23,14,0,0,0.0
North,2017-04-24,2017-04-30,2017-04-30,56,18,0,0.0
North,2017-05-01,2017-05-07,2017-05-07,88,55,1,1.8181818181818181
North,2017-05-08,2017-05-14,2017-05-14,117,58,0,0.0
North,2017-05-15,2017-05-21,2017-05-21,129,0,0,0.0
North,2017-05-22,2017-05-28,2017-05-28,304,169,4,2.366863905325444
North,2017-05-29,2017-06-04,2017-06-04,0,0,0,0.0
North,2017-06-05,2017-06-11,2017-06-11,132,51,2,3.9215686274509802
North,2017-06-12,2017-06-18,2017-06-18,327,122,2,1.639344262295082
North,2017-06-19,2017-06-25,2017-06-25,90,32,0,0.0
North,2017-06-26,2017-07-02,2017-07-02,342,50,0,0.0
North,2017-07-03,2017-07-09,2017-07-09,158,37,0,0.0
North,2017-07-10,2017-07-16,2017-07-16,106,0,0,0.0
North,2017-07-17,2017-07-23,2017-07-23,0,0,0,0.0
North,2017-07-24,2017-07-30,2017-07-30,208,120,3,2.5
North,2017-07-31,2017-08-06,2017-08-06,452,181,2,1.1049723756906076
North,2017-08-07,2017-08-13,2017-08-13,329,109,2,1.834862385321101
North,2017-08-14,2017-08-20,2017-08-20,0,0,0,0.0
North,2017-08-21,2017-08-27,2017-08-27,139,35,0,0.0
North,2017-08-28,2017-09-03,2017-09-03,0,0,0,0.0
North,2017-09-04,2017-09-10,2017-09-10,91,0,0,0.0
North,2017-09-11,2017-09-17,2017-09-17,147,54,2,3.7037037037037033
North,2017-09-18,2017-09-24,2017-09-24,71,44,1,2.272727272727273
North,2017-09-25,2017-10-01,2017-10-01,111,44,0,0.0
North,2017-10-02,2017-10-08,2017-10-08,60,17,0,0.0
North,2017-10-09,2017-10-15,2017-10-15,131,46,1,2.1739130434782608
North,2017-10-16,2017-10-22,2017-10-22,0,0,0,0.0
North,2017-10-23,2017-10-29,2017-10-29,38,25,1,4.0
North,2017-10-30,2017-11-05,2017-11-05,21,0,0,0.0
North,2017-11-06,2017-11-12,2017-11-12,0,0,0,0.0
North,2017-11-13,2017-11-19,2017-11-19,41,24,0,0.0
North,2017-11-20,2017-11-26,2017-11-26,0,0,0,0.0
North,2017-11-27,2017-12-03,2017-12-03,25,11,0,0.0
North,2017-12-04,2017-12-10,2017-12-10,0,0,0,0.0
North,2017-12-11,2017-12-17,2017-12-17,121,0,0,0.0
North,2017-12-18,2017-12-24,2017-12-24,0,0,0,0.0
North,2017-12-25,2017-12-31,2017-12-31,106,62,1,1.6129032258064515
North,2018-01-01,2018-01-07,2018-01-07,21,0,0,0.0
North,2018-01-01,2018-12-30,2018-12-30,517,147,1,0.6802721088435374
North,2018-01-08,2018-01-14,2018-01-14,43,16,0,0.0
North,2018-01-15,2018-01-21,2018-01-21,0,0,0,0.0
North,2018-01-22,2018-01-28,2018-01-28,9,2,0,0.0
North,2018-01-29,2018-02-04,2018-02-04,0,0,0,0.0
North,2018-02-05,2018-02-11,2018-02-11,13,3,0,0.0
North,2018-02-12,2018-02-18,2018-02-18,31,0,0,0.0
North,2018-02-19,2018-02-25,2018-02-25,87,12,0,0.0
North,2018-02-26,2018-03-04,2018-03-04,7,0,0,0.0
North,2018-03-05,2018-03-11,2018-03-11,39,0,0,0.0
North,2018-03-12,2018-03-18,2018-03-18,6,2,0,0.0
North,2018-03-19,2018-03-25,2018-03-25,27,13,0,0.0
North,2018-03-26,2018-04-01,2018-04-01,38,14,0,0.0
North,2018-04-02,2018-04-08,2018-04-08,67,0,0,0.0
North,2018-04-09,2018-04-15,2018-04-15,14,0,0,0.0
North,2018-04-16,2018-04-22,2018-04-22,36,14,0,0.0
North,2018-04-23,2018-04-29,2018-04-29,0,0,0,0.0
North,2018-04-30,2018-05-06,2018-05-06,0,0,0,0.0
North,2018-05-07,2018-05-13,2018-05-13,298,20,1,5.0
North,2018-05-14,2018-05-20,2018-05-20,471,26,0,0.0
North,2018-05-14,2018-07-08,2018-07-08,228,0,0,0.0
North,2018-05-18,2018-05-21,2018-05-21,88,42,3,7.142857142857142
North,2018-05-18,2018-05-24,2018-05-24,116,28,0,0.0
North,2018-05-18,2018-06-27,2018-06-27,147,0,0,0.0
North,2018-05-18,2020-01-09,2020-01-09,1212,515,41,7.961165048543689
North,2018-05-18,2020-01-20,2020-01-20,1212,660,52,7.878787878787878
North,2018-05-18,2020-01-26,2020-01-26,1212,680,54,7.941176470588235
North,2018-05-21,2018-05-21,2018-05-21,57,29,0,0.0
North,2018-05-21,2018-05-27,2018-05-27,4,1,0,0.0
North,2018-05-28,2018-06-03,2018-06-03,56,22,0,0.0
North,2018-06-04,2018-06-10,2018-06-10,113,33,0,0.0
North,2018-06-11,2018-06-17,2018-06-17,281,6,0,0.0
North,2018-06-18,2018-06-24,2018-06-24,0,0,0,0.0
North,2018-06-25,2018-07-01,2018-07-01,129,56,3,5.357142857142857
North,2018-06-27,2018-06-27,2018-06-27,116,0,0,0.0
North,2018-07-02,2018-07-08,2018-07-08,580,124,3,2.4193548387096775
North,2018-07-09,2018-07-15,2018-07-15,346,163,2,1.2269938650306749
North,2018-07-16,2018-07-22,2018-07-22,151,82,2,2.4390243902439024
North,2018-07-23,2018-07-29,2018-07-29,275,53,0,0.0
North,2018-07-30,2018-08-05,2018-08-05,453,226,4,1.7699115044247788
North,2018-08-06,2018-08-12,2018-08-12,334,118,2,1.694915254237288
North,2018-08-13,2018-08-19,2018-08-19,305,77,0,0.0
North,2018-08-20,2018-08-26,2018-08-26,740,272,2,0.7352941176470588
North,2018-08-27,2018-09-02,2018-09-02,286,86,1,1.1627906976744187
North,2018-09-03,2018-09-09,2018-09-09,465,170,4,2.3529411764705883
North,2018-09-10,2018-09-16,2018-09-16,685,210,5,2.380952380952381
North,2018-09-17,2018-09-23,2018-09-23,217,98,2,2.0408163265306123
North,2018-09-24,2018-09-30,2018-09-30,495,82,1,1.2195121951219512
North,2018-10-01,2018-10-07,2018-10-07,365,166,5,3.0120481927710845
North,2018-10-08,2018-10-14,2018-10-14,439,133,2,1.5037593984962405
North,2018-10-15,2018-10-21,2018-10-21,357,79,3,3.79746835443038
North,2018-10-22,2018-10-28,2018-10-28,276,66,2,3.0303030303030303
North,2018-10-29,2018-11-04,2018-11-04,219,80,1,1.25
North,2018-11-05,2018-11-11,2018-11-11,299,155,3,1.935483870967742
North,2018-11-12,2018-11-18,2018-11-18,189,89,1,1.1235955056179776
North,2018-11-19,2018-11-25,2018-11-25,332,130,3,2.307692307692308
North,2018-11-26,2018-12-02,2018-12-02,30,5,0,0.0
North,2018-12-10,2018-12-16,2018-12-16,142,36,1,2.7777777777777777
North,2018-12-17,2018-12-23,2018-12-23,29,0,0,0.0
North,2018-12-24,2018-12-30,2018-12-30,19,6,0,0.0
North,2018-12-31,2019-01-06,2019-01-06,27,7,0,0.0
North,2018-12-31,2019-12-29,2019-12-29,476,196,4,2.0408163265306123
North,2019-01-01,2019-12-31,2019-12-31,581,307,22,7.166123778501629
North,2019-01-01,2020-01-26,2020-01-26,581,211,16,7.5829383886255926
North,2019-01-07,2019-01-13,2019-01-13,42,20,0,0.0
North,2019-01-14,2019-01-20,2019-01-20,39,6,0,0.0
North,2019-01-21,2019-01-27,2019-01-27,0,0,0,0.0
North,2019-01-28,2019-02-03,2019-02-03,28,18,0,0.0
North,2019-02-04,2019-02-10,2019-02-10,17,9,0,0.0
North,2019-02-11,2019-02-17,2019-02-17,80,23,0,0.0
North,2019-02-18,2019-02-24,2019-02-24,33,0,0,0.0
North,2019-02-25,2019-03-03,2019-03-03,255,16,0,0.0
North,2019-03-04,2019-03-10,2019-03-10,104,29,1,3.4482758620689653
North,2019-03-11,2019-03-17,2019-03-17,186,85,1,1.1764705882352942
North,2019-03-18,2019-03-24,2019-03-24,240,74,0,0.0
North,2019-03-25,2019-03-31,2019-03-31,98,48,1,2.083333333333333
North,2019-04-01,2019-04-07,2019-04-07,59,33,0,0.0
North,2019-04-08,2019-04-14,2019-04-14,61,28,0,0.0
North,2019-04-15,2019-04-21,2019-04-21,0,0,0,0.0
North,2019-04-22,2019-04-28,2019-04-28,125,48,0,0.0
North,2019-04-29,2019-05-05,2019-05-05,54,17,0,0.0
North,2019-05-01,2019-05-15,2019-05-15,207,0,0,0.0
North,2019-05-06,2019-05-12,2019-05-12,0,0,0,0.0
North,2019-05-13,2019-05-19,2019-05-19,135,92,2,2.1739130434782608
North,2019-05-20,2019-05-26,2019-05-26,41,21,0,0.0
North,2019-05-27,2019-06-02,2019-06-02,54,26,0,0.0
North,2019-06-03,2019-06-09,2019-06-09,138,73,1,1.36986301369863
North,2019-06-17,2019-06-23,2019-06-23,25,16,1,6.25
North,2019-06-24,2019-06-30,2019-06-30,0,0,0,0.0
North,2019-07-01,2019-07-07,2019-07-07,211,79,1,1.2658227848101267
North,2019-07-08,2019-07-14,2019-07-14,166,88,1,1.1363636363636365
North,2019-07-15,2019-07-21,2019-07-21,287,112,2,1.7857142857142856
North,2019-07-22,2019-07-28,2019-07-28,200,60,0,0.0
North,2019-07-29,2019-08-04,2019-08-04,187,17,0,0.0
North,2019-08-05,2019-08-11,2019-08-11,281,132,1,0.7575757575757576
North,2019-08-12,2019-08-18,2019-08-18,166,50,1,2.0
North,2019-08-19,2019-08-25,2019-08-25,130,37,1,2.7027027027027026
North,2019-08-26,2019-09-01,2019-09-01,441,0,0,0.0
North,2019-09-02,2019-09-08,2019-09-08,231,99,3,3.0303030303030303
North,2019-09-09,2019-09-15,2019-09-15,94,15,0,0.0
North,2019-09-16,2019-09-22,2019-09-22,181,81,0,0.0
North,2019-09-23,2019-09-29,2019-09-29,149,71,0,0.0
North,2019-09-30,2019-10-06,2019-10-06,35,20,0,0.0
North,2019-10-07,2019-10-13,2019-10-13,230,111,3,2.7027027027027026
North,2019-10-28,2019-11-03,2019-11-03,383,40,0,0.0
North,2019-11-11,2019-11-17,2019-11-17,157,75,1,1.3333333333333335
North,2019-11-25,2019-12-01,2019-12-01,0,0,0,0.0
North,2019-12-09,2019-12-15,2019-12-15,2,1,0,0.0
North-West,2010-01-04,2010-01-10,2010-01-10,67,27,1,3.7037037037037033
North-West,2010-01-11,2010-01-17,2010-01-17,16,0,0,0.0
North-West,2010-01-18,2010-01-24,2010-01-24,11,6,0,0.0
North-West,2010-01-25,2010-01-31,2010-01-31,0,0,0,0.0
North-West,2010-02-01,2010-02-07,2010-02-07,0,0,0,0.0
North-West,2010-02-08,2010-02-14,2010-02-14,0,0,0,0.0
North-West,2010-02-15,2010-02-21,2010-02-21,13,0,0,0.0
North-West,2010-02-22,2010-02-28,2010-02-28,15,4,0,0.0
North-West,2010-03-01,2010-03-07,2010-03-07,88,0,0,0.0
North-West,2010-03-08,2010-03-14,2010-03-14,106,33,0,0.0
North-West,2010-03-15,2010-03-21,2010-03-21,339,35,0,0.0
North-West,2010-03-22,2010-03-28,2010-03-28,3,0,0,0.0
North-West,2010-03-29,2010-04-04,2010-04-04,60,15,0,0.0
North-West,2010-04-05,2010-04-11,2010-04-11,59,18,0,0.0
North-West,2010-04-12,2010-04-18,2010-04-18,191,79,1,1.2658227848101267
North-West,2010-04-19,2010-04-25,2010-04-25,257,0,0,0.0
North-West,2010-04-26,2010-05-02,2010-05-02,51,0,0,0.0
North-West,2010-05-03,2010-05-09,2010-05-09,283,99,2,2.0202020202020203
North-West,2010-05-10,2010-05-16,2010-05-16,178,82,1,1.2195121951219512
North-West,2010-05-17,2010-05-23,2010-05-23,214,57,2,3.508771929824561
North-West,2010-05-24,2010-05-30,2010-05-30,0,0,0,0.0
North-West,2010-05-31,2010-06-06,2010-06-06,403,134,3,2.2388059701492535
North-West,2010-06-07,2010-06-13,2010-06-13,0,0,0,0.0
North-West,2010-06-14,2010-06-20,2010-06-20,94,23,1,4.3478260869565215
North-West,2010-06-21,2010-06-27,2010-06-27,133,39,1,2.564102564102564
North-West,2010-06-28,2010-07-04,2010-07-04,120,81,2,2.4691358024691357
North-West,2010-07-05,2010-07-11,2010-07-11,46,25,0,0.0
North-West,2010-07-12,2010-07-18,2010-07-18,93,0,0,0.0
North-West,2010-07-19,2010-07-25,2010-07-25,345,100,2,2.0
North-West,2010-07-26,2010-08-01,2010-08-01,85,48,1,2.083333333333333
North-West,2010-08-02,2010-08-08,2010-08-08,379,100,1,1.0
North-West,2010-08-09,2010-08-15,2010-08-15,91,30,0,0.0
North-West,2010-08-16,2010-08-22,2010-08-22,0,0,0,0.0
North-West,2010-08-23,2010-08-29,2010-08-29,242,60,1,1.6666666666666667
North-West,2010-08-30,2010-09-05,2010-09-05,135,53,0,0.0
North-West,2010-09-06,2010-09-12,2010-09-12,79,39,0,0.0
North-West,2010-09-13,2010-09-19,2010-09-19,212,107,2,1.8691588785046727
North-West,2010-09-20,2010-09-26,2010-09-26,106,62,2,3.225806451612903
North-West,2010-09-27,2010-10-03,2010-10-03,0,0,0,0.0
North-West,2010-10-04,2010-10-10,2010-10-10,212,97,1,1.0309278350515463
North-West,2010-10-11,2010-10-17,2010-10-17,180,72,1,1.3888888888888888
North-West,2010-10-18,2010-10-24,2010-10-24,55,24,0,0.0
North-West,2010-10-25,2010-10-31,2010-10-31,480,91,1,1.098901098901099
North-West,2010-11-01,2010-11-07,2010-11-07,20,0,0,0.0
North-West,2010-11-08,2010-11-14,2010-11-14,0,0,0,0.0
North-West,2010-11-15,2010-11-21,2010-11-21,0,0,0,0.0
North-West,2010-11-22,2010-11-28,2010-11-28,0,0,0,0.0
North-West,2010-11-29,2010-12-05,2010-12-05,19,5,0,0.0
North-West,2010-12-06,2010-12-12,2010-12-12,0,0,0,0.0
North-West,2010-12-13,2010-12-19,2010-12-19,0,0,0,0.0
North-West,2010-12-20,2010-12-26,2010-12-26,18,0,0,0.0
North-West,2010-12-27,2011-01-02,2011-01-02,0,0,0,0.0
North-West,2011-01-01,2011-09-22,2011-09-22,498,255,10,3.9215686274509802
North-West,2011-01-03,2011-01-09,2011-01-09,14,0,1,0.0
North-West,2011-01-10,2011-01-16,2011-01-16,15,7,0,0.0
North-West,2011-01-17,2011-01-23,2011-01-23,80,4,0,0.0
North-West,2011-01-24,2011-01-30,2011-01-30,0,0,0,0.0
North-West,2011-01-31,2011-02-06,2011-02-06,48,13,0,0.0
North-West,2011-02-07,2011-02-13,2011-02-13,0,0,0,0.0
North-West,2011-02-14,2011-02-20,2011-02-20,30,0,0,0.0
North-West,2011-02-21,2011-02-27,2011-02-27,0,0,0,0.0
North-West,2011-02-28,2011-03-06,2011-03-06,15,0,0,0.0
North-West,2011-03-07,2011-03-13,2011-03-13,126,34,0,0.0
North-West,2011-03-14,2011-03-20,2011-03-20,113,50,2,4.0
North-West,2011-03-21,2011-03-27,2011-03-27,87,31,0,0.0
North-West,2011-03-28,2011-04-03,2011-04-03,7,5,0,0.0
North-West,2011-04-04,2011-04-10,2011-04-10,141,86,2,2.3255813953488373
North-West,2011-04-11,2011-04-17,2011-04-17,0,0,0,0.0
North-West,2011-04-18,2011-04-24,2011-04-24,108,31,1,3.225806451612903
North-West,2011-04-25,2011-05-01,2011-05-01,247,106,3,2.8301886792452833
North-West,2011-05-02,2011-05-08,2011-05-08,69,25,0,0.0
North-West,2011-05-09,2011-05-15,2011-05-15,97,36,1,2.7777777777777777
North-West,2011-05-16,2011-05-22,2011-05-22,173,80,1,1.25
North-West,2011-05-23,2011-05-29,2011-05-29,79,30,1,3.3333333333333335
North-West,2011-05-30,2011-06-05,2011-06-05,184,99,1,1.0101010101010102
North-West,2011-06-06,2011-06-12,2011-06-12,143,62,0,0.0
North-West,2011-06-13,2011-06-19,2011-06-19,186,80,2,2.5
North-West,2011-06-20,2011-06-26,2011-06-26,228,72,2,2.7777777777777777
North-West,2011-06-27,2011-07-03,2011-07-03,45,0,0,0.0
North-West,2011-07-04,2011-07-10,2011-07-10,155,49,2,4.081632653061225
North-West,2011-07-11,2011-07-17,2011-07-17,313,197,3,1.5228426395939088
North-West,2011-07-18,2011-07-24,2011-07-24,334,65,0,0.0
North-West,2011-07-25,2011-07-31,2011-07-31,105,40,1,2.5
North-West,2011-08-01,2011-08-07,2011-08-07,0,0,0,0.0
North-West,2011-08-08,2011-08-14,2011-08-14,69,38,1,2.631578947368421
North-West,2011-08-15,2011-08-21,2011-08-21,105,0,0,0.0
North-West,2011-08-22,2011-08-28,2011-08-28,357,81,1,1.2345679012345678
North-West,2011-08-29,2011-09-04,2011-09-04,0,0,0,0.0
North-West,2011-09-05,2011-09-11,2011-09-11,179,32,1,3.125
North-West,2011-09-12,2011-09-18,2011-09-18,29,7,0,0.0
North-West,2011-09-19,2011-09-25,2011-09-25,91,26,1,3.8461538461538463
North-West,2011-09-26,2011-10-02,2011-10-02,215,34,0,0.0
North-West,2011-10-03,2011-10-09,2011-10-09,21,9,0,0.0
North-West,2011-10-10,2011-10-16,2011-10-16,141,11,0,0.0
North-West,2011-10-17,2011-10-23,2011-10-23,106,29,0,0.0
North-West,2011-10-24,2011-10-30,2011-10-30,73,39,1,2.564102564102564
North-West,2011-10-31,2011-11-06,2011-11-06,212,91,1,1.098901098901099
North-West,2011-11-07,2011-11-13,2011-11-13,0,0,0,0.0
North-West,2011-11-14,2011-11-20,2011-11-20,55,16,0,0.0
North-West,2011-11-21,2011-11-27,2011-11-27,0,0,0,0.0
North-West,2011-11-28,2011-12-04,2011-12-04,5,0,0,0.0
North-West,2011-12-05,2011-12-11,2011-12-11,0,0,0,0.0
North-West,2011-12-12,2011-12-18,2011-12-18,0,0,0,0.0
North-West,2011-12-19,2011-12-25,2011-12-25,0,0,0,0.0
North-West,2011-12-26,2012-01-01,2012-01-01,0,0,0,0.0
North-West,2012-01-02,2012-01-08,2012-01-08,28,0,0,0.0
North-West,2012-01-09,2012-01-15,2012-01-15,66,29,0,0.0
North-West,2012-01-16,2012-01-22,2012-01-22,19,4,0,0.0
North-West,2012-01-23,2012-01-29,2012-01-29,0,0,0,0.0
North-West,2012-01-30,2012-02-05,2012-02-05,0,0,0,0.0
North-West,2012-02-06,2012-02-12,2012-02-12,0,0,0,0.0
North-West,2012-02-13,2012-02-19,2012-02-19,39,0,0,0.0
North-West,2012-02-20,2012-02-26,2012-02-26,13,4,0,0.0
North-West,2012-02-27,2012-03-04,2012-03-04,0,0,0,0.0
North-West,2012-03-05,2012-03-11,2012-03-11,10,3,0,0.0
North-West,2012-03-12,2012-03-18,2012-03-18,0,0,0,0.0
North-West,2012-03-19,2012-03-25,2012-03-25,0,0,0,0.0
North-West,2012-03-26,2012-04-01,2012-04-01,15,9,0,0.0
North-West,2012-04-02,2012-04-08,2012-04-08,60,26,0,0.0
North-West,2012-04-09,2012-04-15,2012-04-15,0,0,0,0.0
North-West,2012-04-16,2012-04-22,2012-04-22,82,0,0,0.0
North-West,2012-04-23,2012-04-29,2012-04-29,56,0,0,0.0
North-West,2012-04-30,2012-05-06,2012-05-06,202,102,1,0.9803921568627451
North-West,2012-05-07,2012-05-13,2012-05-13,240,71,1,1.4084507042253522
North-West,2012-05-14,2012-05-20,2012-05-20,0,0,0,0.0
North-West,2012-05-21,2012-05-27,2012-05-27,0,0,0,0.0
North-West,2012-05-28,2012-06-03,2012-06-03,487,96,2,2.083333333333333
North-West,2012-06-04,2012-06-10,2012-06-10,122,64,1,1.5625
North-West,2012-06-11,2012-06-17,2012-06-17,61,36,1,2.7777777777777777
North-West,2012-06-18,2012-06-24,2012-06-24,27,0,0,0.0
North-West,2012-06-25,2012-07-01,2012-07-01,98,0,0,0.0
North-West,2012-07-02,2012-07-08,2012-07-08,367,139,2,1.4388489208633095
North-West,2012-07-09,2012-07-15,2012-07-15,102,38,1,2.631578947368421
North-West,2012-07-16,2012-07-22,2012-07-22,128,33,1,3.0303030303030303
North-West,2012-07-23,2012-07-29,2012-07-29,184,53,1,1.8867924528301887
North-West,2012-07-30,2012-08-05,2012-08-05,199,29,1,3.4482758620689653
North-West,2012-08-06,2012-08-12,2012-08-12,167,15,0,0.0
North-West,2012-08-13,2012-08-19,2012-08-19,58,36,1,2.7777777777777777
North-West,2012-08-20,2012-08-26,2012-08-26,79,49,1,2.0408163265306123
North-West,2012-08-27,2012-09-02,2012-09-02,396,223,5,2.242152466367713
North-West,2012-09-03,2012-09-09,2012-09-09,197,74,3,4.054054054054054
North-West,2012-09-10,2012-09-16,2012-09-16,275,119,1,0.8403361344537815
North-West,2012-09-17,2012-09-23,2012-09-23,492,184,4,2.1739130434782608
North-West,2012-09-24,2012-09-30,2012-09-30,448,238,6,2.5210084033613445
North-West,2012-10-01,2012-10-07,2012-10-07,338,172,4,2.3255813953488373
North-West,2012-10-08,2012-10-14,2012-10-14,0,0,0,0.0
North-West,2012-10-15,2012-10-21,2012-10-21,114,30,1,3.3333333333333335
North-West,2012-10-22,2012-10-28,2012-10-28,142,36,0,0.0
North-West,2012-10-29,2012-11-04,2012-11-04,189,0,0,0.0
North-West,2012-11-05,2012-11-11,2012-11-11,149,95,1,1.0526315789473684
North-West,2012-11-12,2012-11-18,2012-11-18,24,11,0,0.0
North-West,2012-11-19,2012-11-25,2012-11-25,34,10,0,0.0
North-West,2012-11-26,2012-12-02,2012-12-02,21,11,0,0.0
North-West,2012-12-03,2012-12-09,2012-12-09,85,27,0,0.0
North-West,2012-12-10,2012-12-16,2012-12-16,21,5,0,0.0
North-West,2012-12-17,2012-12-23,2012-12-23,22,0,0,0.0
North-West,2012-12-24,2012-12-30,2012-12-30,52,9,0,0.0
North-West,2012-12-31,2013-01-06,2013-01-06,56,14,0,0.0
North-West,2013-01-07,2013-01-13,2013-01-13,43,26,0,0.0
North-West,2013-01-14,2013-01-20,2013-01-20,0,0,0,0.0
North-West,2013-01-21,2013-01-27,2013-01-27,0,0,0,0.0
North-West,2013-01-28,2013-02-03,2013-02-03,50,27,1,3.7037037037037033
North-West,2013-02-04,2013-02-10,2013-02-10,0,0,0,0.0
North-West,2013-02-11,2013-02-17,2013-02-17,0,0,0,0.0
North-West,2013-02-18,2013-02-24,2013-02-24,100,34,0,0.0
North-West,2013-02-25,2013-03-03,2013-03-03,76,11,0,0.0
North-West,2013-03-04,2013-03-10,2013-03-10,31,0,0,0.0
North-West,2013-03-11,2013-03-17,2013-03-17,122,41,0,0.0
North-West,2013-03-18,2013-03-24,2013-03-24,56,24,1,4.166666666666666
North-West,2013-03-25,2013-03-31,2013-03-31,94,29,1,3.4482758620689653
North-West,2013-04-01,2013-04-07,2013-04-07,0,0,0,0.0
North-West,2013-04-08,2013-04-14,2013-04-14,169,29,0,0.0
North-West,2013-04-15,2013-04-21,2013-04-21,80,31,0,0.0
North-West,2013-04-22,2013-04-28,2013-04-28,111,30,0,0.0
North-West,2013-04-29,2013-05-05,2013-05-05,36,0,0,0.0
North-West,2013-05-06,2013-05-12,2013-05-12,288,106,2,1.8867924528301887
North-West,2013-05-13,2013-05-19,2013-05-19,86,57,1,1.7543859649122806
North-West,2013-05-20,2013-05-26,2013-05-26,363,132,3,2.272727272727273
North-West,2013-05-27,2013-06-02,2013-06-02,259,107,2,1.8691588785046727
North-West,2013-06-03,2013-06-09,2013-06-09,42,19,0,0.0
North-West,2013-06-10,2013-06-16,2013-06-16,142,75,1,1.3333333333333335
North-West,2013-06-17,2013-06-23,2013-06-23,325,140,3,2.142857142857143
North-West,2013-06-24,2013-06-30,2013-06-30,92,32,1,3.125
North-West,2013-07-01,2013-07-07,2013-07-07,74,32,1,3.125
North-West,2013-07-08,2013-07-14,2013-07-14,102,57,1,1.7543859649122806
North-West,2013-07-15,2013-07-21,2013-07-21,223,61,0,0.0
North-West,2013-07-22,2013-07-28,2013-07-28,138,64,2,3.125
North-West,2013-07-29,2013-08-04,2013-08-04,298,102,2,1.9607843137254901
North-West,2013-08-05,2013-08-11,2013-08-11,0,0,0,0.0
North-West,2013-08-12,2013-08-18,2013-08-18,0,0,0,0.0
North-West,2013-08-19,2013-08-25,2013-08-25,336,140,1,0.7142857142857143
North-West,2013-08-26,2013-09-01,2013-09-01,177,45,0,0.0
North-West,2013-09-02,2013-09-08,2013-09-08,53,14,0,0.0
North-West,2013-09-09,2013-09-15,2013-09-15,88,15,0,0.0
North-West,2013-09-16,2013-09-22,2013-09-22,0,0,0,0.0
North-West,2013-09-23,2013-09-29,2013-09-29,189,65,2,3.076923076923077
North-West,2013-09-30,2013-10-06,2013-10-06,232,116,1,0.8620689655172413
North-West,2013-10-07,2013-10-13,2013-10-13,115,29,0,0.0
North-West,2013-10-14,2013-10-20,2013-10-20,48,27,0,0.0
North-West,2013-10-21,2013-10-27,2013-10-27,87,55,1,1.8181818181818181
North-West,2013-10-28,2013-11-03,2013-11-03,142,40,1,2.5
North-West,2013-11-04,2013-11-10,2013-11-10,34,20,0,0.0
North-West,2013-11-11,2013-11-17,2013-11-17,0,0,0,0.0
North-West,2013-11-18,2013-11-24,2013-11-24,19,5,0,0.0
North-West,2013-11-25,2013-12-01,2013-12-01,30,19,1,5.263157894736842
North-West,2013-12-02,2013-12-08,2013-12-08,45,17,0,0.0
North-West,2013-12-09,2013-12-15,2013-12-15,18,0,0,0.0
North-West,2013-12-16,2013-12-22,2013-12-22,30,17,1,5.88235294117647
North-West,2013-12-23,2013-12-29,2013-12-29,64,20,0,0.0
North-West,2013-12-30,2014-01-05,2014-01-05,4,1,0,0.0
North-West,2014-01-06,2014-01-12,2014-01-12,32,6,0,0.0
North-West,2014-01-13,2014-01-19,2014-01-19,22,0,0,0.0
North-West,2014-01-20,2014-01-26,2014-01-26,43,2,0,0.0
North-West,2014-01-27,2014-02-02,2014-02-02,60,8,0,0.0
North-West,2014-02-03,2014-02-09,2014-02-09,17,6,0,0.0
North-West,2014-02-10,2014-02-16,2014-02-16,25,16,0,0.0
North-West,2014-02-17,2014-02-23,2014-02-23,24,8,0,0.0
North-West,2014-02-24,2014-03-02,2014-03-02,0,0,0,0.0
North-West,2014-03-03,2014-03-09,2014-03-09,20,8,0,0.0
North-West,2014-03-10,2014-03-16,2014-03-16,62,5,0,0.0
North-West,2014-03-17,2014-03-23,2014-03-23,26,0,0,0.0
North-West,2014-03-24,2014-03-30,2014-03-30,130,36,1,2.7777777777777777
North-West,2014-03-31,2014-04-06,2014-04-06,58,31,2,6.451612903225806
North-West,2014-04-07,2014-04-13,2014-04-13,54,18,0,0.0
North-West,2014-04-14,2014-04-20,2014-04-20,242,124,4,3.225806451612903
North-West,2014-04-21,2014-04-27,2014-04-27,62,37,0,0.0
North-West,2014-04-28,2014-05-04,2014-05-04,74,31,2,6.451612903225806
North-West,2014-05-05,2014-05-11,2014-05-11,103,62,0,0.0
North-West,2014-05-12,2014-05-18,2014-05-18,116,30,1,3.3333333333333335
North-West,2014-05-19,2014-05-25,2014-05-25,298,48,1,2.083333333333333
North-West,2014-05-26,2014-06-01,2014-06-01,66,29,0,0.0
North-West,2014-06-02,2014-06-08,2014-06-08,33,19,0,0.0
North-West,2014-06-09,2014-06-15,2014-06-15,0,0,0,0.0
North-West,2014-06-16,2014-06-22,2014-06-22,151,48,2,4.166666666666666
North-West,2014-06-23,2014-06-29,2014-06-29,0,0,0,0.0
North-West,2014-06-30,2014-07-06,2014-07-06,522,95,2,2.1052631578947367
North-West,2014-07-07,2014-07-13,2014-07-13,112,0,0,0.0
North-West,2014-07-14,2014-07-20,2014-07-20,0,0,0,0.0
North-West,2014-07-21,2014-07-27,2014-07-27,252,12,0,0.0
North-West,2014-07-28,2014-08-03,2014-08-03,185,79,1,1.2658227848101267
North-West,2014-08-04,2014-08-10,2014-08-10,24,10,0,0.0
North-West,2014-08-11,2014-08-17,2014-08-17,277,128,1,0.78125
North-West,2014-08-18,2014-08-24,2014-08-24,166,65,0,0.0
North-West,2014-08-25,2014-08-31,2014-08-31,239,63,1,1.5873015873015872
North-West,2014-09-01,2014-09-07,2014-09-07,76,48,1,2.083333333333333
North-West,2014-09-08,2014-09-14,2014-09-14,172,0,0,0.0
North-West,2014-09-15,2014-09-21,2014-09-21,211,89,1,1.1235955056179776
North-West,2014-09-22,2014-09-28,2014-09-28,363,146,3,2.054794520547945
North-West,2014-09-29,2014-10-05,2014-10-05,74,20,0,0.0
North-West,2014-10-06,2014-10-12,2014-10-12,112,48,1,2.083333333333333
North-West,2014-10-13,2014-10-19,2014-10-19,0,0,0,0.0
North-West,2014-10-20,2014-10-26,2014-10-26,150,10,0,0.0
North-West,2014-10-27,2014-11-02,2014-11-02,91,46,1,2.1739130434782608
North-West,2014-11-03,2014-11-09,2014-11-09,42,24,0,0.0
North-West,2014-11-10,2014-11-16,2014-11-16,163,45,1,2.2222222222222223
North-West,2014-11-17,2014-11-23,2014-11-23,49,6,0,0.0
North-West,2014-11-24,2014-11-30,2014-11-30,17,0,0,0.0
North-West,2014-12-01,2014-12-07,2014-12-07,24,10,0,0.0
North-West,2014-12-08,2014-12-14,2014-12-14,122,30,0,0.0
North-West,2014-12-15,2014-12-21,2014-12-21,32,9,0,0.0
North-West,2014-12-22,2014-12-28,2014-12-28,107,16,0,0.0
North-West,2014-12-29,2015-01-04,2015-01-04,2,1,0,0.0
North-West,2015-01-05,2015-01-11,2015-01-11,112,0,0,0.0
North-West,2015-01-12,2015-01-18,2015-01-18,0,0,0,0.0
North-West,2015-01-19,2015-01-25,2015-01-25,19,6,0,0.0
North-West,2015-01-26,2015-02-01,2015-02-01,34,9,0,0.0
North-West,2015-02-02,2015-02-08,2015-02-08,80,10,0,0.0
North-West,2015-02-09,2015-02-15,2015-02-15,85,21,1,4.761904761904762
North-West,2015-02-16,2015-02-22,2015-02-22,52,0,0,0.0
North-West,2015-02-23,2015-03-01,2015-03-01,146,38,0,0.0
North-West,2015-03-02,2015-03-08,2015-03-08,102,21,0,0.0
North-West,2015-03-09,2015-03-15,2015-03-15,10,0,0,0.0
North-West,2015-03-16,2015-03-22,2015-03-22,79,42,0,0.0
North-West,2015-03-23,2015-03-29,2015-03-29,18,5,0,0.0
North-West,2015-03-30,2015-04-05,2015-04-05,110,59,0,0.0
North-West,2015-04-06,2015-04-12,2015-04-12,102,0,0,0.0
North-West,2015-04-13,2015-04-19,2015-04-19,0,0,0,0.0
North-West,2015-04-20,2015-04-26,2015-04-26,17,0,0,0.0
North-West,2015-04-27,2015-05-03,2015-05-03,45,29,0,0.0
North-West,2015-05-04,2015-05-10,2015-05-10,123,65,0,0.0
North-West,2015-05-11,2015-05-17,2015-05-17,47,30,0,0.0
North-West,2015-05-18,2015-05-24,2015-05-24,127,22,0,0.0
North-West,2015-05-25,2015-05-31,2015-05-31,49,0,0,0.0
North-West,2015-06-01,2015-06-07,2015-06-07,241,84,1,1.1904761904761905
North-West,2015-06-08,2015-06-14,2015-06-14,126,8,0,0.0
North-West,2015-06-15,2015-06-21,2015-06-21,164,68,1,1.4705882352941175
North-West,2015-06-22,2015-06-28,2015-06-28,73,23,0,0.0
North-West,2015-06-29,2015-07-05,2015-07-05,155,0,0,0.0
North-West,2015-07-06,2015-07-12,2015-07-12,153,18,0,0.0
North-West,2015-07-13,2015-07-19,2015-07-19,0,0,0,0.0
North-West,2015-07-20,2015-07-26,2015-07-26,0,0,0,0.0
North-West,2015-07-27,2015-08-02,2015-08-02,855,372,7,1.881720430107527
North-West,2015-08-03,2015-08-09,2015-08-09,0,0,0,0.0
North-West,2015-08-10,2015-08-16,2015-08-16,135,61,1,1.639344262295082
North-West,2015-08-17,2015-08-23,2015-08-23,58,14,0,0.0
North-West,2015-08-24,2015-08-30,2015-08-30,102,59,1,1.694915254237288
North-West,2015-08-31,2015-09-06,2015-09-06,550,126,4,3.1746031746031744
North-West,2015-09-07,2015-09-13,2015-09-13,60,29,0,0.0
North-West,2015-09-14,2015-09-20,2015-09-20,60,16,0,0.0
North-West,2015-09-21,2015-09-27,2015-09-27,476,38,0,0.0
North-West,2015-09-28,2015-10-04,2015-10-04,0,0,0,0.0
North-West,2015-10-05,2015-10-11,2015-10-11,167,35,1,2.857142857142857
North-West,2015-10-12,2015-10-18,2015-10-18,596,270,3,1.1111111111111112
North-West,2015-10-19,2015-10-25,2015-10-25,461,157,7,4.45859872611465
North-West,2015-10-26,2015-11-01,2015-11-01,243,81,0,0.0
North-West,2015-11-02,2015-11-08,2015-11-08,181,35,0,0.0
North-West,2015-11-09,2015-11-15,2015-11-15,64,0,0,0.0
North-West,2015-11-16,2015-11-22,2015-11-22,47,0,0,0.0
North-West,2015-11-23,2015-11-29,2015-11-29,41,10,0,0.0
North-West,2015-11-30,2015-12-06,2015-12-06,3,0,0,0.0
North-West,2015-12-07,2015-12-13,2015-12-13,65,0,0,0.0
North-West,2015-12-14,2015-12-20,2015-12-20,0,0,0,0.0
North-West,2015-12-21,2015-12-27,2015-12-27,0,0,0,0.0
North-West,2016-01-04,2016-01-10,2016-01-10,0,0,0,0.0
North-West,2016-01-11,2016-01-17,2016-01-17,0,0,0,0.0
North-West,2016-01-18,2016-01-24,2016-01-24,21,12,0,0.0
North-West,2016-01-25,2016-01-31,2016-01-31,60,26,0,0.0
North-West,2016-02-01,2016-02-07,2016-02-07,0,0,0,0.0
North-West,2016-02-08,2016-02-14,2016-02-14,9,0,0,0.0
North-West,2016-02-15,2016-02-21,2016-02-21,0,0,0,0.0
North-West,2016-02-22,2016-02-28,2016-02-28,27,9,0,0.0
North-West,2016-02-29,2016-03-06,2016-03-06,171,23,0,0.0
North-West,2016-03-07,2016-03-13,2016-03-13,59,27,0,0.0
North-West,2016-03-14,2016-03-20,2016-03-20,193,98,2,2.0408163265306123
North-West,2016-03-21,2016-03-27,2016-03-27,103,0,0,0.0
North-West,2016-03-28,2016-04-03,2016-04-03,29,0,0,0.0
North-West,2016-04-04,2016-04-10,2016-04-10,101,52,0,0.0
North-West,2016-04-11,2016-04-17,2016-04-17,432,88,2,2.272727272727273
North-West,2016-04-18,2016-04-24,2016-04-24,0,0,0,0.0
North-West,2016-04-25,2016-05-01,2016-05-01,483,162,2,1.2345679012345678
North-West,2016-05-02,2016-05-08,2016-05-08,43,14,0,0.0
North-West,2016-05-09,2016-05-15,2016-05-15,22,6,0,0.0
North-West,2016-05-16,2016-05-22,2016-05-22,375,157,1,0.6369426751592357
North-West,2016-05-23,2016-05-29,2016-05-29,457,65,2,3.076923076923077
North-West,2016-05-30,2016-06-05,2016-06-05,108,0,0,0.0
North-West,2016-06-06,2016-06-12,2016-06-12,210,73,1,1.36986301369863
North-West,2016-06-13,2016-06-19,2016-06-19,160,8,0,0.0
North-West,2016-06-20,2016-06-26,2016-06-26,112,0,0,0.0
North-West,2016-06-27,2016-07-03,2016-07-03,126,17,0,0.0
North-West,2016-07-04,2016-07-10,2016-07-10,85,58,1,1.7241379310344827
North-West,2016-07-11,2016-07-17,2016-07-17,179,46,0,0.0
North-West,2016-07-18,2016-07-24,2016-07-24,0,0,0,0.0
North-West,2016-07-25,2016-07-31,2016-07-31,355,138,3,2.1739130434782608
North-West,2016-08-01,2016-08-07,2016-08-07,190,90,0,0.0
North-West,2016-08-08,2016-08-14,2016-08-14,0,0,0,0.0
North-West,2016-08-15,2016-08-21,2016-08-21,302,74,1,1.3513513513513513
North-West,2016-08-22,2016-08-28,2016-08-28,581,0,0,0.0
North-West,2016-08-29,2016-09-04,2016-09-04,182,82,2,2.4390243902439024
North-West,2016-09-05,2016-09-11,2016-09-11,276,86,2,2.3255813953488373
North-West,2016-09-12,2016-09-18,2016-09-18,260,110,1,0.9090909090909091
North-West,2016-09-19,2016-09-25,2016-09-25,120,23,0,0.0
North-West,2016-09-26,2016-10-02,2016-10-02,162,0,0,0.0
North-West,2016-10-03,2016-10-09,2016-10-09,296,67,2,2.9850746268656714
North-West,2016-10-10,2016-10-16,2016-10-16,375,58,0,0.0
North-West,2016-10-17,2016-10-23,2016-10-23,331,126,3,2.380952380952381
North-West,2016-10-24,2016-10-30,2016-10-30,112,19,0,0.0
North-West,2016-10-31,2016-11-06,2016-11-06,115,16,0,0.0
North-West,2016-11-07,2016-11-13,2016-11-13,0,0,0,0.0
North-West,2016-11-14,2016-11-20,2016-11-20,80,37,0,0.0
North-West,2016-11-21,2016-11-27,2016-11-27,0,0,0,0.0
North-West,2016-11-28,2016-12-04,2016-12-04,37,14,0,0.0
North-West,2016-12-05,2016-12-11,2016-12-11,31,0,0,0.0
North-West,2016-12-12,2016-12-18,2016-12-18,0,0,0,0.0
North-West,2016-12-19,2016-12-25,2016-12-25,70,23,1,4.3478260869565215
North-West,2016-12-26,2017-01-01,2017-01-01,16,8,0,0.0
North-West,2017-01-02,2017-01-08,2017-01-08,124,12,0,0.0
North-West,2017-01-09,2017-01-15,2017-01-15,0,0,0,0.0
North-West,2017-01-16,2017-01-22,2017-01-22,43,0,0,0.0
North-West,2017-01-23,2017-01-29,2017-01-29,8,0,0,0.0
North-West,2017-01-30,2017-02-05,2017-02-05,32,12,0,0.0
North-West,2017-02-06,2017-02-12,2017-02-12,19,0,0,0.0
North-West,2017-02-13,2017-02-19,2017-02-19,41,14,0,0.0
North-West,2017-02-20,2017-02-26,2017-02-26,30,12,0,0.0
North-West,2017-02-27,2017-03-05,2017-03-05,56,23,0,0.0
North-West,2017-03-06,2017-03-12,2017-03-12,145,43,0,0.0
North-West,2017-03-13,2017-03-19,2017-03-19,16,7,0,0.0
North-West,2017-03-20,2017-03-26,2017-03-26,0,0,0,0.0
North-West,2017-03-27,2017-04-02,2017-04-02,17,0,0,0.0
North-West,2017-04-03,2017-04-09,2017-04-09,0,0,0,0.0
North-West,2017-04-10,2017-04-16,2017-04-16,106,11,0,0.0
North-West,2017-04-17,2017-04-23,2017-04-23,51,24,0,0.0
North-West,2017-04-24,2017-04-30,2017-04-30,29,14,1,7.142857142857142
North-West,2017-05-01,2017-05-07,2017-05-07,495,148,3,2.027027027027027
North-West,2017-05-08,2017-05-14,2017-05-14,0,0,0,0.0
North-West,2017-05-15,2017-05-21,2017-05-21,249,57,0,0.0
North-West,2017-05-22,2017-05-28,2017-05-28,187,90,3,3.3333333333333335
North-West,2017-05-29,2017-06-04,2017-06-04,26,3,0,0.0
North-West,2017-06-05,2017-06-11,2017-06-11,100,34,1,2.941176470588235
North-West,2017-06-12,2017-06-18,2017-06-18,134,76,2,2.631578947368421
North-West,2017-06-19,2017-06-25,2017-06-25,71,15,0,0.0
North-West,2017-06-26,2017-07-02,2017-07-02,243,127,2,1.574803149606299
North-West,2017-07-03,2017-07-09,2017-07-09,370,58,1,1.7241379310344827
North-West,2017-07-10,2017-07-16,2017-07-16,213,56,1,1.7857142857142856
North-West,2017-07-17,2017-07-23,2017-07-23,157,27,1,3.7037037037037033
North-West,2017-07-24,2017-07-30,2017-07-30,224,27,0,0.0
North-West,2017-07-31,2017-08-06,2017-08-06,41,0,0,0.0
North-West,2017-08-07,2017-08-13,2017-08-13,645,274,7,2.5547445255474455
North-West,2017-08-14,2017-08-20,2017-08-20,489,292,5,1.7123287671232876
North-West,2017-08-21,2017-08-27,2017-08-27,61,34,0,0.0
North-West,2017-08-28,2017-09-03,2017-09-03,356,120,3,2.5
North-West,2017-09-04,2017-09-10,2017-09-10,351,38,1,2.631578947368421
North-West,2017-09-11,2017-09-17,2017-09-17,120,24,1,4.166666666666666
North-West,2017-09-18,2017-09-24,2017-09-24,93,57,2,3.508771929824561
North-West,2017-09-25,2017-10-01,2017-10-01,279,85,2,2.3529411764705883
North-West,2017-10-02,2017-10-08,2017-10-08,87,0,0,0.0
North-West,2017-10-09,2017-10-15,2017-10-15,202,94,2,2.127659574468085
North-West,2017-10-16,2017-10-22,2017-10-22,58,0,0,0.0
North-West,2017-10-23,2017-10-29,2017-10-29,51,0,0,0.0
North-West,2017-10-30,2017-11-05,2017-11-05,58,15,0,0.0
North-West,2017-11-06,2017-11-12,2017-11-12,0,0,0,0.0
North-West,2017-11-13,2017-11-19,2017-11-19,42,20,0,0.0
North-West,2017-11-20,2017-11-26,2017-11-26,55,4,0,0.0
North-West,2017-11-27,2017-12-03,2017-12-03,20,8,0,0.0
North-West,2017-12-04,2017-12-10,2017-12-10,83,10,0,0.0
North-West,2017-12-11,2017-12-17,2017-12-17,24,5,0,0.0
North-West,2017-12-18,2017-12-24,2017-12-24,0,0,0,0.0
North-West,2017-12-25,2017-12-31,2017-12-31,0,0,0,0.0
North-West,2018-01-01,2018-01-07,2018-01-07,17,11,0,0.0
North-West,2018-01-01,2018-12-30,2018-12-30,320,135,2,1.4814814814814816
North-West,2018-01-08,2018-01-14,2018-01-14,0,0,0,0.0
North-West,2018-01-15,2018-01-21,2018-01-21,41,16,0,0.0
North-West,2018-01-22,2018-01-28,2018-01-28,61,34,0,0.0
North-West,2018-01-29,2018-02-04,2018-02-04,56,31,0,0.0
North-West,2018-02-05,2018-02-11,2018-02-11,44,0,0,0.0
North-West,2018-02-12,2018-02-18,2018-02-18,37,23,0,0.0
North-West,2018-02-19,2018-02-25,2018-02-25,0,0,0,0.0
North-West,2018-02-26,2018-03-04,2018-03-04,66,0,0,0.0
North-West,2018-03-05,2018-03-11,2018-03-11,41,0,1,0.0
North-West,2018-03-12,2018-03-18,2018-03-18,120,59,1,1.694915254237288
North-West,2018-03-19,2018-03-25,2018-03-25,0,0,0,0.0
North-West,2018-03-26,2018-04-01,2018-04-01,22,6,0,0.0
North-West,2018-04-02,2018-04-08,2018-04-08,230,96,4,4.166666666666666
North-West,2018-04-09,2018-04-15,2018-04-15,1,0,0,0.0
North-West,2018-04-16,2018-04-22,2018-04-22,0,0,0,0.0
North-West,2018-04-23,2018-04-29,2018-04-29,0,0,0,0.0
North-West,2018-04-30,2018-05-06,2018-05-06,34,0,1,0.0
North-West,2018-05-07,2018-05-13,2018-05-13,34,0,0,0.0
North-West,2018-05-14,2018-05-20,2018-05-20,26,17,0,0.0
North-West,2018-05-21,2018-05-27,2018-05-27,99,53,1,1.8867924528301887
North-West,2018-05-28,2018-06-03,2018-06-03,0,0,0,0.0
North-West,2018-06-04,2018-06-10,2018-06-10,0,0,0,0.0
North-West,2018-06-11,2018-06-17,2018-06-17,199,47,1,2.127659574468085
North-West,2018-06-18,2018-06-24,2018-06-24,301,0,0,0.0
North-West,2018-06-25,2018-07-01,2018-07-01,0,0,0,0.0
North-West,2018-07-02,2018-07-08,2018-07-08,0,0,0,0.0
North-West,2018-07-09,2018-07-15,2018-07-15,0,0,0,0.0
North-West,2018-07-16,2018-07-22,2018-07-22,210,105,1,0.9523809523809524
North-West,2018-07-23,2018-07-29,2018-07-29,116,29,1,3.4482758620689653
North-West,2018-07-30,2018-08-05,2018-08-05,53,16,0,0.0
North-West,2018-08-06,2018-08-12,2018-08-12,104,53,1,1.8867924528301887
North-West,2018-08-13,2018-08-19,2018-08-19,50,13,0,0.0
North-West,2018-08-20,2018-08-26,2018-08-26,0,0,0,0.0
North-West,2018-08-27,2018-09-02,2018-09-02,0,0,0,0.0
North-West,2018-09-03,2018-09-09,2018-09-09,245,115,0,0.0
North-West,2018-09-10,2018-09-16,2018-09-16,0,0,0,0.0
North-West,2018-09-17,2018-09-23,2018-09-23,172,39,0,0.0
North-West,2018-09-24,2018-09-30,2018-09-30,0,0,0,0.0
North-West,2018-10-01,2018-10-07,2018-10-07,0,0,0,0.0
North-West,2018-10-08,2018-10-14,2018-10-14,0,0,0,0.0
North-West,2018-10-15,2018-10-21,2018-10-21,69,32,0,0.0
North-West,2018-10-22,2018-10-28,2018-10-28,259,72,2,2.7777777777777777
North-West,2018-10-29,2018-11-04,2018-11-04,34,19,0,0.0
North-West,2018-11-05,2018-11-11,2018-11-11,73,42,0,0.0
North-West,2018-11-12,2018-11-18,2018-11-18,15,5,0,0.0
North-West,2018-11-19,2018-11-25,2018-11-25,19,6,0,0.0
North-West,2018-11-26,2018-12-02,2018-12-02,17,0,0,0.0
North-West,2018-12-10,2018-12-16,2018-12-16,51,0,0,0.0
North-West,2018-12-17,2018-12-23,2018-12-23,0,0,0,0.0
North-West,2018-12-24,2018-12-30,2018-12-30,2,1,0,0.0
North-West,2018-12-31,2019-01-06,2019-01-06,0,0,0,0.0
North-West,2018-12-31,2019-12-29,2019-12-29,0,0,0,0.0
North-West,2019-01-07,2019-01-13,2019-01-13,27,7,0,0.0
North-West,2019-01-14,2019-01-20,2019-01-20,0,0,0,0.0
North-West,2019-01-21,2019-01-27,2019-01-27,41,22,0,0.0
North-West,2019-01-28,2019-02-03,2019-02-03,7,4,0,0.0
North-West,2019-02-04,2019-02-10,2019-02-10,56,33,0,0.0
North-West,2019-02-11,2019-02-17,2019-02-17,26,12,0,0.0
North-West,2019-02-18,2019-02-24,2019-02-24,24,0,0,0.0
North-West,2019-02-25,2019-03-03,2019-03-03,53,0,0,0.0
North-West,2019-03-04,2019-03-10,2019-03-10,0,0,0,0.0
North-West,2019-03-11,2019-03-17,2019-03-17,43,13,0,0.0
North-West,2019-03-18,2019-03-24,2019-03-24,0,0,0,0.0
North-West,2019-05-13,2019-05-19,2019-05-19,287,195,6,3.076923076923077
South,2010-01-04,2010-01-10,2010-01-10,0,0,0,0.0
South,2010-01-11,2010-01-17,2010-01-17,0,0,0,0.0
South,2010-01-18,2010-01-24,2010-01-24,0,0,0,0.0
South,2010-01-25,2010-01-31,2010-01-31,0,0,0,0.0
South,2010-02-01,2010-02-07,2010-02-07,0,0,0,0.0
South,2010-02-08,2010-02-14,2010-02-14,0,0,0,0.0
South,2010-02-15,2010-02-21,2010-02-21,48,12,0,0.0
South,2010-02-22,2010-02-28,2010-02-28,0,0,0,0.0
South,2010-03-01,2010-03-07,2010-03-07,0,0,0,0.0
South,2010-03-08,2010-03-14,2010-03-14,26,6,0,0.0
South,2010-03-15,2010-03-21,2010-03-21,19,6,0,0.0
South,2010-03-22,2010-03-28,2010-03-28,0,0,0,0.0
South,2010-03-29,2010-04-04,2010-04-04,0,0,0,0.0
South,2010-04-05,2010-04-11,2010-04-11,69,29,1,3.4482758620689653
South,2010-04-12,2010-04-18,2010-04-18,82,38,1,2.631578947368421
South,2010-04-19,2010-04-25,2010-04-25,62,25,1,4.0
South,2010-04-26,2010-05-02,2010-05-02,0,0,0,0.0
South,2010-05-03,2010-05-09,2010-05-09,0,0,0,0.0
South,2010-05-10,2010-05-16,2010-05-16,0,0,0,0.0
South,2010-05-17,2010-05-23,2010-05-23,60,29,1,3.4482758620689653
South,2010-05-24,2010-05-30,2010-05-30,0,0,0,0.0
South,2010-05-31,2010-06-06,2010-06-06,0,0,0,0.0
South,2010-06-07,2010-06-13,2010-06-13,0,0,0,0.0
South,2010-06-14,2010-06-20,2010-06-20,0,0,0,0.0
South,2010-06-21,2010-06-27,2010-06-27,0,0,0,0.0
South,2010-06-28,2010-07-04,2010-07-04,29,1,0,0.0
South,2010-07-05,2010-07-11,2010-07-11,0,0,0,0.0
South,2010-07-12,2010-07-18,2010-07-18,0,0,0,0.0
South,2010-07-19,2010-07-25,2010-07-25,24,16,0,0.0
South,2010-07-26,2010-08-01,2010-08-01,30,0,0,0.0
South,2010-08-02,2010-08-08,2010-08-08,98,0,0,0.0
South,2010-08-09,2010-08-15,2010-08-15,35,18,0,0.0
South,2010-08-16,2010-08-22,2010-08-22,0,0,0,0.0
South,2010-08-23,2010-08-29,2010-08-29,0,0,0,0.0
South,2010-08-30,2010-09-05,2010-09-05,0,0,0,0.0
South,2010-09-06,2010-09-12,2010-09-12,0,0,0,0.0
South,2010-09-13,2010-09-19,2010-09-19,109,10,0,0.0
South,2010-09-20,2010-09-26,2010-09-26,141,50,1,2.0
South,2010-09-27,2010-10-03,2010-10-03,0,0,0,0.0
South,2010-10-04,2010-10-10,2010-10-10,35,8,0,0.0
South,2010-10-11,2010-10-17,2010-10-17,40,0,0,0.0
South,2010-10-18,2010-10-24,2010-10-24,40,22,0,0.0
South,2010-10-25,2010-10-31,2010-10-31,119,0,0,0.0
South,2010-11-01,2010-11-07,2010-11-07,93,27,1,3.7037037037037033
South,2010-11-08,2010-11-14,2010-11-14,58,21,0,0.0
South,2010-11-15,2010-11-21,2010-11-21,36,9,0,0.0
South,2010-11-22,2010-11-28,2010-11-28,0,0,0,0.0
South,2010-11-29,2010-12-05,2010-12-05,0,0,0,0.0
South,2010-12-06,2010-12-12,2010-12-12,63,9,0,0.0
South,2010-12-13,2010-12-19,2010-12-19,12,5,0,0.0
South,2010-12-20,2010-12-26,2010-12-26,0,0,0,0.0
South,2010-12-27,2011-01-02,2011-01-02,0,0,0,0.0
South,2011-01-01,2011-09-22,2011-09-22,254,72,2,2.7777777777777777
South,2011-01-03,2011-01-09,2011-01-09,0,0,0,0.0
South,2011-01-10,2011-01-16,2011-01-16,94,30,1,3.3333333333333335
South,2011-01-17,2011-01-23,2011-01-23,18,10,0,0.0
South,2011-01-24,2011-01-30,2011-01-30,0,0,0,0.0
South,2011-01-31,2011-02-06,2011-02-06,0,0,0,0.0
South,2011-02-07,2011-02-13,2011-02-13,0,0,0,0.0
South,2011-02-14,2011-02-20,2011-02-20,207,55,0,0.0
South,2011-02-21,2011-02-27,2011-02-27,9,3,0,0.0
South,2011-02-28,2011-03-06,2011-03-06,0,0,0,0.0
South,2011-03-07,2011-03-13,2011-03-13,38,21,0,0.0
South,2011-03-14,2011-03-20,2011-03-20,0,0,0,0.0
South,2011-03-21,2011-03-27,2011-03-27,0,0,0,0.0
South,2011-03-28,2011-04-03,2011-04-03,84,27,0,0.0
South,2011-04-04,2011-04-10,2011-04-10,322,140,1,0.7142857142857143
South,2011-04-11,2011-04-17,2011-04-17,135,61,2,3.278688524590164
South,2011-04-18,2011-04-24,2011-04-24,105,52,1,1.9230769230769231
South,2011-04-25,2011-05-01,2011-05-01,133,71,2,2.8169014084507045
South,2011-05-02,2011-05-08,2011-05-08,51,25,1,4.0
South,2011-05-09,2011-05-15,2011-05-15,0,0,0,0.0
South,2011-05-16,2011-05-22,2011-05-22,0,0,0,0.0
South,2011-05-23,2011-05-29,2011-05-29,78,29,0,0.0
South,2011-05-30,2011-06-05,2011-06-05,0,0,0,0.0
South,2011-06-06,2011-06-12,2011-06-12,0,0,0,0.0
South,2011-06-13,2011-06-19,2011-06-19,0,0,0,0.0
South,2011-06-20,2011-06-26,2011-06-26,104,33,0,0.0
South,2011-06-27,2011-07-03,2011-07-03,31,17,0,0.0
South,2011-07-04,2011-07-10,2011-07-10,0,0,0,0.0
South,2011-07-11,2011-07-17,2011-07-17,0,0,0,0.0
South,2011-07-18,2011-07-24,2011-07-24,0,0,0,0.0
South,2011-07-25,2011-07-31,2011-07-31,22,14,0,0.0
South,2011-08-01,2011-08-07,2011-08-07,93,28,1,3.571428571428571
South,2011-08-08,2011-08-14,2011-08-14,0,0,0,0.0
South,2011-08-15,2011-08-21,2011-08-21,68,36,0,0.0
South,2011-08-22,2011-08-28,2011-08-28,46,28,1,3.571428571428571
South,2011-08-29,2011-09-04,2011-09-04,102,62,1,1.6129032258064515
South,2011-09-05,2011-09-11,2011-09-11,0,0,0,0.0
South,2011-09-12,2011-09-18,2011-09-18,117,51,0,0.0
South,2011-09-19,2011-09-25,2011-09-25,148,35,0,0.0
South,2011-09-26,2011-10-02,2011-10-02,205,52,2,3.8461538461538463
South,2011-10-03,2011-10-09,2011-10-09,53,29,0,0.0
South,2011-10-10,2011-10-16,2011-10-16,414,111,3,2.7027027027027026
South,2011-10-17,2011-10-23,2011-10-23,37,18,0,0.0
South,2011-10-24,2011-10-30,2011-10-30,25,0,0,0.0
South,2011-10-31,2011-11-06,2011-11-06,0,0,0,0.0
South,2011-11-07,2011-11-13,2011-11-13,65,0,0,0.0
South,2011-11-14,2011-11-20,2011-11-20,0,0,0,0.0
South,2011-11-21,2011-11-27,2011-11-27,0,0,0,0.0
South,2011-11-28,2011-12-04,2011-12-04,0,0,0,0.0
South,2011-12-05,2011-12-11,2011-12-11,0,0,0,0.0
South,2011-12-12,2011-12-18,2011-12-18,0,0,0,0.0
South,2011-12-19,2011-12-25,2011-12-25,0,0,0,0.0
South,2011-12-26,2012-01-01,2012-01-01,9,4,0,0.0
South,2012-01-02,2012-01-08,2012-01-08,22,11,0,0.0
South,2012-01-09,2012-01-15,2012-01-15,92,34,1,2.941176470588235
South,2012-01-16,2012-01-22,2012-01-22,0,0,0,0.0
South,2012-01-23,2012-01-29,2012-01-29,0,0,0,0.0
South,2012-01-30,2012-02-05,2012-02-05,0,0,0,0.0
South,2012-02-06,2012-02-12,2012-02-12,0,0,0,0.0
South,2012-02-13,2012-02-19,2012-02-19,70,36,0,0.0
South,2012-02-20,2012-02-26,2012-02-26,46,18,0,0.0
South,2012-02-27,2012-03-04,2012-03-04,20,0,0,0.0
South,2012-03-05,2012-03-11,2012-03-11,0,0,0,0.0
South,2012-03-12,2012-03-18,2012-03-18,70,0,0,0.0
South,2012-03-19,2012-03-25,2012-03-25,42,0,0,0.0
South,2012-03-26,2012-04-01,2012-04-01,0,0,0,0.0
South,2012-04-02,2012-04-08,2012-04-08,34,16,0,0.0
South,2012-04-09,2012-04-15,2012-04-15,92,16,0,0.0
South,2012-04-16,2012-04-22,2012-04-22,154,81,0,0.0
South,2012-04-23,2012-04-29,2012-04-29,0,0,0,0.0
South,2012-04-30,2012-05-06,2012-05-06,82,0,0,0.0
South,2012-05-07,2012-05-13,2012-05-13,73,0,0,0.0
South,2012-05-14,2012-05-20,2012-05-20,9,3,0,0.0
South,2012-05-21,2012-05-27,2012-05-27,250,43,1,2.3255813953488373
South,2012-05-28,2012-06-03,2012-06-03,0,0,0,0.0
South,2012-06-04,2012-06-10,2012-06-10,61,33,0,0.0
South,2012-06-11,2012-06-17,2012-06-17,70,8,0,0.0
South,2012-06-18,2012-06-24,2012-06-24,97,0,0,0.0
South,2012-06-25,2012-07-01,2012-07-01,183,113,5,4.424778761061947
South,2012-07-02,2012-07-08,2012-07-08,0,0,0,0.0
South,2012-07-09,2012-07-15,2012-07-15,19,11,0,0.0
South,2012-07-16,2012-07-22,2012-07-22,0,0,0,0.0
South,2012-07-23,2012-07-29,2012-07-29,98,60,1,1.6666666666666667
South,2012-07-30,2012-08-05,2012-08-05,80,40,0,0.0
South,2012-08-06,2012-08-12,2012-08-12,106,0,0,0.0
South,2012-08-13,2012-08-19,2012-08-19,97,36,2,5.555555555555555
South,2012-08-20,2012-08-26,2012-08-26,50,0,0,0.0
South,2012-08-27,2012-09-02,2012-09-02,186,100,0,0.0
South,2012-09-03,2012-09-09,2012-09-09,114,35,1,2.857142857142857
South,2012-09-10,2012-09-16,2012-09-16,0,0,0,0.0
South,2012-09-17,2012-09-23,2012-09-23,29,11,0,0.0
South,2012-09-24,2012-09-30,2012-09-30,97,23,1,4.3478260869565215
South,2012-10-01,2012-10-07,2012-10-07,137,86,1,1.1627906976744187
South,2012-10-08,2012-10-14,2012-10-14,0,0,0,0.0
South,2012-10-15,2012-10-21,2012-10-21,0,0,0,0.0
South,2012-10-22,2012-10-28,2012-10-28,181,98,2,2.0408163265306123
South,2012-10-29,2012-11-04,2012-11-04,150,56,1,1.7857142857142856
South,2012-11-05,2012-11-11,2012-11-11,0,0,0,0.0
South,2012-11-12,2012-11-18,2012-11-18,0,0,0,0.0
South,2012-11-19,2012-11-25,2012-11-25,55,35,1,2.857142857142857
South,2012-11-26,2012-12-02,2012-12-02,125,40,1,2.5
South,2012-12-03,2012-12-09,2012-12-09,0,0,0,0.0
South,2012-12-10,2012-12-16,2012-12-16,0,0,0,0.0
South,2012-12-17,2012-12-23,2012-12-23,43,27,0,0.0
South,2012-12-24,2012-12-30,2012-12-30,7,2,0,0.0
South,2012-12-31,2013-01-06,2013-01-06,0,0,0,0.0
South,2013-01-07,2013-01-13,2013-01-13,37,21,1,4.761904761904762
South,2013-01-14,2013-01-20,2013-01-20,0,0,0,0.0
South,2013-01-21,2013-01-27,2013-01-27,38,1,0,0.0
South,2013-01-28,2013-02-03,2013-02-03,15,6,0,0.0
South,2013-02-04,2013-02-10,2013-02-10,0,0,0,0.0
South,2013-02-11,2013-02-17,2013-02-17,0,0,0,0.0
South,2013-02-18,2013-02-24,2013-02-24,20,10,0,0.0
South,2013-02-25,2013-03-03,2013-03-03,51,31,0,0.0
South,2013-03-04,2013-03-10,2013-03-10,124,62,1,1.6129032258064515
South,2013-03-11,2013-03-17,2013-03-17,0,0,0,0.0
South,2013-03-18,2013-03-24,2013-03-24,23,8,0,0.0
South,2013-03-25,2013-03-31,2013-03-31,358,131,3,2.2900763358778624
South,2013-04-01,2013-04-07,2013-04-07,111,64,0,0.0
South,2013-04-08,2013-04-14,2013-04-14,44,13,0,0.0
South,2013-04-15,2013-04-21,2013-04-21,42,10,0,0.0
South,2013-04-22,2013-04-28,2013-04-28,119,26,0,0.0
South,2013-04-29,2013-05-05,2013-05-05,0,0,0,0.0
South,2013-05-06,2013-05-12,2013-05-12,0,0,0,0.0
South,2013-05-13,2013-05-19,2013-05-19,55,0,0,0.0
South,2013-05-20,2013-05-26,2013-05-26,0,0,0,0.0
South,2013-05-27,2013-06-02,2013-06-02,0,0,0,0.0
South,2013-06-03,2013-06-09,2013-06-09,0,0,0,0.0
South,2013-06-10,2013-06-16,2013-06-16,98,0,0,0.0
South,2013-06-17,2013-06-23,2013-06-23,56,13,0,0.0
South,2013-06-24,2013-06-30,2013-06-30,78,19,0,0.0
South,2013-07-01,2013-07-07,2013-07-07,152,0,0,0.0
South,2013-07-08,2013-07-14,2013-07-14,35,0,0,0.0
South,2013-07-15,2013-07-21,2013-07-21,62,0,0,0.0
South,2013-07-22,2013-07-28,2013-07-28,80,0,1,0.0
South,2013-07-29,2013-08-04,2013-08-04,0,0,0,0.0
South,2013-08-05,2013-08-11,2013-08-11,47,27,0,0.0
South,2013-08-12,2013-08-18,2013-08-18,0,0,0,0.0
South,2013-08-19,2013-08-25,2013-08-25,31,20,0,0.0
South,2013-08-26,2013-09-01,2013-09-01,155,17,0,0.0
South,2013-09-02,2013-09-08,2013-09-08,0,0,0,0.0
South,2013-09-09,2013-09-15,2013-09-15,0,0,0,0.0
South,2013-09-16,2013-09-22,2013-09-22,144,29,1,3.4482758620689653
South,2013-09-23,2013-09-29,2013-09-29,258,0,0,0.0
South,2013-09-30,2013-10-06,2013-10-06,75,0,0,0.0
South,2013-10-07,2013-10-13,2013-10-13,0,0,0,0.0
South,2013-10-14,2013-10-20,2013-10-20,37,22,0,0.0
South,2013-10-21,2013-10-27,2013-10-27,81,28,1,3.571428571428571
South,2013-10-28,2013-11-03,2013-11-03,67,36,0,0.0
South,2013-11-04,2013-11-10,2013-11-10,36,24,0,0.0
South,2013-11-11,2013-11-17,2013-11-17,78,53,2,3.7735849056603774
South,2013-11-18,2013-11-24,2013-11-24,0,0,0,0.0
South,2013-11-25,2013-12-01,2013-12-01,0,0,0,0.0
South,2013-12-02,2013-12-08,2013-12-08,0,0,0,0.0
South,2013-12-09,2013-12-15,2013-12-15,26,13,0,0.0
South,2013-12-16,2013-12-22,2013-12-22,41,24,1,4.166666666666666
South,2013-12-23,2013-12-29,2013-12-29,0,0,0,0.0
South,2013-12-30,2014-01-05,2014-01-05,0,0,0,0.0
South,2014-01-06,2014-01-12,2014-01-12,52,13,0,0.0
South,2014-01-13,2014-01-19,2014-01-19,0,0,0,0.0
South,2014-01-20,2014-01-26,2014-01-26,23,14,0,0.0
South,2014-01-27,2014-02-02,2014-02-02,77,30,0,0.0
South,2014-02-03,2014-02-09,2014-02-09,150,0,0,0.0
South,2014-02-10,2014-02-16,2014-02-16,30,0,0,0.0
South,2014-02-17,2014-02-23,2014-02-23,0,0,0,0.0
South,2014-02-24,2014-03-02,2014-03-02,0,0,0,0.0
South,2014-03-03,2014-03-09,2014-03-09,57,0,0,0.0
South,2014-03-10,2014-03-16,2014-03-16,30,20,0,0.0
South,2014-03-17,2014-03-23,2014-03-23,0,0,0,0.0
South,2014-03-24,2014-03-30,2014-03-30,30,11,0,0.0
South,2014-03-31,2014-04-06,2014-04-06,180,76,2,2.631578947368421
South,2014-04-07,2014-04-13,2014-04-13,0,0,0,0.0
South,2014-04-14,2014-04-20,2014-04-20,95,58,2,3.4482758620689653
South,2014-04-21,2014-04-27,2014-04-27,0,0,0,0.0
South,2014-04-28,2014-05-04,2014-05-04,200,15,0,0.0
South,2014-05-05,2014-05-11,2014-05-11,66,0,0,0.0
South,2014-05-12,2014-05-18,2014-05-18,63,30,0,0.0
South,2014-05-19,2014-05-25,2014-05-25,0,0,0,0.0
South,2014-05-26,2014-06-01,2014-06-01,35,11,0,0.0
South,2014-06-02,2014-06-08,2014-06-08,54,31,1,3.225806451612903
South,2014-06-09,2014-06-15,2014-06-15,0,0,0,0.0
South,2014-06-16,2014-06-22,2014-06-22,20,11,0,0.0
South,2014-06-23,2014-06-29,2014-06-29,27,8,0,0.0
South,2014-06-30,2014-07-06,2014-07-06,15,0,0,0.0
South,2014-07-07,2014-07-13,2014-07-13,34,11,0,0.0
South,2014-07-14,2014-07-20,2014-07-20,133,50,1,2.0
South,2014-07-21,2014-07-27,2014-07-27,1,1,0,0.0
South,2014-07-28,2014-08-03,2014-08-03,146,31,0,0.0
South,2014-08-04,2014-08-10,2014-08-10,0,0,0,0.0
South,2014-08-11,2014-08-17,2014-08-17,0,0,0,0.0
South,2014-08-18,2014-08-24,2014-08-24,64,23,1,4.3478260869565215
South,2014-08-25,2014-08-31,2014-08-31,25,10,0,0.0
South,2014-09-01,2014-09-07,2014-09-07,49,5,0,0.0
South,2014-09-08,2014-09-14,2014-09-14,249,126,2,1.5873015873015872
South,2014-09-15,2014-09-21,2014-09-21,12,0,0,0.0
South,2014-09-22,2014-09-28,2014-09-28,151,9,0,0.0
South,2014-09-29,2014-10-05,2014-10-05,0,0,0,0.0
South,2014-10-06,2014-10-12,2014-10-12,0,0,0,0.0
South,2014-10-13,2014-10-19,2014-10-19,195,55,1,1.8181818181818181
South,2014-10-20,2014-10-26,2014-10-26,68,29,1,3.4482758620689653
South,2014-10-27,2014-11-02,2014-11-02,67,10,0,0.0
South,2014-11-03,2014-11-09,2014-11-09,0,0,0,0.0
South,2014-11-10,2014-11-16,2014-11-16,42,11,0,0.0
South,2014-11-17,2014-11-23,2014-11-23,0,0,0,0.0
South,2014-11-24,2014-11-30,2014-11-30,0,0,0,0.0
South,2014-12-01,2014-12-07,2014-12-07,41,19,0,0.0
South,2014-12-08,2014-12-14,2014-12-14,0,0,0,0.0
South,2014-12-15,2014-12-21,2014-12-21,0,0,0,0.0
South,2014-12-22,2014-12-28,2014-12-28,0,0,0,0.0
South,2014-12-29,2015-01-04,2015-01-04,0,0,0,0.0
South,2015-01-05,2015-01-11,2015-01-11,0,0,0,0.0
South,2015-01-12,2015-01-18,2015-01-18,62,0,0,0.0
South,2015-01-19,2015-01-25,2015-01-25,25,0,0,0.0
South,2015-01-26,2015-02-01,2015-02-01,4,2,0,0.0
South,2015-02-02,2015-02-08,2015-02-08,0,0,0,0.0
South,2015-02-09,2015-02-15,2015-02-15,0,0,0,0.0
South,2015-02-16,2015-02-22,2015-02-22,39,15,0,0.0
South,2015-02-23,2015-03-01,2015-03-01,143,23,0,0.0
South,2015-03-02,2015-03-08,2015-03-08,0,0,0,0.0
South,2015-03-09,2015-03-15,2015-03-15,85,37,0,0.0
South,2015-03-16,2015-03-22,2015-03-22,26,0,0,0.0
South,2015-03-23,2015-03-29,2015-03-29,284,148,3,2.027027027027027
South,2015-03-30,2015-04-05,2015-04-05,77,22,1,4.545454545454546
South,2015-04-06,2015-04-12,2015-04-12,0,0,0,0.0
South,2015-04-13,2015-04-19,2015-04-19,0,0,0,0.0
South,2015-04-20,2015-04-26,2015-04-26,0,0,0,0.0
South,2015-04-27,2015-05-03,2015-05-03,114,37,1,2.7027027027027026
South,2015-05-04,2015-05-10,2015-05-10,274,54,1,1.8518518518518516
South,2015-05-11,2015-05-17,2015-05-17,0,0,0,0.0
South,2015-05-18,2015-05-24,2015-05-24,155,28,0,0.0
South,2015-05-25,2015-05-31,2015-05-31,11,7,0,0.0
South,2015-06-01,2015-06-07,2015-06-07,96,35,0,0.0
South,2015-06-08,2015-06-14,2015-06-14,0,0,0,0.0
South,2015-06-15,2015-06-21,2015-06-21,52,31,1,3.225806451612903
South,2015-06-22,2015-06-28,2015-06-28,232,0,0,0.0
South,2015-06-29,2015-07-05,2015-07-05,20,0,0,0.0
South,2015-07-06,2015-07-12,2015-07-12,118,61,0,0.0
South,2015-07-13,2015-07-19,2015-07-19,118,6,0,0.0
South,2015-07-20,2015-07-26,2015-07-26,0,0,0,0.0
South,2015-07-27,2015-08-02,2015-08-02,81,43,1,2.3255813953488373
South,2015-08-03,2015-08-09,2015-08-09,6,0,0,0.0
South,2015-08-10,2015-08-16,2015-08-16,0,0,0,0.0
South,2015-08-17,2015-08-23,2015-08-23,1,1,0,0.0
South,2015-08-24,2015-08-30,2015-08-30,156,56,0,0.0
South,2015-08-31,2015-09-06,2015-09-06,0,0,0,0.0
South,2015-09-07,2015-09-13,2015-09-13,93,30,1,3.3333333333333335
South,2015-09-14,2015-09-20,2015-09-20,38,17,0,0.0
South,2015-09-21,2015-09-27,2015-09-27,0,0,0,0.0
South,2015-09-28,2015-10-04,2015-10-04,0,0,0,0.0
South,2015-10-05,2015-10-11,2015-10-11,87,8,0,0.0
South,2015-10-12,2015-10-18,2015-10-18,1,1,0,0.0
South,2015-10-19,2015-10-25,2015-10-25,189,37,0,0.0
South,2015-10-26,2015-11-01,2015-11-01,0,0,0,0.0
South,2015-11-02,2015-11-08,2015-11-08,110,0,0,0.0
South,2015-11-09,2015-11-15,2015-11-15,141,78,1,1.282051282051282
South,2015-11-16,2015-11-22,2015-11-22,97,25,0,0.0
South,2015-11-23,2015-11-29,2015-11-29,159,10,0,0.0
South,2015-11-30,2015-12-06,2015-12-06,0,0,0,0.0
South,2015-12-07,2015-12-13,2015-12-13,0,0,0,0.0
South,2015-12-14,2015-12-20,2015-12-20,0,0,0,0.0
South,2015-12-21,2015-12-27,2015-12-27,0,0,0,0.0
South,2016-01-04,2016-01-10,2016-01-10,72,32,0,0.0
South,2016-01-11,2016-01-17,2016-01-17,0,0,0,0.0
South,2016-01-18,2016-01-24,2016-01-24,13,4,0,0.0
South,2016-01-25,2016-01-31,2016-01-31,0,0,0,0.0
South,2016-02-01,2016-02-07,2016-02-07,25,0,0,0.0
South,2016-02-08,2016-02-14,2016-02-14,25,6,0,0.0
South,2016-02-15,2016-02-21,2016-02-21,0,0,0,0.0
South,2016-02-22,2016-02-28,2016-02-28,19,6,0,0.0
South,2016-02-29,2016-03-06,2016-03-06,0,0,0,0.0
South,2016-03-07,2016-03-13,2016-03-13,0,0,0,0.0
South,2016-03-14,2016-03-20,2016-03-20,0,0,0,0.0
South,2016-03-21,2016-03-27,2016-03-27,82,56,2,3.571428571428571
South,2016-03-28,2016-04-03,2016-04-03,99,66,1,1.5151515151515151
South,2016-04-04,2016-04-10,2016-04-10,211,0,0,0.0
South,2016-04-11,2016-04-17,2016-04-17,77,0,0,0.0
South,2016-04-18,2016-04-24,2016-04-24,0,0,0,0.0
South,2016-04-25,2016-05-01,2016-05-01,0,0,0,0.0
South,2016-05-02,2016-05-08,2016-05-08,104,47,1,2.127659574468085
South,2016-05-09,2016-05-15,2016-05-15,0,0,0,0.0
South,2016-05-16,2016-05-22,2016-05-22,86,0,0,0.0
South,2016-05-23,2016-05-29,2016-05-29,319,77,1,1.2987012987012987
South,2016-05-30,2016-06-05,2016-06-05,69,45,1,2.2222222222222223
South,2016-06-06,2016-06-12,2016-06-12,0,0,0,0.0
South,2016-06-13,2016-06-19,2016-06-19,95,27,1,3.7037037037037033
South,2016-06-20,2016-06-26,2016-06-26,260,118,1,0.847457627118644
South,2016-06-27,2016-07-03,2016-07-03,27,0,0,0.0
South,2016-07-04,2016-07-10,2016-07-10,32,11,0,0.0
South,2016-07-11,2016-07-17,2016-07-17,55,20,1,5.0
South,2016-07-18,2016-07-24,2016-07-24,0,0,0,0.0
South,2016-07-25,2016-07-31,2016-07-31,0,0,0,0.0
South,2016-08-01,2016-08-07,2016-08-07,151,24,0,0.0
South,2016-08-08,2016-08-14,2016-08-14,14,4,0,0.0
South,2016-08-15,2016-08-21,2016-08-21,100,17,0,0.0
South,2016-08-22,2016-08-28,2016-08-28,0,0,0,0.0
South,2016-08-29,2016-09-04,2016-09-04,107,50,1,2.0
South,2016-09-05,2016-09-11,2016-09-11,263,89,1,1.1235955056179776
South,2016-09-12,2016-09-18,2016-09-18,63,36,1,2.7777777777777777
South,2016-09-19,2016-09-25,2016-09-25,110,59,1,1.694915254237288
South,2016-09-26,2016-10-02,2016-10-02,0,0,0,0.0
South,2016-10-03,2016-10-09,2016-10-09,51,0,0,0.0
South,2016-10-10,2016-10-16,2016-10-16,0,0,0,0.0
South,2016-10-17,2016-10-23,2016-10-23,0,0,0,0.0
South,2016-10-24,2016-10-30,2016-10-30,10,5,0,0.0
South,2016-10-31,2016-11-06,2016-11-06,118,24,1,4.166666666666666
South,2016-11-07,2016-11-13,2016-11-13,41,14,0,0.0
South,2016-11-14,2016-11-20,2016-11-20,5,0,0,0.0
South,2016-11-21,2016-11-27,2016-11-27,0,0,0,0.0
South,2016-11-28,2016-12-04,2016-12-04,0,0,0,0.0
South,2016-12-05,2016-12-11,2016-12-11,86,18,0,0.0
South,2016-12-12,2016-12-18,2016-12-18,0,0,0,0.0
South,2016-12-19,2016-12-25,2016-12-25,0,0,0,0.0
South,2016-12-26,2017-01-01,2017-01-01,0,0,0,0.0
South,2017-01-02,2017-01-08,2017-01-08,0,0,0,0.0
South,2017-01-09,2017-01-15,2017-01-15,0,0,0,0.0
South,2017-01-16,2017-01-22,2017-01-22,43,22,1,4.545454545454546
South,2017-01-23,2017-01-29,2017-01-29,0,0,0,0.0
South,2017-01-30,2017-02-05,2017-02-05,73,0,0,0.0
South,2017-02-06,2017-02-12,2017-02-12,0,0,0,0.0
South,2017-02-13,2017-02-19,2017-02-19,37,24,0,0.0
South,2017-02-20,2017-02-26,2017-02-26,0,0,0,0.0
South,2017-02-27,2017-03-05,2017-03-05,0,0,0,0.0
South,2017-03-06,2017-03-12,2017-03-12,0,0,0,0.0
South,2017-03-13,2017-03-19,2017-03-19,0,0,0,0.0
South,2017-03-20,2017-03-26,2017-03-26,84,42,0,0.0
South,2017-03-27,2017-04-02,2017-04-02,162,54,1,1.8518518518518516
South,2017-04-03,2017-04-09,2017-04-09,0,0,0,0.0
South,2017-04-10,2017-04-16,2017-04-16,49,18,0,0.0
South,2017-04-17,2017-04-23,2017-04-23,0,0,0,0.0
South,2017-04-24,2017-04-30,2017-04-30,0,0,0,0.0
South,2017-05-01,2017-05-07,2017-05-07,0,0,0,0.0
South,2017-05-08,2017-05-14,2017-05-14,0,0,0,0.0
South,2017-05-15,2017-05-21,2017-05-21,188,125,3,2.4
South,2017-05-22,2017-05-28,2017-05-28,128,70,1,1.4285714285714286
South,2017-05-29,2017-06-04,2017-06-04,0,0,0,0.0
South,2017-06-05,2017-06-11,2017-06-11,73,19,0,0.0
South,2017-06-12,2017-06-18,2017-06-18,62,20,0,0.0
South,2017-06-19,2017-06-25,2017-06-25,0,0,0,0.0
South,2017-06-26,2017-07-02,2017-07-02,17,6,0,0.0
South,2017-07-03,2017-07-09,2017-07-09,0,0,0,0.0
South,2017-07-10,2017-07-16,2017-07-16,84,48,0,0.0
South,2017-07-17,2017-07-23,2017-07-23,0,0,0,0.0
South,2017-07-24,2017-07-30,2017-07-30,118,0,0,0.0
South,2017-07-31,2017-08-06,2017-08-06,28,18,0,0.0
South,2017-08-07,2017-08-13,2017-08-13,0,0,0,0.0
South,2017-08-14,2017-08-20,2017-08-20,30,10,0,0.0
South,2017-08-21,2017-08-27,2017-08-27,153,46,1,2.1739130434782608
South,2017-08-28,2017-09-03,2017-09-03,0,0,0,0.0
South,2017-09-04,2017-09-10,2017-09-10,44,11,0,0.0
South,2017-09-11,2017-09-17,2017-09-17,82,47,1,2.127659574468085
South,2017-09-18,2017-09-24,2017-09-24,53,25,0,0.0
South,2017-09-25,2017-10-01,2017-10-01,0,0,0,0.0
South,2017-10-02,2017-10-08,2017-10-08,112,54,1,1.8518518518518516
South,2017-10-09,2017-10-15,2017-10-15,82,29,1,3.4482758620689653
South,2017-10-16,2017-10-22,2017-10-22,191,58,1,1.7241379310344827
South,2017-10-23,2017-10-29,2017-10-29,75,26,0,0.0
South,2017-10-30,2017-11-05,2017-11-05,126,45,1,2.2222222222222223
South,2017-11-06,2017-11-12,2017-11-12,0,0,0,0.0
South,2017-11-13,2017-11-19,2017-11-19,41,14,0,0.0
South,2017-11-20,2017-11-26,2017-11-26,0,0,0,0.0
South,2017-11-27,2017-12-03,2017-12-03,0,0,0,0.0
South,2017-12-04,2017-12-10,2017-12-10,20,5,0,0.0
South,2017-12-11,2017-12-17,2017-12-17,4,1,0,0.0
South,2017-12-18,2017-12-24,2017-12-24,6,0,0,0.0
South,2017-12-25,2017-12-31,2017-12-31,74,26,1,3.8461538461538463
South,2018-01-01,2018-01-07,2018-01-07,22,9,0,0.0
South,2018-01-01,2018-12-30,2018-12-30,42,16,1,6.25
South,2018-01-08,2018-01-14,2018-01-14,0,0,0,0.0
South,2018-01-15,2018-01-21,2018-01-21,0,0,0,0.0
South,2018-01-22,2018-01-28,2018-01-28,0,0,0,0.0
South,2018-01-29,2018-02-04,2018-02-04,0,0,0,0.0
South,2018-02-05,2018-02-11,2018-02-11,0,0,0,0.0
South,2018-02-12,2018-02-18,2018-02-18,33,0,0,0.0
South,2018-02-19,2018-02-25,2018-02-25,0,0,0,0.0
South,2018-02-26,2018-03-04,2018-03-04,0,0,0,0.0
South,2018-03-05,2018-03-11,2018-03-11,0,0,0,0.0
South,2018-03-12,2018-03-18,2018-03-18,0,0,0,0.0
South,2018-03-19,2018-03-25,2018-03-25,32,15,0,0.0
South,2018-03-26,2018-04-01,2018-04-01,0,0,0,0.0
South,2018-04-02,2018-04-08,2018-04-08,0,0,0,0.0
South,2018-04-09,2018-04-15,2018-04-15,0,0,0,0.0
South,2018-04-16,2018-04-22,2018-04-22,44,15,0,0.0
South,2018-04-23,2018-04-29,2018-04-29,119,1,0,0.0
South,2018-04-30,2018-05-06,2018-05-06,0,0,0,0.0
South,2018-05-07,2018-05-13,2018-05-13,1,0,0,0.0
South,2018-05-14,2018-05-20,2018-05-20,265,0,0,0.0
South,2018-05-21,2018-05-27,2018-05-27,0,0,0,0.0
South,2018-05-28,2018-06-03,2018-06-03,0,0,0,0.0
South,2018-06-04,2018-06-10,2018-06-10,44,15,0,0.0
South,2018-06-11,2018-06-17,2018-06-17,61,37,1,2.7027027027027026
South,2018-06-18,2018-06-24,2018-06-24,36,0,0,0.0
South,2018-06-25,2018-07-01,2018-07-01,0,0,0,0.0
South,2018-07-02,2018-07-08,2018-07-08,0,0,0,0.0
South,2018-07-09,2018-07-15,2018-07-15,0,0,0,0.0
South,2018-07-16,2018-07-22,2018-07-22,41,16,0,0.0
South,2018-07-23,2018-07-29,2018-07-29,0,0,0,0.0
South,2018-07-30,2018-08-05,2018-08-05,0,0,0,0.0
South,2018-08-06,2018-08-12,2018-08-12,0,0,0,0.0
South,2018-08-13,2018-08-19,2018-08-19,74,0,0,0.0
South,2018-08-20,2018-08-26,2018-08-26,0,0,0,0.0
South,2018-08-27,2018-09-02,2018-09-02,14,0,0,0.0
South,2018-09-03,2018-09-09,2018-09-09,0,0,0,0.0
South,2018-09-10,2018-09-16,2018-09-16,0,0,0,0.0
South,2018-09-17,2018-09-23,2018-09-23,122,18,0,0.0
South,2018-09-24,2018-09-30,2018-09-30,0,0,0,0.0
South,2018-10-01,2018-10-07,2018-10-07,106,47,1,2.127659574468085
South,2018-10-08,2018-10-14,2018-10-14,0,0,0,0.0
South,2018-10-15,2018-10-21,2018-10-21,0,0,0,0.0
South,2018-10-22,2018-10-28,2018-10-28,76,17,0,0.0
South,2018-10-29,2018-11-04,2018-11-04,89,16,0,0.0
South,2018-11-05,2018-11-11,2018-11-11,0,0,0,0.0
South,2018-11-12,2018-11-18,2018-11-18,0,0,0,0.0
South,2018-11-19,2018-11-25,2018-11-25,62,7,0,0.0
South,2018-11-26,2018-12-02,2018-12-02,0,0,0,0.0
South,2018-12-10,2018-12-16,2018-12-16,35,0,0,0.0
South,2018-12-17,2018-12-23,2018-12-23,0,0,0,0.0
South,2018-12-24,2018-12-30,2018-12-30,0,0,0,0.0
South,2018-12-31,2019-01-06,2019-01-06,0,0,0,0.0
South,2018-12-31,2019-12-29,2019-12-29,0,0,0,0.0
South,2019-01-07,2019-01-13,2019-01-13,0,0,0,0.0
South,2019-01-14,2019-01-20,2019-01-20,24,15,0,0.0
South,2019-01-21,2019-01-27,2019-01-27,0,0,0,0.0
South,2019-01-28,2019-02-03,2019-02-03,0,0,0,0.0
South,2019-02-04,2019-02-10,2019-02-10,33,8,0,0.0
South,2019-02-11,2019-02-17,2019-02-17,29,0,1,0.0
South,2019-02-18,2019-02-24,2019-02-24,0,0,0,0.0
South,2019-02-25,2019-03-03,2019-03-03,0,0,0,0.0
South,2019-03-04,2019-03-10,2019-03-10,39,9,0,0.0
South,2019-03-11,2019-03-17,2019-03-17,27,16,0,0.0
South,2019-03-18,2019-03-24,2019-03-24,32,9,0,0.0
South,2019-05-13,2019-05-19,2019-05-19,0,0,0,0.0
South,2020-05-01,2020-10-18,2020-10-18,780,195,15,7.6923076923076925
South,2020-05-01,2020-12-16,2020-12-16,53,25,0,0.0
South-West,2010-01-04,2010-01-10,2010-01-10,368,93,1,1.0752688172043012
South-West,2010-01-11,2010-01-17,2010-01-17,66,19,0,0.0
South-West,2010-01-18,2010-01-24,2010-01-24,62,26,0,0.0
South-West,2010-01-25,2010-01-31,2010-01-31,110,20,0,0.0
South-West,2010-02-01,2010-02-07,2010-02-07,259,78,2,2.564102564102564
South-West,2010-02-08,2010-02-14,2010-02-14,68,28,1,3.571428571428571
South-West,2010-02-15,2010-02-21,2010-02-21,145,58,0,0.0
South-West,2010-02-22,2010-02-28,2010-02-28,66,41,1,2.4390243902439024
South-West,2010-03-01,2010-03-07,2010-03-07,21,8,0,0.0
South-West,2010-03-08,2010-03-14,2010-03-14,0,0,0,0.0
South-West,2010-03-15,2010-03-21,2010-03-21,47,15,0,0.0
South-West,2010-03-22,2010-03-28,2010-03-28,0,0,0,0.0
South-West,2010-03-29,2010-04-04,2010-04-04,102,15,0,0.0
South-West,2010-04-05,2010-04-11,2010-04-11,135,41,1,2.4390243902439024
South-West,2010-04-12,2010-04-18,2010-04-18,131,0,0,0.0
South-West,2010-04-19,2010-04-25,2010-04-25,117,50,0,0.0
South-West,2010-04-26,2010-05-02,2010-05-02,0,0,0,0.0
South-West,2010-05-03,2010-05-09,2010-05-09,43,13,0,0.0
South-West,2010-05-10,2010-05-16,2010-05-16,149,59,0,0.0
South-West,2010-05-17,2010-05-23,2010-05-23,412,53,1,1.8867924528301887
South-West,2010-05-24,2010-05-30,2010-05-30,112,11,0,0.0
South-West,2010-05-31,2010-06-06,2010-06-06,30,13,0,0.0
South-West,2010-06-07,2010-06-13,2010-06-13,301,34,0,0.0
South-West,2010-06-14,2010-06-20,2010-06-20,114,64,1,1.5625
South-West,2010-06-21,2010-06-27,2010-06-27,402,84,1,1.1904761904761905
South-West,2010-06-28,2010-07-04,2010-07-04,0,0,0,0.0
South-West,2010-07-05,2010-07-11,2010-07-11,102,52,1,1.9230769230769231
South-West,2010-07-12,2010-07-18,2010-07-18,77,0,0,0.0
South-West,2010-07-19,2010-07-25,2010-07-25,298,97,3,3.0927835051546393
South-West,2010-07-26,2010-08-01,2010-08-01,269,76,1,1.3157894736842104
South-West,2010-08-02,2010-08-08,2010-08-08,285,51,0,0.0
South-West,2010-08-09,2010-08-15,2010-08-15,145,65,1,1.5384615384615385
South-West,2010-08-16,2010-08-22,2010-08-22,121,72,2,2.7777777777777777
South-West,2010-08-23,2010-08-29,2010-08-29,43,0,0,0.0
South-West,2010-08-30,2010-09-05,2010-09-05,549,221,5,2.262443438914027
South-West,2010-09-06,2010-09-12,2010-09-12,79,42,0,0.0
South-West,2010-09-13,2010-09-19,2010-09-19,37,18,0,0.0
South-West,2010-09-20,2010-09-26,2010-09-26,25,10,0,0.0
South-West,2010-09-27,2010-10-03,2010-10-03,56,0,1,0.0
South-West,2010-10-04,2010-10-10,2010-10-10,0,0,0,0.0
South-West,2010-10-11,2010-10-17,2010-10-17,303,112,1,0.8928571428571428
South-West,2010-10-18,2010-10-24,2010-10-24,187,0,0,0.0
South-West,2010-10-25,2010-10-31,2010-10-31,358,95,2,2.1052631578947367
South-West,2010-11-01,2010-11-07,2010-11-07,243,83,1,1.2048192771084338
South-West,2010-11-08,2010-11-14,2010-11-14,133,62,2,3.225806451612903
South-West,2010-11-15,2010-11-21,2010-11-21,43,0,0,0.0
South-West,2010-11-22,2010-11-28,2010-11-28,54,26,1,3.8461538461538463
South-West,2010-11-29,2010-12-05,2010-12-05,231,96,3,3.125
South-West,2010-12-06,2010-12-12,2010-12-12,221,75,2,2.666666666666667
South-West,2010-12-13,2010-12-19,2010-12-19,130,45,1,2.2222222222222223
South-West,2010-12-20,2010-12-26,2010-12-26,218,67,1,1.4925373134328357
South-West,2010-12-27,2011-01-02,2011-01-02,173,27,0,0.0
South-West,2011-01-01,2011-09-22,2011-09-22,2166,1154,26,2.2530329289428077
South-West,2011-01-03,2011-01-09,2011-01-09,101,21,0,0.0
South-West,2011-01-10,2011-01-16,2011-01-16,102,21,1,4.761904761904762
South-West,2011-01-17,2011-01-23,2011-01-23,161,76,0,0.0
South-West,2011-01-24,2011-01-30,2011-01-30,131,49,1,2.0408163265306123
South-West,2011-01-31,2011-02-06,2011-02-06,192,47,0,0.0
South-West,2011-02-07,2011-02-13,2011-02-13,203,63,0,0.0
South-West,2011-02-14,2011-02-20,2011-02-20,233,72,1,1.3888888888888888
South-West,2011-02-21,2011-02-27,2011-02-27,156,70,1,1.4285714285714286
South-West,2011-02-28,2011-03-06,2011-03-06,282,110,3,2.727272727272727
South-West,2011-03-07,2011-03-13,2011-03-13,177,80,0,0.0
South-West,2011-03-14,2011-03-20,2011-03-20,181,62,1,1.6129032258064515
South-West,2011-03-21,2011-03-27,2011-03-27,144,36,0,0.0
South-West,2011-03-28,2011-04-03,2011-04-03,270,77,1,1.2987012987012987
South-West,2011-04-04,2011-04-10,2011-04-10,376,51,2,3.9215686274509802
South-West,2011-04-11,2011-04-17,2011-04-17,168,93,3,3.225806451612903
South-West,2011-04-18,2011-04-24,2011-04-24,253,94,5,5.319148936170213
South-West,2011-04-25,2011-05-01,2011-05-01,329,105,3,2.857142857142857
South-West,2011-05-02,2011-05-08,2011-05-08,346,50,1,2.0
South-West,2011-05-09,2011-05-15,2011-05-15,487,211,5,2.3696682464454977
South-West,2011-05-16,2011-05-22,2011-05-22,383,151,2,1.3245033112582782
South-West,2011-05-23,2011-05-29,2011-05-29,547,141,4,2.8368794326241136
South-West,2011-05-30,2011-06-05,2011-06-05,434,186,1,0.5376344086021506
South-West,2011-06-06,2011-06-12,2011-06-12,411,178,4,2.247191011235955
South-West,2011-06-13,2011-06-19,2011-06-19,384,194,3,1.5463917525773196
South-West,2011-06-20,2011-06-26,2011-06-26,462,240,5,2.083333333333333
South-West,2011-06-27,2011-07-03,2011-07-03,581,193,5,2.5906735751295336
South-West,2011-07-04,2011-07-10,2011-07-10,388,63,1,1.5873015873015872
South-West,2011-07-11,2011-07-17,2011-07-17,268,124,2,1.6129032258064515
South-West,2011-07-18,2011-07-24,2011-07-24,337,112,3,2.6785714285714284
South-West,2011-07-25,2011-07-31,2011-07-31,229,50,0,0.0
South-West,2011-08-01,2011-08-07,2011-08-07,485,321,7,2.1806853582554515
South-West,2011-08-08,2011-08-14,2011-08-14,370,189,2,1.0582010582010581
South-West,2011-08-15,2011-08-21,2011-08-21,371,147,2,1.3605442176870748
South-West,2011-08-22,2011-08-28,2011-08-28,200,0,0,0.0
South-West,2011-08-29,2011-09-04,2011-09-04,258,53,0,0.0
South-West,2011-09-05,2011-09-11,2011-09-11,450,141,1,0.7092198581560284
South-West,2011-09-12,2011-09-18,2011-09-18,541,191,5,2.6178010471204187
South-West,2011-09-19,2011-09-25,2011-09-25,345,63,2,3.1746031746031744
South-West,2011-09-26,2011-10-02,2011-10-02,516,43,1,2.3255813953488373
South-West,2011-10-03,2011-10-09,2011-10-09,192,0,1,0.0
South-West,2011-10-10,2011-10-16,2011-10-16,25,8,0,0.0
South-West,2011-10-17,2011-10-23,2011-10-23,218,107,1,0.9345794392523363
South-West,2011-10-24,2011-10-30,2011-10-30,47,0,0,0.0
South-West,2011-10-31,2011-11-06,2011-11-06,28,0,0,0.0
South-West,2011-11-07,2011-11-13,2011-11-13,16,10,0,0.0
South-West,2011-11-14,2011-11-20,2011-11-20,76,43,0,0.0
South-West,2011-11-21,2011-11-27,2011-11-27,66,23,1,4.3478260869565215
South-West,2011-11-28,2011-12-04,2011-12-04,107,51,1,1.9607843137254901
South-West,2011-12-05,2011-12-11,2011-12-11,56,16,0,0.0
South-West,2011-12-12,2011-12-18,2011-12-18,48,2,0,0.0
South-West,2011-12-19,2011-12-25,2011-12-25,82,4,0,0.0
South-West,2011-12-26,2012-01-01,2012-01-01,19,8,0,0.0
South-West,2012-01-02,2012-01-08,2012-01-08,45,11,0,0.0
South-West,2012-01-09,2012-01-15,2012-01-15,0,0,0,0.0
South-West,2012-01-16,2012-01-22,2012-01-22,0,0,0,0.0
South-West,2012-01-23,2012-01-29,2012-01-29,270,63,0,0.0
South-West,2012-01-30,2012-02-05,2012-02-05,24,0,0,0.0
South-West,2012-02-06,2012-02-12,2012-02-12,141,59,1,1.694915254237288
South-West,2012-02-13,2012-02-19,2012-02-19,0,0,0,0.0
South-West,2012-02-20,2012-02-26,2012-02-26,193,89,0,0.0
South-West,2012-02-27,2012-03-04,2012-03-04,62,25,0,0.0
South-West,2012-03-05,2012-03-11,2012-03-11,48,7,0,0.0
South-West,2012-03-12,2012-03-18,2012-03-18,0,0,0,0.0
South-West,2012-03-19,2012-03-25,2012-03-25,28,10,0,0.0
South-West,2012-03-26,2012-04-01,2012-04-01,135,0,0,0.0
South-West,2012-04-02,2012-04-08,2012-04-08,47,19,0,0.0
South-West,2012-04-09,2012-04-15,2012-04-15,35,11,0,0.0
South-West,2012-04-16,2012-04-22,2012-04-22,5,2,0,0.0
South-West,2012-04-23,2012-04-29,2012-04-29,56,0,0,0.0
South-West,2012-04-30,2012-05-06,2012-05-06,92,7,0,0.0
South-West,2012-05-07,2012-05-13,2012-05-13,153,28,2,7.142857142857142
South-West,2012-05-14,2012-05-20,2012-05-20,136,53,0,0.0
South-West,2012-05-21,2012-05-27,2012-05-27,74,42,0,0.0
South-West,2012-05-28,2012-06-03,2012-06-03,782,280,6,2.142857142857143
South-West,2012-06-04,2012-06-10,2012-06-10,108,0,0,0.0
South-West,2012-06-11,2012-06-17,2012-06-17,124,60,1,1.6666666666666667
South-West,2012-06-18,2012-06-24,2012-06-24,525,263,6,2.2813688212927756
South-West,2012-06-25,2012-07-01,2012-07-01,0,0,0,0.0
South-West,2012-07-02,2012-07-08,2012-07-08,241,61,0,0.0
South-West,2012-07-09,2012-07-15,2012-07-15,276,172,4,2.3255813953488373
South-West,2012-07-16,2012-07-22,2012-07-22,115,13,0,0.0
South-West,2012-07-23,2012-07-29,2012-07-29,80,0,0,0.0
South-West,2012-07-30,2012-08-05,2012-08-05,486,281,7,2.491103202846975
South-West,2012-08-06,2012-08-12,2012-08-12,98,36,1,2.7777777777777777
South-West,2012-08-13,2012-08-19,2012-08-19,60,0,0,0.0
South-West,2012-08-20,2012-08-26,2012-08-26,83,50,1,2.0
South-West,2012-08-27,2012-09-02,2012-09-02,215,88,2,2.272727272727273
South-West,2012-09-03,2012-09-09,2012-09-09,109,53,1,1.8867924528301887
South-West,2012-09-10,2012-09-16,2012-09-16,30,11,0,0.0
South-West,2012-09-17,2012-09-23,2012-09-23,23,0,0,0.0
South-West,2012-09-24,2012-09-30,2012-09-30,359,165,4,2.4242424242424243
South-West,2012-10-01,2012-10-07,2012-10-07,241,95,2,2.1052631578947367
South-West,2012-10-08,2012-10-14,2012-10-14,250,78,1,1.282051282051282
South-West,2012-10-15,2012-10-21,2012-10-21,373,164,4,2.4390243902439024
South-West,2012-10-22,2012-10-28,2012-10-28,455,118,4,3.389830508474576
South-West,2012-10-29,2012-11-04,2012-11-04,344,224,2,0.8928571428571428
South-West,2012-11-05,2012-11-11,2012-11-11,148,99,4,4.040404040404041
South-West,2012-11-12,2012-11-18,2012-11-18,142,13,0,0.0
South-West,2012-11-19,2012-11-25,2012-11-25,75,33,0,0.0
South-West,2012-11-26,2012-12-02,2012-12-02,0,0,0,0.0
South-West,2012-12-03,2012-12-09,2012-12-09,83,39,0,0.0
South-West,2012-12-10,2012-12-16,2012-12-16,63,13,0,0.0
South-West,2012-12-17,2012-12-23,2012-12-23,45,0,0,0.0
South-West,2012-12-24,2012-12-30,2012-12-30,0,0,0,0.0
South-West,2012-12-31,2013-01-06,2013-01-06,22,10,0,0.0
South-West,2013-01-07,2013-01-13,2013-01-13,23,7,0,0.0
South-West,2013-01-14,2013-01-20,2013-01-20,14,6,0,0.0
South-West,2013-01-21,2013-01-27,2013-01-27,213,78,2,2.564102564102564
South-West,2013-01-28,2013-02-03,2013-02-03,41,10,0,0.0
South-West,2013-02-04,2013-02-10,2013-02-10,169,57,1,1.7543859649122806
South-West,2013-02-11,2013-02-17,2013-02-17,101,46,3,6.521739130434782
South-West,2013-02-18,2013-02-24,2013-02-24,96,33,1,3.0303030303030303
South-West,2013-02-25,2013-03-03,2013-03-03,15,5,0,0.0
South-West,2013-03-04,2013-03-10,2013-03-10,0,0,0,0.0
South-West,2013-03-11,2013-03-17,2013-03-17,186,58,0,0.0
South-West,2013-03-18,2013-03-24,2013-03-24,128,44,0,0.0
South-West,2013-03-25,2013-03-31,2013-03-31,22,11,0,0.0
South-West,2013-04-01,2013-04-07,2013-04-07,331,38,0,0.0
South-West,2013-04-08,2013-04-14,2013-04-14,432,125,1,0.8
South-West,2013-04-15,2013-04-21,2013-04-21,206,65,2,3.076923076923077
South-West,2013-04-22,2013-04-28,2013-04-28,103,41,1,2.4390243902439024
South-West,2013-04-29,2013-05-05,2013-05-05,174,66,2,3.0303030303030303
South-West,2013-05-06,2013-05-12,2013-05-12,39,13,0,0.0
South-West,2013-05-13,2013-05-19,2013-05-19,395,185,4,2.1621621621621623
South-West,2013-05-20,2013-05-26,2013-05-26,150,0,0,0.0
South-West,2013-05-27,2013-06-02,2013-06-02,344,150,2,1.3333333333333335
South-West,2013-06-03,2013-06-09,2013-06-09,351,135,2,1.4814814814814816
South-West,2013-06-10,2013-06-16,2013-06-16,89,39,1,2.564102564102564
South-West,2013-06-17,2013-06-23,2013-06-23,162,15,0,0.0
South-West,2013-06-24,2013-06-30,2013-06-30,107,51,1,1.9607843137254901
South-West,2013-07-01,2013-07-07,2013-07-07,0,0,0,0.0
South-West,2013-07-08,2013-07-14,2013-07-14,411,199,3,1.507537688442211
South-West,2013-07-15,2013-07-21,2013-07-21,84,33,0,0.0
South-West,2013-07-22,2013-07-28,2013-07-28,169,93,2,2.1505376344086025
South-West,2013-07-29,2013-08-04,2013-08-04,320,114,1,0.8771929824561403
South-West,2013-08-05,2013-08-11,2013-08-11,261,55,1,1.8181818181818181
South-West,2013-08-12,2013-08-18,2013-08-18,219,120,3,2.5
South-West,2013-08-19,2013-08-25,2013-08-25,180,29,0,0.0
South-West,2013-08-26,2013-09-01,2013-09-01,687,150,4,2.666666666666667
South-West,2013-09-02,2013-09-08,2013-09-08,61,19,0,0.0
South-West,2013-09-09,2013-09-15,2013-09-15,137,30,0,0.0
South-West,2013-09-16,2013-09-22,2013-09-22,328,171,3,1.7543859649122806
South-West,2013-09-23,2013-09-29,2013-09-29,687,325,7,2.1538461538461537
South-West,2013-09-30,2013-10-06,2013-10-06,0,0,0,0.0
South-West,2013-10-07,2013-10-13,2013-10-13,297,0,1,0.0
South-West,2013-10-14,2013-10-20,2013-10-20,229,117,3,2.564102564102564
South-West,2013-10-21,2013-10-27,2013-10-27,358,170,3,1.7647058823529411
South-West,2013-10-28,2013-11-03,2013-11-03,0,0,0,0.0
South-West,2013-11-04,2013-11-10,2013-11-10,164,55,1,1.8181818181818181
South-West,2013-11-11,2013-11-17,2013-11-17,851,340,7,2.0588235294117645
South-West,2013-11-18,2013-11-24,2013-11-24,29,15,0,0.0
South-West,2013-11-25,2013-12-01,2013-12-01,129,0,0,0.0
South-West,2013-12-02,2013-12-08,2013-12-08,123,46,1,2.1739130434782608
South-West,2013-12-09,2013-12-15,2013-12-15,44,24,0,0.0
South-West,2013-12-16,2013-12-22,2013-12-22,143,55,0,0.0
South-West,2013-12-23,2013-12-29,2013-12-29,25,9,0,0.0
South-West,2013-12-30,2014-01-05,2014-01-05,0,0,0,0.0
South-West,2014-01-06,2014-01-12,2014-01-12,121,41,0,0.0
South-West,2014-01-13,2014-01-19,2014-01-19,15,0,0,0.0
South-West,2014-01-20,2014-01-26,2014-01-26,0,0,0,0.0
South-West,2014-01-27,2014-02-02,2014-02-02,174,36,0,0.0
South-West,2014-02-03,2014-02-09,2014-02-09,31,10,0,0.0
South-West,2014-02-10,2014-02-16,2014-02-16,131,47,0,0.0
South-West,2014-02-17,2014-02-23,2014-02-23,51,12,0,0.0
South-West,2014-02-24,2014-03-02,2014-03-02,264,94,0,0.0
South-West,2014-03-03,2014-03-09,2014-03-09,11,5,0,0.0
South-West,2014-03-10,2014-03-16,2014-03-16,184,81,0,0.0
South-West,2014-03-17,2014-03-23,2014-03-23,65,18,0,0.0
South-West,2014-03-24,2014-03-30,2014-03-30,108,13,0,0.0
South-West,2014-03-31,2014-04-06,2014-04-06,30,12,0,0.0
South-West,2014-04-07,2014-04-13,2014-04-13,9,0,0,0.0
South-West,2014-04-14,2014-04-20,2014-04-20,77,36,1,2.7777777777777777
South-West,2014-04-21,2014-04-27,2014-04-27,260,111,1,0.9009009009009009
South-West,2014-04-28,2014-05-04,2014-05-04,148,0,1,0.0
South-West,2014-05-05,2014-05-11,2014-05-11,0,0,0,0.0
South-West,2014-05-12,2014-05-18,2014-05-18,0,0,0,0.0
South-West,2014-05-19,2014-05-25,2014-05-25,132,43,0,0.0
South-West,2014-05-26,2014-06-01,2014-06-01,72,9,0,0.0
South-West,2014-06-02,2014-06-08,2014-06-08,60,40,1,2.5
South-West,2014-06-09,2014-06-15,2014-06-15,179,75,2,2.666666666666667
South-West,2014-06-16,2014-06-22,2014-06-22,368,5,0,0.0
South-West,2014-06-23,2014-06-29,2014-06-29,100,39,0,0.0
South-West,2014-06-30,2014-07-06,2014-07-06,575,249,3,1.2048192771084338
South-West,2014-07-07,2014-07-13,2014-07-13,516,21,0,0.0
South-West,2014-07-14,2014-07-20,2014-07-20,166,82,2,2.4390243902439024
South-West,2014-07-21,2014-07-27,2014-07-27,94,0,0,0.0
South-West,2014-07-28,2014-08-03,2014-08-03,92,56,1,1.7857142857142856
South-West,2014-08-04,2014-08-10,2014-08-10,281,95,2,2.1052631578947367
South-West,2014-08-11,2014-08-17,2014-08-17,123,73,1,1.36986301369863
South-West,2014-08-18,2014-08-24,2014-08-24,90,28,0,0.0
South-West,2014-08-25,2014-08-31,2014-08-31,87,42,1,2.380952380952381
South-West,2014-09-01,2014-09-07,2014-09-07,192,20,0,0.0
South-West,2014-09-08,2014-09-14,2014-09-14,92,38,0,0.0
South-West,2014-09-15,2014-09-21,2014-09-21,0,0,0,0.0
South-West,2014-09-22,2014-09-28,2014-09-28,94,17,0,0.0
South-West,2014-09-29,2014-10-05,2014-10-05,493,237,4,1.6877637130801686
South-West,2014-10-06,2014-10-12,2014-10-12,106,26,1,3.8461538461538463
South-West,2014-10-13,2014-10-19,2014-10-19,517,150,2,1.3333333333333335
South-West,2014-10-20,2014-10-26,2014-10-26,109,61,1,1.639344262295082
South-West,2014-10-27,2014-11-02,2014-11-02,0,0,0,0.0
South-West,2014-11-03,2014-11-09,2014-11-09,37,16,0,0.0
South-West,2014-11-10,2014-11-16,2014-11-16,60,0,0,0.0
South-West,2014-11-17,2014-11-23,2014-11-23,34,12,0,0.0
South-West,2014-11-24,2014-11-30,2014-11-30,126,15,0,0.0
South-West,2014-12-01,2014-12-07,2014-12-07,72,39,0,0.0
South-West,2014-12-08,2014-12-14,2014-12-14,0,0,0,0.0
South-West,2014-12-15,2014-12-21,2014-12-21,70,31,0,0.0
South-West,2014-12-22,2014-12-28,2014-12-28,85,7,0,0.0
South-West,2014-12-29,2015-01-04,2015-01-04,64,36,1,2.7777777777777777
South-West,2015-01-05,2015-01-11,2015-01-11,30,13,0,0.0
South-West,2015-01-12,2015-01-18,2015-01-18,44,18,0,0.0
South-West,2015-01-19,2015-01-25,2015-01-25,6,0,0,0.0
South-West,2015-01-26,2015-02-01,2015-02-01,33,18,0,0.0
South-West,2015-02-02,2015-02-08,2015-02-08,108,6,0,0.0
South-West,2015-02-09,2015-02-15,2015-02-15,64,26,0,0.0
South-West,2015-02-16,2015-02-22,2015-02-22,69,38,1,2.631578947368421
South-West,2015-02-23,2015-03-01,2015-03-01,324,108,2,1.8518518518518516
South-West,2015-03-02,2015-03-08,2015-03-08,160,38,1,2.631578947368421
South-West,2015-03-09,2015-03-15,2015-03-15,0,0,0,0.0
South-West,2015-03-16,2015-03-22,2015-03-22,50,22,0,0.0
South-West,2015-03-23,2015-03-29,2015-03-29,162,38,0,0.0
South-West,2015-03-30,2015-04-05,2015-04-05,67,24,0,0.0
South-West,2015-04-06,2015-04-12,2015-04-12,105,57,1,1.7543859649122806
South-West,2015-04-13,2015-04-19,2015-04-19,264,102,4,3.9215686274509802
South-West,2015-04-20,2015-04-26,2015-04-26,0,0,0,0.0
South-West,2015-04-27,2015-05-03,2015-05-03,0,0,0,0.0
South-West,2015-05-04,2015-05-10,2015-05-10,142,0,0,0.0
South-West,2015-05-11,2015-05-17,2015-05-17,150,0,0,0.0
South-West,2015-05-18,2015-05-24,2015-05-24,151,84,4,4.761904761904762
South-West,2015-05-25,2015-05-31,2015-05-31,105,36,1,2.7777777777777777
South-West,2015-06-01,2015-06-07,2015-06-07,0,0,0,0.0
South-West,2015-06-08,2015-06-14,2015-06-14,374,186,3,1.6129032258064515
South-West,2015-06-15,2015-06-21,2015-06-21,126,44,1,2.272727272727273
South-West,2015-06-22,2015-06-28,2015-06-28,206,72,1,1.3888888888888888
South-West,2015-06-29,2015-07-05,2015-07-05,124,57,1,1.7543859649122806
South-West,2015-07-06,2015-07-12,2015-07-12,104,61,1,1.639344262295082
South-West,2015-07-13,2015-07-19,2015-07-19,328,159,2,1.257861635220126
South-West,2015-07-20,2015-07-26,2015-07-26,304,156,2,1.282051282051282
South-West,2015-07-27,2015-08-02,2015-08-02,123,35,1,2.857142857142857
South-West,2015-08-03,2015-08-09,2015-08-09,168,60,0,0.0
South-West,2015-08-10,2015-08-16,2015-08-16,90,25,0,0.0
South-West,2015-08-17,2015-08-23,2015-08-23,659,342,6,1.7543859649122806
South-West,2015-08-24,2015-08-30,2015-08-30,319,0,0,0.0
South-West,2015-08-31,2015-09-06,2015-09-06,60,0,0,0.0
South-West,2015-09-07,2015-09-13,2015-09-13,116,28,0,0.0
South-West,2015-09-14,2015-09-20,2015-09-20,254,83,0,0.0
South-West,2015-09-21,2015-09-27,2015-09-27,121,48,1,2.083333333333333
South-West,2015-09-28,2015-10-04,2015-10-04,0,0,0,0.0
South-West,2015-10-05,2015-10-11,2015-10-11,336,103,3,2.912621359223301
South-West,2015-10-12,2015-10-18,2015-10-18,223,124,3,2.4193548387096775
South-West,2015-10-19,2015-10-25,2015-10-25,182,64,0,0.0
South-West,2015-10-26,2015-11-01,2015-11-01,315,56,1,1.7857142857142856
South-West,2015-11-02,2015-11-08,2015-11-08,2,1,0,0.0
South-West,2015-11-09,2015-11-15,2015-11-15,187,60,0,0.0
South-West,2015-11-16,2015-11-22,2015-11-22,115,22,0,0.0
South-West,2015-11-23,2015-11-29,2015-11-29,9,0,0,0.0
South-West,2015-11-30,2015-12-06,2015-12-06,17,9,0,0.0
South-West,2015-12-07,2015-12-13,2015-12-13,0,0,0,0.0
South-West,2015-12-14,2015-12-20,2015-12-20,144,20,0,0.0
South-West,2015-12-21,2015-12-27,2015-12-27,0,0,0,0.0
South-West,2016-01-04,2016-01-10,2016-01-10,0,0,0,0.0
South-West,2016-01-11,2016-01-17,2016-01-17,0,0,0,0.0
South-West,2016-01-18,2016-01-24,2016-01-24,0,0,0,0.0
South-West,2016-01-25,2016-01-31,2016-01-31,0,0,0,0.0
South-West,2016-02-01,2016-02-07,2016-02-07,33,11,0,0.0
South-West,2016-02-08,2016-02-14,2016-02-14,0,0,0,0.0
South-West,2016-02-15,2016-02-21,2016-02-21,0,0,0,0.0
South-West,2016-02-22,2016-02-28,2016-02-28,0,0,0,0.0
South-West,2016-02-29,2016-03-06,2016-03-06,12,3,0,0.0
South-West,2016-03-07,2016-03-13,2016-03-13,167,92,2,2.1739130434782608
South-West,2016-03-14,2016-03-20,2016-03-20,183,64,1,1.5625
South-West,2016-03-21,2016-03-27,2016-03-27,142,32,1,3.125
South-West,2016-03-28,2016-04-03,2016-04-03,225,104,1,0.9615384615384616
South-West,2016-04-04,2016-04-10,2016-04-10,194,39,0,0.0
South-West,2016-04-11,2016-04-17,2016-04-17,248,89,1,1.1235955056179776
South-West,2016-04-18,2016-04-24,2016-04-24,199,89,1,1.1235955056179776
South-West,2016-04-25,2016-05-01,2016-05-01,154,48,0,0.0
South-West,2016-05-02,2016-05-08,2016-05-08,299,116,5,4.310344827586207
South-West,2016-05-09,2016-05-15,2016-05-15,77,0,0,0.0
South-West,2016-05-16,2016-05-22,2016-05-22,206,87,2,2.2988505747126435
South-West,2016-05-23,2016-05-29,2016-05-29,97,37,1,2.7027027027027026
South-West,2016-05-30,2016-06-05,2016-06-05,105,39,0,0.0
South-West,2016-06-06,2016-06-12,2016-06-12,574,163,5,3.067484662576687
South-West,2016-06-13,2016-06-19,2016-06-19,286,136,1,0.7352941176470588
South-West,2016-06-20,2016-06-26,2016-06-26,61,18,0,0.0
South-West,2016-06-27,2016-07-03,2016-07-03,77,40,1,2.5
South-West,2016-07-04,2016-07-10,2016-07-10,371,236,9,3.8135593220338984
South-West,2016-07-11,2016-07-17,2016-07-17,338,167,1,0.5988023952095809
South-West,2016-07-18,2016-07-24,2016-07-24,509,56,1,1.7857142857142856
South-West,2016-07-25,2016-07-31,2016-07-31,636,146,3,2.054794520547945
South-West,2016-08-01,2016-08-07,2016-08-07,473,251,6,2.3904382470119523
South-West,2016-08-08,2016-08-14,2016-08-14,219,119,2,1.680672268907563
South-West,2016-08-15,2016-08-21,2016-08-21,522,240,6,2.5
South-West,2016-08-22,2016-08-28,2016-08-28,153,72,1,1.3888888888888888
South-West,2016-08-29,2016-09-04,2016-09-04,68,26,1,3.8461538461538463
South-West,2016-09-05,2016-09-11,2016-09-11,455,238,3,1.2605042016806722
South-West,2016-09-12,2016-09-18,2016-09-18,224,61,1,1.639344262295082
South-West,2016-09-19,2016-09-25,2016-09-25,340,169,4,2.366863905325444
South-West,2016-09-26,2016-10-02,2016-10-02,282,124,1,0.8064516129032258
South-West,2016-10-03,2016-10-09,2016-10-09,308,128,3,2.34375
South-West,2016-10-10,2016-10-16,2016-10-16,2,1,0,0.0
South-West,2016-10-17,2016-10-23,2016-10-23,154,26,0,0.0
South-West,2016-10-24,2016-10-30,2016-10-30,214,70,1,1.4285714285714286
South-West,2016-10-31,2016-11-06,2016-11-06,210,96,0,0.0
South-West,2016-11-07,2016-11-13,2016-11-13,43,22,0,0.0
South-West,2016-11-14,2016-11-20,2016-11-20,51,25,0,0.0
South-West,2016-11-21,2016-11-27,2016-11-27,24,12,0,0.0
South-West,2016-11-28,2016-12-04,2016-12-04,0,0,0,0.0
South-West,2016-12-05,2016-12-11,2016-12-11,41,17,0,0.0
South-West,2016-12-12,2016-12-18,2016-12-18,57,0,0,0.0
South-West,2016-12-19,2016-12-25,2016-12-25,32,12,0,0.0
South-West,2016-12-26,2017-01-01,2017-01-01,48,24,0,0.0
South-West,2017-01-02,2017-01-08,2017-01-08,41,13,0,0.0
South-West,2017-01-09,2017-01-15,2017-01-15,116,5,0,0.0
South-West,2017-01-16,2017-01-22,2017-01-22,0,0,0,0.0
South-West,2017-01-23,2017-01-29,2017-01-29,51,25,0,0.0
South-West,2017-01-30,2017-02-05,2017-02-05,0,0,0,0.0
South-West,2017-02-06,2017-02-12,2017-02-12,0,0,0,0.0
South-West,2017-02-13,2017-02-19,2017-02-19,24,0,0,0.0
South-West,2017-02-20,2017-02-26,2017-02-26,59,27,1,3.7037037037037033
South-West,2017-02-27,2017-03-05,2017-03-05,0,0,0,0.0
South-West,2017-03-06,2017-03-12,2017-03-12,98,14,0,0.0
South-West,2017-03-13,2017-03-19,2017-03-19,101,36,0,0.0
South-West,2017-03-20,2017-03-26,2017-03-26,200,40,1,2.5
South-West,2017-03-27,2017-04-02,2017-04-02,116,59,1,1.694915254237288
South-West,2017-04-03,2017-04-09,2017-04-09,55,14,0,0.0
South-West,2017-04-10,2017-04-16,2017-04-16,85,38,0,0.0
South-West,2017-04-17,2017-04-23,2017-04-23,142,39,0,0.0
South-West,2017-04-24,2017-04-30,2017-04-30,0,0,0,0.0
South-West,2017-05-01,2017-05-07,2017-05-07,0,0,0,0.0
South-West,2017-05-08,2017-05-14,2017-05-14,88,21,0,0.0
South-West,2017-05-15,2017-05-21,2017-05-21,221,88,2,2.272727272727273
South-West,2017-05-22,2017-05-28,2017-05-28,222,74,2,2.7027027027027026
South-West,2017-05-29,2017-06-04,2017-06-04,0,0,0,0.0
South-West,2017-06-05,2017-06-11,2017-06-11,297,75,1,1.3333333333333335
South-West,2017-06-12,2017-06-18,2017-06-18,68,33,0,0.0
South-West,2017-06-19,2017-06-25,2017-06-25,173,87,3,3.4482758620689653
South-West,2017-06-26,2017-07-02,2017-07-02,94,26,1,3.8461538461538463
South-West,2017-07-03,2017-07-09,2017-07-09,207,112,2,1.7857142857142856
South-West,2017-07-10,2017-07-16,2017-07-16,516,136,4,2.941176470588235
South-West,2017-07-17,2017-07-23,2017-07-23,133,35,0,0.0
South-West,2017-07-24,2017-07-30,2017-07-30,762,163,4,2.4539877300613497
South-West,2017-07-31,2017-08-06,2017-08-06,126,54,0,0.0
South-West,2017-08-07,2017-08-13,2017-08-13,142,49,0,0.0
South-West,2017-08-14,2017-08-20,2017-08-20,601,296,3,1.0135135135135136
South-West,2017-08-21,2017-08-27,2017-08-27,225,85,3,3.5294117647058822
South-West,2017-08-28,2017-09-03,2017-09-03,84,56,1,1.7857142857142856
South-West,2017-09-04,2017-09-10,2017-09-10,507,235,6,2.553191489361702
South-West,2017-09-11,2017-09-17,2017-09-17,100,59,2,3.389830508474576
South-West,2017-09-18,2017-09-24,2017-09-24,637,358,7,1.9553072625698324
South-West,2017-09-25,2017-10-01,2017-10-01,0,0,0,0.0
South-West,2017-10-02,2017-10-08,2017-10-08,463,229,4,1.7467248908296942
South-West,2017-10-09,2017-10-15,2017-10-15,308,26,1,3.8461538461538463
South-West,2017-10-16,2017-10-22,2017-10-22,36,18,0,0.0
South-West,2017-10-23,2017-10-29,2017-10-29,63,0,0,0.0
South-West,2017-10-30,2017-11-05,2017-11-05,0,0,0,0.0
South-West,2017-11-06,2017-11-12,2017-11-12,0,0,0,0.0
South-West,2017-11-13,2017-11-19,2017-11-19,0,0,0,0.0
South-West,2017-11-20,2017-11-26,2017-11-26,74,40,1,2.5
South-West,2017-11-27,2017-12-03,2017-12-03,0,0,0,0.0
South-West,2017-12-04,2017-12-10,2017-12-10,0,0,0,0.0
South-West,2017-12-11,2017-12-17,2017-12-17,39,18,0,0.0
South-West,2017-12-18,2017-12-24,2017-12-24,198,64,1,1.5625
South-West,2017-12-25,2017-12-31,2017-12-31,37,14,0,0.0
South-West,2018-01-01,2018-01-07,2018-01-07,0,0,0,0.0
South-West,2018-01-01,2018-12-30,2018-12-30,111,21,0,0.0
South-West,2018-01-08,2018-01-14,2018-01-14,0,0,0,0.0
South-West,2018-01-15,2018-01-21,2018-01-21,12,0,0,0.0
South-West,2018-01-22,2018-01-28,2018-01-28,24,7,0,0.0
South-West,2018-01-29,2018-02-04,2018-02-04,21,0,0,0.0
South-West,2018-02-05,2018-02-11,2018-02-11,0,0,0,0.0
South-West,2018-02-12,2018-02-18,2018-02-18,153,37,0,0.0
South-West,2018-02-19,2018-02-25,2018-02-25,38,18,0,0.0
South-West,2018-02-26,2018-03-04,2018-03-04,148,0,0,0.0
South-West,2018-03-05,2018-03-11,2018-03-11,0,0,0,0.0
South-West,2018-03-12,2018-03-18,2018-03-18,164,41,1,2.4390243902439024
South-West,2018-03-19,2018-03-25,2018-03-25,141,49,1,2.0408163265306123
South-West,2018-03-26,2018-04-01,2018-04-01,76,0,0,0.0
South-West,2018-04-02,2018-04-08,2018-04-08,118,52,2,3.8461538461538463
South-West,2018-04-09,2018-04-15,2018-04-15,0,0,0,0.0
South-West,2018-04-16,2018-04-22,2018-04-22,25,7,0,0.0
South-West,2018-04-23,2018-04-29,2018-04-29,57,0,0,0.0
South-West,2018-04-30,2018-05-06,2018-05-06,83,35,1,2.857142857142857
South-West,2018-05-07,2018-05-13,2018-05-13,138,65,2,3.076923076923077
South-West,2018-05-14,2018-05-20,2018-05-20,24,7,0,0.0
South-West,2018-05-18,2020-01-20,2020-01-20,380,251,16,6.374501992031872
South-West,2018-05-21,2018-05-27,2018-05-27,0,0,0,0.0
South-West,2018-05-28,2018-06-03,2018-06-03,418,138,2,1.4492753623188406
South-West,2018-06-04,2018-06-10,2018-06-10,114,61,2,3.278688524590164
South-West,2018-06-11,2018-06-17,2018-06-17,201,0,0,0.0
South-West,2018-06-18,2018-06-24,2018-06-24,89,22,0,0.0
South-West,2018-06-25,2018-07-01,2018-07-01,93,35,0,0.0
South-West,2018-07-02,2018-07-08,2018-07-08,68,39,0,0.0
South-West,2018-07-09,2018-07-15,2018-07-15,88,39,0,0.0
South-West,2018-07-16,2018-07-22,2018-07-22,214,101,4,3.9603960396039604
South-West,2018-07-23,2018-07-29,2018-07-29,150,32,1,3.125
South-West,2018-07-30,2018-08-05,2018-08-05,0,0,0,0.0
South-West,2018-08-06,2018-08-12,2018-08-12,0,0,0,0.0
South-West,2018-08-13,2018-08-19,2018-08-19,0,0,0,0.0
South-West,2018-08-20,2018-08-26,2018-08-26,57,16,0,0.0
South-West,2018-08-27,2018-09-02,2018-09-02,180,105,2,1.9047619047619049
South-West,2018-09-03,2018-09-09,2018-09-09,0,0,0,0.0
South-West,2018-09-10,2018-09-16,2018-09-16,0,0,0,0.0
South-West,2018-09-17,2018-09-23,2018-09-23,297,134,1,0.7462686567164178
South-West,2018-09-24,2018-09-30,2018-09-30,0,0,0,0.0
South-West,2018-10-01,2018-10-07,2018-10-07,93,0,0,0.0
South-West,2018-10-08,2018-10-14,2018-10-14,112,0,0,0.0
South-West,2018-10-15,2018-10-21,2018-10-21,32,8,0,0.0
South-West,2018-10-22,2018-10-28,2018-10-28,12,6,0,0.0
South-West,2018-10-29,2018-11-04,2018-11-04,9,0,0,0.0
South-West,2018-11-05,2018-11-11,2018-11-11,87,38,1,2.631578947368421
South-West,2018-11-12,2018-11-18,2018-11-18,46,25,1,4.0
South-West,2018-11-19,2018-11-25,2018-11-25,51,12,0,0.0
South-West,2018-11-26,2018-12-02,2018-12-02,0,0,0,0.0
South-West,2018-12-10,2018-12-16,2018-12-16,0,0,0,0.0
South-West,2018-12-17,2018-12-23,2018-12-23,78,34,0,0.0
South-West,2018-12-24,2018-12-30,2018-12-30,0,0,0,0.0
South-West,2018-12-31,2019-01-06,2019-01-06,50,7,0,0.0
South-West,2018-12-31,2019-12-29,2019-12-29,41,0,1,0.0
South-West,2019-01-07,2019-01-13,2019-01-13,0,0,0,0.0
South-West,2019-01-14,2019-01-20,2019-01-20,71,35,1,2.857142857142857
South-West,2019-01-21,2019-01-27,2019-01-27,238,155,2,1.2903225806451613
South-West,2019-01-28,2019-02-03,2019-02-03,0,0,0,0.0
South-West,2019-02-04,2019-02-10,2019-02-10,25,14,0,0.0
South-West,2019-02-11,2019-02-17,2019-02-17,0,0,0,0.0
South-West,2019-02-18,2019-02-24,2019-02-24,0,0,0,0.0
South-West,2019-02-25,2019-03-03,2019-03-03,90,34,0,0.0
South-West,2019-03-04,2019-03-10,2019-03-10,126,25,0,0.0
South-West,2019-03-11,2019-03-17,2019-03-17,0,0,0,0.0
South-West,2019-03-18,2019-03-24,2019-03-24,79,39,1,2.564102564102564
South-West,2019-05-13,2019-05-19,2019-05-19,0,0,0,0.0
South-West,2019-11-04,2019-11-10,2019-11-10,32,16,1,6.25
South-West,2019-11-11,2019-11-17,2019-11-17,100,0,0,0.0
South-West,2019-11-11,2020-01-09,2020-01-09,376,4,0,0.0
South-West,2019-11-11,2020-05-18,2020-05-18,0,0,0,0.0
South-West,2019-11-11,2020-09-20,2020-09-20,39,26,1,3.8461538461538463
South-West,2019-11-11,2020-09-27,2020-09-27,182,35,2,5.714285714285714
South-West,2019-11-18,2019-11-24,2019-11-24,106,0,1,0.0
South-West,2019-11-25,2019-12-01,2019-12-01,0,0,0,0.0
South-West,2019-12-01,2019-12-07,2019-12-07,120,0,0,0.0
South-West,2019-12-02,2019-12-08,2019-12-08,32,20,0,0.0
South-West,2019-12-09,2019-12-15,2019-12-15,120,37,1,2.7027027027027026
South-West,2019-12-16,2019-12-22,2019-12-22,60,0,0,0.0
South-West,2019-12-23,2019-12-29,2019-12-29,47,30,0,0.0
South-West,2020-01-01,2020-01-28,2020-01-28,362,140,11,7.857142857142857
South-West,2020-01-04,2020-01-20,2020-01-20,17,6,0,0.0
South-West,2020-09-11,2020-09-11,2020-09-11,0,0,0,0.0
South-West,2020-09-11,2020-09-23,2020-09-23,47,0,0,0.0
South-West,2020-09-12,2020-09-12,2020-09-12,0,0,0,0.0
South-West,2020-09-13,2020-09-13,2020-09-13,0,0,0,0.0
South-West,2020-09-14,2020-09-14,2020-09-14,85,43,1,2.3255813953488373
South-West,2020-09-15,2020-09-15,2020-09-15,126,69,0,0.0
South-West,2020-09-15,2020-09-17,2020-09-17,74,42,0,0.0
South-West,2020-09-16,2020-09-16,2020-09-16,33,13,0,0.0
South-West,2020-09-17,2020-09-17,2020-09-17,104,25,0,0.0
South-West,2020-09-18,2020-09-18,2020-09-18,0,0,0,0.0
South-West,2020-09-19,2020-09-19,2020-09-19,0,0,0,0.0
South-West,2020-09-20,2020-09-20,2020-09-20,0,0,0,0.0
South-West,2020-09-21,2020-09-21,2020-09-21,0,0,0,0.0
South-West,2020-09-22,2020-09-22,2020-09-22,0,0,0,0.0
South-West,2020-09-23,2020-09-23,2020-09-23,0,0,0,0.0
West,2010-01-04,2010-01-10,2010-01-10,0,0,0,0.0
West,2010-01-11,2010-01-17,2010-01-17,51,22,0,0.0
West,2010-01-18,2010-01-24,2010-01-24,6,0,0,0.0
West,2010-01-25,2010-01-31,2010-01-31,0,0,0,0.0
West,2010-02-01,2010-02-07,2010-02-07,79,26,0,0.0
West,2010-02-08,2010-02-14,2010-02-14,24,0,0,0.0
West,2010-02-15,2010-02-21,2010-02-21,45,20,0,0.0
West,2010-02-22,2010-02-28,2010-02-28,0,0,0,0.0
West,2010-03-01,2010-03-07,2010-03-07,10,5,0,0.0
West,2010-03-08,2010-03-14,2010-03-14,71,31,1,3.225806451612903
West,2010-03-15,2010-03-21,2010-03-21,148,47,1,2.127659574468085
West,2010-03-22,2010-03-28,2010-03-28,45,28,0,0.0
West,2010-03-29,2010-04-04,2010-04-04,74,22,0,0.0
West,2010-04-05,2010-04-11,2010-04-11,183,43,0,0.0
West,2010-04-12,2010-04-18,2010-04-18,83,17,0,0.0
West,2010-04-19,2010-04-25,2010-04-25,180,47,1,2.127659574468085
West,2010-04-26,2010-05-02,2010-05-02,0,0,0,0.0
West,2010-05-03,2010-05-09,2010-05-09,54,34,1,2.941176470588235
West,2010-05-10,2010-05-16,2010-05-16,90,33,0,0.0
West,2010-05-17,2010-05-23,2010-05-23,39,0,0,0.0
West,2010-05-24,2010-05-30,2010-05-30,158,76,2,2.631578947368421
West,2010-05-31,2010-06-06,2010-06-06,0,0,0,0.0
West,2010-06-07,2010-06-13,2010-06-13,19,0,0,0.0
West,2010-06-14,2010-06-20,2010-06-20,315,100,3,3.0
West,2010-06-21,2010-06-27,2010-06-27,256,105,1,0.9523809523809524
West,2010-06-28,2010-07-04,2010-07-04,62,34,1,2.941176470588235
West,2010-07-05,2010-07-11,2010-07-11,214,63,2,3.1746031746031744
West,2010-07-12,2010-07-18,2010-07-18,185,43,1,2.3255813953488373
West,2010-07-19,2010-07-25,2010-07-25,94,52,0,0.0
West,2010-07-26,2010-08-01,2010-08-01,59,22,0,0.0
West,2010-08-02,2010-08-08,2010-08-08,288,111,2,1.8018018018018018
West,2010-08-09,2010-08-15,2010-08-15,0,0,0,0.0
West,2010-08-16,2010-08-22,2010-08-22,70,43,1,2.3255813953488373
West,2010-08-23,2010-08-29,2010-08-29,0,0,0,0.0
West,2010-08-30,2010-09-05,2010-09-05,256,61,1,1.639344262295082
West,2010-09-06,2010-09-12,2010-09-12,55,0,0,0.0
West,2010-09-13,2010-09-19,2010-09-19,0,0,0,0.0
West,2010-09-20,2010-09-26,2010-09-26,60,32,0,0.0
West,2010-09-27,2010-10-03,2010-10-03,162,0,0,0.0
West,2010-10-04,2010-10-10,2010-10-10,62,0,0,0.0
West,2010-10-11,2010-10-17,2010-10-17,106,49,0,0.0
West,2010-10-18,2010-10-24,2010-10-24,579,127,4,3.149606299212598
West,2010-10-25,2010-10-31,2010-10-31,263,99,1,1.0101010101010102
West,2010-11-01,2010-11-07,2010-11-07,121,61,0,0.0
West,2010-11-08,2010-11-14,2010-11-14,156,26,1,3.8461538461538463
West,2010-11-15,2010-11-21,2010-11-21,264,137,3,2.18978102189781
West,2010-11-22,2010-11-28,2010-11-28,56,33,1,3.0303030303030303
West,2010-11-29,2010-12-05,2010-12-05,21,9,0,0.0
West,2010-12-06,2010-12-12,2010-12-12,0,0,0,0.0
West,2010-12-13,2010-12-19,2010-12-19,0,0,0,0.0
West,2010-12-20,2010-12-26,2010-12-26,75,17,1,5.88235294117647
West,2010-12-27,2011-01-02,2011-01-02,0,0,0,0.0
West,2011-01-01,2011-09-22,2011-09-22,1753,846,58,6.8557919621749415
West,2011-01-03,2011-01-09,2011-01-09,0,0,0,0.0
West,2011-01-10,2011-01-16,2011-01-16,0,0,0,0.0
West,2011-01-17,2011-01-23,2011-01-23,57,22,0,0.0
West,2011-01-24,2011-01-30,2011-01-30,43,17,1,5.88235294117647
West,2011-01-31,2011-02-06,2011-02-06,9,5,0,0.0
West,2011-02-07,2011-02-13,2011-02-13,54,9,0,0.0
West,2011-02-14,2011-02-20,2011-02-20,38,8,0,0.0
West,2011-02-21,2011-02-27,2011-02-27,79,15,0,0.0
West,2011-02-28,2011-03-06,2011-03-06,240,39,1,2.564102564102564
West,2011-03-07,2011-03-13,2011-03-13,168,56,1,1.7857142857142856
West,2011-03-14,2011-03-20,2011-03-20,189,35,1,2.857142857142857
West,2011-03-21,2011-03-27,2011-03-27,243,46,0,0.0
West,2011-03-28,2011-04-03,2011-04-03,195,90,1,1.1111111111111112
West,2011-04-04,2011-04-10,2011-04-10,109,25,0,0.0
West,2011-04-11,2011-04-17,2011-04-17,230,69,1,1.4492753623188406
West,2011-04-18,2011-04-24,2011-04-24,157,31,1,3.225806451612903
West,2011-04-25,2011-05-01,2011-05-01,603,298,5,1.6778523489932886
West,2011-05-02,2011-05-08,2011-05-08,288,71,3,4.225352112676056
West,2011-05-09,2011-05-15,2011-05-15,304,120,4,3.3333333333333335
West,2011-05-16,2011-05-22,2011-05-22,377,88,5,5.681818181818182
West,2011-05-23,2011-05-29,2011-05-29,441,65,3,4.615384615384616
West,2011-05-30,2011-06-05,2011-06-05,312,146,2,1.36986301369863
West,2011-06-06,2011-06-12,2011-06-12,211,26,0,0.0
West,2011-06-13,2011-06-19,2011-06-19,354,54,1,1.8518518518518516
West,2011-06-20,2011-06-26,2011-06-26,343,20,2,10.0
West,2011-06-27,2011-07-03,2011-07-03,395,188,3,1.5957446808510638
West,2011-07-04,2011-07-10,2011-07-10,191,64,3,4.6875
West,2011-07-11,2011-07-17,2011-07-17,411,49,1,2.0408163265306123
West,2011-07-18,2011-07-24,2011-07-24,714,360,7,1.9444444444444444
West,2011-07-25,2011-07-31,2011-07-31,309,27,1,3.7037037037037033
West,2011-08-01,2011-08-07,2011-08-07,410,83,2,2.4096385542168677
West,2011-08-08,2011-08-14,2011-08-14,379,124,1,0.8064516129032258
West,2011-08-15,2011-08-21,2011-08-21,131,1,0,0.0
West,2011-08-22,2011-08-28,2011-08-28,192,62,1,1.6129032258064515
West,2011-08-29,2011-09-04,2011-09-04,127,10,0,0.0
West,2011-09-05,2011-09-11,2011-09-11,78,14,0,0.0
West,2011-09-12,2011-09-18,2011-09-18,208,72,2,2.7777777777777777
West,2011-09-19,2011-09-25,2011-09-25,162,28,2,7.142857142857142
West,2011-09-26,2011-10-02,2011-10-02,266,82,2,2.4390243902439024
West,2011-10-03,2011-10-09,2011-10-09,179,66,1,1.5151515151515151
West,2011-10-10,2011-10-16,2011-10-16,152,66,0,0.0
West,2011-10-17,2011-10-23,2011-10-23,279,174,3,1.7241379310344827
West,2011-10-24,2011-10-30,2011-10-30,227,99,3,3.0303030303030303
West,2011-10-31,2011-11-06,2011-11-06,160,50,0,0.0
West,2011-11-07,2011-11-13,2011-11-13,45,14,0,0.0
West,2011-11-14,2011-11-20,2011-11-20,93,11,1,9.090909090909092
West,2011-11-21,2011-11-27,2011-11-27,66,5,0,0.0
West,2011-11-28,2011-12-04,2011-12-04,52,20,0,0.0
West,2011-12-05,2011-12-11,2011-12-11,42,0,0,0.0
West,2011-12-12,2011-12-18,2011-12-18,60,21,0,0.0
West,2011-12-19,2011-12-25,2011-12-25,17,5,0,0.0
West,2011-12-26,2012-01-01,2012-01-01,29,0,0,0.0
West,2012-01-02,2012-01-08,2012-01-08,0,0,0,0.0
West,2012-01-09,2012-01-15,2012-01-15,0,0,0,0.0
West,2012-01-16,2012-01-22,2012-01-22,0,0,0,0.0
West,2012-01-23,2012-01-29,2012-01-29,35,11,0,0.0
West,2012-01-30,2012-02-05,2012-02-05,13,5,0,0.0
West,2012-02-06,2012-02-12,2012-02-12,46,18,0,0.0
West,2012-02-13,2012-02-19,2012-02-19,18,0,0,0.0
West,2012-02-20,2012-02-26,2012-02-26,0,0,0,0.0
West,2012-02-27,2012-03-04,2012-03-04,55,15,0,0.0
West,2012-03-05,2012-03-11,2012-03-11,76,17,0,0.0
West,2012-03-12,2012-03-18,2012-03-18,183,63,1,1.5873015873015872
West,2012-03-19,2012-03-25,2012-03-25,26,6,0,0.0
West,2012-03-26,2012-04-01,2012-04-01,0,0,0,0.0
West,2012-04-02,2012-04-08,2012-04-08,132,65,1,1.5384615384615385
West,2012-04-09,2012-04-15,2012-04-15,77,32,0,0.0
West,2012-04-16,2012-04-22,2012-04-22,39,9,0,0.0
West,2012-04-23,2012-04-29,2012-04-29,20,9,0,0.0
West,2012-04-30,2012-05-06,2012-05-06,224,106,1,0.9433962264150944
West,2012-05-07,2012-05-13,2012-05-13,108,45,1,2.2222222222222223
West,2012-05-14,2012-05-20,2012-05-20,69,14,0,0.0
West,2012-05-21,2012-05-27,2012-05-27,0,0,0,0.0
West,2012-05-28,2012-06-03,2012-06-03,0,0,0,0.0
West,2012-06-04,2012-06-10,2012-06-10,113,31,1,3.225806451612903
West,2012-06-11,2012-06-17,2012-06-17,61,36,1,2.7777777777777777
West,2012-06-18,2012-06-24,2012-06-24,404,134,3,2.2388059701492535
West,2012-06-25,2012-07-01,2012-07-01,51,27,0,0.0
West,2012-07-02,2012-07-08,2012-07-08,55,36,0,0.0
West,2012-07-09,2012-07-15,2012-07-15,0,0,0,0.0
West,2012-07-16,2012-07-22,2012-07-22,155,0,0,0.0
West,2012-07-23,2012-07-29,2012-07-29,56,30,0,0.0
West,2012-07-30,2012-08-05,2012-08-05,403,219,5,2.28310502283105
West,2012-08-06,2012-08-12,2012-08-12,225,109,3,2.7522935779816518
West,2012-08-13,2012-08-19,2012-08-19,170,94,4,4.25531914893617
West,2012-08-20,2012-08-26,2012-08-26,187,42,1,2.380952380952381
West,2012-08-27,2012-09-02,2012-09-02,110,50,0,0.0
West,2012-09-03,2012-09-09,2012-09-09,146,57,1,1.7543859649122806
West,2012-09-10,2012-09-16,2012-09-16,121,78,1,1.282051282051282
West,2012-09-17,2012-09-23,2012-09-23,203,48,1,2.083333333333333
West,2012-09-24,2012-09-30,2012-09-30,212,58,1,1.7241379310344827
West,2012-10-01,2012-10-07,2012-10-07,48,13,0,0.0
West,2012-10-08,2012-10-14,2012-10-14,272,96,2,2.083333333333333
West,2012-10-15,2012-10-21,2012-10-21,103,41,0,0.0
West,2012-10-22,2012-10-28,2012-10-28,42,0,1,0.0
West,2012-10-29,2012-11-04,2012-11-04,221,126,2,1.5873015873015872
West,2012-11-05,2012-11-11,2012-11-11,154,18,1,5.555555555555555
West,2012-11-12,2012-11-18,2012-11-18,9,0,0,0.0
West,2012-11-19,2012-11-25,2012-11-25,0,0,0,0.0
West,2012-11-26,2012-12-02,2012-12-02,70,16,1,6.25
West,2012-12-03,2012-12-09,2012-12-09,36,9,0,0.0
West,2012-12-10,2012-12-16,2012-12-16,60,8,0,0.0
West,2012-12-17,2012-12-23,2012-12-23,21,8,0,0.0
West,2012-12-24,2012-12-30,2012-12-30,0,0,0,0.0
West,2012-12-31,2013-01-06,2013-01-06,0,0,0,0.0
West,2013-01-07,2013-01-13,2013-01-13,0,0,0,0.0
West,2013-01-14,2013-01-20,2013-01-20,31,0,0,0.0
West,2013-01-21,2013-01-27,2013-01-27,22,0,0,0.0
West,2013-01-28,2013-02-03,2013-02-03,37,21,0,0.0
West,2013-02-04,2013-02-10,2013-02-10,0,0,0,0.0
West,2013-02-11,2013-02-17,2013-02-17,13,6,0,0.0
West,2013-02-18,2013-02-24,2013-02-24,26,0,0,0.0
West,2013-02-25,2013-03-03,2013-03-03,111,32,1,3.125
West,2013-03-04,2013-03-10,2013-03-10,30,10,0,0.0
West,2013-03-11,2013-03-17,2013-03-17,85,41,1,2.4390243902439024
West,2013-03-18,2013-03-24,2013-03-24,0,0,0,0.0
West,2013-03-25,2013-03-31,2013-03-31,12,3,0,0.0
West,2013-04-01,2013-04-07,2013-04-07,49,14,0,0.0
West,2013-04-08,2013-04-14,2013-04-14,0,0,0,0.0
West,2013-04-15,2013-04-21,2013-04-21,59,0,0,0.0
West,2013-04-22,2013-04-28,2013-04-28,0,0,0,0.0
West,2013-04-29,2013-05-05,2013-05-05,170,56,0,0.0
West,2013-05-06,2013-05-12,2013-05-12,361,39,1,2.564102564102564
West,2013-05-13,2013-05-19,2013-05-19,253,75,1,1.3333333333333335
West,2013-05-20,2013-05-26,2013-05-26,64,34,1,2.941176470588235
West,2013-05-27,2013-06-02,2013-06-02,126,86,2,2.3255813953488373
West,2013-06-03,2013-06-09,2013-06-09,0,0,0,0.0
West,2013-06-10,2013-06-16,2013-06-16,88,18,0,0.0
West,2013-06-17,2013-06-23,2013-06-23,57,32,1,3.125
West,2013-06-24,2013-06-30,2013-06-30,149,30,1,3.3333333333333335
West,2013-07-01,2013-07-07,2013-07-07,149,26,1,3.8461538461538463
West,2013-07-08,2013-07-14,2013-07-14,185,0,0,0.0
West,2013-07-15,2013-07-21,2013-07-21,0,0,0,0.0
West,2013-07-22,2013-07-28,2013-07-28,175,56,1,1.7857142857142856
West,2013-07-29,2013-08-04,2013-08-04,172,109,2,1.834862385321101
West,2013-08-05,2013-08-11,2013-08-11,93,0,0,0.0
West,2013-08-12,2013-08-18,2013-08-18,101,23,0,0.0
West,2013-08-19,2013-08-25,2013-08-25,99,32,2,6.25
West,2013-08-26,2013-09-01,2013-09-01,310,86,3,3.488372093023256
West,2013-09-02,2013-09-08,2013-09-08,0,0,0,0.0
West,2013-09-09,2013-09-15,2013-09-15,188,36,0,0.0
West,2013-09-16,2013-09-22,2013-09-22,38,0,0,0.0
West,2013-09-23,2013-09-29,2013-09-29,169,77,3,3.896103896103896
West,2013-09-30,2013-10-06,2013-10-06,0,0,0,0.0
West,2013-10-07,2013-10-13,2013-10-13,43,7,0,0.0
West,2013-10-14,2013-10-20,2013-10-20,378,163,1,0.6134969325153374
West,2013-10-21,2013-10-27,2013-10-27,96,0,0,0.0
West,2013-10-28,2013-11-03,2013-11-03,47,22,0,0.0
West,2013-11-04,2013-11-10,2013-11-10,0,0,0,0.0
West,2013-11-11,2013-11-17,2013-11-17,0,0,0,0.0
West,2013-11-18,2013-11-24,2013-11-24,68,24,0,0.0
West,2013-11-25,2013-12-01,2013-12-01,1,1,0,0.0
West,2013-12-02,2013-12-08,2013-12-08,51,26,1,3.8461538461538463
West,2013-12-09,2013-12-15,2013-12-15,119,50,1,2.0
West,2013-12-16,2013-12-22,2013-12-22,42,7,0,0.0
West,2013-12-23,2013-12-29,2013-12-29,0,0,0,0.0
West,2013-12-30,2014-01-05,2014-01-05,9,6,0,0.0
West,2014-01-06,2014-01-12,2014-01-12,64,28,0,0.0
West,2014-01-13,2014-01-19,2014-01-19,16,9,0,0.0
West,2014-01-20,2014-01-26,2014-01-26,36,5,0,0.0
West,2014-01-27,2014-02-02,2014-02-02,0,0,0,0.0
West,2014-02-03,2014-02-09,2014-02-09,61,22,0,0.0
West,2014-02-10,2014-02-16,2014-02-16,0,0,0,0.0
West,2014-02-17,2014-02-23,2014-02-23,31,17,0,0.0
West,2014-02-24,2014-03-02,2014-03-02,66,32,0,0.0
West,2014-03-03,2014-03-09,2014-03-09,0,0,0,0.0
West,2014-03-10,2014-03-16,2014-03-16,120,69,2,2.898550724637681
West,2014-03-17,2014-03-23,2014-03-23,5,0,0,0.0
West,2014-03-24,2014-03-30,2014-03-30,0,0,0,0.0
West,2014-03-31,2014-04-06,2014-04-06,112,45,0,0.0
West,2014-04-07,2014-04-13,2014-04-13,49,23,0,0.0
West,2014-04-14,2014-04-20,2014-04-20,15,0,0,0.0
West,2014-04-21,2014-04-27,2014-04-27,265,84,2,2.380952380952381
West,2014-04-28,2014-05-04,2014-05-04,209,71,0,0.0
West,2014-05-05,2014-05-11,2014-05-11,141,75,1,1.3333333333333335
West,2014-05-12,2014-05-18,2014-05-18,0,0,0,0.0
West,2014-05-19,2014-05-25,2014-05-25,120,0,0,0.0
West,2014-05-26,2014-06-01,2014-06-01,288,125,2,1.6
West,2014-06-02,2014-06-08,2014-06-08,64,25,0,0.0
West,2014-06-09,2014-06-15,2014-06-15,0,0,0,0.0
West,2014-06-16,2014-06-22,2014-06-22,0,0,0,0.0
West,2014-06-23,2014-06-29,2014-06-29,151,0,0,0.0
West,2014-06-30,2014-07-06,2014-07-06,73,43,2,4.651162790697675
West,2014-07-07,2014-07-13,2014-07-13,12,6,0,0.0
West,2014-07-14,2014-07-20,2014-07-20,144,27,1,3.7037037037037033
West,2014-07-21,2014-07-27,2014-07-27,23,0,0,0.0
West,2014-07-28,2014-08-03,2014-08-03,16,8,0,0.0
West,2014-08-04,2014-08-10,2014-08-10,263,142,4,2.8169014084507045
West,2014-08-11,2014-08-17,2014-08-17,107,36,1,2.7777777777777777
West,2014-08-18,2014-08-24,2014-08-24,0,0,0,0.0
West,2014-08-25,2014-08-31,2014-08-31,281,106,1,0.9433962264150944
West,2014-09-01,2014-09-07,2014-09-07,0,0,0,0.0
West,2014-09-08,2014-09-14,2014-09-14,45,28,0,0.0
West,2014-09-15,2014-09-21,2014-09-21,76,0,0,0.0
West,2014-09-22,2014-09-28,2014-09-28,175,48,1,2.083333333333333
West,2014-09-29,2014-10-05,2014-10-05,0,0,0,0.0
West,2014-10-06,2014-10-12,2014-10-12,81,39,0,0.0
West,2014-10-13,2014-10-19,2014-10-19,109,16,0,0.0
West,2014-10-20,2014-10-26,2014-10-26,187,55,0,0.0
West,2014-10-27,2014-11-02,2014-11-02,159,79,2,2.5316455696202533
West,2014-11-03,2014-11-09,2014-11-09,51,29,1,3.4482758620689653
West,2014-11-10,2014-11-16,2014-11-16,24,13,0,0.0
West,2014-11-17,2014-11-23,2014-11-23,0,0,0,0.0
West,2014-11-24,2014-11-30,2014-11-30,12,6,0,0.0
West,2014-12-01,2014-12-07,2014-12-07,11,0,0,0.0
West,2014-12-08,2014-12-14,2014-12-14,0,0,0,0.0
West,2014-12-15,2014-12-21,2014-12-21,48,14,0,0.0
West,2014-12-22,2014-12-28,2014-12-28,0,0,0,0.0
West,2014-12-29,2015-01-04,2015-01-04,31,18,1,5.555555555555555
West,2015-01-05,2015-01-11,2015-01-11,0,0,0,0.0
West,2015-01-12,2015-01-18,2015-01-18,0,0,0,0.0
West,2015-01-19,2015-01-25,2015-01-25,44,0,0,0.0
West,2015-01-26,2015-02-01,2015-02-01,7,2,0,0.0
West,2015-02-02,2015-02-08,2015-02-08,0,0,0,0.0
West,2015-02-09,2015-02-15,2015-02-15,0,0,0,0.0
West,2015-02-16,2015-02-22,2015-02-22,0,0,0,0.0
West,2015-02-23,2015-03-01,2015-03-01,35,17,0,0.0
West,2015-03-02,2015-03-08,2015-03-08,18,10,0,0.0
West,2015-03-09,2015-03-15,2015-03-15,0,0,0,0.0
West,2015-03-16,2015-03-22,2015-03-22,58,16,0,0.0
West,2015-03-23,2015-03-29,2015-03-29,144,59,2,3.389830508474576
West,2015-03-30,2015-04-05,2015-04-05,64,38,0,0.0
West,2015-04-06,2015-04-12,2015-04-12,85,33,1,3.0303030303030303
West,2015-04-13,2015-04-19,2015-04-19,25,12,0,0.0
West,2015-04-20,2015-04-26,2015-04-26,18,7,0,0.0
West,2015-04-27,2015-05-03,2015-05-03,84,0,1,0.0
West,2015-05-04,2015-05-10,2015-05-10,124,26,0,0.0
West,2015-05-11,2015-05-17,2015-05-17,33,0,0,0.0
West,2015-05-18,2015-05-24,2015-05-24,102,66,1,1.5151515151515151
West,2015-05-25,2015-05-31,2015-05-31,300,64,1,1.5625
West,2015-06-01,2015-06-07,2015-06-07,267,16,0,0.0
West,2015-06-08,2015-06-14,2015-06-14,31,17,0,0.0
West,2015-06-15,2015-06-21,2015-06-21,106,38,0,0.0
West,2015-06-22,2015-06-28,2015-06-28,98,61,1,1.639344262295082
West,2015-06-29,2015-07-05,2015-07-05,137,35,0,0.0
West,2015-07-06,2015-07-12,2015-07-12,154,64,1,1.5625
West,2015-07-13,2015-07-19,2015-07-19,139,67,1,1.4925373134328357
West,2015-07-20,2015-07-26,2015-07-26,90,0,0,0.0
West,2015-07-27,2015-08-02,2015-08-02,525,219,10,4.5662100456621
West,2015-08-03,2015-08-09,2015-08-09,140,18,1,5.555555555555555
West,2015-08-10,2015-08-16,2015-08-16,0,0,0,0.0
West,2015-08-17,2015-08-23,2015-08-23,196,74,1,1.3513513513513513
West,2015-08-24,2015-08-30,2015-08-30,75,0,0,0.0
West,2015-08-31,2015-09-06,2015-09-06,80,0,0,0.0
West,2015-09-07,2015-09-13,2015-09-13,166,62,0,0.0
West,2015-09-14,2015-09-20,2015-09-20,71,25,1,4.0
West,2015-09-21,2015-09-27,2015-09-27,87,0,0,0.0
West,2015-09-28,2015-10-04,2015-10-04,131,48,0,0.0
West,2015-10-05,2015-10-11,2015-10-11,153,26,0,0.0
West,2015-10-12,2015-10-18,2015-10-18,412,125,1,0.8
West,2015-10-19,2015-10-25,2015-10-25,521,250,5,2.0
West,2015-10-26,2015-11-01,2015-11-01,207,85,3,3.5294117647058822
West,2015-11-02,2015-11-08,2015-11-08,396,52,1,1.9230769230769231
West,2015-11-09,2015-11-15,2015-11-15,20,8,0,0.0
West,2015-11-16,2015-11-22,2015-11-22,56,18,0,0.0
West,2015-11-23,2015-11-29,2015-11-29,64,0,0,0.0
West,2015-11-30,2015-12-06,2015-12-06,70,0,0,0.0
West,2015-12-07,2015-12-13,2015-12-13,0,0,0,0.0
West,2015-12-14,2015-12-20,2015-12-20,22,0,0,0.0
West,2015-12-21,2015-12-27,2015-12-27,0,0,0,0.0
West,2016-01-04,2016-01-10,2016-01-10,26,11,0,0.0
West,2016-01-11,2016-01-17,2016-01-17,40,16,0,0.0
West,2016-01-18,2016-01-24,2016-01-24,29,0,1,0.0
West,2016-01-25,2016-01-31,2016-01-31,58,10,0,0.0
West,2016-02-01,2016-02-07,2016-02-07,0,0,0,0.0
West,2016-02-08,2016-02-14,2016-02-14,20,4,0,0.0
West,2016-02-15,2016-02-21,2016-02-21,8,0,0,0.0
West,2016-02-22,2016-02-28,2016-02-28,0,0,0,0.0
West,2016-02-29,2016-03-06,2016-03-06,103,21,0,0.0
West,2016-03-07,2016-03-13,2016-03-13,54,6,0,0.0
West,2016-03-14,2016-03-20,2016-03-20,75,20,0,0.0
West,2016-03-21,2016-03-27,2016-03-27,48,0,0,0.0
West,2016-03-28,2016-04-03,2016-04-03,67,0,0,0.0
West,2016-04-04,2016-04-10,2016-04-10,55,19,0,0.0
West,2016-04-11,2016-04-17,2016-04-17,84,25,0,0.0
West,2016-04-18,2016-04-24,2016-04-24,37,10,0,0.0
West,2016-04-25,2016-05-01,2016-05-01,230,74,1,1.3513513513513513
West,2016-05-02,2016-05-08,2016-05-08,0,0,0,0.0
West,2016-05-09,2016-05-15,2016-05-15,122,16,0,0.0
West,2016-05-16,2016-05-22,2016-05-22,172,38,1,2.631578947368421
West,2016-05-23,2016-05-29,2016-05-29,230,58,1,1.7241379310344827
West,2016-05-30,2016-06-05,2016-06-05,293,40,0,0.0
West,2016-06-06,2016-06-12,2016-06-12,118,0,0,0.0
West,2016-06-13,2016-06-19,2016-06-19,473,98,2,2.0408163265306123
West,2016-06-20,2016-06-26,2016-06-26,319,74,2,2.7027027027027026
West,2016-06-27,2016-07-03,2016-07-03,274,64,1,1.5625
West,2016-07-04,2016-07-10,2016-07-10,107,16,0,0.0
West,2016-07-11,2016-07-17,2016-07-17,180,108,4,3.7037037037037033
West,2016-07-18,2016-07-24,2016-07-24,100,31,0,0.0
West,2016-07-25,2016-07-31,2016-07-31,148,16,0,0.0
West,2016-08-01,2016-08-07,2016-08-07,503,192,3,1.5625
West,2016-08-08,2016-08-14,2016-08-14,52,0,0,0.0
West,2016-08-15,2016-08-21,2016-08-21,278,58,0,0.0
West,2016-08-22,2016-08-28,2016-08-28,167,0,0,0.0
West,2016-08-29,2016-09-04,2016-09-04,118,45,1,2.2222222222222223
West,2016-09-05,2016-09-11,2016-09-11,184,76,1,1.3157894736842104
West,2016-09-12,2016-09-18,2016-09-18,322,159,4,2.515723270440252
West,2016-09-19,2016-09-25,2016-09-25,229,36,1,2.7777777777777777
West,2016-09-26,2016-10-02,2016-10-02,153,72,2,2.7777777777777777
West,2016-10-03,2016-10-09,2016-10-09,140,42,1,2.380952380952381
West,2016-10-10,2016-10-16,2016-10-16,0,0,0,0.0
West,2016-10-17,2016-10-23,2016-10-23,211,80,4,5.0
West,2016-10-24,2016-10-30,2016-10-30,119,32,1,3.125
West,2016-10-31,2016-11-06,2016-11-06,73,22,0,0.0
West,2016-11-07,2016-11-13,2016-11-13,16,5,0,0.0
West,2016-11-14,2016-11-20,2016-11-20,174,25,0,0.0
West,2016-11-21,2016-11-27,2016-11-27,0,0,0,0.0
West,2016-11-28,2016-12-04,2016-12-04,45,8,0,0.0
West,2016-12-05,2016-12-11,2016-12-11,40,22,1,4.545454545454546
West,2016-12-12,2016-12-18,2016-12-18,2,1,0,0.0
West,2016-12-19,2016-12-25,2016-12-25,0,0,0,0.0
West,2016-12-26,2017-01-01,2017-01-01,0,0,0,0.0
West,2017-01-02,2017-01-08,2017-01-08,0,0,0,0.0
West,2017-01-09,2017-01-15,2017-01-15,9,3,0,0.0
West,2017-01-16,2017-01-22,2017-01-22,30,10,0,0.0
West,2017-01-23,2017-01-29,2017-01-29,33,13,0,0.0
West,2017-01-30,2017-02-05,2017-02-05,7,3,0,0.0
West,2017-02-06,2017-02-12,2017-02-12,51,6,0,0.0
West,2017-02-13,2017-02-19,2017-02-19,11,2,0,0.0
West,2017-02-20,2017-02-26,2017-02-26,15,3,0,0.0
West,2017-02-27,2017-03-05,2017-03-05,25,0,0,0.0
West,2017-03-06,2017-03-12,2017-03-12,0,0,0,0.0
West,2017-03-13,2017-03-19,2017-03-19,21,5,0,0.0
West,2017-03-20,2017-03-26,2017-03-26,26,0,0,0.0
West,2017-03-27,2017-04-02,2017-04-02,0,0,0,0.0
West,2017-04-03,2017-04-09,2017-04-09,0,0,0,0.0
West,2017-04-10,2017-04-16,2017-04-16,183,54,0,0.0
West,2017-04-17,2017-04-23,2017-04-23,143,47,0,0.0
West,2017-04-24,2017-04-30,2017-04-30,39,12,0,0.0
West,2017-05-01,2017-05-07,2017-05-07,166,94,2,2.127659574468085
West,2017-05-08,2017-05-14,2017-05-14,132,27,0,0.0
West,2017-05-15,2017-05-21,2017-05-21,224,18,1,5.555555555555555
West,2017-05-22,2017-05-28,2017-05-28,182,5,0,0.0
West,2017-05-29,2017-06-04,2017-06-04,214,51,2,3.9215686274509802
West,2017-06-05,2017-06-11,2017-06-11,43,19,0,0.0
West,2017-06-12,2017-06-18,2017-06-18,92,0,0,0.0
West,2017-06-19,2017-06-25,2017-06-25,115,36,1,2.7777777777777777
West,2017-06-26,2017-07-02,2017-07-02,151,22,0,0.0
West,2017-07-03,2017-07-09,2017-07-09,332,171,3,1.7543859649122806
West,2017-07-10,2017-07-16,2017-07-16,86,53,3,5.660377358490567
West,2017-07-17,2017-07-23,2017-07-23,211,98,2,2.0408163265306123
West,2017-07-24,2017-07-30,2017-07-30,123,12,0,0.0
West,2017-07-31,2017-08-06,2017-08-06,334,49,2,4.081632653061225
West,2017-08-07,2017-08-13,2017-08-13,175,74,0,0.0
West,2017-08-14,2017-08-20,2017-08-20,255,99,0,0.0
West,2017-08-21,2017-08-27,2017-08-27,56,15,0,0.0
West,2017-08-28,2017-09-03,2017-09-03,0,0,0,0.0
West,2017-09-04,2017-09-10,2017-09-10,364,179,4,2.2346368715083798
West,2017-09-11,2017-09-17,2017-09-17,75,36,1,2.7777777777777777
West,2017-09-18,2017-09-24,2017-09-24,49,21,0,0.0
West,2017-09-25,2017-10-01,2017-10-01,55,34,0,0.0
West,2017-10-02,2017-10-08,2017-10-08,206,79,2,2.5316455696202533
West,2017-10-09,2017-10-15,2017-10-15,154,33,0,0.0
West,2017-10-16,2017-10-22,2017-10-22,199,37,2,5.405405405405405
West,2017-10-23,2017-10-29,2017-10-29,33,0,0,0.0
West,2017-10-30,2017-11-05,2017-11-05,21,0,0,0.0
West,2017-11-06,2017-11-12,2017-11-12,48,6,0,0.0
West,2017-11-13,2017-11-19,2017-11-19,43,10,0,0.0
West,2017-11-20,2017-11-26,2017-11-26,72,25,0,0.0
West,2017-11-27,2017-12-03,2017-12-03,0,0,0,0.0
West,2017-12-04,2017-12-10,2017-12-10,32,15,0,0.0
West,2017-12-11,2017-12-17,2017-12-17,0,0,0,0.0
West,2017-12-18,2017-12-24,2017-12-24,42,20,1,5.0
West,2017-12-25,2017-12-31,2017-12-31,12,7,0,0.0
West,2018-01-01,2018-01-07,2018-01-07,23,0,0,0.0
West,2018-01-01,2018-12-30,2018-12-30,72,42,0,0.0
West,2018-01-08,2018-01-14,2018-01-14,0,0,0,0.0
West,2018-01-15,2018-01-21,2018-01-21,0,0,0,0.0
West,2018-01-22,2018-01-28,2018-01-28,13,3,0,0.0
West,2018-01-29,2018-02-04,2018-02-04,157,12,0,0.0
West,2018-02-05,2018-02-11,2018-02-11,37,22,0,0.0
West,2018-02-12,2018-02-18,2018-02-18,28,8,0,0.0
West,2018-02-19,2018-02-25,2018-02-25,13,0,0,0.0
West,2018-02-26,2018-03-04,2018-03-04,0,0,0,0.0
West,2018-03-05,2018-03-11,2018-03-11,192,84,1,1.1904761904761905
West,2018-03-12,2018-03-18,2018-03-18,154,83,2,2.4096385542168677
West,2018-03-19,2018-03-25,2018-03-25,0,0,0,0.0
West,2018-03-26,2018-04-01,2018-04-01,70,0,0,0.0
West,2018-04-02,2018-04-08,2018-04-08,0,0,0,0.0
West,2018-04-09,2018-04-15,2018-04-15,45,0,0,0.0
West,2018-04-16,2018-04-22,2018-04-22,21,13,0,0.0
West,2018-04-23,2018-04-29,2018-04-29,0,0,0,0.0
West,2018-04-30,2018-05-06,2018-05-06,59,4,0,0.0
West,2018-05-07,2018-05-13,2018-05-13,138,64,1,1.5625
West,2018-05-14,2018-05-20,2018-05-20,0,0,0,0.0
West,2018-05-21,2018-05-27,2018-05-27,217,32,1,3.125
West,2018-05-28,2018-06-03,2018-06-03,67,41,0,0.0
West,2018-06-04,2018-06-10,2018-06-10,77,22,1,4.545454545454546
West,2018-06-11,2018-06-17,2018-06-17,0,0,0,0.0
West,2018-06-18,2018-06-24,2018-06-24,167,97,3,3.0927835051546393
West,2018-06-25,2018-07-01,2018-07-01,108,21,0,0.0
West,2018-07-02,2018-07-08,2018-07-08,31,21,1,4.761904761904762
West,2018-07-09,2018-07-15,2018-07-15,256,79,2,2.5316455696202533
West,2018-07-16,2018-07-22,2018-07-22,0,0,0,0.0
West,2018-07-23,2018-07-29,2018-07-29,148,87,1,1.1494252873563218
West,2018-07-30,2018-08-05,2018-08-05,49,24,1,4.166666666666666
West,2018-08-06,2018-08-12,2018-08-12,46,0,0,0.0
West,2018-08-13,2018-08-19,2018-08-19,136,44,1,2.272727272727273
West,2018-08-20,2018-08-26,2018-08-26,100,46,1,2.1739130434782608
West,2018-08-27,2018-09-02,2018-09-02,113,46,1,2.1739130434782608
West,2018-09-03,2018-09-09,2018-09-09,192,54,1,1.8518518518518516
West,2018-09-10,2018-09-16,2018-09-16,64,0,0,0.0
West,2018-09-17,2018-09-23,2018-09-23,200,91,0,0.0
West,2018-09-24,2018-09-30,2018-09-30,182,103,2,1.9417475728155338
West,2018-10-01,2018-10-07,2018-10-07,0,0,0,0.0
West,2018-10-08,2018-10-14,2018-10-14,148,74,1,1.3513513513513513
West,2018-10-15,2018-10-21,2018-10-21,147,46,1,2.1739130434782608
West,2018-10-22,2018-10-28,2018-10-28,0,0,0,0.0
West,2018-10-29,2018-11-04,2018-11-04,56,25,0,0.0
West,2018-11-05,2018-11-11,2018-11-11,46,15,0,0.0
West,2018-11-12,2018-11-18,2018-11-18,50,21,1,4.761904761904762
West,2018-11-19,2018-11-25,2018-11-25,51,17,0,0.0
West,2018-11-26,2018-12-02,2018-12-02,0,0,0,0.0
West,2018-12-10,2018-12-16,2018-12-16,44,16,0,0.0
West,2018-12-17,2018-12-23,2018-12-23,77,6,0,0.0
West,2018-12-24,2018-12-30,2018-12-30,14,0,0,0.0
West,2018-12-31,2019-01-06,2019-01-06,0,0,0,0.0
West,2018-12-31,2019-12-29,2019-12-29,0,0,0,0.0
West,2019-01-07,2019-01-13,2019-01-13,19,0,0,0.0
West,2019-01-14,2019-01-20,2019-01-20,0,0,0,0.0
West,2019-01-21,2019-01-27,2019-01-27,40,0,0,0.0
West,2019-01-28,2019-02-03,2019-02-03,35,13,0,0.0
West,2019-02-04,2019-02-10,2019-02-10,31,11,0,0.0
West,2019-02-11,2019-02-17,2019-02-17,57,31,0,0.0
West,2019-02-18,2019-02-24,2019-02-24,16,0,0,0.0
West,2019-02-25,2019-03-03,2019-03-03,80,32,1,3.125
West,2019-03-04,2019-03-10,2019-03-10,0,0,0,0.0
West,2019-03-11,2019-03-17,2019-03-17,0,0,0,0.0
West,2019-03-18,2019-03-24,2019-03-24,112,29,0,0.0
West,2019-05-13,2019-05-19,2019-05-19,386,150,3,2.0
West,2022-05-20,2022-06-02,2022-06-02,0,0,0,0.0
