region_en,TL,TR,Location,deaths,sCh,cCh,rainfall_avg,temp_avg,humidity_avg
Adamawa,2010-01-04,2010-01-10,8,0.0,0.0,0.0,0.0,21.87857142857143,37.47285714285714
Adamawa,2010-01-11,2010-01-17,8,0.0,0.0,0.0,0.1128571428571428,22.688571428571432,36.92
Adamawa,2010-01-18,2010-01-24,8,0.0,0.0,0.0,0.0,20.98,43.64285714285713
Adamawa,2010-01-25,2010-01-31,8,0.0,0.0,0.0,0.0,24.327142857142857,42.620000000000005
Adamawa,2010-02-01,2010-02-07,8,0.0,0.0,0.0,0.0,22.90285714285714,37.64428571428572
Adamawa,2010-02-08,2010-02-14,8,0.0,0.0,0.0,0.0,24.145714285714288,36.82714285714286
Adamawa,2010-02-15,2010-02-21,8,0.0,0.0,0.0,0.0214285714285714,25.59428571428572,47.16285714285715
Adamawa,2010-02-22,2010-02-28,8,0.0,0.0,0.0,0.1371428571428571,26.017142857142854,52.19857142857143
Adamawa,2010-03-01,2010-03-07,8,0.0,0.0,0.0,0.0471428571428571,25.92142857142857,34.191428571428574
Adamawa,2010-03-08,2010-03-14,8,0.0,0.0,0.0,1.997142857142857,26.31571428571429,58.08428571428572
Adamawa,2010-03-15,2010-03-21,8,0.0,0.0,0.0,2.021428571428572,24.954285714285717,59.22285714285714
Adamawa,2010-03-22,2010-03-28,8,0.0,0.0,0.0,0.5642857142857143,23.954285714285717,37.23142857142857
Adamawa,2010-03-29,2010-04-04,8,0.0,0.0,0.0,0.3942857142857142,26.4,44.00857142857143
Adamawa,2010-04-05,2010-04-11,8,0.0,0.0,0.0,2.757142857142857,25.724285714285717,63.49857142857143
Adamawa,2010-04-12,2010-04-18,8,0.0,0.0,0.0,8.767142857142856,25.770000000000003,67.78285714285714
Adamawa,2010-04-19,2010-04-25,8,0.0,0.0,0.0,3.807142857142857,24.467142857142857,77.94714285714285
Adamawa,2010-04-26,2010-05-02,8,0.0,0.0,0.0,6.225714285714285,23.774285714285718,79.6842857142857
Adamawa,2010-05-03,2010-05-09,8,0.0,0.0,0.0,4.814285714285714,24.085714285714285,77.93142857142857
Adamawa,2010-05-06,2010-12-31,1,0.0,1.0,0.0,5.4405833333333335,21.958583333333333,78.03641666666667
Adamawa,2010-05-10,2010-05-16,8,0.0,0.0,0.0,4.942857142857143,24.672857142857143,76.35428571428572
Adamawa,2010-05-17,2010-05-23,8,0.0,0.0,0.0,5.19,24.064285714285717,78.53285714285714
Adamawa,2010-05-24,2010-05-30,8,0.0,0.0,0.0,2.8185714285714285,24.567142857142866,75.32571428571428
Adamawa,2010-05-31,2010-06-06,8,0.0,0.0,0.0,7.071428571428571,22.844285714285714,83.22
Adamawa,2010-06-07,2010-06-13,8,0.0,0.0,0.0,3.31,23.282857142857143,76.06142857142858
Adamawa,2010-06-14,2010-06-20,8,0.0,0.0,0.0,5.895714285714286,23.48857142857143,77.33571428571429
Adamawa,2010-06-21,2010-06-27,8,0.0,0.0,0.0,10.837142857142856,22.90857142857143,82.21571428571428
Adamawa,2010-06-28,2010-07-04,8,0.0,0.0,0.0,6.098571428571428,22.587142857142855,80.23
Adamawa,2010-07-05,2010-07-11,8,0.0,0.0,0.0,6.955714285714286,21.594285714285714,85.72857142857141
Adamawa,2010-07-12,2010-07-18,8,0.0,0.0,0.0,10.267142857142856,21.502857142857145,86.43571428571428
Adamawa,2010-07-19,2010-07-25,8,0.0,0.0,0.0,9.111428571428572,20.367142857142856,88.34571428571428
Adamawa,2010-07-26,2010-08-01,8,0.0,0.0,0.0,2.1014285714285714,21.104285714285712,86.72142857142858
Adamawa,2010-08-02,2010-08-08,8,0.0,0.0,0.0,5.325714285714286,21.85857142857143,84.82428571428571
Adamawa,2010-08-09,2010-08-15,8,0.0,0.0,0.0,10.39,20.74571428571429,86.80999999999999
Adamawa,2010-08-16,2010-08-22,8,0.0,0.0,0.0,19.52714285714286,21.384285714285717,85.78857142857143
Adamawa,2010-08-23,2010-08-29,8,0.0,0.0,0.0,22.24,21.021428571428576,89.07428571428571
Adamawa,2010-08-30,2010-09-05,8,0.0,0.0,0.0,5.49,21.414285714285715,87.86285714285714
Adamawa,2010-09-06,2010-09-12,8,0.0,0.0,0.0,3.9385714285714286,21.147142857142857,86.72857142857143
Adamawa,2010-09-13,2010-09-19,8,0.0,0.0,0.0,4.797142857142857,21.631428571428568,83.80428571428571
Adamawa,2010-09-20,2010-09-26,8,0.0,0.0,0.0,6.161428571428571,21.005714285714284,87.86857142857143
Adamawa,2010-09-27,2010-10-03,8,0.0,1.0,0.0,6.734285714285714,21.958571428571428,85.09142857142857
Adamawa,2010-10-04,2010-10-10,8,0.0,0.0,0.0,5.390000000000001,21.795714285714286,82.8157142857143
Adamawa,2010-10-11,2010-10-17,8,0.0,0.0,0.0,4.511428571428572,21.97428571428572,84.60000000000001
Adamawa,2010-10-18,2010-10-24,8,0.0,0.0,0.0,6.395714285714284,21.74571428571429,84.81142857142856
Adamawa,2010-10-25,2010-10-31,8,0.0,0.0,0.0,4.561428571428572,21.788571428571423,83.29857142857144
Adamawa,2010-11-01,2010-11-07,8,0.0,0.0,0.0,2.5242857142857145,22.16571428571429,80.98285714285714
Adamawa,2010-11-08,2010-11-14,8,0.0,0.0,0.0,0.8142857142857143,21.978571428571428,71.04857142857142
Adamawa,2010-11-15,2010-11-21,8,0.0,0.0,0.0,0.3285714285714285,22.487142857142857,71.62285714285714
Adamawa,2010-11-22,2010-11-28,8,0.0,0.0,0.0,0.7199999999999999,22.36142857142857,70.26142857142857
Adamawa,2010-11-29,2010-12-05,8,0.0,0.0,0.0,0.0499999999999999,21.97142857142857,58.35714285714285
Adamawa,2010-12-06,2010-12-12,8,0.0,0.0,0.0,0.0,19.732857142857146,49.51
Adamawa,2010-12-13,2010-12-19,8,0.0,0.0,0.0,0.0,20.811428571428568,58.151428571428575
Adamawa,2010-12-20,2010-12-26,8,0.0,0.0,0.0,0.0057142857142857,20.947142857142858,48.712857142857146
Adamawa,2010-12-27,2011-01-02,8,0.0,0.0,0.0,0.0,20.125714285714285,46.67714285714286
Adamawa,2011-01-01,2011-09-22,5,34.0,366.0,0.0,4.001169811320755,23.077471698113207,65.95056603773585
Adamawa,2011-01-03,2011-01-09,8,0.0,0.0,0.0,0.0,20.25142857142857,52.58857142857143
Adamawa,2011-01-10,2011-01-16,8,0.0,0.0,0.0,0.0,18.38571428571429,45.47571428571428
Adamawa,2011-01-17,2011-01-23,8,0.0,0.0,0.0,0.0,19.594285714285714,45.78
Adamawa,2011-01-24,2011-01-30,8,0.0,0.0,0.0,0.0,22.52,41.90571428571428
Adamawa,2011-01-31,2011-02-06,8,0.0,0.0,0.0,0.1357142857142857,24.525714285714287,50.90285714285714
Adamawa,2011-02-07,2011-02-13,8,0.0,0.0,0.0,0.0471428571428571,23.714285714285715,43.94
Adamawa,2011-02-14,2011-02-20,8,0.0,0.0,0.0,0.0442857142857142,24.852857142857147,38.91285714285715
Adamawa,2011-02-21,2011-02-27,8,0.0,0.0,0.0,0.75,24.31142857142857,53.76142857142857
Adamawa,2011-02-28,2011-03-06,8,0.0,0.0,0.0,0.1385714285714286,25.768571428571427,48.24999999999999
Adamawa,2011-03-07,2011-03-13,8,0.0,0.0,0.0,0.0,25.698571428571427,30.962857142857143
Adamawa,2011-03-14,2011-03-20,8,0.0,0.0,0.0,0.0214285714285714,25.645714285714284,25.69428571428572
Adamawa,2011-03-21,2011-03-27,8,0.0,1.0,0.0,0.5128571428571428,25.895714285714284,51.44571428571429
Adamawa,2011-03-28,2011-04-03,8,0.0,0.0,0.0,0.6414285714285715,26.088571428571424,40.09
Adamawa,2011-04-04,2011-04-10,8,0.0,0.0,0.0,0.0214285714285714,25.547142857142852,40.74285714285714
Adamawa,2011-04-11,2011-04-17,8,0.0,0.0,0.0,1.3828571428571428,26.162857142857145,56.65571428571429
Adamawa,2011-04-18,2011-04-24,8,5.0,6.0,0.0,2.9285714285714284,26.12714285714286,61.73285714285714
Adamawa,2011-04-25,2011-05-01,8,6.0,29.0,0.0,1.8657142857142852,24.335714285714285,72.34285714285714
Adamawa,2011-05-02,2011-05-08,8,1.0,3.0,0.0,2.224285714285714,25.40428571428572,69.3
Adamawa,2011-05-09,2011-05-15,8,0.0,4.0,0.0,1.7414285714285715,24.532857142857143,71.00285714285714
Adamawa,2011-05-16,2011-05-22,8,0.0,0.0,0.0,11.61285714285714,24.4,76.29571428571428
Adamawa,2011-05-23,2011-05-29,8,1.0,2.0,0.0,2.241428571428571,22.68285714285714,81.44714285714285
Adamawa,2011-05-30,2011-06-05,8,0.0,0.0,0.0,7.787142857142856,23.68,79.55
Adamawa,2011-06-06,2011-06-12,8,0.0,0.0,0.0,1.414285714285714,23.01142857142857,79.09
Adamawa,2011-06-13,2011-06-19,8,0.0,0.0,0.0,4.362857142857143,23.36428571428571,77.45142857142856
Adamawa,2011-06-20,2011-06-26,8,0.0,0.0,0.0,6.864285714285714,22.458571428571428,80.03428571428572
Adamawa,2011-06-27,2011-07-03,8,1.0,2.0,0.0,6.29,22.71285714285714,79.78999999999999
Adamawa,2011-07-04,2011-07-10,8,0.0,2.0,0.0,6.035714285714286,22.57285714285714,80.61285714285714
Adamawa,2011-07-11,2011-07-17,8,0.0,24.0,0.0,6.49,21.455714285714286,83.44142857142857
Adamawa,2011-07-18,2011-07-24,8,2.0,25.0,0.0,7.952857142857143,21.775714285714287,83.38142857142857
Adamawa,2011-07-25,2011-07-31,8,1.0,33.0,0.0,3.3857142857142857,21.64428571428572,83.94000000000001
Adamawa,2011-08-01,2011-08-07,8,0.0,17.0,0.0,10.63,21.524285714285718,84.50285714285714
Adamawa,2011-08-08,2011-08-14,8,0.0,18.0,0.0,18.321428571428573,20.33428571428572,87.77714285714286
Adamawa,2011-08-15,2011-08-21,8,0.0,4.0,0.0,5.314285714285714,20.627142857142854,87.70285714285714
Adamawa,2011-08-22,2011-08-28,8,0.0,18.0,0.0,6.265714285714286,21.16714285714286,86.15428571428572
Adamawa,2011-08-29,2011-09-04,8,0.0,0.0,0.0,10.597142857142858,21.077142857142857,85.46285714285715
Adamawa,2011-09-05,2011-09-11,8,0.0,4.0,0.0,7.135714285714286,20.85571428571429,87.86000000000001
Adamawa,2011-09-12,2011-09-18,8,0.0,3.0,0.0,10.261428571428572,20.641428571428573,88.00714285714285
Adamawa,2011-09-19,2011-09-25,8,1.0,3.0,0.0,9.824285714285717,21.731428571428573,83.52
Adamawa,2011-09-23,2011-12-11,1,0.0,16.0,0.0,2.616125,21.436,70.44775
Adamawa,2011-09-26,2011-10-02,8,0.0,1.0,0.0,4.42,21.772857142857134,82.50857142857141
Adamawa,2011-10-03,2011-10-09,8,0.0,1.0,0.0,6.581428571428572,22.08857142857143,82.05142857142857
Adamawa,2011-10-10,2011-10-16,8,0.0,0.0,0.0,6.998571428571429,22.062857142857148,82.19714285714285
Adamawa,2011-10-17,2011-10-23,8,0.0,0.0,0.0,3.804285714285714,21.687142857142856,82.20571428571428
Adamawa,2011-10-24,2011-10-30,8,0.0,0.0,0.0,3.561428571428571,21.93857142857143,76.42857142857143
Adamawa,2011-10-31,2011-11-06,8,0.0,0.0,0.0,0.6728571428571428,22.37,72.43714285714286
Adamawa,2011-11-07,2011-11-13,8,0.0,0.0,0.0,0.0142857142857142,22.37,66.73714285714284
Adamawa,2011-11-14,2011-11-20,8,0.0,0.0,0.0,0.0757142857142857,22.487142857142857,65.48142857142857
Adamawa,2011-11-21,2011-11-27,8,0.0,0.0,0.0,0.0,20.532857142857143,56.86285714285714
Adamawa,2011-11-28,2011-12-04,8,0.0,0.0,0.0,0.0,18.71142857142857,51.74714285714286
Adamawa,2011-12-05,2011-12-11,8,0.0,0.0,0.0,0.0,19.532857142857143,51.29571428571428
Adamawa,2011-12-12,2011-12-18,8,0.0,0.0,0.0,0.0,19.617142857142856,47.45285714285715
Adamawa,2011-12-19,2011-12-25,8,0.0,1.0,0.0,0.0,20.91142857142857,45.69571428571429
Adamawa,2011-12-26,2012-01-01,8,0.0,0.0,0.0,0.0,21.66428571428571,43.955714285714286
Adamawa,2012-01-02,2012-01-08,8,0.0,0.0,0.0,0.0,19.925714285714285,42.47571428571429
Adamawa,2012-01-09,2012-01-15,8,0.0,1.0,0.0,0.0,19.724285714285717,42.55428571428571
Adamawa,2012-01-16,2012-01-22,8,0.0,0.0,0.0,0.0,22.09857142857143,40.33142857142858
Adamawa,2012-01-23,2012-01-29,8,0.0,0.0,0.0,0.0,23.768571428571427,39.76428571428572
Adamawa,2012-01-30,2012-02-05,8,0.0,0.0,0.0,0.0,23.75,35.35
Adamawa,2012-02-06,2012-02-12,8,0.0,0.0,0.0,0.0014285714285714,24.15,30.72857142857143
Adamawa,2012-02-13,2012-02-19,8,0.0,0.0,0.0,0.6842857142857143,25.222857142857144,46.78285714285715
Adamawa,2012-02-20,2012-02-26,8,0.0,0.0,0.0,0.3957142857142857,25.63714285714286,43.135714285714286
Adamawa,2012-02-27,2012-03-04,8,0.0,0.0,0.0,0.02,25.792857142857144,37.40285714285714
Adamawa,2012-03-05,2012-03-11,8,0.0,0.0,0.0,0.0,25.898571428571422,36.99428571428571
Adamawa,2012-03-12,2012-03-18,8,0.0,0.0,0.0,0.0171428571428571,26.381428571428568,29.682857142857134
Adamawa,2012-03-19,2012-03-25,8,0.0,0.0,0.0,0.0,26.1,24.308571428571437
Adamawa,2012-03-26,2012-04-01,8,0.0,0.0,0.0,0.2799999999999999,27.057142857142853,34.81
Adamawa,2012-04-02,2012-04-08,8,0.0,0.0,0.0,5.798571428571428,25.764285714285712,61.56571428571429
Adamawa,2012-04-09,2012-04-15,8,0.0,1.0,0.0,2.387142857142857,25.482857142857146,69.10142857142857
Adamawa,2012-04-16,2012-04-22,8,0.0,0.0,0.0,5.47,23.90428571428572,75.00428571428571
Adamawa,2012-04-23,2012-04-29,8,0.0,0.0,0.0,0.4985714285714285,25.265714285714285,62.59285714285714
Adamawa,2012-04-30,2012-05-06,8,0.0,0.0,0.0,4.5842857142857145,25.108571428571427,69.37
Adamawa,2012-05-07,2012-05-13,8,0.0,0.0,0.0,8.904285714285715,23.01142857142857,80.56142857142856
Adamawa,2012-05-14,2012-05-20,8,0.0,0.0,0.0,4.238571428571428,23.37,76.79857142857142
Adamawa,2012-05-21,2012-05-27,8,0.0,0.0,0.0,9.411428571428573,22.87285714285714,80.88714285714286
Adamawa,2012-05-28,2012-06-03,8,0.0,0.0,0.0,9.98857142857143,22.47,81.95857142857142
Adamawa,2012-06-04,2012-06-10,8,0.0,0.0,0.0,7.361428571428571,22.66857142857143,81.00714285714287
Adamawa,2012-06-11,2012-06-17,8,0.0,0.0,0.0,5.357142857142857,22.215714285714284,82.27857142857144
Adamawa,2012-06-18,2012-06-24,8,0.0,0.0,0.0,5.192857142857143,22.46,78.40714285714284
Adamawa,2012-06-25,2012-07-01,8,0.0,0.0,0.0,9.672857142857142,20.935714285714287,84.80428571428571
Adamawa,2012-07-02,2012-07-08,8,0.0,0.0,0.0,8.43,20.51285714285714,87.30571428571429
Adamawa,2012-07-09,2012-07-15,8,0.0,0.0,0.0,7.301428571428572,21.192857142857143,86.22
Adamawa,2012-07-16,2012-07-22,8,0.0,0.0,0.0,3.62,21.07428571428571,86.87857142857145
Adamawa,2012-07-23,2012-07-29,8,0.0,0.0,0.0,3.742857142857143,20.81142857142857,86.17571428571429
Adamawa,2012-07-30,2012-08-05,8,0.0,0.0,0.0,11.285714285714286,21.08285714285714,88.48857142857142
Adamawa,2012-08-06,2012-08-12,8,0.0,0.0,0.0,6.914285714285716,20.84428571428572,87.28714285714285
Adamawa,2012-08-13,2012-08-19,8,0.0,0.0,0.0,12.161428571428573,20.58428571428572,88.62285714285714
Adamawa,2012-08-20,2012-08-26,8,0.0,0.0,0.0,10.111428571428572,20.44,86.63714285714285
Adamawa,2012-08-27,2012-09-02,8,0.0,0.0,0.0,12.16,21.03857142857143,86.85857142857142
Adamawa,2012-09-03,2012-09-09,8,0.0,0.0,0.0,13.768571428571429,20.58,88.06142857142858
Adamawa,2012-09-10,2012-09-16,8,0.0,0.0,0.0,17.475714285714286,20.93285714285714,86.78999999999999
Adamawa,2012-09-17,2012-09-23,8,0.0,0.0,0.0,16.032857142857143,20.90714285714285,87.56142857142858
Adamawa,2012-09-24,2012-09-30,8,0.0,0.0,0.0,4.194285714285714,21.052857142857142,87.57142857142857
Adamawa,2012-10-01,2012-10-07,8,0.0,0.0,0.0,10.0,21.42571428571429,86.60714285714286
Adamawa,2012-10-08,2012-10-14,8,0.0,0.0,0.0,4.821428571428571,21.84428571428572,83.42714285714285
Adamawa,2012-10-15,2012-10-21,8,0.0,0.0,0.0,5.331428571428572,21.704285714285717,85.34714285714286
Adamawa,2012-10-22,2012-10-28,8,0.0,0.0,0.0,2.5442857142857145,21.641428571428573,83.82571428571428
Adamawa,2012-10-29,2012-11-04,8,0.0,0.0,0.0,0.7885714285714285,21.89428571428571,74.34285714285714
Adamawa,2012-11-05,2012-11-11,8,0.0,0.0,0.0,2.38,21.468571428571423,82.0542857142857
Adamawa,2012-11-12,2012-11-18,8,0.0,0.0,0.0,0.1228571428571428,21.97,75.43857142857144
Adamawa,2012-11-19,2012-11-25,8,0.0,0.0,0.0,0.5728571428571428,22.044285714285717,71.61142857142856
Adamawa,2012-11-26,2012-12-02,8,0.0,0.0,0.0,0.1228571428571428,21.148571428571437,70.90428571428572
Adamawa,2012-12-03,2012-12-09,8,0.0,0.0,0.0,0.0099999999999999,21.714285714285715,61.47857142857144
Adamawa,2012-12-10,2012-12-16,8,0.0,0.0,0.0,0.0,21.08857142857143,59.14857142857142
Adamawa,2012-12-17,2012-12-23,8,0.0,0.0,0.0,0.0,20.15285714285714,56.31285714285714
Adamawa,2012-12-24,2012-12-30,8,0.0,0.0,0.0,0.0,19.02,50.712857142857146
Adamawa,2012-12-31,2013-01-06,8,0.0,0.0,0.0,0.0,20.24428571428572,49.38428571428572
Adamawa,2013-01-07,2013-01-13,8,0.0,0.0,0.0,0.0,20.147142857142857,52.00428571428571
Adamawa,2013-01-14,2013-01-20,8,0.0,0.0,0.0,0.0128571428571428,23.31571428571429,47.14857142857143
Adamawa,2013-01-21,2013-01-27,8,0.0,0.0,0.0,0.1671428571428571,24.402857142857147,57.13285714285716
Adamawa,2013-01-28,2013-02-03,8,0.0,0.0,0.0,0.0142857142857142,20.41857142857143,47.71
Adamawa,2013-02-04,2013-02-10,8,0.0,0.0,0.0,0.0,23.45714285714286,45.57857142857142
Adamawa,2013-02-11,2013-02-17,8,0.0,0.0,0.0,0.0014285714285714,24.65857142857143,37.77
Adamawa,2013-02-18,2013-02-24,8,0.0,0.0,0.0,0.0,25.344285714285714,39.69571428571429
Adamawa,2013-02-25,2013-03-03,8,0.0,0.0,0.0,0.1128571428571428,26.541428571428565,46.99571428571428
Adamawa,2013-03-04,2013-03-10,8,0.0,0.0,0.0,0.0114285714285714,26.032857142857143,55.95142857142857
Adamawa,2013-03-11,2013-03-17,8,0.0,0.0,0.0,0.7885714285714286,25.73142857142857,60.64857142857142
Adamawa,2013-03-18,2013-03-24,8,0.0,0.0,0.0,0.1085714285714285,25.612857142857145,59.26571428571429
Adamawa,2013-03-25,2013-03-31,8,0.0,0.0,0.0,3.462857142857142,24.252857142857145,70.44857142857143
Adamawa,2013-04-01,2013-04-07,8,0.0,0.0,0.0,3.008571428571429,25.06428571428572,64.71714285714286
Adamawa,2013-04-08,2013-04-14,8,0.0,0.0,0.0,5.457142857142857,24.19428571428572,72.06571428571428
Adamawa,2013-04-15,2013-04-21,8,0.0,0.0,0.0,0.92,24.888571428571428,65.53999999999999
Adamawa,2013-04-22,2013-04-28,8,0.0,0.0,0.0,7.558571428571428,23.50428571428571,73.45142857142856
Adamawa,2013-04-29,2013-05-05,8,0.0,0.0,0.0,5.965714285714285,23.71285714285714,76.59857142857142
Adamawa,2013-05-06,2013-05-12,8,0.0,0.0,0.0,3.4957142857142856,23.307142857142857,79.02999999999999
Adamawa,2013-05-13,2013-05-19,8,0.0,0.0,0.0,3.291428571428572,23.917142857142856,74.36714285714287
Adamawa,2013-05-20,2013-05-26,8,0.0,0.0,0.0,5.145714285714286,23.57,78.48857142857142
Adamawa,2013-05-27,2013-06-02,8,0.0,0.0,0.0,8.731428571428571,23.19,79.32000000000001
Adamawa,2013-06-03,2013-06-09,8,0.0,0.0,0.0,9.475714285714286,22.705714285714286,80.16857142857143
Adamawa,2013-06-10,2013-06-16,8,0.0,0.0,0.0,5.048571428571428,23.118571428571425,78.32142857142857
Adamawa,2013-06-17,2013-06-23,8,0.0,0.0,0.0,4.024285714285714,22.92142857142857,78.41857142857143
Adamawa,2013-06-24,2013-06-30,8,0.0,0.0,0.0,3.0242857142857145,21.89428571428571,82.80142857142857
Adamawa,2013-07-01,2013-07-07,8,0.0,0.0,0.0,13.535714285714286,21.60571428571429,82.56857142857143
Adamawa,2013-07-08,2013-07-14,8,0.0,0.0,0.0,7.234285714285713,21.391428571428573,81.59571428571428
Adamawa,2013-07-15,2013-07-21,8,0.0,0.0,0.0,14.051428571428572,21.662857142857145,83.76142857142857
Adamawa,2013-07-22,2013-07-28,8,0.0,0.0,0.0,11.568571428571426,21.31571428571429,87.15571428571427
Adamawa,2013-07-29,2013-08-04,8,0.0,0.0,0.0,15.732857142857144,20.052857142857142,88.08142857142857
Adamawa,2013-08-05,2013-08-11,8,0.0,0.0,0.0,12.174285714285714,20.775714285714287,88.56428571428572
Adamawa,2013-08-12,2013-08-18,8,0.0,0.0,0.0,7.79,21.077142857142857,89.47714285714287
Adamawa,2013-08-19,2013-08-25,8,0.0,0.0,0.0,11.00285714285714,20.54142857142857,87.7742857142857
Adamawa,2013-08-26,2013-09-01,8,0.0,0.0,0.0,11.811428571428571,20.69428571428572,87.93285714285715
Adamawa,2013-09-02,2013-09-08,8,0.0,0.0,0.0,8.565714285714284,20.967142857142854,86.98571428571428
Adamawa,2013-09-09,2013-09-15,8,0.0,0.0,0.0,9.847142857142856,21.01142857142857,87.37142857142855
Adamawa,2013-09-16,2013-09-22,8,0.0,0.0,0.0,11.25,22.17714285714285,83.41714285714285
Adamawa,2013-09-23,2013-09-29,8,0.0,0.0,0.0,18.017142857142854,21.38571428571429,87.04857142857144
Adamawa,2013-09-30,2013-10-06,8,0.0,0.0,0.0,9.995714285714286,21.615714285714287,85.36571428571428
Adamawa,2013-10-07,2013-10-13,8,0.0,0.0,0.0,3.997142857142857,21.19857142857143,86.32285714285713
Adamawa,2013-10-14,2013-10-20,8,0.0,0.0,0.0,4.609999999999999,21.76,84.32714285714287
Adamawa,2013-10-21,2013-10-27,8,0.0,0.0,0.0,1.7785714285714285,21.788571428571423,78.74571428571429
Adamawa,2013-10-28,2013-11-03,8,0.0,0.0,0.0,0.1357142857142857,21.49142857142857,76.86714285714285
Adamawa,2013-11-04,2013-11-10,8,0.0,0.0,0.0,0.0042857142857142,21.91,61.16571428571429
Adamawa,2013-11-11,2013-11-17,8,0.0,0.0,0.0,0.0528571428571428,22.20142857142857,73.46571428571428
Adamawa,2013-11-18,2013-11-24,8,0.0,0.0,0.0,0.01,22.68,72.12142857142858
Adamawa,2013-11-25,2013-12-01,8,0.0,0.0,0.0,0.1185714285714285,22.557142857142857,67.00142857142858
Adamawa,2013-12-02,2013-12-08,8,0.0,0.0,0.0,0.5742857142857144,22.84714285714286,70.63285714285715
Adamawa,2013-12-09,2013-12-15,8,0.0,0.0,0.0,0.09,19.95714285714286,67.78142857142858
Adamawa,2013-12-16,2013-12-22,8,0.0,0.0,0.0,0.0,18.520000000000003,55.90857142857142
Adamawa,2013-12-23,2013-12-29,8,0.0,0.0,0.0,0.0,22.031428571428567,53.247142857142855
Adamawa,2013-12-30,2014-01-05,9,0.0,0.0,0.0,0.0,20.528571428571432,44.28285714285715
Adamawa,2014-01-06,2014-01-12,9,0.0,0.0,0.0,0.0,19.89428571428571,45.11571428571428
Adamawa,2014-01-13,2014-01-19,9,0.0,0.0,0.0,0.0,21.982857142857146,46.39000000000001
Adamawa,2014-01-20,2014-01-26,9,0.0,0.0,0.0,0.0,22.678571428571427,36.248571428571424
Adamawa,2014-01-27,2014-02-02,9,0.0,0.0,0.0,0.0114285714285714,23.497142857142855,43.855714285714285
Adamawa,2014-02-03,2014-02-09,9,0.0,0.0,0.0,0.0,22.845714285714287,42.08714285714286
Adamawa,2014-02-10,2014-02-16,9,0.0,0.0,0.0,0.0,22.017142857142854,36.432857142857145
Adamawa,2014-02-17,2014-02-23,9,0.0,0.0,0.0,0.0,23.91714285714286,30.64
Adamawa,2014-02-24,2014-03-02,9,0.0,0.0,0.0,1.1514285714285717,25.297142857142852,53.15142857142858
Adamawa,2014-03-03,2014-03-09,9,0.0,0.0,0.0,0.0171428571428571,24.96142857142857,46.83285714285715
Adamawa,2014-03-10,2014-03-16,9,0.0,0.0,0.0,0.09,25.335714285714285,35.68857142857143
Adamawa,2014-03-17,2014-03-23,9,0.0,0.0,0.0,0.8814285714285715,26.89428571428572,36.81285714285714
Adamawa,2014-03-24,2014-03-30,9,0.0,0.0,0.0,5.112857142857143,25.07857142857143,68.74999999999999
Adamawa,2014-03-31,2014-04-06,9,0.0,0.0,0.0,0.2585714285714285,25.461428571428574,59.105714285714285
Adamawa,2014-04-07,2014-04-13,9,0.0,0.0,0.0,1.3728571428571428,25.148571428571422,65.38857142857144
Adamawa,2014-04-14,2014-04-20,9,0.0,0.0,0.0,4.107142857142857,24.812857142857144,69.20857142857143
Adamawa,2014-04-21,2014-04-27,9,0.0,0.0,0.0,8.241428571428571,23.574285714285715,79.38
Adamawa,2014-04-28,2014-05-04,9,0.0,0.0,0.0,15.457142857142856,23.41714285714286,81.15285714285714
Adamawa,2014-05-05,2014-05-11,9,0.0,0.0,0.0,4.591428571428572,22.91857142857143,83.14714285714285
Adamawa,2014-05-12,2014-05-18,9,0.0,0.0,0.0,4.462857142857143,23.078571428571426,76.96428571428571
Adamawa,2014-05-19,2014-05-25,9,0.0,0.0,0.0,2.0700000000000003,24.26,74.33142857142856
Adamawa,2014-05-26,2014-06-01,9,0.0,0.0,0.0,9.154285714285717,23.395714285714284,78.26714285714284
Adamawa,2014-06-02,2014-06-08,9,0.0,0.0,0.0,11.260000000000002,23.01142857142857,81.42714285714285
Adamawa,2014-06-09,2014-06-15,9,0.0,0.0,0.0,4.4,23.125714285714285,81.62428571428572
Adamawa,2014-06-16,2014-06-22,9,0.0,0.0,0.0,6.594285714285715,22.84142857142857,82.37142857142858
Adamawa,2014-06-23,2014-06-29,9,0.0,1.0,0.0,6.641428571428572,22.301428571428573,82.9157142857143
Adamawa,2014-06-30,2014-07-06,9,0.0,0.0,0.0,8.28142857142857,22.368571428571425,83.00285714285715
Adamawa,2014-07-07,2014-07-13,9,0.0,0.0,0.0,3.435714285714285,22.16,81.26714285714286
Adamawa,2014-07-14,2014-07-20,9,0.0,0.0,0.0,3.704285714285714,22.217142857142854,81.62285714285714
Adamawa,2014-07-21,2014-07-27,9,0.0,0.0,0.0,6.674285714285714,21.732857142857146,84.61428571428571
Adamawa,2014-07-28,2014-08-03,9,0.0,0.0,0.0,8.117142857142857,21.585714285714285,84.95285714285716
Adamawa,2014-08-04,2014-08-10,9,0.0,0.0,0.0,9.187142857142858,20.81714285714286,86.39285714285714
Adamawa,2014-08-11,2014-08-17,9,0.0,0.0,0.0,7.198571428571428,20.415714285714284,87.22285714285714
Adamawa,2014-08-18,2014-08-24,9,0.0,0.0,0.0,8.535714285714286,20.212857142857143,88.63285714285715
Adamawa,2014-08-25,2014-08-31,9,0.0,0.0,0.0,5.188571428571429,21.49428571428572,85.0557142857143
Adamawa,2014-09-01,2014-09-07,9,0.0,0.0,0.0,10.634285714285712,20.142857142857142,88.33571428571429
Adamawa,2014-09-08,2014-09-14,9,0.0,0.0,0.0,7.174285714285714,21.277142857142856,85.04714285714286
Adamawa,2014-09-15,2014-09-21,9,0.0,0.0,0.0,11.142857142857142,21.365714285714287,84.64857142857143
Adamawa,2014-09-22,2014-09-28,9,0.0,0.0,0.0,11.161428571428573,21.442857142857143,83.68571428571428
Adamawa,2014-09-29,2014-10-05,9,0.0,0.0,0.0,7.381428571428572,21.46,85.26285714285713
Adamawa,2014-10-06,2014-10-12,9,1.0,8.0,0.0,3.4285714285714284,21.962857142857143,84.72857142857143
Adamawa,2014-10-13,2014-10-19,9,0.0,0.0,0.0,5.167142857142857,21.71857142857143,84.65428571428572
Adamawa,2014-10-20,2014-10-26,9,0.0,0.0,0.0,1.2542857142857144,22.051428571428573,78.53428571428572
Adamawa,2014-10-27,2014-11-02,9,0.0,0.0,0.0,0.5257142857142857,22.215714285714284,78.56714285714285
Adamawa,2014-11-03,2014-11-09,9,0.0,0.0,0.0,0.2442857142857143,22.582857142857144,76.02000000000001
Adamawa,2014-11-10,2014-11-16,9,0.0,0.0,0.0,0.2685714285714285,23.022857142857145,70.81714285714285
Adamawa,2014-11-17,2014-11-23,9,0.0,0.0,0.0,0.0357142857142857,21.884285714285717,63.19571428571427
Adamawa,2014-11-24,2014-11-30,9,0.0,0.0,0.0,0.0071428571428571,21.528571428571432,64.31428571428572
Adamawa,2014-12-01,2014-12-07,9,0.0,0.0,0.0,0.0,21.56571428571429,53.442857142857136
Adamawa,2014-12-08,2014-12-14,9,0.0,0.0,0.0,0.0028571428571428,22.04714285714286,49.59571428571428
Adamawa,2014-12-15,2014-12-21,9,0.0,0.0,0.0,0.0,20.99285714285714,46.637142857142855
Adamawa,2014-12-22,2014-12-28,9,0.0,0.0,0.0,0.0,19.735714285714288,48.07857142857143
Adamawa,2014-12-29,2015-01-04,9,0.0,0.0,0.0,0.0,20.204285714285717,45.42714285714286
Adamawa,2015-01-05,2015-01-11,9,0.0,0.0,0.0,0.0,16.32857142857143,42.61571428571428
Adamawa,2015-01-12,2015-01-18,9,0.0,0.0,0.0,0.0,17.982857142857142,39.11714285714286
Adamawa,2015-01-19,2015-01-25,9,0.0,0.0,0.0,0.0,22.368571428571432,33.25
Adamawa,2015-01-26,2015-02-01,9,0.0,0.0,0.0,0.0,23.15,36.75
Adamawa,2015-02-02,2015-02-08,9,0.0,0.0,0.0,0.0,25.49857142857143,37.08428571428572
Adamawa,2015-02-09,2015-02-15,9,0.0,0.0,0.0,0.0,24.88,31.03428571428572
Adamawa,2015-02-16,2015-02-22,9,0.0,0.0,0.0,0.0571428571428571,25.70142857142857,43.80142857142857
Adamawa,2015-02-23,2015-03-01,9,0.0,0.0,0.0,0.0,24.65714285714285,35.537142857142854
Adamawa,2015-03-02,2015-03-08,9,0.0,0.0,0.0,0.0157142857142857,25.148571428571422,36.45142857142857
Adamawa,2015-03-09,2015-03-15,9,0.0,0.0,0.0,0.0014285714285714,26.52857142857143,44.35142857142857
Adamawa,2015-03-16,2015-03-22,9,0.0,0.0,0.0,0.0071428571428571,27.75,47.06428571428571
Adamawa,2015-03-23,2015-03-29,9,0.0,0.0,0.0,1.2685714285714285,26.43428571428572,60.40285714285714
Adamawa,2015-03-30,2015-04-05,9,0.0,0.0,0.0,0.1057142857142857,25.805714285714288,43.901428571428575
Adamawa,2015-04-06,2015-04-12,9,0.0,0.0,0.0,2.2471428571428573,25.297142857142862,63.67857142857144
Adamawa,2015-04-13,2015-04-19,9,0.0,0.0,0.0,0.0114285714285714,25.86142857142857,41.25142857142857
Adamawa,2015-04-20,2015-04-26,9,0.0,0.0,0.0,0.8471428571428572,26.38714285714285,48.51428571428571
Adamawa,2015-04-27,2015-05-03,9,0.0,0.0,0.0,2.9771428571428573,26.58571428571429,53.694285714285705
Adamawa,2015-05-04,2015-05-10,9,0.0,0.0,0.0,3.298571428571428,24.93142857142857,67.12
Adamawa,2015-05-11,2015-05-17,9,0.0,0.0,0.0,7.574285714285714,23.868571428571425,77.44142857142857
Adamawa,2015-05-18,2015-05-24,9,0.0,0.0,0.0,12.59,23.62857142857143,80.98
Adamawa,2015-05-25,2015-05-31,9,0.0,0.0,0.0,6.542857142857144,23.22,80.33571428571429
Adamawa,2015-06-01,2015-06-07,9,0.0,0.0,0.0,7.6971428571428575,23.257142857142856,80.09428571428573
Adamawa,2015-06-08,2015-06-14,9,0.0,0.0,0.0,3.89,22.842857142857145,79.13571428571427
Adamawa,2015-06-15,2015-06-21,9,0.0,0.0,0.0,4.112857142857143,23.045714285714286,79.5442857142857
Adamawa,2015-06-22,2015-06-28,9,0.0,0.0,0.0,11.10714285714286,22.514285714285712,80.54571428571428
Adamawa,2015-06-29,2015-07-05,9,0.0,0.0,0.0,7.657142857142858,22.14,84.73285714285714
Adamawa,2015-07-06,2015-07-12,9,0.0,0.0,0.0,4.431428571428572,22.898571428571422,81.1857142857143
Adamawa,2015-07-13,2015-07-19,9,0.0,0.0,0.0,9.547142857142855,22.55,83.66285714285716
Adamawa,2015-07-20,2015-07-26,9,0.0,0.0,0.0,9.922857142857142,21.712857142857143,85.59714285714287
Adamawa,2015-07-27,2015-08-02,9,0.0,0.0,0.0,8.9,21.174285714285716,87.61285714285714
Adamawa,2015-08-03,2015-08-09,9,0.0,0.0,0.0,15.077142857142857,21.298571428571428,87.12571428571428
Adamawa,2015-08-10,2015-08-16,9,0.0,0.0,0.0,11.781428571428572,21.88571428571429,86.92
Adamawa,2015-08-17,2015-08-23,9,0.0,0.0,0.0,9.245714285714286,21.647142857142857,85.00142857142858
Adamawa,2015-08-24,2015-08-30,9,0.0,0.0,0.0,16.87857142857143,21.50857142857143,87.11
Adamawa,2015-08-31,2015-09-06,9,0.0,0.0,0.0,18.59857142857143,21.717142857142854,85.91857142857144
Adamawa,2015-09-07,2015-09-13,9,0.0,0.0,0.0,5.008571428571428,21.95,85.17142857142858
Adamawa,2015-09-14,2015-09-20,9,0.0,0.0,0.0,14.204285714285716,21.56142857142857,86.85714285714286
Adamawa,2015-09-21,2015-09-27,9,0.0,0.0,0.0,2.4771428571428573,21.902857142857147,84.07571428571428
Adamawa,2015-09-28,2015-10-04,9,0.0,0.0,0.0,8.912857142857144,22.118571428571425,83.92142857142858
Adamawa,2015-10-05,2015-10-11,9,0.0,0.0,0.0,3.829999999999999,22.03142857142857,84.04857142857144
Adamawa,2015-10-12,2015-10-18,9,0.0,0.0,0.0,5.047142857142857,22.665714285714284,81.43571428571428
Adamawa,2015-10-19,2015-10-25,9,0.0,0.0,0.0,3.5685714285714285,22.15428571428572,82.31428571428572
Adamawa,2015-10-26,2015-11-01,9,0.0,0.0,0.0,3.307142857142857,21.58857142857143,87.31142857142858
Adamawa,2015-11-02,2015-11-08,9,0.0,0.0,0.0,0.7628571428571428,22.178571428571427,78.80999999999999
Adamawa,2015-11-09,2015-11-15,9,0.0,0.0,0.0,0.0114285714285714,21.55857142857143,71.42571428571429
Adamawa,2015-11-16,2015-11-22,9,0.0,0.0,0.0,0.0,21.352857142857143,65.23142857142857
Adamawa,2015-11-23,2015-11-29,9,0.0,0.0,0.0,0.0,21.38714285714285,60.46
Adamawa,2015-11-30,2015-12-06,9,0.0,0.0,0.0,0.0,19.710000000000004,59.26714285714286
Adamawa,2015-12-07,2015-12-13,9,0.0,0.0,0.0,0.0,18.648571428571422,56.371428571428574
Adamawa,2015-12-14,2015-12-20,9,0.0,0.0,0.0,0.0,17.855714285714285,48.50857142857143
Adamawa,2015-12-21,2015-12-27,9,0.0,0.0,0.0,0.0,18.22,53.48142857142857
Adamawa,2016-01-04,2016-01-10,9,0.0,0.0,0.0,0.0,21.574285714285715,44.86428571428571
Adamawa,2016-01-11,2016-01-17,9,0.0,0.0,0.0,0.0,21.83857142857143,38.38142857142857
Adamawa,2016-01-18,2016-01-24,9,0.0,0.0,0.0,0.0,20.107142857142858,38.79428571428572
Adamawa,2016-01-25,2016-01-31,9,0.0,0.0,0.0,0.0,18.231428571428573,42.74
Adamawa,2016-02-01,2016-02-07,9,0.0,0.0,0.0,0.0,21.53142857142857,41.03857142857142
Adamawa,2016-02-08,2016-02-14,9,0.0,0.0,0.0,0.0,20.76,34.96285714285714
Adamawa,2016-02-15,2016-02-21,9,0.0,0.0,0.0,0.0,25.042857142857144,30.58571428571429
Adamawa,2016-02-22,2016-02-28,9,0.0,0.0,0.0,0.0,25.052857142857142,31.69857142857143
Adamawa,2016-02-29,2016-03-06,9,0.0,0.0,0.0,0.0157142857142857,27.4,45.21428571428571
Adamawa,2016-03-07,2016-03-13,9,0.0,0.0,0.0,0.5171428571428571,27.16142857142857,52.39571428571429
Adamawa,2016-03-14,2016-03-20,9,0.0,0.0,0.0,1.0985714285714283,26.615714285714287,55.64000000000001
Adamawa,2016-03-21,2016-03-27,9,0.0,0.0,0.0,4.27,26.387142857142862,63.04571428571428
Adamawa,2016-03-28,2016-04-03,9,0.0,0.0,0.0,0.0099999999999999,26.504285714285714,48.76
Adamawa,2016-04-04,2016-04-10,9,0.0,0.0,0.0,7.0442857142857145,25.232857142857146,70.03285714285714
Adamawa,2016-04-11,2016-04-17,9,0.0,0.0,0.0,3.718571428571429,24.49428571428572,77.03571428571429
Adamawa,2016-04-18,2016-04-24,9,0.0,0.0,0.0,1.93,25.110000000000003,61.06285714285715
Adamawa,2016-04-25,2016-05-01,9,0.0,0.0,0.0,10.034285714285716,24.10571428571429,79.01142857142857
Adamawa,2016-05-02,2016-05-08,9,0.0,0.0,0.0,3.231428571428572,24.078571428571426,77.95714285714287
Adamawa,2016-05-09,2016-05-15,9,0.0,0.0,0.0,8.928571428571429,23.898571428571422,79.98142857142857
Adamawa,2016-05-16,2016-05-22,9,0.0,0.0,0.0,7.441428571428572,23.27,82.58714285714287
Adamawa,2016-05-23,2016-05-29,9,0.0,0.0,0.0,12.282857142857145,22.80428571428572,82.54714285714286
Adamawa,2016-05-30,2016-06-05,9,0.0,0.0,0.0,12.984285714285717,22.994285714285716,81.08285714285715
Adamawa,2016-06-06,2016-06-12,9,0.0,0.0,0.0,9.212857142857144,23.33428571428571,83.46571428571428
Adamawa,2016-06-13,2016-06-19,9,0.0,0.0,0.0,7.47,22.104285714285712,82.11714285714285
Adamawa,2016-06-20,2016-06-26,9,0.0,0.0,0.0,6.961428571428571,21.29285714285714,85.93142857142857
Adamawa,2016-06-27,2016-07-03,9,0.0,0.0,0.0,6.9557142857142855,21.908571428571427,85.68714285714285
Adamawa,2016-07-04,2016-07-10,9,0.0,0.0,0.0,7.667142857142856,22.142857142857142,84.80857142857143
Adamawa,2016-07-11,2016-07-17,9,0.0,0.0,0.0,10.09,20.64428571428571,89.0342857142857
Adamawa,2016-07-18,2016-07-24,9,0.0,0.0,0.0,10.467142857142855,21.06,88.32285714285715
Adamawa,2016-07-25,2016-07-31,9,0.0,0.0,0.0,16.39428571428571,20.822857142857146,89.01285714285714
Adamawa,2016-08-01,2016-08-07,9,0.0,0.0,0.0,7.27,21.6,86.75999999999999
Adamawa,2016-08-08,2016-08-14,9,0.0,0.0,0.0,15.492857142857144,21.24,88.73571428571428
Adamawa,2016-08-15,2016-08-21,9,0.0,0.0,0.0,6.848571428571428,21.90142857142857,84.21285714285715
Adamawa,2016-08-22,2016-08-28,9,0.0,0.0,0.0,16.01,21.004285714285714,88.21142857142857
Adamawa,2016-08-29,2016-09-04,9,0.0,0.0,0.0,29.83,21.442857142857143,88.46142857142858
Adamawa,2016-09-05,2016-09-11,9,0.0,0.0,0.0,6.99857142857143,22.17285714285714,87.11714285714285
Adamawa,2016-09-12,2016-09-18,9,0.0,0.0,0.0,13.151428571428571,21.384285714285717,86.3442857142857
Adamawa,2016-09-19,2016-09-25,9,0.0,0.0,0.0,8.432857142857143,21.497142857142855,88.30142857142856
Adamawa,2016-09-26,2016-10-02,9,0.0,0.0,0.0,6.047142857142857,21.965714285714284,84.85714285714286
Adamawa,2016-10-03,2016-10-09,9,0.0,0.0,0.0,4.8100000000000005,21.898571428571422,86.50857142857141
Adamawa,2016-10-10,2016-10-16,9,0.0,0.0,0.0,5.782857142857144,22.472857142857144,82.57428571428571
Adamawa,2016-10-17,2016-10-23,9,0.0,0.0,0.0,4.658571428571428,22.141428571428573,80.82571428571428
Adamawa,2016-10-24,2016-10-30,9,0.0,0.0,0.0,1.182857142857143,22.12857142857143,78.95857142857143
Adamawa,2016-10-31,2016-11-06,9,0.0,0.0,0.0,0.2014285714285714,22.3,76.59857142857143
Adamawa,2016-11-07,2016-11-13,9,0.0,0.0,0.0,0.0,21.42,65.55857142857143
Adamawa,2016-11-14,2016-11-20,9,0.0,0.0,0.0,0.07,22.18142857142857,73.25142857142858
Adamawa,2016-11-21,2016-11-27,9,0.0,0.0,0.0,0.0,22.527142857142856,68.83857142857144
Adamawa,2016-11-28,2016-12-04,9,0.0,0.0,0.0,0.0085714285714285,22.384285714285717,58.89428571428572
Adamawa,2016-12-05,2016-12-11,9,0.0,0.0,0.0,0.0,21.962857142857143,63.97428571428571
Adamawa,2016-12-12,2016-12-18,9,0.0,0.0,0.0,0.0,21.22571428571429,57.03428571428572
Adamawa,2016-12-19,2016-12-25,9,0.0,0.0,0.0,0.0,20.74,54.51571428571429
Adamawa,2016-12-26,2017-01-01,9,0.0,0.0,0.0,0.0,19.74142857142857,49.02571428571429
Adamawa,2017-01-02,2017-01-08,9,0.0,0.0,0.0,0.0,20.84142857142857,47.21142857142858
Adamawa,2017-01-09,2017-01-15,9,0.0,0.0,0.0,0.0,21.512857142857143,46.98
Adamawa,2017-01-16,2017-01-22,9,0.0,0.0,0.0,0.0014285714285714,23.72714285714285,43.15714285714286
Adamawa,2017-01-23,2017-01-29,9,0.0,0.0,0.0,0.0,23.982857142857146,48.72285714285714
Adamawa,2017-01-30,2017-02-05,9,0.0,0.0,0.0,0.0,22.672857142857143,39.32142857142857
Adamawa,2017-02-06,2017-02-12,9,0.0,0.0,0.0,0.0,22.794285714285717,34.19571428571429
Adamawa,2017-02-13,2017-02-19,9,0.0,0.0,0.0,0.0,20.93,37.66
Adamawa,2017-02-20,2017-02-26,9,0.0,0.0,0.0,0.0,23.1,37.38428571428572
Adamawa,2017-02-27,2017-03-05,9,0.0,0.0,0.0,0.0014285714285714,24.69,30.274285714285707
Adamawa,2017-03-06,2017-03-12,9,0.0,0.0,0.0,0.0,25.064285714285717,38.02428571428572
Adamawa,2017-03-13,2017-03-19,9,0.0,0.0,0.0,0.0,26.17428571428571,31.03142857142857
Adamawa,2017-03-20,2017-03-26,9,0.0,0.0,0.0,0.0242857142857142,26.83428571428571,47.54857142857144
Adamawa,2017-03-27,2017-04-02,9,0.0,0.0,0.0,0.2928571428571428,26.924285714285716,46.65857142857142
Adamawa,2017-04-03,2017-04-09,9,0.0,0.0,0.0,0.2657142857142857,27.125714285714288,55.44714285714287
Adamawa,2017-04-10,2017-04-16,9,0.0,0.0,0.0,5.994285714285715,24.311428571428568,73.70857142857143
Adamawa,2017-04-17,2017-04-23,9,0.0,0.0,0.0,5.614285714285714,24.282857142857143,73.42285714285715
Adamawa,2017-04-24,2017-04-30,9,0.0,0.0,0.0,4.565714285714286,24.88857142857143,70.63857142857141
Adamawa,2017-05-01,2017-05-07,9,0.0,0.0,0.0,11.11,23.73,78.38857142857144
Adamawa,2017-05-08,2017-05-14,9,0.0,0.0,0.0,7.3428571428571425,23.52142857142857,78.89999999999999
Adamawa,2017-05-15,2017-05-21,9,0.0,0.0,0.0,19.74,22.770000000000003,83.90142857142857
Adamawa,2017-05-22,2017-05-28,9,0.0,0.0,0.0,7.485714285714287,23.228571428571428,81.75714285714287
Adamawa,2017-05-29,2017-06-04,9,0.0,0.0,0.0,9.47857142857143,22.957142857142856,84.54857142857142
Adamawa,2017-06-05,2017-06-11,9,0.0,0.0,0.0,3.1342857142857143,23.43428571428572,79.16
Adamawa,2017-06-12,2017-06-18,9,0.0,0.0,0.0,25.382857142857148,22.062857142857144,85.99571428571427
Adamawa,2017-06-19,2017-06-25,9,0.0,0.0,0.0,4.827142857142857,22.0,83.47
Adamawa,2017-06-26,2017-07-02,9,0.0,0.0,0.0,5.288571428571428,22.11285714285714,83.7
Adamawa,2017-07-03,2017-07-09,9,0.0,0.0,0.0,6.652857142857143,21.524285714285718,85.45714285714287
Adamawa,2017-07-10,2017-07-16,9,0.0,0.0,0.0,9.934285714285712,21.18857142857143,86.74428571428572
Adamawa,2017-07-17,2017-07-23,9,0.0,0.0,0.0,20.012857142857143,21.81,85.10142857142857
Adamawa,2017-07-24,2017-07-30,9,0.0,0.0,0.0,7.4871428571428575,21.852857142857143,84.40285714285713
Adamawa,2017-07-31,2017-08-06,9,0.0,0.0,0.0,14.382857142857144,21.40142857142857,87.45714285714284
Adamawa,2017-08-07,2017-08-13,9,0.0,0.0,0.0,19.465714285714288,21.661428571428576,83.71714285714286
Adamawa,2017-08-14,2017-08-20,9,0.0,0.0,0.0,4.738571428571428,21.33428571428572,87.2757142857143
Adamawa,2017-08-21,2017-08-27,9,0.0,0.0,0.0,21.052857142857142,21.08857142857143,88.52000000000001
Adamawa,2017-08-28,2017-09-03,9,0.0,0.0,0.0,5.981428571428571,21.03,87.31285714285715
Adamawa,2017-09-04,2017-09-10,9,0.0,0.0,0.0,8.79857142857143,21.004285714285714,87.34
Adamawa,2017-09-11,2017-09-17,9,0.0,0.0,0.0,21.46,21.632857142857144,84.81857142857143
Adamawa,2017-09-18,2017-09-24,9,0.0,0.0,0.0,17.484285714285715,21.694285714285712,86.98428571428573
Adamawa,2017-09-25,2017-10-01,9,0.0,0.0,0.0,14.410000000000002,21.635714285714283,86.21285714285715
Adamawa,2017-10-02,2017-10-08,9,0.0,0.0,0.0,6.7557142857142845,22.302857142857142,84.25857142857144
Adamawa,2017-10-09,2017-10-15,9,0.0,0.0,0.0,3.675714285714286,22.255714285714287,82.80285714285715
Adamawa,2017-10-16,2017-10-22,9,0.0,0.0,0.0,0.9614285714285716,22.388571428571428,82.73571428571428
Adamawa,2017-10-23,2017-10-29,9,0.0,0.0,0.0,0.0757142857142857,22.24571428571429,78.1942857142857
Adamawa,2017-10-30,2017-11-05,9,0.0,0.0,0.0,1.25,22.062857142857144,79.16999999999999
Adamawa,2017-11-06,2017-11-12,9,0.0,0.0,0.0,0.1285714285714286,22.032857142857143,72.89714285714285
Adamawa,2017-11-13,2017-11-19,9,0.0,0.0,0.0,4.121428571428571,22.768571428571423,75.37
Adamawa,2017-11-20,2017-11-26,9,0.0,0.0,0.0,0.0571428571428571,21.65285714285714,69.99714285714286
Adamawa,2017-11-27,2017-12-03,9,0.0,0.0,0.0,0.0,21.104285714285712,63.3657142857143
Adamawa,2017-12-04,2017-12-10,9,0.0,0.0,0.0,0.0,21.29,60.19714285714286
Adamawa,2017-12-11,2017-12-17,9,0.0,0.0,0.0,0.0,21.634285714285717,61.31857142857143
Adamawa,2017-12-18,2017-12-24,9,0.0,0.0,0.0,0.0,22.254285714285714,56.498571428571424
Adamawa,2017-12-25,2017-12-31,9,0.0,0.0,0.0,0.0,20.185714285714283,52.96428571428572
Adamawa,2018-01-01,2018-01-07,7,0.0,0.0,0.0,0.0,17.877142857142854,45.34285714285714
Adamawa,2018-01-01,2018-12-30,5,0.0,0.0,0.0,5.574862637362638,22.39931318681319,71.3456043956044
Adamawa,2018-01-08,2018-01-14,7,0.0,0.0,0.0,0.0,20.11285714285714,41.08571428571429
Adamawa,2018-01-15,2018-01-21,7,0.0,0.0,0.0,0.0,20.31428571428572,36.85
Adamawa,2018-01-22,2018-01-28,7,0.0,0.0,0.0,0.0,19.862857142857145,42.70857142857143
Adamawa,2018-01-29,2018-02-04,7,0.0,0.0,0.0,0.0,21.192857142857143,43.68285714285714
Adamawa,2018-02-05,2018-02-11,7,0.0,0.0,0.0,0.0,24.545714285714286,41.24142857142857
Adamawa,2018-02-12,2018-02-18,7,0.0,0.0,0.0,0.0,25.07714285714286,43.462857142857146
Adamawa,2018-02-19,2018-02-25,7,0.0,0.0,0.0,2.214285714285714,24.84714285714286,55.07285714285714
Adamawa,2018-02-26,2018-03-04,7,0.0,0.0,0.0,0.0157142857142857,23.98857142857143,58.98857142857143
Adamawa,2018-03-05,2018-03-11,7,0.0,0.0,0.0,0.0857142857142857,24.85285714285714,54.74
Adamawa,2018-03-12,2018-03-18,7,0.0,0.0,0.0,0.0771428571428571,26.20714285714286,52.27
Adamawa,2018-03-19,2018-03-25,7,0.0,0.0,0.0,1.8685714285714283,24.252857142857145,67.28571428571429
Adamawa,2018-03-26,2018-04-01,7,0.0,0.0,0.0,0.1528571428571428,25.617142857142856,53.17142857142857
Adamawa,2018-04-02,2018-04-08,7,0.0,0.0,0.0,1.4471428571428573,25.351428571428567,64.39
Adamawa,2018-04-09,2018-04-15,7,0.0,0.0,0.0,2.015714285714286,24.95571428571429,66.61714285714285
Adamawa,2018-04-16,2018-04-22,7,0.0,0.0,0.0,3.724285714285714,24.24714285714285,73.95
Adamawa,2018-04-23,2018-04-29,7,0.0,0.0,0.0,4.158571428571428,24.411428571428576,76.13142857142859
Adamawa,2018-04-30,2018-05-06,7,0.0,0.0,0.0,7.317142857142857,24.295714285714286,78.26285714285713
Adamawa,2018-05-07,2018-05-13,7,0.0,0.0,0.0,7.152857142857143,23.34714285714286,81.89
Adamawa,2018-05-14,2018-05-20,7,0.0,0.0,0.0,4.247142857142856,23.304285714285715,79.87
Adamawa,2018-05-21,2018-05-27,7,0.0,0.0,0.0,7.774285714285715,23.118571428571425,81.0442857142857
Adamawa,2018-05-28,2018-06-03,7,0.0,0.0,0.0,7.584285714285714,22.73,82.48285714285716
Adamawa,2018-06-04,2018-06-10,7,0.0,0.0,0.0,3.485714285714286,23.295714285714286,80.83
Adamawa,2018-06-11,2018-06-17,7,0.0,0.0,0.0,5.240000000000001,23.32714285714286,81.13285714285715
Adamawa,2018-06-18,2018-06-24,7,0.0,0.0,0.0,9.845714285714283,21.211428571428574,86.62142857142855
Adamawa,2018-06-25,2018-07-01,7,0.0,0.0,0.0,13.69,21.554285714285715,84.16857142857144
Adamawa,2018-07-02,2018-07-08,7,0.0,0.0,0.0,15.994285714285713,21.66714285714286,85.10571428571428
Adamawa,2018-07-09,2018-07-15,7,0.0,0.0,0.0,10.894285714285711,21.738571428571426,82.91714285714285
Adamawa,2018-07-16,2018-07-22,7,0.0,0.0,0.0,20.03857142857143,21.34857142857143,87.32285714285716
Adamawa,2018-07-23,2018-07-29,7,0.0,0.0,0.0,12.70857142857143,21.487142857142857,88.51857142857143
Adamawa,2018-07-30,2018-08-05,7,0.0,0.0,0.0,15.852857142857143,21.052857142857142,88.05285714285715
Adamawa,2018-08-06,2018-08-12,7,0.0,0.0,0.0,9.552857142857144,21.50714285714286,85.99571428571429
Adamawa,2018-08-13,2018-08-19,7,0.0,0.0,0.0,23.21142857142857,21.03,87.1657142857143
Adamawa,2018-08-20,2018-08-26,5,0.0,0.0,0.0,10.925714285714283,20.43857142857143,91.13571428571429
Adamawa,2018-08-27,2018-09-02,7,0.0,0.0,0.0,21.24857142857143,20.65428571428572,90.47142857142858
Adamawa,2018-09-03,2018-09-09,7,0.0,0.0,0.0,20.27142857142857,21.134285714285717,89.22857142857141
Adamawa,2018-09-10,2018-09-16,7,0.0,0.0,0.0,11.138571428571428,21.49285714285714,86.51571428571428
Adamawa,2018-09-17,2018-09-23,7,0.0,0.0,0.0,8.41,22.011428571428574,83.93857142857144
Adamawa,2018-09-24,2018-09-30,7,0.0,0.0,0.0,8.724285714285715,22.01142857142857,85.57428571428571
Adamawa,2018-10-01,2018-10-07,7,0.0,0.0,0.0,8.041428571428572,22.188571428571425,85.74285714285715
Adamawa,2018-10-08,2018-10-14,7,0.0,0.0,0.0,3.7114285714285695,21.994285714285716,84.09
Adamawa,2018-10-15,2018-10-21,7,0.0,0.0,0.0,0.7414285714285714,22.412857142857145,81.87571428571428
Adamawa,2018-10-22,2018-10-28,7,0.0,0.0,0.0,2.912857142857143,21.99571428571429,85.04142857142857
Adamawa,2018-10-29,2018-11-04,7,0.0,0.0,0.0,0.8928571428571429,22.45,80.13714285714286
Adamawa,2018-11-05,2018-11-11,7,0.0,0.0,0.0,2.2071428571428573,22.368571428571432,78.35714285714286
Adamawa,2018-11-12,2018-11-18,7,0.0,0.0,0.0,0.2971428571428571,22.47714285714285,71.81857142857142
Adamawa,2018-11-19,2018-11-25,7,0.0,0.0,0.0,0.0014285714285714,22.544285714285717,68.87142857142858
Adamawa,2018-11-26,2018-12-02,7,0.0,0.0,0.0,0.0071428571428571,22.237142857142857,64.84714285714286
Adamawa,2018-12-10,2018-12-16,7,0.0,0.0,0.0,0.0,21.08857142857143,54.49857142857143
Adamawa,2018-12-17,2018-12-23,7,0.0,0.0,0.0,0.0,19.674285714285716,51.98285714285714
Adamawa,2018-12-24,2018-12-30,7,0.0,0.0,0.0,0.0,20.14,53.707142857142856
Adamawa,2018-12-31,2019-01-06,7,0.0,0.0,0.0,0.0,20.33714285714285,51.78285714285714
Adamawa,2018-12-31,2019-12-29,5,0.0,0.0,0.0,5.264148351648351,22.60585164835165,71.21881868131868
Adamawa,2019-01-07,2019-01-13,7,0.0,0.0,0.0,0.0,20.88,48.2
Adamawa,2019-01-14,2019-01-20,7,0.0,0.0,0.0,0.0,21.617142857142856,41.85285714285714
Adamawa,2019-01-21,2019-01-27,7,0.0,0.0,0.0,0.0242857142857142,23.987142857142853,42.77857142857143
Adamawa,2019-01-28,2019-02-03,7,0.0,0.0,0.0,0.2771428571428572,22.50714285714286,41.790000000000006
Adamawa,2019-02-04,2019-02-10,7,0.0,0.0,0.0,0.0,21.94428571428572,40.05857142857143
Adamawa,2019-02-11,2019-02-17,7,0.0,0.0,0.0,0.0,21.36714285714286,41.28857142857142
Adamawa,2019-02-18,2019-02-24,7,0.0,0.0,0.0,0.0,24.467142857142857,48.925714285714285
Adamawa,2019-02-25,2019-03-03,7,0.0,0.0,0.0,0.2142857142857142,24.55285714285714,56.06571428571429
Adamawa,2019-03-04,2019-03-10,7,0.0,0.0,0.0,0.0785714285714285,25.955714285714283,48.64428571428572
Adamawa,2019-03-11,2019-03-17,7,0.0,0.0,0.0,0.0014285714285714,26.968571428571423,48.59000000000001
Adamawa,2019-03-18,2019-03-24,7,0.0,0.0,0.0,0.5242857142857144,26.828571428571426,53.97571428571428
Adamawa,2019-05-13,2019-05-19,7,0.0,0.0,0.0,6.08,24.51,71.93857142857142
Centre,2010-01-04,2010-01-10,29,0.0,0.0,0.0,3.161428571428572,23.87142857142857,64.06857142857143
Centre,2010-01-11,2010-01-17,29,0.0,0.0,0.0,0.7142857142857143,24.428571428571427,67.23428571428572
Centre,2010-01-18,2010-01-24,29,0.0,0.0,0.0,0.6314285714285715,24.571428571428573,57.720000000000006
Centre,2010-01-25,2010-01-31,29,0.0,0.0,0.0,1.1542857142857144,26.358571428571427,68.21714285714286
Centre,2010-02-01,2010-02-07,29,0.0,0.0,0.0,2.2385714285714284,25.792857142857144,66.65428571428572
Centre,2010-02-08,2010-02-14,29,0.0,0.0,0.0,2.205714285714286,25.691428571428567,71.48857142857142
Centre,2010-02-15,2010-02-21,29,0.0,0.0,0.0,0.4685714285714286,26.595714285714283,72.83285714285715
Centre,2010-02-22,2010-02-28,29,0.0,0.0,0.0,5.09857142857143,25.95142857142857,79.27285714285713
Centre,2010-03-01,2010-03-07,29,0.0,0.0,0.0,2.662857142857143,26.282857142857143,74.44714285714285
Centre,2010-03-08,2010-03-14,29,0.0,0.0,0.0,6.642857142857143,24.77285714285714,86.13428571428571
Centre,2010-03-15,2010-03-21,29,0.0,0.0,0.0,7.028571428571428,24.24714285714285,85.85142857142856
Centre,2010-03-22,2010-03-28,29,0.0,0.0,0.0,3.3728571428571428,24.284285714285712,78.25142857142858
Centre,2010-03-29,2010-04-04,29,0.0,0.0,0.0,3.870000000000001,25.071428571428577,83.19714285714285
Centre,2010-04-01,2010-10-25,1,2.0,27.0,0.0,6.246682692307692,23.55163461538461,87.21389423076924
Centre,2010-04-05,2010-04-11,29,0.0,0.0,0.0,6.467142857142858,24.707142857142856,85.39285714285714
Centre,2010-04-12,2010-04-18,29,0.0,0.0,0.0,6.021428571428571,25.46142857142857,84.99000000000001
Centre,2010-04-19,2010-04-25,29,0.0,0.0,0.0,8.16,24.481428571428573,89.48571428571428
Centre,2010-04-26,2010-05-02,29,0.0,0.0,0.0,6.332857142857143,24.33428571428572,87.88000000000001
Centre,2010-05-03,2010-05-09,29,0.0,0.0,0.0,4.675714285714285,24.442857142857143,87.57857142857142
Centre,2010-05-06,2010-12-31,1,2.0,46.0,0.0,5.324958333333333,23.34820833333333,84.546875
Centre,2010-05-10,2010-05-16,29,0.0,0.0,0.0,5.127142857142857,24.68285714285715,86.77428571428572
Centre,2010-05-17,2010-05-23,29,0.0,0.0,0.0,5.609999999999999,24.428571428571427,87.19857142857144
Centre,2010-05-24,2010-05-30,29,0.0,0.0,0.0,3.255714285714286,24.85428571428572,85.25142857142858
Centre,2010-05-31,2010-06-06,29,0.0,0.0,0.0,7.170000000000001,23.58142857142857,88.30285714285715
Centre,2010-06-07,2010-06-13,29,0.0,0.0,0.0,1.655714285714286,24.875714285714285,80.7957142857143
Centre,2010-06-14,2010-06-20,29,0.0,0.0,0.0,6.490000000000001,24.12714285714286,84.5657142857143
Centre,2010-06-21,2010-06-27,29,0.0,0.0,0.0,11.907142857142858,23.247142857142855,89.52428571428571
Centre,2010-06-28,2010-07-04,29,0.0,0.0,0.0,6.241428571428572,23.19,88.00142857142858
Centre,2010-07-05,2010-07-11,29,0.0,0.0,0.0,7.121428571428572,22.61571428571429,89.72285714285714
Centre,2010-07-12,2010-07-18,29,0.0,0.0,0.0,4.304285714285714,22.985714285714284,86.90142857142858
Centre,2010-07-19,2010-07-25,29,0.0,0.0,0.0,9.01,22.252857142857145,89.65428571428573
Centre,2010-07-26,2010-08-01,29,0.0,0.0,0.0,2.374285714285714,22.728571428571428,86.90285714285714
Centre,2010-08-02,2010-08-08,29,0.0,0.0,0.0,5.765714285714286,23.275714285714287,86.68571428571428
Centre,2010-08-09,2010-08-15,29,0.0,0.0,0.0,7.977142857142858,22.332857142857144,87.99142857142856
Centre,2010-08-16,2010-08-22,29,0.0,0.0,0.0,11.282857142857145,22.808571428571437,88.81142857142858
Centre,2010-08-23,2010-08-29,29,0.0,0.0,0.0,5.204285714285715,22.84857142857143,88.76714285714287
Centre,2010-08-30,2010-09-05,29,0.0,0.0,0.0,3.3857142857142857,22.972857142857144,86.57428571428571
Centre,2010-09-06,2010-09-12,29,0.0,4.0,0.0,4.241428571428572,22.370000000000005,88.2242857142857
Centre,2010-09-13,2010-09-19,29,0.0,0.0,0.0,3.808571428571428,23.15857142857143,85.13428571428571
Centre,2010-09-20,2010-09-26,29,0.0,4.0,0.0,10.89,22.74,88.46428571428571
Centre,2010-09-27,2010-10-03,29,0.0,8.0,0.0,5.007142857142857,23.395714285714284,86.99857142857142
Centre,2010-10-04,2010-10-10,29,1.0,5.0,0.0,4.8014285714285725,23.72,85.32571428571428
Centre,2010-10-11,2010-10-17,29,0.0,5.0,0.0,8.845714285714285,23.018571428571427,87.20857142857143
Centre,2010-10-18,2010-10-24,29,0.0,4.0,0.0,10.52142857142857,22.547142857142852,91.5457142857143
Centre,2010-10-25,2010-10-31,29,0.0,0.0,0.0,7.674285714285714,23.182857142857134,87.8
Centre,2010-11-01,2010-11-07,29,0.0,0.0,0.0,8.27,23.15571428571429,87.63571428571429
Centre,2010-11-08,2010-11-14,29,0.0,0.0,0.0,4.09,23.892857142857142,83.58999999999999
Centre,2010-11-15,2010-11-21,29,0.0,0.0,0.0,2.551428571428571,23.557142857142857,83.01714285714286
Centre,2010-11-22,2010-11-28,29,0.0,0.0,0.0,2.4014285714285712,23.52285714285714,84.02428571428571
Centre,2010-11-29,2010-12-05,29,0.0,0.0,0.0,2.4042857142857144,23.66857142857143,77.16428571428571
Centre,2010-12-06,2010-12-12,29,0.0,0.0,0.0,0.2714285714285714,23.018571428571427,67.55571428571429
Centre,2010-12-13,2010-12-19,29,0.0,0.0,0.0,0.0271428571428571,23.801428571428573,66.94142857142857
Centre,2010-12-20,2010-12-26,29,0.0,0.0,0.0,1.0771428571428572,23.26142857142857,68.72571428571429
Centre,2010-12-27,2011-01-02,29,0.0,0.0,0.0,0.0242857142857142,23.115714285714287,66.35142857142857
Centre,2011-01-01,2011-09-22,27,197.0,6266.0,0.0,4.499471698113208,23.65411320754717,82.47698113207548
Centre,2011-01-03,2011-01-09,29,0.0,0.0,0.0,0.4171428571428571,22.818571428571428,69.57428571428571
Centre,2011-01-10,2011-01-16,29,0.0,1.0,0.0,0.03,22.214285714285715,62.74571428571428
Centre,2011-01-17,2011-01-23,29,0.0,1.0,0.0,0.0385714285714285,22.858571428571427,61.535714285714285
Centre,2011-01-24,2011-01-30,29,0.0,1.0,0.0,0.0,24.46,60.87857142857143
Centre,2011-01-31,2011-02-06,29,0.0,1.0,0.0,0.6642857142857144,24.73428571428571,75.89714285714285
Centre,2011-02-07,2011-02-13,29,0.0,1.0,0.0,0.3442857142857142,24.680000000000003,71.37857142857142
Centre,2011-02-14,2011-02-20,29,2.0,15.0,0.0,1.5571428571428572,24.858571428571427,78.25857142857141
Centre,2011-02-21,2011-02-27,29,0.0,18.0,0.0,2.620000000000001,23.90571428571429,80.77
Centre,2011-02-28,2011-03-06,29,2.0,24.0,0.0,2.4214285714285717,24.7,80.64857142857143
Centre,2011-03-07,2011-03-13,29,7.0,54.0,0.0,1.3914285714285717,25.58142857142857,77.96000000000001
Centre,2011-03-14,2011-03-20,29,14.0,145.0,0.0,0.6385714285714286,25.852857142857147,73.23714285714286
Centre,2011-03-21,2011-03-27,29,15.0,377.0,0.0,4.557142857142857,24.37285714285714,82.47
Centre,2011-03-28,2011-04-03,29,13.0,330.0,0.0,1.9514285714285715,24.59714285714286,81.86571428571428
Centre,2011-04-04,2011-04-10,29,9.0,305.0,0.0,4.805714285714286,24.417142857142856,82.20714285714284
Centre,2011-04-11,2011-04-17,29,4.0,268.0,0.0,4.635714285714285,24.697142857142858,83.61142857142859
Centre,2011-04-18,2011-04-24,29,2.0,233.0,0.0,5.317142857142857,24.14,88.83142857142856
Centre,2011-04-25,2011-05-01,29,3.0,202.0,0.0,2.704285714285714,24.115714285714287,86.65857142857143
Centre,2011-05-02,2011-05-08,29,1.0,191.0,0.0,4.708571428571429,24.33857142857143,87.25714285714285
Centre,2011-05-09,2011-05-15,29,0.0,145.0,0.0,5.088571428571428,24.298571428571428,86.50285714285715
Centre,2011-05-16,2011-05-22,29,1.0,34.0,0.0,4.531428571428571,24.074285714285715,89.07000000000001
Centre,2011-05-23,2011-05-29,29,0.0,117.0,0.0,4.829999999999999,23.368571428571425,87.99857142857141
Centre,2011-05-30,2011-06-05,29,3.0,80.0,0.0,5.140000000000001,24.054285714285715,88.16428571428573
Centre,2011-06-06,2011-06-12,29,0.0,5.0,0.0,1.5257142857142856,24.012857142857143,83.94142857142857
Centre,2011-06-13,2011-06-19,29,1.0,70.0,0.0,5.832857142857143,24.487142857142857,83.27571428571427
Centre,2011-06-20,2011-06-26,29,3.0,68.0,0.0,4.390000000000001,23.102857142857143,87.96428571428571
Centre,2011-06-27,2011-07-03,29,0.0,0.0,0.0,5.987142857142857,22.994285714285716,88.12571428571428
Centre,2011-07-04,2011-07-10,29,0.0,42.0,0.0,5.552857142857143,23.47857142857143,87.03571428571429
Centre,2011-07-11,2011-07-17,29,3.0,30.0,0.0,3.6828571428571424,22.728571428571428,85.89857142857143
Centre,2011-07-18,2011-07-24,29,4.0,35.0,0.0,6.822857142857143,23.135714285714283,86.34142857142855
Centre,2011-07-25,2011-07-31,29,1.0,37.0,0.0,4.074285714285714,22.582857142857144,85.25428571428571
Centre,2011-08-01,2011-08-07,29,3.0,41.0,0.0,10.36,22.397142857142853,90.4057142857143
Centre,2011-08-08,2011-08-14,29,1.0,12.0,0.0,9.415714285714284,22.24142857142857,89.70714285714287
Centre,2011-08-15,2011-08-21,29,3.0,34.0,0.0,7.628571428571427,22.237142857142857,88.28999999999999
Centre,2011-08-22,2011-08-28,29,0.0,20.0,0.0,9.287142857142856,22.607142857142858,87.87714285714286
Centre,2011-08-29,2011-09-04,29,2.0,14.0,0.0,9.891428571428571,22.185714285714287,90.19428571428573
Centre,2011-09-05,2011-09-11,29,0.0,6.0,0.0,7.467142857142858,22.424285714285716,90.3157142857143
Centre,2011-09-12,2011-09-18,29,2.0,16.0,0.0,16.62857142857143,22.064285714285717,92.43714285714286
Centre,2011-09-19,2011-09-25,29,2.0,17.0,0.0,6.105714285714287,23.11285714285714,85.83714285714284
Centre,2011-09-23,2011-12-11,1,35.0,529.0,0.0,3.697125,23.143375,80.205
Centre,2011-09-26,2011-10-02,29,6.0,29.0,0.0,6.752857142857144,22.84,87.85000000000001
Centre,2011-10-03,2011-10-09,29,6.0,40.0,0.0,6.024285714285715,23.634285714285717,86.01285714285713
Centre,2011-10-10,2011-10-16,29,7.0,67.0,0.0,10.7,22.702857142857145,90.56714285714284
Centre,2011-10-17,2011-10-23,29,1.0,60.0,0.0,7.452857142857142,23.02142857142857,88.55428571428571
Centre,2011-10-24,2011-10-30,29,6.0,126.0,0.0,5.445714285714286,22.772857142857145,86.4557142857143
Centre,2011-10-31,2011-11-06,29,4.0,79.0,0.0,1.37,23.482857142857146,84.34142857142857
Centre,2011-11-07,2011-11-13,29,1.0,48.0,0.0,0.8885714285714287,24.182857142857134,80.43285714285715
Centre,2011-11-14,2011-11-20,29,2.0,50.0,0.0,0.1342857142857143,24.23428571428571,77.69428571428571
Centre,2011-11-21,2011-11-27,29,1.0,18.0,0.0,0.6957142857142857,23.36,73.63428571428571
Centre,2011-11-28,2011-12-04,29,0.0,8.0,0.0,0.0314285714285714,21.78428571428572,62.83428571428572
Centre,2011-12-05,2011-12-11,29,0.0,10.0,0.0,0.0357142857142857,22.42571428571429,61.56857142857143
Centre,2011-12-12,2011-12-18,29,0.0,2.0,0.0,0.1042857142857142,22.58,60.03142857142857
Centre,2011-12-19,2011-12-25,29,0.0,8.0,0.0,0.06,23.309999999999995,61.71857142857143
Centre,2011-12-26,2012-01-01,29,1.0,2.0,0.0,0.0114285714285714,23.718571428571423,63.567142857142855
Centre,2012-01-02,2012-01-08,29,0.0,0.0,0.0,0.1171428571428571,23.318571428571428,54.06
Centre,2012-01-09,2012-01-15,29,1.0,7.0,0.0,0.3985714285714285,23.40857142857143,56.59714285714286
Centre,2012-01-16,2012-01-22,29,0.0,3.0,0.0,0.1557142857142857,24.27,63.59857142857143
Centre,2012-01-23,2012-01-29,29,0.0,2.0,0.0,0.0428571428571428,25.44428571428572,66.39571428571429
Centre,2012-01-30,2012-02-05,29,0.0,1.0,0.0,0.3042857142857142,25.24285714285714,66.7685714285714
Centre,2012-02-06,2012-02-12,29,0.0,0.0,0.0,0.85,25.15571428571428,69.72857142857143
Centre,2012-02-13,2012-02-19,29,0.0,3.0,0.0,2.0385714285714287,25.16142857142857,75.68142857142858
Centre,2012-02-20,2012-02-26,29,0.0,0.0,0.0,3.942857142857143,24.537142857142857,79.02285714285713
Centre,2012-02-27,2012-03-04,29,0.0,1.0,0.0,0.6671428571428571,24.49571428571429,78.75285714285714
Centre,2012-03-05,2012-03-11,29,0.0,1.0,0.0,0.5257142857142857,25.050000000000004,74.94000000000001
Centre,2012-03-12,2012-03-18,29,0.0,2.0,0.0,2.032857142857143,25.140000000000004,77.73285714285714
Centre,2012-03-19,2012-03-25,29,0.0,1.0,0.0,0.4557142857142857,25.41714285714286,74.0357142857143
Centre,2012-03-26,2012-04-01,29,0.0,0.0,0.0,3.4200000000000004,25.264285714285712,78.26285714285713
Centre,2012-04-02,2012-04-08,29,0.0,0.0,0.0,3.1685714285714286,25.1,82.73
Centre,2012-04-09,2012-04-15,29,0.0,0.0,0.0,7.279999999999999,24.49857142857143,86.55285714285712
Centre,2012-04-16,2012-04-22,29,0.0,1.0,0.0,8.67,23.65714285714285,87.71000000000001
Centre,2012-04-23,2012-04-29,29,0.0,0.0,0.0,4.201428571428571,24.48,84.77857142857144
Centre,2012-04-30,2012-05-06,29,0.0,3.0,0.0,4.871428571428571,24.2,86.66714285714285
Centre,2012-05-07,2012-05-13,29,0.0,1.0,0.0,4.2700000000000005,23.49857142857143,87.15285714285713
Centre,2012-05-14,2012-05-20,29,0.0,0.0,0.0,5.424285714285714,23.68,86.84571428571428
Centre,2012-05-21,2012-05-27,29,0.0,2.0,0.0,3.505714285714285,23.587142857142855,86.55999999999999
Centre,2012-05-28,2012-06-03,29,0.0,0.0,0.0,6.92,23.881428571428568,84.92571428571429
Centre,2012-06-04,2012-06-10,29,0.0,0.0,0.0,3.960000000000001,23.82,84.94857142857143
Centre,2012-06-11,2012-06-17,29,0.0,0.0,0.0,5.43,23.97857142857143,83.75
Centre,2012-06-18,2012-06-24,29,0.0,0.0,0.0,8.887142857142859,22.708571428571428,89.50142857142858
Centre,2012-06-25,2012-07-01,29,0.0,0.0,0.0,12.05,21.972857142857144,90.73714285714289
Centre,2012-07-02,2012-07-08,29,0.0,0.0,0.0,7.494285714285714,21.94714285714286,89.59428571428573
Centre,2012-07-09,2012-07-15,29,1.0,4.0,0.0,4.47,22.64428571428571,88.12714285714287
Centre,2012-07-16,2012-07-22,29,0.0,0.0,0.0,2.912857142857143,22.799999999999997,85.82428571428571
Centre,2012-07-23,2012-07-29,29,0.0,0.0,0.0,1.3028571428571427,22.89,82.84000000000002
Centre,2012-07-30,2012-08-05,29,0.0,0.0,0.0,6.497142857142856,22.434285714285718,88.67999999999999
Centre,2012-08-06,2012-08-12,29,0.0,0.0,0.0,4.312857142857143,22.537142857142857,86.97428571428573
Centre,2012-08-13,2012-08-19,29,0.0,0.0,0.0,9.51,22.135714285714283,89.45285714285713
Centre,2012-08-20,2012-08-26,29,0.0,0.0,0.0,9.65857142857143,21.871428571428574,88.46285714285715
Centre,2012-08-27,2012-09-02,29,0.0,1.0,0.0,10.571428571428571,22.295714285714286,90.58142857142856
Centre,2012-09-03,2012-09-09,29,0.0,0.0,0.0,9.398571428571428,21.982857142857146,89.67857142857143
Centre,2012-09-10,2012-09-16,29,0.0,1.0,0.0,10.444285714285714,22.492857142857144,90.18285714285716
Centre,2012-09-17,2012-09-23,29,1.0,2.0,0.0,6.770000000000001,22.702857142857145,88.20714285714284
Centre,2012-09-24,2012-09-30,29,0.0,0.0,0.0,8.794285714285715,22.71,88.06999999999998
Centre,2012-10-01,2012-10-07,29,0.0,0.0,0.0,13.73142857142857,22.65142857142857,90.30571428571427
Centre,2012-10-08,2012-10-14,29,0.0,1.0,0.0,6.262857142857143,23.33285714285714,86.58142857142856
Centre,2012-10-15,2012-10-21,29,0.0,0.0,0.0,8.38857142857143,22.585714285714285,91.71428571428572
Centre,2012-10-22,2012-10-28,29,0.0,0.0,0.0,5.2700000000000005,23.285714285714285,85.89857142857143
Centre,2012-10-29,2012-11-04,29,0.0,0.0,0.0,6.279999999999999,23.02428571428572,86.63428571428572
Centre,2012-11-05,2012-11-11,29,0.0,0.0,0.0,9.002857142857144,23.041428571428572,87.5657142857143
Centre,2012-11-12,2012-11-18,29,0.0,1.0,0.0,1.5871428571428574,23.87285714285714,83.04142857142857
Centre,2012-11-19,2012-11-25,29,0.0,0.0,0.0,3.0142857142857147,23.92285714285714,83.01571428571428
Centre,2012-11-26,2012-12-02,29,0.0,0.0,0.0,1.5714285714285714,23.978571428571428,78.36571428571428
Centre,2012-12-03,2012-12-09,29,0.0,0.0,0.0,1.4,24.050000000000004,80.4742857142857
Centre,2012-12-10,2012-12-16,29,0.0,0.0,0.0,0.1757142857142857,24.094285714285714,68.86571428571429
Centre,2012-12-17,2012-12-23,29,0.0,0.0,0.0,0.0014285714285714,23.42428571428571,66.52428571428571
Centre,2012-12-24,2012-12-30,29,0.0,1.0,0.0,0.0785714285714285,22.92,62.721428571428575
Centre,2012-12-31,2013-01-06,29,0.0,0.0,0.0,0.4385714285714286,23.912857142857145,62.03285714285714
Centre,2013-01-07,2013-01-13,29,0.0,0.0,0.0,0.1928571428571428,24.13285714285714,60.42285714285713
Centre,2013-01-14,2013-01-20,29,0.0,0.0,0.0,0.2785714285714286,25.23285714285714,69.33428571428571
Centre,2013-01-21,2013-01-27,29,0.0,0.0,0.0,0.5042857142857143,25.91,75.54142857142858
Centre,2013-01-28,2013-02-03,29,0.0,0.0,0.0,0.7671428571428571,23.90571428571429,63.78000000000001
Centre,2013-02-04,2013-02-10,29,0.0,0.0,0.0,0.1971428571428571,25.395714285714288,64.79142857142857
Centre,2013-02-11,2013-02-17,29,0.0,0.0,0.0,0.1728571428571428,25.37,74.50571428571428
Centre,2013-02-18,2013-02-24,29,0.0,0.0,0.0,0.8300000000000001,25.955714285714286,72.76142857142858
Centre,2013-02-25,2013-03-03,29,0.0,0.0,0.0,1.828571428571428,25.91714285714286,78.02714285714286
Centre,2013-03-04,2013-03-10,29,0.0,1.0,0.0,2.488571428571429,25.58714285714285,79.95714285714287
Centre,2013-03-11,2013-03-17,29,0.0,0.0,0.0,8.094285714285714,24.38714285714286,83.00285714285714
Centre,2013-03-18,2013-03-24,29,0.0,2.0,0.0,3.65,23.99428571428572,85.31142857142858
Centre,2013-03-25,2013-03-31,29,0.0,0.0,0.0,4.091428571428572,23.74,85.76857142857143
Centre,2013-04-01,2013-04-07,29,0.0,0.0,0.0,3.841428571428571,24.487142857142857,84.02571428571427
Centre,2013-04-08,2013-04-14,29,0.0,0.0,0.0,7.004285714285714,24.19,87.21857142857144
Centre,2013-04-15,2013-04-21,29,0.0,0.0,0.0,3.837142857142857,24.118571428571432,85.68714285714285
Centre,2013-04-22,2013-04-28,29,0.0,0.0,0.0,5.367142857142857,23.697142857142858,87.59285714285714
Centre,2013-04-29,2013-05-05,29,0.0,0.0,0.0,4.017142857142857,24.335714285714285,84.38285714285713
Centre,2013-05-06,2013-05-12,29,0.0,0.0,0.0,4.577142857142857,23.90285714285714,87.14571428571428
Centre,2013-05-13,2013-05-19,29,0.0,0.0,0.0,6.042857142857143,24.118571428571432,86.29285714285713
Centre,2013-05-20,2013-05-26,29,0.0,0.0,0.0,4.847142857142857,24.33,85.85000000000001
Centre,2013-05-27,2013-06-02,29,0.0,0.0,0.0,7.442857142857143,23.44571428571428,88.15571428571427
Centre,2013-06-03,2013-06-09,29,0.0,0.0,0.0,5.624285714285714,23.5,86.53857142857143
Centre,2013-06-10,2013-06-16,29,0.0,0.0,0.0,3.0728571428571425,23.881428571428568,84.87571428571428
Centre,2013-06-17,2013-06-23,29,0.0,0.0,0.0,2.9914285714285715,24.06142857142857,83.98
Centre,2013-06-24,2013-06-30,29,0.0,0.0,0.0,3.834285714285714,22.924285714285716,87.18571428571428
Centre,2013-07-01,2013-07-07,29,0.0,0.0,0.0,7.102857142857142,22.24857142857143,90.32714285714285
Centre,2013-07-08,2013-07-14,29,0.0,0.0,0.0,6.352857142857142,22.648571428571437,86.02428571428572
Centre,2013-07-15,2013-07-21,29,0.0,0.0,0.0,2.915714285714285,22.99571428571429,84.87714285714287
Centre,2013-07-22,2013-07-28,29,0.0,0.0,0.0,2.524285714285714,22.575714285714287,85.83428571428571
Centre,2013-07-29,2013-08-04,29,0.0,0.0,0.0,4.761428571428572,22.13571428571429,87.0442857142857
Centre,2013-08-05,2013-08-11,29,0.0,0.0,0.0,3.071428571428572,22.43,86.43571428571428
Centre,2013-08-12,2013-08-18,29,0.0,0.0,0.0,2.147142857142857,23.075714285714287,82.55428571428571
Centre,2013-08-19,2013-08-25,29,0.0,0.0,0.0,7.827142857142857,22.385714285714283,87.48571428571428
Centre,2013-08-26,2013-09-01,29,0.0,0.0,0.0,5.857142857142857,22.625714285714285,87.83142857142856
Centre,2013-09-02,2013-09-08,29,0.0,0.0,0.0,7.97,22.59857142857143,87.58142857142856
Centre,2013-09-09,2013-09-15,29,0.0,0.0,0.0,6.428571428571429,22.54,88.19714285714285
Centre,2013-09-16,2013-09-22,29,0.0,0.0,0.0,8.314285714285715,23.19714285714286,88.14571428571428
Centre,2013-09-23,2013-09-29,29,0.0,0.0,0.0,8.37,22.898571428571437,87.35142857142857
Centre,2013-09-30,2013-10-06,29,0.0,0.0,0.0,8.781428571428572,22.622857142857143,88.81571428571428
Centre,2013-10-07,2013-10-13,29,0.0,0.0,0.0,8.48,22.482857142857146,90.14285714285714
Centre,2013-10-14,2013-10-20,29,0.0,0.0,0.0,8.437142857142858,23.138571428571428,85.84857142857143
Centre,2013-10-21,2013-10-27,29,0.0,0.0,0.0,8.457142857142857,22.70428571428571,86.53428571428572
Centre,2013-10-28,2013-11-03,29,0.0,2.0,0.0,3.281428571428571,23.68142857142857,82.44714285714285
Centre,2013-11-04,2013-11-10,29,0.0,0.0,0.0,4.23,23.37571428571428,83.42571428571429
Centre,2013-11-11,2013-11-17,29,0.0,2.0,0.0,10.927142857142856,23.0,87.65857142857143
Centre,2013-11-18,2013-11-24,29,0.0,0.0,0.0,4.13,23.47142857142857,86.98428571428572
Centre,2013-11-25,2013-12-01,29,0.0,0.0,0.0,1.0628571428571427,24.129999999999995,81.08571428571427
Centre,2013-12-02,2013-12-08,29,0.0,2.0,0.0,4.441428571428572,23.661428571428576,84.08714285714288
Centre,2013-12-09,2013-12-15,29,0.0,0.0,0.0,1.0085714285714285,22.56142857142857,77.64714285714285
Centre,2013-12-16,2013-12-22,29,0.0,0.0,0.0,0.0042857142857142,21.882857142857144,66.38428571428571
Centre,2013-12-23,2013-12-29,29,0.0,0.0,0.0,0.1271428571428571,24.75428571428571,65.72857142857144
Centre,2013-12-30,2014-01-05,30,0.0,0.0,0.0,0.0028571428571428,23.44,61.621428571428574
Centre,2014-01-06,2014-01-12,30,0.0,0.0,0.0,0.0085714285714285,23.49857142857143,56.89142857142857
Centre,2014-01-13,2014-01-19,30,0.0,0.0,0.0,0.1828571428571428,24.604285714285712,62.432857142857145
Centre,2014-01-20,2014-01-26,30,0.0,0.0,0.0,0.2085714285714285,24.61,62.17571428571428
Centre,2014-01-27,2014-02-02,30,0.0,1.0,0.0,0.1257142857142857,25.342857142857135,72.96285714285713
Centre,2014-02-03,2014-02-09,30,0.0,2.0,0.0,0.0342857142857142,25.38428571428572,59.36714285714287
Centre,2014-02-10,2014-02-16,30,0.0,0.0,0.0,0.4557142857142857,24.65857142857143,59.49428571428571
Centre,2014-02-17,2014-02-23,30,0.0,1.0,0.0,0.0,25.55,56.00428571428573
Centre,2014-02-24,2014-03-02,30,0.0,0.0,0.0,4.722857142857143,24.705714285714286,80.49285714285715
Centre,2014-03-03,2014-03-09,30,0.0,2.0,0.0,1.2771428571428571,24.71,77.67285714285713
Centre,2014-03-10,2014-03-16,30,0.0,0.0,0.0,4.145714285714286,24.965714285714288,73.34285714285714
Centre,2014-03-17,2014-03-23,30,0.0,2.0,0.0,1.3042857142857145,25.54142857142857,78.75714285714287
Centre,2014-03-24,2014-03-30,30,0.0,1.0,0.0,3.185714285714286,24.287142857142857,84.34857142857142
Centre,2014-03-31,2014-04-06,30,0.0,0.0,0.0,2.407142857142857,24.665714285714284,83.68142857142857
Centre,2014-04-07,2014-04-13,30,0.0,2.0,0.0,2.268571428571429,24.525714285714287,82.49142857142859
Centre,2014-04-14,2014-04-20,30,0.0,0.0,0.0,7.301428571428572,24.43142857142857,84.49571428571429
Centre,2014-04-21,2014-04-27,30,0.0,0.0,0.0,5.711428571428572,24.115714285714287,87.21000000000001
Centre,2014-04-28,2014-05-04,30,0.0,0.0,0.0,7.147142857142858,24.11,88.09714285714286
Centre,2014-05-05,2014-05-11,30,0.0,0.0,0.0,5.205714285714286,23.912857142857145,88.85857142857144
Centre,2014-05-12,2014-05-18,30,0.0,0.0,0.0,5.032857142857144,23.542857142857137,87.21142857142857
Centre,2014-05-19,2014-05-25,30,0.0,0.0,0.0,2.4971428571428578,24.518571428571427,84.28857142857143
Centre,2014-05-26,2014-06-01,30,0.0,0.0,0.0,5.535714285714286,24.277142857142856,85.24142857142859
Centre,2014-06-02,2014-06-08,30,0.0,0.0,0.0,5.308571428571428,23.767142857142854,86.9742857142857
Centre,2014-06-09,2014-06-15,30,0.0,6.0,0.0,4.474285714285714,24.06,85.35000000000001
Centre,2014-06-16,2014-06-22,30,0.0,0.0,0.0,3.888571428571428,24.148571428571437,84.50714285714285
Centre,2014-06-23,2014-06-29,30,0.0,0.0,0.0,3.385714285714286,23.737142857142857,83.19285714285715
Centre,2014-06-30,2014-07-06,30,0.0,0.0,0.0,5.275714285714285,24.01,83.89142857142858
Centre,2014-07-07,2014-07-13,30,0.0,0.0,0.0,3.507142857142857,23.22714285714286,84.57714285714287
Centre,2014-07-14,2014-07-20,30,0.0,0.0,0.0,3.4571428571428564,23.64,82.66857142857144
Centre,2014-07-21,2014-07-27,30,0.0,0.0,0.0,2.007142857142857,23.62,81.00571428571428
Centre,2014-07-28,2014-08-03,30,0.0,0.0,0.0,3.071428571428572,23.247142857142855,83.41857142857144
Centre,2014-08-04,2014-08-10,30,0.0,0.0,0.0,5.487142857142857,22.795714285714286,85.75
Centre,2014-08-11,2014-08-17,30,0.0,0.0,0.0,7.168571428571428,22.415714285714284,88.09428571428573
Centre,2014-08-18,2014-08-24,30,0.0,0.0,0.0,5.86142857142857,22.377142857142854,87.23428571428569
Centre,2014-08-25,2014-08-31,30,0.0,0.0,0.0,7.3,22.914285714285715,87.9342857142857
Centre,2014-09-01,2014-09-07,30,0.0,0.0,0.0,5.171428571428572,22.575714285714287,85.63142857142859
Centre,2014-09-08,2014-09-14,30,0.0,0.0,0.0,6.965714285714285,22.965714285714284,86.49428571428572
Centre,2014-09-15,2014-09-21,30,0.0,0.0,0.0,5.451428571428571,22.835714285714285,85.53999999999999
Centre,2014-09-22,2014-09-28,30,0.0,0.0,0.0,10.512857142857142,22.868571428571425,87.26285714285714
Centre,2014-09-29,2014-10-05,30,0.0,0.0,0.0,6.474285714285715,22.36285714285714,88.70571428571427
Centre,2014-10-06,2014-10-12,30,0.0,0.0,0.0,4.674285714285714,22.92142857142857,89.1842857142857
Centre,2014-10-13,2014-10-19,30,0.0,0.0,0.0,3.541428571428572,23.27857142857143,86.73428571428572
Centre,2014-10-20,2014-10-26,30,0.0,0.0,0.0,7.640000000000001,23.33714285714285,86.2042857142857
Centre,2014-10-27,2014-11-02,30,0.0,0.0,0.0,10.58,22.90571428571428,89.10571428571428
Centre,2014-11-03,2014-11-09,30,0.0,0.0,0.0,7.061428571428571,23.705714285714286,86.20857142857143
Centre,2014-11-10,2014-11-16,30,0.0,0.0,0.0,3.2857142857142856,23.92142857142857,84.66285714285713
Centre,2014-11-17,2014-11-23,30,0.0,0.0,0.0,2.44,23.62285714285714,79.41714285714286
Centre,2014-11-24,2014-11-30,30,0.0,0.0,0.0,0.4228571428571429,24.13571428571429,75.64285714285714
Centre,2014-12-01,2014-12-07,30,0.0,0.0,0.0,0.7557142857142857,24.50142857142857,67.04857142857144
Centre,2014-12-08,2014-12-14,30,0.0,0.0,0.0,0.26,24.395714285714284,67.65571428571428
Centre,2014-12-15,2014-12-21,30,0.0,0.0,0.0,0.0,24.125714285714285,59.38142857142858
Centre,2014-12-22,2014-12-28,30,0.0,0.0,0.0,0.0042857142857142,23.94,58.16142857142858
Centre,2014-12-29,2015-01-04,30,0.0,0.0,0.0,0.03,24.221428571428568,56.36857142857143
Centre,2015-01-05,2015-01-11,30,0.0,0.0,0.0,0.0128571428571428,21.827142857142857,49.68
Centre,2015-01-12,2015-01-18,30,0.0,0.0,0.0,0.0385714285714285,22.942857142857143,50.07571428571429
Centre,2015-01-19,2015-01-25,30,0.0,0.0,0.0,0.12,25.324285714285715,59.23
Centre,2015-01-26,2015-02-01,30,0.0,0.0,0.0,0.02,25.922857142857143,63.16428571428571
Centre,2015-02-02,2015-02-08,30,0.0,0.0,0.0,0.4371428571428571,25.872857142857143,70.27142857142857
Centre,2015-02-09,2015-02-15,30,0.0,0.0,0.0,0.2299999999999999,26.214285714285715,67.70714285714284
Centre,2015-02-16,2015-02-22,30,0.0,1.0,0.0,2.0814285714285714,25.974285714285717,73.89285714285714
Centre,2015-02-23,2015-03-01,30,0.0,0.0,0.0,0.3728571428571428,24.88714285714286,69.86999999999999
Centre,2015-03-02,2015-03-08,30,0.0,0.0,0.0,1.6414285714285717,26.05428571428572,64.40428571428572
Centre,2015-03-09,2015-03-15,30,0.0,0.0,0.0,2.54,25.917142857142856,75.41428571428573
Centre,2015-03-16,2015-03-22,30,0.0,0.0,0.0,3.692857142857143,24.90142857142857,83.43571428571428
Centre,2015-03-23,2015-03-29,30,0.0,0.0,0.0,3.6685714285714286,24.547142857142852,84.94428571428571
Centre,2015-03-30,2015-04-05,30,0.0,0.0,0.0,3.171428571428572,24.318571428571428,76.91857142857144
Centre,2015-04-06,2015-04-12,30,0.0,0.0,0.0,9.08,24.255714285714284,86.93142857142857
Centre,2015-04-13,2015-04-19,30,0.0,0.0,0.0,1.9757142857142855,24.821428571428573,80.27999999999999
Centre,2015-04-20,2015-04-26,30,0.0,0.0,0.0,4.541428571428571,24.4,84.87142857142858
Centre,2015-04-27,2015-05-03,30,0.0,0.0,0.0,5.091428571428572,24.408571428571427,84.7242857142857
Centre,2015-05-04,2015-05-10,30,0.0,0.0,0.0,4.541428571428571,24.148571428571437,86.36
Centre,2015-05-11,2015-05-17,30,0.0,0.0,0.0,7.635714285714285,24.16857142857143,87.58571428571429
Centre,2015-05-18,2015-05-24,30,0.0,0.0,0.0,4.307142857142857,24.33,86.88428571428572
Centre,2015-05-25,2015-05-31,30,0.0,0.0,0.0,5.394285714285714,24.54428571428572,85.40285714285713
Centre,2015-06-01,2015-06-07,30,0.0,0.0,0.0,9.007142857142856,23.58857142857143,89.16285714285713
Centre,2015-06-08,2015-06-14,30,0.0,0.0,0.0,2.214285714285714,23.73428571428571,84.94428571428571
Centre,2015-06-15,2015-06-21,30,0.0,0.0,0.0,9.432857142857143,23.32571428571429,88.9657142857143
Centre,2015-06-22,2015-06-28,30,0.0,0.0,0.0,3.4528571428571437,23.40571428571428,86.35142857142857
Centre,2015-06-29,2015-07-05,30,0.0,0.0,0.0,5.14,23.37714285714286,87.05285714285715
Centre,2015-07-06,2015-07-12,30,0.0,0.0,0.0,5.495714285714286,23.705714285714286,87.40999999999998
Centre,2015-07-13,2015-07-19,30,0.0,0.0,0.0,5.342857142857143,23.90142857142857,85.56714285714285
Centre,2015-07-20,2015-07-26,30,0.0,0.0,0.0,4.838571428571428,23.11,86.53
Centre,2015-07-27,2015-08-02,30,0.0,0.0,0.0,7.190000000000002,22.571428571428573,87.73714285714287
Centre,2015-08-03,2015-08-09,30,0.0,0.0,0.0,5.071428571428571,23.28428571428572,85.89714285714285
Centre,2015-08-10,2015-08-16,30,0.0,0.0,0.0,4.758571428571429,23.52428571428572,85.20857142857142
Centre,2015-08-17,2015-08-23,30,0.0,0.0,0.0,4.634285714285714,23.83571428571429,83.20714285714287
Centre,2015-08-24,2015-08-30,30,0.0,0.0,0.0,6.255714285714285,23.01857142857143,87.2757142857143
Centre,2015-08-31,2015-09-06,30,0.0,0.0,0.0,6.017142857142858,23.292857142857144,86.43142857142857
Centre,2015-09-07,2015-09-13,30,0.0,0.0,0.0,3.858571428571428,23.377142857142854,84.95
Centre,2015-09-14,2015-09-20,30,0.0,0.0,0.0,8.824285714285715,22.934285714285718,90.05
Centre,2015-09-21,2015-09-27,30,0.0,0.0,0.0,5.51,23.44428571428572,84.65142857142857
Centre,2015-09-28,2015-10-04,30,0.0,0.0,0.0,4.301428571428572,23.94857142857143,84.49142857142859
Centre,2015-10-05,2015-10-11,30,0.0,0.0,0.0,4.562857142857142,23.460000000000004,85.63857142857144
Centre,2015-10-12,2015-10-18,30,0.0,0.0,0.0,6.517142857142857,23.984285714285715,85.34857142857142
Centre,2015-10-19,2015-10-25,30,0.0,0.0,0.0,13.52857142857143,23.18285714285714,89.51571428571427
Centre,2015-10-26,2015-11-01,30,0.0,0.0,0.0,17.604285714285716,22.595714285714287,92.8142857142857
Centre,2015-11-02,2015-11-08,30,0.0,0.0,0.0,7.662857142857143,22.987142857142853,89.8357142857143
Centre,2015-11-09,2015-11-15,30,0.0,0.0,0.0,2.7985714285714285,24.25,79.98428571428573
Centre,2015-11-16,2015-11-22,30,0.0,0.0,0.0,0.06,24.33428571428571,72.89428571428572
Centre,2015-11-23,2015-11-29,30,0.0,0.0,0.0,0.0942857142857142,24.775714285714287,67.73
Centre,2015-11-30,2015-12-06,30,0.0,0.0,0.0,0.4014285714285715,23.51571428571429,66.86571428571429
Centre,2015-12-07,2015-12-13,30,0.0,0.0,0.0,0.8785714285714284,22.76571428571429,65.71714285714285
Centre,2015-12-14,2015-12-20,30,0.0,0.0,0.0,0.1014285714285714,22.154285714285717,60.551428571428566
Centre,2015-12-21,2015-12-27,30,0.0,0.0,0.0,0.1557142857142857,22.68857142857143,59.41
Centre,2016-01-04,2016-01-10,30,0.0,0.0,0.0,0.1157142857142857,25.16142857142857,55.70285714285715
Centre,2016-01-11,2016-01-17,30,0.0,0.0,0.0,1.1285714285714286,24.594285714285714,56.23142857142857
Centre,2016-01-18,2016-01-24,30,0.0,0.0,0.0,0.0114285714285714,24.87,53.44428571428572
Centre,2016-01-25,2016-01-31,30,0.0,0.0,0.0,0.0057142857142857,23.57714285714286,47.83857142857143
Centre,2016-02-01,2016-02-07,30,0.0,0.0,0.0,0.2228571428571428,25.28,50.71999999999999
Centre,2016-02-08,2016-02-14,30,0.0,0.0,0.0,0.1628571428571428,25.140000000000004,54.53857142857144
Centre,2016-02-15,2016-02-21,30,0.0,0.0,0.0,0.24,27.07,59.16142857142857
Centre,2016-02-22,2016-02-28,30,0.0,0.0,0.0,0.0728571428571428,27.465714285714284,55.42428571428572
Centre,2016-02-29,2016-03-06,30,0.0,0.0,0.0,4.351428571428571,26.82,76.13142857142859
Centre,2016-03-07,2016-03-13,30,0.0,0.0,0.0,10.668571428571427,25.25142857142857,84.78857142857143
Centre,2016-03-14,2016-03-20,30,0.0,0.0,0.0,4.231428571428571,24.954285714285717,85.50571428571428
Centre,2016-03-21,2016-03-27,30,0.0,0.0,0.0,9.534285714285716,25.08714285714285,86.92714285714285
Centre,2016-03-28,2016-04-03,30,0.0,0.0,0.0,5.53,25.68142857142857,85.08
Centre,2016-04-04,2016-04-10,30,0.0,0.0,0.0,5.0442857142857145,25.1,85.26
Centre,2016-04-11,2016-04-17,30,0.0,0.0,0.0,11.904285714285717,24.75142857142857,89.2
Centre,2016-04-18,2016-04-24,30,0.0,0.0,0.0,4.997142857142857,25.002857142857145,85.27999999999999
Centre,2016-04-25,2016-05-01,30,0.0,0.0,0.0,6.38857142857143,24.362857142857145,89.28999999999999
Centre,2016-05-02,2016-05-08,30,0.0,0.0,0.0,3.031428571428571,24.43285714285714,87.84714285714287
Centre,2016-05-09,2016-05-15,30,0.0,0.0,0.0,7.218571428571429,24.17,88.49285714285715
Centre,2016-05-16,2016-05-22,30,0.0,0.0,0.0,13.124285714285715,23.85714285714286,90.85857142857142
Centre,2016-05-23,2016-05-29,30,0.0,0.0,0.0,5.831428571428572,23.748571428571427,87.74142857142859
Centre,2016-05-30,2016-06-05,30,0.0,0.0,0.0,8.595714285714285,24.177142857142854,86.21857142857144
Centre,2016-06-06,2016-06-12,30,0.0,0.0,0.0,6.912857142857144,23.915714285714284,88.71571428571428
Centre,2016-06-13,2016-06-19,30,0.0,0.0,0.0,5.477142857142858,22.568571428571428,88.75857142857141
Centre,2016-06-20,2016-06-26,30,0.0,0.0,0.0,7.952857142857142,22.845714285714287,87.96857142857142
Centre,2016-06-27,2016-07-03,30,0.0,0.0,0.0,3.8,23.451428571428576,86.77142857142859
Centre,2016-07-04,2016-07-10,30,0.0,0.0,0.0,4.475714285714285,23.68,86.42285714285715
Centre,2016-07-11,2016-07-17,30,0.0,0.0,0.0,6.9157142857142855,22.47,89.53714285714285
Centre,2016-07-18,2016-07-24,30,0.0,0.0,0.0,7.62,22.54714285714286,89.95857142857143
Centre,2016-07-25,2016-07-31,30,0.0,0.0,0.0,5.988571428571428,22.58,89.19428571428571
Centre,2016-08-01,2016-08-07,30,0.0,0.0,0.0,13.344285714285714,22.84,90.39571428571428
Centre,2016-08-08,2016-08-14,30,0.0,0.0,0.0,5.055714285714286,22.587142857142855,89.91428571428571
Centre,2016-08-15,2016-08-21,30,0.0,0.0,0.0,7.118571428571429,23.175714285714285,88.48142857142857
Centre,2016-08-22,2016-08-28,30,0.0,0.0,0.0,7.618571428571428,22.537142857142857,89.64142857142858
Centre,2016-08-29,2016-09-04,30,0.0,0.0,0.0,7.802857142857143,22.615714285714287,89.98571428571428
Centre,2016-09-05,2016-09-11,30,0.0,0.0,0.0,9.332857142857142,23.08,89.94857142857144
Centre,2016-09-12,2016-09-18,30,0.0,0.0,0.0,9.62,22.66,89.71142857142857
Centre,2016-09-19,2016-09-25,30,0.0,0.0,0.0,6.21,22.751428571428573,89.58714285714287
Centre,2016-09-26,2016-10-02,30,0.0,1.0,0.0,8.957142857142857,23.018571428571427,90.13142857142856
Centre,2016-10-03,2016-10-09,30,0.0,0.0,0.0,3.931428571428572,23.482857142857146,87.59714285714286
Centre,2016-10-10,2016-10-16,30,0.0,0.0,0.0,9.285714285714286,23.5,87.02142857142857
Centre,2016-10-17,2016-10-23,30,0.0,1.0,0.0,9.071428571428571,23.247142857142855,88.52285714285713
Centre,2016-10-24,2016-10-30,30,0.0,0.0,0.0,9.142857142857142,23.288571428571437,88.59428571428573
Centre,2016-10-31,2016-11-06,30,0.0,32.0,0.0,4.711428571428571,23.785714285714285,86.01714285714286
Centre,2016-11-07,2016-11-13,30,0.0,0.0,0.0,0.6328571428571429,24.222857142857144,77.13285714285713
Centre,2016-11-14,2016-11-20,30,0.0,0.0,0.0,1.292857142857143,24.430000000000003,78.64999999999999
Centre,2016-11-21,2016-11-27,30,0.0,0.0,0.0,1.6971428571428573,24.58142857142857,81.45714285714287
Centre,2016-11-28,2016-12-04,30,0.0,0.0,0.0,0.4271428571428571,24.165714285714284,75.52
Centre,2016-12-05,2016-12-11,30,0.0,0.0,0.0,0.4471428571428572,24.19428571428572,77.25714285714285
Centre,2016-12-12,2016-12-18,30,0.0,1.0,0.0,0.0399999999999999,24.34,68.72571428571429
Centre,2016-12-19,2016-12-25,30,0.0,0.0,0.0,0.4028571428571428,23.82428571428571,66.76142857142858
Centre,2016-12-26,2017-01-01,30,0.0,0.0,0.0,0.0814285714285714,23.05,62.75142857142857
Centre,2017-01-02,2017-01-08,30,0.0,0.0,0.0,0.04,23.72857142857143,60.24142857142857
Centre,2017-01-09,2017-01-15,30,0.0,0.0,0.0,0.0314285714285714,24.314285714285717,68.38571428571429
Centre,2017-01-16,2017-01-22,30,0.0,0.0,0.0,0.0,25.32857142857143,66.36999999999999
Centre,2017-01-23,2017-01-29,30,0.0,0.0,0.0,0.2371428571428571,25.222857142857144,75.63857142857144
Centre,2017-01-30,2017-02-05,30,0.0,0.0,0.0,0.1457142857142857,25.27,60.45857142857143
Centre,2017-02-06,2017-02-12,30,0.0,0.0,0.0,0.4742857142857142,25.148571428571422,61.61857142857143
Centre,2017-02-13,2017-02-19,30,0.0,0.0,0.0,0.0342857142857142,24.5,55.044285714285714
Centre,2017-02-20,2017-02-26,30,0.0,1.0,0.0,0.0128571428571428,25.897142857142857,57.22428571428572
Centre,2017-02-27,2017-03-05,30,0.0,0.0,0.0,0.0114285714285714,26.63,62.75
Centre,2017-03-06,2017-03-12,30,0.0,0.0,0.0,4.281428571428571,24.960000000000004,79.38857142857144
Centre,2017-03-13,2017-03-19,30,0.0,0.0,0.0,4.0842857142857145,25.365714285714287,78.06714285714285
Centre,2017-03-20,2017-03-26,30,0.0,0.0,0.0,4.234285714285714,25.01571428571429,83.74428571428572
Centre,2017-03-27,2017-04-02,30,0.0,0.0,0.0,3.9785714285714286,24.98,83.4242857142857
Centre,2017-04-03,2017-04-09,30,0.0,0.0,0.0,7.275714285714285,24.840000000000003,83.55
Centre,2017-04-10,2017-04-16,30,0.0,0.0,0.0,6.688571428571428,24.72,86.20285714285716
Centre,2017-04-17,2017-04-23,30,0.0,0.0,0.0,8.558571428571428,24.138571428571428,87.16571428571429
Centre,2017-04-24,2017-04-30,30,0.0,0.0,0.0,2.9771428571428573,24.934285714285718,82.63
Centre,2017-05-01,2017-05-07,30,0.0,0.0,0.0,5.5200000000000005,23.97,86.12142857142855
Centre,2017-05-08,2017-05-14,30,0.0,0.0,0.0,4.734285714285714,24.56571428571429,85.52714285714285
Centre,2017-05-15,2017-05-21,30,0.0,0.0,0.0,7.328571428571428,23.96857142857143,87.80714285714285
Centre,2017-05-22,2017-05-28,30,0.0,0.0,0.0,7.725714285714284,23.96142857142857,87.09857142857143
Centre,2017-05-29,2017-06-04,30,0.0,0.0,0.0,5.908571428571428,24.012857142857143,87.75
Centre,2017-06-05,2017-06-11,30,0.0,0.0,0.0,2.04,24.58142857142857,85.13285714285713
Centre,2017-06-12,2017-06-18,30,0.0,0.0,0.0,4.498571428571428,23.33857142857143,87.26142857142858
Centre,2017-06-19,2017-06-25,30,0.0,0.0,0.0,6.547142857142857,23.21428571428572,86.77714285714285
Centre,2017-06-26,2017-07-02,30,0.0,0.0,0.0,5.664285714285714,22.935714285714283,88.46857142857141
Centre,2017-07-03,2017-07-09,30,0.0,0.0,0.0,2.78,22.981428571428573,85.74285714285715
Centre,2017-07-10,2017-07-16,30,0.0,0.0,0.0,3.0614285714285714,23.23,84.36428571428573
Centre,2017-07-17,2017-07-23,30,0.0,0.0,0.0,10.274285714285714,23.33428571428572,86.74571428571427
Centre,2017-07-24,2017-07-30,30,0.0,0.0,0.0,8.790000000000001,23.092857142857145,88.53571428571429
Centre,2017-07-31,2017-08-06,30,0.0,0.0,0.0,7.3028571428571425,22.868571428571432,88.72142857142856
Centre,2017-08-07,2017-08-13,30,0.0,0.0,0.0,5.987142857142857,23.132857142857144,86.25714285714285
Centre,2017-08-14,2017-08-20,30,0.0,0.0,0.0,3.447142857142857,23.222857142857144,86.11428571428573
Centre,2017-08-21,2017-08-27,30,0.0,0.0,0.0,6.045714285714285,22.621428571428574,88.67285714285715
Centre,2017-08-28,2017-09-03,30,0.0,0.0,0.0,6.118571428571428,22.595714285714283,87.8342857142857
Centre,2017-09-04,2017-09-10,30,0.0,0.0,0.0,3.4742857142857138,23.05857142857143,86.60714285714286
Centre,2017-09-11,2017-09-17,30,0.0,0.0,0.0,7.032857142857142,22.828571428571426,88.35142857142857
Centre,2017-09-18,2017-09-24,30,0.0,0.0,0.0,5.58,23.52428571428572,87.64
Centre,2017-09-25,2017-10-01,30,0.0,0.0,0.0,5.394285714285713,23.14428571428571,87.4157142857143
Centre,2017-10-02,2017-10-08,30,0.0,0.0,0.0,7.774285714285715,23.74285714285714,85.21428571428571
Centre,2017-10-09,2017-10-15,30,0.0,0.0,0.0,9.231428571428571,23.208571428571425,87.83714285714288
Centre,2017-10-16,2017-10-22,30,0.0,0.0,0.0,4.054285714285714,23.4,88.59142857142857
Centre,2017-10-23,2017-10-29,30,0.0,0.0,0.0,8.52142857142857,22.562857142857144,89.01285714285714
Centre,2017-10-30,2017-11-05,30,0.0,0.0,0.0,4.32,23.49428571428572,84.99428571428572
Centre,2017-11-06,2017-11-12,30,0.0,1.0,0.0,2.835714285714286,23.382857142857144,81.57714285714285
Centre,2017-11-13,2017-11-19,30,0.0,0.0,0.0,5.658571428571428,24.08571428571429,86.27857142857144
Centre,2017-11-20,2017-11-26,30,0.0,0.0,0.0,2.935714285714286,23.945714285714285,77.31285714285714
Centre,2017-11-27,2017-12-03,30,0.0,0.0,0.0,0.63,23.888571428571424,69.95714285714286
Centre,2017-12-04,2017-12-10,30,0.0,0.0,0.0,0.0,24.28857142857143,67.69857142857143
Centre,2017-12-11,2017-12-17,30,0.0,0.0,0.0,0.0157142857142857,25.012857142857143,68.64428571428572
Centre,2017-12-18,2017-12-24,30,0.0,0.0,0.0,0.1471428571428571,25.312857142857144,67.66571428571429
Centre,2017-12-25,2017-12-31,30,0.0,0.0,0.0,0.0014285714285714,24.27142857142857,60.32857142857142
Centre,2018-01-01,2018-01-07,26,0.0,0.0,0.0,0.38,22.312857142857144,59.10714285714285
Centre,2018-01-01,2018-12-30,23,0.0,71.0,0.0,3.843736263736264,24.052417582417583,79.14126373626374
Centre,2018-01-08,2018-01-14,26,0.0,0.0,0.0,0.0228571428571428,24.03428571428572,57.638571428571424
Centre,2018-01-15,2018-01-21,26,0.0,0.0,0.0,0.0057142857142857,24.018571428571427,52.10714285714285
Centre,2018-01-22,2018-01-28,26,0.0,0.0,0.0,0.0028571428571428,24.232857142857146,49.77857142857143
Centre,2018-01-29,2018-02-04,26,0.0,0.0,0.0,0.0114285714285714,25.57857142857143,49.771428571428565
Centre,2018-02-05,2018-02-11,26,0.0,0.0,0.0,1.93,26.56142857142857,64.06285714285715
Centre,2018-02-12,2018-02-18,26,0.0,0.0,0.0,1.83,26.032857142857143,73.85142857142856
Centre,2018-02-19,2018-02-25,26,0.0,0.0,0.0,1.3614285714285714,25.458571428571425,76.77714285714285
Centre,2018-02-26,2018-03-04,26,0.0,0.0,0.0,6.521428571428571,24.148571428571422,83.18571428571428
Centre,2018-03-05,2018-03-11,26,0.0,0.0,0.0,4.204285714285715,24.67428571428572,80.51571428571428
Centre,2018-03-12,2018-03-18,26,0.0,0.0,0.0,2.4014285714285712,25.02,81.35142857142856
Centre,2018-03-19,2018-03-25,26,0.0,0.0,0.0,1.7585714285714285,24.66142857142857,80.29285714285716
Centre,2018-03-26,2018-04-01,26,0.0,0.0,0.0,1.7014285714285715,25.66142857142857,77.31714285714285
Centre,2018-04-02,2018-04-08,26,0.0,2.0,0.0,4.734285714285714,24.282857142857143,85.91571428571429
Centre,2018-04-09,2018-04-15,26,0.0,0.0,0.0,4.927142857142857,24.098571428571425,85.61714285714287
Centre,2018-04-16,2018-04-22,26,0.0,0.0,0.0,3.231428571428572,24.542857142857144,83.37285714285714
Centre,2018-04-23,2018-04-29,26,0.0,0.0,0.0,4.848571428571428,24.297142857142852,86.59857142857142
Centre,2018-04-30,2018-05-06,26,0.0,0.0,0.0,2.948571428571428,24.80857142857143,84.96857142857142
Centre,2018-05-07,2018-05-13,26,0.0,0.0,0.0,5.885714285714286,24.028571428571432,87.88571428571427
Centre,2018-05-14,2018-05-20,26,0.0,0.0,0.0,5.5600000000000005,24.164285714285715,84.76714285714286
Centre,2018-05-18,2018-07-26,1,0.0,39.0,3.0,5.042428571428572,23.797571428571427,84.473
Centre,2018-05-18,2018-07-31,1,0.0,45.0,4.0,4.846933333333333,23.7112,84.68426666666666
Centre,2018-05-18,2018-08-13,1,12.0,168.0,17.0,4.7125,23.68227272727273,84.55443181818183
Centre,2018-05-18,2018-08-17,1,1.0,26.0,4.0,4.726521739130434,23.67641304347826,84.5833695652174
Centre,2018-05-18,2018-08-29,1,17.0,237.0,22.0,4.725288461538461,23.59913461538462,84.7248076923077
Centre,2018-05-18,2018-09-17,1,0.0,4.0,4.0,5.131382113821137,23.491463414634143,85.23113821138212
Centre,2018-05-18,2018-09-24,1,1.0,72.0,0.0,5.038615384615384,23.49961538461538,85.20261538461538
Centre,2018-05-18,2018-09-28,2,31.0,398.0,46.0,4.954925373134329,23.498432835820896,85.19626865671641
Centre,2018-05-18,2018-10-12,2,34.0,474.0,49.0,5.287837837837838,23.50412162162162,85.3133108108108
Centre,2018-05-18,2018-10-23,1,1.0,72.0,0.0,5.599119496855346,23.49264150943396,85.53012578616351
Centre,2018-05-18,2018-11-09,1,1.0,72.0,0.0,5.830284090909092,23.483977272727277,85.70636363636363
Centre,2018-05-18,2018-11-23,1,57.0,942.0,73.0,5.4716315789473695,23.567052631578942,85.23589473684213
Centre,2018-05-18,2018-12-02,1,57.0,987.0,73.0,5.2276381909547744,23.616733668341706,84.75738693467338
Centre,2018-05-18,2018-12-19,1,58.0,990.0,77.0,4.81875,23.68777777777778,83.36115740740742
Centre,2018-05-18,2020-01-09,1,1.0,72.0,0.0,3.6993853820598,24.269734219269104,78.6557973421927
Centre,2018-05-18,2020-01-26,1,1.0,72.0,0.0,3.5977867528271403,24.290177705977385,77.92214862681745
Centre,2018-05-18,2020-12-16,1,1.0,73.0,0.0,4.134512711864407,24.22504237288136,78.94297669491527
Centre,2018-05-21,2018-05-27,26,0.0,0.0,0.0,2.4257142857142857,24.18857142857143,84.55571428571429
Centre,2018-05-28,2018-06-03,26,0.0,0.0,0.0,2.7928571428571423,24.272857142857134,84.42857142857143
Centre,2018-06-04,2018-06-10,26,0.0,0.0,0.0,1.7957142857142856,24.624285714285715,82.80714285714285
Centre,2018-06-11,2018-06-17,26,0.0,0.0,0.0,2.6814285714285715,25.51,76.76285714285714
Centre,2018-06-18,2018-06-24,26,0.0,0.0,0.0,13.304285714285712,22.33428571428572,88.62
Centre,2018-06-25,2018-07-01,26,0.0,0.0,0.0,4.547142857142857,22.795714285714286,88.25857142857141
Centre,2018-07-02,2018-07-08,26,0.0,0.0,0.0,4.61,23.22,86.00857142857141
Centre,2018-07-09,2018-07-15,26,0.0,4.0,0.0,1.63,23.83857142857143,80.21571428571428
Centre,2018-07-13,2018-08-12,1,1.0,65.0,0.0,5.161290322580644,23.35354838709678,85.01838709677419
Centre,2018-07-13,2018-09-03,1,1.0,72.0,4.0,5.510943396226416,23.22018867924528,85.51132075471698
Centre,2018-07-16,2018-07-22,26,0.0,56.0,0.0,4.497142857142857,23.49142857142857,84.72285714285714
Centre,2018-07-23,2018-07-29,26,0.0,32.0,0.0,9.86285714285714,22.73,89.37285714285713
Centre,2018-07-30,2018-08-05,26,0.0,34.0,0.0,3.001428571428572,23.20285714285714,84.70142857142856
Centre,2018-08-06,2018-08-12,26,0.0,4.0,0.0,4.602857142857142,23.69714285714286,83.38
Centre,2018-08-13,2018-08-19,26,0.0,8.0,0.0,4.177142857142857,23.43142857142857,84.65999999999998
Centre,2018-08-20,2018-08-26,25,0.0,2.0,0.0,4.488571428571429,22.79714285714286,86.75428571428571
Centre,2018-08-27,2018-09-02,26,0.0,2.0,0.0,9.607142857142858,22.912857142857145,86.98857142857142
Centre,2018-08-27,2018-09-03,1,0.0,0.0,0.0,8.927499999999998,22.88875,87.07875
Centre,2018-08-27,2018-09-17,1,0.0,0.0,0.0,7.159545454545452,22.97136363636364,87.51227272727273
Centre,2018-08-27,2018-10-12,1,0.0,0.0,0.0,6.57340425531915,23.287872340425537,86.55765957446809
Centre,2018-08-27,2018-10-16,1,0.0,0.0,0.0,7.320588235294119,23.258823529411767,86.78490196078431
Centre,2018-08-27,2018-10-23,1,0.0,0.0,0.0,7.182931034482758,23.29741379310345,86.9160344827586
Centre,2018-08-27,2018-10-29,1,0.0,0.0,0.0,6.8878125,23.300625,86.7175
Centre,2018-08-27,2018-11-02,1,0.0,0.0,0.0,7.546911764705881,23.3125,86.92250000000001
Centre,2018-08-27,2018-11-09,1,0.0,0.0,0.0,7.366399999999999,23.32133333333333,87.01546666666665
Centre,2018-08-27,2018-11-23,1,0.0,0.0,0.0,6.359101123595506,23.524269662921352,85.80516853932585
Centre,2018-08-27,2018-12-02,1,0.0,0.0,0.0,5.782142857142857,23.62908163265306,84.78122448979592
Centre,2018-08-27,2018-12-19,1,0.0,0.0,0.0,4.932173913043478,23.76069565217391,82.15521739130435
Centre,2018-08-28,2018-09-24,1,0.0,0.0,0.0,6.385357142857141,23.12392857142857,86.91214285714287
Centre,2018-09-03,2018-09-09,26,0.0,0.0,0.0,8.387142857142857,22.642857142857142,90.77142857142856
Centre,2018-09-10,2018-09-16,26,0.0,0.0,0.0,4.055714285714286,23.204285714285717,85.33999999999999
Centre,2018-09-17,2018-09-23,26,0.0,0.0,0.0,3.3328571428571427,23.76571428571429,84.54714285714284
Centre,2018-09-24,2018-09-30,26,0.0,0.0,0.0,2.9642857142857144,23.764285714285712,83.82714285714285
Centre,2018-10-01,2018-10-07,26,0.0,0.0,0.0,7.392857142857143,23.391428571428573,86.33857142857143
Centre,2018-10-01,2020-01-09,1,0.0,0.0,0.0,3.336802575107296,24.489849785407728,76.76461373390558
Centre,2018-10-08,2018-10-14,26,0.0,0.0,0.0,15.53857142857143,23.19142857142857,89.22285714285715
Centre,2018-10-15,2018-10-21,26,0.0,0.0,0.0,4.575714285714286,23.557142857142857,86.60285714285713
Centre,2018-10-22,2018-10-28,26,0.0,0.0,0.0,6.112857142857143,23.224285714285717,86.85285714285715
Centre,2018-10-29,2018-11-04,26,0.0,0.0,0.0,12.321428571428571,23.40285714285714,88.75857142857141
Centre,2018-11-05,2018-11-11,26,0.0,0.0,0.0,4.714285714285714,23.84714285714286,85.50428571428571
Centre,2018-11-12,2018-11-18,26,0.0,0.0,0.0,1.2485714285714289,24.264285714285712,82.2057142857143
Centre,2018-11-19,2018-11-25,26,0.0,0.0,0.0,0.6857142857142858,25.00428571428572,76.36142857142856
Centre,2018-11-26,2018-12-02,26,0.0,2.0,0.0,0.0128571428571428,24.63428571428572,73.61571428571428
Centre,2018-12-03,2018-12-09,2,0.0,0.0,0.0,0.0371428571428571,24.65428571428572,74.28999999999999
Centre,2018-12-10,2018-12-16,26,0.0,0.0,0.0,0.0028571428571428,24.842857142857145,63.46142857142858
Centre,2018-12-17,2018-12-23,26,0.0,0.0,0.0,0.0742857142857142,23.34714285714286,59.04857142857144
Centre,2018-12-24,2018-12-30,26,0.0,0.0,0.0,0.1257142857142857,24.321428571428573,61.47714285714286
Centre,2018-12-31,2019-01-06,27,0.0,0.0,0.0,0.2442857142857142,24.95,58.87
Centre,2018-12-31,2019-12-29,23,0.0,0.0,0.0,3.255631868131869,24.61604395604396,76.99005494505494
Centre,2019-01-07,2019-01-13,27,0.0,0.0,0.0,0.0085714285714285,25.06714285714286,57.37285714285714
Centre,2019-01-14,2019-01-20,27,0.0,0.0,0.0,0.0185714285714285,26.04428571428572,59.80285714285714
Centre,2019-01-21,2019-01-27,27,0.0,0.0,0.0,0.1485714285714285,26.297142857142852,66.61714285714287
Centre,2019-01-28,2019-02-03,27,0.0,0.0,0.0,0.3142857142857143,26.062857142857148,64.36142857142856
Centre,2019-02-04,2019-02-10,27,0.0,0.0,0.0,0.3528571428571428,26.004285714285714,57.76142857142856
Centre,2019-02-11,2019-02-17,27,0.0,0.0,0.0,0.0,25.95428571428571,52.3657142857143
Centre,2019-02-18,2019-02-24,27,0.0,0.0,0.0,0.0,26.60857142857143,64.07571428571428
Centre,2019-02-25,2019-03-03,27,0.0,0.0,0.0,2.212857142857143,25.35428571428572,74.37857142857142
Centre,2019-03-04,2019-03-10,27,0.0,0.0,0.0,0.8328571428571429,26.117142857142856,72.66142857142857
Centre,2019-03-11,2019-03-17,27,0.0,0.0,0.0,0.942857142857143,26.374285714285715,74.00142857142858
Centre,2019-03-18,2019-03-24,26,0.0,0.0,0.0,4.04,26.312857142857148,76.60428571428572
Centre,2019-05-13,2019-05-19,26,0.0,0.0,0.0,2.3,25.32,78.14857142857143
Centre,2019-12-30,2020-01-05,1,0.0,0.0,0.0,0.0,24.374285714285715,58.90714285714285
Centre,2020-01-01,2020-10-25,1,2.0,60.0,0.0,5.370334448160535,24.165719063545147,79.14498327759196
Centre,2020-01-06,2020-01-12,1,0.0,0.0,0.0,0.0,25.057142857142857,59.98714285714285
Centre,2020-01-13,2020-01-19,1,0.0,0.0,0.0,0.0,25.445714285714285,53.29857142857144
Centre,2020-01-20,2020-01-26,1,0.0,0.0,0.0,0.0,24.47857142857143,47.06
Centre,2020-01-27,2020-02-02,1,0.0,0.0,0.0,0.0042857142857142,25.705714285714283,45.60714285714285
Centre,2020-02-03,2020-02-09,1,0.0,0.0,0.0,0.0,27.122857142857143,56.38999999999999
Centre,2020-02-10,2020-02-16,1,0.0,1.0,0.0,0.0,26.957142857142856,43.98857142857143
Centre,2020-02-10,2020-06-19,1,0.0,1.0,0.0,5.46236641221374,25.206030534351143,77.77038167938932
Centre,2020-02-10,2020-07-13,1,0.0,5.0,0.0,5.936,24.870838709677415,79.44954838709678
Centre,2020-02-10,2020-07-24,1,1.0,16.0,0.0,6.164518072289156,24.69156626506024,80.12319277108435
Centre,2020-02-10,2020-07-28,1,0.0,1.0,0.0,6.238352941176471,24.636529411764705,80.3929411764706
Centre,2020-02-10,2020-07-29,1,1.0,2.0,0.0,6.245263157894737,24.616959064327485,80.4761403508772
Centre,2020-02-10,2020-08-10,2,0.0,33.0,0.0,5.969890710382512,24.48306010928961,80.84601092896176
Centre,2020-02-10,2020-08-30,1,0.0,1.0,0.0,6.210591133004926,24.335714285714285,81.57699507389162
Centre,2020-02-10,2020-11-06,1,0.0,1.0,0.0,6.07409594095941,23.956715867158675,83.32450184501846
Centre,2020-02-17,2020-02-23,1,0.0,3.0,0.0,0.3528571428571428,28.17714285714285,48.08857142857142
Centre,2020-02-24,2020-03-01,1,0.0,0.0,0.0,0.0171428571428571,28.372857142857143,51.535714285714285
Centre,2020-03-02,2020-03-08,1,0.0,0.0,0.0,2.182857142857143,27.16428571428571,66.35571428571428
Centre,2020-03-09,2020-03-15,1,0.0,0.0,0.0,2.724285714285714,26.504285714285714,66.92428571428572
Centre,2020-03-16,2020-03-22,1,0.0,0.0,0.0,17.832857142857144,25.59857142857143,79.60571428571428
Centre,2020-03-23,2020-03-29,1,0.0,0.0,0.0,7.311428571428571,24.24142857142857,87.38571428571429
Centre,2020-03-30,2020-04-05,1,0.0,0.0,0.0,14.352857142857143,24.35142857142857,89.39571428571428
Centre,2020-04-06,2020-04-12,1,0.0,0.0,0.0,8.40857142857143,24.121428571428574,86.59
Centre,2020-04-13,2020-04-19,1,0.0,0.0,0.0,3.981428571428571,24.587142857142855,85.7242857142857
Centre,2020-04-20,2020-04-26,1,0.0,0.0,0.0,3.951428571428572,24.71857142857143,84.72857142857143
Centre,2020-04-27,2020-05-03,1,0.0,0.0,0.0,6.928571428571428,24.522857142857134,87.12285714285714
Centre,2020-05-04,2020-05-10,1,0.0,0.0,0.0,6.51,24.555714285714284,84.72
Centre,2020-05-11,2020-05-17,1,0.0,0.0,0.0,6.604285714285714,24.162857142857145,87.2357142857143
Centre,2020-05-18,2020-05-24,1,3.0,7.0,0.0,2.0885714285714285,24.17,87.09714285714287
Centre,2020-05-25,2020-05-31,1,0.0,1.0,0.0,5.032857142857142,24.64142857142857,86.45714285714287
Centre,2020-06-01,2020-06-07,1,1.0,5.0,0.0,4.317142857142857,24.308571428571437,85.41428571428571
Centre,2020-06-08,2020-06-14,1,0.0,2.0,0.0,6.494285714285715,23.73,85.41571428571429
Centre,2020-06-15,2020-06-21,1,1.0,5.0,0.0,8.909999999999998,23.258571428571425,87.95714285714287
Centre,2020-06-22,2020-06-28,1,0.0,4.0,0.0,14.557142857142855,23.255714285714284,88.85857142857142
Centre,2020-06-29,2020-07-05,1,0.0,7.0,0.0,4.369999999999999,23.312857142857144,87.62
Centre,2020-07-06,2020-07-12,1,3.0,20.0,0.0,3.887142857142857,22.717142857142854,88.53714285714285
Centre,2020-07-13,2020-07-19,1,0.0,10.0,0.0,8.535714285714286,22.138571428571428,89.85142857142857
Centre,2020-07-20,2020-07-26,1,3.0,35.0,0.0,11.052857142857144,22.33857142857143,89.93714285714285
Centre,2020-07-27,2020-08-02,1,0.0,22.0,0.0,3.152857142857143,22.390000000000004,89.61571428571429
Centre,2020-08-03,2020-08-09,1,2.0,22.0,0.0,2.242857142857143,22.487142857142857,85.55285714285715
Centre,2020-08-10,2020-08-16,1,0.0,18.0,0.0,1.8071428571428567,23.805714285714288,82.98857142857143
Centre,2020-08-17,2020-08-23,1,0.0,11.0,0.0,19.525714285714287,22.60428571428572,92.20142857142856
Centre,2020-08-24,2020-08-30,1,0.0,32.0,0.0,2.974285714285714,22.54142857142857,88.82714285714285
Centre,2020-08-31,2020-09-06,1,3.0,42.0,0.0,8.101428571428572,22.687142857142856,88.98
Centre,2020-09-07,2020-09-13,1,0.0,34.0,0.0,5.2871428571428565,22.92142857142857,87.92142857142858
Centre,2020-09-14,2020-09-20,1,0.0,34.0,0.0,9.92,22.572857142857146,90.2585714285714
Centre,2020-09-21,2020-09-27,1,0.0,27.0,0.0,6.135714285714285,22.24428571428572,89.12857142857145
Centre,2020-09-28,2020-10-04,1,0.0,2.0,0.0,7.60142857142857,22.237142857142853,90.79999999999998
Centre,2020-10-05,2020-10-11,1,0.0,4.0,0.0,4.241428571428572,22.922857142857143,86.68571428571428
Centre,2020-10-12,2020-10-18,1,0.0,7.0,0.0,3.29,22.47,90.02285714285715
Centre,2020-10-19,2020-10-25,1,0.0,0.0,0.0,4.701428571428571,23.56142857142857,87.08857142857143
Centre,2020-10-26,2020-11-01,1,0.0,0.0,0.0,3.52,23.14428571428571,87.14857142857143
Centre,2020-11-02,2020-11-08,1,0.0,0.0,0.0,4.041428571428571,23.660000000000004,87.54857142857142
Centre,2020-11-09,2020-11-15,1,0.0,0.0,0.0,1.5414285714285714,23.705714285714286,80.62571428571428
Centre,2020-11-16,2020-11-22,1,0.0,0.0,0.0,0.0828571428571428,24.407142857142865,74.3957142857143
Centre,2020-11-23,2020-11-29,1,0.0,0.0,0.0,0.1314285714285714,24.39,75.24714285714286
Centre,2020-11-30,2020-12-06,1,0.0,0.0,0.0,0.2642857142857143,24.08857142857143,67.47571428571429
Centre,2021-01-01,2021-11-02,1,1.0,32.0,1.0,3.2586601307189547,24.324640522875814,77.75924836601308
Centre,2021-10-25,2022-07-03,1,4.0,275.0,0.0,3.149722222222222,24.98813492063492,73.88496031746033
Centre,2022-01-03,2022-07-03,1,0.0,151.0,0.0,3.227912087912088,25.179670329670333,72.74752747252748
Centre,2022-02-21,2022-02-27,1,0.0,0.0,0.0,0.0057142857142857,27.74571428571429,51.00000000000001
Centre,2022-02-28,2022-03-06,1,0.0,0.0,0.0,0.3828571428571429,27.25,65.25142857142858
Centre,2022-03-07,2022-03-13,1,0.0,0.0,0.0,23.152857142857147,24.785714285714285,85.72285714285715
Centre,2022-03-14,2022-03-20,1,0.0,17.0,0.0,0.2342857142857143,25.050000000000004,76.54857142857144
Centre,2022-03-21,2022-03-27,1,0.0,8.0,0.0,0.4742857142857142,26.358571428571427,74.36142857142856
Centre,2022-03-28,2022-04-03,1,0.0,11.0,0.0,0.7457142857142858,26.101428571428567,70.25285714285715
Centre,2022-04-04,2022-04-10,1,0.0,8.0,0.0,0.7242857142857143,26.102857142857147,73.33714285714287
Centre,2022-06-27,2022-07-03,1,0.0,21.0,0.0,6.262857142857143,22.65285714285714,88.64428571428572
Centre,2022-08-29,2022-09-08,1,0.0,27.0,0.0,20.178181818181823,22.482727272727274,90.31636363636365
Centre,2022-09-16,2022-09-22,1,0.0,9.0,0.0,3.92,22.69428571428572,88.13857142857141
Centre,2022-10-07,2022-10-13,1,0.0,4.0,0.0,9.787142857142856,22.442857142857143,89.40428571428573
Centre,2022-10-14,2022-10-20,1,0.0,1.0,0.0,4.472857142857142,23.051428571428573,89.4657142857143
Centre,2022-10-28,2022-11-03,1,1.0,20.0,0.0,7.274285714285715,23.311428571428568,87.16857142857144
Centre,2022-11-04,2022-11-10,1,0.0,6.0,0.0,0.85,23.98857142857143,80.24
Centre,2022-11-18,2022-11-24,1,0.0,3.0,0.0,0.0314285714285714,23.857142857142858,73.00857142857144
Centre,2022-12-02,2022-12-08,1,0.0,3.0,0.0,0.2671428571428572,24.422857142857147,75.45285714285714
Centre,2022-12-30,2023-01-05,1,0.0,1.0,0.0,0.0,23.49285714285714,64.72428571428571
East,2010-01-04,2010-01-10,14,0.0,0.0,0.0,1.4357142857142855,24.104285714285712,60.31857142857143
East,2010-01-11,2010-01-17,14,0.0,0.0,0.0,0.6857142857142858,24.345714285714287,68.22285714285714
East,2010-01-18,2010-01-24,14,0.0,0.0,0.0,0.2371428571428571,24.80857142857143,58.751428571428576
East,2010-01-25,2010-01-31,14,0.0,0.0,0.0,0.91,25.830000000000005,66.66428571428571
East,2010-02-01,2010-02-07,14,0.0,0.0,0.0,0.7714285714285715,25.654285714285717,63.27428571428571
East,2010-02-08,2010-02-14,14,0.0,0.0,0.0,1.7742857142857142,25.807142857142853,69.74571428571429
East,2010-02-15,2010-02-21,14,0.0,0.0,0.0,1.1785714285714286,26.045714285714286,72.67999999999999
East,2010-02-22,2010-02-28,14,0.0,0.0,0.0,3.36,25.44857142857143,78.53714285714285
East,2010-03-01,2010-03-07,14,0.0,0.0,0.0,1.5042857142857142,26.83,66.88857142857144
East,2010-03-08,2010-03-14,14,0.0,0.0,0.0,7.167142857142857,25.118571428571425,83.27857142857144
East,2010-03-15,2010-03-21,14,0.0,0.0,0.0,8.037142857142857,24.367142857142856,85.1542857142857
East,2010-03-22,2010-03-28,14,0.0,0.0,0.0,5.958571428571429,23.70285714285714,87.02428571428572
East,2010-03-29,2010-04-04,14,0.0,0.0,0.0,2.6885714285714286,24.87142857142857,83.74142857142856
East,2010-04-05,2010-04-11,14,0.0,0.0,0.0,4.118571428571429,24.438571428571432,85.1542857142857
East,2010-04-12,2010-04-18,14,0.0,0.0,0.0,4.635714285714285,25.08571428571428,85.10714285714288
East,2010-04-19,2010-04-25,14,0.0,0.0,0.0,5.114285714285715,25.005714285714284,84.86285714285714
East,2010-04-26,2010-05-02,14,0.0,0.0,0.0,9.13,24.24428571428572,88.77285714285715
East,2010-05-03,2010-05-09,14,0.0,0.0,0.0,4.871428571428572,23.81571428571429,89.55857142857143
East,2010-05-06,2010-12-31,1,0.0,0.0,0.0,5.480916666666667,22.973375,86.53154166666667
East,2010-05-10,2010-05-16,14,0.0,0.0,0.0,5.841428571428572,24.29714285714286,88.31285714285714
East,2010-05-17,2010-05-23,14,0.0,0.0,0.0,4.7057142857142855,24.352857142857143,87.56857142857142
East,2010-05-24,2010-05-30,14,0.0,0.0,0.0,3.817142857142857,24.764285714285712,84.45857142857143
East,2010-05-31,2010-06-06,14,0.0,0.0,0.0,6.012857142857143,23.217142857142857,89.02285714285715
East,2010-06-07,2010-06-13,14,0.0,0.0,0.0,2.14,24.117142857142856,83.30999999999999
East,2010-06-14,2010-06-20,14,0.0,0.0,0.0,6.088571428571429,23.79285714285714,84.68285714285715
East,2010-06-21,2010-06-27,14,0.0,0.0,0.0,8.707142857142857,23.28142857142857,89.67428571428572
East,2010-06-28,2010-07-04,14,0.0,0.0,0.0,7.324285714285714,22.987142857142857,88.46714285714286
East,2010-07-05,2010-07-11,14,0.0,0.0,0.0,7.19,23.041428571428572,87.82000000000001
East,2010-07-12,2010-07-18,14,0.0,0.0,0.0,4.191428571428571,22.58428571428572,89.08428571428571
East,2010-07-19,2010-07-25,14,0.0,0.0,0.0,9.794285714285715,21.731428571428573,90.65285714285712
East,2010-07-26,2010-08-01,14,0.0,0.0,0.0,2.4657142857142857,22.961428571428574,87.64999999999999
East,2010-08-02,2010-08-08,14,0.0,0.0,0.0,5.538571428571428,23.532857142857143,86.90285714285714
East,2010-08-09,2010-08-15,14,0.0,0.0,0.0,10.82,22.02857142857143,89.35
East,2010-08-16,2010-08-22,14,0.0,0.0,0.0,11.814285714285717,22.50714285714286,89.28142857142858
East,2010-08-23,2010-08-29,14,0.0,0.0,0.0,3.925714285714286,22.612857142857145,89.91714285714286
East,2010-08-30,2010-09-05,14,0.0,0.0,0.0,3.5585714285714287,22.688571428571425,89.56142857142858
East,2010-09-06,2010-09-12,14,0.0,0.0,0.0,5.768571428571429,22.11428571428572,89.90571428571431
East,2010-09-13,2010-09-19,14,0.0,0.0,0.0,5.961428571428572,22.464285714285715,88.52714285714286
East,2010-09-20,2010-09-26,14,0.0,0.0,0.0,8.185714285714287,22.18142857142857,90.3
East,2010-09-27,2010-10-03,14,0.0,0.0,0.0,7.654285714285713,23.294285714285717,88.56000000000002
East,2010-10-04,2010-10-10,14,0.0,0.0,0.0,4.994285714285715,22.93142857142857,88.17142857142856
East,2010-10-11,2010-10-17,14,0.0,0.0,0.0,9.022857142857143,22.795714285714286,88.84142857142857
East,2010-10-18,2010-10-24,14,0.0,0.0,0.0,9.607142857142858,22.38857142857143,90.40142857142855
East,2010-10-25,2010-10-31,14,0.0,0.0,0.0,8.551428571428572,22.898571428571422,88.03999999999999
East,2010-11-01,2010-11-07,14,0.0,0.0,0.0,5.775714285714286,22.825714285714287,88.46285714285715
East,2010-11-08,2010-11-14,14,0.0,0.0,0.0,5.0371428571428565,23.178571428571427,87.31000000000002
East,2010-11-15,2010-11-21,14,0.0,0.0,0.0,2.432857142857143,22.97714285714285,86.75714285714285
East,2010-11-22,2010-11-28,14,0.0,0.0,0.0,3.3200000000000003,22.942857142857147,86.53285714285714
East,2010-11-29,2010-12-05,14,0.0,0.0,0.0,3.1957142857142857,23.272857142857134,81.89285714285714
East,2010-12-06,2010-12-12,14,0.0,0.0,0.0,0.4857142857142857,21.92285714285714,74.20142857142856
East,2010-12-13,2010-12-19,14,0.0,0.0,0.0,0.0,22.624285714285715,75.91571428571429
East,2010-12-20,2010-12-26,14,0.0,0.0,0.0,1.542857142857143,22.897142857142853,74.17714285714285
East,2010-12-27,2011-01-02,14,0.0,0.0,0.0,0.0571428571428571,22.202857142857145,72.40142857142857
East,2011-01-01,2011-09-22,2,0.0,2.0,0.0,3.5809433962264148,23.71890566037736,81.34192452830189
East,2011-01-03,2011-01-09,14,0.0,0.0,0.0,0.904285714285714,22.97,71.99714285714286
East,2011-01-10,2011-01-16,14,0.0,0.0,0.0,0.2571428571428572,21.98,65.39428571428572
East,2011-01-17,2011-01-23,14,0.0,0.0,0.0,0.0,22.367142857142856,63.26571428571429
East,2011-01-24,2011-01-30,14,0.0,0.0,0.0,0.3342857142857142,24.88714285714285,63.56714285714286
East,2011-01-31,2011-02-06,14,0.0,0.0,0.0,0.8671428571428572,24.76,75.22714285714285
East,2011-02-07,2011-02-13,14,0.0,0.0,0.0,2.9985714285714287,24.015714285714285,78.90714285714286
East,2011-02-14,2011-02-20,14,0.0,0.0,0.0,1.1414285714285717,24.710000000000004,76.1557142857143
East,2011-02-21,2011-02-27,14,0.0,0.0,0.0,3.281428571428571,24.062857142857144,78.95857142857143
East,2011-02-28,2011-03-06,14,0.0,0.0,0.0,1.372857142857143,24.687142857142856,78.25571428571428
East,2011-03-07,2011-03-13,14,0.0,0.0,0.0,3.1157142857142857,24.93857142857143,79.85285714285715
East,2011-03-14,2011-03-20,14,0.0,0.0,0.0,1.2985714285714285,25.13,74.81428571428572
East,2011-03-21,2011-03-27,14,0.0,0.0,0.0,3.0742857142857143,24.83285714285714,78.59
East,2011-03-28,2011-04-03,14,0.0,0.0,0.0,2.41,24.948571428571427,80.08142857142857
East,2011-04-04,2011-04-10,14,0.0,0.0,0.0,3.6014285714285714,24.46857142857143,80.85571428571428
East,2011-04-11,2011-04-17,14,0.0,0.0,0.0,5.0,24.305714285714288,84.22857142857143
East,2011-04-18,2011-04-24,14,0.0,0.0,0.0,2.768571428571429,24.45714285714286,84.8457142857143
East,2011-04-25,2011-05-01,14,0.0,0.0,0.0,1.6957142857142855,24.501428571428573,82.75428571428571
East,2011-05-02,2011-05-08,14,0.0,0.0,0.0,1.9314285714285715,25.23428571428571,79.95
East,2011-05-09,2011-05-15,14,0.0,0.0,0.0,6.471428571428571,24.28428571428572,85.63
East,2011-05-16,2011-05-22,14,0.0,0.0,0.0,4.6571428571428575,24.767142857142854,84.6
East,2011-05-23,2011-05-29,14,0.0,0.0,0.0,4.557142857142858,23.592857142857145,86.18285714285716
East,2011-05-30,2011-06-05,14,0.0,0.0,0.0,5.761428571428572,24.208571428571425,86.78428571428572
East,2011-06-06,2011-06-12,14,0.0,0.0,0.0,1.24,23.512857142857143,84.09857142857142
East,2011-06-13,2011-06-19,14,0.0,0.0,0.0,6.041428571428571,24.305714285714284,81.82857142857142
East,2011-06-20,2011-06-26,14,0.0,0.0,0.0,2.9457142857142857,23.172857142857143,85.16571428571429
East,2011-06-27,2011-07-03,14,0.0,0.0,0.0,2.631428571428572,23.382857142857144,84.30428571428571
East,2011-07-04,2011-07-10,14,0.0,0.0,0.0,4.352857142857144,23.782857142857143,83.58
East,2011-07-11,2011-07-17,14,0.0,0.0,0.0,2.751428571428572,22.90571428571428,82.55571428571429
East,2011-07-18,2011-07-24,14,0.0,0.0,0.0,3.4185714285714286,23.19142857142857,82.77857142857142
East,2011-07-25,2011-07-31,14,0.0,0.0,0.0,1.4857142857142858,22.92,82.33428571428571
East,2011-08-01,2011-08-07,14,0.0,0.0,0.0,7.725714285714287,22.722857142857144,88.17142857142858
East,2011-08-08,2011-08-14,14,0.0,0.0,0.0,4.637142857142857,22.017142857142854,89.20285714285714
East,2011-08-15,2011-08-21,14,0.0,1.0,0.0,3.757142857142857,22.63714285714285,85.46285714285715
East,2011-08-22,2011-08-28,14,0.0,0.0,0.0,8.81,22.91571428571429,87.20428571428572
East,2011-08-29,2011-09-04,14,0.0,0.0,0.0,8.125714285714286,22.462857142857143,90.11571428571428
East,2011-09-05,2011-09-11,14,0.0,0.0,0.0,4.612857142857143,22.382857142857144,89.91999999999999
East,2011-09-12,2011-09-18,14,0.0,0.0,0.0,11.985714285714286,22.027142857142856,91.76285714285711
East,2011-09-19,2011-09-25,14,0.0,0.0,0.0,6.525714285714286,22.844285714285714,87.55142857142856
East,2011-09-23,2011-12-11,1,4.0,42.0,0.0,4.321000000000001,22.594125,83.397125
East,2011-09-26,2011-10-02,14,0.0,0.0,0.0,7.664285714285714,22.52,88.99000000000001
East,2011-10-03,2011-10-09,15,5.0,33.0,0.0,4.892857142857143,23.095714285714287,87.54
East,2011-10-08,2011-10-09,1,1.0,8.0,0.0,4.985,23.01,88.08
East,2011-10-10,2011-10-16,15,0.0,5.0,0.0,9.908571428571426,22.92,89.9742857142857
East,2011-10-17,2011-10-23,15,0.0,0.0,0.0,6.527142857142858,22.775714285714283,88.32714285714285
East,2011-10-24,2011-10-30,15,1.0,2.0,0.0,5.841428571428572,22.427142857142854,87.52428571428572
East,2011-10-31,2011-11-06,15,0.0,0.0,0.0,3.931428571428572,22.56571428571429,89.05571428571427
East,2011-11-07,2011-11-13,15,0.0,0.0,0.0,5.265714285714286,22.82571428571429,87.29714285714286
East,2011-11-14,2011-11-20,15,0.0,11.0,0.0,2.0685714285714285,22.92428571428572,85.46999999999998
East,2011-11-21,2011-11-27,15,0.0,0.0,0.0,0.2385714285714285,22.638571428571428,77.15857142857143
East,2011-11-28,2011-12-04,15,0.0,0.0,0.0,0.04,21.32428571428571,68.42428571428572
East,2011-12-05,2011-12-11,15,0.0,0.0,0.0,0.0171428571428571,22.28142857142857,65.92428571428572
East,2011-12-12,2011-12-18,15,0.0,3.0,0.0,0.0128571428571428,23.461428571428574,64.8
East,2011-12-19,2011-12-25,15,0.0,0.0,0.0,0.0242857142857142,24.54714285714286,63.137142857142855
East,2011-12-26,2012-01-01,15,0.0,1.0,0.0,0.0228571428571428,24.6,62.53714285714285
East,2012-01-02,2012-01-08,15,0.0,0.0,0.0,0.0,24.291428571428565,56.85428571428572
East,2012-01-09,2012-01-15,15,0.0,0.0,0.0,0.1257142857142857,24.74428571428572,53.22714285714285
East,2012-01-16,2012-01-22,15,0.0,0.0,0.0,0.4885714285714285,25.275714285714283,55.212857142857146
East,2012-01-23,2012-01-29,14,0.0,0.0,0.0,0.1,26.165714285714284,51.82142857142857
East,2012-01-30,2012-02-05,14,0.0,0.0,0.0,0.0285714285714285,26.667142857142856,59.91428571428572
East,2012-02-06,2012-02-12,14,0.0,0.0,0.0,1.8528571428571428,25.83857142857143,67.57571428571428
East,2012-02-13,2012-02-19,14,0.0,0.0,0.0,3.018571428571428,24.928571428571427,75.53142857142858
East,2012-02-20,2012-02-26,14,0.0,0.0,0.0,3.371428571428571,24.43285714285714,77.55571428571429
East,2012-02-27,2012-03-04,14,0.0,0.0,0.0,2.5557142857142856,23.774285714285718,80.78999999999999
East,2012-03-05,2012-03-11,14,0.0,0.0,0.0,1.2814285714285716,24.865714285714283,74.13571428571429
East,2012-03-12,2012-03-18,14,0.0,0.0,0.0,0.9085714285714286,25.76428571428571,73.15714285714284
East,2012-03-19,2012-03-25,14,0.0,0.0,0.0,0.6085714285714287,26.295714285714286,70.4057142857143
East,2012-03-26,2012-04-01,14,0.0,0.0,0.0,1.9828571428571429,25.88285714285714,73.8157142857143
East,2012-04-02,2012-04-08,14,0.0,0.0,0.0,3.345714285714286,25.754285714285714,76.69857142857143
East,2012-04-09,2012-04-15,14,0.0,0.0,0.0,4.932857142857143,24.58,83.66714285714286
East,2012-04-16,2012-04-22,14,0.0,0.0,0.0,5.781428571428571,23.678571428571427,87.05142857142856
East,2012-04-23,2012-04-29,14,0.0,0.0,0.0,2.84,24.707142857142856,81.29285714285713
East,2012-04-30,2012-05-06,14,0.0,0.0,0.0,9.065714285714284,24.215714285714284,86.14142857142858
East,2012-05-07,2012-05-13,14,0.0,0.0,0.0,7.46,23.18714285714285,87.85285714285715
East,2012-05-14,2012-05-20,14,0.0,0.0,0.0,3.828571428571429,23.564285714285717,86.80999999999999
East,2012-05-21,2012-05-27,14,0.0,0.0,0.0,1.9285714285714288,23.805714285714288,83.97142857142856
East,2012-05-28,2012-06-03,14,0.0,0.0,0.0,4.682857142857142,23.91,81.62285714285713
East,2012-06-04,2012-06-10,14,0.0,0.0,0.0,3.7714285714285714,24.018571428571427,81.91
East,2012-06-11,2012-06-17,14,0.0,0.0,0.0,5.572857142857144,23.78142857142857,83.7157142857143
East,2012-06-18,2012-06-24,14,0.0,0.0,0.0,6.090000000000001,22.97,86.8042857142857
East,2012-06-25,2012-07-01,14,0.0,1.0,0.0,6.161428571428571,22.384285714285717,88.02714285714285
East,2012-07-02,2012-07-08,14,0.0,0.0,0.0,6.1000000000000005,22.148571428571422,87.83714285714287
East,2012-07-09,2012-07-15,14,0.0,0.0,0.0,4.082857142857143,22.594285714285714,88.10714285714286
East,2012-07-16,2012-07-22,14,0.0,0.0,0.0,2.1385714285714283,22.592857142857145,87.35142857142857
East,2012-07-23,2012-07-29,14,0.0,0.0,0.0,0.2942857142857143,23.20142857142857,79.22714285714285
East,2012-07-30,2012-08-05,14,0.0,0.0,0.0,2.018571428571428,23.13142857142857,83.81142857142856
East,2012-08-06,2012-08-12,14,0.0,0.0,0.0,3.870000000000001,22.825714285714287,84.15714285714286
East,2012-08-13,2012-08-19,14,0.0,0.0,0.0,7.118571428571428,22.37,87.88714285714286
East,2012-08-20,2012-08-26,14,0.0,0.0,0.0,9.055714285714286,21.962857142857143,89.28142857142858
East,2012-08-27,2012-09-02,14,0.0,0.0,0.0,5.147142857142858,22.65142857142857,86.72142857142856
East,2012-09-03,2012-09-09,14,0.0,1.0,0.0,9.641428571428571,21.88428571428571,90.51142857142858
East,2012-09-10,2012-09-16,14,0.0,0.0,0.0,10.03,22.15571428571429,89.27428571428571
East,2012-09-17,2012-09-23,14,0.0,0.0,0.0,8.13142857142857,22.36428571428571,89.70714285714287
East,2012-09-24,2012-09-30,14,0.0,0.0,0.0,7.191428571428571,22.615714285714287,88.8157142857143
East,2012-10-01,2012-10-07,14,0.0,0.0,0.0,12.055714285714286,22.537142857142857,88.59857142857142
East,2012-10-08,2012-10-14,14,0.0,0.0,0.0,6.731428571428571,22.914285714285715,87.82714285714285
East,2012-10-15,2012-10-21,14,0.0,0.0,0.0,6.511428571428572,23.005714285714284,88.98857142857143
East,2012-10-22,2012-10-28,14,0.0,0.0,0.0,4.117142857142857,22.852857142857143,88.14428571428572
East,2012-10-29,2012-11-04,14,0.0,0.0,0.0,5.141428571428571,22.965714285714284,86.76142857142858
East,2012-11-05,2012-11-11,14,0.0,0.0,0.0,9.721428571428572,22.382857142857144,89.60285714285713
East,2012-11-12,2012-11-18,14,0.0,0.0,0.0,1.008571428571429,23.62142857142857,86.55999999999999
East,2012-11-19,2012-11-25,14,0.0,0.0,0.0,5.744285714285715,23.15285714285714,87.27857142857144
East,2012-11-26,2012-12-02,14,0.0,0.0,0.0,1.0614285714285714,23.15714285714285,82.86
East,2012-12-03,2012-12-09,14,0.0,0.0,0.0,1.5628571428571427,23.42571428571429,83.37714285714286
East,2012-12-10,2012-12-16,14,0.0,0.0,0.0,0.8714285714285713,23.58571428571429,76.94285714285715
East,2012-12-17,2012-12-23,14,0.0,0.0,0.0,0.1928571428571428,23.217142857142854,72.98142857142858
East,2012-12-24,2012-12-30,14,0.0,0.0,0.0,0.0,22.76142857142857,66.88
East,2012-12-31,2013-01-06,14,0.0,0.0,0.0,0.1885714285714285,23.30285714285714,64.48285714285714
East,2013-01-07,2013-01-13,14,0.0,0.0,0.0,0.2599999999999999,24.08571428571429,62.82428571428572
East,2013-01-14,2013-01-20,14,0.0,0.0,0.0,1.2871428571428571,25.40428571428572,69.95285714285716
East,2013-01-21,2013-01-27,14,0.0,0.0,0.0,1.2871428571428571,25.687142857142856,76.38714285714286
East,2013-01-28,2013-02-03,14,0.0,0.0,0.0,0.947142857142857,23.78,67.36714285714285
East,2013-02-04,2013-02-10,14,0.0,0.0,0.0,0.2928571428571428,26.140000000000004,66.49
East,2013-02-11,2013-02-17,14,0.0,0.0,0.0,1.6414285714285717,25.63857142857143,72.30714285714285
East,2013-02-18,2013-02-24,14,0.0,0.0,0.0,1.6214285714285717,25.944285714285712,72.39285714285714
East,2013-02-25,2013-03-03,14,0.0,0.0,0.0,2.5928571428571425,26.201428571428576,73.79571428571428
East,2013-03-04,2013-03-10,14,0.0,0.0,0.0,3.8428571428571434,25.541428571428572,78.90428571428572
East,2013-03-11,2013-03-17,14,0.0,0.0,0.0,5.424285714285714,24.41,83.12285714285714
East,2013-03-18,2013-03-24,14,0.0,0.0,0.0,3.18,24.58285714285714,82.0842857142857
East,2013-03-25,2013-03-31,14,0.0,0.0,0.0,2.312857142857143,24.37,82.49857142857142
East,2013-04-01,2013-04-07,14,0.0,0.0,0.0,2.7357142857142853,24.922857142857143,79.48142857142855
East,2013-04-08,2013-04-14,14,0.0,0.0,0.0,5.804285714285713,24.722857142857144,82.32000000000001
East,2013-04-15,2013-04-21,14,0.0,0.0,0.0,3.14,24.06714285714286,84.05714285714285
East,2013-04-22,2013-04-28,14,0.0,0.0,0.0,4.612857142857144,24.297142857142852,82.21142857142857
East,2013-04-29,2013-05-05,14,0.0,0.0,0.0,3.165714285714286,24.484285714285715,82.82857142857142
East,2013-05-06,2013-05-12,14,0.0,0.0,0.0,5.05,24.075714285714287,84.86571428571429
East,2013-05-13,2013-05-19,14,0.0,0.0,0.0,4.122857142857143,24.19428571428572,83.40142857142857
East,2013-05-20,2013-05-26,14,0.0,0.0,0.0,4.5600000000000005,23.948571428571427,83.63428571428571
East,2013-05-27,2013-06-02,14,0.0,0.0,0.0,4.985714285714286,23.922857142857143,84.28142857142858
East,2013-06-03,2013-06-09,14,0.0,0.0,0.0,4.757142857142857,23.20714285714286,83.72142857142856
East,2013-06-10,2013-06-16,14,0.0,0.0,0.0,2.41,24.055714285714288,82.03571428571429
East,2013-06-17,2013-06-23,14,0.0,0.0,0.0,2.232857142857143,24.014285714285712,83.31714285714285
East,2013-06-24,2013-06-30,14,0.0,0.0,0.0,4.4,22.978571428571424,84.63000000000001
East,2013-07-01,2013-07-07,14,0.0,0.0,0.0,9.492857142857144,22.33285714285714,89.35
East,2013-07-08,2013-07-14,14,0.0,0.0,0.0,5.388571428571429,22.12,87.29285714285716
East,2013-07-15,2013-07-21,14,0.0,0.0,0.0,1.69,23.25,84.05285714285712
East,2013-07-22,2013-07-28,14,0.0,0.0,0.0,1.76,22.96,85.20000000000002
East,2013-07-29,2013-08-04,14,0.0,0.0,0.0,3.7228571428571433,22.20285714285714,86.79142857142858
East,2013-08-05,2013-08-11,14,0.0,0.0,0.0,2.1928571428571426,22.81,85.65571428571427
East,2013-08-12,2013-08-18,14,0.0,0.0,0.0,1.2442857142857144,23.092857142857135,83.06714285714285
East,2013-08-19,2013-08-25,14,0.0,0.0,0.0,6.874285714285714,22.24,88.09285714285714
East,2013-08-26,2013-09-01,14,0.0,0.0,0.0,7.941428571428572,22.335714285714285,88.00142857142858
East,2013-09-02,2013-09-08,14,0.0,0.0,0.0,7.421428571428573,22.33571428571429,87.36428571428573
East,2013-09-09,2013-09-15,14,0.0,0.0,0.0,6.081428571428572,22.380000000000003,88.21857142857142
East,2013-09-16,2013-09-22,14,0.0,0.0,0.0,6.552857142857143,23.412857142857145,86.20714285714284
East,2013-09-23,2013-09-29,14,0.0,0.0,0.0,15.768571428571429,22.498571428571427,91.06
East,2013-09-30,2013-10-06,14,0.0,0.0,0.0,8.120000000000001,22.912857142857145,88.49
East,2013-10-07,2013-10-13,14,0.0,0.0,0.0,9.222857142857142,22.60857142857143,88.88714285714286
East,2013-10-14,2013-10-20,14,0.0,0.0,0.0,5.861428571428571,23.004285714285714,87.69142857142857
East,2013-10-21,2013-10-27,14,0.0,0.0,0.0,10.61,22.485714285714288,87.72142857142858
East,2013-10-28,2013-11-03,14,0.0,0.0,0.0,2.2871428571428574,22.78142857142857,85.62285714285714
East,2013-11-04,2013-11-10,14,0.0,0.0,0.0,3.1657142857142864,22.65714285714285,86.72857142857143
East,2013-11-11,2013-11-17,14,0.0,0.0,0.0,7.448571428571428,22.724285714285717,89.30571428571429
East,2013-11-18,2013-11-24,14,0.0,0.0,0.0,4.4157142857142855,22.840000000000003,88.44714285714285
East,2013-11-25,2013-12-01,14,0.0,0.0,0.0,2.935714285714286,23.124285714285715,87.17857142857143
East,2013-12-02,2013-12-08,14,0.0,0.0,0.0,4.852857142857142,22.891428571428573,87.19857142857143
East,2013-12-09,2013-12-15,14,0.0,0.0,0.0,1.1428571428571428,22.08,80.90285714285714
East,2013-12-16,2013-12-22,14,0.0,0.0,0.0,0.0,21.15571428571428,74.75571428571429
East,2013-12-23,2013-12-29,14,0.0,0.0,0.0,0.0542857142857142,24.172857142857143,74.67428571428572
East,2013-12-30,2014-01-05,14,0.0,0.0,0.0,0.0071428571428571,22.732857142857146,65.96285714285715
East,2014-01-06,2014-01-12,14,0.0,0.0,0.0,0.0,23.24142857142857,64.03428571428572
East,2014-01-13,2014-01-19,14,0.0,0.0,0.0,0.0,24.647142857142857,62.17285714285715
East,2014-01-20,2014-01-26,14,0.0,0.0,0.0,0.0,25.222857142857144,65.73
East,2014-01-27,2014-02-02,14,0.0,0.0,0.0,2.532857142857143,25.03142857142857,73.02428571428571
East,2014-02-03,2014-02-09,14,0.0,0.0,0.0,0.0542857142857142,25.397142857142857,66.39857142857143
East,2014-02-10,2014-02-16,14,0.0,0.0,0.0,0.0742857142857142,25.77285714285714,58.32571428571429
East,2014-02-17,2014-02-23,14,0.0,0.0,0.0,0.0057142857142857,26.58,55.50142857142857
East,2014-02-24,2014-03-02,14,0.0,0.0,0.0,2.9428571428571426,25.492857142857144,74.69857142857144
East,2014-03-03,2014-03-09,14,0.0,0.0,0.0,2.974285714285714,24.731428571428573,75.72285714285714
East,2014-03-10,2014-03-16,14,0.0,0.0,0.0,1.5742857142857145,24.66,73.12571428571428
East,2014-03-17,2014-03-23,14,0.0,0.0,0.0,3.501428571428572,24.885714285714283,79.13714285714286
East,2014-03-24,2014-03-30,14,0.0,0.0,0.0,2.59,25.00428571428571,79.71428571428571
East,2014-03-31,2014-04-06,14,0.0,0.0,0.0,4.02,24.461428571428574,83.13285714285715
East,2014-04-07,2014-04-13,14,0.0,0.0,0.0,1.6314285714285717,24.69428571428572,79.13857142857144
East,2014-04-14,2014-04-20,14,0.0,0.0,0.0,7.475714285714285,24.274285714285718,83.90857142857143
East,2014-04-21,2014-04-27,14,0.0,0.0,0.0,5.187142857142858,23.91714285714286,87.77857142857142
East,2014-04-28,2014-05-04,14,0.0,0.0,0.0,4.445714285714286,23.61,88.18142857142857
East,2014-05-05,2014-05-11,14,0.0,0.0,0.0,6.551428571428572,23.472857142857144,90.6842857142857
East,2014-05-12,2014-05-18,14,0.0,0.0,0.0,5.11142857142857,23.557142857142853,89.19428571428571
East,2014-05-19,2014-05-25,14,0.0,0.0,0.0,3.674285714285715,23.928571428571427,86.80714285714285
East,2014-05-26,2014-06-01,14,0.0,0.0,0.0,9.484285714285717,23.711428571428574,86.75285714285714
East,2014-06-02,2014-06-08,14,0.0,0.0,0.0,5.532857142857142,23.697142857142858,88.39857142857143
East,2014-06-09,2014-06-15,14,0.0,0.0,0.0,5.112857142857143,23.71142857142857,87.16142857142856
East,2014-06-16,2014-06-22,14,0.0,0.0,0.0,3.884285714285714,23.86142857142857,85.11714285714287
East,2014-06-23,2014-06-29,14,0.0,0.0,0.0,4.909999999999998,22.99714285714285,87.11857142857141
East,2014-06-30,2014-07-06,14,0.0,0.0,0.0,2.825714285714285,23.16857142857143,86.50428571428571
East,2014-07-07,2014-07-13,14,0.0,0.0,0.0,1.8771428571428568,23.592857142857145,80.34285714285714
East,2014-07-14,2014-07-20,14,0.0,0.0,0.0,1.7142857142857142,23.591428571428573,81.55428571428573
East,2014-07-21,2014-07-27,14,0.0,0.0,0.0,2.96,23.358571428571427,81.49857142857142
East,2014-07-28,2014-08-03,14,0.0,0.0,0.0,3.3642857142857148,23.224285714285717,84.55285714285715
East,2014-08-04,2014-08-10,14,0.0,0.0,0.0,3.2757142857142854,22.915714285714284,84.24571428571427
East,2014-08-11,2014-08-17,14,0.0,0.0,0.0,6.071428571428571,22.63714285714285,85.73428571428572
East,2014-08-18,2014-08-24,14,0.0,0.0,0.0,9.09,21.74,90.43857142857142
East,2014-08-25,2014-08-31,14,0.0,0.0,0.0,3.611428571428571,22.87142857142857,87.4157142857143
East,2014-09-01,2014-09-07,14,0.0,0.0,0.0,5.084285714285714,21.88571428571429,89.33
East,2014-09-08,2014-09-14,14,0.0,0.0,0.0,8.51,22.57857142857143,88.8742857142857
East,2014-09-15,2014-09-21,14,0.0,0.0,0.0,8.415714285714285,22.327142857142857,88.9157142857143
East,2014-09-22,2014-09-28,14,0.0,0.0,0.0,12.988571428571433,22.415714285714284,88.98142857142857
East,2014-09-29,2014-10-05,14,0.0,0.0,0.0,8.304285714285713,22.482857142857146,89.00714285714285
East,2014-10-06,2014-10-12,14,0.0,0.0,0.0,7.694285714285714,23.045714285714286,88.97714285714288
East,2014-10-13,2014-10-19,14,0.0,0.0,0.0,4.827142857142857,22.705714285714286,90.38857142857144
East,2014-10-20,2014-10-26,14,0.0,0.0,0.0,6.088571428571428,22.81142857142857,89.04285714285713
East,2014-10-27,2014-11-02,14,0.0,1.0,0.0,10.191428571428572,22.618571428571432,90.60428571428572
East,2014-11-03,2014-11-09,14,0.0,11.0,0.0,6.055714285714286,23.15571428571428,88.75142857142858
East,2014-11-10,2014-11-16,14,0.0,0.0,0.0,4.27,23.452857142857145,86.19571428571429
East,2014-11-17,2014-11-23,14,0.0,0.0,0.0,1.487142857142857,23.33,84.95
East,2014-11-24,2014-11-30,14,0.0,0.0,0.0,1.7285714285714289,23.185714285714283,83.96285714285715
East,2014-12-01,2014-12-07,14,0.0,0.0,0.0,0.8085714285714286,23.435714285714287,78.77
East,2014-12-08,2014-12-14,14,0.0,0.0,0.0,2.005714285714286,23.672857142857143,80.03142857142858
East,2014-12-15,2014-12-21,14,0.0,0.0,0.0,0.0,23.17714285714286,71.21285714285715
East,2014-12-22,2014-12-28,14,0.0,0.0,0.0,0.0014285714285714,22.802857142857142,65.05285714285714
East,2014-12-29,2015-01-04,14,0.0,0.0,0.0,0.1828571428571428,23.017142857142854,64.44428571428571
East,2015-01-05,2015-01-11,14,0.0,0.0,0.0,0.0014285714285714,20.755714285714284,56.96142857142858
East,2015-01-12,2015-01-18,14,0.0,0.0,0.0,0.0057142857142857,21.932857142857134,53.76
East,2015-01-19,2015-01-25,14,0.0,0.0,0.0,0.0171428571428571,24.92285714285714,56.611428571428576
East,2015-01-26,2015-02-01,14,0.0,0.0,0.0,0.0,25.494285714285716,66.06428571428572
East,2015-02-02,2015-02-08,14,0.0,0.0,0.0,0.0999999999999999,26.312857142857144,65.54428571428572
East,2015-02-09,2015-02-15,14,0.0,0.0,0.0,0.7914285714285715,25.51,69.60857142857142
East,2015-02-16,2015-02-22,14,0.0,0.0,0.0,1.7828571428571427,26.074285714285715,71.17
East,2015-02-23,2015-03-01,14,0.0,0.0,0.0,1.1585714285714288,25.457142857142856,70.33714285714287
East,2015-03-02,2015-03-08,14,0.0,0.0,0.0,0.8828571428571428,26.27142857142857,66.88857142857144
East,2015-03-09,2015-03-15,14,0.0,0.0,0.0,2.667142857142857,25.722857142857144,74.03857142857144
East,2015-03-16,2015-03-22,14,0.0,0.0,0.0,1.8657142857142857,25.965714285714288,74.17285714285715
East,2015-03-23,2015-03-29,14,0.0,0.0,0.0,0.852857142857143,26.16857142857143,73.35142857142857
East,2015-03-30,2015-04-05,14,0.0,0.0,0.0,2.2971428571428567,25.131428571428568,73.78142857142858
East,2015-04-06,2015-04-12,14,0.0,0.0,0.0,6.15142857142857,24.608571428571427,82.58571428571429
East,2015-04-13,2015-04-19,14,0.0,0.0,0.0,6.201428571428572,23.99,85.43142857142857
East,2015-04-20,2015-04-26,14,0.0,0.0,0.0,6.491428571428571,24.014285714285712,86.24714285714286
East,2015-04-27,2015-05-03,14,0.0,0.0,0.0,4.6657142857142855,23.874285714285712,86.76571428571431
East,2015-05-04,2015-05-10,14,0.0,0.0,0.0,4.234285714285714,23.535714285714285,88.52
East,2015-05-11,2015-05-17,14,0.0,0.0,0.0,6.215714285714286,23.91714285714286,88.98571428571428
East,2015-05-18,2015-05-24,14,0.0,0.0,0.0,4.321428571428571,24.518571428571427,84.96571428571428
East,2015-05-25,2015-05-31,14,0.0,0.0,0.0,7.801428571428572,23.627142857142854,88.92428571428572
East,2015-06-01,2015-06-07,14,0.0,0.0,0.0,4.630000000000001,23.401428571428568,86.65571428571431
East,2015-06-08,2015-06-14,14,0.0,0.0,0.0,3.698571428571429,23.502857142857145,84.82142857142857
East,2015-06-15,2015-06-21,14,0.0,0.0,0.0,4.0442857142857145,23.305714285714284,87.53999999999999
East,2015-06-22,2015-06-28,14,0.0,0.0,0.0,1.7671428571428571,23.354285714285712,83.89857142857143
East,2015-06-29,2015-07-05,14,0.0,0.0,0.0,2.825714285714286,23.29714285714286,87.29571428571428
East,2015-07-06,2015-07-12,14,0.0,0.0,0.0,4.298571428571428,24.15142857142857,83.43285714285715
East,2015-07-13,2015-07-19,14,0.0,0.0,0.0,4.047142857142857,24.24,83.4742857142857
East,2015-07-20,2015-07-26,14,0.0,0.0,0.0,2.825714285714286,23.46285714285714,84.05
East,2015-07-27,2015-08-02,14,0.0,0.0,0.0,5.297142857142857,23.247142857142855,84.60142857142857
East,2015-08-03,2015-08-09,14,0.0,0.0,0.0,5.168571428571428,23.091428571428573,86.38714285714286
East,2015-08-10,2015-08-16,14,0.0,0.0,0.0,5.751428571428571,23.514285714285712,86.20714285714284
East,2015-08-17,2015-08-23,14,0.0,0.0,0.0,2.9142857142857146,23.35857142857143,85.03714285714287
East,2015-08-24,2015-08-30,14,0.0,0.0,0.0,10.671428571428567,22.892857142857142,88.14428571428572
East,2015-08-31,2015-09-06,14,0.0,0.0,0.0,9.547142857142855,22.95714285714286,89.57714285714287
East,2015-09-07,2015-09-13,14,0.0,0.0,0.0,6.255714285714285,22.794285714285717,89.03571428571429
East,2015-09-14,2015-09-20,14,0.0,0.0,0.0,9.251428571428573,22.70142857142857,90.02428571428572
East,2015-09-21,2015-09-27,14,0.0,0.0,0.0,4.298571428571428,22.87142857142857,86.73142857142857
East,2015-09-28,2015-10-04,14,0.0,0.0,0.0,4.901428571428572,23.335714285714285,87.94142857142856
East,2015-10-05,2015-10-11,14,0.0,0.0,0.0,3.3157142857142854,23.15857142857143,86.17857142857143
East,2015-10-12,2015-10-18,14,0.0,0.0,0.0,4.545714285714285,23.852857142857143,85.67
East,2015-10-19,2015-10-25,14,0.0,0.0,0.0,8.225714285714284,22.804285714285715,91.05428571428573
East,2015-10-26,2015-11-01,14,0.0,0.0,0.0,8.964285714285714,22.727142857142866,91.56142857142856
East,2015-11-02,2015-11-08,14,0.0,0.0,0.0,7.834285714285714,22.73428571428571,89.63
East,2015-11-09,2015-11-15,14,0.0,0.0,0.0,3.2771428571428567,23.31428571428572,84.97285714285714
East,2015-11-16,2015-11-22,14,0.0,0.0,0.0,0.852857142857143,23.307142857142857,80.83571428571427
East,2015-11-23,2015-11-29,14,0.0,0.0,0.0,1.11,23.648571428571422,76.4542857142857
East,2015-11-30,2015-12-06,14,0.0,0.0,0.0,0.1057142857142857,23.68714285714285,71.02714285714286
East,2015-12-07,2015-12-13,14,0.0,0.0,0.0,0.4785714285714286,23.09,65.7042857142857
East,2015-12-14,2015-12-20,14,0.0,0.0,0.0,0.1657142857142857,22.557142857142853,60.41571428571429
East,2015-12-21,2015-12-27,14,0.0,0.0,0.0,0.1199999999999999,23.617142857142856,55.34285714285715
East,2016-01-04,2016-01-10,14,0.0,0.0,0.0,0.12,26.448571428571427,51.82142857142857
East,2016-01-11,2016-01-17,14,0.0,0.0,0.0,0.1085714285714285,26.37857142857143,47.77285714285715
East,2016-01-18,2016-01-24,14,0.0,0.0,0.0,0.0,26.214285714285715,44.90571428571428
East,2016-01-25,2016-01-31,14,0.0,0.0,0.0,0.0,24.98857142857143,40.39857142857142
East,2016-02-01,2016-02-07,14,0.0,0.0,0.0,0.0642857142857143,26.494285714285716,41.4
East,2016-02-08,2016-02-14,14,0.0,0.0,0.0,0.0142857142857142,26.375714285714285,41.24285714285714
East,2016-02-15,2016-02-21,14,0.0,0.0,0.0,0.2885714285714286,27.88428571428572,47.45571428571428
East,2016-02-22,2016-02-28,14,0.0,0.0,0.0,0.02,28.647142857142853,48.944285714285705
East,2016-02-29,2016-03-06,14,0.0,0.0,0.0,2.642857142857143,27.372857142857136,67.10714285714285
East,2016-03-07,2016-03-13,14,0.0,0.0,0.0,2.664285714285714,26.40142857142857,75.50285714285714
East,2016-03-14,2016-03-20,14,0.0,0.0,0.0,4.594285714285713,25.87571428571428,78.99714285714286
East,2016-03-21,2016-03-27,14,0.0,0.0,0.0,5.371428571428571,25.928571428571427,82.04428571428572
East,2016-03-28,2016-04-03,14,0.0,0.0,0.0,4.905714285714287,25.32428571428572,85.17
East,2016-04-04,2016-04-10,14,0.0,0.0,0.0,10.811428571428571,24.142857142857142,88.0257142857143
East,2016-04-11,2016-04-17,14,0.0,0.0,0.0,10.327142857142858,24.420000000000005,88.46714285714286
East,2016-04-18,2016-04-24,14,0.0,0.0,0.0,4.691428571428572,24.755714285714284,86.42428571428572
East,2016-04-25,2016-05-01,14,0.0,0.0,0.0,4.775714285714285,24.56142857142857,87.61857142857143
East,2016-05-02,2016-05-08,14,0.0,0.0,0.0,4.6571428571428575,23.897142857142857,89.37857142857142
East,2016-05-09,2016-05-15,14,0.0,0.0,0.0,6.198571428571428,24.18857142857143,88.54142857142857
East,2016-05-16,2016-05-22,14,0.0,0.0,0.0,5.435714285714285,24.052857142857142,88.01142857142857
East,2016-05-23,2016-05-29,14,0.0,0.0,0.0,8.781428571428572,23.49,88.60428571428572
East,2016-05-30,2016-06-05,14,0.0,0.0,0.0,6.087142857142858,23.46,88.40428571428572
East,2016-06-06,2016-06-12,14,0.0,0.0,0.0,7.734285714285714,24.187142857142856,87.24142857142856
East,2016-06-13,2016-06-19,14,0.0,0.0,0.0,4.031428571428572,22.49428571428572,89.22857142857143
East,2016-06-20,2016-06-26,14,0.0,0.0,0.0,8.741428571428571,22.587142857142855,88.53
East,2016-06-27,2016-07-03,14,0.0,0.0,0.0,2.077142857142857,23.33142857142857,85.90857142857145
East,2016-07-04,2016-07-10,14,0.0,0.0,0.0,1.9242857142857144,23.72,84.78857142857143
East,2016-07-11,2016-07-17,14,0.0,0.0,0.0,2.521428571428572,22.60142857142857,85.2
East,2016-07-18,2016-07-24,14,0.0,0.0,0.0,3.6442857142857146,23.232857142857146,85.75285714285714
East,2016-07-25,2016-07-31,14,0.0,1.0,0.0,3.818571428571429,22.704285714285717,87.37571428571428
East,2016-08-01,2016-08-07,14,0.0,0.0,0.0,4.354285714285714,23.16142857142857,86.98571428571428
East,2016-08-08,2016-08-14,14,0.0,0.0,0.0,5.161428571428572,22.685714285714287,88.77142857142857
East,2016-08-15,2016-08-21,14,0.0,0.0,0.0,4.914285714285714,23.10142857142857,87.72857142857143
East,2016-08-22,2016-08-28,14,0.0,1.0,0.0,8.474285714285715,22.49571428571429,88.87285714285713
East,2016-08-29,2016-09-04,14,0.0,0.0,0.0,10.381428571428572,22.67,90.12571428571428
East,2016-09-05,2016-09-11,14,0.0,0.0,0.0,5.384285714285714,23.071428571428573,89.34428571428573
East,2016-09-12,2016-09-18,14,0.0,0.0,0.0,9.504285714285714,22.064285714285717,90.63428571428572
East,2016-09-19,2016-09-25,14,0.0,0.0,0.0,7.104285714285714,22.414285714285715,90.91571428571427
East,2016-09-26,2016-10-02,14,0.0,0.0,0.0,9.267142857142858,22.92,90.63857142857144
East,2016-10-03,2016-10-09,14,0.0,0.0,0.0,5.697142857142858,23.08,89.51714285714284
East,2016-10-10,2016-10-16,14,0.0,0.0,0.0,8.265714285714285,23.53,86.4742857142857
East,2016-10-17,2016-10-23,14,0.0,0.0,0.0,5.274285714285715,23.185714285714283,87.46000000000001
East,2016-10-24,2016-10-30,14,0.0,0.0,0.0,8.008571428571429,22.99714285714285,90.4057142857143
East,2016-10-31,2016-11-06,14,0.0,0.0,0.0,5.404285714285714,23.131428571428568,89.49571428571429
East,2016-11-07,2016-11-13,14,0.0,0.0,0.0,2.684285714285714,23.35142857142857,86.00142857142858
East,2016-11-14,2016-11-20,14,0.0,0.0,0.0,3.2642857142857147,23.138571428571428,88.34142857142858
East,2016-11-21,2016-11-27,14,0.0,0.0,0.0,3.638571428571428,23.81,86.30714285714285
East,2016-11-28,2016-12-04,14,0.0,0.0,0.0,4.668571428571428,23.82857142857143,86.57428571428571
East,2016-12-05,2016-12-11,14,0.0,0.0,0.0,0.0757142857142857,23.552857142857142,82.54714285714284
East,2016-12-12,2016-12-18,14,0.0,0.0,0.0,0.2428571428571428,23.73857142857143,78.25857142857141
East,2016-12-19,2016-12-25,14,0.0,0.0,0.0,0.0542857142857142,23.75,74.33714285714287
East,2016-12-26,2017-01-01,14,0.0,0.0,0.0,0.0014285714285714,23.20142857142857,72.14714285714287
East,2017-01-02,2017-01-08,14,0.0,0.0,0.0,0.0,23.574285714285715,69.69142857142857
East,2017-01-09,2017-01-15,14,0.0,0.0,0.0,0.0014285714285714,24.12285714285714,70.94428571428571
East,2017-01-16,2017-01-22,14,0.0,0.0,0.0,0.2771428571428571,25.65142857142857,70.81857142857143
East,2017-01-23,2017-01-29,14,0.0,0.0,0.0,0.6671428571428571,24.884285714285717,77.35428571428572
East,2017-01-30,2017-02-05,14,0.0,0.0,0.0,0.5557142857142857,25.645714285714288,68.52142857142859
East,2017-02-06,2017-02-12,14,0.0,0.0,0.0,0.2128571428571428,25.278571428571432,65.79857142857142
East,2017-02-13,2017-02-19,14,0.0,0.0,0.0,0.4257142857142857,24.80857142857143,61.75714285714286
East,2017-02-20,2017-02-26,14,0.0,0.0,0.0,0.0185714285714285,26.314285714285717,61.99142857142856
East,2017-02-27,2017-03-05,14,0.0,0.0,0.0,0.2185714285714285,26.55285714285714,65.6557142857143
East,2017-03-06,2017-03-12,14,0.0,0.0,0.0,2.835714285714286,25.374285714285715,76.30571428571429
East,2017-03-13,2017-03-19,14,0.0,0.0,0.0,1.467142857142857,26.09,72.51
East,2017-03-20,2017-03-26,14,0.0,0.0,0.0,3.431428571428571,25.115714285714287,80.05285714285715
East,2017-03-27,2017-04-02,14,0.0,0.0,0.0,4.265714285714286,25.095714285714283,81.23285714285714
East,2017-04-03,2017-04-09,14,0.0,0.0,0.0,4.901428571428572,24.63571428571429,81.76857142857143
East,2017-04-10,2017-04-16,14,0.0,0.0,0.0,5.519999999999999,24.69857142857143,85.73
East,2017-04-17,2017-04-23,14,0.0,0.0,0.0,4.609999999999999,24.31714285714285,85.53142857142858
East,2017-04-24,2017-04-30,14,0.0,0.0,0.0,1.732857142857143,24.678571428571427,82.57428571428571
East,2017-05-01,2017-05-07,14,0.0,0.0,0.0,4.448571428571428,24.085714285714285,85.05285714285712
East,2017-05-08,2017-05-14,14,0.0,0.0,0.0,3.818571428571429,24.71285714285714,83.52857142857142
East,2017-05-15,2017-05-21,14,0.0,0.0,0.0,3.4442857142857144,24.74571428571429,82.26285714285714
East,2017-05-22,2017-05-28,14,0.0,0.0,0.0,11.37857142857143,23.698571428571427,86.5442857142857
East,2017-05-29,2017-06-04,14,0.0,0.0,0.0,5.140000000000001,23.83142857142857,87.29571428571428
East,2017-06-05,2017-06-11,14,0.0,0.0,0.0,6.819999999999999,24.005714285714287,88.56857142857143
East,2017-06-12,2017-06-18,14,0.0,0.0,0.0,6.737142857142857,22.817142857142866,89.54142857142858
East,2017-06-19,2017-06-25,14,0.0,0.0,0.0,5.355714285714286,23.01714285714285,86.96142857142857
East,2017-06-26,2017-07-02,14,0.0,0.0,0.0,4.354285714285714,22.90857142857143,87.46714285714286
East,2017-07-03,2017-07-09,14,0.0,0.0,0.0,1.5457142857142858,23.022857142857145,85.86999999999999
East,2017-07-10,2017-07-16,14,0.0,0.0,0.0,4.694285714285714,22.875714285714285,85.39571428571428
East,2017-07-17,2017-07-23,14,0.0,0.0,0.0,5.239999999999999,22.99428571428572,87.95857142857143
East,2017-07-24,2017-07-30,14,0.0,0.0,0.0,5.685714285714286,23.03142857142857,87.89714285714285
East,2017-07-31,2017-08-06,14,0.0,0.0,0.0,7.821428571428571,22.572857142857146,90.06428571428572
East,2017-08-07,2017-08-13,14,0.0,0.0,0.0,2.4085714285714284,23.01285714285714,85.13571428571429
East,2017-08-14,2017-08-20,14,0.0,0.0,0.0,3.1585714285714284,23.02428571428572,87.04714285714286
East,2017-08-21,2017-08-27,14,0.0,0.0,0.0,5.782857142857142,22.555714285714284,88.27
East,2017-08-28,2017-09-03,14,0.0,0.0,0.0,6.864285714285714,22.69428571428572,88.28
East,2017-09-04,2017-09-10,14,0.0,0.0,0.0,4.44,22.59857142857143,89.55142857142856
East,2017-09-11,2017-09-17,14,0.0,0.0,0.0,9.45857142857143,22.61,89.83571428571429
East,2017-09-18,2017-09-24,14,0.0,0.0,0.0,8.325714285714286,22.937142857142863,89.2942857142857
East,2017-09-25,2017-10-01,14,0.0,0.0,0.0,7.505714285714286,22.642857142857142,89.11714285714287
East,2017-10-02,2017-10-08,14,0.0,0.0,0.0,7.791428571428571,23.25142857142857,88.78142857142858
East,2017-10-09,2017-10-15,14,0.0,0.0,0.0,9.664285714285716,22.77285714285714,89.28571428571429
East,2017-10-16,2017-10-22,14,0.0,0.0,0.0,4.854285714285714,23.775714285714283,88.75428571428571
East,2017-10-23,2017-10-29,14,0.0,0.0,0.0,7.874285714285714,22.957142857142856,90.07714285714285
East,2017-10-30,2017-11-05,14,0.0,0.0,0.0,4.855714285714286,22.58857142857143,88.4042857142857
East,2017-11-06,2017-11-12,14,0.0,0.0,0.0,5.420000000000001,23.035714285714285,88.3557142857143
East,2017-11-13,2017-11-19,14,0.0,0.0,0.0,3.3071428571428565,23.464285714285715,87.97571428571429
East,2017-11-20,2017-11-26,14,0.0,0.0,0.0,1.09,22.78,84.1842857142857
East,2017-11-27,2017-12-03,14,0.0,0.0,0.0,1.5,23.10428571428572,79.48857142857142
East,2017-12-04,2017-12-10,14,0.0,0.0,0.0,0.0042857142857142,24.02142857142857,78.3042857142857
East,2017-12-11,2017-12-17,14,0.0,0.0,0.0,0.7985714285714286,24.18285714285714,79.35142857142857
East,2017-12-18,2017-12-24,14,0.0,0.0,0.0,1.0971428571428572,24.33285714285714,76.96000000000001
East,2017-12-25,2017-12-31,14,0.0,0.0,0.0,0.0071428571428571,23.684285714285718,68.75428571428571
East,2018-01-01,2018-01-07,13,0.0,0.0,0.0,0.0,21.805714285714284,63.78714285714285
East,2018-01-01,2018-12-30,12,0.0,4.0,0.0,4.642417582417583,23.55260989010989,82.60269230769231
East,2018-01-08,2018-01-14,13,0.0,0.0,0.0,0.0357142857142857,23.60571428571429,63.27857142857142
East,2018-01-15,2018-01-21,13,0.0,0.0,0.0,0.0,23.141428571428573,57.72857142857142
East,2018-01-22,2018-01-28,13,0.0,0.0,0.0,0.0,24.18285714285714,59.08714285714286
East,2018-01-29,2018-02-04,13,0.0,0.0,0.0,0.0,25.187142857142856,56.82571428571429
East,2018-02-05,2018-02-11,13,0.0,0.0,0.0,1.4228571428571428,27.00428571428571,60.95428571428571
East,2018-02-12,2018-02-18,13,0.0,0.0,0.0,2.8357142857142854,26.097142857142853,73.94285714285716
East,2018-02-19,2018-02-25,13,0.0,0.0,0.0,3.617142857142857,25.0,79.10285714285715
East,2018-02-26,2018-03-04,13,0.0,0.0,0.0,3.455714285714286,23.72142857142857,83.27285714285713
East,2018-03-05,2018-03-11,13,0.0,0.0,0.0,4.887142857142856,24.56142857142857,79.75428571428571
East,2018-03-12,2018-03-18,13,0.0,0.0,0.0,4.957142857142857,24.138571428571428,85.19571428571427
East,2018-03-19,2018-03-25,13,0.0,0.0,0.0,2.337142857142857,23.969999999999995,84.08000000000001
East,2018-03-26,2018-04-01,13,0.0,8.0,0.0,2.827142857142857,25.005714285714287,81.63
East,2018-04-02,2018-04-08,13,0.0,0.0,0.0,3.932857142857143,23.992857142857144,85.25428571428571
East,2018-04-09,2018-04-15,13,0.0,0.0,0.0,8.88142857142857,23.75714285714286,87.17714285714285
East,2018-04-16,2018-04-22,13,0.0,0.0,0.0,4.282857142857144,24.127142857142854,86.83
East,2018-04-23,2018-04-29,13,0.0,0.0,0.0,4.981428571428571,23.95,87.25571428571429
East,2018-04-30,2018-05-06,13,0.0,0.0,0.0,2.0385714285714287,24.625714285714285,85.17428571428572
East,2018-05-07,2018-05-13,13,0.0,0.0,0.0,8.459999999999999,24.09,87.98142857142857
East,2018-05-14,2018-05-20,13,0.0,0.0,0.0,6.0442857142857145,23.365714285714287,87.78571428571429
East,2018-05-21,2018-05-27,13,0.0,0.0,0.0,2.0700000000000003,23.678571428571423,85.67999999999999
East,2018-05-28,2018-06-03,13,0.0,0.0,0.0,6.057142857142857,23.95,86.0142857142857
East,2018-06-04,2018-06-10,13,0.0,0.0,0.0,1.9942857142857144,23.93,84.82285714285715
East,2018-06-11,2018-06-17,13,0.0,0.0,0.0,2.757142857142857,24.407142857142865,80.65857142857143
East,2018-06-18,2018-06-24,13,0.0,0.0,0.0,10.847142857142858,22.388571428571424,87.81428571428572
East,2018-06-25,2018-07-01,13,0.0,0.0,0.0,7.485714285714285,22.435714285714283,89.11857142857141
East,2018-07-02,2018-07-08,13,0.0,0.0,0.0,5.414285714285713,22.885714285714283,87.35285714285715
East,2018-07-09,2018-07-15,13,0.0,0.0,0.0,3.251428571428572,22.972857142857144,83.16142857142857
East,2018-07-16,2018-07-22,13,0.0,0.0,0.0,9.251428571428573,22.758571428571425,87.76571428571428
East,2018-07-17,2018-08-12,1,0.0,1.0,0.0,8.661481481481482,22.765925925925924,88.40851851851852
East,2018-07-23,2018-07-29,13,0.0,0.0,0.0,14.03,22.61285714285714,90.27714285714286
East,2018-07-30,2018-08-05,13,0.0,0.0,0.0,2.878571428571429,22.647142857142853,88.98285714285716
East,2018-08-06,2018-08-12,13,0.0,0.0,0.0,9.19285714285714,23.005714285714287,86.81285714285715
East,2018-08-13,2018-08-19,13,0.0,0.0,0.0,4.284285714285714,22.81714285714285,88.08428571428571
East,2018-08-20,2018-08-26,12,0.0,0.0,0.0,6.909999999999999,22.21857142857143,90.06000000000002
East,2018-08-27,2018-09-02,13,0.0,0.0,0.0,11.927142857142858,22.15142857142857,91.26571428571432
East,2018-09-03,2018-09-09,13,0.0,0.0,0.0,5.95,22.7,90.23857142857145
East,2018-09-10,2018-09-16,13,0.0,0.0,0.0,7.319999999999999,22.81857142857143,88.43714285714285
East,2018-09-17,2018-09-23,13,0.0,0.0,0.0,6.8585714285714285,22.76285714285714,89.76857142857143
East,2018-09-24,2018-09-30,13,0.0,0.0,0.0,10.744285714285716,22.775714285714287,88.88142857142859
East,2018-10-01,2018-10-07,13,0.0,0.0,0.0,6.152857142857144,23.12,88.35857142857142
East,2018-10-08,2018-10-14,13,0.0,0.0,0.0,14.36,22.871428571428574,91.87857142857142
East,2018-10-15,2018-10-21,13,0.0,0.0,0.0,7.12,23.15285714285714,89.49
East,2018-10-22,2018-10-28,13,0.0,0.0,0.0,5.497142857142856,23.21,89.03
East,2018-10-29,2018-11-04,13,0.0,0.0,0.0,6.212857142857142,23.21857142857143,89.24714285714288
East,2018-11-05,2018-11-11,13,0.0,0.0,0.0,0.7714285714285715,23.71857142857143,86.53714285714285
East,2018-11-12,2018-11-18,13,0.0,0.0,0.0,5.238571428571428,23.48,87.59
East,2018-11-19,2018-11-25,13,0.0,0.0,0.0,1.0585714285714285,23.822857142857146,85.14428571428572
East,2018-11-26,2018-12-02,13,0.0,0.0,0.0,0.4657142857142857,23.88142857142857,84.54714285714286
East,2018-12-10,2018-12-16,13,0.0,0.0,0.0,0.0,23.692857142857147,75.83571428571429
East,2018-12-17,2018-12-23,13,0.0,0.0,0.0,0.0214285714285714,22.36285714285714,72.05428571428571
East,2018-12-24,2018-12-30,13,0.0,0.0,0.0,0.0914285714285714,23.25,70.56142857142856
East,2018-12-31,2019-01-06,13,0.0,0.0,0.0,0.0485714285714285,23.502857142857145,71.63428571428571
East,2018-12-31,2019-12-29,12,0.0,0.0,0.0,3.5870329670329664,24.11464285714285,80.37431318681318
East,2019-01-07,2019-01-13,13,0.0,0.0,0.0,0.0028571428571428,23.755714285714287,67.28714285714285
East,2019-01-14,2019-01-20,13,0.0,0.0,0.0,0.0114285714285714,24.061428571428568,66.95285714285714
East,2019-01-21,2019-01-27,13,0.0,0.0,0.0,0.2085714285714285,25.162857142857145,75.51
East,2019-01-28,2019-02-03,13,0.0,0.0,0.0,0.8242857142857142,25.43857142857143,72.19857142857143
East,2019-02-04,2019-02-10,13,0.0,0.0,0.0,0.7828571428571428,24.794285714285717,68.60000000000001
East,2019-02-11,2019-02-17,13,0.0,0.0,0.0,0.0,25.27142857142857,62.33285714285714
East,2019-02-18,2019-02-24,13,0.0,0.0,0.0,0.0,25.87571428571428,70.83714285714287
East,2019-02-25,2019-03-03,13,0.0,0.0,0.0,2.7457142857142856,24.505714285714284,77.47
East,2019-03-04,2019-03-10,13,0.0,0.0,0.0,3.041428571428572,24.97142857142857,79.96285714285715
East,2019-03-11,2019-03-17,13,0.0,0.0,0.0,0.48,25.712857142857143,77.36714285714287
East,2019-03-18,2019-03-24,13,0.0,0.0,0.0,1.7442857142857144,26.624285714285712,74.67999999999999
East,2019-05-13,2019-05-19,13,0.0,0.0,0.0,1.7685714285714285,26.198571428571427,72.53571428571429
Far North,2010-01-04,2010-01-10,27,0.0,0.0,0.0,0.0,24.304285714285715,13.994285714285713
Far North,2010-01-11,2010-01-17,27,0.0,0.0,0.0,0.0,24.72,14.695714285714288
Far North,2010-01-18,2010-01-24,27,0.0,0.0,0.0,0.0,23.724285714285717,17.90857142857143
Far North,2010-01-25,2010-01-31,27,0.0,0.0,0.0,0.0,28.65571428571429,16.172857142857143
Far North,2010-02-01,2010-02-07,27,0.0,0.0,0.0,0.0,25.89428571428571,15.02142857142857
Far North,2010-02-08,2010-02-14,27,0.0,0.0,0.0,0.0,27.67285714285714,12.425714285714289
Far North,2010-02-15,2010-02-21,27,0.0,0.0,0.0,0.0,30.81571428571429,11.78285714285714
Far North,2010-02-22,2010-02-28,27,0.0,0.0,0.0,0.0,29.960000000000004,10.014285714285714
Far North,2010-03-01,2010-03-07,27,0.0,0.0,0.0,0.0,28.73,8.727142857142857
Far North,2010-03-08,2010-03-14,27,0.0,0.0,0.0,0.0071428571428571,31.098571428571432,21.541428571428572
Far North,2010-03-15,2010-03-21,27,0.0,0.0,0.0,0.0357142857142857,29.360000000000003,26.77
Far North,2010-03-22,2010-03-28,27,0.0,0.0,0.0,0.0,27.641428571428573,11.185714285714283
Far North,2010-03-29,2010-04-04,27,0.0,0.0,0.0,0.0,29.90714285714285,8.340000000000002
Far North,2010-04-05,2010-04-11,27,0.0,0.0,0.0,0.3585714285714285,31.18857142857143,17.342857142857145
Far North,2010-04-12,2010-04-18,27,0.0,0.0,0.0,2.025714285714286,32.13142857142857,40.51857142857143
Far North,2010-04-19,2010-04-25,27,0.0,0.0,0.0,0.9171428571428571,31.87,44.40285714285714
Far North,2010-04-26,2010-05-02,27,0.0,0.0,0.0,1.9971428571428576,29.24714285714285,57.620000000000005
Far North,2010-05-03,2010-05-09,27,4.0,24.0,0.0,0.4542857142857142,30.41857142857143,52.34428571428572
Far North,2010-05-06,2010-10-03,1,0.0,7633.0,0.0,4.886887417218544,26.192847682119208,74.37384105960263
Far North,2010-05-06,2010-12-31,1,602.0,9421.0,0.0,3.2782083333333336,25.658875,64.52695833333334
Far North,2010-05-10,2010-05-16,27,1.0,33.0,0.0,0.6628571428571428,32.60428571428572,46.58428571428571
Far North,2010-05-17,2010-05-23,27,0.0,15.0,0.0,0.5128571428571429,31.60714285714286,49.74857142857143
Far North,2010-05-24,2010-05-30,27,6.0,11.0,0.0,1.0299999999999998,31.20142857142857,51.551428571428566
Far North,2010-05-31,2010-06-06,27,3.0,24.0,0.0,5.721428571428571,27.97,66.15428571428572
Far North,2010-06-07,2010-06-13,27,9.0,24.0,0.0,3.902857142857143,28.468571428571437,61.33714285714286
Far North,2010-06-14,2010-06-20,27,2.0,54.0,0.0,3.541428571428572,28.624285714285712,62.85285714285715
Far North,2010-06-21,2010-06-27,27,6.0,127.0,0.0,5.430000000000001,27.49,68.5
Far North,2010-06-28,2010-07-04,27,12.0,189.0,0.0,2.62,27.29571428571429,66.68857142857144
Far North,2010-07-05,2010-07-11,27,18.0,171.0,0.0,5.118571428571428,25.798571428571428,74.15142857142857
Far North,2010-07-12,2010-07-18,27,18.0,287.0,0.0,6.774285714285715,24.800000000000004,79.87428571428572
Far North,2010-07-19,2010-07-25,27,22.0,300.0,0.0,10.067142857142857,23.13,87.87
Far North,2010-07-26,2010-08-01,27,28.0,442.0,0.0,5.63,23.305714285714284,87.85142857142856
Far North,2010-08-02,2010-08-08,27,48.0,591.0,0.0,7.988571428571428,24.1,87.64285714285714
Far North,2010-08-09,2010-08-15,27,52.0,745.0,0.0,6.869999999999999,23.524285714285718,84.53714285714285
Far North,2010-08-16,2010-08-22,27,42.0,767.0,0.0,9.178571428571429,24.017142857142854,86.32857142857142
Far North,2010-08-23,2010-08-29,27,56.0,889.0,0.0,14.581428571428573,23.56857142857143,88.40142857142857
Far North,2010-08-30,2010-09-05,27,53.0,883.0,0.0,4.062857142857142,23.535714285714285,89.08142857142857
Far North,2010-09-06,2010-09-12,27,43.0,755.0,0.0,2.447142857142857,23.60857142857143,86.24857142857141
Far North,2010-09-13,2010-09-19,27,40.0,654.0,0.0,4.492857142857142,24.192857142857143,83.47285714285715
Far North,2010-09-20,2010-09-26,27,38.0,493.0,0.0,2.0357142857142856,23.837142857142855,85.14428571428572
Far North,2010-09-27,2010-10-03,27,14.0,355.0,0.0,2.5700000000000003,24.75142857142857,80.86142857142856
Far North,2010-10-04,2010-10-10,27,18.0,284.0,0.0,3.715714285714285,24.92714285714285,79.05428571428571
Far North,2010-10-11,2010-10-17,27,18.0,215.0,0.0,0.7300000000000001,25.454285714285717,78.08142857142857
Far North,2010-10-18,2010-10-24,27,7.0,175.0,0.0,2.5,24.87,80.57428571428571
Far North,2010-10-25,2010-10-31,27,10.0,199.0,0.0,0.0214285714285714,25.67,71.46142857142857
Far North,2010-11-01,2010-11-07,27,9.0,127.0,0.0,0.0057142857142857,26.285714285714285,54.81142857142858
Far North,2010-11-08,2010-11-14,27,3.0,96.0,0.0,0.0057142857142857,25.897142857142853,49.42428571428572
Far North,2010-11-15,2010-11-21,27,5.0,131.0,0.0,0.0,26.22,44.49428571428571
Far North,2010-11-22,2010-11-28,27,1.0,96.0,0.0,0.0,25.698571428571427,39.29714285714285
Far North,2010-11-29,2010-12-05,27,4.0,98.0,0.0,0.0,25.218571428571437,29.43714285714285
Far North,2010-12-06,2010-12-12,27,1.0,43.0,0.0,0.0,21.62142857142857,23.801428571428573
Far North,2010-12-13,2010-12-19,27,3.0,47.0,0.0,0.0,24.345714285714283,24.892857142857142
Far North,2010-12-20,2010-12-26,27,4.0,47.0,0.0,0.0,23.00714285714286,18.49428571428572
Far North,2010-12-27,2011-01-02,27,2.0,21.0,0.0,0.0,22.268571428571427,20.41857142857143
Far North,2011-01-01,2011-09-22,27,292.0,7313.0,0.0,2.5578490566037733,27.16316981132076,46.606490566037735
Far North,2011-01-03,2011-01-09,27,0.0,26.0,0.0,0.0,23.005714285714284,22.602857142857147
Far North,2011-01-10,2011-01-16,27,0.0,6.0,0.0,0.0,20.40142857142857,18.82
Far North,2011-01-17,2011-01-23,27,1.0,3.0,0.0,0.0,21.518571428571427,21.222857142857144
Far North,2011-01-24,2011-01-30,27,0.0,2.0,0.0,0.0,26.02,12.677142857142858
Far North,2011-01-31,2011-02-06,27,0.0,3.0,0.0,0.0057142857142857,28.375714285714285,17.102857142857143
Far North,2011-02-07,2011-02-13,27,0.0,0.0,0.0,0.0,26.988571428571426,19.891428571428573
Far North,2011-02-14,2011-02-20,27,0.0,0.0,0.0,0.0,28.66857142857143,11.541428571428572
Far North,2011-02-21,2011-02-27,27,0.0,0.0,0.0,0.0242857142857142,29.048571428571424,21.30428571428572
Far North,2011-02-28,2011-03-06,27,0.0,0.0,0.0,0.0,29.938571428571432,17.235714285714284
Far North,2011-03-07,2011-03-13,27,0.0,0.0,0.0,0.0,29.397142857142853,10.657142857142857
Far North,2011-03-14,2011-03-20,27,0.0,0.0,0.0,0.0,28.638571428571424,9.68857142857143
Far North,2011-03-21,2011-03-27,27,0.0,1.0,0.0,0.0114285714285714,30.43285714285714,10.655714285714286
Far North,2011-03-28,2011-04-03,27,0.0,3.0,0.0,0.0,30.117142857142856,9.952857142857145
Far North,2011-04-04,2011-04-10,27,0.0,4.0,0.0,0.7342857142857142,29.668571428571425,12.367142857142856
Far North,2011-04-11,2011-04-17,27,0.0,12.0,0.0,0.0314285714285714,31.18857142857143,22.271428571428576
Far North,2011-04-18,2011-04-24,27,3.0,25.0,0.0,0.2842857142857142,32.61571428571428,25.107142857142858
Far North,2011-04-25,2011-05-01,27,2.0,36.0,0.0,0.5228571428571428,31.367142857142856,46.56
Far North,2011-05-02,2011-05-08,27,3.0,43.0,0.0,0.3199999999999999,31.837142857142855,44.65857142857143
Far North,2011-05-09,2011-05-15,27,4.0,88.0,0.0,0.24,30.537142857142857,48.31428571428573
Far North,2011-05-16,2011-05-22,27,1.0,62.0,0.0,3.882857142857142,30.18428571428571,51.32285714285713
Far North,2011-05-23,2011-05-29,27,1.0,82.0,0.0,1.6514285714285712,27.467142857142857,64.80142857142857
Far North,2011-05-30,2011-06-05,27,0.0,66.0,0.0,2.9385714285714286,29.732857142857146,57.30142857142857
Far North,2011-06-01,2011-08-12,1,59.0,0.0,0.0,4.674520547945206,26.583150684931507,69.81890410958904
Far North,2011-06-06,2011-06-12,27,1.0,75.0,0.0,1.8957142857142857,28.532857142857143,61.71428571428572
Far North,2011-06-13,2011-06-19,27,2.0,56.0,0.0,3.59,28.638571428571428,60.36571428571428
Far North,2011-06-20,2011-06-26,27,4.0,55.0,0.0,5.890000000000001,27.40428571428572,65.82
Far North,2011-06-27,2011-07-03,27,3.0,60.0,0.0,7.708571428571427,26.72,67.48714285714286
Far North,2011-07-04,2011-07-10,27,5.0,65.0,0.0,1.63,26.86428571428572,66.3742857142857
Far North,2011-07-11,2011-07-17,27,13.0,153.0,0.0,5.307142857142857,25.154285714285717,74.07571428571428
Far North,2011-07-18,2011-07-24,27,11.0,163.0,0.0,4.845714285714287,25.48857142857143,75.07714285714285
Far North,2011-07-25,2011-07-31,27,8.0,189.0,0.0,3.244285714285714,25.142857142857142,76.46142857142856
Far North,2011-08-01,2011-08-07,27,9.0,289.0,0.0,5.875714285714286,24.875714285714285,79.85285714285715
Far North,2011-08-08,2011-08-14,27,9.0,262.0,0.0,14.765714285714283,23.658571428571427,84.77999999999999
Far North,2011-08-15,2011-08-21,27,9.0,414.0,0.0,5.572857142857143,23.255714285714284,86.64857142857143
Far North,2011-08-22,2011-08-28,27,11.0,515.0,0.0,5.434285714285714,23.77857142857143,83.81285714285714
Far North,2011-08-29,2011-09-04,27,13.0,405.0,0.0,6.725714285714285,23.985714285714288,83.0
Far North,2011-09-05,2011-09-11,27,5.0,233.0,0.0,6.921428571428571,23.907142857142865,84.20285714285716
Far North,2011-09-12,2011-09-18,27,5.0,283.0,0.0,3.905714285714286,23.15571428571429,84.98571428571428
Far North,2011-09-19,2011-09-25,27,5.0,212.0,0.0,3.972857142857143,24.56571428571429,81.78285714285714
Far North,2011-09-23,2011-12-11,1,39.0,802.0,0.0,0.455625,24.66675,48.025375
Far North,2011-09-26,2011-10-02,27,2.0,183.0,0.0,1.0285714285714285,24.798571428571428,79.48285714285714
Far North,2011-10-03,2011-10-09,27,5.0,111.0,0.0,2.0928571428571425,25.2,77.36714285714287
Far North,2011-10-10,2011-10-16,27,3.0,91.0,0.0,0.8099999999999999,25.442857142857147,74.11714285714287
Far North,2011-10-17,2011-10-23,27,6.0,53.0,0.0,0.1542857142857143,26.032857142857143,69.19
Far North,2011-10-24,2011-10-30,27,1.0,46.0,0.0,0.0214285714285714,26.05857142857143,51.09857142857143
Far North,2011-10-31,2011-11-06,27,2.0,26.0,0.0,0.0,25.9,39.05714285714286
Far North,2011-11-07,2011-11-13,27,2.0,28.0,0.0,0.0,25.814285714285717,36.04285714285715
Far North,2011-11-14,2011-11-20,27,1.0,18.0,0.0,0.0,25.500000000000004,26.05857142857143
Far North,2011-11-21,2011-11-27,27,0.0,5.0,0.0,0.0,22.814285714285717,22.82
Far North,2011-11-28,2011-12-04,27,0.0,2.0,0.0,0.0,21.49285714285714,20.635714285714283
Far North,2011-12-05,2011-12-11,27,0.0,0.0,0.0,0.0,22.124285714285715,18.641428571428573
Far North,2011-12-12,2011-12-18,27,0.0,0.0,0.0,0.0,21.701428571428576,20.607142857142858
Far North,2011-12-19,2011-12-25,27,0.0,0.0,0.0,0.0,23.56,19.145714285714288
Far North,2011-12-26,2012-01-01,27,0.0,0.0,0.0,0.0,24.72285714285714,19.95
Far North,2012-01-02,2012-01-08,27,0.0,0.0,0.0,0.0,21.99714285714285,21.295714285714286
Far North,2012-01-09,2012-01-15,27,0.0,0.0,0.0,0.0,21.228571428571428,19.277142857142856
Far North,2012-01-16,2012-01-22,27,0.0,0.0,0.0,0.0,24.23714285714286,17.955714285714286
Far North,2012-01-23,2012-01-29,27,0.0,0.0,0.0,0.0,26.518571428571427,12.632857142857144
Far North,2012-01-30,2012-02-05,27,0.0,0.0,0.0,0.0,26.765714285714285,14.562857142857144
Far North,2012-02-06,2012-02-12,27,0.0,0.0,0.0,0.0,26.592857142857145,12.69285714285714
Far North,2012-02-13,2012-02-19,27,0.0,0.0,0.0,0.0,28.961428571428574,14.730000000000002
Far North,2012-02-20,2012-02-26,27,0.0,0.0,0.0,0.0028571428571428,29.588571428571434,13.784285714285716
Far North,2012-02-27,2012-03-04,27,0.0,0.0,0.0,0.0,28.81714285714286,13.427142857142858
Far North,2012-03-05,2012-03-11,27,0.0,0.0,0.0,0.0,28.56571428571428,9.89857142857143
Far North,2012-03-12,2012-03-18,27,0.0,0.0,0.0,0.0,28.484285714285715,13.175714285714289
Far North,2012-03-19,2012-03-25,27,0.0,0.0,0.0,0.0,28.368571428571435,8.53
Far North,2012-03-26,2012-04-01,27,0.0,0.0,0.0,0.1699999999999999,29.83285714285714,9.338571428571427
Far North,2012-04-02,2012-04-08,27,0.0,0.0,0.0,1.26,31.99571428571429,25.63714285714286
Far North,2012-04-09,2012-04-15,27,0.0,0.0,0.0,0.7928571428571427,31.00857142857143,42.77571428571429
Far North,2012-04-16,2012-04-22,27,0.0,0.0,0.0,0.2414285714285714,30.66,46.73428571428571
Far North,2012-04-23,2012-04-29,27,0.0,0.0,0.0,0.5371428571428571,31.275714285714287,33.86571428571428
Far North,2012-04-30,2012-05-06,27,0.0,3.0,0.0,0.3671428571428571,33.230000000000004,36.27142857142857
Far North,2012-05-07,2012-05-13,27,0.0,0.0,0.0,3.744285714285714,28.327142857142853,59.48857142857143
Far North,2012-05-14,2012-05-20,27,0.0,2.0,0.0,1.5328571428571427,29.81714285714286,53.83142857142857
Far North,2012-05-21,2012-05-27,27,0.0,1.0,0.0,4.098571428571429,27.844285714285714,62.22285714285715
Far North,2012-05-28,2012-06-03,27,0.0,0.0,0.0,7.364285714285714,26.935714285714287,68.48428571428572
Far North,2012-06-04,2012-06-10,27,0.0,0.0,0.0,4.911428571428572,26.345714285714283,73.61714285714287
Far North,2012-06-11,2012-06-17,27,0.0,0.0,0.0,7.794285714285714,25.68142857142857,77.03714285714285
Far North,2012-06-18,2012-06-24,27,0.0,0.0,0.0,2.3885714285714283,25.60571428571428,74.19142857142856
Far North,2012-06-25,2012-07-01,27,0.0,0.0,0.0,8.171428571428573,24.15571428571429,79.52285714285713
Far North,2012-07-02,2012-07-08,27,0.0,0.0,0.0,8.038571428571428,23.670000000000005,83.09857142857142
Far North,2012-07-09,2012-07-15,27,0.0,0.0,0.0,3.82,24.51,80.90142857142857
Far North,2012-07-16,2012-07-22,27,0.0,0.0,0.0,2.628571428571429,24.01571428571429,82.79714285714286
Far North,2012-07-23,2012-07-29,27,0.0,0.0,0.0,4.840000000000001,24.154285714285717,82.57142857142857
Far North,2012-07-30,2012-08-05,27,0.0,0.0,0.0,9.862857142857145,24.124285714285715,84.51857142857143
Far North,2012-08-06,2012-08-12,27,0.0,0.0,0.0,5.78,23.685714285714283,85.08142857142857
Far North,2012-08-13,2012-08-19,27,0.0,0.0,0.0,9.691428571428572,22.952857142857145,87.29142857142857
Far North,2012-08-20,2012-08-26,27,0.0,0.0,0.0,9.942857142857145,23.054285714285715,87.23428571428573
Far North,2012-08-27,2012-09-02,27,0.0,0.0,0.0,8.65857142857143,23.877142857142854,83.14999999999999
Far North,2012-09-03,2012-09-09,27,0.0,0.0,0.0,7.549999999999999,23.248571428571427,85.13714285714286
Far North,2012-09-10,2012-09-16,27,0.0,0.0,0.0,8.924285714285714,23.632857142857144,84.88857142857144
Far North,2012-09-17,2012-09-23,27,0.0,0.0,0.0,5.811428571428572,24.002857142857145,81.95857142857143
Far North,2012-09-24,2012-09-30,27,0.0,0.0,0.0,1.9285714285714288,24.535714285714285,80.28714285714285
Far North,2012-10-01,2012-10-07,27,0.0,0.0,0.0,3.23,24.46,81.7
Far North,2012-10-08,2012-10-14,27,0.0,0.0,0.0,1.7685714285714285,25.075714285714287,77.67285714285715
Far North,2012-10-15,2012-10-21,27,0.0,0.0,0.0,0.5914285714285714,25.545714285714286,73.13571428571429
Far North,2012-10-22,2012-10-28,27,0.0,0.0,0.0,0.2042857142857142,25.33285714285714,74.24714285714286
Far North,2012-10-29,2012-11-04,27,0.0,0.0,0.0,0.0,25.232857142857146,49.11714285714286
Far North,2012-11-05,2012-11-11,27,0.0,0.0,0.0,0.8542857142857142,25.865714285714283,61.84857142857144
Far North,2012-11-12,2012-11-18,27,0.0,0.0,0.0,0.0071428571428571,25.67571428571428,46.65142857142858
Far North,2012-11-19,2012-11-25,27,0.0,0.0,0.0,0.0799999999999999,26.192857142857143,42.11857142857143
Far North,2012-11-26,2012-12-02,27,0.0,0.0,0.0,0.01,25.277142857142856,39.06857142857143
Far North,2012-12-03,2012-12-09,27,0.0,0.0,0.0,0.0,25.294285714285717,27.88285714285714
Far North,2012-12-10,2012-12-16,27,0.0,0.0,0.0,0.0,24.15,24.294285714285717
Far North,2012-12-17,2012-12-23,27,0.0,0.0,0.0,0.0,22.437142857142856,24.23
Far North,2012-12-24,2012-12-30,27,0.0,0.0,0.0,0.0,21.05857142857143,21.24142857142857
Far North,2012-12-31,2013-01-06,27,0.0,0.0,0.0,0.0,23.204285714285717,21.365714285714287
Far North,2013-01-07,2013-01-13,27,0.0,0.0,0.0,0.0,22.72,23.84
Far North,2013-01-14,2013-01-20,27,0.0,0.0,0.0,0.0,26.60142857142857,18.422857142857143
Far North,2013-01-21,2013-01-27,27,0.0,0.0,0.0,0.0,29.09,19.32428571428571
Far North,2013-01-28,2013-02-03,27,0.0,0.0,0.0,0.0,23.48,16.61285714285714
Far North,2013-02-04,2013-02-10,27,0.0,0.0,0.0,0.0,26.960000000000004,17.184285714285714
Far North,2013-02-11,2013-02-17,27,0.0,0.0,0.0,0.0,27.92,14.002857142857144
Far North,2013-02-18,2013-02-24,27,0.0,0.0,0.0,0.0,29.50142857142857,14.315714285714284
Far North,2013-02-25,2013-03-03,27,0.0,0.0,0.0,0.0,30.78,11.07714285714286
Far North,2013-03-04,2013-03-10,27,0.0,0.0,0.0,0.0,30.72428571428571,9.27
Far North,2013-03-11,2013-03-17,27,0.0,0.0,0.0,0.0,30.944285714285712,14.18
Far North,2013-03-18,2013-03-24,27,0.0,0.0,0.0,0.0,30.928571428571427,20.31
Far North,2013-03-25,2013-03-31,27,0.0,0.0,0.0,0.2599999999999999,31.52142857142857,31.01428571428571
Far North,2013-04-01,2013-04-07,27,0.0,0.0,0.0,0.722857142857143,32.098571428571425,25.76714285714285
Far North,2013-04-08,2013-04-14,27,0.0,0.0,0.0,0.3314285714285714,31.027142857142856,30.647142857142857
Far North,2013-04-15,2013-04-21,27,0.0,0.0,0.0,0.0528571428571428,30.934285714285718,26.44
Far North,2013-04-22,2013-04-28,27,0.0,0.0,0.0,1.0771428571428572,30.305714285714288,36.567142857142855
Far North,2013-04-29,2013-05-05,27,0.0,0.0,0.0,0.3442857142857143,30.638571428571424,49.95428571428572
Far North,2013-05-06,2013-05-12,27,0.0,0.0,0.0,1.014285714285714,29.25428571428572,54.92285714285715
Far North,2013-05-13,2013-05-19,27,0.0,0.0,0.0,1.7157142857142855,31.36428571428572,44.84857142857144
Far North,2013-05-20,2013-05-26,27,0.0,0.0,0.0,1.8528571428571428,29.398571428571422,57.974285714285706
Far North,2013-05-27,2013-06-02,27,0.0,0.0,0.0,4.004285714285714,28.72,58.99714285714286
Far North,2013-06-03,2013-06-09,27,0.0,0.0,0.0,3.5542857142857143,28.0,61.19285714285714
Far North,2013-06-10,2013-06-16,27,0.0,1.0,0.0,5.044285714285714,27.795714285714286,65.25571428571428
Far North,2013-06-17,2013-06-23,27,0.0,0.0,0.0,4.242857142857143,27.58,63.84428571428571
Far North,2013-06-24,2013-06-30,27,0.0,0.0,0.0,5.025714285714286,26.36285714285714,70.02142857142857
Far North,2013-07-01,2013-07-07,27,0.0,1.0,0.0,5.935714285714285,25.967142857142857,69.15285714285713
Far North,2013-07-08,2013-07-14,27,0.0,0.0,0.0,6.121428571428572,25.43142857142857,71.64
Far North,2013-07-15,2013-07-21,27,0.0,0.0,0.0,14.641428571428571,24.884285714285717,79.24857142857142
Far North,2013-07-22,2013-07-28,27,0.0,1.0,0.0,8.049999999999999,24.104285714285712,85.09
Far North,2013-07-29,2013-08-04,27,0.0,0.0,0.0,5.892857142857143,23.36,85.1
Far North,2013-08-05,2013-08-11,27,0.0,0.0,0.0,11.409999999999998,23.207142857142856,87.9057142857143
Far North,2013-08-12,2013-08-18,27,0.0,0.0,0.0,11.317142857142857,23.31,88.22714285714285
Far North,2013-08-19,2013-08-25,27,0.0,5.0,0.0,8.31,23.09,88.32857142857144
Far North,2013-08-26,2013-09-01,27,0.0,0.0,0.0,6.027142857142857,23.69428571428572,84.55
Far North,2013-09-02,2013-09-08,27,0.0,0.0,0.0,5.452857142857143,24.05857142857143,82.87714285714286
Far North,2013-09-09,2013-09-15,27,0.0,0.0,0.0,6.618571428571428,24.08142857142857,83.06285714285715
Far North,2013-09-16,2013-09-22,27,0.0,0.0,0.0,2.4,24.94142857142857,81.54714285714286
Far North,2013-09-23,2013-09-29,27,0.0,0.0,0.0,4.2785714285714285,24.02428571428572,83.25571428571429
Far North,2013-09-30,2013-10-06,27,0.0,0.0,0.0,5.220000000000001,24.82,78.96285714285715
Far North,2013-10-07,2013-10-13,27,0.0,0.0,0.0,1.4985714285714289,24.83714285714285,69.41142857142857
Far North,2013-10-14,2013-10-20,27,0.0,0.0,0.0,0.09,25.06714285714286,61.75714285714285
Far North,2013-10-21,2013-10-27,27,0.0,0.0,0.0,0.1485714285714285,25.06142857142857,54.07571428571429
Far North,2013-10-28,2013-11-03,27,0.0,0.0,0.0,0.0014285714285714,26.0,58.93142857142856
Far North,2013-11-04,2013-11-10,27,0.0,0.0,0.0,0.0,24.571428571428573,39.11142857142857
Far North,2013-11-11,2013-11-17,27,0.0,0.0,0.0,0.0,25.445714285714285,38.71428571428572
Far North,2013-11-18,2013-11-24,27,0.0,0.0,0.0,0.0,26.19,31.57571428571429
Far North,2013-11-25,2013-12-01,27,0.0,1.0,0.0,0.0,26.84714285714286,25.582857142857144
Far North,2013-12-02,2013-12-08,27,0.0,0.0,0.0,0.1071428571428571,27.67142857142857,30.135714285714283
Far North,2013-12-09,2013-12-15,27,0.0,0.0,0.0,0.0,24.188571428571432,29.69142857142857
Far North,2013-12-16,2013-12-22,27,0.0,0.0,0.0,0.0,21.195714285714285,20.474285714285717
Far North,2013-12-23,2013-12-29,27,0.0,0.0,0.0,0.0,24.59857142857143,18.587142857142855
Far North,2013-12-30,2014-01-05,28,0.0,0.0,0.0,0.0,23.56428571428572,18.185714285714287
Far North,2014-01-06,2014-01-12,28,0.0,0.0,0.0,0.0,22.547142857142852,20.082857142857144
Far North,2014-01-13,2014-01-19,28,0.0,0.0,0.0,0.0,24.68,15.012857142857143
Far North,2014-01-20,2014-01-26,28,0.0,0.0,0.0,0.0,25.807142857142857,11.987142857142857
Far North,2014-01-27,2014-02-02,28,0.0,0.0,0.0,0.0257142857142857,26.502857142857145,17.619999999999997
Far North,2014-02-03,2014-02-09,28,0.0,0.0,0.0,0.0,26.044285714285717,15.445714285714285
Far North,2014-02-10,2014-02-16,28,0.0,0.0,0.0,0.0,25.132857142857144,11.224285714285717
Far North,2014-02-17,2014-02-23,28,0.0,0.0,0.0,0.0,26.728571428571428,8.682857142857143
Far North,2014-02-24,2014-03-02,28,0.0,0.0,0.0,0.0442857142857142,28.73857142857144,19.02
Far North,2014-03-03,2014-03-09,28,0.0,0.0,0.0,0.0028571428571428,28.72571428571428,19.824285714285715
Far North,2014-03-10,2014-03-16,28,0.0,0.0,0.0,0.0,28.81857142857143,14.164285714285713
Far North,2014-03-17,2014-03-23,28,0.0,0.0,0.0,0.0028571428571428,30.75,10.98
Far North,2014-03-24,2014-03-30,28,0.0,0.0,0.0,0.4942857142857143,31.572857142857146,34.41428571428572
Far North,2014-03-31,2014-04-06,28,0.0,0.0,0.0,0.0757142857142857,31.24285714285714,14.297142857142855
Far North,2014-04-07,2014-04-13,28,0.0,0.0,0.0,0.0,31.76571428571429,22.562857142857144
Far North,2014-04-14,2014-04-20,28,0.0,0.0,0.0,1.0671428571428572,31.61285714285714,40.92142857142857
Far North,2014-04-21,2014-04-27,28,1.0,2.0,0.0,4.065714285714286,29.01142857142857,60.175714285714285
Far North,2014-04-24,2014-07-24,9,61.0,1314.0,0.0,3.104565217391305,27.75434782608696,64.06630434782609
Far North,2014-04-28,2014-05-04,28,1.0,3.0,0.0,5.658571428571429,27.94428571428572,66.05
Far North,2014-05-05,2014-05-11,28,0.0,19.0,0.0,1.3085714285714285,27.865714285714287,60.36714285714286
Far North,2014-05-12,2014-05-18,28,1.0,11.0,0.0,0.7514285714285712,28.241428571428568,50.05857142857144
Far North,2014-05-19,2014-05-25,28,2.0,15.0,0.0,1.3842857142857146,30.83857142857143,51.712857142857146
Far North,2014-05-26,2014-06-01,28,2.0,34.0,0.0,2.6142857142857143,29.23142857142857,58.76714285714286
Far North,2014-06-02,2014-06-08,28,2.0,26.0,0.0,4.975714285714285,27.89428571428571,66.21142857142857
Far North,2014-06-09,2014-06-15,28,1.0,56.0,0.0,1.25,28.49571428571429,62.861428571428576
Far North,2014-06-16,2014-06-22,28,1.0,69.0,0.0,4.751428571428571,27.39428571428571,69.17
Far North,2014-06-23,2014-06-29,28,7.0,221.0,0.0,3.92,27.025714285714287,67.60428571428572
Far North,2014-06-30,2014-07-06,28,18.0,256.0,0.0,2.19,26.4,70.13142857142857
Far North,2014-07-07,2014-07-13,28,15.0,262.0,0.0,4.0614285714285705,25.962857142857143,70.51857142857143
Far North,2014-07-14,2014-07-20,28,8.0,253.0,0.0,2.7585714285714285,26.65285714285714,69.9042857142857
Far North,2014-07-21,2014-07-27,28,6.0,177.0,0.0,3.3057142857142856,25.715714285714284,72.83714285714287
Far North,2014-07-25,2014-08-12,10,16.0,338.0,0.0,7.763684210526315,24.342105263157897,81.43578947368421
Far North,2014-07-28,2014-08-03,28,8.0,162.0,0.0,7.658571428571428,24.897142857142857,79.16142857142857
Far North,2014-08-04,2014-08-10,28,6.0,115.0,0.0,9.395714285714288,23.47,85.72
Far North,2014-08-11,2014-08-17,28,2.0,69.0,0.0,12.002857142857144,23.412857142857145,86.99142857142856
Far North,2014-08-18,2014-08-24,28,4.0,60.0,0.0,5.228571428571429,23.684285714285718,84.76571428571428
Far North,2014-08-25,2014-08-31,28,4.0,68.0,0.0,5.5114285714285725,24.08857142857143,85.13428571428572
Far North,2014-09-01,2014-09-07,28,3.0,31.0,0.0,7.951428571428573,23.38571428571429,85.48285714285713
Far North,2014-09-08,2014-09-14,28,2.0,44.0,0.0,1.4557142857142855,24.298571428571428,81.21571428571428
Far North,2014-09-15,2014-09-21,28,2.0,29.0,0.0,3.1685714285714286,24.73428571428572,80.0142857142857
Far North,2014-09-22,2014-09-28,28,5.0,41.0,0.0,3.925714285714286,24.844285714285714,79.54285714285713
Far North,2014-09-29,2014-10-05,28,4.0,35.0,0.0,4.951428571428571,24.65857142857143,78.91142857142857
Far North,2014-10-06,2014-10-12,28,11.0,101.0,0.0,1.9285714285714288,25.705714285714286,71.51142857142857
Far North,2014-10-13,2014-10-19,28,10.0,138.0,0.0,2.142857142857143,25.292857142857144,74.37285714285714
Far North,2014-10-20,2014-10-26,28,7.0,99.0,0.0,0.03,26.22142857142857,56.88
Far North,2014-10-27,2014-11-02,28,19.0,249.0,0.0,0.0042857142857142,26.74142857142857,55.77857142857143
Far North,2014-11-03,2014-11-09,28,2.0,129.0,0.0,0.0028571428571428,27.251428571428573,49.95857142857143
Far North,2014-11-10,2014-11-16,28,0.0,54.0,0.0,0.0,27.09,43.43714285714286
Far North,2014-11-17,2014-11-23,28,0.0,16.0,0.0,0.0,25.337142857142855,32.61571428571428
Far North,2014-11-24,2014-11-30,28,0.0,10.0,0.0,0.0,24.53714285714286,27.99142857142857
Far North,2014-12-01,2014-12-07,28,0.0,7.0,0.0,0.0,24.891428571428573,21.11142857142857
Far North,2014-12-08,2014-12-14,28,0.0,4.0,0.0,0.0,24.95428571428571,20.15285714285714
Far North,2014-12-15,2014-12-21,28,0.0,0.0,0.0,0.0,24.175714285714285,20.53
Far North,2014-12-22,2014-12-28,28,0.0,0.0,0.0,0.0,21.772857142857145,22.98285714285714
Far North,2014-12-29,2015-01-04,28,0.0,0.0,0.0,0.0,22.86428571428571,20.892857142857142
Far North,2015-01-05,2015-01-11,28,0.0,0.0,0.0,0.0,18.51,19.118571428571425
Far North,2015-01-12,2015-01-18,28,0.0,0.0,0.0,0.0,19.62857142857143,15.572857142857144
Far North,2015-01-19,2015-01-25,28,0.0,0.0,0.0,0.0,25.224285714285717,10.522857142857143
Far North,2015-01-26,2015-02-01,28,0.0,0.0,0.0,0.0,25.93285714285714,15.320000000000002
Far North,2015-02-02,2015-02-08,28,0.0,0.0,0.0,0.0,28.754285714285714,13.20142857142857
Far North,2015-02-09,2015-02-15,28,0.0,0.0,0.0,0.0,27.821428571428573,10.065714285714288
Far North,2015-02-16,2015-02-22,28,0.0,0.0,0.0,0.0371428571428571,29.60714285714286,18.007142857142856
Far North,2015-02-23,2015-03-01,28,0.0,0.0,0.0,0.0,27.515714285714285,12.592857142857142
Far North,2015-03-02,2015-03-08,28,0.0,0.0,0.0,0.0,28.20285714285714,14.611428571428572
Far North,2015-03-09,2015-03-15,28,0.0,0.0,0.0,0.0,30.148571428571422,14.531428571428572
Far North,2015-03-16,2015-03-22,28,0.0,0.0,0.0,0.0271428571428571,31.04428571428571,15.314285714285717
Far North,2015-03-23,2015-03-29,28,0.0,0.0,0.0,0.0028571428571428,31.38,26.2
Far North,2015-03-30,2015-04-05,28,0.0,0.0,0.0,0.0,30.07,12.827142857142857
Far North,2015-04-06,2015-04-12,28,0.0,0.0,0.0,0.0257142857142857,31.54,28.37285714285714
Far North,2015-04-13,2015-04-19,28,0.0,0.0,0.0,0.0,28.67428571428571,8.594285714285714
Far North,2015-04-20,2015-04-26,28,0.0,0.0,0.0,0.0,30.968571428571423,10.868571428571428
Far North,2015-04-27,2015-05-03,28,0.0,0.0,0.0,1.1842857142857142,31.23,13.012857142857143
Far North,2015-05-04,2015-05-10,28,0.0,0.0,0.0,0.03,30.90571428571428,36.68857142857144
Far North,2015-05-11,2015-05-17,28,0.0,0.0,0.0,0.5185714285714286,31.31857142857143,38.08428571428571
Far North,2015-05-18,2015-05-24,28,0.0,0.0,0.0,0.8300000000000001,31.187142857142856,46.34571428571429
Far North,2015-05-25,2015-05-31,28,0.0,0.0,0.0,1.6442857142857144,31.20285714285714,47.401428571428575
Far North,2015-06-01,2015-06-07,28,0.0,0.0,0.0,14.395714285714282,27.804285714285715,65.39857142857143
Far North,2015-06-08,2015-06-14,28,0.0,3.0,0.0,4.541428571428573,26.79428571428571,71.14571428571428
Far North,2015-06-15,2015-06-21,28,0.0,0.0,0.0,6.01857142857143,27.207142857142856,69.33714285714287
Far North,2015-06-22,2015-06-28,28,0.0,0.0,0.0,2.44,26.267142857142854,72.56714285714285
Far North,2015-06-29,2015-07-05,28,0.0,0.0,0.0,6.531428571428571,26.04714285714286,73.4057142857143
Far North,2015-07-06,2015-07-12,28,0.0,0.0,0.0,1.5457142857142858,26.937142857142856,70.03857142857142
Far North,2015-07-13,2015-07-19,28,0.0,2.0,0.0,4.261428571428572,26.20714285714286,74.10714285714286
Far North,2015-07-20,2015-07-26,28,0.0,3.0,0.0,2.5471428571428567,25.388571428571424,75.92714285714285
Far North,2015-07-27,2015-08-02,28,0.0,1.0,0.0,5.972857142857143,24.99857142857143,79.47714285714287
Far North,2015-08-03,2015-08-09,28,0.0,0.0,0.0,6.967142857142858,24.322857142857146,82.77857142857144
Far North,2015-08-10,2015-08-16,28,0.0,4.0,0.0,2.93,25.038571428571423,81.22714285714287
Far North,2015-08-17,2015-08-23,28,0.0,3.0,0.0,3.3242857142857147,25.21,79.52285714285715
Far North,2015-08-24,2015-08-30,28,0.0,3.0,0.0,8.892857142857142,24.14428571428571,84.57714285714285
Far North,2015-08-31,2015-09-06,28,0.0,0.0,0.0,6.694285714285714,24.69,81.89
Far North,2015-09-07,2015-09-13,28,0.0,0.0,0.0,7.4142857142857155,24.85571428571429,81.35714285714286
Far North,2015-09-14,2015-09-20,28,0.0,0.0,0.0,3.415714285714285,24.62857142857143,79.97285714285714
Far North,2015-09-21,2015-09-27,28,0.0,0.0,0.0,7.058571428571429,25.221428571428568,81.07285714285715
Far North,2015-09-28,2015-10-04,28,0.0,0.0,0.0,5.108571428571429,25.15571428571428,79.84285714285714
Far North,2015-10-05,2015-10-11,28,0.0,0.0,0.0,2.2528571428571427,25.38714285714286,77.24285714285715
Far North,2015-10-12,2015-10-18,28,0.0,0.0,0.0,2.44,26.442857142857147,72.43428571428572
Far North,2015-10-19,2015-10-25,28,0.0,0.0,0.0,0.37,26.68142857142857,68.65428571428572
Far North,2015-10-26,2015-11-01,28,0.0,0.0,0.0,1.022857142857143,26.21857142857143,69.53857142857143
Far North,2015-11-02,2015-11-08,28,0.0,0.0,0.0,0.0,25.555714285714284,48.18714285714286
Far North,2015-11-09,2015-11-15,28,0.0,0.0,0.0,0.0,24.90285714285714,37.87285714285714
Far North,2015-11-16,2015-11-22,28,0.0,0.0,0.0,0.0,25.104285714285712,34.01571428571429
Far North,2015-11-23,2015-11-29,28,0.0,0.0,0.0,0.0,25.06714285714286,24.55285714285714
Far North,2015-11-30,2015-12-06,28,0.0,0.0,0.0,0.0,22.534285714285712,28.01714285714285
Far North,2015-12-07,2015-12-13,28,0.0,0.0,0.0,0.0,21.49142857142857,26.76857142857143
Far North,2015-12-14,2015-12-20,28,0.0,0.0,0.0,0.0,20.02428571428572,23.532857142857143
Far North,2015-12-21,2015-12-27,28,0.0,0.0,0.0,0.0,21.305714285714288,23.48428571428571
Far North,2016-01-04,2016-01-10,28,0.0,0.0,0.0,0.0,24.304285714285715,16.322857142857142
Far North,2016-01-11,2016-01-17,28,0.0,0.0,0.0,0.0,23.908571428571427,15.214285714285714
Far North,2016-01-18,2016-01-24,28,0.0,0.0,0.0,0.0,22.314285714285717,12.52714285714286
Far North,2016-01-25,2016-01-31,28,0.0,0.0,0.0,0.0,20.3,17.297142857142855
Far North,2016-02-01,2016-02-07,28,0.0,0.0,0.0,0.0,24.32857142857143,14.788571428571426
Far North,2016-02-08,2016-02-14,28,0.0,0.0,0.0,0.0,22.352857142857143,11.998571428571427
Far North,2016-02-15,2016-02-21,28,0.0,0.0,0.0,0.0,28.138571428571428,10.914285714285716
Far North,2016-02-22,2016-02-28,28,0.0,0.0,0.0,0.0,28.080000000000005,12.605714285714283
Far North,2016-02-29,2016-03-06,28,0.0,0.0,0.0,0.0,31.20285714285714,11.83285714285714
Far North,2016-03-07,2016-03-13,28,0.0,0.0,0.0,0.0,31.662857142857145,17.217142857142857
Far North,2016-03-14,2016-03-20,28,0.0,0.0,0.0,0.0185714285714285,30.92,34.75714285714286
Far North,2016-03-21,2016-03-27,28,0.0,0.0,0.0,0.06,32.54,23.002857142857145
Far North,2016-03-28,2016-04-03,28,0.0,0.0,0.0,0.0,32.112857142857145,12.175714285714283
Far North,2016-04-04,2016-04-10,28,0.0,2.0,0.0,1.912857142857143,32.32285714285714,35.792857142857144
Far North,2016-04-11,2016-04-17,28,0.0,0.0,0.0,0.8985714285714286,30.40285714285715,55.72857142857142
Far North,2016-04-18,2016-04-24,28,0.0,0.0,0.0,0.2442857142857142,31.042857142857144,22.58571428571429
Far North,2016-04-25,2016-05-01,28,0.0,0.0,0.0,1.17,31.47571428571428,43.33142857142857
Far North,2016-05-02,2016-05-08,28,0.0,0.0,0.0,1.2128571428571429,31.448571428571427,45.442857142857136
Far North,2016-05-09,2016-05-15,28,0.0,0.0,0.0,2.892857142857143,31.110000000000007,53.76571428571429
Far North,2016-05-16,2016-05-22,28,0.0,0.0,0.0,7.198571428571428,28.127142857142854,66.27285714285715
Far North,2016-05-23,2016-05-29,28,0.0,0.0,0.0,11.047142857142855,27.444285714285712,69.31285714285714
Far North,2016-05-30,2016-06-05,28,0.0,0.0,0.0,3.745714285714286,27.09428571428571,60.82571428571429
Far North,2016-06-06,2016-06-12,28,0.0,0.0,0.0,3.018571428571428,26.664285714285715,75.05857142857143
Far North,2016-06-13,2016-06-19,28,0.0,0.0,0.0,5.5600000000000005,25.297142857142852,75.90714285714286
Far North,2016-06-20,2016-06-26,28,0.0,0.0,0.0,7.645714285714285,25.095714285714287,76.01714285714287
Far North,2016-06-27,2016-07-03,28,0.0,0.0,0.0,7.499999999999999,25.481428571428573,78.51142857142858
Far North,2016-07-04,2016-07-10,28,0.0,1.0,0.0,8.085714285714285,24.74142857142857,84.48428571428572
Far North,2016-07-11,2016-07-17,28,0.0,2.0,0.0,11.302857142857144,23.64428571428572,86.88000000000001
Far North,2016-07-18,2016-07-24,28,0.0,0.0,0.0,5.162857142857142,23.89142857142857,85.07714285714285
Far North,2016-07-25,2016-07-31,28,0.0,4.0,0.0,9.617142857142856,23.99285714285714,85.45285714285714
Far North,2016-08-01,2016-08-07,28,0.0,0.0,0.0,10.744285714285713,23.701428571428576,88.35142857142857
Far North,2016-08-08,2016-08-14,28,0.0,0.0,0.0,6.972857142857143,24.032857142857143,85.91285714285713
Far North,2016-08-15,2016-08-21,28,0.0,0.0,0.0,5.942857142857143,24.58,83.64999999999999
Far North,2016-08-22,2016-08-28,28,0.0,0.0,0.0,8.637142857142857,23.415714285714284,87.76571428571431
Far North,2016-08-29,2016-09-04,28,0.0,0.0,0.0,12.72,24.368571428571425,83.69428571428571
Far North,2016-09-05,2016-09-11,28,0.0,1.0,0.0,8.26142857142857,24.79142857142857,84.35571428571428
Far North,2016-09-12,2016-09-18,28,0.0,0.0,0.0,7.874285714285713,24.08142857142857,85.37857142857142
Far North,2016-09-19,2016-09-25,28,0.0,0.0,0.0,4.697142857142857,24.307142857142857,85.84
Far North,2016-09-26,2016-10-02,28,0.0,0.0,0.0,2.388571428571429,25.15428571428572,78.56571428571428
Far North,2016-10-03,2016-10-09,28,0.0,0.0,0.0,0.2042857142857142,25.312857142857144,78.69857142857143
Far North,2016-10-10,2016-10-16,28,0.0,0.0,0.0,0.1857142857142857,25.63,76.41714285714286
Far North,2016-10-17,2016-10-23,28,0.0,0.0,0.0,1.25,25.374285714285712,68.46285714285715
Far North,2016-10-24,2016-10-30,28,0.0,0.0,0.0,0.0028571428571428,24.858571428571427,58.09571428571428
Far North,2016-10-31,2016-11-06,28,0.0,0.0,0.0,0.0,24.985714285714284,50.79142857142857
Far North,2016-11-07,2016-11-13,28,0.0,0.0,0.0,0.0,24.175714285714285,42.24857142857143
Far North,2016-11-14,2016-11-20,28,0.0,0.0,0.0,0.0,26.46,44.30428571428572
Far North,2016-11-21,2016-11-27,28,0.0,0.0,0.0,0.0,26.664285714285715,34.27
Far North,2016-11-28,2016-12-04,28,0.0,0.0,0.0,0.0,25.635714285714293,28.40142857142857
Far North,2016-12-05,2016-12-11,28,0.0,0.0,0.0,0.0,25.918571428571436,27.60285714285714
Far North,2016-12-12,2016-12-18,28,0.0,0.0,0.0,0.0,24.87285714285714,23.66142857142857
Far North,2016-12-19,2016-12-25,28,0.0,0.0,0.0,0.0,24.49,20.045714285714286
Far North,2016-12-26,2017-01-01,28,0.0,0.0,0.0,0.0,22.58142857142857,24.04
Far North,2017-01-02,2017-01-08,28,0.0,0.0,0.0,0.0,23.92571428571429,22.60142857142857
Far North,2017-01-09,2017-01-15,28,0.0,0.0,0.0,0.0,24.382857142857144,19.38714285714285
Far North,2017-01-16,2017-01-22,28,0.0,0.0,0.0,0.0,27.22,16.681428571428572
Far North,2017-01-23,2017-01-29,28,0.0,0.0,0.0,0.0,28.07857142857143,18.04
Far North,2017-01-30,2017-02-05,28,0.0,0.0,0.0,0.0,25.68857142857143,15.017142857142858
Far North,2017-02-06,2017-02-12,28,0.0,0.0,0.0,0.0,26.19,11.32
Far North,2017-02-13,2017-02-19,28,0.0,0.0,0.0,0.06,24.15428571428572,13.781428571428572
Far North,2017-02-20,2017-02-26,28,0.0,0.0,0.0,0.0,26.23428571428571,11.315714285714288
Far North,2017-02-27,2017-03-05,28,0.0,0.0,0.0,0.0,27.73428571428571,10.432857142857143
Far North,2017-03-06,2017-03-12,28,0.0,0.0,0.0,0.0,28.335714285714285,10.45857142857143
Far North,2017-03-13,2017-03-19,28,0.0,0.0,0.0,0.0,29.482857142857146,12.161428571428573
Far North,2017-03-20,2017-03-26,28,0.0,0.0,0.0,0.0,31.18857142857143,14.028571428571428
Far North,2017-03-27,2017-04-02,28,0.0,0.0,0.0,0.0,31.191428571428577,11.015714285714283
Far North,2017-04-03,2017-04-09,28,0.0,0.0,0.0,0.0028571428571428,32.96,20.694285714285712
Far North,2017-04-10,2017-04-16,28,0.0,0.0,0.0,1.1942857142857144,30.42714285714285,44.49142857142857
Far North,2017-04-17,2017-04-23,28,0.0,0.0,0.0,0.0014285714285714,32.30142857142857,25.54142857142857
Far North,2017-04-24,2017-04-30,28,0.0,0.0,0.0,0.6642857142857144,32.67857142857143,38.27
Far North,2017-05-01,2017-05-07,28,0.0,0.0,0.0,7.802857142857143,29.674285714285716,57.040000000000006
Far North,2017-05-08,2017-05-14,28,0.0,0.0,0.0,0.9571428571428572,28.76,58.84857142857144
Far North,2017-05-15,2017-05-21,28,0.0,0.0,0.0,3.2242857142857138,27.952857142857145,63.83428571428571
Far North,2017-05-22,2017-05-28,28,0.0,0.0,0.0,2.1828571428571437,27.72142857142857,65.80999999999999
Far North,2017-05-29,2017-06-04,28,0.0,0.0,0.0,8.694285714285716,26.95428571428572,71.29857142857142
Far North,2017-06-05,2017-06-11,28,0.0,0.0,0.0,2.568571428571428,28.1,66.91142857142857
Far North,2017-06-12,2017-06-18,28,0.0,0.0,0.0,7.301428571428572,25.91714285714286,75.38
Far North,2017-06-19,2017-06-25,28,0.0,0.0,0.0,3.18,25.801428571428573,72.80428571428571
Far North,2017-06-26,2017-07-02,28,0.0,0.0,0.0,5.78,26.044285714285717,74.4342857142857
Far North,2017-07-03,2017-07-09,28,0.0,0.0,0.0,9.744285714285713,24.314285714285717,83.68142857142857
Far North,2017-07-10,2017-07-16,28,0.0,0.0,0.0,3.2985714285714285,24.66428571428571,80.83857142857143
Far North,2017-07-17,2017-07-23,28,0.0,0.0,0.0,8.645714285714286,24.53142857142857,83.75142857142858
Far North,2017-07-24,2017-07-30,28,0.0,0.0,0.0,9.197142857142856,24.591428571428576,83.18571428571428
Far North,2017-07-31,2017-08-06,28,0.0,0.0,0.0,7.672857142857143,23.860000000000003,86.19428571428571
Far North,2017-08-07,2017-08-13,28,0.0,0.0,0.0,11.23857142857143,24.118571428571432,84.41714285714286
Far North,2017-08-14,2017-08-20,28,0.0,0.0,0.0,6.974285714285715,23.79,86.3342857142857
Far North,2017-08-21,2017-08-27,28,0.0,0.0,0.0,4.914285714285714,23.88428571428571,86.70000000000002
Far North,2017-08-28,2017-09-03,28,0.0,0.0,0.0,3.137142857142857,23.458571428571435,88.05714285714285
Far North,2017-09-04,2017-09-10,28,0.0,0.0,0.0,5.605714285714285,23.98428571428571,82.39285714285714
Far North,2017-09-11,2017-09-17,28,0.0,0.0,0.0,5.354285714285715,24.624285714285712,82.59714285714287
Far North,2017-09-18,2017-09-24,28,0.0,0.0,0.0,5.247142857142856,24.63571428571429,82.57714285714287
Far North,2017-09-25,2017-10-01,28,0.0,0.0,0.0,4.244285714285715,24.692857142857147,81.69285714285715
Far North,2017-10-02,2017-10-08,28,0.0,0.0,0.0,1.567142857142857,25.40285714285714,77.6842857142857
Far North,2017-10-09,2017-10-15,28,0.0,0.0,0.0,1.5771428571428572,25.448571428571427,69.85857142857142
Far North,2017-10-16,2017-10-22,28,0.0,0.0,0.0,0.1085714285714285,26.022857142857145,53.80285714285714
Far North,2017-10-23,2017-10-29,28,0.0,0.0,0.0,0.0,25.672857142857143,44.81714285714286
Far North,2017-10-30,2017-11-05,28,0.0,0.0,0.0,0.0,25.59571428571428,49.93571428571429
Far North,2017-11-06,2017-11-12,28,0.0,0.0,0.0,0.0,24.537142857142857,38.21999999999999
Far North,2017-11-13,2017-11-19,28,0.0,0.0,0.0,0.0,27.07,31.87285714285714
Far North,2017-11-20,2017-11-26,28,0.0,0.0,0.0,0.0,24.752857142857145,25.162857142857145
Far North,2017-11-27,2017-12-03,28,0.0,0.0,0.0,0.0,24.967142857142857,25.78142857142857
Far North,2017-12-04,2017-12-10,28,0.0,0.0,0.0,0.0,24.390000000000004,25.952857142857145
Far North,2017-12-11,2017-12-17,28,0.0,0.0,0.0,0.0,25.11285714285714,23.61
Far North,2017-12-18,2017-12-24,28,0.0,0.0,0.0,0.0,26.092857142857145,20.16142857142857
Far North,2017-12-25,2017-12-31,28,0.0,0.0,0.0,0.0,23.83428571428572,24.185714285714283
Far North,2018-01-01,2018-01-07,28,0.0,0.0,0.0,0.0,20.415714285714284,15.91
Far North,2018-01-01,2018-12-30,27,0.0,282.0,0.0,2.9748076923076923,26.1925,50.68280219780221
Far North,2018-01-08,2018-01-14,28,0.0,0.0,0.0,0.0,22.135714285714283,13.635714285714284
Far North,2018-01-15,2018-01-21,28,0.0,0.0,0.0,0.0,22.45142857142857,12.20857142857143
Far North,2018-01-22,2018-01-28,28,0.0,0.0,0.0,0.0,22.512857142857143,16.71
Far North,2018-01-29,2018-02-04,28,0.0,0.0,0.0,0.0,23.954285714285717,11.89
Far North,2018-02-05,2018-02-11,28,0.0,0.0,0.0,0.0,28.25142857142857,11.202857142857145
Far North,2018-02-12,2018-02-18,28,0.0,0.0,0.0,0.24,28.092857142857145,15.96714285714286
Far North,2018-02-19,2018-02-25,28,0.0,0.0,0.0,0.51,29.447142857142858,26.877142857142854
Far North,2018-02-26,2018-03-04,28,0.0,0.0,0.0,0.0,29.47571428571429,14.618571428571428
Far North,2018-03-05,2018-03-11,28,0.0,0.0,0.0,0.0,30.197142857142858,12.157142857142857
Far North,2018-03-12,2018-03-18,28,0.0,0.0,0.0,0.0,29.952857142857145,9.152857142857144
Far North,2018-03-19,2018-03-25,28,0.0,0.0,0.0,0.0285714285714285,30.572857142857146,21.467142857142857
Far North,2018-03-26,2018-04-01,28,0.0,0.0,0.0,0.0114285714285714,31.26142857142857,12.758571428571427
Far North,2018-04-02,2018-04-08,28,0.0,0.0,0.0,0.1057142857142857,31.23285714285714,16.19142857142857
Far North,2018-04-09,2018-04-15,28,0.0,0.0,0.0,0.3585714285714285,31.435714285714287,21.94142857142857
Far North,2018-04-16,2018-04-22,28,0.0,2.0,0.0,0.1371428571428571,31.617142857142856,38.46
Far North,2018-04-23,2018-04-29,28,0.0,0.0,0.0,0.0571428571428571,32.43714285714285,41.64999999999999
Far North,2018-04-30,2018-05-06,28,0.0,0.0,0.0,3.1442857142857146,31.108571428571427,51.53142857142858
Far North,2018-05-07,2018-05-13,28,0.0,2.0,0.0,4.724285714285713,27.458571428571428,66.87285714285714
Far North,2018-05-14,2018-05-20,28,0.0,0.0,0.0,2.72,28.574285714285715,61.30857142857144
Far North,2018-05-18,2018-08-17,1,0.0,2.0,0.0,6.753260869565217,25.729239130434784,76.06434782608694
Far North,2018-05-18,2018-10-23,1,5.0,21.0,0.0,6.337924528301886,25.22767295597484,78.49666666666667
Far North,2018-05-18,2018-11-09,1,14.0,226.0,0.0,5.7625,25.298011363636363,76.94022727272727
Far North,2018-05-18,2020-01-09,1,35.0,629.0,0.0,3.391578073089701,25.789102990033225,56.688754152823925
Far North,2018-05-18,2020-12-16,1,34.0,629.0,0.0,2.924713983050848,26.106122881355933,54.45623940677967
Far North,2018-05-21,2018-05-27,28,0.0,0.0,0.0,4.165714285714286,27.757142857142856,68.19714285714285
Far North,2018-05-28,2018-06-03,28,0.0,0.0,0.0,2.3485714285714288,27.808571428571423,66.54428571428572
Far North,2018-06-04,2018-06-10,28,0.0,0.0,0.0,4.331428571428572,28.42571428571429,64.66714285714285
Far North,2018-06-11,2018-06-17,28,0.0,0.0,0.0,4.287142857142857,27.47,69.72571428571429
Far North,2018-06-18,2018-06-24,28,0.0,0.0,0.0,10.025714285714288,24.755714285714284,77.8142857142857
Far North,2018-06-25,2018-07-01,28,0.0,0.0,0.0,3.0042857142857144,25.488571428571426,74.26428571428572
Far North,2018-07-02,2018-07-08,28,0.0,0.0,0.0,3.435714285714286,25.37,75.66857142857144
Far North,2018-07-09,2018-07-15,28,0.0,0.0,0.0,7.805714285714286,25.612857142857145,75.63571428571429
Far North,2018-07-16,2018-07-22,28,0.0,0.0,0.0,9.032857142857145,24.51,81.18285714285715
Far North,2018-07-17,2018-08-12,1,0.0,2.0,0.0,9.481851851851852,23.99037037037037,84.92333333333335
Far North,2018-07-23,2018-07-29,28,0.0,0.0,0.0,11.725714285714286,24.47714285714285,84.40285714285713
Far North,2018-07-30,2018-08-05,28,0.0,0.0,0.0,9.724285714285717,23.212857142857143,87.84571428571428
Far North,2018-08-06,2018-08-12,28,0.0,0.0,0.0,11.534285714285716,23.731428571428573,85.86714285714285
Far North,2018-08-13,2018-08-19,28,0.0,0.0,0.0,9.094285714285714,23.90571428571428,86.32142857142857
Far North,2018-08-20,2018-08-26,27,0.0,0.0,0.0,11.055714285714286,22.90714285714285,89.42
Far North,2018-08-24,2018-09-28,1,0.0,2.0,0.0,7.416388888888891,24.12916666666667,84.79500000000002
Far North,2018-08-27,2018-09-02,28,0.0,0.0,0.0,9.66,24.10142857142857,85.12428571428572
Far North,2018-09-03,2018-09-09,28,0.0,0.0,0.0,12.235714285714286,23.57428571428571,88.45857142857142
Far North,2018-09-10,2018-09-16,28,0.0,0.0,0.0,4.6571428571428575,24.14428571428571,83.77285714285713
Far North,2018-09-17,2018-09-23,28,0.0,0.0,0.0,5.53,24.818571428571428,81.71000000000001
Far North,2018-09-24,2018-09-30,28,0.0,0.0,0.0,2.7271428571428564,25.00428571428571,81.19428571428571
Far North,2018-10-01,2018-10-07,28,0.0,14.0,0.0,4.672857142857143,25.16714285714286,82.86857142857143
Far North,2018-10-04,2020-01-09,1,34.0,629.0,0.0,2.2471490280777537,25.969092872570197,49.9685313174946
Far North,2018-10-04,2020-01-20,1,34.0,629.0,0.0,2.1950000000000003,25.932194092827004,49.3002953586498
Far North,2018-10-04,2020-01-26,2,34.0,855.0,0.0,2.1675625,25.886791666666667,48.848708333333335
Far North,2018-10-08,2018-10-14,28,0.0,4.0,0.0,0.62,25.62857142857143,77.59714285714286
Far North,2018-10-15,2018-10-21,28,0.0,22.0,0.0,0.0114285714285714,25.54285714285714,68.02714285714285
Far North,2018-10-19,2018-10-23,1,3.0,30.0,0.0,0.072,25.376,68.736
Far North,2018-10-22,2018-10-28,28,0.0,140.0,0.0,0.6314285714285715,25.75857142857143,73.76857142857143
Far North,2018-10-23,2018-10-29,1,0.0,8.0,0.0,0.6785714285714286,25.932857142857134,74.83285714285715
Far North,2018-10-24,2018-11-09,2,23.0,468.0,0.0,0.3805882352941176,25.955882352941178,62.38294117647059
Far North,2018-10-29,2018-11-04,28,0.0,182.0,0.0,0.1514285714285714,26.28142857142857,58.82857142857142
Far North,2018-10-31,2018-11-02,1,0.0,91.0,0.0,0.0066666666666666,26.27,50.1
Far North,2018-11-02,2018-11-09,1,4.0,106.0,0.0,0.25,25.9475,55.291250000000005
Far North,2018-11-05,2018-11-11,28,0.0,128.0,0.0,0.1842857142857143,25.18571428571429,50.54857142857144
Far North,2018-11-12,2018-11-18,28,0.0,44.0,0.0,0.0,25.26,47.91428571428571
Far North,2018-11-18,2018-11-23,1,0.0,6.0,0.0,0.0,25.25,42.85333333333333
Far North,2018-11-19,2018-11-25,28,0.0,16.0,0.0,0.0,25.148571428571422,38.23571428571428
Far North,2018-11-23,2018-11-28,2,0.0,53.0,6.0,0.0,25.046666666666667,32.98833333333334
Far North,2018-11-26,2018-12-02,28,0.0,4.0,0.0,0.0,25.36285714285714,30.48714285714286
Far North,2018-12-03,2018-12-09,2,0.0,4.0,0.0,0.0,24.24142857142857,28.50857142857143
Far North,2018-12-10,2018-12-16,28,0.0,0.0,0.0,0.0,24.057142857142857,25.81714285714286
Far North,2018-12-17,2018-12-23,28,0.0,2.0,0.0,0.0,22.417142857142856,24.307142857142857
Far North,2018-12-24,2018-12-30,28,0.0,0.0,0.0,0.0,22.297142857142852,28.268571428571427
Far North,2018-12-31,2019-01-06,28,0.0,0.0,0.0,0.0,22.99,23.891428571428573
Far North,2018-12-31,2019-12-29,27,0.0,260.0,0.0,2.8228846153846154,26.384038461538463,51.2714010989011
Far North,2019-01-01,2019-12-31,2,34.0,700.0,0.0,2.8151506849315067,26.3678904109589,51.174465753424656
Far North,2019-01-07,2019-01-13,28,0.0,0.0,0.0,0.0,23.78857142857143,21.842857142857135
Far North,2019-01-14,2019-01-20,28,0.0,0.0,0.0,0.0,23.78857142857143,15.142857142857144
Far North,2019-01-21,2019-01-27,28,0.0,0.0,0.0,0.0,27.15285714285714,15.27
Far North,2019-01-28,2019-02-03,28,0.0,0.0,0.0,0.0,26.03857142857143,10.76
Far North,2019-02-04,2019-02-10,28,0.0,0.0,0.0,0.0,25.41571428571429,11.635714285714286
Far North,2019-02-11,2019-02-17,28,0.0,0.0,0.0,0.0,24.368571428571425,15.17
Far North,2019-02-18,2019-02-24,28,0.0,0.0,0.0,0.0285714285714285,28.46857142857143,18.92
Far North,2019-02-25,2019-03-03,28,0.0,0.0,0.0,0.0442857142857142,29.344285714285714,23.77285714285714
Far North,2019-03-04,2019-03-10,28,0.0,0.0,0.0,0.0,29.881428571428568,16.312857142857144
Far North,2019-03-11,2019-03-17,28,0.0,0.0,0.0,0.0,30.33142857142857,10.138571428571428
Far North,2019-03-18,2019-03-24,28,0.0,0.0,0.0,0.0,31.608571428571427,15.141428571428568
Far North,2019-03-25,2019-03-31,1,0.0,0.0,0.0,0.0,31.375714285714285,15.132857142857144
Far North,2019-04-01,2019-04-07,1,0.0,0.0,0.0,0.0028571428571428,32.50285714285714,16.504285714285714
Far North,2019-04-08,2019-04-14,1,0.0,0.0,0.0,0.0028571428571428,32.77,33.04571428571428
Far North,2019-04-15,2019-04-21,1,0.0,0.0,0.0,0.0,32.260000000000005,22.122857142857143
Far North,2019-04-22,2019-04-28,1,0.0,0.0,0.0,0.0014285714285714,32.901428571428575,20.55428571428572
Far North,2019-04-29,2019-05-05,1,0.0,0.0,0.0,1.55,32.46571428571429,38.07
Far North,2019-05-06,2019-05-12,1,0.0,0.0,0.0,0.8014285714285714,31.70571428571429,45.73428571428571
Far North,2019-05-13,2019-05-19,28,0.0,0.0,0.0,2.992857142857143,30.271428571428576,49.30142857142857
Far North,2019-05-20,2019-05-26,1,0.0,0.0,0.0,1.9285714285714288,29.422857142857143,57.72428571428571
Far North,2019-05-27,2019-06-02,1,0.0,0.0,0.0,6.16857142857143,27.09714285714286,70.15857142857142
Far North,2019-06-03,2019-06-09,1,0.0,0.0,0.0,11.52,27.097142857142853,72.05142857142856
Far North,2019-06-10,2019-06-16,1,0.0,0.0,0.0,5.372857142857143,27.445714285714285,69.71000000000001
Far North,2019-06-17,2019-06-23,1,0.0,0.0,0.0,8.22285714285714,27.168571428571425,70.77714285714286
Far North,2019-06-24,2019-06-30,1,0.0,2.0,0.0,14.95714285714286,25.01142857142857,79.78571428571429
Far North,2019-06-27,2019-09-29,1,12.0,261.0,0.0,6.1011578947368434,24.222,84.31568421052633
Far North,2019-07-01,2019-07-07,2,10.0,18.0,0.0,5.18,25.9,78.72142857142856
Far North,2019-07-08,2019-07-14,2,0.0,14.0,0.0,19.002857142857145,23.71285714285714,85.43714285714286
Far North,2019-07-15,2019-07-21,2,0.0,34.0,0.0,7.159999999999999,24.231428571428573,84.89285714285714
Far North,2019-07-22,2019-07-28,2,2.0,48.0,0.0,2.591428571428572,24.825714285714287,82.20285714285716
Far North,2019-07-29,2019-08-04,4,2.0,34.0,0.0,4.571428571428571,23.82,87.77857142857142
Far North,2019-08-05,2019-08-11,2,0.0,22.0,0.0,5.542857142857143,23.457142857142856,87.99714285714286
Far North,2019-08-12,2019-08-18,4,0.0,46.0,0.0,3.705714285714286,23.462857142857143,86.97714285714285
Far North,2019-08-19,2019-08-25,3,0.0,12.0,0.0,12.251428571428573,22.947142857142858,87.01142857142858
Far North,2019-08-26,2019-09-01,5,0.0,60.0,0.0,4.86,23.795714285714286,86.3342857142857
Far North,2019-09-02,2019-09-08,5,2.0,36.0,0.0,3.5700000000000003,24.507142857142856,83.24571428571429
Far North,2019-09-09,2019-09-15,2,0.0,16.0,0.0,5.208571428571429,23.99857142857143,85.92571428571429
Far North,2019-09-16,2019-09-22,3,0.0,20.0,0.0,4.474285714285714,24.744285714285716,82.62285714285714
Far North,2019-09-23,2019-09-29,4,4.0,26.0,0.0,1.6414285714285712,25.22,79.78428571428572
Far North,2019-09-30,2019-10-06,2,0.0,8.0,0.0,4.344285714285713,24.08857142857143,83.41
Far North,2019-10-07,2019-10-13,6,0.0,42.0,0.0,4.842857142857143,24.292857142857144,83.64999999999999
Far North,2019-10-14,2019-10-20,2,0.0,12.0,0.0,1.8442857142857143,24.41428571428571,82.27999999999999
Far North,2019-10-21,2019-10-27,6,0.0,62.0,0.0,2.404285714285714,24.31428571428572,81.30571428571429
Far North,2019-10-28,2019-11-03,2,0.0,10.0,0.0,0.0,25.27714285714286,68.35142857142857
Far North,2019-11-04,2019-11-10,2,0.0,10.0,0.0,0.0,25.368571428571432,58.58285714285714
Far North,2019-11-11,2019-11-17,1,0.0,1.0,0.0,0.0,25.672857142857143,57.5
Far North,2019-11-18,2019-11-24,2,0.0,6.0,0.0,0.0,25.717142857142857,52.084285714285706
Far North,2019-11-25,2019-12-01,1,0.0,0.0,0.0,0.0,24.18,41.15714285714285
Far North,2019-11-25,2020-01-20,1,0.0,0.0,0.0,0.0,23.090701754385965,26.275789473684213
Far North,2019-11-25,2020-01-26,1,0.0,0.0,0.0,0.0,23.015396825396827,25.027936507936516
Far North,2019-11-29,2020-01-09,1,0.0,0.0,0.0,0.0,22.64857142857143,25.99
Far North,2019-12-02,2019-12-08,1,0.0,0.0,0.0,0.0,22.70142857142857,28.747142857142855
Far North,2019-12-09,2019-12-15,1,0.0,0.0,0.0,0.0,22.99428571428572,24.49142857142857
Far North,2019-12-16,2019-12-22,1,0.0,0.0,0.0,0.0,23.412857142857145,26.12285714285714
Far North,2019-12-23,2019-12-29,1,0.0,0.0,0.0,0.0,22.24,20.82714285714286
Far North,2021-01-01,2021-10-03,1,0.0,3.0,0.0,1.9218840579710144,27.36514492753623,48.07047101449275
Far North,2021-01-24,2022-03-06,1,0.0,0.0,0.0,1.4203439803439804,26.89968058968059,43.18643734643734
Far North,2021-10-25,2022-07-03,1,0.0,7.0,0.0,0.6358333333333333,27.33138888888889,34.912301587301585
Far North,2022-01-03,2022-07-03,1,0.0,7.0,0.0,0.8741208791208791,27.690659340659344,35.71373626373626
Far North,2022-02-28,2022-03-06,1,0.0,0.0,0.0,0.0,29.75,10.124285714285715
Far North,2022-10-07,2022-10-13,1,1.0,35.0,0.0,0.2414285714285714,24.44428571428572,79.92142857142858
Far North,2022-10-10,2022-10-21,1,10.0,176.0,0.0,0.1508333333333333,25.081666666666663,73.5775
Far North,2022-10-14,2022-10-20,1,2.0,46.0,0.0,0.0914285714285714,25.36428571428572,70.93714285714285
Far North,2022-10-28,2022-11-03,1,2.0,36.0,0.0,0.0,24.74142857142857,54.05571428571428
Far North,2022-11-04,2022-11-10,1,0.0,22.0,0.0,0.0,24.797142857142852,45.61857142857144
Littoral,2010-01-04,2010-01-10,19,0.0,0.0,0.0,10.751428571428573,26.928571428571427,80.42285714285715
Littoral,2010-01-11,2010-01-17,19,0.0,0.0,0.0,1.5814285714285716,26.797142857142852,82.51571428571428
Littoral,2010-01-18,2010-01-24,19,0.0,0.0,0.0,0.3557142857142856,27.001428571428573,79.91714285714286
Littoral,2010-01-25,2010-01-31,19,0.0,0.0,0.0,0.6657142857142857,27.135714285714283,83.99714285714286
Littoral,2010-02-01,2010-02-07,19,0.0,0.0,0.0,9.30857142857143,27.192857142857143,83.72285714285715
Littoral,2010-02-08,2010-02-14,19,0.0,0.0,0.0,5.380000000000001,26.80285714285714,84.02571428571427
Littoral,2010-02-15,2010-02-21,19,0.0,0.0,0.0,1.9328571428571428,27.168571428571425,84.64
Littoral,2010-02-22,2010-02-28,19,0.0,0.0,0.0,8.788571428571428,26.97,87.02142857142857
Littoral,2010-03-01,2010-03-07,19,0.0,0.0,0.0,4.514285714285714,27.794285714285717,82.95000000000002
Littoral,2010-03-08,2010-03-14,19,0.0,0.0,0.0,10.75,26.860000000000007,86.19571428571427
Littoral,2010-03-15,2010-03-21,19,0.0,0.0,0.0,5.788571428571428,26.41142857142857,87.13
Littoral,2010-03-22,2010-03-28,19,0.0,0.0,0.0,2.334285714285714,27.08428571428572,83.54285714285713
Littoral,2010-03-29,2010-04-04,19,0.0,0.0,0.0,4.364285714285715,27.16714285714286,86.49
Littoral,2010-04-01,2010-10-25,1,5.0,173.0,0.0,8.107740384615385,25.38125,88.47326923076922
Littoral,2010-04-05,2010-04-11,19,0.0,0.0,0.0,4.492857142857143,27.004285714285714,85.10285714285715
Littoral,2010-04-12,2010-04-18,19,0.0,0.0,0.0,6.875714285714285,27.42142857142857,87.01142857142858
Littoral,2010-04-19,2010-04-25,19,0.0,0.0,0.0,11.19,26.955714285714286,88.42142857142856
Littoral,2010-04-26,2010-05-02,19,0.0,0.0,0.0,3.6885714285714286,26.67285714285714,86.77142857142856
Littoral,2010-05-03,2010-05-09,19,0.0,0.0,0.0,7.954285714285715,26.33857142857143,88.45000000000002
Littoral,2010-05-06,2010-12-31,1,17.0,456.0,0.0,6.778791666666667,25.29220833333334,87.62608333333333
Littoral,2010-05-10,2010-05-16,19,0.0,0.0,0.0,3.0471428571428567,26.748571428571427,87.32714285714287
Littoral,2010-05-17,2010-05-23,19,0.0,0.0,0.0,6.501428571428572,26.33285714285714,89.27142857142857
Littoral,2010-05-24,2010-05-30,19,0.0,0.0,0.0,2.88,26.60142857142857,87.72
Littoral,2010-05-31,2010-06-06,19,0.0,0.0,0.0,9.534285714285714,25.412857142857145,87.51857142857143
Littoral,2010-06-07,2010-06-13,19,0.0,0.0,0.0,0.1942857142857143,26.13571428571429,86.73
Littoral,2010-06-14,2010-06-20,19,0.0,0.0,0.0,3.5157142857142856,25.251428571428573,88.39857142857143
Littoral,2010-06-21,2010-06-27,19,0.0,0.0,0.0,11.69714285714286,25.13714285714285,90.28
Littoral,2010-06-28,2010-07-04,19,0.0,0.0,0.0,10.767142857142856,24.842857142857145,90.52
Littoral,2010-07-05,2010-07-11,19,0.0,0.0,0.0,28.49000000000001,24.58428571428572,90.41428571428573
Littoral,2010-07-12,2010-07-18,19,0.0,0.0,0.0,6.502857142857144,24.481428571428573,88.99000000000001
Littoral,2010-07-19,2010-07-25,19,0.0,0.0,0.0,13.09,24.335714285714285,89.46857142857142
Littoral,2010-07-26,2010-08-01,19,0.0,0.0,0.0,6.701428571428572,24.17142857142857,89.57000000000001
Littoral,2010-08-02,2010-08-08,19,0.0,0.0,0.0,16.39857142857143,24.290000000000003,90.31000000000002
Littoral,2010-08-09,2010-08-15,19,0.0,0.0,0.0,13.814285714285717,24.432857142857134,89.10714285714286
Littoral,2010-08-16,2010-08-22,19,0.0,0.0,0.0,13.795714285714284,24.525714285714283,90.51714285714286
Littoral,2010-08-23,2010-08-29,19,0.0,0.0,0.0,5.622857142857143,24.317142857142866,90.15857142857142
Littoral,2010-08-30,2010-09-05,19,0.0,0.0,0.0,2.04,24.448571428571427,88.58285714285714
Littoral,2010-09-06,2010-09-12,19,0.0,9.0,0.0,2.687142857142857,24.461428571428574,87.95571428571428
Littoral,2010-09-13,2010-09-19,19,1.0,28.0,0.0,2.677142857142857,24.93857142857143,86.78
Littoral,2010-09-20,2010-09-26,19,0.0,46.0,0.0,17.414285714285715,24.867142857142856,88.17714285714285
Littoral,2010-09-27,2010-10-03,19,0.0,18.0,0.0,3.9985714285714287,25.312857142857144,88.37857142857142
Littoral,2010-10-04,2010-10-10,19,2.0,33.0,0.0,8.811428571428571,25.31142857142857,86.56285714285715
Littoral,2010-10-11,2010-10-17,19,2.0,25.0,0.0,5.3114285714285705,25.062857142857144,88.64428571428572
Littoral,2010-10-18,2010-10-24,19,0.0,19.0,0.0,9.345714285714283,24.657142857142865,89.91428571428571
Littoral,2010-10-25,2010-10-31,19,0.0,14.0,0.0,5.474285714285715,25.395714285714288,86.64857142857143
Littoral,2010-11-01,2010-11-07,19,0.0,12.0,0.0,4.837142857142857,25.534285714285712,86.45714285714284
Littoral,2010-11-08,2010-11-14,19,2.0,10.0,0.0,2.608571428571429,25.85142857142857,86.13857142857141
Littoral,2010-11-15,2010-11-21,19,0.0,13.0,0.0,4.1171428571428565,25.76,86.29714285714286
Littoral,2010-11-22,2010-11-28,19,0.0,0.0,0.0,1.332857142857143,25.728571428571428,88.6857142857143
Littoral,2010-11-29,2010-12-05,19,0.0,0.0,0.0,0.8428571428571431,26.118571428571425,85.17999999999999
Littoral,2010-12-06,2010-12-12,19,0.0,0.0,0.0,0.0914285714285714,25.755714285714284,82.71857142857144
Littoral,2010-12-13,2010-12-19,19,0.0,0.0,0.0,0.0085714285714285,26.74428571428572,81.09142857142857
Littoral,2010-12-20,2010-12-26,19,0.0,0.0,0.0,4.558571428571429,26.03714285714286,81.97
Littoral,2010-12-27,2011-01-02,19,0.0,0.0,0.0,0.1371428571428571,25.90142857142857,78.92
Littoral,2011-01-01,2011-09-22,16,98.0,3802.0,0.0,8.315584905660378,25.62516981132076,86.34577358490566
Littoral,2011-01-03,2011-01-09,19,3.0,74.0,0.0,1.2285714285714282,25.928571428571427,81.01428571428573
Littoral,2011-01-10,2011-01-16,19,2.0,52.0,0.0,0.0557142857142857,26.068571428571435,72.64714285714287
Littoral,2011-01-17,2011-01-23,19,2.0,57.0,0.0,0.0442857142857142,26.61285714285714,73.49142857142859
Littoral,2011-01-24,2011-01-30,19,2.0,68.0,0.0,0.0228571428571428,27.262857142857143,78.32142857142857
Littoral,2011-01-31,2011-02-06,19,2.0,92.0,0.0,3.795714285714286,26.274285714285718,85.01571428571428
Littoral,2011-02-07,2011-02-13,19,3.0,122.0,0.0,0.2842857142857143,26.51714285714285,82.00428571428571
Littoral,2011-02-14,2011-02-20,19,2.0,109.0,0.0,6.144285714285714,26.41857142857143,84.44428571428571
Littoral,2011-02-21,2011-02-27,19,3.0,126.0,0.0,2.665714285714286,26.04857142857143,83.73142857142857
Littoral,2011-02-28,2011-03-06,19,2.0,122.0,0.0,6.561428571428571,26.12,84.53714285714285
Littoral,2011-03-07,2011-03-13,19,4.0,100.0,0.0,1.7957142857142858,27.091428571428573,83.90857142857142
Littoral,2011-03-14,2011-03-20,19,6.0,106.0,0.0,2.904285714285714,26.708571428571428,84.86857142857143
Littoral,2011-03-21,2011-03-27,19,1.0,82.0,0.0,7.500000000000001,26.20285714285714,85.04714285714286
Littoral,2011-03-28,2011-04-03,19,0.0,49.0,0.0,3.901428571428572,26.617142857142856,84.83285714285714
Littoral,2011-04-04,2011-04-10,19,1.0,50.0,0.0,4.144285714285714,26.6,82.91
Littoral,2011-04-11,2011-04-17,19,1.0,43.0,0.0,5.702857142857143,26.76142857142857,84.61
Littoral,2011-04-18,2011-04-24,19,0.0,17.0,0.0,5.724285714285714,26.522857142857134,88.03857142857143
Littoral,2011-04-25,2011-05-01,19,0.0,16.0,0.0,1.3385714285714287,26.135714285714283,86.0142857142857
Littoral,2011-05-02,2011-05-08,19,1.0,15.0,0.0,3.620000000000001,26.882857142857144,85.86714285714288
Littoral,2011-05-09,2011-05-15,19,1.0,14.0,0.0,4.744285714285715,26.554285714285715,87.88285714285713
Littoral,2011-05-16,2011-05-22,19,1.0,4.0,0.0,4.018571428571429,26.37142857142857,88.66428571428573
Littoral,2011-05-23,2011-05-29,19,0.0,6.0,0.0,7.745714285714285,25.79428571428572,87.03428571428572
Littoral,2011-05-30,2011-06-05,19,0.0,3.0,0.0,6.82142857142857,25.59142857142857,90.80285714285716
Littoral,2011-06-06,2011-06-12,19,0.0,9.0,0.0,7.872857142857144,25.342857142857135,89.23857142857143
Littoral,2011-06-13,2011-06-19,19,0.0,5.0,0.0,16.53,25.329999999999995,89.60142857142857
Littoral,2011-06-20,2011-06-26,19,0.0,8.0,0.0,9.082857142857142,24.67428571428571,90.55142857142856
Littoral,2011-06-27,2011-07-03,19,0.0,10.0,0.0,17.59857142857143,24.648571428571422,89.5957142857143
Littoral,2011-07-04,2011-07-10,19,0.0,25.0,0.0,14.902857142857142,24.77142857142857,90.42285714285713
Littoral,2011-07-11,2011-07-17,19,2.0,34.0,0.0,7.109999999999999,24.392857142857142,88.59857142857143
Littoral,2011-07-18,2011-07-24,19,0.0,24.0,0.0,17.051428571428573,24.75,90.01571428571427
Littoral,2011-07-25,2011-07-31,19,2.0,54.0,0.0,10.622857142857145,23.59857142857143,89.34714285714287
Littoral,2011-08-01,2011-08-07,19,1.0,38.0,0.0,25.798571428571428,23.988571428571426,91.77714285714283
Littoral,2011-08-08,2011-08-14,19,2.0,42.0,0.0,10.12142857142857,24.237142857142857,89.87
Littoral,2011-08-15,2011-08-21,19,1.0,113.0,0.0,18.48714285714286,23.974285714285717,90.84571428571428
Littoral,2011-08-22,2011-08-28,19,5.0,102.0,0.0,14.394285714285717,24.305714285714284,90.78
Littoral,2011-08-29,2011-09-04,19,3.0,90.0,0.0,9.68,24.445714285714285,90.18000000000002
Littoral,2011-09-05,2011-09-11,19,1.0,61.0,0.0,9.55,24.69,88.59142857142857
Littoral,2011-09-12,2011-09-18,19,2.0,78.0,0.0,41.87857142857143,24.275714285714283,91.4914285714286
Littoral,2011-09-19,2011-09-25,19,3.0,267.0,0.0,7.048571428571429,24.91714285714286,88.74
Littoral,2011-09-23,2011-12-11,1,33.0,3127.0,0.0,5.396375,25.518625000000004,86.29575
Littoral,2011-09-26,2011-10-02,19,7.0,226.0,0.0,5.48,24.770000000000003,87.59857142857142
Littoral,2011-10-03,2011-10-09,19,7.0,195.0,0.0,4.885714285714286,25.307142857142857,88.4742857142857
Littoral,2011-10-10,2011-10-16,19,6.0,434.0,0.0,19.445714285714285,25.14,88.90142857142857
Littoral,2011-10-17,2011-10-23,19,5.0,378.0,0.0,9.95142857142857,25.218571428571437,89.05428571428571
Littoral,2011-10-24,2011-10-30,19,6.0,380.0,0.0,10.597142857142858,24.82,88.25142857142858
Littoral,2011-10-31,2011-11-06,19,3.0,425.0,0.0,4.577142857142857,25.24000000000001,88.12714285714287
Littoral,2011-11-07,2011-11-13,19,5.0,403.0,0.0,1.304285714285714,25.822857142857146,87.53571428571429
Littoral,2011-11-14,2011-11-20,19,2.0,253.0,0.0,0.15,25.717142857142857,87.50857142857144
Littoral,2011-11-21,2011-11-27,19,0.0,178.0,0.0,1.187142857142857,26.045714285714286,84.32428571428571
Littoral,2011-11-28,2011-12-04,19,0.0,99.0,0.0,0.3057142857142857,26.502857142857145,78.33428571428571
Littoral,2011-12-05,2011-12-11,19,0.0,64.0,0.0,0.0385714285714285,26.33714285714285,79.40142857142858
Littoral,2011-12-12,2011-12-18,19,3.0,55.0,0.0,0.24,26.00142857142857,81.55714285714286
Littoral,2011-12-19,2011-12-25,19,1.0,41.0,0.0,0.0085714285714285,26.16,82.33142857142856
Littoral,2011-12-26,2012-01-01,19,1.0,45.0,0.0,0.3614285714285715,26.51142857142857,80.71571428571428
Littoral,2012-01-02,2012-01-08,19,0.0,11.0,0.0,0.4857142857142857,26.385714285714283,78.94142857142857
Littoral,2012-01-09,2012-01-15,19,1.0,12.0,0.0,0.5328571428571429,26.70285714285714,76.75
Littoral,2012-01-16,2012-01-22,19,0.0,2.0,0.0,0.0442857142857142,26.15571428571428,81.13714285714286
Littoral,2012-01-23,2012-01-29,19,0.0,6.0,0.0,0.4485714285714285,26.625714285714285,81.9057142857143
Littoral,2012-01-30,2012-02-05,19,0.0,2.0,0.0,0.94,26.592857142857135,80.39142857142858
Littoral,2012-02-06,2012-02-12,19,0.0,0.0,0.0,3.96,26.194285714285712,83.66
Littoral,2012-02-13,2012-02-19,19,0.0,0.0,0.0,6.380000000000001,26.142857142857142,82.91714285714285
Littoral,2012-02-20,2012-02-26,19,0.0,0.0,0.0,8.647142857142857,25.99428571428572,84.37428571428572
Littoral,2012-02-27,2012-03-04,19,0.0,1.0,0.0,1.697142857142857,25.81428571428572,85.89142857142858
Littoral,2012-03-05,2012-03-11,19,0.0,0.0,0.0,0.8285714285714285,26.03428571428572,84.67
Littoral,2012-03-12,2012-03-18,19,0.0,0.0,0.0,0.87,26.985714285714288,83.87857142857142
Littoral,2012-03-19,2012-03-25,19,0.0,0.0,0.0,0.7414285714285714,26.967142857142857,84.61
Littoral,2012-03-26,2012-04-01,19,0.0,6.0,0.0,11.414285714285716,26.74,85.75142857142858
Littoral,2012-04-02,2012-04-08,19,0.0,0.0,0.0,1.76,26.56714285714286,85.86571428571429
Littoral,2012-04-09,2012-04-15,19,0.0,0.0,0.0,8.302857142857144,26.395714285714288,86.64999999999999
Littoral,2012-04-16,2012-04-22,19,0.0,0.0,0.0,14.737142857142857,25.938571428571432,87.85285714285713
Littoral,2012-04-23,2012-04-29,19,0.0,0.0,0.0,4.3742857142857146,26.63714285714286,84.84142857142857
Littoral,2012-04-30,2012-05-06,19,0.0,0.0,0.0,1.3285714285714287,26.300000000000004,85.48571428571428
Littoral,2012-05-07,2012-05-13,19,0.0,0.0,0.0,1.5528571428571427,25.92428571428571,85.64
Littoral,2012-05-14,2012-05-20,19,0.0,0.0,0.0,6.767142857142858,26.107142857142858,85.41285714285713
Littoral,2012-05-21,2012-05-27,19,0.0,0.0,0.0,3.9414285714285713,25.557142857142857,88.38000000000001
Littoral,2012-05-28,2012-06-03,19,0.0,0.0,0.0,8.14,25.797142857142852,87.20285714285714
Littoral,2012-06-04,2012-06-10,19,0.0,2.0,0.0,4.422857142857143,25.698571428571427,86.63
Littoral,2012-06-11,2012-06-17,19,0.0,0.0,0.0,14.812857142857142,25.542857142857144,88.45285714285714
Littoral,2012-06-18,2012-06-24,19,0.0,1.0,0.0,25.857142857142858,24.787142857142857,90.84571428571428
Littoral,2012-06-25,2012-07-01,19,0.0,2.0,0.0,44.0642857142857,24.51571428571429,90.3814285714286
Littoral,2012-07-02,2012-07-08,19,0.0,0.0,0.0,23.77142857142857,24.568571428571428,88.1857142857143
Littoral,2012-07-09,2012-07-15,19,0.0,0.0,0.0,7.062857142857142,24.61142857142857,89.53571428571429
Littoral,2012-07-16,2012-07-22,19,0.0,1.0,0.0,10.581428571428573,24.15571428571429,91.12
Littoral,2012-07-23,2012-07-29,19,0.0,0.0,0.0,5.118571428571429,23.982857142857146,89.44428571428571
Littoral,2012-07-30,2012-08-05,19,0.0,0.0,0.0,15.725714285714286,24.05285714285714,90.91
Littoral,2012-08-06,2012-08-12,19,0.0,0.0,0.0,8.335714285714285,24.11428571428572,90.35
Littoral,2012-08-13,2012-08-19,19,0.0,0.0,0.0,3.448571428571428,23.81,88.27142857142857
Littoral,2012-08-20,2012-08-26,19,0.0,0.0,0.0,14.605714285714283,24.22857142857143,88.76285714285713
Littoral,2012-08-27,2012-09-02,19,0.0,0.0,0.0,22.51142857142857,24.388571428571428,90.29
Littoral,2012-09-03,2012-09-09,19,0.0,0.0,0.0,12.852857142857143,24.337142857142855,88.41428571428571
Littoral,2012-09-10,2012-09-16,19,0.0,0.0,0.0,16.215714285714288,24.91571428571429,89.28
Littoral,2012-09-17,2012-09-23,19,0.0,0.0,0.0,10.388571428571428,24.625714285714288,89.22285714285714
Littoral,2012-09-24,2012-09-30,19,0.0,0.0,0.0,14.544285714285715,24.971428571428568,88.61714285714288
Littoral,2012-10-01,2012-10-07,19,0.0,0.0,0.0,18.208571428571428,24.922857142857143,88.86857142857143
Littoral,2012-10-08,2012-10-14,19,0.0,0.0,0.0,5.595714285714286,25.24571428571429,87.55428571428571
Littoral,2012-10-15,2012-10-21,19,0.0,0.0,0.0,7.1242857142857146,25.24142857142857,89.52142857142857
Littoral,2012-10-22,2012-10-28,19,0.0,0.0,0.0,7.131428571428572,25.611428571428576,86.29857142857142
Littoral,2012-10-29,2012-11-04,19,0.0,0.0,0.0,13.764285714285714,25.629999999999995,87.57714285714285
Littoral,2012-11-05,2012-11-11,19,0.0,0.0,0.0,11.94285714285714,25.13714285714286,88.76714285714286
Littoral,2012-11-12,2012-11-18,19,0.0,0.0,0.0,2.29,26.184285714285718,88.45142857142858
Littoral,2012-11-19,2012-11-25,19,0.0,0.0,0.0,4.298571428571429,25.705714285714286,88.86428571428571
Littoral,2012-11-26,2012-12-02,19,0.0,0.0,0.0,4.215714285714285,26.228571428571424,86.33857142857143
Littoral,2012-12-03,2012-12-09,19,0.0,0.0,0.0,4.522857142857143,25.81571428571429,88.05
Littoral,2012-12-10,2012-12-16,19,0.0,0.0,0.0,0.2471428571428571,26.018571428571423,85.75571428571428
Littoral,2012-12-17,2012-12-23,19,0.0,0.0,0.0,0.0742857142857142,26.04,79.44571428571429
Littoral,2012-12-24,2012-12-30,19,0.0,0.0,0.0,0.8257142857142856,26.295714285714286,77.94428571428571
Littoral,2012-12-31,2013-01-06,19,0.0,0.0,0.0,0.2485714285714286,26.368571428571432,79.18285714285715
Littoral,2013-01-07,2013-01-13,19,0.0,0.0,0.0,0.0457142857142857,26.51142857142857,80.60142857142857
Littoral,2013-01-14,2013-01-20,19,0.0,0.0,0.0,0.5228571428571428,26.78714285714286,85.3
Littoral,2013-01-21,2013-01-27,19,0.0,0.0,0.0,1.0185714285714285,26.267142857142854,87.63999999999999
Littoral,2013-01-28,2013-02-03,19,0.0,0.0,0.0,1.6642857142857144,26.34857142857143,77.86571428571428
Littoral,2013-02-04,2013-02-10,19,0.0,1.0,0.0,1.7785714285714287,27.06571428571429,83.25428571428571
Littoral,2013-02-11,2013-02-17,19,0.0,0.0,0.0,2.494285714285714,26.35428571428572,85.33857142857143
Littoral,2013-02-18,2013-02-24,19,0.0,2.0,0.0,1.681428571428571,26.83285714285714,83.69857142857143
Littoral,2013-02-25,2013-03-03,19,0.0,0.0,0.0,2.9014285714285712,27.072857142857146,83.46285714285715
Littoral,2013-03-04,2013-03-10,19,0.0,0.0,0.0,2.7885714285714287,26.955714285714286,82.85857142857142
Littoral,2013-03-11,2013-03-17,19,0.0,0.0,0.0,8.932857142857141,26.668571428571425,84.30999999999999
Littoral,2013-03-18,2013-03-24,19,0.0,0.0,0.0,10.948571428571428,26.36,85.93285714285715
Littoral,2013-03-25,2013-03-31,19,0.0,1.0,0.0,3.2385714285714293,26.121428571428574,85.31571428571428
Littoral,2013-04-01,2013-04-07,19,0.0,0.0,0.0,6.889999999999999,26.59,83.86000000000001
Littoral,2013-04-08,2013-04-14,19,0.0,0.0,0.0,15.01,26.64428571428571,85.29285714285713
Littoral,2013-04-15,2013-04-21,19,0.0,0.0,0.0,8.837142857142856,26.30285714285714,84.98
Littoral,2013-04-22,2013-04-28,19,0.0,0.0,0.0,4.7871428571428565,26.414285714285715,86.05142857142857
Littoral,2013-04-29,2013-05-05,19,0.0,0.0,0.0,2.1785714285714284,26.595714285714283,86.44285714285715
Littoral,2013-05-06,2013-05-12,19,0.0,0.0,0.0,6.87,25.82857142857143,87.61857142857143
Littoral,2013-05-13,2013-05-19,19,0.0,1.0,0.0,8.051428571428572,26.212857142857143,89.18571428571428
Littoral,2013-05-20,2013-05-26,19,0.0,0.0,0.0,4.465714285714286,26.497142857142855,86.95714285714287
Littoral,2013-05-27,2013-06-02,19,0.0,0.0,0.0,20.270000000000003,25.542857142857144,88.47571428571429
Littoral,2013-06-03,2013-06-09,19,0.0,0.0,0.0,11.91714285714286,25.212857142857143,88.98857142857142
Littoral,2013-06-10,2013-06-16,19,0.0,0.0,0.0,7.694285714285714,25.18428571428572,90.26714285714286
Littoral,2013-06-17,2013-06-23,19,0.0,0.0,0.0,11.747142857142856,24.802857142857142,90.76571428571428
Littoral,2013-06-24,2013-06-30,19,0.0,0.0,0.0,9.421428571428573,24.481428571428573,89.88857142857144
Littoral,2013-07-01,2013-07-07,19,0.0,0.0,0.0,29.49571428571429,23.767142857142854,91.88
Littoral,2013-07-08,2013-07-14,19,0.0,0.0,0.0,17.415714285714287,24.18857142857143,90.74714285714286
Littoral,2013-07-15,2013-07-21,19,0.0,0.0,0.0,1.587142857142857,24.027142857142856,88.23714285714286
Littoral,2013-07-22,2013-07-28,19,0.0,0.0,0.0,5.148571428571429,23.53857142857143,90.73714285714286
Littoral,2013-07-29,2013-08-04,19,0.0,0.0,0.0,4.688571428571429,23.632857142857144,88.69857142857144
Littoral,2013-08-05,2013-08-11,19,0.0,0.0,0.0,6.010000000000001,23.635714285714283,89.92714285714285
Littoral,2013-08-12,2013-08-18,19,0.0,0.0,0.0,1.6814285714285713,23.56571428571429,87.08714285714288
Littoral,2013-08-19,2013-08-25,19,0.0,0.0,0.0,7.25,24.102857142857143,89.51142857142858
Littoral,2013-08-26,2013-09-01,19,0.0,0.0,0.0,6.421428571428571,24.095714285714283,90.00285714285714
Littoral,2013-09-02,2013-09-08,19,0.0,0.0,0.0,12.425714285714289,24.24,90.57857142857144
Littoral,2013-09-09,2013-09-15,19,0.0,0.0,0.0,13.527142857142854,24.26571428571429,90.07714285714285
Littoral,2013-09-16,2013-09-22,19,0.0,0.0,0.0,18.712857142857143,24.83142857142857,91.12999999999998
Littoral,2013-09-23,2013-09-29,19,0.0,0.0,0.0,9.541428571428572,24.71142857142857,89.31857142857143
Littoral,2013-09-30,2013-10-06,19,0.0,0.0,0.0,13.801428571428572,24.669999999999995,90.88857142857144
Littoral,2013-10-07,2013-10-13,19,0.0,0.0,0.0,9.974285714285712,24.79714285714286,90.2057142857143
Littoral,2013-10-14,2013-10-20,19,0.0,0.0,0.0,9.425714285714289,25.36714285714286,88.77142857142857
Littoral,2013-10-21,2013-10-27,19,0.0,0.0,0.0,9.408571428571433,25.10571428571429,87.17857142857143
Littoral,2013-10-28,2013-11-03,19,0.0,0.0,0.0,4.684285714285714,25.75142857142857,86.24428571428571
Littoral,2013-11-04,2013-11-10,19,0.0,0.0,0.0,7.237142857142857,25.6,88.56428571428572
Littoral,2013-11-11,2013-11-17,19,0.0,0.0,0.0,24.497142857142855,25.395714285714284,88.98285714285714
Littoral,2013-11-18,2013-11-24,19,0.0,0.0,0.0,6.82,25.29714285714286,89.45142857142856
Littoral,2013-11-25,2013-12-01,19,0.0,0.0,0.0,1.8842857142857143,26.185714285714283,86.05857142857144
Littoral,2013-12-02,2013-12-08,19,0.0,0.0,0.0,5.7057142857142855,25.63714285714286,87.38714285714286
Littoral,2013-12-09,2013-12-15,19,0.0,0.0,0.0,3.0757142857142865,25.385714285714283,84.56428571428572
Littoral,2013-12-16,2013-12-22,19,0.0,0.0,0.0,0.0542857142857142,26.02857142857143,74.24857142857142
Littoral,2013-12-23,2013-12-29,19,0.0,0.0,0.0,0.2714285714285714,26.49285714285715,85.08142857142856
Littoral,2013-12-30,2014-01-05,24,0.0,0.0,0.0,0.0728571428571428,26.34142857142857,80.91714285714285
Littoral,2014-01-06,2014-01-12,24,0.0,0.0,0.0,0.06,26.424285714285716,78.6657142857143
Littoral,2014-01-13,2014-01-19,24,0.0,0.0,0.0,0.0985714285714285,26.538571428571423,82.91285714285713
Littoral,2014-01-20,2014-01-26,24,0.0,0.0,0.0,0.3114285714285714,26.6,85.19142857142857
Littoral,2014-01-27,2014-02-02,24,0.0,0.0,0.0,1.1185714285714283,26.251428571428573,86.28857142857143
Littoral,2014-02-03,2014-02-09,24,0.0,0.0,0.0,0.0585714285714285,26.76,82.26142857142858
Littoral,2014-02-10,2014-02-16,24,0.0,0.0,0.0,0.1557142857142857,26.592857142857145,83.11
Littoral,2014-02-17,2014-02-23,24,0.0,0.0,0.0,0.0585714285714285,27.53142857142857,79.94714285714285
Littoral,2014-02-24,2014-03-02,24,0.0,0.0,0.0,11.021428571428572,26.304285714285715,85.74000000000001
Littoral,2014-03-03,2014-03-09,24,0.0,0.0,0.0,1.4428571428571428,26.43428571428572,84.47
Littoral,2014-03-10,2014-03-16,24,0.0,0.0,0.0,13.294285714285715,26.93428571428572,82.77142857142857
Littoral,2014-03-17,2014-03-23,24,0.0,0.0,0.0,3.018571428571429,26.638571428571428,86.19428571428571
Littoral,2014-03-24,2014-03-30,24,0.0,0.0,0.0,3.287142857142857,25.965714285714284,86.64571428571428
Littoral,2014-03-31,2014-04-06,24,0.0,0.0,0.0,1.2842857142857145,26.54571428571429,86.13571428571427
Littoral,2014-04-07,2014-04-13,24,0.0,0.0,0.0,0.1385714285714286,26.441428571428577,84.7042857142857
Littoral,2014-04-14,2014-04-20,24,0.0,0.0,0.0,0.9585714285714284,26.47571428571429,83.67428571428572
Littoral,2014-04-21,2014-04-27,24,0.0,0.0,0.0,10.391428571428571,26.24857142857143,87.40714285714284
Littoral,2014-04-28,2014-05-04,24,0.0,0.0,0.0,10.175714285714289,26.395714285714284,86.23571428571428
Littoral,2014-05-05,2014-05-11,24,0.0,0.0,0.0,6.525714285714286,26.141428571428573,88.50857142857141
Littoral,2014-05-12,2014-05-18,24,0.0,0.0,0.0,6.072857142857144,26.438571428571432,85.12714285714286
Littoral,2014-05-19,2014-05-25,24,0.0,0.0,0.0,7.188571428571429,26.717142857142857,85.17714285714285
Littoral,2014-05-26,2014-06-01,24,0.0,0.0,0.0,7.412857142857143,26.22857142857143,86.71142857142857
Littoral,2014-06-02,2014-06-08,24,0.0,0.0,0.0,4.344285714285714,26.018571428571427,87.86714285714285
Littoral,2014-06-09,2014-06-15,24,0.0,0.0,0.0,6.607142857142857,25.752857142857145,88.57285714285715
Littoral,2014-06-16,2014-06-22,24,0.0,0.0,0.0,4.805714285714285,25.711428571428574,88.47571428571429
Littoral,2014-06-23,2014-06-29,24,0.0,0.0,0.0,3.982857142857143,25.294285714285717,87.41
Littoral,2014-06-30,2014-07-06,24,0.0,0.0,0.0,18.27714285714286,25.047142857142852,88.57857142857142
Littoral,2014-07-07,2014-07-13,24,0.0,0.0,0.0,1.9728571428571424,24.707142857142856,87.05
Littoral,2014-07-14,2014-07-20,24,0.0,0.0,0.0,7.02857142857143,24.442857142857143,88.19714285714285
Littoral,2014-07-21,2014-07-27,24,0.0,1.0,0.0,3.177142857142857,23.88714285714285,87.95285714285714
Littoral,2014-07-28,2014-08-03,24,0.0,1.0,0.0,2.04,23.992857142857144,89.3342857142857
Littoral,2014-08-04,2014-08-10,24,0.0,0.0,0.0,8.304285714285713,23.95714285714286,89.08
Littoral,2014-08-11,2014-08-17,24,0.0,0.0,0.0,12.831428571428573,24.110000000000007,89.03142857142858
Littoral,2014-08-18,2014-08-24,24,0.0,0.0,0.0,12.12,24.140000000000004,88.82571428571428
Littoral,2014-08-25,2014-08-31,24,0.0,0.0,0.0,9.682857142857143,24.322857142857146,90.90285714285712
Littoral,2014-09-01,2014-09-07,24,0.0,0.0,0.0,6.6571428571428575,24.204285714285717,89.20285714285714
Littoral,2014-09-08,2014-09-14,24,0.0,0.0,0.0,10.439999999999998,24.62285714285714,89.61428571428571
Littoral,2014-09-15,2014-09-21,24,0.0,0.0,0.0,7.825714285714286,24.78142857142857,88.35000000000001
Littoral,2014-09-22,2014-09-28,24,0.0,0.0,0.0,16.782857142857143,24.57,88.22142857142856
Littoral,2014-09-29,2014-10-05,24,0.0,0.0,0.0,6.61,24.79142857142857,86.35142857142857
Littoral,2014-10-06,2014-10-12,24,0.0,0.0,0.0,6.672857142857144,25.247142857142855,88.83142857142856
Littoral,2014-10-13,2014-10-19,24,0.0,0.0,0.0,5.04,25.051428571428573,90.15142857142858
Littoral,2014-10-20,2014-10-26,24,1.0,11.0,0.0,10.494285714285716,25.15,88.66285714285713
Littoral,2014-10-27,2014-11-02,24,0.0,0.0,0.0,9.782857142857145,25.39428571428572,89.43142857142857
Littoral,2014-11-03,2014-11-09,24,0.0,0.0,0.0,11.55,25.86285714285714,88.34285714285714
Littoral,2014-11-10,2014-11-16,24,0.0,0.0,0.0,0.3,25.547142857142852,88.78714285714285
Littoral,2014-11-17,2014-11-23,24,0.0,0.0,0.0,3.517142857142857,25.764285714285712,86.74
Littoral,2014-11-24,2014-11-30,24,0.0,0.0,0.0,0.1057142857142857,25.72714285714286,87.10714285714286
Littoral,2014-12-01,2014-12-07,24,0.0,0.0,0.0,0.5028571428571429,26.43,84.45857142857143
Littoral,2014-12-08,2014-12-14,24,0.0,0.0,0.0,0.1128571428571428,26.217142857142857,84.84714285714287
Littoral,2014-12-15,2014-12-21,24,0.0,0.0,0.0,0.0171428571428571,26.32857142857143,83.22142857142856
Littoral,2014-12-22,2014-12-28,24,0.0,0.0,0.0,0.0142857142857142,26.455714285714286,78.45714285714287
Littoral,2014-12-29,2015-01-04,24,0.0,0.0,0.0,0.0228571428571428,26.27285714285714,79.66
Littoral,2015-01-05,2015-01-11,24,0.0,0.0,0.0,0.01,25.627142857142854,68.40428571428573
Littoral,2015-01-12,2015-01-18,24,0.0,0.0,0.0,0.0228571428571428,25.972857142857144,71.77142857142857
Littoral,2015-01-19,2015-01-25,24,0.0,0.0,0.0,0.7557142857142857,26.99000000000001,79.87285714285714
Littoral,2015-01-26,2015-02-01,24,0.0,0.0,0.0,0.1642857142857142,26.99714285714285,81.76857142857143
Littoral,2015-02-02,2015-02-08,24,0.0,0.0,0.0,1.8685714285714288,27.098571428571432,82.61999999999999
Littoral,2015-02-09,2015-02-15,24,0.0,0.0,0.0,0.8499999999999999,26.82714285714286,82.94285714285715
Littoral,2015-02-16,2015-02-22,24,0.0,0.0,0.0,5.408571428571428,26.56142857142857,83.27999999999999
Littoral,2015-02-23,2015-03-01,24,0.0,0.0,0.0,0.83,26.43142857142857,83.26285714285713
Littoral,2015-03-02,2015-03-08,24,0.0,0.0,0.0,0.4142857142857143,26.82,82.50714285714285
Littoral,2015-03-09,2015-03-15,24,0.0,0.0,0.0,0.67,27.264285714285712,81.00285714285714
Littoral,2015-03-16,2015-03-22,24,0.0,0.0,0.0,2.4257142857142857,26.88,85.33571428571429
Littoral,2015-03-23,2015-03-29,24,0.0,0.0,0.0,3.8014285714285703,26.71142857142857,84.28857142857143
Littoral,2015-03-30,2015-04-05,24,0.0,0.0,0.0,2.777142857142857,26.47571428571429,84.21571428571428
Littoral,2015-04-06,2015-04-12,24,0.0,0.0,0.0,4.838571428571428,26.58857142857143,84.3257142857143
Littoral,2015-04-13,2015-04-19,24,0.0,0.0,0.0,4.567142857142858,26.67285714285714,85.47428571428573
Littoral,2015-04-20,2015-04-26,24,0.0,0.0,0.0,1.4700000000000002,26.675714285714285,85.15142857142857
Littoral,2015-04-27,2015-05-03,24,0.0,0.0,0.0,3.6857142857142855,26.958571428571435,82.26142857142857
Littoral,2015-05-04,2015-05-10,24,0.0,0.0,0.0,5.004285714285714,26.81,83.88142857142859
Littoral,2015-05-11,2015-05-17,24,0.0,0.0,0.0,4.838571428571428,27.35142857142857,82.43857142857142
Littoral,2015-05-18,2015-05-24,24,0.0,0.0,0.0,6.198571428571428,26.708571428571435,85.45714285714287
Littoral,2015-05-25,2015-05-31,24,0.0,0.0,0.0,8.197142857142858,26.052857142857142,88.05857142857143
Littoral,2015-06-01,2015-06-07,24,0.0,0.0,0.0,23.698571428571427,25.288571428571423,90.32
Littoral,2015-06-08,2015-06-14,24,0.0,0.0,0.0,6.214285714285714,25.22,88.81285714285715
Littoral,2015-06-15,2015-06-21,24,0.0,0.0,0.0,27.001428571428573,24.711428571428574,90.18
Littoral,2015-06-22,2015-06-28,24,0.0,0.0,0.0,5.501428571428571,24.677142857142854,89.95857142857143
Littoral,2015-06-29,2015-07-05,24,0.0,0.0,0.0,3.3200000000000003,24.618571428571425,90.25714285714284
Littoral,2015-07-06,2015-07-12,24,0.0,0.0,0.0,7.6414285714285715,25.35,89.95
Littoral,2015-07-13,2015-07-19,24,0.0,0.0,0.0,5.405714285714287,24.577142857142857,89.57428571428571
Littoral,2015-07-20,2015-07-26,24,0.0,0.0,0.0,19.53857142857143,24.090000000000003,90.72857142857144
Littoral,2015-07-27,2015-08-02,24,0.0,0.0,0.0,9.091428571428573,23.98428571428571,88.55142857142857
Littoral,2015-08-03,2015-08-09,24,0.0,0.0,0.0,6.335714285714286,24.295714285714286,91.08
Littoral,2015-08-10,2015-08-16,24,0.0,0.0,0.0,5.401428571428572,24.5,89.86142857142856
Littoral,2015-08-17,2015-08-23,24,0.0,0.0,0.0,6.55,24.51428571428571,90.17857142857144
Littoral,2015-08-24,2015-08-30,24,0.0,0.0,0.0,15.675714285714283,24.36142857142857,91.06
Littoral,2015-08-31,2015-09-06,24,0.0,0.0,0.0,6.552857142857143,24.53142857142857,89.14142857142858
Littoral,2015-09-07,2015-09-13,24,0.0,0.0,0.0,5.271428571428571,24.717142857142857,89.97285714285714
Littoral,2015-09-14,2015-09-20,24,0.0,0.0,0.0,26.102857142857147,24.695714285714285,91.08857142857144
Littoral,2015-09-21,2015-09-27,24,1.0,4.0,0.0,10.02,25.26,88.07142857142857
Littoral,2015-09-28,2015-10-04,24,0.0,0.0,0.0,1.6614285714285713,25.15,89.91428571428571
Littoral,2015-10-05,2015-10-11,24,0.0,0.0,0.0,3.561428571428571,25.055714285714284,88.46857142857142
Littoral,2015-10-12,2015-10-18,24,0.0,0.0,0.0,5.708571428571429,25.69428571428572,89.2957142857143
Littoral,2015-10-19,2015-10-25,24,0.0,0.0,0.0,20.73142857142857,25.28142857142857,91.45714285714288
Littoral,2015-10-26,2015-11-01,24,0.0,0.0,0.0,45.88285714285714,25.314285714285717,91.49285714285716
Littoral,2015-11-02,2015-11-08,24,0.0,0.0,0.0,12.348571428571429,25.62,86.75285714285715
Littoral,2015-11-09,2015-11-15,24,0.0,0.0,0.0,4.744285714285715,25.94142857142857,88.0457142857143
Littoral,2015-11-16,2015-11-22,24,0.0,0.0,0.0,0.4557142857142857,26.077142857142857,86.28571428571429
Littoral,2015-11-23,2015-11-29,24,0.0,0.0,0.0,0.2214285714285714,26.44142857142857,85.00142857142858
Littoral,2015-11-30,2015-12-06,24,0.0,0.0,0.0,0.1042857142857143,26.27857142857143,81.08142857142856
Littoral,2015-12-07,2015-12-13,24,0.0,0.0,0.0,0.1657142857142857,26.608571428571427,76.28571428571429
Littoral,2015-12-14,2015-12-20,24,0.0,0.0,0.0,0.2628571428571428,26.302857142857142,77.03142857142858
Littoral,2015-12-21,2015-12-27,24,0.0,0.0,0.0,0.0371428571428571,26.474285714285717,75.24714285714286
Littoral,2016-01-04,2016-01-10,24,0.0,0.0,0.0,0.2057142857142857,27.43428571428571,78.86000000000001
Littoral,2016-01-11,2016-01-17,24,0.0,0.0,0.0,0.3171428571428571,27.542857142857144,78.06714285714285
Littoral,2016-01-18,2016-01-24,24,0.0,0.0,0.0,0.0457142857142857,27.65571428571428,75.96428571428571
Littoral,2016-01-25,2016-01-31,24,0.0,0.0,0.0,0.1442857142857143,27.180000000000003,71.01857142857143
Littoral,2016-02-01,2016-02-07,24,0.0,0.0,0.0,0.6228571428571428,27.36142857142857,77.98428571428572
Littoral,2016-02-08,2016-02-14,24,0.0,0.0,0.0,0.5285714285714286,27.44428571428572,75.25285714285714
Littoral,2016-02-15,2016-02-21,24,0.0,0.0,0.0,0.4442857142857143,28.054285714285715,79.1742857142857
Littoral,2016-02-22,2016-02-28,24,0.0,0.0,0.0,1.2214285714285715,28.11142857142857,82.20714285714287
Littoral,2016-02-29,2016-03-06,24,0.0,0.0,0.0,6.234285714285714,27.751428571428573,83.89857142857143
Littoral,2016-03-07,2016-03-13,24,0.0,0.0,0.0,1.73,27.65571428571428,82.63285714285715
Littoral,2016-03-14,2016-03-20,24,0.0,0.0,0.0,2.032857142857143,27.444285714285712,84.11571428571429
Littoral,2016-03-21,2016-03-27,24,0.0,0.0,0.0,14.024285714285714,27.352857142857143,84.05857142857143
Littoral,2016-03-28,2016-04-03,24,0.0,0.0,0.0,11.082857142857142,27.16714285714286,87.61
Littoral,2016-04-04,2016-04-10,24,0.0,0.0,0.0,2.78,27.19,84.43142857142857
Littoral,2016-04-11,2016-04-17,24,0.0,0.0,0.0,8.972857142857142,27.11142857142857,85.88857142857144
Littoral,2016-04-18,2016-04-24,24,0.0,0.0,0.0,5.1171428571428565,27.22571428571429,86.62857142857142
Littoral,2016-04-25,2016-05-01,24,0.0,0.0,0.0,1.4928571428571429,27.13428571428572,86.28
Littoral,2016-05-02,2016-05-08,24,0.0,0.0,0.0,3.318571428571428,27.08428571428572,84.48
Littoral,2016-05-09,2016-05-15,24,0.0,0.0,0.0,10.992857142857144,27.04,85.50714285714287
Littoral,2016-05-16,2016-05-22,24,0.0,0.0,0.0,12.038571428571428,26.32714285714286,88.74857142857142
Littoral,2016-05-23,2016-05-29,24,0.0,0.0,0.0,10.748571428571427,26.4,85.80428571428573
Littoral,2016-05-30,2016-06-05,24,0.0,0.0,0.0,6.61142857142857,26.49142857142857,86.09
Littoral,2016-06-06,2016-06-12,24,0.0,0.0,0.0,13.154285714285717,25.771428571428576,91.11571428571428
Littoral,2016-06-13,2016-06-19,24,0.0,0.0,0.0,15.498571428571427,25.028571428571432,87.91999999999999
Littoral,2016-06-20,2016-06-26,24,0.0,0.0,0.0,27.594285714285714,25.018571428571427,88.99285714285715
Littoral,2016-06-27,2016-07-03,24,0.0,0.0,0.0,8.534285714285714,25.50428571428572,87.50857142857141
Littoral,2016-07-04,2016-07-10,24,1.0,1.0,0.0,12.794285714285715,25.314285714285717,90.37142857142857
Littoral,2016-07-11,2016-07-17,24,0.0,0.0,0.0,18.44142857142857,24.65285714285714,89.71428571428571
Littoral,2016-07-18,2016-07-24,24,0.0,0.0,0.0,11.251428571428573,24.49285714285714,92.16285714285712
Littoral,2016-07-25,2016-07-31,24,0.0,0.0,0.0,12.835714285714287,24.324285714285715,89.15857142857143
Littoral,2016-08-01,2016-08-07,24,0.0,0.0,0.0,25.30142857142857,24.27857142857143,91.37142857142858
Littoral,2016-08-08,2016-08-14,24,0.0,0.0,0.0,12.17,24.28,91.01428571428572
Littoral,2016-08-15,2016-08-21,24,0.0,0.0,0.0,13.481428571428571,24.28,91.99
Littoral,2016-08-22,2016-08-28,24,0.0,0.0,0.0,10.215714285714286,24.471428571428568,90.02714285714285
Littoral,2016-08-29,2016-09-04,24,0.0,0.0,0.0,7.068571428571429,24.63,89.30285714285715
Littoral,2016-09-05,2016-09-11,24,0.0,0.0,0.0,15.70857142857143,24.817142857142866,90.81285714285715
Littoral,2016-09-12,2016-09-18,24,0.0,0.0,0.0,10.524285714285714,24.59857142857143,89.58428571428571
Littoral,2016-09-19,2016-09-25,24,0.0,0.0,0.0,9.081428571428573,24.972857142857144,89.02714285714285
Littoral,2016-09-26,2016-10-02,24,0.0,0.0,0.0,6.0,25.192857142857143,89.24857142857142
Littoral,2016-10-03,2016-10-09,24,0.0,0.0,0.0,4.295714285714285,25.434285714285718,90.17142857142856
Littoral,2016-10-10,2016-10-16,24,0.0,0.0,0.0,9.115714285714288,25.622857142857143,88.09000000000002
Littoral,2016-10-17,2016-10-23,24,0.0,0.0,0.0,12.354285714285712,25.72571428571429,86.80999999999999
Littoral,2016-10-24,2016-10-30,24,0.0,0.0,0.0,13.5,25.95142857142857,87.24285714285715
Littoral,2016-10-31,2016-11-06,24,0.0,0.0,0.0,6.69,25.55857142857143,87.75428571428571
Littoral,2016-11-07,2016-11-13,24,0.0,0.0,0.0,1.1428571428571428,26.06,87.04142857142857
Littoral,2016-11-14,2016-11-20,24,0.0,0.0,0.0,2.3528571428571428,26.325714285714287,86.93571428571428
Littoral,2016-11-21,2016-11-27,24,0.0,0.0,0.0,1.5971428571428572,26.485714285714284,87.19285714285715
Littoral,2016-11-28,2016-12-04,24,0.0,0.0,0.0,0.9014285714285714,26.188571428571432,88.0257142857143
Littoral,2016-12-05,2016-12-11,24,0.0,0.0,0.0,1.1757142857142855,26.059999999999995,85.93285714285715
Littoral,2016-12-12,2016-12-18,24,0.0,0.0,0.0,0.74,26.557142857142857,85.30714285714285
Littoral,2016-12-19,2016-12-25,24,0.0,0.0,0.0,0.87,27.24,82.69571428571427
Littoral,2016-12-26,2017-01-01,24,0.0,0.0,0.0,2.4514285714285715,26.47857142857143,80.9
Littoral,2017-01-02,2017-01-08,24,0.0,0.0,0.0,0.0542857142857142,26.645714285714288,81.81285714285715
Littoral,2017-01-09,2017-01-15,24,0.0,0.0,0.0,0.0957142857142857,26.40571428571429,81.94714285714285
Littoral,2017-01-16,2017-01-22,24,0.0,0.0,0.0,0.2314285714285714,26.74571428571428,85.52571428571427
Littoral,2017-01-23,2017-01-29,24,0.0,0.0,0.0,0.7857142857142857,26.214285714285715,86.68571428571428
Littoral,2017-01-30,2017-02-05,24,0.0,0.0,0.0,1.9542857142857144,26.92428571428571,82.85714285714286
Littoral,2017-02-06,2017-02-12,24,0.0,1.0,0.0,0.5128571428571428,26.97571428571429,82.66285714285713
Littoral,2017-02-13,2017-02-19,24,0.0,0.0,0.0,0.5171428571428571,27.122857142857143,80.60285714285713
Littoral,2017-02-20,2017-02-26,24,0.0,13.0,0.0,0.2671428571428572,27.40714285714285,79.75142857142858
Littoral,2017-02-27,2017-03-05,24,0.0,0.0,0.0,1.8471428571428568,27.422857142857143,82.14999999999999
Littoral,2017-03-06,2017-03-12,24,0.0,0.0,0.0,9.45,26.68142857142857,85.23285714285714
Littoral,2017-03-13,2017-03-19,24,0.0,0.0,0.0,8.521428571428572,27.014285714285712,84.07857142857142
Littoral,2017-03-20,2017-03-26,24,0.0,0.0,0.0,7.062857142857142,26.701428571428576,85.89999999999999
Littoral,2017-03-27,2017-04-02,24,0.0,0.0,0.0,7.378571428571428,26.878571428571437,86.08571428571429
Littoral,2017-04-03,2017-04-09,24,0.0,0.0,0.0,5.687142857142858,26.94,83.78428571428572
Littoral,2017-04-10,2017-04-16,24,0.0,1.0,0.0,10.849999999999998,26.81857142857143,85.2642857142857
Littoral,2017-04-17,2017-04-23,24,0.0,0.0,0.0,14.134285714285712,26.874285714285715,86.08571428571429
Littoral,2017-04-24,2017-04-30,24,0.0,0.0,0.0,5.412857142857143,26.828571428571426,85.88
Littoral,2017-05-01,2017-05-07,24,0.0,0.0,0.0,2.8442857142857143,26.631428571428568,84.28714285714285
Littoral,2017-05-08,2017-05-14,24,0.0,0.0,0.0,5.924285714285715,26.66714285714286,87.42142857142856
Littoral,2017-05-15,2017-05-21,24,0.0,0.0,0.0,9.13714285714286,26.772857142857134,84.32714285714285
Littoral,2017-05-22,2017-05-28,24,0.0,0.0,0.0,23.467142857142854,26.49285714285714,85.73857142857143
Littoral,2017-05-29,2017-06-04,24,0.0,0.0,0.0,8.675714285714287,26.44,86.73428571428572
Littoral,2017-06-05,2017-06-11,24,0.0,0.0,0.0,5.198571428571428,26.707142857142856,87.83285714285714
Littoral,2017-06-12,2017-06-18,24,0.0,0.0,0.0,10.805714285714286,25.618571428571432,88.39285714285714
Littoral,2017-06-19,2017-06-25,24,0.0,0.0,0.0,10.198571428571428,25.68285714285714,87.33571428571429
Littoral,2017-06-26,2017-07-02,24,0.0,0.0,0.0,18.824285714285715,25.21857142857143,88.55
Littoral,2017-07-03,2017-07-09,24,0.0,0.0,0.0,8.747142857142856,24.962857142857143,86.57714285714285
Littoral,2017-07-10,2017-07-16,24,0.0,0.0,0.0,10.824285714285711,24.554285714285715,88.89714285714285
Littoral,2017-07-17,2017-07-23,24,0.0,0.0,0.0,14.401428571428571,24.677142857142854,89.7314285714286
Littoral,2017-07-24,2017-07-30,24,0.0,0.0,0.0,19.852857142857143,24.33428571428572,90.83428571428573
Littoral,2017-07-31,2017-08-06,24,0.0,0.0,0.0,7.721428571428572,24.118571428571425,90.70714285714288
Littoral,2017-08-07,2017-08-13,24,0.0,0.0,0.0,16.25857142857143,24.294285714285717,91.04428571428572
Littoral,2017-08-14,2017-08-20,24,0.0,0.0,0.0,7.318571428571428,24.23714285714286,90.78857142857144
Littoral,2017-08-21,2017-08-27,24,0.0,0.0,0.0,11.958571428571428,24.33857142857143,91.35857142857142
Littoral,2017-08-28,2017-09-03,24,0.0,0.0,0.0,7.408571428571428,24.447142857142858,89.64999999999999
Littoral,2017-09-04,2017-09-10,24,0.0,1.0,0.0,9.994285714285713,24.58142857142857,90.53142857142858
Littoral,2017-09-11,2017-09-17,24,0.0,0.0,0.0,14.391428571428571,24.632857142857144,90.70714285714288
Littoral,2017-09-18,2017-09-24,24,0.0,1.0,0.0,12.104285714285714,25.01,89.89428571428572
Littoral,2017-09-25,2017-10-01,24,0.0,0.0,0.0,5.002857142857144,25.35428571428572,88.41428571428571
Littoral,2017-10-02,2017-10-08,24,0.0,0.0,0.0,9.605714285714283,25.49571428571429,89.12571428571428
Littoral,2017-10-09,2017-10-15,24,0.0,1.0,0.0,5.708571428571429,25.234285714285715,88.56857142857143
Littoral,2017-10-16,2017-10-22,24,0.0,0.0,0.0,3.4728571428571438,25.398571428571422,90.98857142857145
Littoral,2017-10-23,2017-10-29,24,0.0,0.0,0.0,7.29142857142857,25.56571428571429,88.50428571428571
Littoral,2017-10-30,2017-11-05,24,0.0,0.0,0.0,9.237142857142857,25.958571428571425,86.87571428571428
Littoral,2017-11-06,2017-11-12,24,0.0,0.0,0.0,6.87,25.687142857142856,86.93571428571428
Littoral,2017-11-13,2017-11-19,24,0.0,0.0,0.0,10.817142857142857,25.77428571428572,89.02
Littoral,2017-11-20,2017-11-26,24,0.0,0.0,0.0,4.667142857142857,25.827142857142857,87.80285714285716
Littoral,2017-11-27,2017-12-03,24,0.0,0.0,0.0,0.3228571428571428,26.252857142857145,84.99857142857142
Littoral,2017-12-04,2017-12-10,24,0.0,0.0,0.0,0.2057142857142857,26.49285714285714,85.23857142857143
Littoral,2017-12-11,2017-12-17,24,0.0,0.0,0.0,0.1585714285714285,26.47714285714286,84.23571428571428
Littoral,2017-12-18,2017-12-24,24,0.0,0.0,0.0,0.2271428571428571,26.318571428571428,87.36
Littoral,2017-12-25,2017-12-31,24,0.0,0.0,0.0,0.0071428571428571,26.33428571428572,80.83142857142856
Littoral,2018-01-01,2018-01-07,20,0.0,0.0,0.0,0.3314285714285714,26.06142857142857,78.76
Littoral,2018-01-01,2018-12-30,17,0.0,57.0,0.0,6.156153846153846,25.92928571428571,86.2154945054945
Littoral,2018-01-08,2018-01-14,20,0.0,0.0,0.0,1.3714285714285714,26.217142857142857,82.38714285714286
Littoral,2018-01-15,2018-01-21,20,0.0,0.0,0.0,0.12,26.44142857142857,81.83857142857143
Littoral,2018-01-22,2018-01-28,20,0.0,4.0,0.0,0.1671428571428571,26.564285714285717,79.75571428571428
Littoral,2018-01-29,2018-02-04,20,0.0,0.0,0.0,0.7685714285714287,27.58142857142857,78.79285714285713
Littoral,2018-02-05,2018-02-11,20,0.0,0.0,0.0,11.552857142857144,27.274285714285718,84.94142857142857
Littoral,2018-02-12,2018-02-18,20,0.0,0.0,0.0,7.127142857142856,26.812857142857144,86.43142857142855
Littoral,2018-02-19,2018-02-25,20,0.0,0.0,0.0,7.338571428571428,26.27428571428572,85.74000000000001
Littoral,2018-02-26,2018-03-04,20,0.0,0.0,0.0,6.372857142857143,26.048571428571424,84.9542857142857
Littoral,2018-03-05,2018-03-11,20,0.0,0.0,0.0,5.402857142857142,26.33,86.35571428571428
Littoral,2018-03-12,2018-03-18,20,0.0,2.0,0.0,2.0442857142857145,26.322857142857146,86.98428571428572
Littoral,2018-03-19,2018-03-25,20,0.0,0.0,0.0,8.747142857142858,26.231428571428573,85.47142857142856
Littoral,2018-03-26,2018-04-01,20,0.0,0.0,0.0,1.955714285714286,26.721428571428568,87.27714285714285
Littoral,2018-04-02,2018-04-08,20,0.0,2.0,0.0,5.134285714285714,26.43857142857143,85.24285714285715
Littoral,2018-04-09,2018-04-15,20,0.0,0.0,0.0,5.611428571428573,25.898571428571422,87.49428571428572
Littoral,2018-04-16,2018-04-22,20,0.0,0.0,0.0,1.8285714285714287,26.65,84.54571428571428
Littoral,2018-04-23,2018-04-29,20,0.0,0.0,0.0,3.1314285714285712,26.68857142857143,83.23857142857142
Littoral,2018-04-30,2018-05-06,20,0.0,0.0,0.0,5.11142857142857,26.732857142857146,85.87142857142858
Littoral,2018-05-07,2018-05-13,20,0.0,0.0,0.0,4.127142857142857,26.03571428571429,86.69714285714285
Littoral,2018-05-14,2018-05-20,20,0.0,2.0,0.0,1.7957142857142858,26.442857142857147,85.5257142857143
Littoral,2018-05-18,2018-07-26,1,0.0,31.0,0.0,9.795142857142856,25.53214285714285,87.9574285714286
Littoral,2018-05-18,2018-08-13,1,0.0,52.0,0.0,9.081363636363635,25.301136363636363,87.99920454545455
Littoral,2018-05-18,2018-09-17,1,0.0,1.0,1.0,9.880243902439029,25.15829268292683,88.21032520325204
Littoral,2018-05-18,2018-09-24,1,0.0,4.0,0.0,9.927923076923078,25.176615384615385,88.25
Littoral,2018-05-18,2018-09-28,1,0.0,4.0,4.0,9.760671641791046,25.180298507462687,88.28447761194029
Littoral,2018-05-18,2018-10-12,1,0.0,4.0,4.0,9.890810810810812,25.21216216216216,88.23412162162163
Littoral,2018-05-18,2018-10-23,1,0.0,6.0,0.0,9.48867924528302,25.24194968553459,88.2298113207547
Littoral,2018-05-18,2018-11-09,1,0.0,2.0,0.0,9.235227272727272,25.32198863636364,88.07789772727273
Littoral,2018-05-18,2018-12-31,1,0.0,7.0,0.0,7.398201754385965,25.59526315789474,87.32956140350876
Littoral,2018-05-18,2020-01-09,1,0.0,7.0,0.0,5.93797342192691,26.06255813953488,85.31269102990034
Littoral,2018-05-18,2020-12-16,1,32.0,563.0,0.0,6.83458686440678,26.09072033898305,85.26216101694915
Littoral,2018-05-21,2018-05-27,20,0.0,0.0,0.0,3.205714285714286,26.272857142857145,85.51
Littoral,2018-05-28,2018-06-03,20,0.0,0.0,0.0,7.371428571428571,26.28,86.63428571428572
Littoral,2018-06-04,2018-06-10,20,0.0,0.0,0.0,6.8,25.925714285714285,89.81714285714285
Littoral,2018-06-11,2018-06-17,20,0.0,0.0,0.0,4.141428571428572,26.21,86.53142857142858
Littoral,2018-06-18,2018-06-24,20,0.0,2.0,0.0,30.302857142857142,24.805714285714288,87.52714285714286
Littoral,2018-06-25,2018-07-01,20,0.0,0.0,0.0,10.56714285714286,24.877142857142854,88.86
Littoral,2018-07-02,2018-07-08,20,0.0,0.0,0.0,2.551428571428571,25.33142857142857,87.05285714285715
Littoral,2018-07-09,2018-07-15,20,0.0,6.0,0.0,4.19,25.384285714285717,87.6757142857143
Littoral,2018-07-16,2018-07-22,20,0.0,48.0,0.0,11.251428571428573,24.89714285714286,89.4757142857143
Littoral,2018-07-17,2018-08-12,1,0.0,52.0,0.0,11.020740740740743,24.55074074074074,88.91259259259259
Littoral,2018-07-23,2018-07-29,20,0.0,22.0,0.0,19.78857142857143,24.555714285714284,89.85000000000001
Littoral,2018-07-30,2018-08-05,20,0.0,12.0,0.0,6.359999999999999,24.295714285714286,88.1057142857143
Littoral,2018-08-06,2018-08-12,20,0.0,2.0,0.0,6.498571428571429,24.484285714285715,88.68857142857142
Littoral,2018-08-13,2018-08-19,20,0.0,0.0,0.0,21.57714285714286,24.717142857142857,89.36714285714285
Littoral,2018-08-20,2018-08-26,19,0.0,2.0,0.0,6.964285714285714,24.372857142857143,89.32571428571428
Littoral,2018-08-27,2018-09-02,20,0.0,2.0,0.0,15.755714285714284,24.812857142857144,88.87857142857142
Littoral,2018-08-27,2018-09-28,1,0.0,0.0,0.0,9.416060606060604,25.113636363636363,88.5560606060606
Littoral,2018-09-03,2018-09-09,20,0.0,2.0,0.0,9.444285714285714,24.80285714285714,89.32285714285715
Littoral,2018-09-10,2018-09-16,20,0.0,4.0,0.0,4.927142857142857,25.21857142857143,86.46571428571428
Littoral,2018-09-17,2018-09-23,20,0.0,0.0,0.0,11.102857142857143,25.51142857142857,88.86142857142856
Littoral,2018-09-24,2018-09-30,20,0.0,4.0,0.0,3.435714285714285,25.50142857142857,88.32571428571428
Littoral,2018-10-01,2018-10-07,20,0.0,0.0,0.0,14.902857142857142,25.577142857142857,87.36857142857143
Littoral,2018-10-01,2020-01-09,1,0.0,0.0,0.0,4.860085836909872,26.316137339055796,84.45813304721031
Littoral,2018-10-08,2018-10-14,20,0.0,2.0,0.0,8.744285714285715,25.102857142857143,89.55857142857144
Littoral,2018-10-11,2018-10-23,1,0.0,0.0,0.0,4.644615384615385,25.544615384615387,88.34461538461537
Littoral,2018-10-11,2018-10-29,1,0.0,0.0,0.0,4.876842105263158,25.79684210526316,87.02421052631578
Littoral,2018-10-11,2018-11-02,1,0.0,0.0,0.0,5.908695652173913,25.82478260869566,87.24130434782609
Littoral,2018-10-11,2018-11-09,1,0.0,0.0,0.0,5.902666666666667,25.84266666666667,87.38833333333334
Littoral,2018-10-11,2018-11-23,1,0.0,0.0,0.0,5.2465909090909095,26.03022727272728,87.17568181818181
Littoral,2018-10-11,2018-12-02,1,0.0,0.0,0.0,4.427547169811321,26.100943396226413,87.23509433962262
Littoral,2018-10-11,2018-12-19,1,0.0,0.0,0.0,3.400857142857143,26.20957142857143,86.37914285714285
Littoral,2018-10-12,2018-10-16,2,0.0,38.0,1.0,5.35,24.974,89.11
Littoral,2018-10-15,2018-10-21,20,0.0,0.0,0.0,2.071428571428572,25.817142857142866,86.60285714285715
Littoral,2018-10-22,2018-10-28,20,0.0,0.0,0.0,5.654285714285714,26.251428571428573,85.64428571428572
Littoral,2018-10-29,2018-11-04,20,0.0,2.0,0.0,9.388571428571428,25.92285714285714,87.42
Littoral,2018-11-05,2018-11-11,20,0.0,0.0,0.0,4.487142857142857,26.12142857142857,87.82428571428571
Littoral,2018-11-12,2018-11-18,20,0.0,0.0,0.0,5.065714285714286,26.338571428571424,87.01857142857143
Littoral,2018-11-19,2018-11-25,20,0.0,0.0,0.0,2.6499999999999995,26.455714285714286,88.14
Littoral,2018-11-26,2018-12-02,20,0.0,0.0,0.0,0.3385714285714286,26.47,86.53285714285714
Littoral,2018-12-10,2018-12-16,20,0.0,0.0,0.0,0.3557142857142857,26.66,83.06571428571428
Littoral,2018-12-17,2018-12-23,20,0.0,0.0,0.0,0.0171428571428571,26.691428571428577,82.20000000000002
Littoral,2018-12-24,2018-12-30,20,0.0,0.0,0.0,0.0499999999999999,26.51428571428572,82.77285714285713
Littoral,2018-12-31,2019-01-06,21,0.0,0.0,0.0,0.0585714285714285,26.792857142857144,82.15285714285713
Littoral,2018-12-31,2019-12-29,17,0.0,0.0,0.0,5.186016483516483,26.32406593406593,84.3015934065934
Littoral,2019-01-07,2019-01-13,21,0.0,0.0,0.0,0.2242857142857142,26.73428571428571,81.96857142857144
Littoral,2019-01-14,2019-01-20,21,0.0,0.0,0.0,0.3171428571428571,27.19,82.15714285714286
Littoral,2019-01-21,2019-01-27,21,0.0,0.0,0.0,2.097142857142857,26.625714285714285,82.9042857142857
Littoral,2019-01-28,2019-02-03,21,0.0,0.0,0.0,3.825714285714286,26.965714285714288,82.91285714285713
Littoral,2019-02-04,2019-02-10,21,0.0,0.0,0.0,1.01,27.20142857142857,82.18142857142857
Littoral,2019-02-11,2019-02-17,21,0.0,0.0,0.0,0.3942857142857142,27.228571428571428,78.10428571428572
Littoral,2019-02-18,2019-02-24,21,0.0,0.0,0.0,0.2457142857142857,27.217142857142857,81.75571428571428
Littoral,2019-02-25,2019-03-03,21,0.0,0.0,0.0,2.281428571428572,26.585714285714285,82.97285714285715
Littoral,2019-03-04,2019-03-10,21,0.0,0.0,0.0,2.7328571428571427,26.85428571428572,84.70714285714284
Littoral,2019-03-11,2019-03-17,21,0.0,0.0,0.0,0.3471428571428571,27.422857142857143,83.10000000000001
Littoral,2019-03-18,2019-03-24,20,0.0,0.0,0.0,1.4442857142857142,27.345714285714287,83.71285714285715
Littoral,2019-05-13,2019-05-19,20,0.0,0.0,0.0,0.7957142857142857,26.93142857142857,83.41
Littoral,2020-01-01,2020-01-28,1,6.0,41.0,2.0,0.0164285714285714,27.359285714285715,75.65714285714284
Littoral,2020-01-01,2020-12-06,1,53.0,962.0,0.0,8.411788856304986,26.166832844574778,84.91680351906157
Littoral,2020-01-04,2020-01-04,1,1.0,1.0,0.0,0.0,27.03,74.44
Littoral,2020-01-04,2020-01-20,1,5.0,19.0,0.0,0.0264705882352941,27.251764705882355,78.23
Littoral,2020-01-05,2020-01-05,1,0.0,1.0,0.0,0.0,26.79,73.59
Littoral,2020-01-06,2020-01-06,1,0.0,0.0,0.0,0.08,27.3,76.36
Littoral,2020-01-07,2020-01-07,1,0.0,0.0,0.0,0.02,27.24,76.29
Littoral,2020-01-08,2020-01-08,1,0.0,0.0,0.0,0.0,27.09,79.96
Littoral,2020-01-09,2020-01-09,1,0.0,0.0,0.0,0.08,27.08,79.53
Littoral,2020-01-10,2020-01-10,1,0.0,0.0,0.0,0.25,26.56,83.56
Littoral,2020-01-11,2020-01-11,1,0.0,0.0,0.0,0.02,26.76,81.21
Littoral,2020-01-12,2020-01-12,1,0.0,0.0,0.0,0.0,27.36,80.26
Littoral,2020-01-13,2020-01-13,1,2.0,7.0,0.0,0.0,27.8,79.19
Littoral,2020-01-14,2020-01-14,1,0.0,2.0,0.0,0.0,28.0,79.05
Littoral,2020-01-15,2020-01-15,1,1.0,7.0,0.0,0.0,27.74,84.04
Littoral,2020-01-16,2020-01-16,1,1.0,2.0,0.0,0.0,27.43,82.83
Littoral,2020-01-17,2020-01-17,1,0.0,0.0,0.0,0.0,26.97,74.75
Littoral,2020-01-18,2020-01-18,1,0.0,0.0,0.0,0.0,26.95,73.67
Littoral,2020-01-19,2020-01-19,1,0.0,0.0,0.0,0.0,27.77,72.71
Littoral,2020-01-20,2020-01-20,1,0.0,0.0,0.0,0.0,27.41,78.47
Littoral,2020-01-21,2020-01-21,1,0.0,2.0,0.0,0.0,28.09,76.83
Littoral,2020-01-21,2020-01-26,1,1.0,21.0,0.0,0.0,27.613333333333333,68.10333333333334
Littoral,2020-01-22,2020-01-22,1,0.0,0.0,0.0,0.0,28.24,75.74
Littoral,2020-01-23,2020-01-23,1,0.0,1.0,0.0,0.0,27.96,75.54
Littoral,2020-01-24,2020-01-24,1,0.0,7.0,0.0,0.0,28.15,60.12
Littoral,2020-01-25,2020-01-25,1,0.0,7.0,0.0,0.0,26.69,58.54
Littoral,2020-01-26,2020-01-26,1,1.0,4.0,0.0,0.0,26.55,61.85
Littoral,2020-11-30,2020-12-06,1,0.0,0.0,0.0,1.8942857142857137,26.722857142857144,83.44428571428571
Littoral,2021-01-01,2021-10-03,1,0.0,12.0,0.0,7.098333333333335,26.139891304347827,85.06561594202898
Littoral,2021-01-01,2021-11-02,1,1.0,0.0,0.0,7.115261437908496,26.09754901960784,85.2768954248366
Littoral,2021-10-01,2022-12-31,1,127.0,7411.0,0.0,7.4583369803063455,25.96901531728665,85.21481400437636
Littoral,2021-10-25,2022-10-20,1,0.0,5957.0,0.0,8.201108033240999,25.974986149584485,85.13049861495846
Littoral,2022-01-03,2022-01-09,1,0.0,3.0,0.0,1.2128571428571429,26.874285714285712,81.33
Littoral,2022-01-03,2022-07-03,1,0.0,2987.0,0.0,4.052362637362637,26.602747252747253,83.1201098901099
Littoral,2022-01-10,2022-01-16,1,0.0,14.0,0.0,1.282857142857143,26.352857142857143,85.27142857142859
Littoral,2022-01-17,2022-01-23,1,0.0,0.0,0.0,0.4342857142857143,26.58857142857143,78.7957142857143
Littoral,2022-01-24,2022-01-30,1,0.0,20.0,0.0,0.0471428571428571,27.00428571428572,76.5642857142857
Littoral,2022-01-31,2022-02-06,1,0.0,48.0,0.0,1.1657142857142857,26.737142857142857,77.37857142857142
Littoral,2022-02-07,2022-02-13,1,0.0,23.0,0.0,0.0228571428571428,27.135714285714283,79.41285714285713
Littoral,2022-02-14,2022-02-20,1,0.0,42.0,0.0,0.3157142857142857,27.32,79.61285714285714
Littoral,2022-02-21,2022-02-27,1,0.0,76.0,0.0,0.0671428571428571,27.7,77.95285714285716
Littoral,2022-02-28,2022-03-06,1,4.0,71.0,0.0,2.4800000000000004,27.14428571428571,81.28285714285714
Littoral,2022-03-07,2022-03-13,1,0.0,57.0,0.0,2.72,27.094285714285714,82.60571428571428
Littoral,2022-03-14,2022-03-20,1,0.0,136.0,0.0,1.0871428571428574,27.55857142857143,80.75999999999999
Littoral,2022-03-21,2022-03-27,1,0.0,221.0,0.0,2.164285714285714,27.63142857142857,81.75142857142859
Littoral,2022-03-28,2022-04-03,1,0.0,300.0,0.0,6.811428571428571,27.44,81.25
Littoral,2022-04-04,2022-04-10,1,0.0,218.0,0.0,4.704285714285715,26.99285714285714,82.56285714285714
Littoral,2022-04-11,2022-04-17,1,0.0,218.0,0.0,4.744285714285715,26.874285714285715,82.38000000000001
Littoral,2022-04-18,2022-04-24,1,0.0,102.0,0.0,8.118571428571428,26.482857142857146,86.46571428571428
Littoral,2022-04-25,2022-05-01,1,0.0,181.0,0.0,4.095714285714285,26.32714285714286,85.2242857142857
Littoral,2022-05-02,2022-05-08,1,0.0,130.0,0.0,3.61,26.801428571428573,83.86428571428573
Littoral,2022-05-09,2022-05-15,1,0.0,113.0,0.0,3.4928571428571438,26.81714285714286,85.83571428571429
Littoral,2022-05-16,2022-05-22,1,0.0,133.0,0.0,11.08,26.32714285714286,87.34428571428569
Littoral,2022-05-23,2022-05-29,1,0.0,158.0,0.0,6.527142857142857,25.588571428571434,85.99714285714285
Littoral,2022-05-30,2022-06-05,1,0.0,122.0,0.0,9.571428571428571,26.15714285714285,85.54714285714286
Littoral,2022-06-06,2022-06-12,1,0.0,136.0,0.0,3.858571428571429,25.765714285714285,86.55714285714285
Littoral,2022-06-13,2022-06-19,1,0.0,85.0,0.0,7.979999999999999,25.15,89.05714285714285
Littoral,2022-06-20,2022-06-26,1,0.0,139.0,0.0,8.944285714285714,24.64,89.23428571428572
Littoral,2022-06-27,2022-07-03,1,2.0,193.0,0.0,8.822857142857144,25.16571428571428,87.08428571428571
Littoral,2022-08-29,2022-09-08,1,6.0,262.0,0.0,39.61636363636364,24.73454545454545,88.38181818181818
Littoral,2022-09-16,2022-09-22,1,1.0,140.0,0.0,11.271428571428572,24.83714285714285,89.07285714285715
Littoral,2022-10-07,2022-10-13,1,5.0,115.0,0.0,11.994285714285713,25.24,84.80428571428571
Littoral,2022-10-14,2022-10-20,1,0.0,47.0,0.0,16.622857142857143,25.541428571428572,89.71857142857142
Littoral,2022-10-28,2022-11-03,1,2.0,22.0,0.0,18.58714285714285,25.75428571428571,88.11571428571428
Littoral,2022-11-04,2022-11-10,1,0.0,23.0,0.0,4.894285714285715,25.795714285714286,87.99428571428572
Littoral,2022-11-18,2022-11-24,1,0.0,14.0,0.0,1.7085714285714284,26.178571428571438,84.97571428571429
Littoral,2022-12-02,2022-12-08,1,0.0,9.0,0.0,0.7085714285714285,26.297142857142852,85.43571428571428
Littoral,2022-12-30,2023-01-05,1,0.0,8.0,0.0,0.0699999999999999,26.75857142857143,77.85571428571428
North,2010-01-04,2010-01-10,15,0.0,0.0,0.0,0.0,26.722857142857144,24.94142857142857
North,2010-01-11,2010-01-17,15,0.0,0.0,0.0,0.0,26.945714285714285,26.808571428571437
North,2010-01-18,2010-01-24,15,0.0,0.0,0.0,0.0,26.00428571428572,27.142857142857142
North,2010-01-25,2010-01-31,15,0.0,0.0,0.0,0.0,29.58714285714285,28.16714285714286
North,2010-02-01,2010-02-07,15,0.0,0.0,0.0,0.0,27.965714285714288,23.57714285714286
North,2010-02-08,2010-02-14,15,0.0,0.0,0.0,0.0,29.290000000000003,21.704285714285717
North,2010-02-15,2010-02-21,15,0.0,0.0,0.0,0.0,31.63714285714285,29.228571428571428
North,2010-02-22,2010-02-28,15,0.0,0.0,0.0,0.0042857142857142,31.93142857142857,30.49714285714285
North,2010-03-01,2010-03-07,15,0.0,0.0,0.0,0.0014285714285714,30.87285714285714,17.19714285714286
North,2010-03-08,2010-03-14,15,0.0,0.0,0.0,0.1071428571428571,32.77285714285715,36.39285714285714
North,2010-03-15,2010-03-21,15,0.0,0.0,0.0,0.4371428571428571,31.60428571428571,34.45714285714286
North,2010-03-22,2010-03-28,15,0.0,0.0,0.0,0.0214285714285714,29.625714285714285,18.14857142857143
North,2010-03-29,2010-04-04,15,0.0,0.0,0.0,0.1028571428571428,31.948571428571427,18.004285714285718
North,2010-04-01,2010-10-25,1,10.0,261.0,0.0,5.413269230769231,27.470336538461535,72.04456730769229
North,2010-04-05,2010-04-11,15,0.0,0.0,0.0,0.9971428571428572,32.815714285714286,39.69285714285714
North,2010-04-12,2010-04-18,15,0.0,0.0,0.0,5.685714285714286,31.71857142857143,54.05
North,2010-04-19,2010-04-25,15,0.0,0.0,0.0,2.608571428571429,30.992857142857144,57.23428571428572
North,2010-04-26,2010-05-02,15,0.0,0.0,0.0,5.194285714285714,29.141428571428573,66.3157142857143
North,2010-05-03,2010-05-09,15,0.0,0.0,0.0,4.121428571428572,29.138571428571428,66.5157142857143
North,2010-05-06,2010-12-31,1,22.0,498.0,0.0,4.2047083333333335,26.552583333333335,69.51154166666667
North,2010-05-10,2010-05-16,15,0.0,0.0,0.0,3.2271428571428573,30.985714285714288,59.40571428571429
North,2010-05-17,2010-05-23,15,0.0,0.0,0.0,1.5514285714285716,30.56857142857143,59.54285714285714
North,2010-05-24,2010-05-30,15,0.0,0.0,0.0,2.9314285714285715,30.91142857142857,58.25857142857144
North,2010-05-31,2010-06-06,15,0.0,0.0,0.0,6.38,27.63285714285714,74.36285714285714
North,2010-06-07,2010-06-13,15,0.0,0.0,0.0,3.5642857142857136,29.02142857142857,63.02428571428571
North,2010-06-14,2010-06-20,15,0.0,0.0,0.0,3.6942857142857135,29.38142857142857,63.30857142857143
North,2010-06-21,2010-06-27,15,0.0,0.0,0.0,8.069999999999999,27.76714285714286,73.70714285714287
North,2010-06-28,2010-07-04,15,0.0,0.0,0.0,5.048571428571428,27.52142857142857,70.90857142857143
North,2010-07-05,2010-07-11,15,0.0,3.0,0.0,4.972857142857143,26.072857142857146,79.25285714285714
North,2010-07-12,2010-07-18,15,0.0,4.0,0.0,7.244285714285715,25.70285714285714,80.13142857142859
North,2010-07-19,2010-07-25,15,0.0,0.0,0.0,4.625714285714286,24.148571428571437,84.56857142857143
North,2010-07-26,2010-08-01,15,0.0,0.0,0.0,2.0042857142857144,24.997142857142855,81.66571428571429
North,2010-08-02,2010-08-08,15,0.0,0.0,0.0,4.145714285714286,25.86428571428571,81.06714285714285
North,2010-08-09,2010-08-15,15,1.0,8.0,0.0,9.481428571428571,25.141428571428573,79.81857142857143
North,2010-08-16,2010-08-22,15,1.0,18.0,0.0,21.84714285714286,24.94428571428572,84.67999999999999
North,2010-08-23,2010-08-29,15,1.0,42.0,0.0,26.28142857142857,24.617142857142856,87.09857142857143
North,2010-08-30,2010-09-05,15,2.0,40.0,0.0,3.584285714285714,24.93,85.82857142857142
North,2010-09-06,2010-09-12,15,3.0,25.0,0.0,2.334285714285714,24.924285714285716,83.89285714285714
North,2010-09-13,2010-09-19,15,1.0,40.0,0.0,4.538571428571428,25.685714285714287,80.39142857142858
North,2010-09-20,2010-09-26,15,1.0,31.0,0.0,1.6885714285714284,24.93285714285714,83.6285714285714
North,2010-09-27,2010-10-03,15,0.0,14.0,0.0,2.4314285714285715,25.79142857142857,81.51142857142857
North,2010-10-04,2010-10-10,15,0.0,14.0,0.0,4.867142857142857,25.968571428571423,78.16142857142857
North,2010-10-11,2010-10-17,15,3.0,14.0,0.0,2.205714285714286,26.185714285714287,80.16
North,2010-10-18,2010-10-24,15,4.0,36.0,0.0,5.478571428571429,26.12142857142857,80.53428571428572
North,2010-10-25,2010-10-31,15,1.0,39.0,0.0,0.35,26.532857142857143,76.04571428571428
North,2010-11-01,2010-11-07,15,0.0,3.0,0.0,0.0985714285714285,26.69,71.84142857142857
North,2010-11-08,2010-11-14,15,5.0,80.0,0.0,0.0499999999999999,26.488571428571426,62.96857142857142
North,2010-11-15,2010-11-21,15,0.0,32.0,0.0,0.0,27.21142857142857,61.19857142857143
North,2010-11-22,2010-11-28,15,0.0,23.0,0.0,0.0,27.26714285714285,56.95285714285715
North,2010-11-29,2010-12-05,15,1.0,28.0,0.0,0.0,26.94142857142857,45.75714285714287
North,2010-12-06,2010-12-12,15,0.0,10.0,0.0,0.0,24.094285714285714,36.96
North,2010-12-13,2010-12-19,15,0.0,1.0,0.0,0.0,25.801428571428573,43.12428571428571
North,2010-12-20,2010-12-26,15,0.0,5.0,0.0,0.0,25.48428571428571,32.575714285714284
North,2010-12-27,2011-01-02,15,0.0,1.0,0.0,0.0,24.552857142857142,32.92
North,2011-01-01,2011-09-22,15,427.0,7333.0,0.0,2.735169811320755,28.18539622641509,52.88003773584905
North,2011-01-03,2011-01-09,15,0.0,0.0,0.0,0.0,25.58428571428572,34.792857142857144
North,2011-01-10,2011-01-16,15,0.0,0.0,0.0,0.0,22.90571428571429,28.961428571428566
North,2011-01-17,2011-01-23,15,0.0,2.0,0.0,0.0,24.079999999999995,29.235714285714284
North,2011-01-24,2011-01-30,15,1.0,6.0,0.0,0.0,27.467142857142857,25.365714285714287
North,2011-01-31,2011-02-06,15,0.0,6.0,0.0,0.0057142857142857,29.801428571428573,32.612857142857145
North,2011-02-07,2011-02-13,15,0.0,0.0,0.0,0.0,29.001428571428573,26.24571428571429
North,2011-02-14,2011-02-20,15,0.0,0.0,0.0,0.0114285714285714,30.47,21.53571428571429
North,2011-02-21,2011-02-27,15,0.0,1.0,0.0,0.0428571428571428,30.39714285714286,31.13142857142857
North,2011-02-28,2011-03-06,15,0.0,0.0,0.0,0.0085714285714285,31.52142857142857,27.748571428571427
North,2011-03-07,2011-03-13,15,3.0,11.0,0.0,0.0,30.857142857142858,16.874285714285715
North,2011-03-14,2011-03-20,15,0.0,6.0,0.0,0.0,30.61142857142857,14.84
North,2011-03-21,2011-03-27,15,0.0,0.0,0.0,0.0285714285714285,32.14714285714286,27.624285714285715
North,2011-03-28,2011-04-03,15,0.0,0.0,0.0,0.0457142857142857,31.728571428571428,24.38714285714286
North,2011-04-04,2011-04-10,15,0.0,0.0,0.0,0.0,31.16571428571429,21.438571428571432
North,2011-04-11,2011-04-17,15,0.0,0.0,0.0,0.1057142857142857,32.47571428571429,34.43571428571428
North,2011-04-18,2011-04-24,15,0.0,1.0,0.0,1.08,32.79142857142857,39.56
North,2011-04-25,2011-05-01,15,4.0,30.0,0.0,1.1985714285714286,30.464285714285715,54.76142857142857
North,2011-05-02,2011-05-08,15,11.0,54.0,0.0,1.4542857142857142,31.835714285714285,51.80285714285714
North,2011-05-09,2011-05-15,15,12.0,93.0,0.0,0.7971428571428572,30.59,54.40428571428571
North,2011-05-16,2011-05-22,15,5.0,96.0,0.0,8.831428571428573,29.192857142857147,66.35714285714286
North,2011-05-23,2011-05-29,15,18.0,235.0,0.0,1.6428571428571428,27.897142857142857,67.20714285714287
North,2011-05-30,2011-06-05,15,19.0,257.0,0.0,4.862857142857143,29.427142857142854,64.93857142857144
North,2011-06-06,2011-06-12,15,10.0,238.0,0.0,0.987142857142857,29.13142857142857,61.99857142857143
North,2011-06-13,2011-06-19,15,17.0,271.0,0.0,2.2142857142857144,29.308571428571423,61.888571428571424
North,2011-06-20,2011-06-26,15,12.0,177.0,0.0,9.329999999999998,27.331428571428567,71.80999999999999
North,2011-06-27,2011-07-03,15,1.0,6.0,0.0,11.787142857142856,27.00857142857143,74.65714285714286
North,2011-07-04,2011-07-10,15,12.0,263.0,0.0,3.3128571428571427,26.87142857142857,74.93999999999998
North,2011-07-11,2011-07-17,15,8.0,331.0,0.0,3.7571428571428567,25.881428571428568,76.99714285714286
North,2011-07-18,2011-07-24,15,16.0,308.0,0.0,5.431428571428572,26.177142857142854,77.05
North,2011-07-25,2011-07-31,15,10.0,217.0,0.0,1.2957142857142858,26.055714285714284,77.30571428571429
North,2011-08-01,2011-08-07,15,41.0,301.0,0.0,6.857142857142857,25.75714285714286,79.24857142857141
North,2011-08-08,2011-08-14,15,8.0,193.0,0.0,8.42142857142857,24.60857142857143,81.96285714285715
North,2011-08-15,2011-08-21,15,17.0,232.0,0.0,4.615714285714286,24.375714285714285,83.63571428571427
North,2011-08-22,2011-08-28,15,6.0,263.0,0.0,3.9657142857142857,25.11142857142857,81.91714285714285
North,2011-08-29,2011-09-04,15,9.0,217.0,0.0,6.798571428571428,25.387142857142862,80.70428571428572
North,2011-09-05,2011-09-11,15,7.0,189.0,0.0,4.571428571428571,24.95285714285714,83.3157142857143
North,2011-09-12,2011-09-18,15,7.0,171.0,0.0,4.364285714285714,24.77,82.50714285714285
North,2011-09-19,2011-09-25,15,3.0,203.0,0.0,8.407142857142857,25.821428571428573,79.29857142857144
North,2011-09-23,2011-12-11,1,38.0,985.0,0.0,1.0605,26.85625,55.47950000000001
North,2011-09-26,2011-10-02,15,2.0,45.0,0.0,1.2571428571428571,26.428571428571438,75.56857142857143
North,2011-10-03,2011-10-09,15,3.0,100.0,0.0,5.03,26.65714285714285,76.36714285714285
North,2011-10-10,2011-10-16,15,4.0,58.0,0.0,2.0085714285714285,26.83142857142857,73.96000000000001
North,2011-10-17,2011-10-23,15,0.0,43.0,0.0,0.7871428571428571,27.392857142857142,68.16714285714286
North,2011-10-24,2011-10-30,15,0.0,63.0,0.0,0.3285714285714286,28.05285714285714,58.34142857142857
North,2011-10-31,2011-11-06,15,1.0,29.0,0.0,0.0214285714285714,28.330000000000005,52.45
North,2011-11-07,2011-11-13,15,0.0,23.0,0.0,0.0,28.594285714285714,45.79142857142857
North,2011-11-14,2011-11-20,15,0.0,9.0,0.0,0.0,28.618571428571425,44.23857142857143
North,2011-11-21,2011-11-27,15,0.0,2.0,0.0,0.0,26.24428571428572,38.35285714285715
North,2011-11-28,2011-12-04,15,0.0,2.0,0.0,0.0,24.05857142857143,35.84285714285714
North,2011-12-05,2011-12-11,15,0.0,0.0,0.0,0.0,24.447142857142858,31.457142857142856
North,2011-12-12,2011-12-18,15,0.0,0.0,0.0,0.0,24.57,27.45285714285714
North,2011-12-19,2011-12-25,15,0.0,0.0,0.0,0.0,26.17142857142857,26.42
North,2011-12-26,2012-01-01,15,0.0,0.0,0.0,0.0,27.024285714285718,25.77142857142857
North,2012-01-02,2012-01-08,15,0.0,0.0,0.0,0.0,24.99142857142857,24.24285714285714
North,2012-01-09,2012-01-15,15,0.0,1.0,0.0,0.0,24.307142857142857,23.77285714285714
North,2012-01-16,2012-01-22,15,0.0,0.0,0.0,0.0,26.642857142857142,23.42571428571429
North,2012-01-23,2012-01-29,15,0.0,0.0,0.0,0.0,29.02285714285714,20.57
North,2012-01-30,2012-02-05,15,0.0,1.0,0.0,0.0,29.07857142857143,19.462857142857143
North,2012-02-06,2012-02-12,15,0.0,0.0,0.0,0.0,29.49857142857143,16.208571428571428
North,2012-02-13,2012-02-19,15,0.0,0.0,0.0,0.0228571428571428,31.074285714285715,25.692857142857143
North,2012-02-20,2012-02-26,15,0.0,0.0,0.0,0.0614285714285714,31.532857142857143,23.854285714285712
North,2012-02-27,2012-03-04,15,0.0,1.0,0.0,0.01,30.974285714285717,19.85571428571429
North,2012-03-05,2012-03-11,15,0.0,0.0,0.0,0.0,30.69714285714286,20.70285714285714
North,2012-03-12,2012-03-18,15,0.0,0.0,0.0,0.0,30.918571428571425,17.064285714285713
North,2012-03-19,2012-03-25,15,0.0,0.0,0.0,0.0,30.38571428571429,12.544285714285712
North,2012-03-26,2012-04-01,15,0.0,0.0,0.0,0.0085714285714285,31.87714285714286,18.165714285714284
North,2012-04-02,2012-04-08,15,0.0,0.0,0.0,2.56,31.72857142857143,45.6
North,2012-04-09,2012-04-15,15,0.0,0.0,0.0,1.0385714285714285,31.888571428571428,50.32142857142857
North,2012-04-16,2012-04-22,15,0.0,0.0,0.0,1.5057142857142858,30.252857142857145,54.31999999999999
North,2012-04-23,2012-04-29,15,0.0,0.0,0.0,0.24,32.43,39.93428571428571
North,2012-04-30,2012-05-06,15,0.0,0.0,0.0,1.5157142857142856,33.10285714285714,44.93285714285714
North,2012-05-07,2012-05-13,15,0.0,0.0,0.0,6.635714285714286,28.36142857142857,67.51714285714284
North,2012-05-14,2012-05-20,15,0.0,0.0,0.0,2.718571428571429,29.94,59.07428571428572
North,2012-05-21,2012-05-27,15,0.0,0.0,0.0,7.4642857142857135,28.374285714285712,66.63571428571429
North,2012-05-28,2012-06-03,15,0.0,0.0,0.0,11.148571428571428,26.87857142857143,76.34714285714287
North,2012-06-04,2012-06-10,15,0.0,0.0,0.0,5.862857142857143,26.91714285714286,77.21285714285715
North,2012-06-11,2012-06-17,15,0.0,0.0,0.0,4.561428571428571,26.95571428571429,75.49571428571427
North,2012-06-18,2012-06-24,15,0.0,1.0,0.0,0.9414285714285714,27.165714285714284,69.92142857142856
North,2012-06-25,2012-07-01,15,0.0,1.0,0.0,6.725714285714285,25.352857142857143,76.92285714285715
North,2012-07-02,2012-07-08,15,0.0,0.0,0.0,5.1085714285714285,24.712857142857143,81.91714285714285
North,2012-07-09,2012-07-15,15,0.0,0.0,0.0,4.311428571428571,25.46,79.79285714285713
North,2012-07-16,2012-07-22,15,0.0,0.0,0.0,4.445714285714286,25.015714285714285,82.47142857142856
North,2012-07-23,2012-07-29,15,0.0,0.0,0.0,2.0385714285714287,24.965714285714284,80.97571428571428
North,2012-07-30,2012-08-05,15,0.0,0.0,0.0,11.54857142857143,24.804285714285715,85.29285714285713
North,2012-08-06,2012-08-12,15,0.0,0.0,0.0,6.452857142857143,24.667142857142856,84.92999999999999
North,2012-08-13,2012-08-19,15,0.0,0.0,0.0,11.80857142857143,24.085714285714285,86.38285714285713
North,2012-08-20,2012-08-26,15,0.0,0.0,0.0,13.574285714285711,23.985714285714288,85.03857142857143
North,2012-08-27,2012-09-02,15,0.0,0.0,0.0,12.291428571428572,24.875714285714285,82.82857142857142
North,2012-09-03,2012-09-09,15,0.0,0.0,0.0,8.744285714285715,24.21857142857143,85.07571428571428
North,2012-09-10,2012-09-16,15,0.0,0.0,0.0,12.264285714285716,24.961428571428574,82.38
North,2012-09-17,2012-09-23,15,0.0,0.0,0.0,11.565714285714288,24.76714285714286,83.98142857142857
North,2012-09-24,2012-09-30,15,0.0,0.0,0.0,2.614285714285714,25.47571428571429,80.73714285714286
North,2012-10-01,2012-10-07,15,0.0,0.0,0.0,7.859999999999999,25.532857142857143,82.7242857142857
North,2012-10-08,2012-10-14,15,0.0,0.0,0.0,4.0685714285714285,26.27857142857143,77.37
North,2012-10-15,2012-10-21,15,0.0,0.0,0.0,2.9985714285714287,26.25142857142857,78.81571428571428
North,2012-10-22,2012-10-28,15,0.0,0.0,0.0,0.9385714285714286,26.06857142857143,78.52
North,2012-10-29,2012-11-04,15,0.0,0.0,0.0,0.0328571428571428,26.381428571428568,67.07285714285715
North,2012-11-05,2012-11-11,15,0.0,0.0,0.0,2.817142857142857,26.208571428571428,75.00857142857141
North,2012-11-12,2012-11-18,15,0.0,0.0,0.0,0.02,26.464285714285715,64.33142857142857
North,2012-11-19,2012-11-25,15,0.0,0.0,0.0,0.0,26.522857142857134,62.04714285714287
North,2012-11-26,2012-12-02,15,0.0,0.0,0.0,0.0,25.94,61.81999999999999
North,2012-12-03,2012-12-09,15,0.0,0.0,0.0,0.0,25.72,52.875714285714295
North,2012-12-10,2012-12-16,15,0.0,0.0,0.0,0.0,25.69428571428572,45.80428571428571
North,2012-12-17,2012-12-23,15,0.0,0.0,0.0,0.0,24.807142857142853,40.04285714285714
North,2012-12-24,2012-12-30,15,0.0,0.0,0.0,0.0,23.642857142857142,35.44571428571429
North,2012-12-31,2013-01-06,15,0.0,0.0,0.0,0.0,25.247142857142855,34.11857142857143
North,2013-01-07,2013-01-13,15,0.0,0.0,0.0,0.0,25.164285714285715,35.21714285714285
North,2013-01-14,2013-01-20,15,0.0,0.0,0.0,0.0,28.52857142857143,32.618571428571435
North,2013-01-21,2013-01-27,15,0.0,0.0,0.0,0.0042857142857142,29.71571428571428,43.23571428571428
North,2013-01-28,2013-02-03,15,0.0,1.0,0.0,0.0014285714285714,25.55857142857143,29.674285714285716
North,2013-02-04,2013-02-10,15,0.0,0.0,0.0,0.0,28.842857142857145,29.13571428571429
North,2013-02-11,2013-02-17,15,0.0,0.0,0.0,0.0,29.84,24.36428571428572
North,2013-02-18,2013-02-24,15,0.0,0.0,0.0,0.0,30.542857142857144,23.88142857142857
North,2013-02-25,2013-03-03,15,0.0,0.0,0.0,0.0028571428571428,32.40428571428571,27.00571428571428
North,2013-03-04,2013-03-10,15,0.0,0.0,0.0,0.0,32.00571428571429,37.30428571428571
North,2013-03-11,2013-03-17,15,0.0,0.0,0.0,0.0371428571428571,31.96,39.347142857142856
North,2013-03-18,2013-03-24,15,0.0,0.0,0.0,0.0114285714285714,32.56142857142857,37.32571428571429
North,2013-03-25,2013-03-31,15,0.0,0.0,0.0,1.4942857142857144,31.380000000000003,48.08857142857143
North,2013-04-01,2013-04-07,15,0.0,0.0,0.0,0.6728571428571428,31.951428571428576,42.69428571428572
North,2013-04-08,2013-04-14,15,0.0,0.0,0.0,1.861428571428572,31.231428571428573,49.09857142857143
North,2013-04-15,2013-04-21,15,0.0,0.0,0.0,0.1914285714285714,32.331428571428575,41.53142857142858
North,2013-04-22,2013-04-28,15,0.0,0.0,0.0,3.521428571428572,29.885714285714283,50.98428571428571
North,2013-04-29,2013-05-05,15,0.0,0.0,0.0,2.7414285714285715,30.01142857142857,58.16
North,2013-05-06,2013-05-12,15,0.0,0.0,0.0,1.292857142857143,28.775714285714287,63.30428571428571
North,2013-05-13,2013-05-19,15,0.0,0.0,0.0,3.467142857142857,31.08142857142857,53.67714285714285
North,2013-05-20,2013-05-26,15,0.0,0.0,0.0,2.0285714285714285,29.912857142857145,59.89142857142857
North,2013-05-27,2013-06-02,15,0.0,0.0,0.0,5.314285714285715,28.824285714285715,64.47285714285714
North,2013-06-03,2013-06-09,15,0.0,0.0,0.0,5.255714285714285,28.208571428571425,66.89714285714287
North,2013-06-10,2013-06-16,15,0.0,0.0,0.0,3.494285714285715,28.125714285714288,68.49
North,2013-06-17,2013-06-23,15,0.0,0.0,0.0,3.0785714285714283,28.861428571428576,62.5
North,2013-06-24,2013-06-30,15,0.0,0.0,0.0,2.948571428571429,27.03,68.9557142857143
North,2013-07-01,2013-07-07,15,0.0,0.0,0.0,9.260000000000002,26.82714285714286,71.10714285714286
North,2013-07-08,2013-07-14,15,0.0,0.0,0.0,6.252857142857143,26.29,72.97714285714285
North,2013-07-15,2013-07-21,15,0.0,0.0,0.0,13.891428571428571,25.83142857142857,78.52428571428571
North,2013-07-22,2013-07-28,15,0.0,0.0,0.0,9.314285714285717,25.022857142857134,84.21285714285715
North,2013-07-29,2013-08-04,15,0.0,0.0,0.0,8.248571428571429,23.932857142857134,84.69857142857144
North,2013-08-05,2013-08-11,15,0.0,0.0,0.0,7.782857142857142,24.41,85.81714285714285
North,2013-08-12,2013-08-18,15,0.0,0.0,0.0,6.1657142857142855,24.42142857142857,86.64285714285714
North,2013-08-19,2013-08-25,15,0.0,0.0,0.0,8.55,24.285714285714285,84.81857142857143
North,2013-08-26,2013-09-01,15,0.0,0.0,0.0,8.055714285714286,24.788571428571423,82.68571428571428
North,2013-09-02,2013-09-08,15,0.0,0.0,0.0,7.768571428571429,25.057142857142857,82.14999999999999
North,2013-09-09,2013-09-15,15,0.0,0.0,0.0,7.727142857142858,24.97714285714286,82.86571428571429
North,2013-09-16,2013-09-22,15,0.0,0.0,0.0,5.937142857142858,26.072857142857146,80.95428571428572
North,2013-09-23,2013-09-29,15,0.0,0.0,0.0,10.04857142857143,25.442857142857143,82.94000000000001
North,2013-09-30,2013-10-06,15,0.0,0.0,0.0,6.949999999999998,26.184285714285718,77.88285714285713
North,2013-10-07,2013-10-13,15,0.0,0.0,0.0,1.9857142857142855,25.608571428571427,79.34
North,2013-10-14,2013-10-20,15,0.0,0.0,0.0,1.1828571428571428,26.054285714285715,75.55428571428571
North,2013-10-21,2013-10-27,15,0.0,0.0,0.0,0.5028571428571428,26.342857142857135,68.36571428571428
North,2013-10-28,2013-11-03,15,0.0,0.0,0.0,0.0771428571428571,26.44285714285714,68.69428571428571
North,2013-11-04,2013-11-10,15,0.0,0.0,0.0,0.0,25.84,50.22857142857142
North,2013-11-11,2013-11-17,15,0.0,0.0,0.0,0.0,27.197142857142858,54.76714285714286
North,2013-11-18,2013-11-24,15,0.0,0.0,0.0,0.0,28.838571428571424,53.58142857142857
North,2013-11-25,2013-12-01,15,0.0,0.0,0.0,0.0128571428571428,27.90857142857143,49.86857142857143
North,2013-12-02,2013-12-08,15,0.0,0.0,0.0,0.2128571428571428,28.117142857142856,56.43
North,2013-12-09,2013-12-15,15,0.0,0.0,0.0,0.0042857142857142,26.03857142857143,47.03285714285715
North,2013-12-16,2013-12-22,15,0.0,0.0,0.0,0.0,23.52,35.32857142857143
North,2013-12-23,2013-12-29,15,0.0,0.0,0.0,0.0,27.43142857142857,30.21857142857143
North,2013-12-30,2014-01-05,15,0.0,0.0,0.0,0.0,26.322857142857146,25.969999999999995
North,2014-01-01,2014-04-30,1,4.0,10.0,0.0,1.4445,29.621,31.51825
North,2014-01-06,2014-01-12,15,0.0,0.0,0.0,0.0,25.092857142857135,27.472857142857144
North,2014-01-13,2014-01-19,15,0.0,0.0,0.0,0.0,27.208571428571435,25.964285714285715
North,2014-01-20,2014-01-26,15,0.0,0.0,0.0,0.0,28.027142857142856,20.63428571428571
North,2014-01-27,2014-02-02,15,0.0,0.0,0.0,0.0,29.09,24.607142857142858
North,2014-02-03,2014-02-09,15,0.0,0.0,0.0,0.0,28.28,23.65142857142857
North,2014-02-10,2014-02-16,15,0.0,0.0,0.0,0.0,27.30714285714286,19.231428571428573
North,2014-02-17,2014-02-23,15,0.0,0.0,0.0,0.0,29.037142857142857,14.29142857142857
North,2014-02-24,2014-03-02,15,0.0,0.0,0.0,0.1042857142857142,31.26,30.932857142857134
North,2014-03-03,2014-03-09,15,0.0,0.0,0.0,0.0,30.868571428571425,25.554285714285708
North,2014-03-10,2014-03-16,15,0.0,0.0,0.0,0.0014285714285714,31.222857142857144,19.625714285714285
North,2014-03-17,2014-03-23,15,4.0,9.0,0.0,0.1542857142857143,32.53428571428572,18.71
North,2014-03-24,2014-03-30,15,0.0,1.0,0.0,1.4442857142857142,31.67142857142857,47.92714285714286
North,2014-03-31,2014-04-06,15,0.0,0.0,0.0,0.0257142857142857,32.39142857142857,32.71285714285714
North,2014-04-07,2014-04-13,15,0.0,0.0,0.0,0.0,32.81285714285714,40.361428571428576
North,2014-04-14,2014-04-20,15,0.0,5.0,0.0,2.6914285714285717,31.86,48.24714285714286
North,2014-04-21,2014-04-27,15,0.0,1.0,0.0,9.907142857142857,28.54,69.37857142857142
North,2014-04-28,2014-05-04,15,0.0,0.0,0.0,13.045714285714284,27.83,76.42999999999999
North,2014-05-05,2014-05-11,15,0.0,0.0,0.0,1.4171428571428568,27.590000000000003,73.58428571428571
North,2014-05-12,2014-05-18,15,0.0,0.0,0.0,3.234285714285714,28.191428571428567,63.74
North,2014-05-19,2014-05-25,15,0.0,0.0,0.0,0.8214285714285714,31.064285714285717,55.55714285714286
North,2014-05-26,2014-06-01,15,0.0,0.0,0.0,6.211428571428571,29.184285714285718,65.96857142857144
North,2014-06-02,2014-06-08,15,0.0,0.0,0.0,6.65,27.882857142857144,73.41857142857144
North,2014-06-09,2014-06-15,15,0.0,0.0,0.0,3.495714285714286,27.72571428571429,73.35857142857144
North,2014-06-16,2014-06-22,15,0.0,0.0,0.0,7.727142857142857,26.812857142857137,78.74999999999999
North,2014-06-23,2014-06-29,15,0.0,1.0,0.0,3.45,27.09,72.89857142857143
North,2014-06-30,2014-07-06,15,0.0,0.0,0.0,6.231428571428572,26.755714285714287,77.23428571428572
North,2014-07-07,2014-07-13,15,0.0,0.0,0.0,2.2114285714285717,26.424285714285716,75.12857142857142
North,2014-07-14,2014-07-20,15,0.0,8.0,0.0,3.545714285714286,26.554285714285715,74.92142857142858
North,2014-07-21,2014-07-27,15,1.0,5.0,0.0,3.575714285714286,26.294285714285717,75.9742857142857
North,2014-07-28,2014-08-03,15,3.0,35.0,0.0,6.72,25.748571428571427,79.42428571428572
North,2014-08-04,2014-08-10,15,1.0,24.0,0.0,4.591428571428572,24.684285714285718,81.98571428571428
North,2014-08-11,2014-08-17,15,1.0,21.0,0.0,6.854285714285715,24.89428571428571,81.26428571428572
North,2014-08-18,2014-08-24,15,1.0,19.0,0.0,8.457142857142857,24.50857142857143,83.55714285714285
North,2014-08-21,2014-11-05,12,36.0,398.0,0.0,5.293376623376624,25.81623376623377,77.96181818181816
North,2014-08-25,2014-08-31,15,5.0,35.0,0.0,9.782857142857145,25.095714285714287,83.82571428571428
North,2014-09-01,2014-09-07,15,1.0,23.0,0.0,9.03,24.24000000000001,84.28857142857143
North,2014-09-08,2014-09-14,15,2.0,10.0,0.0,5.032857142857144,25.22571428571428,80.53571428571429
North,2014-09-15,2014-09-21,15,0.0,32.0,0.0,10.391428571428571,25.41142857142857,81.62285714285714
North,2014-09-22,2014-09-28,15,1.0,16.0,0.0,5.675714285714285,26.08142857142857,78.22571428571429
North,2014-09-29,2014-10-05,15,0.0,9.0,0.0,4.997142857142856,25.75142857142857,79.69571428571429
North,2014-10-06,2014-10-12,15,2.0,26.0,0.0,3.342857142857143,26.527142857142856,77.37142857142858
North,2014-10-13,2014-10-19,15,4.0,40.0,0.0,3.76,26.092857142857145,78.68142857142857
North,2014-10-20,2014-10-26,15,1.0,23.0,0.0,0.4828571428571429,26.47714285714286,69.36999999999999
North,2014-10-27,2014-11-02,15,0.0,6.0,0.0,0.0528571428571428,27.348571428571425,67.24571428571429
North,2014-11-03,2014-11-09,15,0.0,10.0,0.0,0.0385714285714285,28.072857142857146,61.22142857142857
North,2014-11-10,2014-11-16,15,0.0,6.0,0.0,0.0085714285714285,28.238571428571426,53.73714285714285
North,2014-11-17,2014-11-23,15,0.0,56.0,0.0,0.0314285714285714,27.282857142857136,45.7
North,2014-11-24,2014-11-30,15,0.0,4.0,0.0,0.0,26.75142857142857,43.17
North,2014-12-01,2014-12-07,15,0.0,3.0,0.0,0.0,26.91,34.83
North,2014-12-08,2014-12-14,15,0.0,0.0,0.0,0.0,27.34,30.772857142857134
North,2014-12-15,2014-12-21,15,0.0,1.0,0.0,0.0,26.34,29.59285714285715
North,2014-12-22,2014-12-28,15,1.0,4.0,0.0,0.0,24.360000000000003,30.527142857142856
North,2014-12-29,2015-01-04,15,0.0,0.0,0.0,0.0,25.41857142857143,29.154285714285717
North,2015-01-05,2015-01-11,15,0.0,0.0,0.0,0.0,21.044285714285717,25.797142857142852
North,2015-01-12,2015-01-18,15,0.0,0.0,0.0,0.0,22.284285714285712,22.278571428571432
North,2015-01-19,2015-01-25,15,0.0,0.0,0.0,0.0,27.222857142857144,17.345714285714287
North,2015-01-26,2015-02-01,15,0.0,0.0,0.0,0.0,28.384285714285717,20.607142857142858
North,2015-02-02,2015-02-08,15,0.0,0.0,0.0,0.0,30.458571428571425,20.09142857142857
North,2015-02-09,2015-02-15,15,0.0,0.0,0.0,0.0,29.608571428571427,17.32857142857143
North,2015-02-16,2015-02-22,15,0.0,0.0,0.0,0.0028571428571428,31.70714285714286,29.208571428571428
North,2015-02-23,2015-03-01,15,0.0,0.0,0.0,0.0,30.004285714285714,19.93285714285714
North,2015-03-02,2015-03-08,15,0.0,0.0,0.0,0.0,30.48714285714286,19.79
North,2015-03-09,2015-03-15,15,0.0,0.0,0.0,0.0,32.42285714285715,23.505714285714287
North,2015-03-16,2015-03-22,15,0.0,0.0,0.0,0.0,33.607142857142854,29.02142857142857
North,2015-03-23,2015-03-29,15,0.0,0.0,0.0,0.2742857142857143,32.47428571428571,41.80142857142857
North,2015-03-30,2015-04-05,15,0.0,0.0,0.0,0.0014285714285714,32.02285714285715,20.78142857142857
North,2015-04-06,2015-04-12,15,0.0,0.0,0.0,0.5685714285714286,32.12714285714286,39.74857142857143
North,2015-04-13,2015-04-19,15,0.0,0.0,0.0,0.0,31.322857142857146,21.57
North,2015-04-20,2015-04-26,15,0.0,0.0,0.0,0.1628571428571428,33.105714285714285,25.35142857142857
North,2015-04-27,2015-05-03,15,0.0,0.0,0.0,2.2357142857142858,33.00571428571429,34.28285714285715
North,2015-05-04,2015-05-10,15,0.0,0.0,0.0,0.9671428571428572,31.248571428571427,49.901428571428575
North,2015-05-11,2015-05-17,15,0.0,0.0,0.0,1.9771428571428569,30.40857142857143,55.60714285714285
North,2015-05-18,2015-05-24,15,1.0,1.0,0.0,3.758571428571428,29.52142857142857,62.175714285714285
North,2015-05-25,2015-05-31,15,0.0,0.0,0.0,3.9528571428571433,30.07857142857143,58.66285714285714
North,2015-06-01,2015-06-07,15,0.0,0.0,0.0,5.002857142857144,28.891428571428573,64.74714285714286
North,2015-06-08,2015-06-14,15,0.0,0.0,0.0,2.3842857142857143,28.505714285714284,64.19428571428571
North,2015-06-15,2015-06-21,15,0.0,0.0,0.0,4.064285714285714,28.40714285714285,67.14142857142858
North,2015-06-22,2015-06-28,15,0.0,0.0,0.0,12.70142857142857,28.037142857142857,68.52428571428571
North,2015-06-29,2015-07-05,15,0.0,1.0,0.0,5.19,27.06571428571428,74.63714285714286
North,2015-07-06,2015-07-12,15,0.0,0.0,0.0,3.192857142857143,27.845714285714283,71.17142857142856
North,2015-07-13,2015-07-19,15,0.0,0.0,0.0,4.8585714285714285,26.82857142857143,75.89
North,2015-07-20,2015-07-26,15,0.0,1.0,0.0,5.905714285714287,25.83428571428571,79.42142857142858
North,2015-07-27,2015-08-02,15,0.0,0.0,0.0,4.191428571428571,25.58285714285714,80.10714285714286
North,2015-08-03,2015-08-09,15,0.0,0.0,0.0,8.63,24.94,83.56142857142858
North,2015-08-10,2015-08-16,15,0.0,0.0,0.0,2.9842857142857144,25.74,81.70714285714287
North,2015-08-17,2015-08-23,15,0.0,0.0,0.0,5.88,25.884285714285717,79.19857142857143
North,2015-08-24,2015-08-30,15,0.0,0.0,0.0,10.79857142857143,25.17142857142857,84.45142857142858
North,2015-08-31,2015-09-06,15,1.0,1.0,0.0,10.747142857142858,25.572857142857146,82.30142857142859
North,2015-09-07,2015-09-13,15,0.0,0.0,0.0,6.622857142857144,26.10285714285714,79.84714285714286
North,2015-09-14,2015-09-20,15,1.0,1.0,0.0,6.607142857142857,25.58,82.30857142857144
North,2015-09-21,2015-09-27,15,0.0,13.0,0.0,3.86,25.938571428571432,81.27428571428571
North,2015-09-28,2015-10-04,15,0.0,11.0,0.0,5.385714285714286,26.500000000000004,78.33
North,2015-10-05,2015-10-11,15,0.0,7.0,0.0,2.1642857142857146,26.27,78.2942857142857
North,2015-10-12,2015-10-18,15,1.0,5.0,0.0,6.547142857142857,27.215714285714284,75.17857142857143
North,2015-10-19,2015-10-25,15,0.0,10.0,0.0,2.131428571428572,27.2,73.89999999999999
North,2015-10-26,2015-11-01,15,0.0,4.0,0.0,2.7842857142857143,26.214285714285715,78.17571428571429
North,2015-11-02,2015-11-08,15,0.0,6.0,0.0,0.2814285714285714,26.952857142857145,65.27714285714286
North,2015-11-09,2015-11-15,15,1.0,30.0,0.0,0.0,26.82571428571428,56.31142857142856
North,2015-11-16,2015-11-22,15,0.0,3.0,0.0,0.0,27.018571428571427,48.15428571428572
North,2015-11-23,2015-11-29,15,0.0,4.0,0.0,0.0,27.33571428571429,41.35
North,2015-11-30,2015-12-06,15,0.0,0.0,0.0,0.0,25.07714285714286,38.13285714285716
North,2015-12-07,2015-12-13,15,0.0,0.0,0.0,0.0,24.17571428571429,36.114285714285714
North,2015-12-14,2015-12-20,15,0.0,0.0,0.0,0.0,23.112857142857138,28.58428571428572
North,2015-12-21,2015-12-27,15,0.0,0.0,0.0,0.0,23.49142857142857,32.21857142857142
North,2016-01-04,2016-01-10,15,0.0,0.0,0.0,0.0,26.90285714285714,25.872857142857143
North,2016-01-11,2016-01-17,15,0.0,0.0,0.0,0.0,26.961428571428574,20.64428571428571
North,2016-01-18,2016-01-24,15,0.0,0.0,0.0,0.0,25.31571428571428,20.16
North,2016-01-25,2016-01-31,15,0.0,0.0,0.0,0.0,22.840000000000003,23.71142857142857
North,2016-02-01,2016-02-07,15,0.0,0.0,0.0,0.0,26.85714285714286,21.50142857142857
North,2016-02-08,2016-02-14,15,0.0,0.0,0.0,0.0,25.384285714285717,17.242857142857144
North,2016-02-15,2016-02-21,15,0.0,0.0,0.0,0.0,30.15571428571428,15.135714285714286
North,2016-02-22,2016-02-28,15,0.0,0.0,0.0,0.0,30.53,16.18285714285714
North,2016-02-29,2016-03-06,15,0.0,0.0,0.0,0.0,33.17142857142857,25.107142857142858
North,2016-03-07,2016-03-13,15,0.0,0.0,0.0,0.0828571428571428,33.36000000000001,34.36714285714286
North,2016-03-14,2016-03-20,15,0.0,0.0,0.0,0.4657142857142857,33.15714285714286,34.951428571428565
North,2016-03-21,2016-03-27,15,0.0,0.0,0.0,1.1485714285714288,33.097142857142856,41.76428571428572
North,2016-03-28,2016-04-03,15,0.0,0.0,0.0,0.0042857142857142,33.36,25.842857142857145
North,2016-04-04,2016-04-10,15,0.0,0.0,0.0,1.6900000000000002,32.70142857142857,44.451428571428565
North,2016-04-11,2016-04-17,15,0.0,0.0,0.0,2.395714285714285,31.19571428571428,57.53
North,2016-04-18,2016-04-24,15,0.0,0.0,0.0,1.13,31.53428571428572,39.224285714285706
North,2016-04-25,2016-05-01,15,0.0,0.0,0.0,4.325714285714286,30.688571428571432,58.73285714285715
North,2016-05-02,2016-05-08,15,0.0,0.0,0.0,2.3742857142857146,30.925714285714285,56.97428571428571
North,2016-05-09,2016-05-15,15,0.0,0.0,0.0,8.011428571428572,30.148571428571437,62.76714285714285
North,2016-05-16,2016-05-22,15,0.0,0.0,0.0,7.791428571428573,28.08857142857143,71.68285714285715
North,2016-05-23,2016-05-29,15,0.0,0.0,0.0,6.417142857142856,27.632857142857144,74.07714285714285
North,2016-05-30,2016-06-05,15,0.0,0.0,0.0,7.844285714285715,27.962857142857143,70.25571428571429
North,2016-06-06,2016-06-12,15,0.0,0.0,0.0,9.587142857142856,27.60428571428572,77.68714285714285
North,2016-06-13,2016-06-19,15,0.0,0.0,0.0,5.702857142857143,26.28428571428572,78.10714285714286
North,2016-06-20,2016-06-26,15,0.0,1.0,0.0,6.032857142857144,25.428571428571427,79.81428571428572
North,2016-06-27,2016-07-03,15,0.0,0.0,0.0,5.24,26.52,79.13285714285713
North,2016-07-04,2016-07-10,15,0.0,0.0,0.0,9.96,25.95714285714286,81.05428571428571
North,2016-07-11,2016-07-17,15,0.0,0.0,0.0,5.42,24.66,85.15857142857142
North,2016-07-18,2016-07-24,15,0.0,0.0,0.0,10.021428571428572,24.822857142857146,85.05714285714285
North,2016-07-25,2016-07-31,15,0.0,0.0,0.0,9.492857142857142,24.388571428571428,86.25285714285712
North,2016-08-01,2016-08-07,15,0.0,0.0,0.0,4.137142857142857,25.12857142857143,85.13428571428571
North,2016-08-08,2016-08-14,15,0.0,0.0,0.0,6.68,25.025714285714287,84.95857142857143
North,2016-08-15,2016-08-21,15,0.0,0.0,0.0,5.121428571428572,26.00428571428572,80.4342857142857
North,2016-08-22,2016-08-28,15,0.0,0.0,0.0,8.678571428571429,24.84,84.86285714285714
North,2016-08-29,2016-09-04,15,0.0,0.0,0.0,16.164285714285715,25.541428571428572,82.88571428571429
North,2016-09-05,2016-09-11,15,0.0,1.0,0.0,6.164285714285714,25.337142857142855,85.89999999999999
North,2016-09-12,2016-09-18,15,0.0,0.0,0.0,7.114285714285715,25.18428571428572,82.85000000000001
North,2016-09-19,2016-09-25,15,0.0,0.0,0.0,3.3,25.82142857142857,81.37428571428572
North,2016-09-26,2016-10-02,15,0.0,0.0,0.0,3.732857142857143,26.285714285714285,80.13857142857144
North,2016-10-03,2016-10-09,15,0.0,0.0,0.0,3.62,26.088571428571424,80.25714285714285
North,2016-10-10,2016-10-16,15,0.0,0.0,0.0,1.4485714285714284,27.16428571428571,75.27714285714286
North,2016-10-17,2016-10-23,15,0.0,0.0,0.0,2.6014285714285714,26.928571428571427,73.01142857142857
North,2016-10-24,2016-10-30,15,0.0,0.0,0.0,0.4942857142857143,26.90142857142857,65.59857142857143
North,2016-10-31,2016-11-06,15,0.0,0.0,0.0,0.0042857142857142,26.971428571428568,65.02714285714286
North,2016-11-07,2016-11-13,15,0.0,0.0,0.0,0.0,26.172857142857143,55.61857142857144
North,2016-11-14,2016-11-20,15,0.0,0.0,0.0,0.0,27.36428571428572,59.184285714285714
North,2016-11-21,2016-11-27,15,0.0,0.0,0.0,0.0,27.65714285714285,55.544285714285714
North,2016-11-28,2016-12-04,15,0.0,0.0,0.0,0.0,26.94571428571428,44.79
North,2016-12-05,2016-12-11,15,0.0,0.0,0.0,0.0,27.41714285714286,46.62285714285714
North,2016-12-12,2016-12-18,15,0.0,0.0,0.0,0.0,26.668571428571425,39.57142857142857
North,2016-12-19,2016-12-25,15,0.0,0.0,0.0,0.0,26.527142857142856,34.44571428571429
North,2016-12-26,2017-01-01,15,0.0,0.0,0.0,0.0,25.41142857142857,30.07
North,2017-01-02,2017-01-08,15,0.0,0.0,0.0,0.0,26.375714285714285,29.17571428571429
North,2017-01-09,2017-01-15,15,0.0,0.0,0.0,0.0,26.781428571428567,29.902857142857147
North,2017-01-16,2017-01-22,15,0.0,0.0,0.0,0.0,29.344285714285714,24.47571428571429
North,2017-01-23,2017-01-29,15,0.0,0.0,0.0,0.0,29.63285714285714,33.84
North,2017-01-30,2017-02-05,15,0.0,0.0,0.0,0.0,28.17285714285714,22.76428571428572
North,2017-02-06,2017-02-12,15,0.0,0.0,0.0,0.0,28.452857142857145,18.992857142857144
North,2017-02-13,2017-02-19,15,0.0,0.0,0.0,0.0,26.360000000000003,21.00857142857143
North,2017-02-20,2017-02-26,15,0.0,0.0,0.0,0.0,28.302857142857142,19.85571428571429
North,2017-02-27,2017-03-05,15,0.0,0.0,0.0,0.0,29.697142857142858,16.197142857142858
North,2017-03-06,2017-03-12,15,0.0,0.0,0.0,0.0,30.77428571428572,20.97142857142857
North,2017-03-13,2017-03-19,15,0.0,0.0,0.0,0.0,31.525714285714287,17.201428571428572
North,2017-03-20,2017-03-26,15,0.0,0.0,0.0,0.0,32.63285714285714,27.140000000000004
North,2017-03-27,2017-04-02,15,0.0,0.0,0.0,0.0199999999999999,33.098571428571425,26.377142857142854
North,2017-04-03,2017-04-09,15,0.0,1.0,0.0,0.01,34.03142857142857,34.338571428571434
North,2017-04-10,2017-04-16,15,0.0,0.0,0.0,6.987142857142857,29.618571428571425,60.68142857142856
North,2017-04-17,2017-04-23,15,0.0,0.0,0.0,0.5157142857142858,31.004285714285714,52.77142857142858
North,2017-04-24,2017-04-30,15,0.0,0.0,0.0,1.727142857142857,31.72142857142857,49.83142857142857
North,2017-05-01,2017-05-07,15,0.0,0.0,0.0,2.6714285714285717,29.914285714285715,60.02571428571428
North,2017-05-08,2017-05-14,15,0.0,0.0,0.0,3.95,29.762857142857147,61.38857142857143
North,2017-05-15,2017-05-21,15,0.0,0.0,0.0,8.888571428571428,27.83285714285714,72.03142857142856
North,2017-05-22,2017-05-28,15,0.0,0.0,0.0,3.3085714285714287,28.14428571428571,70.97999999999999
North,2017-05-29,2017-06-04,15,0.0,0.0,0.0,6.605714285714285,27.631428571428568,74.93857142857142
North,2017-06-05,2017-06-11,15,0.0,0.0,0.0,1.987142857142857,28.83428571428571,66.04285714285714
North,2017-06-12,2017-06-18,15,0.0,0.0,0.0,23.06,26.248571428571427,81.29857142857142
North,2017-06-19,2017-06-25,15,0.0,0.0,0.0,3.3157142857142854,26.35,78.82428571428571
North,2017-06-26,2017-07-02,15,0.0,0.0,0.0,7.331428571428572,26.45,78.03999999999999
North,2017-07-03,2017-07-09,15,0.0,0.0,0.0,6.05,25.082857142857144,83.94000000000001
North,2017-07-10,2017-07-16,15,0.0,0.0,0.0,3.68,25.00428571428572,83.38000000000001
North,2017-07-17,2017-07-23,15,0.0,0.0,0.0,9.922857142857142,25.550000000000004,82.64285714285714
North,2017-07-24,2017-07-30,15,0.0,0.0,0.0,4.832857142857144,25.66142857142857,81.24571428571427
North,2017-07-31,2017-08-06,15,0.0,0.0,0.0,11.924285714285714,24.86,86.35571428571428
North,2017-08-07,2017-08-13,15,0.0,0.0,0.0,5.274285714285715,25.548571428571428,79.91
North,2017-08-14,2017-08-20,15,0.0,0.0,0.0,2.4514285714285715,25.037142857142857,84.07000000000001
North,2017-08-21,2017-08-27,15,0.0,0.0,0.0,9.239999999999998,25.232857142857146,83.68142857142855
North,2017-08-28,2017-09-03,15,0.0,0.0,0.0,2.6671428571428573,24.68,84.74714285714286
North,2017-09-04,2017-09-10,15,0.0,0.0,0.0,7.274285714285715,24.927142857142854,82.95
North,2017-09-11,2017-09-17,15,0.0,0.0,0.0,6.388571428571429,25.84857142857143,80.58571428571427
North,2017-09-18,2017-09-24,15,0.0,0.0,0.0,12.141428571428571,25.86142857142857,81.66857142857144
North,2017-09-25,2017-10-01,15,0.0,0.0,0.0,5.694285714285714,25.885714285714283,80.94571428571429
North,2017-10-02,2017-10-08,15,0.0,0.0,0.0,4.338571428571428,26.798571428571428,77.44571428571429
North,2017-10-09,2017-10-15,15,0.0,0.0,0.0,2.6885714285714286,26.518571428571427,78.15571428571427
North,2017-10-16,2017-10-22,15,0.0,0.0,0.0,0.4228571428571429,26.937142857142856,72.81571428571428
North,2017-10-23,2017-10-29,15,0.0,0.0,0.0,0.0,26.697142857142858,67.48285714285716
North,2017-10-30,2017-11-05,15,0.0,0.0,0.0,0.18,26.624285714285715,68.90285714285713
North,2017-11-06,2017-11-12,15,0.0,0.0,0.0,0.0057142857142857,26.91857142857143,57.11000000000001
North,2017-11-13,2017-11-19,15,0.0,0.0,0.0,1.0328571428571427,28.48428571428571,60.99285714285715
North,2017-11-20,2017-11-26,15,0.0,0.0,0.0,0.0,27.185714285714283,53.24285714285713
North,2017-11-27,2017-12-03,15,0.0,0.0,0.0,0.0,26.564285714285717,46.05
North,2017-12-04,2017-12-10,15,0.0,0.0,0.0,0.0,26.54571428571429,40.58571428571428
North,2017-12-11,2017-12-17,15,0.0,0.0,0.0,0.0,27.18,40.89714285714285
North,2017-12-18,2017-12-24,15,0.0,0.0,0.0,0.0,28.17571428571429,35.14714285714285
North,2017-12-25,2017-12-31,15,0.0,0.0,0.0,0.0,26.117142857142856,32.82714285714286
North,2018-01-01,2018-01-07,16,0.0,0.0,0.0,0.0,23.005714285714284,24.18142857142857
North,2018-01-01,2018-12-30,15,0.0,590.0,0.0,3.7326648351648353,27.44370879120879,58.31552197802198
North,2018-01-08,2018-01-14,16,0.0,0.0,0.0,0.0,25.352857142857147,20.92
North,2018-01-15,2018-01-21,16,0.0,0.0,0.0,0.0,25.487142857142857,19.26
North,2018-01-22,2018-01-28,16,0.0,0.0,0.0,0.0,25.187142857142856,24.08428571428572
North,2018-01-29,2018-02-04,16,0.0,0.0,0.0,0.0,26.231428571428573,22.85571428571429
North,2018-02-05,2018-02-11,16,0.0,0.0,0.0,0.0,30.252857142857145,23.87
North,2018-02-12,2018-02-18,16,0.0,0.0,0.0,0.0,30.527142857142856,24.60428571428572
North,2018-02-19,2018-02-25,16,0.0,0.0,0.0,0.3257142857142857,31.335714285714285,35.05857142857143
North,2018-02-26,2018-03-04,16,0.0,0.0,0.0,0.0,30.898571428571437,30.621428571428567
North,2018-03-05,2018-03-11,16,0.0,0.0,0.0,0.0028571428571428,31.66142857142857,31.697142857142858
North,2018-03-12,2018-03-18,16,0.0,0.0,0.0,0.0,32.26714285714285,28.93857142857143
North,2018-03-19,2018-03-25,16,0.0,0.0,0.0,0.3228571428571429,31.37,41.37714285714286
North,2018-03-26,2018-04-01,16,0.0,0.0,0.0,0.0142857142857142,32.72857142857142,26.457142857142856
North,2018-04-02,2018-04-08,16,0.0,0.0,0.0,0.4699999999999999,31.961428571428574,37.901428571428575
North,2018-04-09,2018-04-15,16,0.0,0.0,0.0,0.6357142857142858,31.422857142857143,44.23142857142857
North,2018-04-16,2018-04-22,16,0.0,0.0,0.0,1.6985714285714286,31.11428571428572,52.32571428571429
North,2018-04-23,2018-04-29,16,0.0,0.0,0.0,2.6785714285714284,30.58428571428572,57.54571428571428
North,2018-04-30,2018-05-06,16,0.0,0.0,0.0,3.407142857142857,30.24,61.54
North,2018-05-07,2018-05-13,16,0.0,0.0,0.0,4.135714285714286,28.485714285714284,69.22999999999999
North,2018-05-14,2018-05-20,19,0.0,7.0,0.0,1.7485714285714289,29.542857142857144,61.40000000000001
North,2018-05-14,2018-07-08,4,4.0,38.0,0.0,5.162142857142858,27.701607142857146,71.20500000000001
North,2018-05-18,2018-05-21,1,0.0,2.0,1.0,2.7725,29.375,64.49
North,2018-05-18,2018-05-24,3,0.0,6.0,1.0,3.422857142857143,29.301428571428573,64.55285714285714
North,2018-05-18,2018-06-27,2,0.0,4.0,0.0,4.539756097560976,27.98780487804878,70.14146341463415
North,2018-05-18,2018-07-26,1,0.0,70.0,8.0,7.223428571428571,27.071,74.49042857142857
North,2018-05-18,2018-07-31,1,0.0,75.0,10.0,7.283066666666667,26.9012,75.22600000000001
North,2018-05-18,2018-08-12,1,11.0,96.0,0.0,7.455632183908045,26.619885057471254,76.49218390804597
North,2018-05-18,2018-08-17,1,10.0,111.0,14.0,9.47782608695652,26.51804347826087,76.9579347826087
North,2018-05-18,2018-09-03,1,19.0,179.0,19.0,9.437614678899084,26.174587155963305,78.5137614678899
North,2018-05-18,2018-09-17,1,0.0,28.0,28.0,9.20739837398374,26.054390243902443,79.17227642276421
North,2018-05-18,2018-09-24,1,30.0,291.0,29.0,9.194923076923075,26.06130769230769,79.21523076923077
North,2018-05-18,2018-09-28,1,0.0,34.0,34.0,9.007910447761194,26.06992537313433,79.19828358208954
North,2018-05-18,2018-10-12,1,0.0,35.0,35.0,8.328581081081081,26.11905405405405,79.2343918918919
North,2018-05-18,2018-10-23,1,34.0,501.0,0.0,7.787924528301888,26.15584905660377,79.0433962264151
North,2018-05-18,2018-11-09,1,39.0,558.0,0.0,7.153295454545455,26.232159090909093,78.48880681818181
North,2018-05-18,2020-01-09,2,125.0,2423.0,165.0,4.1821926910299005,26.990066445182723,63.58078073089702
North,2018-05-18,2020-01-20,1,62.0,1212.0,165.0,4.107145187601958,26.968433931484498,63.09323001631321
North,2018-05-18,2020-01-26,1,62.0,1212.0,165.0,4.0673344103392575,26.938513731825523,62.77465266558965
North,2018-05-18,2020-12-16,1,62.0,1212.0,0.0,3.7997987288135593,27.169925847457627,62.08299788135592
North,2018-05-21,2018-05-21,1,0.0,1.0,0.0,1.88,29.89,61.65
North,2018-05-21,2018-05-27,16,0.0,2.0,0.0,5.964285714285714,28.62285714285714,67.38
North,2018-05-28,2018-06-03,16,0.0,0.0,0.0,4.431428571428572,27.79571428571429,72.38285714285715
North,2018-06-04,2018-06-10,16,0.0,2.0,0.0,3.334285714285715,28.8,67.27000000000001
North,2018-06-11,2018-06-17,16,0.0,0.0,0.0,3.294285714285714,28.962857142857143,66.55285714285715
North,2018-06-18,2018-06-24,16,0.0,0.0,0.0,6.805714285714285,25.67142857142857,78.4057142857143
North,2018-06-25,2018-07-01,16,3.0,25.0,0.0,6.08,26.165714285714284,76.80142857142857
North,2018-06-27,2018-06-27,1,0.0,3.0,0.0,2.65,27.38,70.85
North,2018-07-02,2018-07-08,17,2.0,35.0,0.0,9.638571428571428,26.051428571428573,79.44714285714285
North,2018-07-09,2018-07-15,16,1.0,18.0,0.0,8.397142857142857,26.232857142857146,76.64285714285714
North,2018-07-16,2018-07-22,16,4.0,31.0,0.0,19.042857142857144,25.255714285714287,83.54285714285713
North,2018-07-23,2018-07-29,16,1.0,35.0,0.0,6.978571428571428,25.28142857142857,84.67714285714285
North,2018-07-30,2018-08-05,16,0.0,26.0,0.0,7.157142857142857,24.391428571428573,86.22142857142858
North,2018-08-06,2018-08-12,16,3.0,25.0,0.0,10.222857142857142,25.1,83.32000000000001
North,2018-08-13,2018-08-19,16,1.0,35.0,0.0,33.82714285714286,24.64428571428572,85.41428571428571
North,2018-08-20,2018-08-26,16,1.0,49.0,0.0,7.728571428571429,23.924285714285716,88.44857142857143
North,2018-08-27,2018-09-02,16,6.0,30.0,0.0,11.844285714285716,24.69428571428572,85.32571428571428
North,2018-09-03,2018-09-09,16,1.0,25.0,0.0,9.057142857142855,24.515714285714285,87.49714285714286
North,2018-09-10,2018-09-16,16,4.0,93.0,0.0,6.39,25.462857142857143,82.48428571428572
North,2018-09-17,2018-09-23,16,0.0,36.0,0.0,6.518571428571428,26.184285714285718,79.73285714285714
North,2018-09-24,2018-09-30,16,0.0,100.0,0.0,4.882857142857143,26.38714285714285,79.43857142857144
North,2018-10-01,2018-10-07,16,0.0,74.0,0.0,2.112857142857143,26.344285714285714,80.92714285714285
North,2018-10-08,2018-10-14,16,0.0,92.0,0.0,1.0814285714285714,26.57428571428571,77.88714285714285
North,2018-10-12,2018-10-16,1,2.0,2.0,0.0,0.366,26.31,77.14000000000001
North,2018-10-15,2018-10-21,16,0.0,176.0,0.0,0.3757142857142857,26.86714285714286,74.7757142857143
North,2018-10-22,2018-10-28,16,0.0,64.0,0.0,1.8342857142857143,26.555714285714288,78.57000000000001
North,2018-10-23,2018-10-29,1,3.0,36.0,0.0,1.8342857142857143,26.505714285714287,78.44428571428571
North,2018-10-24,2018-11-09,1,5.0,57.0,0.0,1.2176470588235295,26.945882352941176,73.30176470588235
North,2018-10-29,2018-11-04,16,0.0,18.0,0.0,0.5157142857142857,27.297142857142852,70.81142857142858
North,2018-10-31,2018-11-02,1,0.0,17.0,0.0,0.0933333333333333,27.646666666666665,67.37333333333333
North,2018-11-02,2018-11-09,1,0.0,12.0,0.0,1.17125,27.08125,71.31
North,2018-11-05,2018-11-11,16,0.0,54.0,0.0,1.022857142857143,26.99428571428572,66.89142857142858
North,2018-11-12,2018-11-18,16,0.0,58.0,0.0,0.12,27.327142857142857,61.04857142857144
North,2018-11-18,2018-11-23,1,0.0,5.0,0.0,0.0,27.12333333333333,59.715
North,2018-11-19,2018-11-25,16,0.0,44.0,0.0,0.0,27.348571428571425,57.55571428571428
North,2018-11-23,2018-11-28,1,0.0,37.0,4.0,0.0,27.15666666666667,56.26
North,2018-11-26,2018-12-02,16,0.0,16.0,0.0,0.0,26.554285714285715,52.98571428571429
North,2018-12-03,2018-12-09,1,0.0,0.0,0.0,0.0,26.138571428571428,48.28857142857144
North,2018-12-10,2018-12-16,16,0.0,0.0,0.0,0.0,25.880000000000003,40.44285714285714
North,2018-12-17,2018-12-23,16,0.0,0.0,0.0,0.0,24.304285714285715,36.66
North,2018-12-24,2018-12-30,16,0.0,0.0,0.0,0.0,25.085714285714285,36.47714285714286
North,2018-12-31,2019-01-06,16,0.0,4.0,0.0,0.0,25.684285714285718,34.278571428571425
North,2018-12-31,2019-12-29,15,0.0,314.0,0.0,3.455659340659341,27.567747252747253,59.30282967032967
North,2019-01-01,2019-09-29,1,20.0,382.0,0.0,3.944375,28.296360294117648,57.05514705882352
North,2019-01-01,2019-12-31,1,22.0,581.0,0.0,3.446191780821918,27.55868493150685,59.2406301369863
North,2019-01-01,2020-01-26,1,22.0,581.0,0.0,3.217033248081841,27.36514066496164,57.7060358056266
North,2019-01-07,2019-01-13,16,0.0,4.0,0.0,0.0,26.368571428571432,31.47142857142857
North,2019-01-14,2019-01-20,16,0.0,2.0,0.0,0.0,26.74571428571429,24.728571428571428
North,2019-01-21,2019-01-27,16,0.0,2.0,0.0,0.0,29.41857142857143,27.372857142857143
North,2019-01-28,2019-02-03,16,0.0,2.0,0.0,0.0,27.96,24.021428571428576
North,2019-02-04,2019-02-10,16,0.0,0.0,0.0,0.0,27.81571428571428,22.091428571428565
North,2019-02-11,2019-02-17,16,0.0,0.0,0.0,0.0,26.77428571428572,23.925714285714285
North,2019-02-18,2019-02-24,16,0.0,4.0,0.0,0.0,30.382857142857144,29.8
North,2019-02-25,2019-03-03,16,0.0,8.0,0.0,0.0,30.485714285714284,35.98571428571429
North,2019-03-04,2019-03-10,16,0.0,16.0,0.0,0.0,31.965714285714288,27.68142857142857
North,2019-03-11,2019-03-17,16,0.0,36.0,0.0,0.0,32.83142857142857,22.01285714285714
North,2019-03-18,2019-03-24,16,2.0,8.0,0.0,0.0,32.97428571428571,33.56428571428572
North,2019-03-25,2019-03-31,3,0.0,16.0,0.0,0.0,33.638571428571424,25.811428571428568
North,2019-04-01,2019-04-07,2,0.0,2.0,0.0,0.5628571428571428,34.65714285714286,31.13714285714286
North,2019-04-08,2019-04-14,3,0.0,6.0,0.0,0.1257142857142857,33.10285714285715,44.83714285714286
North,2019-04-15,2019-04-21,2,0.0,2.0,0.0,3.9671428571428575,32.738571428571426,40.90285714285714
North,2019-04-22,2019-04-28,3,0.0,14.0,0.0,2.0685714285714285,31.590000000000003,52.66
North,2019-04-29,2019-05-05,2,0.0,10.0,0.0,1.082857142857143,32.18714285714286,51.28285714285715
North,2019-05-01,2019-05-15,1,1.0,7.0,0.0,1.2686666666666668,31.962,50.443333333333335
North,2019-05-06,2019-05-12,2,0.0,4.0,0.0,2.205714285714286,31.357142857142858,53.33571428571428
North,2019-05-13,2019-05-19,16,0.0,0.0,0.0,16.345714285714287,29.741428571428568,63.41571428571428
North,2019-05-20,2019-05-26,2,0.0,6.0,0.0,1.2685714285714285,28.66428571428571,68.42857142857143
North,2019-05-27,2019-06-02,3,0.0,12.0,0.0,2.5685714285714285,27.79,71.04428571428572
North,2019-06-03,2019-06-09,3,0.0,12.0,0.0,18.67142857142857,26.44,79.95
North,2019-06-10,2019-06-16,1,0.0,5.0,0.0,3.672857142857143,27.428571428571427,76.17285714285715
North,2019-06-17,2019-06-23,2,14.0,14.0,0.0,1.7842857142857145,28.302857142857142,69.70571428571428
North,2019-06-24,2019-06-30,2,0.0,52.0,0.0,6.159999999999999,26.23,78.71428571428571
North,2019-07-01,2019-07-07,5,2.0,28.0,0.0,5.65142857142857,27.27142857142857,76.69428571428571
North,2019-07-08,2019-07-14,5,0.0,28.0,0.0,22.872857142857143,24.56857142857143,84.83142857142857
North,2019-07-15,2019-07-21,5,0.0,24.0,0.0,7.981428571428572,25.41,84.22428571428573
North,2019-07-22,2019-07-28,4,0.0,38.0,0.0,5.127142857142857,25.56428571428572,83.59571428571428
North,2019-07-29,2019-08-04,5,0.0,36.0,0.0,5.897142857142859,25.357142857142858,85.05285714285715
North,2019-08-05,2019-08-11,4,2.0,44.0,0.0,5.181428571428571,24.39428571428572,86.74285714285713
North,2019-08-12,2019-08-18,3,0.0,10.0,0.0,3.451428571428571,24.93142857142857,82.56285714285714
North,2019-08-19,2019-08-25,3,0.0,8.0,0.0,7.369999999999999,24.52142857142857,84.53142857142858
North,2019-08-26,2019-09-01,2,0.0,4.0,0.0,7.561428571428571,24.638571428571428,84.86285714285714
North,2019-09-02,2019-09-08,5,3.0,28.0,0.0,5.658571428571428,25.31142857142857,83.89428571428572
North,2019-09-09,2019-09-15,4,0.0,16.0,0.0,4.827142857142857,25.382857142857144,81.62857142857142
North,2019-09-16,2019-09-22,3,0.0,20.0,0.0,6.947142857142857,26.11428571428572,80.50857142857141
North,2019-09-23,2019-09-29,5,0.0,30.0,0.0,4.255714285714285,26.438571428571432,78.96428571428571
North,2019-09-30,2019-10-06,2,0.0,12.0,0.0,6.917142857142856,25.16,83.90714285714286
North,2019-10-07,2019-10-13,6,0.0,42.0,0.0,7.081428571428573,24.88714285714286,85.33142857142857
North,2019-10-14,2019-10-20,1,0.0,14.0,0.0,5.19,25.175714285714285,82.88857142857144
North,2019-10-21,2019-10-27,1,0.0,8.0,0.0,7.208571428571429,24.96428571428572,85.09
North,2019-10-28,2019-11-03,7,0.0,24.0,0.0,0.03,26.18857142857143,77.38714285714286
North,2019-11-04,2019-11-10,1,0.0,21.0,0.0,0.0,26.048571428571424,72.55999999999999
North,2019-11-11,2019-11-17,5,0.0,148.0,0.0,0.0,26.26571428571429,68.84
North,2019-11-18,2019-11-24,1,0.0,7.0,0.0,0.0,26.25857142857143,65.12285714285714
North,2019-11-25,2019-12-01,2,0.0,20.0,0.0,0.0,25.321428571428573,60.43857142857143
North,2019-12-02,2019-12-08,1,0.0,0.0,0.0,0.0,25.13142857142857,50.76857142857143
North,2019-12-09,2019-12-15,2,0.0,10.0,0.0,0.0,25.012857142857143,42.59142857142857
North,2019-12-16,2019-12-22,1,0.0,2.0,0.0,0.0,25.392857142857142,47.91142857142857
North,2019-12-16,2020-01-20,1,0.0,0.0,0.0,0.0,24.91583333333333,39.95055555555555
North,2019-12-16,2020-01-26,1,0.0,0.0,0.0,0.0,24.76809523809524,38.56142857142857
North,2019-12-23,2019-12-29,1,0.0,0.0,0.0,0.0,24.53571428571429,38.48285714285714
North,2019-12-24,2020-01-09,1,0.0,0.0,0.0,0.0,24.164705882352937,38.94823529411765
North,2021-01-01,2021-10-03,1,0.0,1.0,0.0,3.6006521739130437,27.953260869565216,56.24173913043479
North,2021-10-25,2022-07-03,1,2.0,50.0,0.0,1.6644047619047615,28.29440476190476,46.18460317460317
North,2022-01-03,2022-07-03,1,0.0,18.0,0.0,2.2540109890109887,28.665384615384617,44.668791208791205
North,2022-02-07,2022-02-13,1,0.0,0.0,0.0,0.0,26.922857142857143,20.215714285714284
North,2022-02-14,2022-02-20,1,0.0,0.0,0.0,0.0,28.36428571428571,18.56571428571429
North,2022-02-21,2022-02-27,1,0.0,0.0,0.0,0.0,28.43,17.768571428571423
North,2022-02-28,2022-03-06,1,0.0,1.0,0.0,0.0,31.24142857142857,22.374285714285715
North,2022-03-21,2022-03-27,1,0.0,0.0,0.0,0.0,32.29285714285714,22.615714285714287
North,2022-03-28,2022-04-03,1,0.0,0.0,0.0,0.0014285714285714,31.967142857142857,17.815714285714286
North,2022-04-04,2022-04-10,1,0.0,0.0,0.0,1.3757142857142857,32.887142857142855,44.387142857142855
North-West,2010-01-04,2010-01-10,18,0.0,0.0,0.0,1.8228571428571427,20.52285714285714,62.10857142857143
North-West,2010-01-11,2010-01-17,18,0.0,0.0,0.0,0.4542857142857142,20.95,63.77571428571429
North-West,2010-01-18,2010-01-24,18,0.0,0.0,0.0,0.1742857142857143,21.307142857142857,59.97571428571428
North-West,2010-01-25,2010-01-31,18,0.0,0.0,0.0,1.0614285714285714,22.47285714285714,69.0842857142857
North-West,2010-02-01,2010-02-07,18,0.0,0.0,0.0,2.2871428571428574,21.638571428571428,67.36
North-West,2010-02-08,2010-02-14,18,0.0,0.0,0.0,1.852857142857143,21.76,69.53857142857143
North-West,2010-02-15,2010-02-21,18,0.0,0.0,0.0,0.35,22.115714285714287,80.26428571428572
North-West,2010-02-22,2010-02-28,18,0.0,0.0,0.0,2.1742857142857144,22.384285714285717,81.28714285714285
North-West,2010-03-01,2010-03-07,18,0.0,0.0,0.0,1.1242857142857143,23.052857142857142,71.58571428571427
North-West,2010-03-08,2010-03-14,18,0.0,0.0,0.0,6.524285714285715,22.24,83.68142857142857
North-West,2010-03-15,2010-03-21,18,0.0,0.0,0.0,4.492857142857143,21.85428571428572,81.17999999999999
North-West,2010-03-22,2010-03-28,18,0.0,0.0,0.0,0.4014285714285714,21.85428571428572,64.64
North-West,2010-03-29,2010-04-04,18,0.0,0.0,0.0,1.012857142857143,22.715714285714288,73.74428571428572
North-West,2010-04-05,2010-04-11,18,0.0,0.0,0.0,5.812857142857142,22.222857142857144,81.06714285714285
North-West,2010-04-12,2010-04-18,18,0.0,0.0,0.0,7.008571428571428,22.962857142857143,82.76857142857143
North-West,2010-04-19,2010-04-25,18,0.0,0.0,0.0,7.795714285714285,22.145714285714284,86.82000000000001
North-West,2010-04-26,2010-05-02,18,0.0,0.0,0.0,3.798571428571429,21.374285714285712,88.16142857142857
North-West,2010-05-03,2010-05-09,18,0.0,0.0,0.0,6.727142857142857,21.72,88.19714285714285
North-West,2010-05-06,2010-12-31,1,1.0,1.0,0.0,6.429,20.08475,86.72433333333332
North-West,2010-05-10,2010-05-16,18,0.0,0.0,0.0,4.697142857142857,21.907142857142865,87.48857142857143
North-West,2010-05-17,2010-05-23,18,0.0,0.0,0.0,6.572857142857143,21.73857142857143,85.85857142857142
North-West,2010-05-24,2010-05-30,18,0.0,0.0,0.0,2.81,22.38714285714286,83.96571428571428
North-West,2010-05-31,2010-06-06,18,0.0,0.0,0.0,8.951428571428572,20.40857142857143,90.7585714285714
North-West,2010-06-07,2010-06-13,18,0.0,0.0,0.0,1.61,21.515714285714285,83.63857142857144
North-West,2010-06-14,2010-06-20,18,0.0,0.0,0.0,7.449999999999998,20.658571428571427,88.48857142857143
North-West,2010-06-21,2010-06-27,18,0.0,0.0,0.0,10.908571428571433,20.335714285714285,87.54285714285713
North-West,2010-06-28,2010-07-04,18,0.0,0.0,0.0,7.091428571428572,20.18857142857143,88.70285714285714
North-West,2010-07-05,2010-07-11,18,0.0,0.0,0.0,11.414285714285713,19.575714285714287,91.06857142857145
North-West,2010-07-12,2010-07-18,18,0.0,0.0,0.0,6.344285714285713,19.97142857142857,89.06000000000002
North-West,2010-07-19,2010-07-25,18,0.0,0.0,0.0,16.75,18.53428571428572,91.68285714285716
North-West,2010-07-26,2010-08-01,18,0.0,0.0,0.0,4.088571428571428,19.35,92.15142857142858
North-West,2010-08-02,2010-08-08,18,0.0,0.0,0.0,11.25,19.65714285714285,92.94142857142856
North-West,2010-08-09,2010-08-15,18,0.0,0.0,0.0,8.36857142857143,19.118571428571432,90.62714285714286
North-West,2010-08-16,2010-08-22,18,0.0,0.0,0.0,10.622857142857145,19.612857142857145,91.72571428571428
North-West,2010-08-23,2010-08-29,18,0.0,0.0,0.0,5.86,19.54142857142857,92.12428571428572
North-West,2010-08-30,2010-09-05,18,0.0,0.0,0.0,5.221428571428572,19.52428571428572,92.07
North-West,2010-09-06,2010-09-12,18,0.0,0.0,0.0,6.924285714285714,18.957142857142856,91.98285714285714
North-West,2010-09-13,2010-09-19,18,0.0,0.0,0.0,5.607142857142857,19.90714285714285,89.15285714285714
North-West,2010-09-20,2010-09-26,18,0.0,0.0,0.0,17.912857142857145,19.18,92.38857142857144
North-West,2010-09-27,2010-10-03,18,0.0,0.0,0.0,6.372857142857143,19.78142857142857,92.06857142857145
North-West,2010-10-04,2010-10-10,18,0.0,0.0,0.0,7.352857142857142,20.092857142857135,89.01285714285713
North-West,2010-10-11,2010-10-17,18,0.0,0.0,0.0,8.015714285714285,20.05142857142857,88.95
North-West,2010-10-18,2010-10-24,18,0.0,0.0,0.0,9.8,19.33,92.77857142857142
North-West,2010-10-25,2010-10-31,18,0.0,0.0,0.0,12.041428571428572,19.978571428571428,91.02428571428572
North-West,2010-11-01,2010-11-07,18,0.0,0.0,0.0,5.71,19.952857142857145,89.49714285714286
North-West,2010-11-08,2010-11-14,18,0.0,0.0,0.0,2.46,20.52142857142857,85.56142857142858
North-West,2010-11-15,2010-11-21,18,0.0,0.0,0.0,1.8257142857142856,20.354285714285712,84.47000000000001
North-West,2010-11-22,2010-11-28,18,0.0,0.0,0.0,0.9057142857142856,20.12142857142857,84.6842857142857
North-West,2010-11-29,2010-12-05,18,0.0,0.0,0.0,0.927142857142857,20.40714285714285,75.88714285714285
North-West,2010-12-01,2011-07-31,1,9.0,143.0,0.0,3.799341563786008,20.7598353909465,79.56514403292182
North-West,2010-12-06,2010-12-12,18,0.0,0.0,0.0,0.0228571428571428,19.65714285714285,69.15
North-West,2010-12-13,2010-12-19,18,0.0,0.0,0.0,0.0685714285714285,20.04,69.65142857142857
North-West,2010-12-20,2010-12-26,18,0.0,0.0,0.0,1.0571428571428572,19.794285714285717,67.05857142857143
North-West,2010-12-27,2011-01-02,18,0.0,0.0,0.0,0.0042857142857142,19.89428571428571,68.23571428571428
North-West,2011-01-01,2011-09-22,11,20.0,284.0,0.0,6.3770566037735845,20.524150943396226,83.206
North-West,2011-01-03,2011-01-09,18,0.0,0.0,0.0,0.0114285714285714,19.74285714285714,67.68857142857142
North-West,2011-01-10,2011-01-16,18,0.0,0.0,0.0,0.0,19.197142857142858,60.43857142857144
North-West,2011-01-17,2011-01-23,18,0.0,0.0,0.0,0.0414285714285714,20.361428571428576,61.94428571428572
North-West,2011-01-24,2011-01-30,18,0.0,0.0,0.0,0.0328571428571428,21.12,58.20428571428571
North-West,2011-01-31,2011-02-06,18,0.0,0.0,0.0,0.6428571428571427,21.287142857142857,75.39714285714285
North-West,2011-02-07,2011-02-13,18,0.0,0.0,0.0,0.3314285714285714,21.29285714285714,71.34714285714287
North-West,2011-02-14,2011-02-20,18,0.0,0.0,0.0,2.651428571428572,21.360000000000003,80.94142857142856
North-West,2011-02-21,2011-02-27,18,0.0,0.0,0.0,3.031428571428571,20.75857142857143,79.97142857142856
North-West,2011-02-28,2011-03-06,18,0.0,0.0,0.0,2.58,21.34142857142857,80.46285714285715
North-West,2011-03-07,2011-03-13,18,0.0,0.0,0.0,0.3942857142857142,22.360000000000003,70.71857142857142
North-West,2011-03-14,2011-03-20,18,0.0,0.0,0.0,0.7585714285714286,22.118571428571425,74.94142857142857
North-West,2011-03-21,2011-03-27,18,0.0,1.0,0.0,3.5842857142857136,21.35142857142857,81.97285714285715
North-West,2011-03-28,2011-04-03,18,0.0,0.0,0.0,2.737142857142857,21.47857142857143,81.94000000000001
North-West,2011-04-04,2011-04-10,18,0.0,0.0,0.0,3.108571428571429,21.32,80.05999999999999
North-West,2011-04-11,2011-04-17,18,0.0,0.0,0.0,3.7714285714285714,21.947142857142858,80.34857142857143
North-West,2011-04-18,2011-04-24,18,0.0,0.0,0.0,6.632857142857143,21.81714285714286,86.43714285714285
North-West,2011-04-25,2011-05-01,18,0.0,2.0,0.0,3.8228571428571434,21.377142857142854,86.94714285714288
North-West,2011-05-02,2011-05-08,18,1.0,4.0,0.0,7.128571428571429,21.73428571428571,86.57571428571428
North-West,2011-05-09,2011-05-15,18,5.0,45.0,0.0,5.321428571428571,21.417142857142856,87.38857142857144
North-West,2011-05-16,2011-05-22,18,1.0,20.0,0.0,5.951428571428571,21.37714285714286,88.42
North-West,2011-05-23,2011-05-29,18,0.0,3.0,0.0,6.567142857142857,20.632857142857144,88.73571428571428
North-West,2011-05-30,2011-06-05,18,0.0,0.0,0.0,8.262857142857142,21.024285714285718,89.46285714285715
North-West,2011-06-06,2011-06-12,18,0.0,0.0,0.0,3.377142857142857,20.865714285714287,87.36571428571428
North-West,2011-06-13,2011-06-19,18,1.0,28.0,0.0,10.662857142857144,21.07,88.14857142857144
North-West,2011-06-20,2011-06-26,18,1.0,17.0,0.0,7.511428571428572,19.842857142857145,90.75
North-West,2011-06-27,2011-07-03,18,0.0,13.0,0.0,6.952857142857142,19.897142857142857,89.0442857142857
North-West,2011-07-04,2011-07-10,18,0.0,1.0,0.0,7.951428571428571,20.132857142857144,90.02285714285715
North-West,2011-07-11,2011-07-17,18,0.0,4.0,0.0,8.931428571428572,19.17142857142857,89.40000000000002
North-West,2011-07-18,2011-07-24,18,0.0,1.0,0.0,10.572857142857142,20.091428571428573,88.59
North-West,2011-07-25,2011-07-31,18,0.0,0.0,0.0,7.022857142857142,19.22571428571428,90.99142857142856
North-West,2011-08-01,2011-08-07,18,0.0,0.0,0.0,17.751428571428573,19.504285714285714,92.23571428571428
North-West,2011-08-01,2012-06-11,1,0.0,0.0,0.0,5.588132911392405,20.460253164556963,80.18924050632911
North-West,2011-08-08,2011-08-14,18,0.0,0.0,0.0,13.844285714285714,18.708571428571428,92.72142857142856
North-West,2011-08-15,2011-08-21,18,0.0,0.0,0.0,13.452857142857145,19.15571428571429,91.25
North-West,2011-08-22,2011-08-28,18,0.0,0.0,0.0,13.045714285714286,19.291428571428572,91.78428571428572
North-West,2011-08-29,2011-09-04,18,0.0,0.0,0.0,17.18857142857143,18.888571428571428,91.53428571428572
North-West,2011-09-05,2011-09-11,18,0.0,0.0,0.0,11.164285714285716,19.018571428571427,92.6185714285714
North-West,2011-09-12,2011-09-18,18,0.0,0.0,0.0,19.75857142857143,18.71285714285714,93.58285714285716
North-West,2011-09-19,2011-09-25,18,0.0,0.0,0.0,8.255714285714287,19.807142857142857,88.18142857142857
North-West,2011-09-23,2011-12-11,1,0.0,0.0,0.0,5.97575,19.8925,81.873875
North-West,2011-09-26,2011-10-02,18,0.0,2.0,0.0,15.012857142857143,19.377142857142854,92.02428571428572
North-West,2011-10-03,2011-10-09,18,0.0,0.0,0.0,8.871428571428572,20.2,90.20857142857145
North-West,2011-10-10,2011-10-16,18,0.0,0.0,0.0,16.678571428571427,19.821428571428573,92.22714285714284
North-West,2011-10-17,2011-10-23,18,0.0,0.0,0.0,12.78,20.21142857142857,89.49285714285713
North-West,2011-10-24,2011-10-30,18,0.0,0.0,0.0,7.012857142857143,19.96,87.70142857142856
North-West,2011-10-31,2011-11-06,18,0.0,0.0,0.0,2.5785714285714287,19.845714285714283,88.61
North-West,2011-11-07,2011-11-13,18,0.0,0.0,0.0,1.7957142857142858,20.512857142857143,82.04142857142857
North-West,2011-11-14,2011-11-20,18,0.0,0.0,0.0,0.0099999999999999,20.428571428571438,80.77714285714286
North-West,2011-11-21,2011-11-27,18,0.0,0.0,0.0,0.1614285714285714,19.747142857142855,75.07571428571428
North-West,2011-11-28,2011-12-04,18,0.0,0.0,0.0,0.0,19.00142857142857,59.901428571428575
North-West,2011-12-05,2011-12-11,18,0.0,0.0,0.0,0.0014285714285714,19.56571428571429,60.41571428571428
North-West,2011-12-12,2011-12-18,18,0.0,0.0,0.0,0.0185714285714285,19.47,63.167142857142856
North-West,2011-12-19,2011-12-25,18,0.0,0.0,0.0,0.0028571428571428,19.965714285714284,62.970000000000006
North-West,2011-12-26,2012-01-01,18,0.0,0.0,0.0,0.0557142857142857,20.178571428571427,67.08714285714287
North-West,2012-01-02,2012-01-08,18,0.0,0.0,0.0,0.0357142857142857,20.147142857142857,57.69142857142857
North-West,2012-01-09,2012-01-15,18,0.0,0.0,0.0,0.0485714285714285,20.567142857142866,60.90285714285714
North-West,2012-01-16,2012-01-22,18,0.0,0.0,0.0,0.0371428571428571,20.85,66.3457142857143
North-West,2012-01-23,2012-01-29,18,0.0,0.0,0.0,0.0242857142857142,21.58285714285714,68.19571428571429
North-West,2012-01-30,2012-02-05,18,0.0,0.0,0.0,0.2157142857142857,21.422857142857143,67.59285714285714
North-West,2012-02-06,2012-02-12,18,0.0,0.0,0.0,1.0042857142857142,20.90857142857143,74.68142857142857
North-West,2012-02-13,2012-02-19,18,0.0,0.0,0.0,1.4457142857142855,21.428571428571423,79.61857142857143
North-West,2012-02-20,2012-02-26,18,0.0,0.0,0.0,3.3685714285714283,21.4,78.95428571428572
North-West,2012-02-27,2012-03-04,18,0.0,0.0,0.0,0.3142857142857143,21.58285714285714,79.05142857142857
North-West,2012-03-05,2012-03-11,18,0.0,1.0,0.0,0.2971428571428572,21.435714285714283,77.43571428571428
North-West,2012-03-12,2012-03-18,18,0.0,0.0,0.0,0.2714285714285714,22.467142857142854,66.82428571428572
North-West,2012-03-19,2012-03-25,18,0.0,0.0,0.0,0.0,22.304285714285715,63.35285714285715
North-West,2012-03-26,2012-04-01,18,0.0,0.0,0.0,4.411428571428571,21.99,77.11714285714287
North-West,2012-04-02,2012-04-08,18,0.0,0.0,0.0,3.651428571428572,21.76571428571429,85.50428571428573
North-West,2012-04-09,2012-04-15,18,0.0,0.0,0.0,6.491428571428571,21.56857142857143,86.11428571428573
North-West,2012-04-16,2012-04-22,18,0.0,0.0,0.0,10.977142857142857,20.91857142857143,88.41
North-West,2012-04-23,2012-04-29,18,0.0,0.0,0.0,3.28,21.960000000000004,83.04285714285713
North-West,2012-04-30,2012-05-06,18,0.0,0.0,0.0,3.4514285714285715,21.301428571428573,87.53142857142858
North-West,2012-05-07,2012-05-13,18,0.0,0.0,0.0,5.411428571428572,20.72714285714286,86.58857142857143
North-West,2012-05-14,2012-05-20,18,0.0,0.0,0.0,5.801428571428572,21.165714285714284,85.56571428571428
North-West,2012-05-21,2012-05-27,18,0.0,0.0,0.0,5.437142857142857,20.767142857142854,88.11571428571428
North-West,2012-05-28,2012-06-03,18,0.0,0.0,0.0,9.825714285714286,20.344285714285714,87.09857142857142
North-West,2012-06-04,2012-06-10,18,0.0,0.0,0.0,6.589999999999999,20.734285714285715,85.35857142857141
North-West,2012-06-11,2012-06-17,18,0.0,0.0,0.0,8.512857142857142,20.46142857142857,87.33714285714284
North-West,2012-06-18,2012-06-24,18,0.0,0.0,0.0,13.874285714285715,20.00714285714286,88.57142857142857
North-West,2012-06-25,2012-07-01,18,0.0,0.0,0.0,17.725714285714286,19.24,90.33571428571427
North-West,2012-07-02,2012-07-08,18,0.0,0.0,0.0,10.558571428571428,18.562857142857144,92.29
North-West,2012-07-09,2012-07-15,18,0.0,0.0,0.0,9.077142857142857,18.96,92.86
North-West,2012-07-16,2012-07-22,18,0.0,0.0,0.0,6.807142857142857,19.54,91.48571428571428
North-West,2012-07-23,2012-07-29,18,0.0,0.0,0.0,2.6357142857142857,18.821428571428573,92.37571428571428
North-West,2012-07-30,2012-08-05,18,0.0,0.0,0.0,15.11,18.93857142857143,93.3457142857143
North-West,2012-08-06,2012-08-12,18,0.0,0.0,0.0,8.147142857142857,18.67571428571429,93.78142857142858
North-West,2012-08-13,2012-08-19,18,0.0,0.0,0.0,10.997142857142858,18.85,92.8157142857143
North-West,2012-08-20,2012-08-26,18,0.0,0.0,0.0,11.23,18.845714285714283,90.68857142857142
North-West,2012-08-27,2012-09-02,18,0.0,0.0,0.0,20.142857142857142,18.935714285714287,93.65285714285712
North-West,2012-09-03,2012-09-09,18,0.0,0.0,0.0,13.87,18.37142857142857,93.18571428571428
North-West,2012-09-10,2012-09-16,18,0.0,0.0,0.0,14.661428571428573,18.97714285714286,92.0942857142857
North-West,2012-09-17,2012-09-23,18,0.0,0.0,0.0,9.010000000000002,19.527142857142856,90.5085714285714
North-West,2012-09-24,2012-09-30,18,0.0,0.0,0.0,11.881428571428572,19.802857142857142,90.3785714285714
North-West,2012-10-01,2012-10-07,18,0.0,0.0,0.0,22.461428571428574,19.68285714285714,91.8
North-West,2012-10-08,2012-10-14,18,0.0,0.0,0.0,8.797142857142857,19.87714285714286,89.28285714285714
North-West,2012-10-15,2012-10-21,18,0.0,0.0,0.0,9.392857142857142,20.19571428571428,90.69
North-West,2012-10-22,2012-10-28,18,0.0,0.0,0.0,8.772857142857143,19.947142857142858,88.05428571428573
North-West,2012-10-29,2012-11-04,18,0.0,0.0,0.0,6.164285714285714,20.502857142857145,85.58571428571429
North-West,2012-11-05,2012-11-11,18,0.0,0.0,0.0,8.684285714285714,19.87142857142857,88.93142857142858
North-West,2012-11-12,2012-11-18,18,0.0,0.0,0.0,0.9514285714285714,20.695714285714285,84.89142857142858
North-West,2012-11-19,2012-11-25,18,0.0,0.0,0.0,1.5071428571428571,20.777142857142856,83.6842857142857
North-West,2012-11-26,2012-12-02,18,0.0,0.0,0.0,1.2757142857142856,20.735714285714288,81.38857142857144
North-West,2012-12-03,2012-12-09,18,0.0,0.0,0.0,0.7157142857142856,20.732857142857146,80.56571428571428
North-West,2012-12-10,2012-12-16,18,0.0,0.0,0.0,0.0042857142857142,20.497142857142855,68.99142857142856
North-West,2012-12-17,2012-12-23,18,0.0,0.0,0.0,0.0,20.187142857142856,70.04285714285714
North-West,2012-12-24,2012-12-30,18,0.0,0.0,0.0,0.0314285714285714,19.638571428571428,67.98714285714286
North-West,2012-12-31,2013-01-06,18,0.0,0.0,0.0,0.1228571428571428,20.868571428571425,67.08000000000001
North-West,2013-01-07,2013-01-13,18,0.0,0.0,0.0,0.0214285714285714,20.56,64.24571428571429
North-West,2013-01-14,2013-01-20,18,0.0,0.0,0.0,0.0471428571428571,21.74857142857143,71.45857142857143
North-West,2013-01-21,2013-01-27,18,0.0,0.0,0.0,0.6928571428571428,21.88714285714285,78.84
North-West,2013-01-28,2013-02-03,18,0.0,0.0,0.0,0.3485714285714286,20.56714285714286,66.06571428571428
North-West,2013-02-04,2013-02-10,18,0.0,0.0,0.0,0.0971428571428571,22.075714285714287,63.37
North-West,2013-02-11,2013-02-17,18,0.0,0.0,0.0,0.5171428571428571,21.927142857142854,78.12714285714286
North-West,2013-02-18,2013-02-24,18,0.0,1.0,0.0,0.7214285714285714,22.454285714285717,73.48
North-West,2013-02-25,2013-03-03,18,0.0,0.0,0.0,1.2371428571428569,22.55,79.11714285714287
North-West,2013-03-04,2013-03-10,18,0.0,0.0,0.0,3.3628571428571425,21.95142857142857,84.15285714285713
North-West,2013-03-11,2013-03-17,18,0.0,0.0,0.0,5.957142857142857,21.645714285714288,81.51428571428572
North-West,2013-03-18,2013-03-24,18,0.0,0.0,0.0,3.268571428571428,21.654285714285717,83.33999999999999
North-West,2013-03-25,2013-03-31,18,0.0,0.0,0.0,3.948571428571429,21.092857142857135,84.76142857142858
North-West,2013-04-01,2013-04-07,18,0.0,0.0,0.0,1.5585714285714285,21.895714285714288,82.51714285714286
North-West,2013-04-08,2013-04-14,18,0.0,0.0,0.0,5.625714285714286,21.524285714285718,84.50428571428571
North-West,2013-04-15,2013-04-21,18,0.0,0.0,0.0,3.567142857142857,21.094285714285714,85.84714285714287
North-West,2013-04-22,2013-04-28,18,0.0,0.0,0.0,4.547142857142857,21.10714285714285,85.96285714285715
North-West,2013-04-29,2013-05-05,18,0.0,1.0,0.0,3.6957142857142857,21.59857142857143,84.60285714285713
North-West,2013-05-06,2013-05-12,18,0.0,0.0,0.0,3.782857142857143,21.052857142857142,87.05142857142859
North-West,2013-05-13,2013-05-19,18,0.0,0.0,0.0,5.087142857142857,21.398571428571422,84.60142857142857
North-West,2013-05-20,2013-05-26,18,0.0,0.0,0.0,4.251428571428572,21.38,86.43857142857142
North-West,2013-05-27,2013-06-02,18,0.0,0.0,0.0,8.732857142857144,20.997142857142855,86.03142857142858
North-West,2013-06-03,2013-06-09,18,0.0,0.0,0.0,4.715714285714285,20.678571428571427,86.30142857142857
North-West,2013-06-10,2013-06-16,18,0.0,0.0,0.0,4.564285714285715,20.767142857142854,87.47857142857143
North-West,2013-06-17,2013-06-23,18,0.0,0.0,0.0,7.122857142857143,20.197142857142858,90.6
North-West,2013-06-24,2013-06-30,18,0.0,0.0,0.0,10.94285714285714,19.54,90.94571428571427
North-West,2013-07-01,2013-07-07,18,0.0,0.0,0.0,11.12,19.172857142857143,91.91428571428573
North-West,2013-07-08,2013-07-14,18,0.0,0.0,0.0,8.537142857142857,19.46857142857143,87.92714285714284
North-West,2013-07-15,2013-07-21,18,0.0,0.0,0.0,6.605714285714285,19.217142857142854,91.04
North-West,2013-07-22,2013-07-28,18,0.0,0.0,0.0,5.091428571428572,19.11142857142857,91.45142857142856
North-West,2013-07-29,2013-08-04,18,0.0,0.0,0.0,4.962857142857144,18.5,91.74285714285716
North-West,2013-08-05,2013-08-11,18,0.0,0.0,0.0,7.337142857142858,18.821428571428573,92.49285714285716
North-West,2013-08-12,2013-08-18,18,0.0,0.0,0.0,5.844285714285715,18.87857142857143,91.38
North-West,2013-08-19,2013-08-25,18,0.0,0.0,0.0,11.997142857142858,19.19,89.97714285714285
North-West,2013-08-26,2013-09-01,18,0.0,0.0,0.0,13.95142857142857,19.027142857142856,92.42857142857144
North-West,2013-09-02,2013-09-08,18,0.0,0.0,0.0,10.355714285714283,19.068571428571428,90.40285714285714
North-West,2013-09-09,2013-09-15,18,0.0,0.0,0.0,9.444285714285714,19.297142857142852,89.46571428571428
North-West,2013-09-16,2013-09-22,18,0.0,0.0,0.0,7.355714285714285,20.26571428571429,90.32714285714285
North-West,2013-09-23,2013-09-29,18,0.0,0.0,0.0,6.127142857142857,19.692857142857143,87.46571428571428
North-West,2013-09-30,2013-10-06,18,0.0,0.0,0.0,10.672857142857142,19.592857142857145,90.15571428571428
North-West,2013-10-07,2013-10-13,18,0.0,0.0,0.0,7.644285714285713,19.452857142857145,91.34285714285714
North-West,2013-10-14,2013-10-20,18,0.0,0.0,0.0,6.931428571428572,20.26,87.75142857142858
North-West,2013-10-21,2013-10-27,18,0.0,0.0,0.0,6.324285714285714,20.005714285714284,84.88142857142857
North-West,2013-10-28,2013-11-03,18,0.0,0.0,0.0,2.204285714285714,20.572857142857146,84.18999999999998
North-West,2013-11-04,2013-11-10,18,0.0,0.0,0.0,3.484285714285714,20.255714285714287,78.95142857142856
North-West,2013-11-11,2013-11-17,18,0.0,0.0,0.0,7.905714285714287,20.032857142857143,85.41285714285716
North-West,2013-11-18,2013-11-24,18,0.0,0.0,0.0,1.9285714285714288,20.608571428571427,86.09714285714287
North-West,2013-11-25,2013-12-01,18,0.0,0.0,0.0,0.1585714285714285,20.824285714285715,80.05
North-West,2013-12-02,2013-12-08,18,0.0,0.0,0.0,2.875714285714286,20.585714285714285,85.77428571428571
North-West,2013-12-09,2013-12-15,18,0.0,0.0,0.0,0.7071428571428572,19.162857142857145,80.55571428571429
North-West,2013-12-16,2013-12-22,18,0.0,0.0,0.0,0.0,19.172857142857143,65.33571428571429
North-West,2013-12-23,2013-12-29,18,0.0,0.0,0.0,0.3014285714285714,20.934285714285718,66.36714285714287
North-West,2013-12-30,2014-01-05,19,0.0,0.0,0.0,0.0014285714285714,20.15428571428572,62.33428571428571
North-West,2014-01-06,2014-01-12,19,0.0,0.0,0.0,0.0,20.23,60.06285714285714
North-West,2014-01-13,2014-01-19,19,0.0,0.0,0.0,0.0314285714285714,21.00142857142857,61.038571428571416
North-West,2014-01-20,2014-01-26,19,0.0,0.0,0.0,0.0699999999999999,21.237142857142857,64.65142857142857
North-West,2014-01-27,2014-02-02,19,0.0,0.0,0.0,0.3871428571428571,21.302857142857142,81.13142857142857
North-West,2014-02-03,2014-02-09,19,0.0,0.0,0.0,0.0,21.478571428571428,58.8657142857143
North-West,2014-02-10,2014-02-16,19,0.0,0.0,0.0,0.1028571428571428,21.12714285714286,57.30571428571428
North-West,2014-02-17,2014-02-23,19,0.0,0.0,0.0,0.01,22.304285714285708,60.22428571428571
North-West,2014-02-24,2014-03-02,19,0.0,0.0,0.0,3.0971428571428574,21.42142857142857,82.09714285714287
North-West,2014-03-03,2014-03-09,19,0.0,0.0,0.0,1.1728571428571428,21.55857142857143,79.58571428571427
North-West,2014-03-10,2014-03-16,19,0.0,0.0,0.0,2.085714285714286,21.982857142857146,71.65142857142857
North-West,2014-03-17,2014-03-23,19,0.0,0.0,0.0,1.1528571428571428,22.46,80.52571428571427
North-West,2014-03-24,2014-03-30,19,0.0,0.0,0.0,4.814285714285715,21.018571428571427,86.68571428571428
North-West,2014-03-31,2014-04-06,19,0.0,0.0,0.0,2.335714285714286,22.185714285714283,82.49
North-West,2014-04-07,2014-04-13,19,0.0,0.0,0.0,3.212857142857142,21.33285714285714,86.34285714285714
North-West,2014-04-14,2014-04-20,19,0.0,0.0,0.0,6.664285714285714,21.49,85.24142857142859
North-West,2014-04-21,2014-04-27,19,0.0,0.0,0.0,7.07,21.035714285714285,88.73714285714286
North-West,2014-04-28,2014-05-04,19,0.0,0.0,0.0,7.795714285714285,21.48142857142857,85.40714285714286
North-West,2014-05-05,2014-05-11,19,0.0,0.0,0.0,9.28,21.35,86.63714285714286
North-West,2014-05-12,2014-05-18,19,0.0,0.0,0.0,3.032857142857143,21.501428571428573,81.75999999999999
North-West,2014-05-19,2014-05-25,19,0.0,0.0,0.0,1.9842857142857144,21.95,84.01142857142857
North-West,2014-05-26,2014-06-01,19,0.0,0.0,0.0,3.9957142857142856,21.417142857142856,85.57285714285715
North-West,2014-06-02,2014-06-08,19,0.0,0.0,0.0,4.504285714285714,21.228571428571428,85.23714285714286
North-West,2014-06-09,2014-06-15,19,0.0,0.0,0.0,4.950000000000001,21.094285714285714,86.82000000000001
North-West,2014-06-16,2014-06-22,19,0.0,0.0,0.0,5.188571428571429,21.132857142857144,86.17571428571429
North-West,2014-06-23,2014-06-29,19,0.0,0.0,0.0,4.927142857142857,20.34714285714286,87.50999999999999
North-West,2014-06-30,2014-07-06,19,0.0,0.0,0.0,7.254285714285714,20.2,89.4042857142857
North-West,2014-07-07,2014-07-13,19,0.0,0.0,0.0,4.564285714285714,20.162857142857145,87.93142857142857
North-West,2014-07-14,2014-07-20,19,0.0,0.0,0.0,6.0200000000000005,20.22142857142857,88.8457142857143
North-West,2014-07-21,2014-07-27,19,0.0,0.0,0.0,4.14,19.22571428571428,89.22857142857143
North-West,2014-07-28,2014-08-03,19,0.0,0.0,0.0,4.317142857142858,19.54285714285714,90.97142857142856
North-West,2014-08-04,2014-08-10,19,0.0,0.0,0.0,10.901428571428571,19.117142857142856,90.5885714285714
North-West,2014-08-11,2014-08-17,19,0.0,0.0,0.0,9.754285714285714,19.12285714285714,91.43714285714286
North-West,2014-08-18,2014-08-24,19,0.0,0.0,0.0,6.814285714285714,18.77,89.11999999999999
North-West,2014-08-25,2014-08-31,19,0.0,0.0,0.0,12.054285714285712,19.674285714285716,90.56999999999998
North-West,2014-09-01,2014-09-07,19,0.0,0.0,0.0,8.617142857142856,18.67142857142857,89.9342857142857
North-West,2014-09-08,2014-09-14,19,0.0,1.0,0.0,11.715714285714286,19.76142857142857,89.51571428571428
North-West,2014-09-15,2014-09-21,19,0.0,0.0,0.0,7.07,19.782857142857143,87.85714285714286
North-West,2014-09-22,2014-09-28,19,0.0,0.0,0.0,11.788571428571428,19.002857142857145,92.05285714285716
North-West,2014-09-29,2014-10-05,19,0.0,0.0,0.0,5.5200000000000005,19.36428571428572,90.06857142857142
North-West,2014-10-06,2014-10-12,19,0.0,0.0,0.0,3.89,20.592857142857145,87.58571428571429
North-West,2014-10-13,2014-10-19,19,0.0,0.0,0.0,3.1014285714285714,20.40285714285714,89.29857142857145
North-West,2014-10-20,2014-10-26,19,0.0,0.0,0.0,6.675714285714286,20.33285714285714,86.74428571428572
North-West,2014-10-27,2014-11-02,19,0.0,0.0,0.0,8.808571428571428,20.252857142857145,87.28571428571429
North-West,2014-11-03,2014-11-09,19,0.0,0.0,0.0,3.8685714285714288,20.85428571428572,84.84142857142855
North-West,2014-11-10,2014-11-16,19,0.0,0.0,0.0,1.082857142857143,20.75142857142857,85.93142857142858
North-West,2014-11-17,2014-11-23,19,0.0,0.0,0.0,1.247142857142857,20.40428571428572,80.52428571428572
North-West,2014-11-24,2014-11-30,19,0.0,0.0,0.0,0.0,20.40142857142857,75.64571428571428
North-West,2014-12-01,2014-12-07,19,0.0,0.0,0.0,0.0028571428571428,20.61142857142857,70.66428571428573
North-West,2014-12-08,2014-12-14,19,0.0,0.0,0.0,0.0,20.41857142857143,67.40714285714286
North-West,2014-12-15,2014-12-21,19,0.0,0.0,0.0,0.0,20.424285714285716,60.80428571428572
North-West,2014-12-22,2014-12-28,19,0.0,0.0,0.0,0.0,20.002857142857145,61.74714285714286
North-West,2014-12-29,2015-01-04,19,0.0,0.0,0.0,0.0,19.648571428571422,63.46857142857142
North-West,2015-01-05,2015-01-11,19,0.0,0.0,0.0,0.0014285714285714,18.412857142857145,58.26
North-West,2015-01-12,2015-01-18,19,0.0,0.0,0.0,0.1771428571428571,19.58142857142857,55.32428571428572
North-West,2015-01-19,2015-01-25,19,0.0,0.0,0.0,0.1657142857142857,21.09142857142857,60.04285714285714
North-West,2015-01-26,2015-02-01,19,0.0,0.0,0.0,0.0242857142857142,21.39428571428571,64.27857142857142
North-West,2015-02-02,2015-02-08,19,0.0,0.0,0.0,0.8671428571428572,22.20142857142857,68.22857142857143
North-West,2015-02-09,2015-02-15,19,0.0,0.0,0.0,0.3399999999999999,21.31,74.24571428571429
North-West,2015-02-16,2015-02-22,19,0.0,0.0,0.0,8.205714285714286,21.4,83.06142857142856
North-West,2015-02-23,2015-03-01,19,0.0,0.0,0.0,0.8442857142857142,21.02714285714286,72.71857142857144
North-West,2015-03-02,2015-03-08,19,0.0,0.0,0.0,1.7757142857142856,21.59714285714286,56.52571428571429
North-West,2015-03-09,2015-03-15,19,0.0,0.0,0.0,4.842857142857142,22.127142857142854,76.65142857142857
North-West,2015-03-16,2015-03-22,19,0.0,0.0,0.0,4.855714285714286,21.46,84.24857142857142
North-West,2015-03-23,2015-03-29,19,0.0,0.0,0.0,4.98,21.32571428571429,86.27000000000001
North-West,2015-03-30,2015-04-05,19,0.0,0.0,0.0,4.638571428571429,20.827142857142857,77.92428571428572
North-West,2015-04-06,2015-04-12,19,0.0,0.0,0.0,7.6514285714285695,21.445714285714285,85.70142857142856
North-West,2015-04-13,2015-04-19,19,0.0,0.0,0.0,0.3771428571428571,21.648571428571422,71.01857142857143
North-West,2015-04-20,2015-04-26,19,0.0,0.0,0.0,4.96,22.104285714285712,80.03571428571429
North-West,2015-04-27,2015-05-03,19,0.0,0.0,0.0,5.18,21.65571428571429,85.01142857142858
North-West,2015-05-04,2015-05-10,19,0.0,0.0,0.0,7.835714285714286,21.197142857142858,86.07000000000001
North-West,2015-05-11,2015-05-17,19,0.0,0.0,0.0,17.622857142857143,21.430000000000003,86.09857142857143
North-West,2015-05-18,2015-05-24,19,0.0,0.0,0.0,12.89,21.395714285714288,87.82142857142857
North-West,2015-05-25,2015-05-31,19,0.0,0.0,0.0,11.051428571428572,21.344285714285714,87.76571428571431
North-West,2015-06-01,2015-06-07,19,0.0,0.0,0.0,22.842857142857145,20.578571428571426,90.64
North-West,2015-06-08,2015-06-14,19,0.0,0.0,0.0,4.65,20.948571428571427,86.72714285714287
North-West,2015-06-15,2015-06-21,19,0.0,0.0,0.0,20.13714285714286,20.48,90.64428571428572
North-West,2015-06-22,2015-06-28,19,0.0,0.0,0.0,8.891428571428571,19.88714285714286,90.43857142857144
North-West,2015-06-29,2015-07-05,19,0.0,0.0,0.0,15.735714285714286,20.08428571428572,92.20285714285714
North-West,2015-07-06,2015-07-12,19,0.0,0.0,0.0,31.67428571428571,20.71142857142857,88.4057142857143
North-West,2015-07-13,2015-07-19,19,0.0,0.0,0.0,20.360000000000003,20.02285714285714,92.61142857142856
North-West,2015-07-20,2015-07-26,19,0.0,0.0,0.0,15.722857142857142,18.992857142857144,94.43857142857142
North-West,2015-07-27,2015-08-02,19,0.0,0.0,0.0,14.79,18.89,93.72142857142856
North-West,2015-08-03,2015-08-09,19,0.0,0.0,0.0,11.54142857142857,19.447142857142858,91.76571428571428
North-West,2015-08-10,2015-08-16,19,0.0,0.0,0.0,10.65,19.641428571428573,92.57714285714285
North-West,2015-08-17,2015-08-23,19,0.0,0.0,0.0,8.06857142857143,19.817142857142866,91.93857142857142
North-West,2015-08-24,2015-08-30,19,0.0,0.0,0.0,18.01142857142857,19.36428571428572,93.45
North-West,2015-08-31,2015-09-06,19,0.0,0.0,0.0,16.304285714285715,19.692857142857143,92.05714285714286
North-West,2015-09-07,2015-09-13,19,0.0,0.0,0.0,16.58142857142857,20.071428571428573,91.05142857142856
North-West,2015-09-14,2015-09-20,19,0.0,0.0,0.0,19.76714285714285,19.76,91.44714285714288
North-West,2015-09-21,2015-09-27,19,0.0,0.0,0.0,9.624285714285714,20.17142857142857,89.27142857142856
North-West,2015-09-28,2015-10-04,19,0.0,0.0,0.0,15.752857142857144,20.33428571428572,90.03428571428572
North-West,2015-10-05,2015-10-11,19,0.0,0.0,0.0,11.562857142857142,19.987142857142857,90.57142857142856
North-West,2015-10-12,2015-10-18,19,0.0,0.0,0.0,9.91,20.92571428571429,88.94857142857144
North-West,2015-10-19,2015-10-25,19,0.0,0.0,0.0,24.67142857142857,20.545714285714286,90.26857142857143
North-West,2015-10-26,2015-11-01,19,0.0,0.0,0.0,29.42,20.11428571428572,91.69285714285714
North-West,2015-11-02,2015-11-08,19,0.0,0.0,0.0,9.575714285714286,20.24857142857143,88.74000000000001
North-West,2015-11-09,2015-11-15,19,0.0,0.0,0.0,2.3185714285714285,20.270000000000003,83.82285714285715
North-West,2015-11-16,2015-11-22,19,0.0,0.0,0.0,0.0,20.5,78.53999999999999
North-West,2015-11-23,2015-11-29,19,0.0,0.0,0.0,0.0,21.072857142857146,73.21571428571428
North-West,2015-11-30,2015-12-06,19,0.0,0.0,0.0,0.0385714285714285,19.882857142857144,70.53428571428572
North-West,2015-12-07,2015-12-13,19,0.0,0.0,0.0,0.0114285714285714,19.587142857142855,69.27142857142857
North-West,2015-12-14,2015-12-20,19,0.0,0.0,0.0,0.2628571428571428,19.42,66.29285714285714
North-West,2015-12-21,2015-12-27,19,0.0,0.0,0.0,0.0,19.56857142857143,62.79571428571428
North-West,2016-01-04,2016-01-10,19,0.0,0.0,0.0,0.1828571428571428,21.231428571428573,59.26428571428572
North-West,2016-01-11,2016-01-17,19,0.0,0.0,0.0,0.1057142857142857,21.59428571428572,52.81857142857143
North-West,2016-01-18,2016-01-24,19,0.0,0.0,0.0,0.0,21.141428571428573,52.25571428571429
North-West,2016-01-25,2016-01-31,19,0.0,0.0,0.0,0.0857142857142857,20.412857142857145,54.07285714285714
North-West,2016-02-01,2016-02-07,19,0.0,0.0,0.0,0.1171428571428571,22.037142857142857,52.737142857142864
North-West,2016-02-08,2016-02-14,19,0.0,0.0,0.0,0.1142857142857143,21.05142857142857,49.72857142857142
North-West,2016-02-15,2016-02-21,19,0.0,0.0,0.0,0.1599999999999999,22.755714285714287,59.580000000000005
North-West,2016-02-22,2016-02-28,19,0.0,0.0,0.0,0.3,23.22857142857143,61.305714285714274
North-West,2016-02-29,2016-03-06,19,0.0,0.0,0.0,7.514285714285714,23.092857142857135,81.33571428571429
North-West,2016-03-07,2016-03-13,19,0.0,0.0,0.0,11.44285714285714,22.110000000000003,86.18857142857144
North-West,2016-03-14,2016-03-20,19,0.0,0.0,0.0,6.687142857142858,22.307142857142857,80.43142857142858
North-West,2016-03-21,2016-03-27,19,0.0,0.0,0.0,15.637142857142855,21.91428571428571,88.3
North-West,2016-03-28,2016-04-03,19,0.0,0.0,0.0,6.147142857142858,22.85,82.77
North-West,2016-04-04,2016-04-10,19,0.0,0.0,0.0,11.731428571428571,21.960000000000004,85.15571428571427
North-West,2016-04-11,2016-04-17,19,0.0,0.0,0.0,10.747142857142858,22.17142857142857,88.43857142857142
North-West,2016-04-18,2016-04-24,19,0.0,0.0,0.0,7.251428571428573,22.275714285714287,83.94857142857143
North-West,2016-04-25,2016-05-01,19,0.0,0.0,0.0,9.104285714285714,21.998571428571427,88.00285714285715
North-West,2016-05-02,2016-05-08,19,0.0,0.0,0.0,6.779999999999999,21.84428571428572,87.19714285714288
North-West,2016-05-09,2016-05-15,19,0.0,0.0,0.0,25.167142857142856,21.807142857142857,88.83714285714284
North-West,2016-05-16,2016-05-22,19,0.0,0.0,0.0,31.365714285714287,21.11428571428572,91.88714285714286
North-West,2016-05-23,2016-05-29,19,0.0,0.0,0.0,15.687142857142858,20.89428571428571,89.8542857142857
North-West,2016-05-30,2016-06-05,19,0.0,0.0,0.0,11.71714285714286,21.04,88.52571428571427
North-West,2016-06-06,2016-06-12,19,0.0,0.0,0.0,14.657142857142857,21.01,89.32428571428571
North-West,2016-06-13,2016-06-19,19,0.0,0.0,0.0,22.91142857142857,19.15857142857143,90.69142857142856
North-West,2016-06-20,2016-06-26,19,0.0,0.0,0.0,22.20428571428571,19.055714285714288,91.48857142857145
North-West,2016-06-27,2016-07-03,19,0.0,0.0,0.0,16.55857142857143,19.83142857142857,92.91142857142856
North-West,2016-07-04,2016-07-10,19,0.0,0.0,0.0,21.472857142857144,19.8,92.29428571428572
North-West,2016-07-11,2016-07-17,19,0.0,0.0,0.0,9.804285714285712,18.88571428571429,93.44428571428573
North-West,2016-07-18,2016-07-24,19,0.0,0.0,0.0,23.321428571428573,19.25142857142857,93.65
North-West,2016-07-25,2016-07-31,19,0.0,0.0,0.0,14.938571428571429,19.167142857142856,92.4342857142857
North-West,2016-08-01,2016-08-07,19,0.0,0.0,0.0,31.86428571428572,19.37428571428572,94.57142857142856
North-West,2016-08-08,2016-08-14,19,0.0,0.0,0.0,14.258571428571427,19.222857142857144,93.83
North-West,2016-08-15,2016-08-21,19,0.0,0.0,0.0,26.24857142857143,19.632857142857144,92.38714285714283
North-West,2016-08-22,2016-08-28,19,0.0,0.0,0.0,20.124285714285715,19.12,92.51571428571428
North-West,2016-08-29,2016-09-04,19,0.0,0.0,0.0,17.397142857142857,19.55857142857143,91.33714285714288
North-West,2016-09-05,2016-09-11,19,0.0,0.0,0.0,31.19857142857143,19.835714285714285,92.34142857142857
North-West,2016-09-12,2016-09-18,19,0.0,0.0,0.0,19.99714285714285,19.30857142857143,91.73714285714286
North-West,2016-09-19,2016-09-25,19,0.0,0.0,0.0,15.092857142857143,19.197142857142858,92.50571428571428
North-West,2016-09-26,2016-10-02,19,0.0,0.0,0.0,18.045714285714286,20.077142857142857,90.58
North-West,2016-10-03,2016-10-09,19,0.0,0.0,0.0,18.65285714285714,20.457142857142856,90.45285714285714
North-West,2016-10-10,2016-10-16,19,0.0,0.0,0.0,14.06714285714286,20.41857142857143,88.25714285714285
North-West,2016-10-17,2016-10-23,19,0.0,0.0,0.0,18.744285714285716,20.358571428571427,89.22571428571428
North-West,2016-10-24,2016-10-30,19,0.0,0.0,0.0,6.8585714285714285,20.48714285714286,86.71285714285713
North-West,2016-10-31,2016-11-06,19,0.0,0.0,0.0,3.1642857142857146,20.68285714285714,85.79285714285713
North-West,2016-11-07,2016-11-13,19,0.0,0.0,0.0,0.1842857142857143,20.58,79.27
North-West,2016-11-14,2016-11-20,19,0.0,0.0,0.0,0.8342857142857143,20.895714285714288,79.61857142857143
North-West,2016-11-21,2016-11-27,19,0.0,0.0,0.0,1.1385714285714286,21.388571428571428,80.41714285714286
North-West,2016-11-28,2016-12-04,19,0.0,0.0,0.0,0.0857142857142857,20.532857142857143,73.39857142857143
North-West,2016-12-05,2016-12-11,19,0.0,0.0,0.0,0.4728571428571428,20.667142857142856,75.75714285714285
North-West,2016-12-12,2016-12-18,19,0.0,0.0,0.0,0.0171428571428571,20.805714285714288,69.24571428571429
North-West,2016-12-19,2016-12-25,19,0.0,0.0,0.0,0.0271428571428571,20.71142857142857,63.49857142857143
North-West,2016-12-26,2017-01-01,19,0.0,0.0,0.0,0.0071428571428571,20.625714285714288,61.09571428571428
North-West,2017-01-02,2017-01-08,19,0.0,0.0,0.0,0.0,20.78714285714286,58.68714285714285
North-West,2017-01-09,2017-01-15,19,0.0,0.0,0.0,0.0028571428571428,20.762857142857143,72.43
North-West,2017-01-16,2017-01-22,19,0.0,0.0,0.0,0.0,21.910000000000004,65.51285714285714
North-West,2017-01-23,2017-01-29,19,0.0,0.0,0.0,0.6042857142857143,21.412857142857145,76.0
North-West,2017-01-30,2017-02-05,19,0.0,0.0,0.0,0.2128571428571428,21.53,59.53
North-West,2017-02-06,2017-02-12,19,0.0,0.0,0.0,0.0042857142857142,21.60428571428572,51.43285714285714
North-West,2017-02-13,2017-02-19,19,0.0,0.0,0.0,0.0,21.538571428571423,53.41
North-West,2017-02-20,2017-02-26,19,0.0,0.0,0.0,0.0,22.474285714285717,55.021428571428565
North-West,2017-02-27,2017-03-05,19,0.0,0.0,0.0,0.2685714285714285,23.11428571428571,65.81428571428572
North-West,2017-03-06,2017-03-12,19,0.0,0.0,0.0,6.83,21.622857142857143,78.64
North-West,2017-03-13,2017-03-19,19,0.0,0.0,0.0,2.6757142857142857,22.53,71.02428571428571
North-West,2017-03-20,2017-03-26,19,0.0,0.0,0.0,7.032857142857142,22.30714285714286,80.03285714285714
North-West,2017-03-27,2017-04-02,19,0.0,0.0,0.0,4.778571428571429,22.305714285714284,79.8157142857143
North-West,2017-04-03,2017-04-09,19,0.0,0.0,0.0,9.117142857142856,21.93,83.3757142857143
North-West,2017-04-10,2017-04-16,19,0.0,0.0,0.0,26.90285714285714,21.414285714285715,87.72571428571429
North-West,2017-04-17,2017-04-23,19,0.0,0.0,0.0,12.061428571428568,21.68857142857143,83.09
North-West,2017-04-24,2017-04-30,19,0.0,0.0,0.0,10.624285714285715,21.99714285714285,83.8
North-West,2017-05-01,2017-05-07,19,0.0,0.0,0.0,17.06714285714286,21.48,85.34857142857142
North-West,2017-05-08,2017-05-14,19,0.0,0.0,0.0,11.784285714285714,21.71,85.02714285714286
North-West,2017-05-15,2017-05-21,19,0.0,0.0,0.0,22.981428571428573,21.16,88.2314285714286
North-West,2017-05-22,2017-05-28,19,0.0,0.0,0.0,11.974285714285712,21.29142857142857,86.71285714285715
North-West,2017-05-29,2017-06-04,19,0.0,0.0,0.0,13.484285714285717,21.00142857142857,90.44571428571427
North-West,2017-06-05,2017-06-11,19,0.0,0.0,0.0,6.7557142857142845,21.762857142857143,85.56000000000002
North-West,2017-06-12,2017-06-18,19,0.0,0.0,0.0,11.64,20.527142857142856,89.51714285714286
North-West,2017-06-19,2017-06-25,19,0.0,0.0,0.0,22.32857142857143,20.31142857142857,89.39142857142858
North-West,2017-06-26,2017-07-02,19,0.0,0.0,0.0,17.977142857142855,20.06571428571428,90.69714285714284
North-West,2017-07-03,2017-07-09,19,0.0,0.0,0.0,11.252857142857142,19.41428571428571,91.30857142857144
North-West,2017-07-10,2017-07-16,19,0.0,0.0,0.0,17.888571428571428,19.16,92.24714285714286
North-West,2017-07-17,2017-07-23,19,0.0,0.0,0.0,43.16428571428571,20.095714285714283,90.96857142857142
North-West,2017-07-24,2017-07-30,19,0.0,0.0,0.0,36.642857142857146,19.50714285714286,92.72571428571428
North-West,2017-07-31,2017-08-06,19,0.0,0.0,0.0,23.798571428571428,19.24142857142857,93.53142857142858
North-West,2017-08-07,2017-08-13,19,0.0,0.0,0.0,23.74428571428572,19.358571428571427,92.76714285714289
North-West,2017-08-14,2017-08-20,19,0.0,0.0,0.0,11.232857142857142,19.464285714285715,92.55428571428573
North-West,2017-08-21,2017-08-27,19,0.0,0.0,0.0,18.554285714285715,19.40285714285714,91.7757142857143
North-West,2017-08-28,2017-09-03,19,0.0,0.0,0.0,33.862857142857145,19.27857142857143,92.57428571428572
North-West,2017-09-04,2017-09-10,19,0.0,0.0,0.0,9.712857142857144,19.94,90.30285714285716
North-West,2017-09-11,2017-09-17,19,0.0,0.0,0.0,20.5,19.84,90.9342857142857
North-West,2017-09-18,2017-09-24,19,0.0,0.0,0.0,10.62142857142857,20.34857142857143,91.64285714285714
North-West,2017-09-25,2017-10-01,19,0.0,0.0,0.0,19.974285714285717,19.951428571428576,90.19714285714284
North-West,2017-10-02,2017-10-08,19,0.0,0.0,0.0,12.14857142857143,20.822857142857146,87.37428571428572
North-West,2017-10-09,2017-10-15,19,0.0,0.0,0.0,16.90571428571429,20.064285714285717,90.15714285714286
North-West,2017-10-16,2017-10-22,19,0.0,0.0,0.0,12.45,19.89428571428571,90.79142857142855
North-West,2017-10-23,2017-10-29,19,0.0,0.0,0.0,1.774285714285714,20.341428571428573,86.20714285714284
North-West,2017-10-30,2017-11-05,19,0.0,0.0,0.0,4.777142857142857,20.722857142857144,85.20142857142858
North-West,2017-11-06,2017-11-12,19,0.0,0.0,0.0,0.5014285714285714,20.447142857142858,80.53857142857143
North-West,2017-11-13,2017-11-19,19,0.0,0.0,0.0,2.2642857142857147,20.96857142857143,86.21428571428571
North-West,2017-11-20,2017-11-26,19,0.0,0.0,0.0,1.9071428571428573,20.36142857142857,78.63857142857144
North-West,2017-11-27,2017-12-03,19,0.0,0.0,0.0,0.0,20.214285714285715,70.38000000000001
North-West,2017-12-04,2017-12-10,19,0.0,0.0,0.0,0.0,20.69428571428572,69.55428571428571
North-West,2017-12-11,2017-12-17,19,0.0,0.0,0.0,0.0385714285714285,21.09,70.75428571428571
North-West,2017-12-18,2017-12-24,19,0.0,0.0,0.0,0.0242857142857142,21.342857142857135,74.08142857142857
North-West,2017-12-25,2017-12-31,19,0.0,0.0,0.0,0.0,20.874285714285715,64.22285714285714
North-West,2018-01-01,2018-01-07,14,0.0,0.0,0.0,0.4957142857142857,19.235714285714288,63.52285714285714
North-West,2018-01-01,2018-12-30,13,0.0,0.0,0.0,8.47587912087912,20.6153021978022,82.67456043956044
North-West,2018-01-08,2018-01-14,14,0.0,0.0,0.0,0.0342857142857142,20.19142857142857,60.18714285714286
North-West,2018-01-15,2018-01-21,14,0.0,0.0,0.0,0.0,20.368571428571432,54.790000000000006
North-West,2018-01-22,2018-01-28,14,0.0,0.0,0.0,0.0,20.798571428571428,54.38
North-West,2018-01-29,2018-02-04,14,0.0,0.0,0.0,0.0499999999999999,22.23428571428571,56.09142857142857
North-West,2018-02-05,2018-02-11,14,0.0,0.0,0.0,10.42,22.44,73.77428571428572
North-West,2018-02-12,2018-02-18,14,0.0,0.0,0.0,6.317142857142858,22.05857142857143,70.92428571428572
North-West,2018-02-19,2018-02-25,14,0.0,0.0,0.0,9.364285714285714,21.73857142857143,81.49714285714286
North-West,2018-02-26,2018-03-04,14,0.0,0.0,0.0,4.805714285714286,21.16714285714286,82.86999999999999
North-West,2018-03-05,2018-03-11,14,0.0,0.0,0.0,5.158571428571428,21.5,81.12142857142858
North-West,2018-03-12,2018-03-18,14,0.0,0.0,0.0,3.795714285714285,21.76142857142857,84.91857142857144
North-West,2018-03-19,2018-03-25,14,0.0,0.0,0.0,8.362857142857143,21.212857142857143,85.78285714285714
North-West,2018-03-26,2018-04-01,14,0.0,0.0,0.0,2.3314285714285714,22.104285714285712,78.92
North-West,2018-04-02,2018-04-08,14,0.0,0.0,0.0,10.075714285714286,21.702857142857145,84.82428571428571
North-West,2018-04-09,2018-04-15,14,0.0,0.0,0.0,6.647142857142859,21.19428571428572,86.91999999999999
North-West,2018-04-16,2018-04-22,14,0.0,0.0,0.0,3.641428571428571,21.61,85.35000000000001
North-West,2018-04-23,2018-04-29,14,0.0,0.0,0.0,4.041428571428571,21.3,87.11
North-West,2018-04-30,2018-05-06,14,0.0,0.0,0.0,3.892857142857143,21.914285714285715,86.63714285714286
North-West,2018-05-07,2018-05-13,14,0.0,0.0,0.0,10.818571428571428,21.33142857142857,87.61142857142856
North-West,2018-05-14,2018-05-20,14,0.0,0.0,0.0,10.017142857142858,21.38285714285714,85.10000000000001
North-West,2018-05-21,2018-05-27,14,0.0,0.0,0.0,6.592857142857143,21.24142857142857,87.62
North-West,2018-05-28,2018-06-03,14,0.0,0.0,0.0,19.895714285714288,21.10571428571429,89.26285714285714
North-West,2018-06-04,2018-06-10,14,0.0,0.0,0.0,11.365714285714288,21.122857142857143,89.64285714285714
North-West,2018-06-11,2018-06-17,14,0.0,0.0,0.0,10.402857142857144,21.437142857142856,86.21571428571428
North-West,2018-06-18,2018-06-24,14,0.0,0.0,0.0,26.615714285714287,19.12857142857143,92.98714285714286
North-West,2018-06-25,2018-07-01,14,0.0,0.0,0.0,31.907142857142865,19.054285714285715,92.23714285714289
North-West,2018-07-02,2018-07-08,14,0.0,0.0,0.0,14.305714285714286,19.91142857142857,89.3542857142857
North-West,2018-07-09,2018-07-15,14,0.0,0.0,0.0,9.679999999999998,19.624285714285715,90.0257142857143
North-West,2018-07-16,2018-07-22,14,0.0,0.0,0.0,18.385714285714283,19.412857142857145,92.2242857142857
North-West,2018-07-23,2018-07-29,14,0.0,0.0,0.0,17.83857142857143,19.494285714285716,93.20142857142856
North-West,2018-07-30,2018-08-05,14,0.0,0.0,0.0,5.871428571428571,19.148571428571422,91.45857142857142
North-West,2018-08-06,2018-08-12,14,0.0,0.0,0.0,10.081428571428573,19.77428571428572,90.47
North-West,2018-08-13,2018-08-19,14,0.0,0.0,0.0,15.808571428571428,19.43857142857143,92.57857142857142
North-West,2018-08-20,2018-08-26,13,0.0,0.0,0.0,8.094285714285713,19.072857142857146,93.41714285714286
North-West,2018-08-27,2018-09-02,14,0.0,0.0,0.0,18.452857142857145,19.141428571428573,90.79
North-West,2018-09-03,2018-09-09,14,0.0,0.0,0.0,11.645714285714288,19.342857142857145,93.47
North-West,2018-09-10,2018-09-16,14,0.0,0.0,0.0,17.387142857142855,19.77428571428572,88.15
North-West,2018-09-17,2018-09-23,14,0.0,0.0,0.0,10.43,20.665714285714284,87.95857142857143
North-West,2018-09-24,2018-09-30,14,0.0,0.0,0.0,11.827142857142857,20.06142857142857,89.82000000000001
North-West,2018-10-01,2018-10-07,14,0.0,0.0,0.0,19.17714285714285,20.02,90.76
North-West,2018-10-08,2018-10-14,14,0.0,0.0,0.0,16.145714285714288,20.07428571428571,90.86571428571428
North-West,2018-10-15,2018-10-21,14,0.0,0.0,0.0,5.691428571428571,20.327142857142857,89.61714285714287
North-West,2018-10-22,2018-10-28,14,0.0,0.0,0.0,2.3285714285714287,20.40142857142857,86.85571428571428
North-West,2018-10-29,2018-11-04,14,0.0,0.0,0.0,13.8,20.50142857142857,88.36
North-West,2018-11-05,2018-11-11,14,0.0,0.0,0.0,4.492857142857143,20.52428571428572,87.63857142857144
North-West,2018-11-12,2018-11-18,14,0.0,0.0,0.0,1.477142857142857,21.16428571428571,82.7757142857143
North-West,2018-11-19,2018-11-25,14,0.0,0.0,0.0,0.7357142857142857,20.868571428571425,79.68285714285715
North-West,2018-11-26,2018-12-02,14,0.0,0.0,0.0,0.01,20.85571428571429,74.40285714285714
North-West,2018-12-10,2018-12-16,14,0.0,0.0,0.0,0.0,20.804285714285715,69.35857142857144
North-West,2018-12-17,2018-12-23,14,0.0,0.0,0.0,0.0,20.1,59.892857142857146
North-West,2018-12-24,2018-12-30,14,0.0,0.0,0.0,0.0099999999999999,20.875714285714285,67.9
North-West,2018-12-31,2019-01-06,14,0.0,0.0,0.0,0.0071428571428571,21.12714285714286,62.737142857142864
North-West,2018-12-31,2019-12-29,13,0.0,0.0,0.0,6.795082417582417,20.935054945054944,82.21645604395604
North-West,2019-01-07,2019-01-13,14,0.0,0.0,0.0,0.0057142857142857,20.982857142857146,65.02571428571427
North-West,2019-01-14,2019-01-20,14,0.0,0.0,0.0,0.1042857142857142,21.34428571428572,68.17142857142858
North-West,2019-01-21,2019-01-27,14,0.0,0.0,0.0,0.3771428571428571,21.66142857142857,79.27428571428571
North-West,2019-01-28,2019-02-03,14,0.0,0.0,0.0,1.2757142857142856,21.33142857142857,76.52142857142857
North-West,2019-02-04,2019-02-10,14,0.0,0.0,0.0,2.105714285714285,22.51571428571429,64.57571428571428
North-West,2019-02-11,2019-02-17,14,0.0,0.0,0.0,0.0,22.342857142857145,56.71142857142856
North-West,2019-02-18,2019-02-24,14,0.0,0.0,0.0,0.0014285714285714,22.25857142857143,72.27571428571427
North-West,2019-02-25,2019-03-03,14,0.0,0.0,0.0,1.5985714285714283,21.49571428571429,79.9457142857143
North-West,2019-03-04,2019-03-10,14,0.0,0.0,0.0,2.06,22.13571428571429,77.66285714285713
North-West,2019-03-11,2019-03-17,14,0.0,0.0,0.0,0.822857142857143,22.72,78.75
North-West,2019-03-18,2019-03-24,14,0.0,0.0,0.0,0.9614285714285714,22.678571428571427,79.65571428571427
North-West,2019-05-13,2019-05-19,14,0.0,0.0,0.0,3.8142857142857136,21.74857142857143,83.79142857142857
South,2010-01-04,2010-01-10,10,0.0,0.0,0.0,3.2628571428571425,23.99428571428572,84.35714285714286
South,2010-01-11,2010-01-17,10,0.0,0.0,0.0,3.937142857142857,23.92285714285714,85.55571428571429
South,2010-01-18,2010-01-24,10,0.0,0.0,0.0,2.798571428571429,24.01428571428572,83.74714285714286
South,2010-01-25,2010-01-31,10,0.0,0.0,0.0,2.3285714285714287,24.860000000000003,84.10285714285715
South,2010-02-01,2010-02-07,10,0.0,0.0,0.0,4.115714285714286,24.947142857142858,85.42571428571429
South,2010-02-08,2010-02-14,10,0.0,0.0,0.0,3.107142857142857,23.99285714285714,87.66
South,2010-02-15,2010-02-21,10,0.0,0.0,0.0,1.2128571428571429,24.645714285714288,85.46714285714286
South,2010-02-22,2010-02-28,10,0.0,0.0,0.0,7.841428571428572,24.23857142857143,89.3342857142857
South,2010-03-01,2010-03-07,10,0.0,0.0,0.0,6.388571428571429,24.774285714285718,87.61
South,2010-03-08,2010-03-14,10,0.0,0.0,0.0,9.655714285714286,24.085714285714285,91.75428571428571
South,2010-03-15,2010-03-21,10,0.0,0.0,0.0,11.582857142857142,23.845714285714287,90.95142857142858
South,2010-03-22,2010-03-28,10,0.0,0.0,0.0,9.764285714285714,23.83714285714285,90.00142857142858
South,2010-03-29,2010-04-04,10,0.0,0.0,0.0,9.972857142857142,24.374285714285715,91.00428571428571
South,2010-04-05,2010-04-11,10,0.0,0.0,0.0,8.998571428571429,24.052857142857142,91.7957142857143
South,2010-04-12,2010-04-18,10,0.0,0.0,0.0,6.905714285714288,24.67142857142857,90.93714285714285
South,2010-04-19,2010-04-25,10,0.0,0.0,0.0,7.812857142857143,23.985714285714284,92.82857142857144
South,2010-04-26,2010-05-02,10,0.0,0.0,0.0,13.840000000000002,23.82857142857143,93.58142857142856
South,2010-05-03,2010-05-09,10,0.0,0.0,0.0,6.785714285714285,23.684285714285718,93.40428571428572
South,2010-05-06,2010-12-31,1,0.0,0.0,0.0,5.460666666666667,22.853,90.05775
South,2010-05-10,2010-05-16,10,0.0,0.0,0.0,4.0371428571428565,24.08285714285714,90.62571428571428
South,2010-05-17,2010-05-23,10,0.0,0.0,0.0,2.8714285714285714,24.274285714285718,89.25857142857141
South,2010-05-24,2010-05-30,10,0.0,0.0,0.0,4.071428571428571,24.28571428571428,90.77571428571429
South,2010-05-31,2010-06-06,10,0.0,0.0,0.0,3.8485714285714288,22.73428571428571,91.28857142857144
South,2010-06-07,2010-06-13,10,0.0,0.0,0.0,0.7114285714285712,23.964285714285715,87.76714285714287
South,2010-06-14,2010-06-20,10,0.0,0.0,0.0,4.844285714285713,23.498571428571427,88.67
South,2010-06-21,2010-06-27,10,0.0,0.0,0.0,7.734285714285713,22.567142857142866,92.96714285714286
South,2010-06-28,2010-07-04,10,0.0,0.0,0.0,4.071428571428571,22.611428571428576,91.2585714285714
South,2010-07-05,2010-07-11,10,0.0,0.0,0.0,7.0842857142857145,22.41428571428572,92.03428571428572
South,2010-07-12,2010-07-18,10,0.0,0.0,0.0,1.9285714285714288,22.467142857142854,89.44714285714285
South,2010-07-19,2010-07-25,10,0.0,0.0,0.0,4.204285714285714,22.11285714285714,89.86142857142859
South,2010-07-26,2010-08-01,10,0.0,0.0,0.0,1.1385714285714286,22.4,88.17428571428572
South,2010-08-02,2010-08-08,10,0.0,0.0,0.0,4.478571428571429,22.425714285714285,90.87571428571428
South,2010-08-09,2010-08-15,10,0.0,0.0,0.0,5.098571428571428,22.305714285714288,90.71
South,2010-08-16,2010-08-22,10,0.0,0.0,0.0,4.762857142857143,22.317142857142866,90.34
South,2010-08-23,2010-08-29,10,0.0,0.0,0.0,1.78,22.49714285714285,88.79857142857144
South,2010-08-30,2010-09-05,10,0.0,0.0,0.0,1.7142857142857142,22.37,89.50857142857144
South,2010-09-06,2010-09-12,10,0.0,0.0,0.0,3.9871428571428575,21.96,91.56142857142858
South,2010-09-13,2010-09-19,10,0.0,0.0,0.0,2.825714285714286,22.532857142857143,89.64571428571428
South,2010-09-20,2010-09-26,10,0.0,0.0,0.0,10.041428571428572,22.208571428571435,92.64714285714284
South,2010-09-27,2010-10-03,10,0.0,0.0,0.0,3.041428571428572,23.06428571428572,90.96428571428572
South,2010-10-04,2010-10-10,10,0.0,0.0,0.0,6.6171428571428565,22.72,91.44
South,2010-10-11,2010-10-17,10,0.0,0.0,0.0,10.747142857142858,22.45,92.16857142857144
South,2010-10-18,2010-10-24,10,0.0,0.0,0.0,14.084285714285716,22.052857142857142,94.56857142857145
South,2010-10-25,2010-10-31,10,0.0,0.0,0.0,11.462857142857144,22.62714285714286,92.92285714285715
South,2010-11-01,2010-11-07,10,0.0,0.0,0.0,14.434285714285712,22.86714285714286,91.72714285714288
South,2010-11-08,2010-11-14,10,0.0,0.0,0.0,12.614285714285714,23.072857142857146,91.30142857142856
South,2010-11-15,2010-11-21,10,0.0,0.0,0.0,8.554285714285715,23.02142857142857,89.75999999999999
South,2010-11-22,2010-11-28,10,0.0,0.0,0.0,8.535714285714286,23.21857142857143,89.46714285714286
South,2010-11-29,2010-12-05,10,0.0,0.0,0.0,7.88,23.365714285714287,88.52142857142857
South,2010-12-06,2010-12-12,10,0.0,0.0,0.0,0.8128571428571428,22.89142857142857,84.91857142857144
South,2010-12-13,2010-12-19,10,0.0,0.0,0.0,1.087142857142857,23.768571428571427,82.12571428571428
South,2010-12-20,2010-12-26,10,0.0,0.0,0.0,2.605714285714285,22.715714285714284,88.29285714285713
South,2010-12-27,2011-01-02,10,0.0,0.0,0.0,2.1242857142857146,22.541428571428572,83.09857142857143
South,2011-01-01,2011-09-22,7,6.0,112.0,0.0,4.006490566037736,23.022075471698116,89.53815094339623
South,2011-01-03,2011-01-09,10,0.0,0.0,0.0,2.2785714285714285,22.702857142857145,87.63714285714286
South,2011-01-10,2011-01-16,10,0.0,0.0,0.0,0.65,22.66857142857143,81.41714285714285
South,2011-01-17,2011-01-23,10,0.0,0.0,0.0,1.0471428571428572,22.781428571428567,79.85714285714285
South,2011-01-24,2011-01-30,10,0.0,0.0,0.0,0.4442857142857143,24.15571428571429,83.50285714285714
South,2011-01-31,2011-02-06,10,0.0,0.0,0.0,2.64,23.65857142857143,88.13714285714286
South,2011-02-07,2011-02-13,10,0.0,0.0,0.0,2.1142857142857143,23.34,88.01
South,2011-02-14,2011-02-20,10,1.0,12.0,0.0,0.9885714285714284,24.037142857142857,86.17285714285715
South,2011-02-21,2011-02-27,10,0.0,1.0,0.0,5.607142857142857,23.222857142857144,88.67285714285715
South,2011-02-28,2011-03-06,10,0.0,0.0,0.0,4.501428571428572,23.294285714285717,89.21285714285713
South,2011-03-07,2011-03-13,10,0.0,0.0,0.0,3.661428571428572,23.875714285714285,90.15857142857143
South,2011-03-14,2011-03-20,10,0.0,1.0,0.0,1.5657142857142854,24.15571428571429,86.24285714285713
South,2011-03-21,2011-03-27,10,0.0,0.0,0.0,7.910000000000001,23.70142857142857,88.66142857142857
South,2011-03-28,2011-04-03,10,0.0,3.0,0.0,4.057142857142857,23.435714285714283,92.23285714285714
South,2011-04-04,2011-04-10,10,0.0,7.0,0.0,10.608571428571429,23.187142857142856,91.73285714285711
South,2011-04-11,2011-04-17,10,0.0,0.0,0.0,5.548571428571429,23.345714285714283,92.74428571428572
South,2011-04-18,2011-04-24,10,0.0,0.0,0.0,5.720000000000001,23.587142857142855,92.96142857142856
South,2011-04-25,2011-05-01,10,1.0,24.0,0.0,2.694285714285713,23.32,91.83
South,2011-05-02,2011-05-08,10,0.0,1.0,0.0,3.0542857142857147,23.86142857142857,91.84285714285714
South,2011-05-09,2011-05-15,10,0.0,0.0,0.0,8.584285714285715,23.665714285714284,93.05857142857144
South,2011-05-16,2011-05-22,10,0.0,0.0,0.0,3.02,23.752857142857145,91.22
South,2011-05-23,2011-05-29,10,0.0,0.0,0.0,4.532857142857143,22.99285714285714,91.24857142857142
South,2011-05-30,2011-06-05,10,0.0,1.0,0.0,1.8885714285714283,23.714285714285715,90.95714285714284
South,2011-06-06,2011-06-12,10,0.0,0.0,0.0,0.1828571428571428,23.237142857142857,87.73
South,2011-06-13,2011-06-19,10,0.0,0.0,0.0,3.5971428571428574,23.485714285714288,89.31428571428572
South,2011-06-20,2011-06-26,10,0.0,0.0,0.0,8.127142857142857,22.37142857142857,92.21857142857144
South,2011-06-27,2011-07-03,10,0.0,0.0,0.0,4.552857142857143,22.527142857142856,90.6
South,2011-07-04,2011-07-10,10,0.0,0.0,0.0,2.482857142857143,22.680000000000003,90.44857142857144
South,2011-07-11,2011-07-17,10,0.0,0.0,0.0,1.162857142857143,22.31142857142857,88.43285714285716
South,2011-07-18,2011-07-24,10,0.0,0.0,0.0,3.634285714285714,22.66571428571429,89.77428571428571
South,2011-07-25,2011-07-31,10,0.0,0.0,0.0,2.205714285714286,21.68428571428572,88.62857142857142
South,2011-08-01,2011-08-07,10,0.0,0.0,0.0,5.03,21.81,91.75714285714284
South,2011-08-08,2011-08-14,10,0.0,0.0,0.0,2.332857142857143,22.19142857142857,88.77857142857144
South,2011-08-15,2011-08-21,10,0.0,0.0,0.0,5.128571428571428,22.224285714285717,90.73285714285714
South,2011-08-22,2011-08-28,10,0.0,0.0,0.0,3.917142857142857,22.11428571428572,91.36714285714284
South,2011-08-29,2011-09-04,10,0.0,0.0,0.0,3.1585714285714284,22.25142857142857,90.55714285714284
South,2011-09-05,2011-09-11,10,0.0,0.0,0.0,4.438571428571429,22.374285714285712,91.1642857142857
South,2011-09-12,2011-09-18,10,0.0,0.0,0.0,13.821428571428571,21.871428571428574,94.57857142857144
South,2011-09-19,2011-09-25,10,0.0,0.0,0.0,8.532857142857143,22.504285714285714,93.01999999999998
South,2011-09-23,2011-12-11,1,4.0,110.0,0.0,4.941249999999999,22.6585,89.7965
South,2011-09-26,2011-10-02,10,5.0,60.0,0.0,10.522857142857143,22.145714285714284,92.65714285714286
South,2011-10-03,2011-10-09,10,0.0,53.0,0.0,4.534285714285715,22.93142857142857,91.39714285714284
South,2011-10-10,2011-10-16,10,0.0,4.0,0.0,12.017142857142856,22.33142857142857,94.37857142857143
South,2011-10-17,2011-10-23,10,0.0,8.0,0.0,6.302857142857143,22.33857142857143,93.25
South,2011-10-24,2011-10-30,10,0.0,3.0,0.0,6.278571428571429,22.442857142857147,91.25714285714284
South,2011-10-31,2011-11-06,10,0.0,0.0,0.0,2.147142857142857,22.53,90.7414285714286
South,2011-11-07,2011-11-13,10,0.0,1.0,0.0,4.167142857142857,23.07,91.0342857142857
South,2011-11-14,2011-11-20,10,0.0,0.0,0.0,1.8314285714285712,23.31571428571428,86.77857142857144
South,2011-11-21,2011-11-27,10,0.0,0.0,0.0,2.605714285714286,23.201428571428576,87.12142857142858
South,2011-11-28,2011-12-04,10,0.0,0.0,0.0,1.0071428571428571,22.187142857142856,84.50714285714285
South,2011-12-05,2011-12-11,10,0.0,0.0,0.0,0.3985714285714286,22.754285714285714,83.27714285714285
South,2011-12-12,2011-12-18,10,0.0,0.0,0.0,1.8671428571428568,22.95142857142857,85.29142857142857
South,2011-12-19,2011-12-25,10,0.0,0.0,0.0,0.4557142857142856,23.532857142857143,85.49714285714286
South,2011-12-26,2012-01-01,10,0.0,0.0,0.0,0.2657142857142857,23.828571428571426,84.67999999999999
South,2012-01-02,2012-01-08,10,0.0,0.0,0.0,0.35,23.53714285714286,83.13857142857144
South,2012-01-09,2012-01-15,10,0.0,0.0,0.0,2.4385714285714286,23.68857142857143,83.4
South,2012-01-16,2012-01-22,10,0.0,0.0,0.0,2.0442857142857145,23.518571428571427,84.05999999999999
South,2012-01-23,2012-01-29,10,0.0,0.0,0.0,1.6414285714285717,24.147142857142857,83.46285714285715
South,2012-01-30,2012-02-05,10,0.0,0.0,0.0,3.137142857142857,23.68,85.85000000000001
South,2012-02-06,2012-02-12,10,0.0,0.0,0.0,2.111428571428571,23.059999999999995,88.66857142857143
South,2012-02-13,2012-02-19,10,0.0,0.0,0.0,3.291428571428572,23.09,88.06714285714285
South,2012-02-20,2012-02-26,10,0.0,0.0,0.0,7.275714285714286,23.27285714285714,88.58999999999999
South,2012-02-27,2012-03-04,10,0.0,0.0,0.0,2.1785714285714284,23.46857142857143,87.39571428571428
South,2012-03-05,2012-03-11,10,0.0,0.0,0.0,1.51,23.37,87.5457142857143
South,2012-03-12,2012-03-18,10,0.0,2.0,0.0,10.147142857142857,23.68857142857143,91.02142857142856
South,2012-03-19,2012-03-25,10,0.0,0.0,0.0,4.890000000000001,23.83428571428571,91.94714285714288
South,2012-03-26,2012-04-01,10,0.0,0.0,0.0,4.181428571428571,23.574285714285715,92.06285714285715
South,2012-04-02,2012-04-08,10,0.0,0.0,0.0,3.0771428571428574,24.108571428571427,90.04571428571428
South,2012-04-09,2012-04-15,10,0.0,0.0,0.0,7.008571428571428,23.38142857142857,92.60857142857142
South,2012-04-16,2012-04-22,10,0.0,0.0,0.0,7.464285714285714,22.988571428571426,92.70428571428572
South,2012-04-23,2012-04-29,10,0.0,0.0,0.0,5.438571428571429,23.728571428571428,90.61571428571428
South,2012-04-30,2012-05-06,10,0.0,0.0,0.0,8.832857142857142,23.345714285714287,93.18999999999998
South,2012-05-07,2012-05-13,10,0.0,0.0,0.0,5.42,22.875714285714285,92.65714285714286
South,2012-05-14,2012-05-20,10,0.0,0.0,0.0,4.517142857142857,23.07857142857143,91.56714285714284
South,2012-05-21,2012-05-27,10,0.0,5.0,0.0,1.821428571428572,22.91428571428571,91.6842857142857
South,2012-05-28,2012-06-03,10,0.0,0.0,0.0,4.212857142857143,22.892857142857142,91.42857142857144
South,2012-06-04,2012-06-10,10,0.0,0.0,0.0,1.89,23.32,88.80285714285715
South,2012-06-11,2012-06-17,10,0.0,0.0,0.0,3.162857142857143,23.11285714285714,89.58
South,2012-06-18,2012-06-24,10,0.0,0.0,0.0,4.801428571428572,22.075714285714287,93.41285714285712
South,2012-06-25,2012-07-01,10,0.0,0.0,0.0,8.528571428571428,21.83714285714285,92.38714285714286
South,2012-07-02,2012-07-08,10,0.0,0.0,0.0,2.995714285714286,22.12,89.73
South,2012-07-09,2012-07-15,10,0.0,0.0,0.0,0.9285714285714284,22.29714285714286,88.83714285714287
South,2012-07-16,2012-07-22,10,0.0,0.0,0.0,1.0542857142857145,22.335714285714285,88.57714285714287
South,2012-07-23,2012-07-29,10,0.0,0.0,0.0,0.6057142857142858,22.08857142857143,85.99428571428571
South,2012-07-30,2012-08-05,10,0.0,0.0,0.0,3.4185714285714286,21.767142857142854,90.51571428571428
South,2012-08-06,2012-08-12,10,0.0,0.0,0.0,2.7142857142857144,22.11,88.75999999999999
South,2012-08-13,2012-08-19,10,0.0,0.0,0.0,9.272857142857143,21.46857142857143,91.75285714285717
South,2012-08-20,2012-08-26,10,0.0,0.0,0.0,4.245714285714285,21.88,90.37714285714286
South,2012-08-27,2012-09-02,10,0.0,0.0,0.0,5.9,22.118571428571432,91.2757142857143
South,2012-09-03,2012-09-09,10,0.0,0.0,0.0,7.808571428571428,21.90571428571429,91.58857142857144
South,2012-09-10,2012-09-16,10,0.0,0.0,0.0,8.7,22.297142857142852,92.41
South,2012-09-17,2012-09-23,10,0.0,0.0,0.0,7.015714285714286,22.048571428571428,92.47571428571428
South,2012-09-24,2012-09-30,10,0.0,0.0,0.0,7.782857142857144,22.24,93.00142857142858
South,2012-10-01,2012-10-07,10,0.0,0.0,0.0,11.84,21.952857142857145,94.10285714285712
South,2012-10-08,2012-10-14,10,0.0,0.0,0.0,9.802857142857144,22.60571428571429,91.67428571428572
South,2012-10-15,2012-10-21,10,0.0,0.0,0.0,11.514285714285714,22.3,93.93571428571428
South,2012-10-22,2012-10-28,10,0.0,0.0,0.0,14.037142857142856,22.627142857142854,91.24714285714286
South,2012-10-29,2012-11-04,10,0.0,0.0,0.0,11.162857142857144,22.63571428571429,92.21857142857144
South,2012-11-05,2012-11-11,10,0.0,0.0,0.0,12.598571428571429,22.78,92.72
South,2012-11-12,2012-11-18,10,0.0,0.0,0.0,6.361428571428571,23.33857142857143,92.63
South,2012-11-19,2012-11-25,10,0.0,0.0,0.0,9.954285714285716,23.172857142857143,91.06714285714288
South,2012-11-26,2012-12-02,10,0.0,0.0,0.0,5.627142857142857,23.82857142857143,86.59714285714287
South,2012-12-03,2012-12-09,10,0.0,0.0,0.0,4.185714285714285,23.36428571428572,89.99
South,2012-12-10,2012-12-16,10,0.0,0.0,0.0,2.5057142857142862,23.72714285714286,87.92714285714285
South,2012-12-17,2012-12-23,10,0.0,0.0,0.0,0.985714285714286,23.768571428571427,85.47285714285715
South,2012-12-24,2012-12-30,10,0.0,0.0,0.0,0.5771428571428572,23.682857142857134,82.33142857142856
South,2012-12-31,2013-01-06,10,0.0,0.0,0.0,1.61,23.63,85.42857142857143
South,2013-01-07,2013-01-13,10,0.0,0.0,0.0,1.8314285714285716,23.87142857142857,82.99714285714286
South,2013-01-14,2013-01-20,10,0.0,0.0,0.0,2.9085714285714284,24.228571428571428,86.62571428571427
South,2013-01-21,2013-01-27,10,0.0,0.0,0.0,2.067142857142857,23.86428571428572,90.14285714285714
South,2013-01-28,2013-02-03,10,0.0,0.0,0.0,1.7285714285714284,23.357142857142858,85.15857142857143
South,2013-02-04,2013-02-10,10,0.0,0.0,0.0,1.5914285714285714,24.56142857142857,85.05428571428571
South,2013-02-11,2013-02-17,10,0.0,0.0,0.0,1.804285714285714,23.74285714285714,87.92285714285715
South,2013-02-18,2013-02-24,10,0.0,0.0,0.0,4.398571428571429,23.93714285714285,88.30857142857144
South,2013-02-25,2013-03-03,10,0.0,0.0,0.0,2.3300000000000005,24.572857142857146,87.27142857142859
South,2013-03-04,2013-03-10,10,0.0,0.0,0.0,4.218571428571429,23.87,90.47857142857144
South,2013-03-11,2013-03-17,10,0.0,0.0,0.0,6.0200000000000005,23.898571428571422,89.58428571428571
South,2013-03-18,2013-03-24,10,0.0,0.0,0.0,6.134285714285714,23.571428571428573,91.14714285714284
South,2013-03-25,2013-03-31,10,0.0,0.0,0.0,3.72,23.47428571428572,90.09285714285716
South,2013-04-01,2013-04-07,10,0.0,0.0,0.0,2.922857142857143,23.794285714285717,89.22
South,2013-04-08,2013-04-14,10,0.0,0.0,0.0,5.9957142857142856,23.502857142857145,91.38571428571429
South,2013-04-15,2013-04-21,10,0.0,0.0,0.0,4.319999999999999,23.018571428571427,91.93142857142855
South,2013-04-22,2013-04-28,10,0.0,0.0,0.0,7.592857142857143,23.43714285714285,92.09
South,2013-04-29,2013-05-05,10,0.0,0.0,0.0,2.028571428571429,23.444285714285712,91.54857142857144
South,2013-05-06,2013-05-12,10,0.0,0.0,0.0,5.814285714285714,22.882857142857144,93.01571428571428
South,2013-05-13,2013-05-19,10,0.0,0.0,0.0,3.898571428571429,23.72142857142857,91.09285714285716
South,2013-05-20,2013-05-26,10,0.0,0.0,0.0,2.321428571428572,23.74142857142857,88.91142857142859
South,2013-05-27,2013-06-02,10,0.0,0.0,0.0,5.258571428571428,23.08714285714285,91.6157142857143
South,2013-06-03,2013-06-09,10,0.0,0.0,0.0,2.032857142857143,22.91142857142857,89.26428571428572
South,2013-06-10,2013-06-16,10,0.0,0.0,0.0,0.6657142857142857,23.172857142857143,89.31857142857143
South,2013-06-17,2013-06-23,10,0.0,0.0,0.0,0.76,22.91857142857143,88.62
South,2013-06-24,2013-06-30,10,0.0,0.0,0.0,1.5757142857142856,22.635714285714283,89.08571428571427
South,2013-07-01,2013-07-07,10,0.0,0.0,0.0,4.111428571428571,21.69,91.97285714285714
South,2013-07-08,2013-07-14,10,0.0,0.0,0.0,2.7142857142857144,22.284285714285712,89.42428571428572
South,2013-07-15,2013-07-21,10,0.0,0.0,0.0,0.2742857142857143,22.60571428571429,85.43571428571428
South,2013-07-22,2013-07-28,10,0.0,0.0,0.0,0.8214285714285714,22.042857142857144,87.29142857142857
South,2013-07-29,2013-08-04,10,0.0,0.0,0.0,2.071428571428572,21.78428571428572,88.36857142857141
South,2013-08-05,2013-08-11,10,0.0,0.0,0.0,0.9328571428571428,21.807142857142857,87.56857142857143
South,2013-08-12,2013-08-18,10,0.0,0.0,0.0,0.7357142857142858,21.960000000000004,85.45857142857142
South,2013-08-19,2013-08-25,10,0.0,0.0,0.0,2.995714285714286,22.037142857142857,89.34428571428573
South,2013-08-26,2013-09-01,10,0.0,0.0,0.0,2.684285714285714,22.43285714285714,88.6842857142857
South,2013-09-02,2013-09-08,10,0.0,0.0,0.0,4.832857142857143,22.345714285714283,90.88857142857144
South,2013-09-09,2013-09-15,10,0.0,0.0,0.0,3.3714285714285714,22.04285714285714,91.78285714285714
South,2013-09-16,2013-09-22,10,0.0,0.0,0.0,5.442857142857143,22.825714285714287,91.19142857142856
South,2013-09-23,2013-09-29,10,0.0,0.0,0.0,5.175714285714286,22.228571428571428,92.1
South,2013-09-30,2013-10-06,10,0.0,0.0,0.0,4.777142857142857,22.34714285714286,93.07285714285712
South,2013-10-07,2013-10-13,10,0.0,0.0,0.0,12.895714285714288,22.127142857142854,93.45285714285714
South,2013-10-14,2013-10-20,10,0.0,0.0,0.0,12.498571428571427,22.83142857142857,91.91
South,2013-10-21,2013-10-27,10,0.0,0.0,0.0,7.520000000000001,22.402857142857137,91.85428571428572
South,2013-10-28,2013-11-03,10,0.0,0.0,0.0,3.798571428571429,23.052857142857142,89.45714285714287
South,2013-11-04,2013-11-10,10,0.0,0.0,0.0,6.928571428571429,22.912857142857145,90.19571428571427
South,2013-11-11,2013-11-17,10,0.0,0.0,0.0,12.312857142857142,22.95,92.28142857142856
South,2013-11-18,2013-11-24,10,0.0,0.0,0.0,9.05857142857143,22.695714285714285,92.09
South,2013-11-25,2013-12-01,10,0.0,0.0,0.0,3.244285714285714,23.368571428571425,88.25
South,2013-12-02,2013-12-08,10,0.0,0.0,0.0,3.914285714285714,22.821428571428573,89.92142857142856
South,2013-12-09,2013-12-15,10,0.0,0.0,0.0,3.618571428571428,22.354285714285712,86.99857142857142
South,2013-12-16,2013-12-22,10,0.0,0.0,0.0,0.1042857142857142,22.24428571428572,79.44000000000001
South,2013-12-23,2013-12-29,10,0.0,0.0,0.0,1.4857142857142858,23.62285714285714,88.06285714285715
South,2013-12-30,2014-01-05,10,0.0,0.0,0.0,0.7357142857142858,22.94857142857143,83.41285714285713
South,2014-01-06,2014-01-12,10,0.0,0.0,0.0,0.4685714285714286,23.555714285714284,82.48285714285714
South,2014-01-13,2014-01-19,10,0.0,0.0,0.0,3.082857142857143,23.935714285714287,84.45285714285714
South,2014-01-20,2014-01-26,10,0.0,0.0,0.0,0.6728571428571429,24.184285714285718,84.37571428571428
South,2014-01-27,2014-02-02,10,0.0,0.0,0.0,1.7457142857142858,23.93,86.77428571428572
South,2014-02-03,2014-02-09,10,0.0,0.0,0.0,0.7814285714285714,24.272857142857145,83.92714285714285
South,2014-02-10,2014-02-16,10,0.0,0.0,0.0,1.4528571428571426,23.78,84.94428571428571
South,2014-02-17,2014-02-23,10,0.0,0.0,0.0,0.4371428571428571,24.76,81.25999999999999
South,2014-02-24,2014-03-02,10,0.0,0.0,0.0,5.938571428571429,23.374285714285712,89.77714285714285
South,2014-03-03,2014-03-09,10,0.0,0.0,0.0,4.422857142857143,23.217142857142854,89.50999999999999
South,2014-03-10,2014-03-16,10,0.0,0.0,0.0,3.858571428571429,23.65285714285714,86.44142857142857
South,2014-03-17,2014-03-23,10,0.0,0.0,0.0,4.334285714285714,23.822857142857146,90.6557142857143
South,2014-03-24,2014-03-30,10,0.0,0.0,0.0,2.6314285714285712,23.67571428571429,89.60714285714286
South,2014-03-31,2014-04-06,10,0.0,0.0,0.0,3.208571428571428,23.602857142857143,90.36428571428571
South,2014-04-07,2014-04-13,10,0.0,0.0,0.0,1.2642857142857142,23.77142857142857,88.37857142857142
South,2014-04-14,2014-04-20,10,0.0,0.0,0.0,8.084285714285715,23.42,91.77857142857144
South,2014-04-21,2014-04-27,10,0.0,0.0,0.0,5.015714285714286,23.54,91.7585714285714
South,2014-04-28,2014-05-04,10,0.0,0.0,0.0,8.785714285714285,23.537142857142857,93.13857142857144
South,2014-05-05,2014-05-11,10,0.0,0.0,0.0,5.634285714285715,23.091428571428573,94.10428571428572
South,2014-05-12,2014-05-18,10,0.0,0.0,0.0,5.590000000000001,23.395714285714288,92.56142857142856
South,2014-05-19,2014-05-25,10,0.0,0.0,0.0,2.5857142857142854,23.60571428571429,91.20714285714288
South,2014-05-26,2014-06-01,10,0.0,0.0,0.0,6.852857142857144,23.56857142857143,90.63428571428572
South,2014-06-02,2014-06-08,10,0.0,0.0,0.0,2.7842857142857147,23.16142857142857,90.36714285714284
South,2014-06-09,2014-06-15,10,0.0,0.0,0.0,3.531428571428571,23.13,91.22714285714284
South,2014-06-16,2014-06-22,10,0.0,0.0,0.0,0.9214285714285716,23.64428571428571,87.56142857142858
South,2014-06-23,2014-06-29,10,0.0,0.0,0.0,0.7428571428571429,22.71,88.43714285714285
South,2014-06-30,2014-07-06,10,0.0,0.0,0.0,1.7885714285714287,23.08142857142857,88.17857142857143
South,2014-07-07,2014-07-13,10,0.0,0.0,0.0,1.8157142857142856,22.98857142857143,85.26571428571427
South,2014-07-14,2014-07-20,10,0.0,0.0,0.0,1.1,22.76142857142857,84.82285714285715
South,2014-07-21,2014-07-27,10,0.0,0.0,0.0,0.7285714285714286,22.792857142857144,82.47714285714287
South,2014-07-28,2014-08-03,10,0.0,0.0,0.0,1.1542857142857146,22.935714285714283,84.08285714285714
South,2014-08-04,2014-08-10,10,0.0,0.0,0.0,2.641428571428571,22.375714285714285,86.25714285714287
South,2014-08-11,2014-08-17,10,0.0,0.0,0.0,2.077142857142857,22.558571428571437,85.60714285714286
South,2014-08-18,2014-08-24,10,0.0,0.0,0.0,3.291428571428572,22.24142857142857,87.38714285714286
South,2014-08-25,2014-08-31,10,0.0,0.0,0.0,3.402857142857143,22.794285714285717,88.22142857142856
South,2014-09-01,2014-09-07,10,0.0,0.0,0.0,1.784285714285714,22.45142857142857,85.99857142857142
South,2014-09-08,2014-09-14,10,0.0,0.0,0.0,3.145714285714285,22.640000000000004,88.97428571428573
South,2014-09-15,2014-09-21,10,0.0,0.0,0.0,3.414285714285714,22.83714285714285,87.87
South,2014-09-22,2014-09-28,10,0.0,0.0,0.0,9.53,22.025714285714287,91.28
South,2014-09-29,2014-10-05,10,0.0,0.0,0.0,8.102857142857143,22.032857142857143,91.70714285714284
South,2014-10-06,2014-10-12,10,0.0,0.0,0.0,11.54857142857143,22.76142857142857,92.2757142857143
South,2014-10-13,2014-10-19,10,0.0,0.0,0.0,6.052857142857143,23.03,89.96857142857142
South,2014-10-20,2014-10-26,10,0.0,0.0,0.0,11.320000000000002,22.69,93.48857142857145
South,2014-10-27,2014-11-02,10,0.0,0.0,0.0,20.31428571428572,22.362857142857145,94.12
South,2014-11-03,2014-11-09,10,0.0,0.0,0.0,12.924285714285714,23.025714285714287,91.90857142857142
South,2014-11-10,2014-11-16,10,0.0,0.0,0.0,10.601428571428572,22.945714285714285,92.41428571428573
South,2014-11-17,2014-11-23,10,0.0,0.0,0.0,4.857142857142857,22.99285714285714,90.89285714285714
South,2014-11-24,2014-11-30,10,0.0,0.0,0.0,5.84857142857143,23.052857142857142,90.07857142857142
South,2014-12-01,2014-12-07,10,0.0,0.0,0.0,4.484285714285714,23.610000000000003,87.09285714285713
South,2014-12-08,2014-12-14,10,0.0,0.0,0.0,2.631428571428572,23.585714285714285,87.95857142857143
South,2014-12-15,2014-12-21,10,0.0,0.0,0.0,1.052857142857143,23.582857142857144,86.37142857142858
South,2014-12-22,2014-12-28,10,0.0,0.0,0.0,0.6514285714285715,23.73857142857143,83.16285714285713
South,2014-12-29,2015-01-04,10,0.0,0.0,0.0,0.6014285714285714,23.634285714285717,82.02000000000001
South,2015-01-05,2015-01-11,10,0.0,0.0,0.0,0.1942857142857142,22.56714285714286,75.12571428571428
South,2015-01-12,2015-01-18,10,0.0,0.0,0.0,0.4457142857142857,22.87142857142857,75.90571428571427
South,2015-01-19,2015-01-25,10,0.0,0.0,0.0,0.21,24.288571428571423,81.14428571428572
South,2015-01-26,2015-02-01,10,0.0,0.0,0.0,0.6885714285714286,24.002857142857145,85.21857142857141
South,2015-02-02,2015-02-08,10,0.0,0.0,0.0,3.427142857142857,24.231428571428573,86.91714285714285
South,2015-02-09,2015-02-15,10,0.0,0.0,0.0,1.835714285714286,24.027142857142856,84.64285714285714
South,2015-02-16,2015-02-22,10,0.0,0.0,0.0,1.4957142857142856,24.4,85.44285714285715
South,2015-02-23,2015-03-01,10,0.0,0.0,0.0,1.7757142857142856,23.48,87.15
South,2015-03-02,2015-03-08,10,0.0,0.0,0.0,2.204285714285714,24.292857142857144,85.63
South,2015-03-09,2015-03-15,10,0.0,0.0,0.0,2.918571428571429,24.22571428571428,88.71000000000001
South,2015-03-16,2015-03-22,10,0.0,0.0,0.0,4.815714285714285,24.122857142857143,89.95000000000002
South,2015-03-23,2015-03-29,10,0.0,0.0,0.0,4.594285714285713,23.76142857142857,90.75
South,2015-03-30,2015-04-05,10,0.0,0.0,0.0,8.007142857142856,23.014285714285712,91.01714285714286
South,2015-04-06,2015-04-12,10,0.0,0.0,0.0,7.832857142857144,23.39428571428571,92.97428571428571
South,2015-04-13,2015-04-19,10,0.0,0.0,0.0,9.054285714285712,23.65571428571429,91.14285714285714
South,2015-04-20,2015-04-26,10,0.0,0.0,0.0,5.759999999999999,23.52857142857143,90.60285714285716
South,2015-04-27,2015-05-03,10,0.0,0.0,0.0,6.57,23.464285714285715,92.42
South,2015-05-04,2015-05-10,10,0.0,0.0,0.0,4.261428571428572,23.27142857142857,92.44285714285714
South,2015-05-11,2015-05-17,10,0.0,0.0,0.0,7.851428571428571,23.86142857142857,91.90571428571428
South,2015-05-18,2015-05-24,10,0.0,0.0,0.0,5.26,23.571428571428573,92.75142857142858
South,2015-05-25,2015-05-31,10,0.0,0.0,0.0,3.207142857142857,23.657142857142865,90.87571428571428
South,2015-06-01,2015-06-07,10,0.0,0.0,0.0,4.239999999999999,22.987142857142857,91.92428571428572
South,2015-06-08,2015-06-14,10,0.0,0.0,0.0,0.96,23.31142857142857,88.36571428571428
South,2015-06-15,2015-06-21,10,0.0,0.0,0.0,4.414285714285714,22.625714285714285,91.22714285714284
South,2015-06-22,2015-06-28,10,0.0,0.0,0.0,0.8914285714285713,22.987142857142857,87.62
South,2015-06-29,2015-07-05,10,0.0,0.0,0.0,0.8242857142857142,22.445714285714285,89.14999999999999
South,2015-07-06,2015-07-12,10,0.0,0.0,0.0,2.5271428571428567,23.648571428571422,88.22285714285714
South,2015-07-13,2015-07-19,10,0.0,0.0,0.0,1.2985714285714285,23.02714285714285,87.91857142857144
South,2015-07-20,2015-07-26,10,0.0,0.0,0.0,1.4842857142857144,22.791428571428572,86.86714285714287
South,2015-07-27,2015-08-02,10,0.0,0.0,0.0,2.2785714285714285,22.092857142857135,87.40142857142858
South,2015-08-03,2015-08-09,10,0.0,0.0,0.0,1.1328571428571428,23.135714285714283,86.50142857142858
South,2015-08-10,2015-08-16,10,0.0,0.0,0.0,1.52,23.295714285714286,84.69714285714285
South,2015-08-17,2015-08-23,10,0.0,0.0,0.0,0.8914285714285715,23.69428571428572,83.23571428571428
South,2015-08-24,2015-08-30,10,0.0,0.0,0.0,3.1242857142857146,22.777142857142856,87.56285714285715
South,2015-08-31,2015-09-06,10,0.0,0.0,0.0,2.52,23.078571428571426,86.91142857142856
South,2015-09-07,2015-09-13,10,0.0,0.0,0.0,3.162857142857143,23.452857142857145,86.5942857142857
South,2015-09-14,2015-09-20,10,0.0,0.0,0.0,6.0,22.81571428571429,91.04571428571428
South,2015-09-21,2015-09-27,10,0.0,0.0,0.0,4.578571428571429,23.152857142857147,89.13285714285715
South,2015-09-28,2015-10-04,10,0.0,0.0,0.0,5.269999999999999,23.125714285714285,90.8942857142857
South,2015-10-05,2015-10-11,10,0.0,0.0,0.0,5.3571428571428585,23.11142857142857,89.51142857142857
South,2015-10-12,2015-10-18,10,0.0,0.0,0.0,11.084285714285716,23.278571428571432,93.06142857142858
South,2015-10-19,2015-10-25,10,0.0,0.0,0.0,7.475714285714285,22.72571428571428,94.19857142857144
South,2015-10-26,2015-11-01,10,0.0,0.0,0.0,10.354285714285712,22.590000000000003,93.70714285714288
South,2015-11-02,2015-11-08,10,0.0,0.0,0.0,12.624285714285715,22.67142857142857,92.27142857142856
South,2015-11-09,2015-11-15,10,0.0,0.0,0.0,6.234285714285713,23.58285714285714,88.89714285714285
South,2015-11-16,2015-11-22,10,0.0,0.0,0.0,3.674285714285714,23.384285714285717,89.12857142857142
South,2015-11-23,2015-11-29,10,0.0,0.0,0.0,3.422857142857143,23.78857142857143,87.78428571428573
South,2015-11-30,2015-12-06,10,0.0,0.0,0.0,1.9785714285714289,23.407142857142865,86.70285714285716
South,2015-12-07,2015-12-13,10,0.0,0.0,0.0,1.407142857142857,23.302857142857142,78.89571428571428
South,2015-12-14,2015-12-20,10,0.0,0.0,0.0,1.7971428571428572,22.66,82.07571428571428
South,2015-12-21,2015-12-27,10,0.0,0.0,0.0,0.2742857142857143,23.37142857142857,74.67857142857143
South,2016-01-04,2016-01-10,10,0.0,0.0,0.0,0.5299999999999999,25.36428571428571,76.62428571428572
South,2016-01-11,2016-01-17,10,0.0,0.0,0.0,2.721428571428571,25.21,79.86571428571428
South,2016-01-18,2016-01-24,10,0.0,0.0,0.0,0.4614285714285714,25.002857142857145,77.34
South,2016-01-25,2016-01-31,10,0.0,0.0,0.0,0.5828571428571429,24.56857142857143,71.88857142857144
South,2016-02-01,2016-02-07,10,0.0,0.0,0.0,1.1657142857142857,25.277142857142856,77.4742857142857
South,2016-02-08,2016-02-14,10,0.0,0.0,0.0,0.6185714285714284,25.15571428571429,76.57428571428571
South,2016-02-15,2016-02-21,10,0.0,0.0,0.0,0.7071428571428572,26.057142857142857,76.02571428571427
South,2016-02-22,2016-02-28,10,0.0,0.0,0.0,0.59,26.29714285714286,76.8
South,2016-02-29,2016-03-06,10,0.0,0.0,0.0,9.38,25.21428571428572,85.06285714285714
South,2016-03-07,2016-03-13,10,0.0,0.0,0.0,4.094285714285713,24.43142857142857,89.00857142857141
South,2016-03-14,2016-03-20,10,0.0,0.0,0.0,3.772857142857143,24.47142857142857,90.11142857142856
South,2016-03-21,2016-03-27,10,0.0,0.0,0.0,7.008571428571429,24.728571428571424,90.15285714285712
South,2016-03-28,2016-04-03,10,0.0,0.0,0.0,9.400000000000002,24.737142857142857,91.77857142857144
South,2016-04-04,2016-04-10,10,0.0,0.0,0.0,6.851428571428571,24.048571428571428,90.9557142857143
South,2016-04-11,2016-04-17,10,0.0,0.0,0.0,9.668571428571427,24.15714285714285,93.41285714285712
South,2016-04-18,2016-04-24,10,0.0,0.0,0.0,5.82,24.28142857142857,92.23428571428572
South,2016-04-25,2016-05-01,10,0.0,0.0,0.0,9.13,24.012857142857143,93.72714285714284
South,2016-05-02,2016-05-08,10,0.0,0.0,0.0,6.638571428571427,23.735714285714288,93.15142857142855
South,2016-05-09,2016-05-15,10,0.0,0.0,0.0,6.307142857142858,23.848571428571432,92.93714285714286
South,2016-05-16,2016-05-22,10,0.0,0.0,0.0,3.19,23.592857142857135,91.63
South,2016-05-23,2016-05-29,10,0.0,0.0,0.0,2.98,23.73142857142857,90.55428571428573
South,2016-05-30,2016-06-05,10,0.0,0.0,0.0,4.572857142857143,23.73714285714286,90.40857142857142
South,2016-06-06,2016-06-12,10,0.0,0.0,0.0,1.9185714285714288,23.618571428571425,90.33285714285714
South,2016-06-13,2016-06-19,10,0.0,0.0,0.0,2.7442857142857138,22.43285714285714,89.13285714285715
South,2016-06-20,2016-06-26,10,0.0,0.0,0.0,4.911428571428572,22.68857142857143,90.79714285714287
South,2016-06-27,2016-07-03,10,0.0,0.0,0.0,1.6657142857142857,23.31,88.69428571428571
South,2016-07-04,2016-07-10,10,0.0,0.0,0.0,1.6571428571428568,23.270000000000003,87.70142857142856
South,2016-07-11,2016-07-17,10,0.0,0.0,0.0,2.212857142857143,22.82,87.5142857142857
South,2016-07-18,2016-07-24,10,0.0,0.0,0.0,1.5571428571428572,22.65428571428572,88.48000000000002
South,2016-07-25,2016-07-31,10,0.0,0.0,0.0,1.9885714285714289,22.768571428571427,86.03142857142858
South,2016-08-01,2016-08-07,10,0.0,0.0,0.0,5.54,23.00428571428572,87.27857142857142
South,2016-08-08,2016-08-14,10,0.0,0.0,0.0,1.7957142857142858,22.764285714285712,87.53
South,2016-08-15,2016-08-21,10,0.0,0.0,0.0,2.397142857142857,23.2,86.58428571428571
South,2016-08-22,2016-08-28,10,0.0,0.0,0.0,12.501428571428573,22.57,92.0657142857143
South,2016-08-29,2016-09-04,10,0.0,0.0,0.0,4.132857142857143,22.61428571428572,90.60714285714286
South,2016-09-05,2016-09-11,10,0.0,0.0,0.0,4.111428571428571,23.02142857142857,90.31857142857142
South,2016-09-12,2016-09-18,10,0.0,0.0,0.0,6.961428571428571,22.21,91.83285714285714
South,2016-09-19,2016-09-25,10,0.0,0.0,0.0,6.202857142857143,22.26285714285714,92.84714285714286
South,2016-09-26,2016-10-02,10,0.0,0.0,0.0,6.148571428571429,22.83,92.26285714285714
South,2016-10-03,2016-10-09,10,0.0,0.0,0.0,2.128571428571429,23.17,90.25285714285712
South,2016-10-10,2016-10-16,10,0.0,0.0,0.0,4.772857142857142,23.455714285714286,90.77285714285712
South,2016-10-17,2016-10-23,10,0.0,1.0,0.0,12.255714285714287,23.072857142857146,90.80571428571427
South,2016-10-24,2016-10-30,10,0.0,0.0,0.0,8.545714285714284,23.07142857142857,92.56714285714284
South,2016-10-31,2016-11-06,10,0.0,0.0,0.0,8.281428571428572,23.024285714285718,92.14142857142856
South,2016-11-07,2016-11-13,10,0.0,27.0,0.0,5.568571428571429,23.27857142857143,90.18285714285716
South,2016-11-14,2016-11-20,10,0.0,0.0,0.0,7.16857142857143,23.267142857142854,90.99714285714286
South,2016-11-21,2016-11-27,10,0.0,0.0,0.0,6.121428571428572,23.714285714285715,91.14571428571428
South,2016-11-28,2016-12-04,10,0.0,0.0,0.0,4.922857142857143,23.374285714285715,92.44285714285716
South,2016-12-05,2016-12-11,10,0.0,0.0,0.0,3.622857142857143,23.58428571428572,88.25857142857141
South,2016-12-12,2016-12-18,10,0.0,0.0,0.0,0.7385714285714285,24.017142857142854,85.64999999999999
South,2016-12-19,2016-12-25,10,0.0,0.0,0.0,0.6042857142857143,24.148571428571422,82.91571428571429
South,2016-12-26,2017-01-01,10,0.0,0.0,0.0,0.95,23.50857142857143,85.76571428571428
South,2017-01-02,2017-01-08,10,0.0,0.0,0.0,0.7342857142857142,24.075714285714287,83.14285714285714
South,2017-01-09,2017-01-15,10,0.0,0.0,0.0,0.5442857142857143,24.01,83.2242857142857
South,2017-01-16,2017-01-22,10,0.0,0.0,0.0,0.5914285714285715,24.65857142857143,84.28999999999999
South,2017-01-23,2017-01-29,10,0.0,0.0,0.0,3.391428571428572,23.974285714285717,86.50857142857144
South,2017-01-30,2017-02-05,10,0.0,0.0,0.0,1.762857142857143,24.562857142857144,83.81285714285714
South,2017-02-06,2017-02-12,10,0.0,0.0,0.0,1.374285714285714,24.43428571428572,84.55714285714285
South,2017-02-13,2017-02-19,10,0.0,0.0,0.0,1.5442857142857145,24.208571428571425,83.67428571428572
South,2017-02-20,2017-02-26,10,0.0,0.0,0.0,0.2842857142857143,25.048571428571424,81.22142857142856
South,2017-02-27,2017-03-05,10,0.0,0.0,0.0,0.3471428571428572,24.82428571428571,81.99428571428572
South,2017-03-06,2017-03-12,10,0.0,0.0,0.0,7.677142857142857,23.728571428571428,89.78428571428572
South,2017-03-13,2017-03-19,10,0.0,0.0,0.0,3.302857142857143,24.360000000000003,87.83428571428571
South,2017-03-20,2017-03-26,10,0.0,0.0,0.0,5.338571428571428,23.982857142857146,88.90857142857143
South,2017-03-27,2017-04-02,10,0.0,0.0,0.0,2.7828571428571425,24.618571428571425,87.87999999999998
South,2017-04-03,2017-04-09,10,0.0,0.0,0.0,5.131428571428572,24.31714285714286,88.69142857142857
South,2017-04-10,2017-04-16,10,0.0,0.0,0.0,7.018571428571429,23.94142857142857,92.50571428571428
South,2017-04-17,2017-04-23,10,0.0,0.0,0.0,4.938571428571429,23.755714285714284,92.3614285714286
South,2017-04-24,2017-04-30,10,0.0,0.0,0.0,2.8485714285714283,24.25142857142857,88.74857142857141
South,2017-05-01,2017-05-07,10,0.0,0.0,0.0,6.1071428571428585,23.81714285714286,90.9242857142857
South,2017-05-08,2017-05-14,10,0.0,0.0,0.0,2.97,24.232857142857146,89.76
South,2017-05-15,2017-05-21,10,0.0,0.0,0.0,5.672857142857143,23.76142857142857,91.64142857142858
South,2017-05-22,2017-05-28,10,0.0,0.0,0.0,15.292857142857144,23.455714285714286,91.57
South,2017-05-29,2017-06-04,10,0.0,0.0,0.0,2.835714285714286,23.94,89.53999999999999
South,2017-06-05,2017-06-11,10,0.0,0.0,0.0,1.0357142857142858,24.311428571428568,88.05142857142857
South,2017-06-12,2017-06-18,10,0.0,0.0,0.0,3.2,23.08285714285714,90.26142857142855
South,2017-06-19,2017-06-25,10,0.0,0.0,0.0,9.167142857142858,22.631428571428568,91.88
South,2017-06-26,2017-07-02,10,0.0,0.0,0.0,4.737142857142857,22.55857142857143,91.56571428571428
South,2017-07-03,2017-07-09,10,0.0,0.0,0.0,0.2928571428571428,22.98,85.33714285714287
South,2017-07-10,2017-07-16,10,0.0,0.0,0.0,1.1814285714285713,22.88,85.12714285714286
South,2017-07-17,2017-07-23,10,0.0,0.0,0.0,3.325714285714286,23.11142857142857,87.76285714285714
South,2017-07-24,2017-07-30,10,0.0,0.0,0.0,3.0028571428571422,22.731428571428573,88.0757142857143
South,2017-07-31,2017-08-06,10,0.0,0.0,0.0,4.005714285714285,22.68857142857143,88.30571428571429
South,2017-08-07,2017-08-13,10,0.0,0.0,0.0,2.9257142857142853,22.692857142857143,87.58285714285715
South,2017-08-14,2017-08-20,10,0.0,0.0,0.0,1.1871428571428573,22.72571428571429,86.46285714285713
South,2017-08-21,2017-08-27,10,0.0,0.0,0.0,2.802857142857143,22.65571428571429,86.38857142857144
South,2017-08-28,2017-09-03,10,0.0,0.0,0.0,1.282857142857143,22.97571428571428,83.32571428571428
South,2017-09-04,2017-09-10,10,0.0,0.0,0.0,4.917142857142857,23.115714285714287,87.09714285714286
South,2017-09-11,2017-09-17,10,0.0,0.0,0.0,5.4157142857142855,22.674285714285716,89.98000000000002
South,2017-09-18,2017-09-24,10,0.0,0.0,0.0,6.168571428571428,22.958571428571428,90.80999999999996
South,2017-09-25,2017-10-01,10,0.0,0.0,0.0,5.764285714285713,22.991428571428568,89.88285714285713
South,2017-10-02,2017-10-08,10,0.0,0.0,0.0,2.524285714285714,23.435714285714287,89.04999999999998
South,2017-10-09,2017-10-15,10,0.0,0.0,0.0,9.942857142857145,22.65142857142857,92.02714285714286
South,2017-10-16,2017-10-22,10,0.0,0.0,0.0,4.935714285714285,23.43428571428572,91.99857142857142
South,2017-10-23,2017-10-29,10,0.0,0.0,0.0,5.767142857142858,22.71285714285714,93.11142857142856
South,2017-10-30,2017-11-05,10,0.0,0.0,0.0,6.359999999999999,23.00857142857143,90.83571428571427
South,2017-11-06,2017-11-12,10,0.0,0.0,0.0,3.841428571428572,23.15,91.1257142857143
South,2017-11-13,2017-11-19,10,0.0,0.0,0.0,9.962857142857144,23.288571428571423,91.68285714285716
South,2017-11-20,2017-11-26,10,0.0,0.0,0.0,3.7714285714285714,23.17285714285714,88.3057142857143
South,2017-11-27,2017-12-03,10,0.0,0.0,0.0,2.108571428571428,23.77857142857143,85.82714285714285
South,2017-12-04,2017-12-10,10,0.0,0.0,0.0,1.07,24.052857142857142,85.94857142857143
South,2017-12-11,2017-12-17,10,0.0,0.0,0.0,1.14,24.04,86.00285714285714
South,2017-12-18,2017-12-24,10,0.0,0.0,0.0,1.7614285714285711,24.38857142857143,84.38857142857144
South,2017-12-25,2017-12-31,10,0.0,0.0,0.0,0.4242857142857143,24.367142857142856,80.99428571428571
South,2018-01-01,2018-01-07,7,0.0,0.0,0.0,0.4357142857142858,23.37142857142857,76.51571428571427
South,2018-01-01,2018-12-30,6,0.0,1.0,0.0,3.347252747252748,23.84612637362637,84.91994505494506
South,2018-01-08,2018-01-14,7,0.0,0.0,0.0,0.6071428571428571,24.29857142857143,77.9057142857143
South,2018-01-15,2018-01-21,7,0.0,0.0,0.0,2.334285714285714,24.45,77.55285714285715
South,2018-01-22,2018-01-28,7,0.0,0.0,0.0,0.5014285714285714,24.44571428571428,77.84142857142857
South,2018-01-29,2018-02-04,7,0.0,0.0,0.0,0.1599999999999999,25.555714285714284,73.67142857142856
South,2018-02-05,2018-02-11,7,0.0,0.0,0.0,1.4342857142857142,26.08714285714285,76.70714285714284
South,2018-02-12,2018-02-18,7,0.0,0.0,0.0,4.262857142857143,25.154285714285717,82.87428571428572
South,2018-02-19,2018-02-25,7,0.0,0.0,0.0,2.7657142857142856,24.277142857142856,84.92142857142856
South,2018-02-26,2018-03-04,7,0.0,0.0,0.0,3.325714285714285,23.70142857142857,85.18285714285715
South,2018-03-05,2018-03-11,7,0.0,0.0,0.0,6.184285714285714,24.34857142857143,85.53714285714285
South,2018-03-12,2018-03-18,7,0.0,0.0,0.0,5.018571428571428,24.08142857142857,87.03571428571429
South,2018-03-19,2018-03-25,7,0.0,0.0,0.0,3.0428571428571423,23.92571428571429,86.88285714285715
South,2018-03-26,2018-04-01,7,0.0,0.0,0.0,5.912857142857143,24.58,87.46857142857144
South,2018-04-02,2018-04-08,7,0.0,0.0,0.0,3.997142857142857,23.794285714285717,88.20285714285714
South,2018-04-09,2018-04-15,7,0.0,0.0,0.0,5.718571428571428,22.874285714285715,91.75857142857144
South,2018-04-16,2018-04-22,7,0.0,0.0,0.0,2.9871428571428567,23.90857142857143,87.50428571428573
South,2018-04-23,2018-04-29,7,0.0,0.0,0.0,7.364285714285714,23.868571428571432,90.30857142857144
South,2018-04-30,2018-05-06,7,0.0,0.0,0.0,1.9914285714285715,24.368571428571425,88.60142857142857
South,2018-05-07,2018-05-13,7,0.0,0.0,0.0,6.631428571428572,23.554285714285715,91.65999999999998
South,2018-05-14,2018-05-20,7,0.0,0.0,0.0,4.717142857142856,23.43285714285714,90.06142857142856
South,2018-05-18,2020-12-16,1,0.0,23.0,0.0,3.7411440677966095,24.14360169491525,82.87539194915254
South,2018-05-21,2018-05-27,7,0.0,0.0,0.0,1.3928571428571428,23.78571428571428,87.58571428571429
South,2018-05-28,2018-06-03,7,0.0,0.0,0.0,2.9414285714285717,23.884285714285717,88.51428571428573
South,2018-06-04,2018-06-10,7,0.0,0.0,0.0,0.8514285714285714,24.52142857142857,81.92571428571429
South,2018-06-11,2018-06-17,7,0.0,0.0,0.0,0.8857142857142856,25.03857142857143,77.90142857142857
South,2018-06-18,2018-06-24,7,0.0,0.0,0.0,4.71142857142857,22.72142857142857,85.14285714285714
South,2018-06-25,2018-07-01,7,0.0,0.0,0.0,4.744285714285715,22.625714285714288,87.53285714285714
South,2018-07-02,2018-07-08,7,0.0,0.0,0.0,2.855714285714285,23.465714285714288,85.38428571428572
South,2018-07-09,2018-07-15,7,0.0,0.0,0.0,0.6485714285714287,24.14,80.10428571428572
South,2018-07-16,2018-07-22,7,0.0,2.0,0.0,3.011428571428571,23.17142857142857,85.90714285714284
South,2018-07-17,2018-08-12,1,0.0,1.0,0.0,2.331111111111111,23.11148148148148,83.56629629629631
South,2018-07-23,2018-07-29,7,0.0,0.0,0.0,3.74,22.74,86.10857142857142
South,2018-07-30,2018-08-05,7,0.0,0.0,0.0,0.95,23.02142857142857,81.58571428571429
South,2018-08-06,2018-08-12,7,0.0,0.0,0.0,2.631428571428572,23.458571428571428,81.83428571428571
South,2018-08-13,2018-08-19,7,0.0,0.0,0.0,3.650000000000001,23.285714285714285,84.49142857142859
South,2018-08-20,2018-08-26,6,0.0,0.0,0.0,1.4342857142857142,22.821428571428573,82.88
South,2018-08-27,2018-09-02,7,0.0,0.0,0.0,6.725714285714285,22.805714285714284,86.64999999999999
South,2018-09-03,2018-09-09,7,0.0,0.0,0.0,4.011428571428572,23.217142857142857,87.02571428571427
South,2018-09-10,2018-09-16,7,0.0,0.0,0.0,4.482857142857143,23.12857142857143,86.74571428571429
South,2018-09-17,2018-09-23,7,0.0,0.0,0.0,3.262857142857144,23.53714285714286,87.23285714285713
South,2018-09-24,2018-09-30,7,0.0,0.0,0.0,8.117142857142857,23.01571428571429,90.88857142857144
South,2018-10-01,2018-10-07,7,0.0,0.0,0.0,5.041428571428571,23.00714285714286,89.96285714285715
South,2018-10-08,2018-10-14,7,0.0,0.0,0.0,4.622857142857143,22.822857142857146,90.51571428571428
South,2018-10-15,2018-10-21,7,0.0,0.0,0.0,4.617142857142857,23.524285714285718,88.9342857142857
South,2018-10-22,2018-10-28,7,0.0,0.0,0.0,6.798571428571429,23.572857142857146,88.52
South,2018-10-29,2018-11-04,7,0.0,0.0,0.0,7.482857142857143,23.157142857142865,91.38571428571429
South,2018-11-05,2018-11-11,7,0.0,0.0,0.0,2.5485714285714285,23.76142857142857,89.47142857142858
South,2018-11-12,2018-11-18,7,0.0,0.0,0.0,5.887142857142856,23.635714285714283,89.00571428571429
South,2018-11-19,2018-11-25,7,0.0,0.0,0.0,3.347142857142857,24.217142857142854,88.73714285714287
South,2018-11-26,2018-12-02,7,0.0,0.0,0.0,1.0685714285714287,24.24142857142857,85.7042857142857
South,2018-12-10,2018-12-16,7,0.0,0.0,0.0,0.7542857142857143,24.937142857142856,79.09285714285716
South,2018-12-17,2018-12-23,7,0.0,0.0,0.0,0.2928571428571428,25.085714285714285,74.25285714285714
South,2018-12-24,2018-12-30,7,0.0,0.0,0.0,0.45,25.071428571428573,74.34285714285716
South,2018-12-31,2019-01-06,7,0.0,0.0,0.0,1.2571428571428571,25.46,75.41714285714286
South,2018-12-31,2019-12-29,6,0.0,0.0,0.0,2.7815934065934065,24.658791208791207,79.8007967032967
South,2019-01-07,2019-01-13,7,0.0,0.0,0.0,0.09,26.017142857142854,69.78714285714285
South,2019-01-14,2019-01-20,7,0.0,0.0,0.0,0.1842857142857143,26.467142857142857,68.65285714285714
South,2019-01-21,2019-01-27,7,0.0,0.0,0.0,0.36,25.73714285714286,71.38571428571429
South,2019-01-28,2019-02-03,7,0.0,0.0,0.0,1.7242857142857144,26.001428571428573,73.65714285714286
South,2019-02-04,2019-02-10,7,0.0,0.0,0.0,7.814285714285715,25.607142857142858,79.19142857142856
South,2019-02-11,2019-02-17,7,0.0,0.0,0.0,0.1699999999999999,25.738571428571426,73.90285714285713
South,2019-02-18,2019-02-24,7,0.0,0.0,0.0,0.3628571428571429,25.72714285714286,73.9242857142857
South,2019-02-25,2019-03-03,7,0.0,0.0,0.0,4.001428571428571,24.23857142857143,84.49000000000001
South,2019-03-04,2019-03-10,7,0.0,0.0,0.0,1.9942857142857144,25.24285714285714,78.78428571428572
South,2019-03-11,2019-03-17,7,0.0,0.0,0.0,0.8471428571428571,26.03,77.94714285714285
South,2019-03-18,2019-03-24,7,0.0,0.0,0.0,3.144285714285714,25.960000000000004,79.46285714285715
South,2019-05-13,2019-05-19,7,0.0,0.0,0.0,1.7785714285714285,25.26571428571429,79.10142857142857
South,2019-12-30,2020-01-05,1,0.0,0.0,0.0,0.0771428571428571,26.27428571428572,63.02857142857142
South,2020-01-01,2020-10-25,1,25.0,798.0,20.0,5.007391304347826,24.00528428093645,83.85591973244146
South,2020-01-06,2020-01-12,1,0.0,0.0,0.0,0.3442857142857142,26.14,66.49
South,2020-01-13,2020-01-19,1,0.0,0.0,0.0,0.0657142857142857,26.822857142857146,67.20571428571428
South,2020-01-20,2020-01-26,1,0.0,0.0,0.0,0.0071428571428571,26.027142857142856,54.34571428571428
South,2020-01-27,2020-02-02,1,0.0,0.0,0.0,0.1857142857142857,26.93285714285714,63.805714285714295
South,2020-02-03,2020-02-09,1,0.0,0.0,0.0,0.0685714285714285,26.9,61.27857142857143
South,2020-02-10,2020-02-16,1,0.0,1.0,0.0,0.0757142857142857,27.52,61.805714285714295
South,2020-02-17,2020-02-23,1,0.0,3.0,0.0,2.4642857142857144,27.34,68.36
South,2020-02-24,2020-03-01,1,0.0,0.0,0.0,2.4200000000000004,26.524285714285718,75.26428571428572
South,2020-03-02,2020-03-08,1,0.0,0.0,0.0,3.738571428571429,25.697142857142858,76.50999999999999
South,2020-03-09,2020-03-15,1,0.0,0.0,0.0,10.437142857142858,25.215714285714284,85.18142857142857
South,2020-03-16,2020-03-22,1,0.0,0.0,0.0,38.955714285714286,24.214285714285715,90.69428571428573
South,2020-03-23,2020-03-29,1,0.0,0.0,0.0,4.871428571428572,23.852857142857143,90.88857142857144
South,2020-03-30,2020-04-05,1,0.0,0.0,0.0,5.76,24.074285714285715,91.4742857142857
South,2020-04-06,2020-04-12,1,0.0,0.0,0.0,5.632857142857143,23.867142857142856,89.23
South,2020-04-13,2020-04-19,1,0.0,0.0,0.0,3.0500000000000003,24.548571428571428,86.20285714285716
South,2020-04-20,2020-04-26,1,0.0,0.0,0.0,2.837142857142857,23.98857142857143,87.70857142857143
South,2020-04-27,2020-05-03,1,0.0,10.0,0.0,6.867142857142857,24.12,89.28571428571429
South,2020-05-01,2020-10-18,1,23.0,780.0,17.0,5.019122807017544,22.931929824561404,89.23035087719298
South,2020-05-01,2020-12-16,2,3.0,18.0,3.0,5.127,23.06186956521739,89.18921739130435
South,2020-05-04,2020-05-10,1,3.0,50.0,0.0,12.962857142857144,23.884285714285717,90.9157142857143
South,2020-05-11,2020-05-17,1,0.0,27.0,0.0,4.045714285714285,23.527142857142856,92.37714285714284
South,2020-05-18,2020-05-24,1,4.0,47.0,0.0,8.514285714285714,23.68285714285714,91.34000000000002
South,2020-05-25,2020-05-31,1,0.0,42.0,0.0,1.7942857142857145,24.215714285714284,89.17142857142856
South,2020-06-01,2020-06-07,1,1.0,34.0,0.0,2.198571428571429,23.867142857142856,87.35
South,2020-06-08,2020-06-14,1,0.0,41.0,0.0,1.75,23.608571428571427,84.47000000000001
South,2020-06-15,2020-06-21,1,1.0,45.0,0.0,9.521428571428572,23.645714285714288,87.00714285714285
South,2020-06-22,2020-06-28,1,4.0,72.0,0.0,6.785714285714287,23.042857142857144,90.85857142857142
South,2020-06-29,2020-07-05,1,3.0,28.0,0.0,6.784285714285715,22.43285714285714,92.60571428571428
South,2020-07-06,2020-07-12,1,3.0,73.0,0.0,5.731428571428571,22.371428571428574,90.27857142857142
South,2020-07-13,2020-07-19,1,0.0,23.0,0.0,3.192857142857143,22.10571428571429,90.70285714285714
South,2020-07-20,2020-07-26,1,3.0,43.0,0.0,5.071428571428571,22.367142857142856,88.84857142857143
South,2020-07-27,2020-08-02,1,0.0,27.0,0.0,1.61,22.6,86.87571428571428
South,2020-08-03,2020-08-09,1,2.0,27.0,0.0,1.16,22.430000000000003,83.72857142857143
South,2020-08-10,2020-08-16,1,0.0,19.0,0.0,1.6957142857142855,23.25428571428572,84.2357142857143
South,2020-08-17,2020-08-23,1,0.0,11.0,0.0,4.505714285714285,23.19142857142857,86.77285714285715
South,2020-08-24,2020-08-30,1,0.0,31.0,0.0,4.512857142857143,22.285714285714285,90.11857142857144
South,2020-08-31,2020-09-06,1,1.0,42.0,0.0,6.054285714285713,22.60857142857143,89.32428571428571
South,2020-09-07,2020-09-13,1,0.0,34.0,0.0,3.972857142857142,22.74142857142857,89.07285714285715
South,2020-09-14,2020-09-20,1,0.0,34.0,0.0,6.587142857142858,22.645714285714288,91.08428571428573
South,2020-09-21,2020-09-27,1,0.0,27.0,0.0,5.3585714285714285,21.85571428571429,91.16857142857144
South,2020-09-28,2020-10-04,1,0.0,2.0,0.0,3.902857142857143,22.465714285714284,91.85285714285716
South,2020-10-05,2020-10-11,1,0.0,4.0,0.0,2.212857142857143,22.635714285714283,88.27285714285713
South,2020-10-12,2020-10-18,1,0.0,7.0,0.0,9.717142857142855,22.49,92.13857142857144
South,2020-10-19,2020-10-25,1,0.0,0.0,0.0,6.395714285714286,23.02142857142857,91.30857142857144
South,2020-10-26,2020-11-01,1,0.0,0.0,0.0,15.54,22.895714285714288,92.39285714285714
South,2020-11-02,2020-11-08,1,0.0,0.0,0.0,5.114285714285714,23.08714285714285,91.09285714285714
South,2020-11-30,2020-12-06,1,0.0,0.0,0.0,2.4528571428571437,23.705714285714286,86.63714285714288
South,2021-10-25,2022-07-03,1,2.0,182.0,0.0,3.228015873015873,24.123373015873018,84.28619047619048
South,2022-01-03,2022-01-09,1,0.0,25.0,0.0,0.1657142857142857,24.40571428571429,81.38714285714286
South,2022-01-03,2022-07-03,1,0.0,106.0,0.0,2.692857142857143,24.277967032967037,83.10082417582419
South,2022-01-10,2022-01-16,1,0.0,31.0,0.0,0.3242857142857143,24.11714285714286,84.35000000000001
South,2022-01-17,2022-01-23,1,0.0,0.0,0.0,0.1499999999999999,24.035714285714285,75.25571428571429
South,2022-01-24,2022-01-30,1,0.0,0.0,0.0,0.1971428571428571,24.642857142857142,74.47142857142856
South,2022-01-31,2022-02-06,1,0.0,0.0,0.0,0.5471428571428572,24.474285714285717,75.83714285714287
South,2022-02-07,2022-02-13,1,0.0,14.0,0.0,0.02,25.41142857142857,74.34714285714287
South,2022-02-14,2022-02-20,1,0.0,0.0,0.0,0.1285714285714285,25.6,73.98571428571428
South,2022-02-28,2022-03-06,1,0.0,0.0,0.0,3.474285714285714,24.481428571428573,84.32142857142857
South,2022-03-21,2022-03-27,1,0.0,0.0,0.0,1.5114285714285711,25.31,81.46857142857142
South,2022-03-28,2022-04-03,1,0.0,0.0,0.0,2.86,24.89428571428571,82.60857142857142
South,2022-04-04,2022-04-10,1,0.0,0.0,0.0,1.2771428571428574,25.108571428571427,80.37285714285714
South-West,2010-01-04,2010-01-10,18,0.0,0.0,0.0,10.772857142857143,25.04142857142857,82.58999999999999
South-West,2010-01-11,2010-01-17,18,0.0,0.0,0.0,1.5099999999999998,25.12142857142857,85.01857142857143
South-West,2010-01-18,2010-01-24,18,0.0,0.0,0.0,0.4071428571428571,25.092857142857145,82.11857142857143
South-West,2010-01-25,2010-01-31,18,0.0,0.0,0.0,0.7242857142857143,25.472857142857144,87.5442857142857
South-West,2010-02-01,2010-02-07,18,0.0,0.0,0.0,8.162857142857142,25.54,84.94857142857143
South-West,2010-02-08,2010-02-14,18,0.0,0.0,0.0,5.022857142857142,25.14142857142857,87.19285714285715
South-West,2010-02-15,2010-02-21,18,0.0,0.0,0.0,1.4785714285714289,25.39,88.71000000000001
South-West,2010-02-22,2010-02-28,18,0.0,0.0,0.0,8.511428571428572,25.291428571428572,90.26
South-West,2010-03-01,2010-03-07,18,0.0,0.0,0.0,3.9957142857142856,26.28857142857143,85.74285714285713
South-West,2010-03-08,2010-03-14,18,0.0,0.0,0.0,9.745714285714286,25.10428571428572,90.79857142857142
South-West,2010-03-15,2010-03-21,18,0.0,0.0,0.0,5.61142857142857,24.66,90.31857142857145
South-West,2010-03-22,2010-03-28,18,0.0,0.0,0.0,2.5042857142857144,25.66142857142857,85.76142857142858
South-West,2010-03-29,2010-04-04,18,0.0,0.0,0.0,4.461428571428571,25.795714285714286,88.48
South-West,2010-04-05,2010-04-11,18,0.0,0.0,0.0,5.001428571428572,25.49714285714285,88.61
South-West,2010-04-12,2010-04-18,18,0.0,0.0,0.0,6.984285714285712,25.908571428571435,90.37142857142857
South-West,2010-04-19,2010-04-25,18,0.0,0.0,0.0,10.982857142857142,25.37714285714286,91.8585714285714
South-West,2010-04-26,2010-05-02,18,0.0,0.0,0.0,4.582857142857143,25.05,90.73714285714289
South-West,2010-05-03,2010-05-09,18,0.0,0.0,0.0,8.522857142857145,24.83428571428572,91.77714285714286
South-West,2010-05-06,2010-10-03,1,515.0,7869.0,0.0,11.14185430463576,23.708344370860928,92.0003311258278
South-West,2010-05-06,2010-12-31,1,13.0,355.0,0.0,8.35975,23.8245,90.6685
South-West,2010-05-10,2010-05-16,18,0.0,0.0,0.0,3.0742857142857147,25.212857142857143,91.00285714285714
South-West,2010-05-17,2010-05-23,18,0.0,0.0,0.0,6.825714285714285,24.77714285714285,92.74285714285716
South-West,2010-05-24,2010-05-30,18,0.0,0.0,0.0,3.3285714285714283,25.147142857142853,91.41428571428573
South-West,2010-05-31,2010-06-06,18,0.0,0.0,0.0,11.734285714285717,23.895714285714284,92.0542857142857
South-West,2010-06-07,2010-06-13,18,0.0,0.0,0.0,0.2457142857142857,24.867142857142856,89.87
South-West,2010-06-14,2010-06-20,18,0.0,0.0,0.0,5.075714285714286,24.04,91.58857142857144
South-West,2010-06-21,2010-06-27,18,0.0,0.0,0.0,11.261428571428572,23.93142857142857,91.99714285714286
South-West,2010-06-28,2010-07-04,18,0.0,0.0,0.0,11.807142857142855,23.60428571428572,92.41428571428573
South-West,2010-07-05,2010-07-11,18,0.0,0.0,0.0,35.61,23.184285714285718,93.28714285714284
South-West,2010-07-12,2010-07-18,18,0.0,0.0,0.0,8.40857142857143,23.162857142857145,92.29999999999998
South-West,2010-07-19,2010-07-25,18,0.0,0.0,0.0,16.837142857142858,22.897142857142857,92.78857142857144
South-West,2010-07-26,2010-08-01,18,0.0,0.0,0.0,10.838571428571427,22.84714285714286,93.0085714285714
South-West,2010-08-02,2010-08-08,18,0.0,0.0,0.0,28.61428571428572,23.14142857142857,93.22571428571428
South-West,2010-08-09,2010-08-15,18,0.0,0.0,0.0,16.454285714285714,23.218571428571437,91.17285714285715
South-West,2010-08-16,2010-08-22,18,0.0,0.0,0.0,19.15285714285714,23.27428571428572,93.04999999999998
South-West,2010-08-23,2010-08-29,18,0.0,0.0,0.0,9.78,23.06,92.8585714285714
South-West,2010-08-30,2010-09-05,18,0.0,0.0,0.0,5.5371428571428565,23.08142857142857,92.3742857142857
South-West,2010-09-06,2010-09-12,18,0.0,0.0,0.0,3.794285714285714,23.11285714285714,90.90428571428572
South-West,2010-09-13,2010-09-19,18,0.0,0.0,0.0,3.708571428571428,23.46142857142857,90.64428571428572
South-West,2010-09-20,2010-09-26,18,0.0,0.0,0.0,19.96,23.381428571428568,91.63285714285712
South-West,2010-09-27,2010-10-03,18,0.0,0.0,0.0,4.398571428571429,23.90571428571429,91.4557142857143
South-West,2010-10-04,2010-10-10,18,0.0,0.0,0.0,8.931428571428572,23.792857142857144,90.55571428571427
South-West,2010-10-11,2010-10-17,18,0.0,0.0,0.0,6.574285714285715,23.485714285714288,92.13714285714286
South-West,2010-10-18,2010-10-24,18,0.0,0.0,0.0,8.024285714285714,23.185714285714287,92.90571428571428
South-West,2010-10-25,2010-10-31,18,0.0,0.0,0.0,5.51,23.97571428571428,90.3142857142857
South-West,2010-11-01,2010-11-07,18,0.0,0.0,0.0,4.4,23.754285714285714,90.17714285714284
South-West,2010-11-08,2010-11-14,18,0.0,1.0,0.0,2.9171428571428573,24.161428571428576,89.96285714285715
South-West,2010-11-15,2010-11-21,18,2.0,14.0,0.0,3.771428571428572,24.11142857142857,90.03
South-West,2010-11-22,2010-11-28,18,1.0,36.0,0.0,1.1585714285714286,24.215714285714284,91.48714285714286
South-West,2010-11-29,2010-12-05,18,0.0,43.0,0.0,0.9142857142857144,24.72714285714286,87.29714285714286
South-West,2010-12-06,2010-12-12,18,4.0,56.0,0.0,0.0857142857142857,24.048571428571428,84.75571428571429
South-West,2010-12-13,2010-12-19,18,0.0,37.0,0.0,0.0214285714285714,24.84857142857143,82.57428571428571
South-West,2010-12-20,2010-12-26,18,5.0,53.0,0.0,3.894285714285714,24.012857142857143,83.00857142857141
South-West,2010-12-27,2011-01-02,18,1.0,96.0,0.0,0.13,23.91,81.78285714285714
South-West,2011-01-01,2011-09-22,11,62.0,6060.0,0.0,9.85554716981132,24.213471698113207,88.69241509433961
South-West,2011-01-03,2011-01-09,18,1.0,40.0,0.0,1.197142857142857,24.312857142857144,82.36
South-West,2011-01-10,2011-01-16,18,2.0,45.0,0.0,0.0371428571428571,24.03,73.85142857142857
South-West,2011-01-17,2011-01-23,18,1.0,84.0,0.0,0.0657142857142857,24.96,74.24142857142859
South-West,2011-01-24,2011-01-30,18,1.0,57.0,0.0,0.0328571428571428,26.442857142857143,75.77999999999999
South-West,2011-01-31,2011-02-06,18,0.0,55.0,0.0,3.128571428571429,24.805714285714288,86.53285714285713
South-West,2011-02-07,2011-02-13,18,2.0,43.0,0.0,0.2942857142857143,25.575714285714287,81.07142857142857
South-West,2011-02-14,2011-02-20,18,0.0,59.0,0.0,5.221428571428572,24.844285714285714,86.53285714285714
South-West,2011-02-21,2011-02-27,18,1.0,36.0,0.0,2.6042857142857145,24.58428571428572,85.08285714285714
South-West,2011-02-28,2011-03-06,18,3.0,54.0,0.0,5.850000000000001,24.545714285714286,88.06142857142856
South-West,2011-03-07,2011-03-13,18,1.0,36.0,0.0,1.6,25.90857142857143,84.93571428571428
South-West,2011-03-14,2011-03-20,18,3.0,43.0,0.0,2.457142857142857,25.34857142857143,86.14857142857143
South-West,2011-03-21,2011-03-27,18,0.0,35.0,0.0,6.12,24.61428571428572,87.82714285714285
South-West,2011-03-28,2011-04-03,18,1.0,27.0,0.0,3.2528571428571427,25.01428571428572,88.14571428571428
South-West,2011-04-04,2011-04-10,18,1.0,72.0,0.0,4.591428571428572,24.919999999999995,87.14714285714285
South-West,2011-04-11,2011-04-17,18,0.0,52.0,0.0,5.19,25.27285714285714,87.21857142857144
South-West,2011-04-18,2011-04-24,18,5.0,257.0,0.0,4.747142857142857,25.045714285714286,91.11285714285714
South-West,2011-04-25,2011-05-01,18,1.0,245.0,0.0,1.241428571428571,24.56,89.5657142857143
South-West,2011-05-02,2011-05-08,18,1.0,237.0,0.0,3.3742857142857146,25.43,88.26571428571427
South-West,2011-05-09,2011-05-15,18,1.0,285.0,0.0,4.497142857142856,25.071428571428573,90.4342857142857
South-West,2011-05-16,2011-05-22,18,0.0,232.0,0.0,4.2371428571428575,24.731428571428573,92.72
South-West,2011-05-23,2011-05-29,18,0.0,82.0,0.0,9.421428571428573,24.228571428571428,91.55142857142856
South-West,2011-05-30,2011-06-05,18,0.0,61.0,0.0,6.311428571428571,24.318571428571428,93.45428571428572
South-West,2011-06-06,2011-06-12,18,0.0,52.0,0.0,7.621428571428572,24.051428571428573,91.50285714285714
South-West,2011-06-13,2011-06-19,18,0.0,44.0,0.0,18.321428571428573,24.134285714285717,92.11
South-West,2011-06-20,2011-06-26,18,1.0,79.0,0.0,12.114285714285716,23.442857142857143,92.85714285714286
South-West,2011-06-27,2011-07-03,18,1.0,171.0,0.0,21.08,23.42571428571429,92.45285714285716
South-West,2011-07-04,2011-07-10,18,1.0,201.0,0.0,19.20142857142857,23.47142857142857,93.57428571428572
South-West,2011-07-11,2011-07-17,18,0.0,96.0,0.0,7.96,23.028571428571432,91.29142857142855
South-West,2011-07-18,2011-07-24,18,1.0,59.0,0.0,19.518571428571427,23.44,92.70000000000002
South-West,2011-07-25,2011-07-31,18,2.0,71.0,0.0,19.821428571428573,22.43142857142857,92.64857142857144
South-West,2011-08-01,2011-08-07,18,0.0,50.0,0.0,37.16428571428571,22.837142857142855,93.81
South-West,2011-08-08,2011-08-14,18,0.0,16.0,0.0,15.775714285714283,22.75714285714286,93.13142857142856
South-West,2011-08-15,2011-08-21,18,0.0,32.0,0.0,25.77285714285714,22.625714285714285,93.80857142857144
South-West,2011-08-22,2011-08-28,18,0.0,18.0,0.0,17.27142857142857,22.964285714285715,93.26
South-West,2011-08-29,2011-09-04,18,1.0,8.0,0.0,12.79857142857143,22.97,92.39428571428572
South-West,2011-09-05,2011-09-11,18,0.0,6.0,0.0,10.95142857142857,23.32,92.03857142857144
South-West,2011-09-12,2011-09-18,18,0.0,11.0,0.0,47.40857142857143,22.961428571428574,93.62285714285711
South-West,2011-09-19,2011-09-25,18,0.0,11.0,0.0,8.601428571428572,23.647142857142857,91.01
South-West,2011-09-23,2011-12-11,1,0.0,62.0,0.0,5.335500000000001,23.912750000000003,89.393375
South-West,2011-09-26,2011-10-02,18,0.0,9.0,0.0,5.857142857142857,23.367142857142856,91.6
South-West,2011-10-03,2011-10-09,18,0.0,6.0,0.0,4.842857142857143,23.945714285714285,91.74142857142856
South-West,2011-10-10,2011-10-16,18,0.0,6.0,0.0,17.654285714285717,23.392857142857142,93.11428571428571
South-West,2011-10-17,2011-10-23,18,0.0,0.0,0.0,10.465714285714286,23.76,92.16285714285716
South-West,2011-10-24,2011-10-30,18,0.0,4.0,0.0,10.477142857142857,23.26142857142857,91.85285714285712
South-West,2011-10-31,2011-11-06,18,0.0,0.0,0.0,4.788571428571428,23.65571428571429,91.47
South-West,2011-11-07,2011-11-13,18,0.0,3.0,0.0,1.3814285714285717,24.29571428571429,90.97571428571428
South-West,2011-11-14,2011-11-20,18,0.0,1.0,0.0,0.1385714285714286,24.312857142857144,90.2942857142857
South-West,2011-11-21,2011-11-27,18,1.0,3.0,0.0,1.2642857142857145,24.574285714285715,86.0657142857143
South-West,2011-11-28,2011-12-04,18,0.0,9.0,0.0,0.2557142857142857,24.28857142857143,81.20428571428572
South-West,2011-12-05,2011-12-11,18,0.0,4.0,0.0,0.04,24.2,81.61142857142859
South-West,2011-12-12,2011-12-18,18,0.0,2.0,0.0,0.2871428571428571,23.97428571428572,82.28714285714285
South-West,2011-12-19,2011-12-25,18,0.0,2.0,0.0,0.0085714285714285,24.461428571428574,82.61
South-West,2011-12-26,2012-01-01,18,0.0,0.0,0.0,0.3771428571428571,24.712857142857143,81.68142857142857
South-West,2012-01-02,2012-01-08,18,0.0,0.0,0.0,0.6257142857142857,24.414285714285715,77.53428571428572
South-West,2012-01-09,2012-01-15,18,0.0,0.0,0.0,0.5885714285714286,25.077142857142857,75.21142857142857
South-West,2012-01-16,2012-01-22,18,0.0,0.0,0.0,0.0557142857142857,25.040000000000003,80.5442857142857
South-West,2012-01-23,2012-01-29,18,0.0,0.0,0.0,0.3771428571428571,25.43857142857143,81.58714285714287
South-West,2012-01-30,2012-02-05,18,0.0,0.0,0.0,0.8357142857142856,25.641428571428573,79.31571428571428
South-West,2012-02-06,2012-02-12,18,0.0,2.0,0.0,3.69,24.974285714285717,84.27142857142857
South-West,2012-02-13,2012-02-19,18,0.0,0.0,0.0,5.812857142857142,24.92285714285714,84.43285714285715
South-West,2012-02-20,2012-02-26,18,0.0,1.0,0.0,7.52857142857143,24.56571428571429,86.81857142857143
South-West,2012-02-27,2012-03-04,18,0.0,1.0,0.0,1.5442857142857145,24.35,88.21714285714286
South-West,2012-03-05,2012-03-11,18,0.0,1.0,0.0,0.8242857142857142,24.58142857142857,86.62714285714286
South-West,2012-03-12,2012-03-18,18,0.0,0.0,0.0,0.8185714285714286,25.640000000000004,84.99857142857142
South-West,2012-03-19,2012-03-25,18,0.0,0.0,0.0,0.8042857142857143,25.67,85.37714285714287
South-West,2012-03-26,2012-04-01,18,0.0,2.0,0.0,11.021428571428572,25.384285714285717,87.14571428571428
South-West,2012-04-02,2012-04-08,18,0.0,0.0,0.0,1.7071428571428573,24.782857142857143,90.23285714285714
South-West,2012-04-09,2012-04-15,18,0.0,0.0,0.0,6.259999999999999,24.782857142857143,90.0842857142857
South-West,2012-04-16,2012-04-22,18,0.0,0.0,0.0,13.769999999999998,24.271428571428576,91.48714285714284
South-West,2012-04-23,2012-04-29,18,0.0,0.0,0.0,4.254285714285714,25.06,89.11857142857143
South-West,2012-04-30,2012-05-06,18,0.0,0.0,0.0,1.558571428571429,24.634285714285717,90.38571428571429
South-West,2012-05-07,2012-05-13,18,0.0,0.0,0.0,1.7914285714285714,24.11428571428571,90.01571428571428
South-West,2012-05-14,2012-05-20,18,0.0,0.0,0.0,6.027142857142857,24.518571428571427,89.39428571428572
South-West,2012-05-21,2012-05-27,18,0.0,0.0,0.0,2.9557142857142864,23.802857142857142,92.12714285714286
South-West,2012-05-28,2012-06-03,18,0.0,0.0,0.0,8.007142857142858,24.22857142857143,90.37
South-West,2012-06-04,2012-06-10,18,0.0,0.0,0.0,3.648571428571429,24.14428571428571,90.01857142857143
South-West,2012-06-11,2012-06-17,18,0.0,0.0,0.0,11.764285714285714,24.232857142857146,90.26714285714286
South-West,2012-06-18,2012-06-24,18,0.0,0.0,0.0,25.94857142857143,23.312857142857144,92.94857142857144
South-West,2012-06-25,2012-07-01,18,0.0,0.0,0.0,44.370000000000005,22.927142857142854,93.39
South-West,2012-07-02,2012-07-08,18,0.0,0.0,0.0,23.717142857142857,22.8,92.53285714285713
South-West,2012-07-09,2012-07-15,18,0.0,0.0,0.0,11.131428571428572,22.98428571428571,93.54571428571428
South-West,2012-07-16,2012-07-22,18,0.0,0.0,0.0,11.671428571428573,22.781428571428567,93.97285714285714
South-West,2012-07-23,2012-07-29,18,0.0,0.0,0.0,9.314285714285717,22.532857142857143,92.98857142857145
South-West,2012-07-30,2012-08-05,18,0.0,0.0,0.0,20.707142857142856,22.652857142857147,93.81000000000002
South-West,2012-08-06,2012-08-12,18,0.0,0.0,0.0,11.58,22.698571428571427,93.23
South-West,2012-08-13,2012-08-19,18,0.0,0.0,0.0,7.004285714285714,22.314285714285717,92.31857142857145
South-West,2012-08-20,2012-08-26,18,0.0,0.0,0.0,17.59714285714286,22.75142857142857,91.93142857142855
South-West,2012-08-27,2012-09-02,18,0.0,0.0,0.0,28.81142857142857,22.81428571428572,93.88571428571429
South-West,2012-09-03,2012-09-09,18,0.0,0.0,0.0,14.852857142857143,22.697142857142858,91.88285714285716
South-West,2012-09-10,2012-09-16,18,0.0,0.0,0.0,19.02857142857143,23.474285714285717,92.13428571428572
South-West,2012-09-17,2012-09-23,18,0.0,0.0,0.0,10.854285714285714,23.3,91.61285714285717
South-West,2012-09-24,2012-09-30,18,0.0,0.0,0.0,14.324285714285711,23.458571428571428,92.13428571428572
South-West,2012-10-01,2012-10-07,18,0.0,0.0,0.0,18.048571428571428,23.40714285714285,92.58857142857144
South-West,2012-10-08,2012-10-14,18,0.0,0.0,0.0,5.225714285714285,23.822857142857146,90.59857142857142
South-West,2012-10-15,2012-10-21,18,0.0,0.0,0.0,7.7442857142857155,23.51,93.18142857142858
South-West,2012-10-22,2012-10-28,18,0.0,0.0,0.0,7.637142857142858,23.832857142857144,90.59
South-West,2012-10-29,2012-11-04,18,0.0,0.0,0.0,13.134285714285715,23.92142857142857,91.64428571428572
South-West,2012-11-05,2012-11-11,18,0.0,0.0,0.0,11.29857142857143,23.42,92.40285714285712
South-West,2012-11-12,2012-11-18,18,0.0,0.0,0.0,2.017142857142857,24.74428571428572,90.81
South-West,2012-11-19,2012-11-25,18,0.0,0.0,0.0,4.124285714285714,24.17571428571429,91.86428571428571
South-West,2012-11-26,2012-12-02,18,0.0,0.0,0.0,3.625714285714285,24.698571428571427,88.74000000000001
South-West,2012-12-03,2012-12-09,18,0.0,0.0,0.0,4.138571428571429,24.24714285714285,91.56285714285714
South-West,2012-12-10,2012-12-16,18,0.0,0.0,0.0,0.2442857142857142,24.758571428571425,86.46428571428571
South-West,2012-12-17,2012-12-23,18,0.0,0.0,0.0,0.0742857142857142,24.135714285714283,82.19857142857143
South-West,2012-12-24,2012-12-30,18,0.0,0.0,0.0,1.0485714285714285,24.06142857142857,81.65142857142857
South-West,2012-12-31,2013-01-06,18,0.0,0.0,0.0,0.2657142857142857,24.422857142857143,83.67428571428572
South-West,2013-01-07,2013-01-13,18,0.0,0.0,0.0,0.0514285714285714,24.71857142857143,82.26428571428572
South-West,2013-01-14,2013-01-20,18,0.0,0.0,0.0,0.4214285714285714,25.18428571428571,87.81428571428572
South-West,2013-01-21,2013-01-27,18,0.0,0.0,0.0,0.9542857142857144,24.76142857142857,90.49571428571429
South-West,2013-01-28,2013-02-03,18,0.0,0.0,0.0,1.4028571428571428,24.36142857142857,76.42285714285713
South-West,2013-02-04,2013-02-10,18,0.0,0.0,0.0,2.0,25.61,83.64142857142858
South-West,2013-02-11,2013-02-17,18,0.0,0.0,0.0,2.047142857142857,24.68857142857143,89.35714285714286
South-West,2013-02-18,2013-02-24,18,0.0,0.0,0.0,1.552857142857143,25.142857142857142,86.80142857142857
South-West,2013-02-25,2013-03-03,18,0.0,0.0,0.0,2.79,25.45,87.37142857142858
South-West,2013-03-04,2013-03-10,18,0.0,0.0,0.0,2.845714285714286,25.12,88.10142857142857
South-West,2013-03-11,2013-03-17,18,0.0,0.0,0.0,8.927142857142856,24.857142857142858,88.29428571428572
South-West,2013-03-18,2013-03-24,18,0.0,0.0,0.0,10.12,24.768571428571427,89.23428571428573
South-West,2013-03-25,2013-03-31,18,0.0,0.0,0.0,3.33,24.368571428571432,89.85428571428572
South-West,2013-04-01,2013-04-07,18,0.0,0.0,0.0,7.664285714285714,24.72,89.41857142857144
South-West,2013-04-08,2013-04-14,18,0.0,0.0,0.0,14.13714285714286,24.85,89.66428571428571
South-West,2013-04-15,2013-04-21,18,0.0,0.0,0.0,7.785714285714286,24.5,89.52000000000001
South-West,2013-04-22,2013-04-28,18,0.0,0.0,0.0,4.558571428571429,24.67714285714285,90.59714285714288
South-West,2013-04-29,2013-05-05,18,0.0,0.0,0.0,1.9385714285714288,24.871428571428567,90.08
South-West,2013-05-06,2013-05-12,18,0.0,0.0,0.0,5.887142857142857,24.16857142857143,91.86285714285714
South-West,2013-05-13,2013-05-19,18,0.0,0.0,0.0,7.507142857142858,24.93428571428572,91.39285714285714
South-West,2013-05-20,2013-05-26,18,0.0,0.0,0.0,3.8114285714285714,24.965714285714284,90.9757142857143
South-West,2013-05-27,2013-06-02,18,0.0,0.0,0.0,17.527142857142856,23.982857142857146,91.82
South-West,2013-06-03,2013-06-09,18,0.0,0.0,0.0,9.587142857142856,23.83714285714285,91.95714285714288
South-West,2013-06-10,2013-06-16,18,0.0,0.0,0.0,7.707142857142856,23.768571428571427,93.53571428571428
South-West,2013-06-17,2013-06-23,18,0.0,0.0,0.0,11.107142857142858,23.322857142857146,94.34285714285714
South-West,2013-06-24,2013-06-30,18,0.0,0.0,0.0,11.128571428571428,23.214285714285715,93.23
South-West,2013-07-01,2013-07-07,18,0.0,0.0,0.0,26.53428571428572,22.37,94.90285714285712
South-West,2013-07-08,2013-07-14,18,0.0,0.0,0.0,16.037142857142857,23.01142857142857,92.74285714285716
South-West,2013-07-15,2013-07-21,18,0.0,0.0,0.0,3.7114285714285713,22.76,92.3957142857143
South-West,2013-07-22,2013-07-28,18,0.0,0.0,0.0,9.54,22.330000000000005,93.33714285714284
South-West,2013-07-29,2013-08-04,18,0.0,0.0,0.0,11.679999999999998,22.234285714285715,92.67142857142858
South-West,2013-08-05,2013-08-11,18,0.0,0.0,0.0,11.082857142857142,22.31,93.50285714285717
South-West,2013-08-12,2013-08-18,18,0.0,0.0,0.0,4.034285714285715,22.165714285714284,91.80428571428573
South-West,2013-08-19,2013-08-25,18,0.0,0.0,0.0,10.312857142857142,22.82428571428571,92.36
South-West,2013-08-26,2013-09-01,18,0.0,0.0,0.0,12.382857142857144,22.74571428571429,93.16571428571427
South-West,2013-09-02,2013-09-08,18,0.0,0.0,0.0,17.052857142857146,23.021428571428576,92.74571428571429
South-West,2013-09-09,2013-09-15,18,0.0,0.0,0.0,18.11142857142857,22.99428571428572,92.41857142857144
South-West,2013-09-16,2013-09-22,18,0.0,0.0,0.0,24.62714285714286,23.51714285714285,93.90428571428572
South-West,2013-09-23,2013-09-29,18,0.0,0.0,0.0,14.465714285714286,23.321428571428573,92.27142857142856
South-West,2013-09-30,2013-10-06,18,0.0,0.0,0.0,14.271428571428572,23.308571428571423,92.98142857142857
South-West,2013-10-07,2013-10-13,18,0.0,0.0,0.0,10.884285714285712,23.377142857142854,92.63714285714283
South-West,2013-10-14,2013-10-20,18,0.0,0.0,0.0,12.367142857142856,23.898571428571422,91.42
South-West,2013-10-21,2013-10-27,18,0.0,0.0,0.0,12.968571428571428,23.610000000000003,90.67571428571428
South-West,2013-10-28,2013-11-03,18,0.0,0.0,0.0,5.928571428571429,24.215714285714284,89.65857142857142
South-West,2013-11-04,2013-11-10,18,0.0,0.0,0.0,7.640000000000001,24.14428571428571,90.24857142857142
South-West,2013-11-11,2013-11-17,18,0.0,0.0,0.0,21.818571428571428,23.85142857142857,92.08
South-West,2013-11-18,2013-11-24,18,0.0,0.0,0.0,7.1571428571428575,23.68,93.41
South-West,2013-11-25,2013-12-01,18,0.0,0.0,0.0,1.8142857142857145,24.648571428571422,89.4042857142857
South-West,2013-12-02,2013-12-08,18,0.0,0.0,0.0,5.281428571428572,23.872857142857143,91.95
South-West,2013-12-09,2013-12-15,18,0.0,0.0,0.0,2.582857142857143,23.67,88.34285714285716
South-West,2013-12-16,2013-12-22,18,0.0,0.0,0.0,0.04,23.968571428571437,77.03285714285714
South-West,2013-12-23,2013-12-29,18,0.0,0.0,0.0,0.1942857142857143,25.12285714285714,84.90714285714286
South-West,2013-12-30,2014-01-05,18,0.0,0.0,0.0,0.0771428571428571,24.665714285714284,82.12857142857142
South-West,2014-01-06,2014-01-12,18,0.0,0.0,0.0,0.0542857142857142,24.49428571428572,79.70857142857143
South-West,2014-01-13,2014-01-19,18,0.0,0.0,0.0,0.09,24.74142857142857,85.13857142857144
South-West,2014-01-20,2014-01-26,18,0.0,0.0,0.0,0.29,24.884285714285717,88.55857142857143
South-West,2014-01-27,2014-02-02,18,0.0,0.0,0.0,0.9185714285714284,24.56,89.33714285714288
South-West,2014-02-03,2014-02-09,18,0.0,0.0,0.0,0.0457142857142857,25.332857142857144,82.50857142857141
South-West,2014-02-10,2014-02-16,18,0.0,0.0,0.0,0.39,24.994285714285716,84.64285714285714
South-West,2014-02-17,2014-02-23,18,0.0,0.0,0.0,0.0728571428571428,26.461428571428574,78.89142857142858
South-West,2014-02-24,2014-03-02,18,0.0,0.0,0.0,10.877142857142855,24.767142857142854,88.12571428571428
South-West,2014-03-03,2014-03-09,18,0.0,0.0,0.0,1.2857142857142858,24.85,87.76571428571428
South-West,2014-03-10,2014-03-16,18,0.0,0.0,0.0,12.125714285714285,25.63142857142857,84.8157142857143
South-West,2014-03-17,2014-03-23,18,0.0,0.0,0.0,2.768571428571428,25.13142857142857,90.12714285714284
South-West,2014-03-24,2014-03-30,18,0.0,0.0,0.0,2.682857142857143,24.13142857142857,90.89142857142856
South-West,2014-03-31,2014-04-06,18,0.0,0.0,0.0,1.48,25.03428571428572,89.44571428571429
South-West,2014-04-07,2014-04-13,18,0.0,0.0,0.0,0.3357142857142857,24.74571428571429,88.39571428571428
South-West,2014-04-14,2014-04-20,18,0.0,0.0,0.0,1.122857142857143,24.928571428571427,87.92285714285715
South-West,2014-04-21,2014-04-27,18,0.0,0.0,0.0,9.477142857142857,24.65571428571429,91.45857142857145
South-West,2014-04-28,2014-05-04,18,0.0,0.0,0.0,8.921428571428573,24.79,89.79142857142857
South-West,2014-05-05,2014-05-11,18,0.0,0.0,0.0,6.217142857142858,24.37428571428572,92.0214285714286
South-West,2014-05-12,2014-05-18,18,0.0,0.0,0.0,5.741428571428571,24.632857142857144,89.48142857142857
South-West,2014-05-19,2014-05-25,18,0.0,0.0,0.0,7.017142857142857,24.918571428571425,89.93714285714286
South-West,2014-05-26,2014-06-01,18,0.0,0.0,0.0,6.2457142857142856,24.535714285714285,90.96428571428574
South-West,2014-06-02,2014-06-08,18,0.0,0.0,0.0,3.6371428571428575,24.52857142857143,90.51571428571428
South-West,2014-06-09,2014-06-15,18,0.0,0.0,0.0,5.254285714285714,24.302857142857142,91.5
South-West,2014-06-16,2014-06-22,18,0.0,0.0,0.0,5.528571428571428,24.345714285714287,91.46285714285716
South-West,2014-06-23,2014-06-29,18,0.0,0.0,0.0,3.3685714285714283,23.84714285714286,90.64714285714284
South-West,2014-06-30,2014-07-06,18,0.0,0.0,0.0,17.03142857142857,23.74428571428572,91.92142857142858
South-West,2014-07-07,2014-07-13,18,0.0,0.0,0.0,4.051428571428572,23.41,90.82142857142856
South-West,2014-07-14,2014-07-20,18,0.0,0.0,0.0,13.884285714285715,23.30857142857143,91.0657142857143
South-West,2014-07-21,2014-07-27,18,0.0,0.0,0.0,7.158571428571428,22.75714285714286,91.4342857142857
South-West,2014-07-28,2014-08-03,18,0.0,0.0,0.0,4.1085714285714285,22.85571428571429,92.37571428571428
South-West,2014-08-04,2014-08-10,18,0.0,0.0,0.0,16.107142857142858,22.645714285714284,92.15857142857142
South-West,2014-08-11,2014-08-17,18,0.0,0.0,0.0,18.602857142857143,22.74571428571428,92.46428571428572
South-West,2014-08-18,2014-08-24,18,0.0,0.0,0.0,15.284285714285714,22.840000000000003,91.70714285714284
South-West,2014-08-25,2014-08-31,18,0.0,0.0,0.0,15.027142857142858,23.08571428571429,93.58857142857144
South-West,2014-09-01,2014-09-07,18,0.0,0.0,0.0,8.927142857142858,22.804285714285715,92.67285714285715
South-West,2014-09-08,2014-09-14,18,0.0,0.0,0.0,14.52,23.38142857142857,92.39
South-West,2014-09-15,2014-09-21,18,0.0,0.0,0.0,10.072857142857144,23.472857142857144,91.27285714285712
South-West,2014-09-22,2014-09-28,18,0.0,0.0,0.0,15.46714285714286,23.02285714285714,91.69714285714284
South-West,2014-09-29,2014-10-05,18,0.0,0.0,0.0,7.7,23.31571428571428,89.72142857142856
South-West,2014-10-06,2014-10-12,18,0.0,0.0,0.0,7.55,23.865714285714287,91.98285714285714
South-West,2014-10-13,2014-10-19,18,0.0,0.0,0.0,5.26,23.610000000000003,92.98
South-West,2014-10-20,2014-10-26,18,0.0,0.0,0.0,11.848571428571429,23.532857142857143,92.64571428571428
South-West,2014-10-27,2014-11-02,18,0.0,0.0,0.0,9.035714285714285,23.72142857142857,92.9642857142857
South-West,2014-11-03,2014-11-09,18,0.0,0.0,0.0,8.1,24.582857142857144,90.2485714285714
South-West,2014-11-10,2014-11-16,18,0.0,0.0,0.0,0.2528571428571428,24.19714285714286,91.85714285714286
South-West,2014-11-17,2014-11-23,18,0.0,0.0,0.0,3.9642857142857135,24.285714285714285,89.50428571428571
South-West,2014-11-24,2014-11-30,18,0.0,0.0,0.0,0.0971428571428571,24.20714285714286,89.26857142857145
South-West,2014-12-01,2014-12-07,18,0.0,0.0,0.0,0.5071428571428572,24.805714285714288,87.30142857142856
South-West,2014-12-08,2014-12-14,18,0.0,0.0,0.0,0.1042857142857142,24.695714285714285,87.07857142857144
South-West,2014-12-15,2014-12-21,18,0.0,0.0,0.0,0.0142857142857142,24.90714285714285,84.08285714285714
South-West,2014-12-22,2014-12-28,18,0.0,0.0,0.0,0.0114285714285714,24.52714285714286,80.59
South-West,2014-12-29,2015-01-04,18,0.0,0.0,0.0,0.0157142857142857,24.49,81.72857142857143
South-West,2015-01-05,2015-01-11,18,0.0,0.0,0.0,0.0,23.327142857142853,70.2
South-West,2015-01-12,2015-01-18,18,0.0,0.0,0.0,0.0185714285714285,24.16571428571429,72.31142857142858
South-West,2015-01-19,2015-01-25,18,0.0,0.0,0.0,0.9885714285714284,25.79428571428572,79.87285714285714
South-West,2015-01-26,2015-02-01,18,0.0,0.0,0.0,0.1742857142857143,25.77142857142857,81.18857142857144
South-West,2015-02-02,2015-02-08,18,0.0,0.0,0.0,2.8385714285714285,26.04142857142857,82.27571428571427
South-West,2015-02-09,2015-02-15,18,0.0,0.0,0.0,1.157142857142857,25.44,83.88000000000001
South-West,2015-02-16,2015-02-22,18,0.0,0.0,0.0,7.581428571428572,25.15714285714285,85.43571428571428
South-West,2015-02-23,2015-03-01,18,0.0,0.0,0.0,1.2714285714285716,24.84857142857143,85.88571428571429
South-West,2015-03-02,2015-03-08,18,0.0,0.0,0.0,0.5271428571428571,25.71428571428571,81.4
South-West,2015-03-09,2015-03-15,18,0.0,0.0,0.0,1.1442857142857144,25.974285714285717,82.29857142857142
South-West,2015-03-16,2015-03-22,18,0.0,0.0,0.0,3.255714285714286,25.172857142857143,88.58428571428571
South-West,2015-03-23,2015-03-29,18,0.0,0.0,0.0,4.325714285714286,24.972857142857144,87.99714285714286
South-West,2015-03-30,2015-04-05,18,0.0,0.0,0.0,3.355714285714285,24.72714285714285,87.71285714285715
South-West,2015-04-06,2015-04-12,18,0.0,0.0,0.0,5.924285714285715,24.890000000000004,88.17999999999999
South-West,2015-04-13,2015-04-19,18,0.0,0.0,0.0,4.611428571428571,25.31,87.74428571428572
South-West,2015-04-20,2015-04-26,18,0.0,0.0,0.0,2.005714285714286,25.06714285714286,88.53142857142858
South-West,2015-04-27,2015-05-03,18,0.0,0.0,0.0,3.82,25.10571428571429,86.52
South-West,2015-05-04,2015-05-10,18,0.0,0.0,0.0,5.931428571428571,24.807142857142853,88.9542857142857
South-West,2015-05-11,2015-05-17,18,0.0,0.0,0.0,5.962857142857144,25.411428571428576,86.93857142857142
South-West,2015-05-18,2015-05-24,18,0.0,0.0,0.0,7.755714285714285,24.937142857142856,90.67428571428572
South-West,2015-05-25,2015-05-31,18,0.0,0.0,0.0,12.348571428571429,24.434285714285718,92.52
South-West,2015-06-01,2015-06-07,18,0.0,0.0,0.0,35.26428571428571,23.78,94.07571428571428
South-West,2015-06-08,2015-06-14,18,0.0,0.0,0.0,10.105714285714283,23.95714285714286,91.93857142857142
South-West,2015-06-15,2015-06-21,18,0.0,0.0,0.0,40.78142857142858,23.424285714285716,93.36
South-West,2015-06-22,2015-06-28,18,0.0,0.0,0.0,9.985714285714286,23.428571428571427,92.75428571428571
South-West,2015-06-29,2015-07-05,18,0.0,0.0,0.0,5.421428571428572,23.46428571428571,92.92857142857144
South-West,2015-07-06,2015-07-12,18,0.0,0.0,0.0,11.394285714285711,24.25142857142857,91.66285714285712
South-West,2015-07-13,2015-07-19,18,0.0,0.0,0.0,12.2,23.412857142857145,92.91714285714286
South-West,2015-07-20,2015-07-26,18,0.0,0.0,0.0,32.28857142857143,22.82714285714286,93.8385714285714
South-West,2015-07-27,2015-08-02,18,0.0,0.0,0.0,17.154285714285717,22.59,92.86
South-West,2015-08-03,2015-08-09,18,0.0,0.0,0.0,9.372857142857145,23.117142857142856,93.49571428571429
South-West,2015-08-10,2015-08-16,18,0.0,0.0,0.0,12.682857142857143,23.34714285714286,92.70142857142856
South-West,2015-08-17,2015-08-23,18,0.0,0.0,0.0,13.434285714285716,23.52857142857143,92.35
South-West,2015-08-24,2015-08-30,18,0.0,0.0,0.0,21.18857142857143,23.141428571428573,93.72714285714284
South-West,2015-08-31,2015-09-06,18,0.0,0.0,0.0,10.83,23.31428571428572,92.24285714285716
South-West,2015-09-07,2015-09-13,18,0.0,0.0,0.0,9.92,23.52428571428572,92.48714285714289
South-West,2015-09-14,2015-09-20,18,0.0,0.0,0.0,31.638571428571428,23.507142857142856,93.19714285714284
South-West,2015-09-21,2015-09-27,18,0.0,0.0,0.0,16.345714285714287,23.97285714285714,91.35285714285716
South-West,2015-09-28,2015-10-04,18,0.0,0.0,0.0,2.322857142857143,23.944285714285712,92.48285714285714
South-West,2015-10-05,2015-10-11,18,0.0,0.0,0.0,5.680000000000001,23.562857142857144,91.60857142857142
South-West,2015-10-12,2015-10-18,18,0.0,0.0,0.0,8.162857142857144,24.16142857142857,93.24428571428572
South-West,2015-10-19,2015-10-25,18,0.0,0.0,0.0,25.52714285714285,23.77428571428572,94.49142857142856
South-West,2015-10-26,2015-11-01,18,0.0,0.0,0.0,37.888571428571424,23.85,93.79714285714284
South-West,2015-11-02,2015-11-08,18,0.0,0.0,0.0,16.138571428571428,24.038571428571423,90.95
South-West,2015-11-09,2015-11-15,18,0.0,0.0,0.0,5.728571428571429,24.764285714285712,89.77285714285713
South-West,2015-11-16,2015-11-22,18,0.0,0.0,0.0,0.6342857142857142,24.77857142857143,87.98714285714287
South-West,2015-11-23,2015-11-29,18,0.0,0.0,0.0,0.2371428571428571,25.04,87.34714285714286
South-West,2015-11-30,2015-12-06,18,0.0,0.0,0.0,0.0871428571428571,24.624285714285715,81.25142857142859
South-West,2015-12-07,2015-12-13,18,0.0,0.0,0.0,0.1242857142857143,24.50857142857143,78.74428571428572
South-West,2015-12-14,2015-12-20,18,0.0,0.0,0.0,0.0942857142857142,24.17,82.58142857142856
South-West,2015-12-21,2015-12-27,18,0.0,0.0,0.0,0.0185714285714285,24.224285714285717,78.53999999999999
South-West,2016-01-04,2016-01-10,18,0.0,0.0,0.0,0.2385714285714285,25.65571428571429,80.8457142857143
South-West,2016-01-11,2016-01-17,18,0.0,0.0,0.0,0.2871428571428571,26.228571428571428,75.71142857142857
South-West,2016-01-18,2016-01-24,18,0.0,0.0,0.0,0.0371428571428571,26.42714285714285,73.14571428571428
South-West,2016-01-25,2016-01-31,18,0.0,0.0,0.0,0.1085714285714285,25.92285714285714,62.28714285714286
South-West,2016-02-01,2016-02-07,18,0.0,0.0,0.0,0.6428571428571429,26.778571428571432,70.48
South-West,2016-02-08,2016-02-14,18,0.0,0.0,0.0,0.5028571428571429,26.53428571428572,69.91428571428571
South-West,2016-02-15,2016-02-21,18,0.0,0.0,0.0,0.6071428571428571,28.00714285714286,72.46000000000001
South-West,2016-02-22,2016-02-28,18,0.0,0.0,0.0,1.7014285714285713,27.74714285714285,77.12571428571427
South-West,2016-02-29,2016-03-06,18,0.0,0.0,0.0,8.585714285714285,26.46,85.81714285714285
South-West,2016-03-07,2016-03-13,18,0.0,0.0,0.0,2.595714285714286,26.00142857142857,85.40714285714284
South-West,2016-03-14,2016-03-20,18,0.0,0.0,0.0,3.6142857142857134,25.977142857142866,85.77428571428572
South-West,2016-03-21,2016-03-27,18,0.0,0.0,0.0,19.602857142857147,25.624285714285715,89.01571428571427
South-West,2016-03-28,2016-04-03,18,0.0,0.0,0.0,14.414285714285716,25.74857142857143,91.39857142857144
South-West,2016-04-04,2016-04-10,18,0.0,0.0,0.0,3.6185714285714288,25.33142857142857,89.82428571428572
South-West,2016-04-11,2016-04-17,18,0.0,0.0,0.0,10.0,25.442857142857147,90.39285714285714
South-West,2016-04-18,2016-04-24,18,0.0,0.0,0.0,6.765714285714286,25.438571428571432,91.01571428571428
South-West,2016-04-25,2016-05-01,18,0.0,0.0,0.0,2.437142857142857,25.34,91.51999999999998
South-West,2016-05-02,2016-05-08,18,0.0,0.0,0.0,3.86,25.32,89.51285714285714
South-West,2016-05-09,2016-05-15,18,0.0,0.0,0.0,13.357142857142858,25.26571428571429,91.2357142857143
South-West,2016-05-16,2016-05-22,18,0.0,0.0,0.0,14.165714285714287,24.69571428571428,92.29285714285716
South-West,2016-05-23,2016-05-29,18,0.0,0.0,0.0,14.01,24.58857142857143,90.79571428571428
South-West,2016-05-30,2016-06-05,18,0.0,0.0,0.0,7.518571428571429,24.99857142857143,89.17428571428572
South-West,2016-06-06,2016-06-12,18,0.0,0.0,0.0,9.331428571428573,24.38428571428571,93.75142857142858
South-West,2016-06-13,2016-06-19,18,0.0,0.0,0.0,17.602857142857143,23.28428571428572,91.16285714285712
South-West,2016-06-20,2016-06-26,18,0.0,0.0,0.0,38.74428571428572,23.44428571428572,92.35714285714286
South-West,2016-06-27,2016-07-03,18,0.0,0.0,0.0,10.565714285714288,23.90285714285714,91.57
South-West,2016-07-04,2016-07-10,18,0.0,0.0,0.0,17.664285714285715,23.83142857142857,93.36285714285714
South-West,2016-07-11,2016-07-17,18,0.0,0.0,0.0,20.648571428571422,23.134285714285717,92.73142857142857
South-West,2016-07-18,2016-07-24,18,0.0,0.0,0.0,12.214285714285715,23.04428571428572,94.2642857142857
South-West,2016-07-25,2016-07-31,18,0.0,0.0,0.0,17.361428571428572,22.944285714285712,92.47571428571428
South-West,2016-08-01,2016-08-07,18,0.0,0.0,0.0,44.24142857142857,22.942857142857147,94.15714285714284
South-West,2016-08-08,2016-08-14,18,0.0,0.0,0.0,17.562857142857144,23.00428571428572,93.56714285714284
South-West,2016-08-15,2016-08-21,18,0.0,0.0,0.0,20.478571428571428,23.10571428571429,93.88857142857144
South-West,2016-08-22,2016-08-28,18,0.0,0.0,0.0,14.27,23.267142857142854,91.72285714285717
South-West,2016-08-29,2016-09-04,18,0.0,0.0,0.0,12.125714285714286,23.302857142857142,92.12428571428572
South-West,2016-09-05,2016-09-11,18,0.0,0.0,0.0,24.987142857142857,23.52428571428572,93.31285714285714
South-West,2016-09-12,2016-09-18,18,0.0,0.0,0.0,13.384285714285712,23.277142857142856,92.40142857142858
South-West,2016-09-19,2016-09-25,18,0.0,0.0,0.0,11.725714285714288,23.448571428571427,92.36428571428571
South-West,2016-09-26,2016-10-02,18,0.0,0.0,0.0,6.0914285714285725,23.805714285714288,92.51
South-West,2016-10-03,2016-10-09,18,0.0,0.0,0.0,6.424285714285714,23.908571428571427,93.37142857142857
South-West,2016-10-10,2016-10-16,18,0.0,0.0,0.0,9.428571428571429,24.24,90.91
South-West,2016-10-17,2016-10-23,18,0.0,0.0,0.0,17.990000000000002,24.11142857142857,90.86571428571428
South-West,2016-10-24,2016-10-30,18,0.0,0.0,0.0,16.785714285714285,24.44,90.69571428571427
South-West,2016-10-31,2016-11-06,18,0.0,0.0,0.0,7.48142857142857,23.94857142857143,91.20857142857145
South-West,2016-11-07,2016-11-13,18,0.0,0.0,0.0,1.487142857142857,24.552857142857142,89.05428571428571
South-West,2016-11-14,2016-11-20,18,0.0,0.0,0.0,3.0771428571428574,25.00857142857143,89.19142857142857
South-West,2016-11-21,2016-11-27,18,0.0,0.0,0.0,1.9471428571428573,25.074285714285715,90.07285714285716
South-West,2016-11-28,2016-12-04,18,0.0,0.0,0.0,0.8271428571428572,24.69,89.58142857142857
South-West,2016-12-05,2016-12-11,18,0.0,0.0,0.0,1.3314285714285714,24.25142857142857,89.40714285714286
South-West,2016-12-12,2016-12-18,18,0.0,0.0,0.0,0.8,25.050000000000004,86.86285714285714
South-West,2016-12-19,2016-12-25,18,0.0,0.0,0.0,0.8642857142857142,25.592857142857145,84.41
South-West,2016-12-26,2017-01-01,18,0.0,0.0,0.0,3.02,24.83428571428572,80.14142857142858
South-West,2017-01-02,2017-01-08,18,0.0,0.0,0.0,0.0457142857142857,24.887142857142862,84.63142857142859
South-West,2017-01-09,2017-01-15,18,0.0,0.0,0.0,0.1271428571428571,24.622857142857143,84.55428571428571
South-West,2017-01-16,2017-01-22,18,0.0,0.0,0.0,0.2771428571428571,25.028571428571432,89.29857142857142
South-West,2017-01-23,2017-01-29,18,0.0,0.0,0.0,1.0885714285714283,24.505714285714284,90.62714285714286
South-West,2017-01-30,2017-02-05,18,0.0,0.0,0.0,2.382857142857143,25.27,85.94857142857143
South-West,2017-02-06,2017-02-12,18,0.0,0.0,0.0,0.6371428571428572,25.440000000000005,84.98
South-West,2017-02-13,2017-02-19,18,0.0,0.0,0.0,0.3571428571428571,25.43285714285714,82.51142857142857
South-West,2017-02-20,2017-02-26,18,0.0,0.0,0.0,0.3157142857142857,26.194285714285712,80.3257142857143
South-West,2017-02-27,2017-03-05,18,0.0,0.0,0.0,2.185714285714285,26.20142857142857,82.87857142857142
South-West,2017-03-06,2017-03-12,18,0.0,0.0,0.0,10.987142857142857,24.974285714285717,88.75428571428571
South-West,2017-03-13,2017-03-19,18,0.0,0.0,0.0,10.095714285714283,25.322857142857146,88.25285714285712
South-West,2017-03-20,2017-03-26,18,0.0,0.0,0.0,8.392857142857144,25.071428571428577,89.80142857142859
South-West,2017-03-27,2017-04-02,18,0.0,0.0,0.0,6.844285714285715,25.33857142857143,89.35571428571428
South-West,2017-04-03,2017-04-09,18,0.0,0.0,0.0,6.5914285714285725,25.234285714285715,87.60714285714286
South-West,2017-04-10,2017-04-16,18,0.0,0.0,0.0,11.002857142857144,25.032857142857143,89.46285714285715
South-West,2017-04-17,2017-04-23,18,0.0,0.0,0.0,13.971428571428572,25.24,90.16285714285716
South-West,2017-04-24,2017-04-30,18,0.0,0.0,0.0,6.347142857142858,25.13285714285714,90.53
South-West,2017-05-01,2017-05-07,18,0.0,0.0,0.0,3.4542857142857137,24.787142857142857,88.90857142857142
South-West,2017-05-08,2017-05-14,18,0.0,0.0,0.0,6.8585714285714285,25.04857142857143,90.4457142857143
South-West,2017-05-15,2017-05-21,18,0.0,0.0,0.0,11.714285714285714,25.132857142857144,88.28857142857143
South-West,2017-05-22,2017-05-28,18,0.0,0.0,0.0,23.21,24.954285714285717,89.99285714285715
South-West,2017-05-29,2017-06-04,18,0.0,0.0,0.0,12.068571428571428,24.802857142857142,91.29
South-West,2017-06-05,2017-06-11,18,0.0,0.0,0.0,9.968571428571428,25.367142857142856,91.02285714285712
South-West,2017-06-12,2017-06-18,18,0.0,0.0,0.0,11.035714285714286,24.15285714285714,91.49428571428572
South-West,2017-06-19,2017-06-25,18,0.0,0.0,0.0,10.885714285714286,24.05857142857143,91.03857142857144
South-West,2017-06-26,2017-07-02,18,0.0,0.0,0.0,18.895714285714288,23.754285714285714,91.96571428571428
South-West,2017-07-03,2017-07-09,18,0.0,0.0,0.0,16.13285714285714,23.345714285714283,91.27857142857144
South-West,2017-07-10,2017-07-16,18,0.0,0.0,0.0,16.84857142857143,23.15285714285714,92.36285714285714
South-West,2017-07-17,2017-07-23,18,0.0,0.0,0.0,25.71857142857143,23.65,92.04285714285716
South-West,2017-07-24,2017-07-30,18,0.0,0.0,0.0,27.038571428571423,23.298571428571428,93.13714285714286
South-West,2017-07-31,2017-08-06,18,0.0,0.0,0.0,12.204285714285716,22.92571428571429,93.57142857142856
South-West,2017-08-07,2017-08-13,18,0.0,0.0,0.0,32.32714285714286,23.06,93.61428571428571
South-West,2017-08-14,2017-08-20,18,0.0,0.0,0.0,9.63714285714286,22.935714285714283,93.65571428571428
South-West,2017-08-21,2017-08-27,18,0.0,0.0,0.0,22.055714285714284,23.122857142857143,93.27285714285712
South-West,2017-08-28,2017-09-03,18,0.0,0.0,0.0,11.175714285714283,22.987142857142857,92.89
South-West,2017-09-04,2017-09-10,18,0.0,0.0,0.0,14.731428571428571,23.38,92.64285714285712
South-West,2017-09-11,2017-09-17,18,0.0,0.0,0.0,14.37,23.28,93.10714285714286
South-West,2017-09-18,2017-09-24,18,0.0,0.0,0.0,10.345714285714283,23.74142857142857,92.52285714285712
South-West,2017-09-25,2017-10-01,18,0.0,0.0,0.0,7.267142857142856,23.82,91.6385714285714
South-West,2017-10-02,2017-10-08,18,0.0,0.0,0.0,19.467142857142854,24.131428571428568,92.13428571428572
South-West,2017-10-09,2017-10-15,18,0.0,0.0,0.0,7.314285714285716,23.821428571428573,91.72571428571428
South-West,2017-10-16,2017-10-22,18,0.0,0.0,0.0,5.085714285714286,23.857142857142858,92.93571428571428
South-West,2017-10-23,2017-10-29,18,0.0,0.0,0.0,9.092857142857143,24.078571428571426,90.46142857142856
South-West,2017-10-30,2017-11-05,18,0.0,0.0,0.0,13.827142857142858,24.41,89.95142857142856
South-West,2017-11-06,2017-11-12,18,0.0,0.0,0.0,7.732857142857142,23.918571428571425,90.19571428571427
South-West,2017-11-13,2017-11-19,18,0.0,0.0,0.0,11.425714285714289,24.21,90.98714285714286
South-West,2017-11-20,2017-11-26,18,0.0,0.0,0.0,7.042857142857144,24.16,90.02285714285713
South-West,2017-11-27,2017-12-03,18,0.0,0.0,0.0,0.3628571428571428,24.67142857142857,86.16857142857143
South-West,2017-12-04,2017-12-10,18,0.0,0.0,0.0,0.1457142857142857,24.715714285714284,85.64571428571428
South-West,2017-12-11,2017-12-17,18,0.0,0.0,0.0,0.1628571428571428,24.981428571428573,84.41857142857144
South-West,2017-12-18,2017-12-24,18,0.0,0.0,0.0,0.2385714285714286,24.74,90.01142857142857
South-West,2017-12-25,2017-12-31,18,0.0,0.0,0.0,0.0028571428571428,24.595714285714283,82.20428571428572
South-West,2018-01-01,2018-01-07,12,0.0,0.0,0.0,0.3228571428571429,24.115714285714287,82.32285714285715
South-West,2018-01-01,2018-12-30,11,0.0,2.0,0.0,8.05412087912088,24.312774725274725,89.6239835164835
South-West,2018-01-08,2018-01-14,12,0.0,0.0,0.0,1.4528571428571428,24.54714285714286,84.27
South-West,2018-01-15,2018-01-21,12,0.0,0.0,0.0,0.1242857142857142,24.84714285714286,82.5
South-West,2018-01-22,2018-01-28,12,0.0,0.0,0.0,0.1414285714285714,24.828571428571426,81.23
South-West,2018-01-29,2018-02-04,12,0.0,0.0,0.0,0.8714285714285713,26.118571428571425,78.20285714285714
South-West,2018-02-05,2018-02-11,12,0.0,0.0,0.0,15.140000000000002,25.785714285714285,88.17142857142858
South-West,2018-02-12,2018-02-18,12,0.0,0.0,0.0,6.524285714285715,25.30857142857143,88.9742857142857
South-West,2018-02-19,2018-02-25,12,0.0,0.0,0.0,7.96,24.57,89.89285714285714
South-West,2018-02-26,2018-03-04,12,0.0,0.0,0.0,8.982857142857142,24.34857142857143,89.7057142857143
South-West,2018-03-05,2018-03-11,12,0.0,0.0,0.0,5.941428571428572,24.621428571428574,90.29142857142855
South-West,2018-03-12,2018-03-18,12,0.0,0.0,0.0,1.7057142857142853,24.47714285714286,91.12857142857142
South-West,2018-03-19,2018-03-25,12,0.0,0.0,0.0,7.479999999999999,24.13714285714286,90.1542857142857
South-West,2018-03-26,2018-04-01,12,0.0,0.0,0.0,2.0800000000000005,25.14,90.27285714285712
South-West,2018-04-02,2018-04-08,12,0.0,2.0,0.0,4.612857142857143,24.67142857142857,90.27857142857144
South-West,2018-04-09,2018-04-15,12,0.0,0.0,0.0,4.827142857142858,24.188571428571432,92.37
South-West,2018-04-16,2018-04-22,12,0.0,0.0,0.0,2.224285714285714,24.875714285714285,89.41857142857144
South-West,2018-04-23,2018-04-29,12,0.0,0.0,0.0,2.6157142857142857,24.862857142857145,88.81999999999998
South-West,2018-04-30,2018-05-06,12,0.0,0.0,0.0,6.109999999999999,25.05285714285714,90.46142857142856
South-West,2018-05-07,2018-05-13,12,0.0,0.0,0.0,4.242857142857143,24.31142857142857,91.27428571428572
South-West,2018-05-14,2018-05-20,12,0.0,0.0,0.0,2.587142857142857,24.70142857142857,90.19714285714288
South-West,2018-05-18,2020-01-09,2,130.0,2574.0,194.0,7.913139534883721,24.474102990033224,88.45905315614618
South-West,2018-05-18,2020-01-20,2,133.0,2602.0,201.0,7.771745513866231,24.49383360522023,88.31833605220228
South-West,2018-05-18,2020-01-26,1,118.0,2226.0,201.0,7.696413570274636,24.50752827140549,88.10071082390954
South-West,2018-05-18,2020-12-16,1,20.0,448.0,0.0,8.912489406779663,24.54435381355932,88.15947033898304
South-West,2018-05-21,2018-05-27,12,0.0,0.0,0.0,4.917142857142857,24.49,90.61285714285714
South-West,2018-05-28,2018-06-03,12,0.0,0.0,0.0,10.875714285714285,24.595714285714283,91.04142857142858
South-West,2018-06-04,2018-06-10,12,0.0,0.0,0.0,9.575714285714284,24.332857142857144,93.14714285714284
South-West,2018-06-11,2018-06-17,12,0.0,0.0,0.0,6.897142857142858,24.63428571428572,90.63428571428572
South-West,2018-06-18,2018-06-24,12,0.0,0.0,0.0,52.92571428571428,23.17285714285714,91.78
South-West,2018-06-25,2018-07-01,12,0.0,0.0,0.0,14.898571428571431,23.360000000000003,91.85857142857142
South-West,2018-07-02,2018-07-08,12,0.0,0.0,0.0,3.6457142857142855,23.81571428571429,90.33571428571427
South-West,2018-07-09,2018-07-15,12,0.0,0.0,0.0,5.297142857142857,23.911428571428576,90.70714285714288
South-West,2018-07-16,2018-07-22,12,0.0,0.0,0.0,16.107142857142858,23.437142857142856,93.25
South-West,2018-07-17,2018-08-12,1,0.0,1.0,0.0,14.55777777777778,23.158518518518523,92.36333333333332
South-West,2018-07-23,2018-07-29,12,0.0,2.0,0.0,24.818571428571424,23.08428571428571,93.27714285714286
South-West,2018-07-30,2018-08-05,12,0.0,0.0,0.0,8.620000000000001,22.892857142857142,91.71857142857142
South-West,2018-08-06,2018-08-12,12,0.0,0.0,0.0,7.888571428571429,23.212857142857143,91.79857142857144
South-West,2018-08-13,2018-08-19,12,0.0,0.0,0.0,23.254285714285714,23.43428571428572,92.01
South-West,2018-08-20,2018-08-26,11,0.0,0.0,0.0,11.777142857142858,23.045714285714286,92.33428571428573
South-West,2018-08-27,2018-09-02,12,0.0,0.0,0.0,20.454285714285717,23.375714285714285,91.73
South-West,2018-09-03,2018-09-09,12,0.0,0.0,0.0,12.105714285714283,23.38714285714286,92.87285714285711
South-West,2018-09-10,2018-09-16,12,0.0,0.0,0.0,6.118571428571428,23.638571428571428,90.66571428571427
South-West,2018-09-17,2018-09-23,12,0.0,0.0,0.0,12.888571428571428,24.138571428571428,91.61285714285714
South-West,2018-09-24,2018-09-30,12,0.0,0.0,0.0,4.061428571428571,23.90571428571429,91.87714285714289
South-West,2018-10-01,2018-10-07,12,0.0,0.0,0.0,22.31714285714286,23.93142857142857,90.89714285714284
South-West,2018-10-08,2018-10-14,12,0.0,0.0,0.0,11.102857142857143,23.552857142857142,93.65714285714286
South-West,2018-10-15,2018-10-21,12,0.0,0.0,0.0,3.43,24.21857142857143,90.73142857142857
South-West,2018-10-22,2018-10-28,12,0.0,0.0,0.0,6.229999999999999,24.548571428571428,89.01142857142857
South-West,2018-10-29,2018-11-04,12,0.0,0.0,0.0,15.452857142857145,24.43857142857143,90.97
South-West,2018-11-05,2018-11-11,12,0.0,0.0,0.0,6.271428571428571,24.488571428571426,90.57
South-West,2018-11-12,2018-11-18,12,0.0,0.0,0.0,6.684285714285714,24.85428571428572,90.43
South-West,2018-11-19,2018-11-25,12,0.0,0.0,0.0,3.341428571428572,24.96428571428571,90.52571428571429
South-West,2018-11-26,2018-12-02,12,0.0,0.0,0.0,0.3585714285714286,24.99714285714285,88.95714285714287
South-West,2018-12-10,2018-12-16,12,0.0,0.0,0.0,0.4,24.875714285714285,85.18714285714285
South-West,2018-12-17,2018-12-23,12,0.0,0.0,0.0,0.01,24.828571428571436,84.15142857142857
South-West,2018-12-24,2018-12-30,12,0.0,0.0,0.0,0.0385714285714285,24.74428571428572,84.50714285714285
South-West,2018-12-31,2019-01-06,12,0.0,0.0,0.0,0.02,24.90285714285714,84.90857142857143
South-West,2018-12-31,2019-12-29,11,0.0,1.0,0.0,6.657417582417583,24.7306043956044,87.36881868131867
South-West,2019-01-01,2019-12-31,1,16.0,371.0,0.0,6.63917808219178,24.732438356164383,87.34405479452055
South-West,2019-01-07,2019-01-13,12,0.0,0.0,0.0,0.2842857142857143,24.982857142857146,85.73000000000002
South-West,2019-01-14,2019-01-20,12,0.0,0.0,0.0,0.3928571428571428,25.505714285714284,85.96714285714286
South-West,2019-01-21,2019-01-27,12,0.0,0.0,0.0,2.4771428571428564,24.72714285714286,88.03285714285714
South-West,2019-01-28,2019-02-03,12,0.0,0.0,0.0,5.722857142857143,24.98,87.85285714285715
South-West,2019-02-04,2019-02-10,12,0.0,0.0,0.0,1.6928571428571428,25.375714285714285,84.77428571428571
South-West,2019-02-11,2019-02-17,12,0.0,0.0,0.0,0.1642857142857142,25.412857142857145,79.60714285714286
South-West,2019-02-18,2019-02-24,12,0.0,0.0,0.0,0.3085714285714286,25.27285714285714,86.83142857142856
South-West,2019-02-25,2019-03-03,12,0.0,0.0,0.0,3.064285714285714,24.968571428571423,85.94857142857143
South-West,2019-03-04,2019-03-10,12,0.0,0.0,0.0,5.784285714285714,24.951428571428576,89.05142857142856
South-West,2019-03-11,2019-03-17,12,0.0,0.0,0.0,0.4642857142857143,25.664285714285715,87.36000000000001
South-West,2019-03-18,2019-03-24,12,0.0,2.0,0.0,1.85,25.52714285714286,88.52428571428571
South-West,2019-05-13,2019-05-19,12,0.0,0.0,0.0,1.0557142857142858,25.308571428571437,84.67142857142858
South-West,2019-11-04,2019-11-10,2,2.0,2.0,0.0,15.368571428571428,24.384285714285717,91.87857142857142
South-West,2019-11-11,2019-11-17,2,10.0,54.0,0.0,7.267142857142858,24.538571428571437,90.48142857142857
South-West,2019-11-11,2020-01-09,1,16.0,376.0,4.0,1.588,25.029166666666665,84.53533333333333
South-West,2019-11-11,2020-05-18,1,1.0,74.0,1.0,4.753315789473683,25.72310526315789,82.62452631578947
South-West,2019-11-11,2020-09-20,1,1.0,10.0,2.0,9.961333333333332,24.88130158730159,86.41257142857143
South-West,2019-11-11,2020-09-27,3,12.0,225.0,3.0,9.94916149068323,24.838975155279503,86.5122049689441
South-West,2019-11-18,2019-11-24,3,10.0,68.0,0.0,1.6742857142857142,25.09714285714286,88.15285714285713
South-West,2019-11-25,2019-12-01,2,6.0,120.0,0.0,3.0228571428571427,25.322857142857146,88.26142857142858
South-West,2019-12-01,2019-12-07,1,0.0,120.0,0.0,1.897142857142857,24.98571428571429,86.98000000000002
South-West,2019-12-02,2019-12-08,2,0.0,58.0,0.0,1.444285714285714,24.99428571428572,85.80571428571429
South-West,2019-12-09,2019-12-15,2,0.0,240.0,0.0,0.1071428571428571,24.6,82.32714285714285
South-West,2019-12-16,2019-12-22,2,4.0,120.0,0.0,0.0142857142857142,25.25714285714286,82.76571428571427
South-West,2019-12-23,2019-12-29,2,0.0,94.0,0.0,0.0771428571428571,25.221428571428568,82.63571428571427
South-West,2019-12-30,2020-01-05,1,0.0,3.0,0.0,0.0,25.025714285714283,78.42285714285715
South-West,2020-01-01,2020-01-28,1,16.0,362.0,0.0,0.0142857142857142,25.51892857142857,76.35142857142856
South-West,2020-01-01,2020-09-27,1,7.0,132.0,0.0,11.470036900369005,24.8050184501845,86.69321033210332
South-West,2020-01-01,2020-12-16,1,87.0,1952.0,0.0,10.398034188034188,24.67868945868946,87.40524216524216
South-West,2020-01-04,2020-01-20,1,3.0,6.0,0.0,0.0235294117647058,25.4,79.80705882352942
South-West,2020-01-21,2020-01-26,1,0.0,0.0,0.0,0.0,25.906666666666663,65.86666666666667
South-West,2020-09-11,2020-09-11,1,0.0,0.0,0.0,21.21,23.13,94.6
South-West,2020-09-11,2020-09-23,1,0.0,10.0,0.0,20.23461538461538,23.18230769230769,92.61384615384614
South-West,2020-09-12,2020-09-12,1,0.0,0.0,0.0,17.98,22.82,94.09
South-West,2020-09-13,2020-09-13,1,0.0,0.0,0.0,19.89,23.01,92.88
South-West,2020-09-14,2020-09-14,2,1.0,4.0,0.0,17.76,22.97,92.86
South-West,2020-09-15,2020-09-15,2,0.0,2.0,0.0,22.21,23.61,91.93
South-West,2020-09-15,2020-09-17,1,0.0,2.0,1.0,20.19,23.59,92.09
South-West,2020-09-16,2020-09-16,1,0.0,3.0,0.0,19.87,23.52,92.63
South-West,2020-09-17,2020-09-17,1,0.0,3.0,0.0,18.49,23.64,91.71
South-West,2020-09-18,2020-09-18,1,0.0,0.0,0.0,79.83,23.26,95.07
South-West,2020-09-19,2020-09-19,1,0.0,0.0,0.0,9.01,23.41,92.4
South-West,2020-09-20,2020-09-20,1,0.0,0.0,0.0,6.36,23.06,93.63
South-West,2020-09-21,2020-09-21,1,0.0,0.0,0.0,1.56,22.93,91.07
South-West,2020-09-22,2020-09-22,1,0.0,0.0,0.0,3.38,23.09,90.12
South-West,2020-09-23,2020-09-23,1,0.0,0.0,0.0,25.5,22.92,90.99
South-West,2020-11-30,2020-12-06,1,0.0,0.0,0.0,1.8957142857142852,25.15714285714285,86.13285714285713
South-West,2021-01-01,2021-11-02,1,3.0,23.0,2.0,9.35591503267974,24.556372549019606,88.14630718954247
South-West,2021-10-01,2022-12-31,1,93.0,6027.0,0.0,10.38483588621444,24.373260393873085,88.24868708971555
South-West,2021-10-25,2022-10-20,1,0.0,6015.0,0.0,11.63235457063712,24.38703601108033,88.18534626038782
South-West,2022-01-03,2022-01-09,1,0.0,37.0,0.0,1.6857142857142855,24.958571428571428,85.4057142857143
South-West,2022-01-03,2022-07-03,1,0.0,5695.0,0.0,5.019505494505495,24.990934065934063,85.88076923076923
South-West,2022-01-10,2022-01-16,1,0.0,82.0,0.0,1.747142857142857,24.682857142857134,89.11142857142856
South-West,2022-01-17,2022-01-23,1,0.0,108.0,0.0,0.8142857142857143,24.617142857142856,81.39714285714285
South-West,2022-01-24,2022-01-30,1,0.0,156.0,0.0,0.0685714285714285,24.988571428571426,78.57857142857144
South-West,2022-01-31,2022-02-06,1,0.0,142.0,0.0,1.2128571428571426,24.697142857142858,78.80285714285712
South-West,2022-02-07,2022-02-13,1,0.0,93.0,0.0,0.0485714285714285,25.66857142857143,79.22857142857143
South-West,2022-02-14,2022-02-20,1,0.0,79.0,0.0,0.3828571428571429,26.01142857142857,80.03857142857143
South-West,2022-02-21,2022-02-27,1,0.0,125.0,0.0,0.0814285714285714,26.8,74.8
South-West,2022-02-28,2022-03-06,1,4.0,79.0,0.0,3.0500000000000003,25.55142857142857,84.21857142857142
South-West,2022-03-07,2022-03-13,1,0.0,130.0,0.0,4.354285714285714,25.70142857142857,84.47428571428573
South-West,2022-03-14,2022-03-20,1,0.0,379.0,0.0,1.2357142857142858,26.474285714285717,80.68285714285715
South-West,2022-03-21,2022-03-27,1,0.0,1087.0,0.0,2.7,26.42428571428571,82.52714285714285
South-West,2022-03-28,2022-04-03,1,0.0,521.0,0.0,8.074285714285715,26.062857142857144,83.21000000000001
South-West,2022-04-04,2022-04-10,1,0.0,345.0,0.0,5.917142857142857,25.264285714285712,85.5942857142857
South-West,2022-04-11,2022-04-17,1,0.0,249.0,0.0,5.797142857142857,24.80285714285714,88.81714285714285
South-West,2022-04-18,2022-04-24,1,0.0,235.0,0.0,9.718571428571428,24.621428571428567,90.7414285714286
South-West,2022-04-25,2022-05-01,1,0.0,408.0,0.0,4.598571428571428,24.47,90.2585714285714
South-West,2022-05-02,2022-05-08,1,0.0,215.0,0.0,4.614285714285714,24.87142857142857,89.83285714285715
South-West,2022-05-09,2022-05-15,1,0.0,221.0,0.0,4.537142857142857,25.217142857142857,90.22857142857144
South-West,2022-05-16,2022-05-22,1,0.0,195.0,0.0,9.012857142857142,24.64714285714286,90.29
South-West,2022-05-23,2022-05-29,1,0.0,334.0,0.0,7.838571428571429,24.072857142857146,89.48714285714286
South-West,2022-05-30,2022-06-05,1,0.0,209.0,0.0,12.035714285714286,24.57,89.22
South-West,2022-06-06,2022-06-12,1,0.0,130.0,0.0,4.7871428571428565,24.32142857142857,89.92857142857143
South-West,2022-06-13,2022-06-19,1,0.0,91.0,0.0,10.934285714285712,23.65285714285714,91.97285714285714
South-West,2022-06-20,2022-06-26,1,0.0,51.0,0.0,14.221428571428572,23.141428571428573,93.10142857142856
South-West,2022-06-27,2022-07-03,1,0.0,8.0,0.0,11.03857142857143,23.472857142857144,90.95142857142856
South-West,2022-07-17,2022-08-03,1,0.0,0.0,0.0,26.24777777777778,22.760555555555555,93.10722222222222
West,2010-01-04,2010-01-10,20,0.0,0.0,0.0,2.018571428571428,20.617142857142856,64.03
West,2010-01-11,2010-01-17,20,0.0,0.0,0.0,0.4771428571428571,21.117142857142856,64.61571428571428
West,2010-01-18,2010-01-24,20,0.0,0.0,0.0,0.2871428571428572,21.578571428571426,59.24428571428571
West,2010-01-25,2010-01-31,20,0.0,0.0,0.0,0.8571428571428571,22.58428571428571,67.13428571428572
West,2010-02-01,2010-02-07,20,0.0,0.0,0.0,1.648571428571429,22.24,62.875714285714295
West,2010-02-08,2010-02-14,20,0.0,0.0,0.0,1.9957142857142856,22.02,68.10857142857142
West,2010-02-15,2010-02-21,20,0.0,0.0,0.0,0.2628571428571428,22.857142857142858,76.36571428571428
West,2010-02-22,2010-02-28,20,0.0,0.0,0.0,3.367142857142857,23.128571428571423,77.54142857142858
West,2010-03-01,2010-03-07,20,0.0,0.0,0.0,0.88,22.965714285714284,70.71285714285715
West,2010-03-08,2010-03-14,20,0.0,0.0,0.0,6.215714285714285,22.681428571428576,81.93142857142857
West,2010-03-15,2010-03-21,20,0.0,0.0,0.0,5.055714285714286,21.978571428571428,81.79
West,2010-03-22,2010-03-28,20,0.0,0.0,0.0,2.157142857142857,22.027142857142856,67.26
West,2010-03-29,2010-04-04,20,0.0,0.0,0.0,1.202857142857143,22.68,77.17999999999999
West,2010-04-05,2010-04-11,20,0.0,0.0,0.0,4.648571428571429,22.365714285714287,81.44428571428571
West,2010-04-12,2010-04-18,20,0.0,0.0,0.0,6.434285714285713,22.981428571428573,82.02857142857144
West,2010-04-19,2010-04-25,20,0.0,0.0,0.0,7.737142857142857,22.237142857142857,85.87285714285714
West,2010-04-26,2010-05-02,20,0.0,0.0,0.0,5.4,21.972857142857144,84.96714285714287
West,2010-05-03,2010-05-09,20,0.0,0.0,0.0,5.451428571428571,22.147142857142857,85.30142857142857
West,2010-05-06,2010-12-31,1,0.0,1.0,0.0,5.964791666666668,20.589458333333333,84.89508333333333
West,2010-05-10,2010-05-16,20,0.0,0.0,0.0,5.032857142857144,22.058571428571437,86.5
West,2010-05-17,2010-05-23,20,0.0,0.0,0.0,5.742857142857142,21.97714285714286,85.21000000000001
West,2010-05-24,2010-05-30,20,0.0,0.0,0.0,2.99,22.12285714285714,85.70857142857143
West,2010-05-31,2010-06-06,20,0.0,0.0,0.0,7.107142857142857,21.134285714285717,87.99571428571429
West,2010-06-07,2010-06-13,20,0.0,0.0,0.0,1.8214285714285712,21.657142857142865,83.60714285714286
West,2010-06-14,2010-06-20,20,0.0,0.0,0.0,7.077142857142857,21.38428571428571,85.28857142857143
West,2010-06-21,2010-06-27,20,0.0,0.0,0.0,12.682857142857143,20.86428571428572,85.41857142857144
West,2010-06-28,2010-07-04,20,0.0,0.0,0.0,8.445714285714285,20.71142857142857,87.21714285714286
West,2010-07-05,2010-07-11,20,0.0,0.0,0.0,9.29,20.205714285714286,88.94428571428571
West,2010-07-12,2010-07-18,20,0.0,0.0,0.0,5.61,20.59,86.21142857142856
West,2010-07-19,2010-07-25,20,0.0,0.0,0.0,12.855714285714289,19.505714285714284,89.32285714285715
West,2010-07-26,2010-08-01,20,0.0,0.0,0.0,3.602857142857143,20.27142857142857,88.99285714285712
West,2010-08-02,2010-08-08,20,0.0,0.0,0.0,7.852857142857142,20.801428571428573,88.61428571428573
West,2010-08-09,2010-08-15,20,0.0,0.0,0.0,9.47,19.84142857142857,87.37142857142858
West,2010-08-16,2010-08-22,20,0.0,0.0,0.0,14.13,20.312857142857144,88.64714285714285
West,2010-08-23,2010-08-29,20,0.0,0.0,0.0,7.194285714285715,20.541428571428572,88.51714285714287
West,2010-08-30,2010-09-05,20,0.0,0.0,0.0,5.859999999999999,20.46,89.11857142857141
West,2010-09-06,2010-09-12,20,0.0,0.0,0.0,6.167142857142857,19.71,89.53285714285714
West,2010-09-13,2010-09-19,20,0.0,0.0,0.0,4.178571428571429,20.427142857142854,86.24428571428572
West,2010-09-20,2010-09-26,20,0.0,0.0,0.0,13.681428571428572,20.042857142857144,89.30142857142859
West,2010-09-27,2010-10-03,20,0.0,0.0,0.0,5.534285714285715,20.36142857142857,88.56142857142856
West,2010-10-04,2010-10-10,20,0.0,0.0,0.0,6.33,20.857142857142858,85.22857142857143
West,2010-10-11,2010-10-17,20,0.0,0.0,0.0,8.668571428571429,20.33428571428572,87.36571428571428
West,2010-10-18,2010-10-24,20,0.0,0.0,0.0,10.702857142857145,20.10857142857143,89.75571428571428
West,2010-10-25,2010-10-31,20,0.0,0.0,0.0,7.955714285714286,20.37857142857143,89.26857142857143
West,2010-11-01,2010-11-07,20,0.0,0.0,0.0,5.07,20.035714285714285,88.83142857142857
West,2010-11-08,2010-11-14,20,0.0,0.0,0.0,2.5171428571428573,20.71142857142857,84.18428571428572
West,2010-11-15,2010-11-21,20,0.0,0.0,0.0,1.3914285714285717,20.417142857142856,84.58285714285715
West,2010-11-22,2010-11-28,20,0.0,0.0,0.0,1.1742857142857144,20.502857142857145,84.18571428571428
West,2010-11-29,2010-12-05,20,0.0,0.0,0.0,1.2128571428571426,20.69428571428572,75.87
West,2010-12-06,2010-12-12,20,0.0,0.0,0.0,0.0757142857142857,19.957142857142856,67.87857142857142
West,2010-12-13,2010-12-19,20,0.0,0.0,0.0,0.0442857142857142,20.062857142857144,72.01428571428572
West,2010-12-20,2010-12-26,20,0.0,0.0,0.0,0.66,20.04,68.38142857142857
West,2010-12-27,2011-01-02,20,0.0,0.0,0.0,0.0028571428571428,19.95,66.41285714285715
West,2011-01-01,2011-09-22,19,144.0,2456.0,0.0,5.463547169811322,20.97981132075472,81.40007547169812
West,2011-01-03,2011-01-09,20,0.0,0.0,0.0,0.0914285714285714,19.83142857142857,68.9042857142857
West,2011-01-10,2011-01-16,20,0.0,0.0,0.0,0.0071428571428571,19.332857142857144,62.25857142857144
West,2011-01-17,2011-01-23,20,3.0,14.0,0.0,0.0471428571428571,20.14,64.02
West,2011-01-24,2011-01-30,20,2.0,46.0,0.0,0.0014285714285714,21.28142857142857,58.00857142857142
West,2011-01-31,2011-02-06,20,0.0,24.0,0.0,0.2885714285714286,21.602857142857147,73.55571428571429
West,2011-02-07,2011-02-13,20,4.0,28.0,0.0,0.0857142857142857,21.762857142857143,68.11714285714285
West,2011-02-14,2011-02-20,20,2.0,11.0,0.0,1.647142857142857,21.60571428571429,78.01857142857143
West,2011-02-21,2011-02-27,20,0.0,3.0,0.0,2.478571428571429,21.275714285714287,77.32571428571428
West,2011-02-28,2011-03-06,20,2.0,4.0,0.0,2.087142857142857,22.06857142857143,78.68142857142858
West,2011-03-07,2011-03-13,20,0.0,3.0,0.0,0.2371428571428571,22.197142857142858,73.43571428571428
West,2011-03-14,2011-03-20,20,1.0,4.0,0.0,0.5385714285714285,22.318571428571428,71.13428571428571
West,2011-03-21,2011-03-27,20,1.0,14.0,0.0,3.655714285714286,21.550000000000004,82.35142857142856
West,2011-03-28,2011-04-03,20,0.0,8.0,0.0,1.6942857142857142,21.777142857142856,79.73
West,2011-04-04,2011-04-10,20,0.0,23.0,0.0,3.7514285714285713,21.83,77.6542857142857
West,2011-04-11,2011-04-17,20,1.0,36.0,0.0,3.7371428571428567,22.09428571428572,81.43285714285715
West,2011-04-18,2011-04-24,20,0.0,24.0,0.0,4.637142857142856,21.97571428571428,85.76
West,2011-04-25,2011-05-01,20,0.0,20.0,0.0,3.1171428571428565,21.648571428571422,85.13571428571429
West,2011-05-02,2011-05-08,20,0.0,28.0,0.0,5.021428571428571,22.030000000000005,85.85000000000001
West,2011-05-09,2011-05-15,20,5.0,68.0,0.0,4.432857142857143,21.829999999999995,85.79714285714286
West,2011-05-16,2011-05-22,20,9.0,148.0,0.0,5.538571428571429,21.662857142857145,88.0442857142857
West,2011-05-23,2011-05-29,20,16.0,245.0,0.0,5.528571428571429,20.84857142857143,87.92857142857143
West,2011-05-30,2011-06-05,20,3.0,105.0,0.0,7.131428571428572,21.44142857142857,87.64857142857143
West,2011-06-06,2011-06-12,20,5.0,82.0,0.0,2.628571428571429,21.25714285714286,84.91285714285713
West,2011-06-13,2011-06-19,20,3.0,86.0,0.0,7.557142857142857,21.53428571428572,85.54857142857142
West,2011-06-20,2011-06-26,20,3.0,56.0,0.0,6.038571428571429,20.555714285714288,87.35285714285715
West,2011-06-27,2011-07-03,20,1.0,37.0,0.0,5.522857142857143,20.591428571428573,86.84857142857143
West,2011-07-04,2011-07-10,20,3.0,30.0,0.0,7.112857142857143,20.72714285714286,86.32571428571428
West,2011-07-11,2011-07-17,20,0.0,17.0,0.0,6.132857142857142,20.07,86.30999999999999
West,2011-07-18,2011-07-24,20,0.0,14.0,0.0,9.29,20.77857142857143,85.28571428571429
West,2011-07-25,2011-07-31,20,1.0,5.0,0.0,6.214285714285714,20.352857142857143,86.78
West,2011-08-01,2011-08-07,20,1.0,9.0,0.0,13.065714285714284,20.33142857142857,88.36571428571428
West,2011-08-08,2011-08-14,20,4.0,10.0,0.0,15.904285714285717,19.464285714285715,89.52428571428571
West,2011-08-15,2011-08-21,20,0.0,5.0,0.0,10.021428571428572,19.595714285714283,89.1542857142857
West,2011-08-22,2011-08-28,20,1.0,5.0,0.0,11.858571428571429,20.215714285714288,87.32000000000001
West,2011-08-29,2011-09-04,20,1.0,8.0,0.0,14.465714285714284,19.81714285714286,88.09714285714287
West,2011-09-05,2011-09-11,20,0.0,9.0,0.0,12.000000000000002,19.962857142857143,90.52428571428572
West,2011-09-12,2011-09-18,20,1.0,6.0,0.0,19.68,19.558571428571437,90.82714285714285
West,2011-09-19,2011-09-25,20,0.0,1.0,0.0,6.081428571428572,20.345714285714283,86.16428571428571
West,2011-09-23,2011-12-11,1,3.0,40.0,0.0,4.0145,19.98675,82.317125
West,2011-09-26,2011-10-02,20,0.0,5.0,0.0,8.368571428571428,20.001428571428573,88.66285714285713
West,2011-10-03,2011-10-09,20,0.0,3.0,0.0,6.237142857142857,20.702857142857145,88.02285714285713
West,2011-10-10,2011-10-16,20,0.0,0.0,0.0,11.284285714285714,20.09857142857143,89.99571428571429
West,2011-10-17,2011-10-23,20,0.0,0.0,0.0,9.082857142857144,20.16,90.08857142857144
West,2011-10-24,2011-10-30,20,0.0,0.0,0.0,6.158571428571428,19.914285714285715,88.39
West,2011-10-31,2011-11-06,20,3.0,11.0,0.0,1.365714285714286,20.33285714285714,87.25
West,2011-11-07,2011-11-13,20,0.0,1.0,0.0,0.527142857142857,20.705714285714286,82.86571428571428
West,2011-11-14,2011-11-20,20,0.0,4.0,0.0,0.0214285714285714,20.48857142857143,82.12285714285716
West,2011-11-21,2011-11-27,20,0.0,4.0,0.0,0.2957142857142857,19.90714285714285,77.36571428571429
West,2011-11-28,2011-12-04,20,0.0,0.0,0.0,0.0185714285714285,18.31571428571428,64.48
West,2011-12-05,2011-12-11,20,0.0,0.0,0.0,0.0228571428571428,19.007142857142856,64.28571428571429
West,2011-12-12,2011-12-18,20,0.0,3.0,0.0,0.0785714285714285,19.140000000000004,63.71
West,2011-12-19,2011-12-25,20,0.0,4.0,0.0,0.0285714285714285,19.74285714285714,64.76285714285714
West,2011-12-26,2012-01-01,20,0.0,0.0,0.0,0.0085714285714285,20.374285714285712,65.34
West,2012-01-02,2012-01-08,20,0.0,0.0,0.0,0.0442857142857142,19.845714285714283,59.2
West,2012-01-09,2012-01-15,20,0.0,0.0,0.0,0.1728571428571428,20.12142857142857,60.71714285714285
West,2012-01-16,2012-01-22,20,0.0,0.0,0.0,0.0185714285714285,20.374285714285715,64.76
West,2012-01-23,2012-01-29,20,0.0,0.0,0.0,0.0028571428571428,21.054285714285715,65.80999999999999
West,2012-01-30,2012-02-05,20,0.0,0.0,0.0,0.1285714285714286,21.341428571428573,67.02428571428571
West,2012-02-06,2012-02-12,20,0.0,0.0,0.0,0.4957142857142856,21.485714285714288,68.57714285714286
West,2012-02-13,2012-02-19,20,0.0,0.0,0.0,1.3042857142857145,21.82571428571428,77.26714285714286
West,2012-02-20,2012-02-26,20,0.0,0.0,0.0,3.422857142857143,21.67,77.31714285714285
West,2012-02-27,2012-03-04,20,0.0,2.0,0.0,0.1342857142857142,21.545714285714286,78.21571428571428
West,2012-03-05,2012-03-11,20,0.0,0.0,0.0,0.22,21.75714285714286,75.10142857142857
West,2012-03-12,2012-03-18,20,0.0,0.0,0.0,0.7385714285714285,22.321428571428573,70.46571428571428
West,2012-03-19,2012-03-25,20,0.0,0.0,0.0,0.0414285714285714,21.944285714285712,64.49571428571429
West,2012-03-26,2012-04-01,20,0.0,0.0,0.0,2.9900000000000007,22.215714285714284,75.27285714285713
West,2012-04-02,2012-04-08,20,0.0,0.0,0.0,3.801428571428571,22.34857142857143,83.44714285714288
West,2012-04-09,2012-04-15,20,0.0,1.0,0.0,7.674285714285714,22.224285714285717,84.33571428571427
West,2012-04-16,2012-04-22,20,0.0,0.0,0.0,9.062857142857144,21.564285714285717,85.77428571428572
West,2012-04-23,2012-04-29,20,0.0,0.0,0.0,3.0042857142857144,22.16142857142857,82.60714285714286
West,2012-04-30,2012-05-06,20,0.0,1.0,0.0,3.7657142857142856,21.92428571428571,85.21000000000001
West,2012-05-07,2012-05-13,20,0.0,1.0,0.0,5.1571428571428575,21.107142857142858,85.25714285714287
West,2012-05-14,2012-05-20,20,0.0,0.0,0.0,4.717142857142856,21.18142857142857,85.32142857142857
West,2012-05-21,2012-05-27,20,0.0,0.0,0.0,4.297142857142857,21.054285714285715,85.96857142857142
West,2012-05-28,2012-06-03,20,0.0,0.0,0.0,7.121428571428572,20.65571428571429,86.55428571428573
West,2012-06-04,2012-06-10,20,0.0,0.0,0.0,5.222857142857142,21.06142857142857,84.4542857142857
West,2012-06-11,2012-06-17,20,0.0,0.0,0.0,7.078571428571428,20.782857142857143,85.4057142857143
West,2012-06-18,2012-06-24,20,0.0,0.0,0.0,11.23857142857143,20.49428571428572,86.42571428571429
West,2012-06-25,2012-07-01,20,0.0,0.0,0.0,15.642857142857144,19.86142857142857,87.58571428571427
West,2012-07-02,2012-07-08,20,0.0,0.0,0.0,9.552857142857144,19.43142857142857,89.71857142857142
West,2012-07-09,2012-07-15,20,0.0,0.0,0.0,8.667142857142858,19.964285714285715,89.01571428571428
West,2012-07-16,2012-07-22,20,0.0,0.0,0.0,4.802857142857143,20.25428571428571,87.69142857142856
West,2012-07-23,2012-07-29,20,0.0,0.0,0.0,2.472857142857143,19.844285714285714,88.59
West,2012-07-30,2012-08-05,20,0.0,0.0,0.0,10.874285714285714,19.96142857142857,89.88285714285715
West,2012-08-06,2012-08-12,20,0.0,0.0,0.0,7.852857142857144,19.622857142857143,89.71285714285715
West,2012-08-13,2012-08-19,20,0.0,0.0,0.0,11.371428571428572,19.934285714285718,89.22571428571428
West,2012-08-20,2012-08-26,20,0.0,0.0,0.0,11.83,19.634285714285717,87.16571428571429
West,2012-08-27,2012-09-02,20,0.0,0.0,0.0,16.5,19.81,90.70142857142856
West,2012-09-03,2012-09-09,20,0.0,0.0,0.0,14.18142857142857,19.610000000000003,89.38142857142859
West,2012-09-10,2012-09-16,20,0.0,0.0,0.0,13.46,19.81428571428572,90.05857142857143
West,2012-09-17,2012-09-23,20,0.0,0.0,0.0,8.502857142857144,20.22,87.75857142857141
West,2012-09-24,2012-09-30,20,0.0,0.0,0.0,9.415714285714284,20.017142857142854,88.44285714285716
West,2012-10-01,2012-10-07,20,0.0,0.0,0.0,17.91,20.21,89.13714285714286
West,2012-10-08,2012-10-14,20,0.0,0.0,0.0,6.972857142857143,20.344285714285714,87.89857142857143
West,2012-10-15,2012-10-21,20,0.0,0.0,0.0,8.895714285714286,20.19428571428572,90.39142857142858
West,2012-10-22,2012-10-28,20,0.0,0.0,0.0,5.941428571428572,20.085714285714285,88.91857142857144
West,2012-10-29,2012-11-04,20,0.0,0.0,0.0,5.361428571428571,20.724285714285717,84.91142857142859
West,2012-11-05,2012-11-11,20,0.0,0.0,0.0,8.56,19.948571428571427,88.93571428571428
West,2012-11-12,2012-11-18,20,0.0,0.0,0.0,0.6242857142857143,20.52857142857143,86.21714285714286
West,2012-11-19,2012-11-25,20,0.0,0.0,0.0,1.3171428571428572,21.002857142857145,83.86428571428571
West,2012-11-26,2012-12-02,20,0.0,0.0,0.0,0.52,20.742857142857144,81.85857142857142
West,2012-12-03,2012-12-09,20,0.0,0.0,0.0,0.5985714285714285,21.035714285714285,79.34714285714287
West,2012-12-10,2012-12-16,20,0.0,0.0,0.0,0.0614285714285714,20.457142857142856,70.41
West,2012-12-17,2012-12-23,20,0.0,0.0,0.0,0.0014285714285714,19.83,70.45714285714287
West,2012-12-24,2012-12-30,20,0.0,0.0,0.0,0.1071428571428571,19.455714285714286,69.09714285714286
West,2012-12-31,2013-01-06,20,0.0,0.0,0.0,0.3114285714285714,20.53428571428572,65.3442857142857
West,2013-01-07,2013-01-13,20,0.0,0.0,0.0,0.1428571428571428,20.232857142857146,64.96142857142857
West,2013-01-14,2013-01-20,20,0.0,0.0,0.0,0.0685714285714285,21.807142857142853,69.8742857142857
West,2013-01-21,2013-01-27,20,0.0,0.0,0.0,0.6657142857142857,22.528571428571432,76.30714285714286
West,2013-01-28,2013-02-03,20,0.0,0.0,0.0,0.5885714285714286,20.744285714285716,65.64714285714287
West,2013-02-04,2013-02-10,20,0.0,0.0,0.0,0.0485714285714285,21.90428571428572,64.22571428571429
West,2013-02-11,2013-02-17,20,0.0,0.0,0.0,0.0857142857142857,22.205714285714286,74.47
West,2013-02-18,2013-02-24,20,0.0,0.0,0.0,0.1785714285714285,22.46142857142857,71.61
West,2013-02-25,2013-03-03,20,0.0,0.0,0.0,1.441428571428571,23.03,77.73428571428572
West,2013-03-04,2013-03-10,20,0.0,1.0,0.0,3.1342857142857143,22.595714285714287,81.83142857142857
West,2013-03-11,2013-03-17,20,0.0,0.0,0.0,7.911428571428572,21.84714285714286,81.51857142857143
West,2013-03-18,2013-03-24,20,0.0,0.0,0.0,2.41,21.93,82.89571428571428
West,2013-03-25,2013-03-31,20,0.0,1.0,0.0,3.521428571428572,21.24142857142857,83.98714285714287
West,2013-04-01,2013-04-07,20,0.0,0.0,0.0,2.79,21.992857142857144,81.79285714285713
West,2013-04-08,2013-04-14,20,0.0,0.0,0.0,5.808571428571429,21.89,83.42714285714285
West,2013-04-15,2013-04-21,20,0.0,0.0,0.0,3.41,21.61285714285714,83.6857142857143
West,2013-04-22,2013-04-28,20,0.0,0.0,0.0,6.064285714285715,21.165714285714284,85.31428571428572
West,2013-04-29,2013-05-05,20,0.0,0.0,0.0,3.982857142857143,21.608571428571427,84.69571428571429
West,2013-05-06,2013-05-12,20,0.0,0.0,0.0,3.6942857142857135,21.428571428571427,84.98571428571428
West,2013-05-13,2013-05-19,20,0.0,0.0,0.0,5.351428571428571,21.32857142857143,86.30285714285715
West,2013-05-20,2013-05-26,20,0.0,0.0,0.0,4.718571428571429,21.642857142857142,84.66285714285712
West,2013-05-27,2013-06-02,20,0.0,0.0,0.0,6.7957142857142845,21.202857142857145,84.09857142857143
West,2013-06-03,2013-06-09,20,0.0,0.0,0.0,5.692857142857142,20.92285714285714,85.41142857142857
West,2013-06-10,2013-06-16,20,0.0,0.0,0.0,4.02,21.33857142857143,82.9057142857143
West,2013-06-17,2013-06-23,20,0.0,0.0,0.0,3.711428571428572,21.154285714285717,87.06571428571428
West,2013-06-24,2013-06-30,20,0.0,0.0,0.0,7.637142857142856,20.322857142857146,87.59714285714287
West,2013-07-01,2013-07-07,20,0.0,0.0,0.0,11.415714285714284,19.770000000000003,90.02857142857142
West,2013-07-08,2013-07-14,20,0.0,0.0,0.0,7.355714285714287,20.115714285714287,84.73142857142857
West,2013-07-15,2013-07-21,20,0.0,0.0,0.0,4.928571428571429,20.217142857142857,87.12428571428572
West,2013-07-22,2013-07-28,20,0.0,0.0,0.0,4.181428571428572,20.06,88.43285714285715
West,2013-07-29,2013-08-04,20,0.0,0.0,0.0,5.932857142857143,19.464285714285715,88.67428571428572
West,2013-08-05,2013-08-11,20,0.0,0.0,0.0,6.35,19.66428571428571,90.67428571428572
West,2013-08-12,2013-08-18,20,0.0,0.0,0.0,3.95,20.34,86.73
West,2013-08-19,2013-08-25,20,0.0,0.0,0.0,10.975714285714286,19.93142857142857,87.30428571428571
West,2013-08-26,2013-09-01,20,0.0,0.0,0.0,9.32,19.918571428571425,88.83285714285715
West,2013-09-02,2013-09-08,20,0.0,0.0,0.0,8.151428571428571,19.884285714285717,87.73714285714287
West,2013-09-09,2013-09-15,20,0.0,1.0,0.0,8.277142857142858,20.134285714285717,86.43857142857144
West,2013-09-16,2013-09-22,20,0.0,0.0,0.0,8.727142857142857,20.992857142857144,85.2757142857143
West,2013-09-23,2013-09-29,20,0.0,0.0,0.0,7.961428571428572,20.112857142857145,87.05857142857143
West,2013-09-30,2013-10-06,20,0.0,0.0,0.0,8.817142857142857,19.798571428571424,88.45571428571428
West,2013-10-07,2013-10-13,20,0.0,0.0,0.0,6.941428571428572,19.798571428571428,88.87285714285714
West,2013-10-14,2013-10-20,20,0.0,0.0,0.0,7.27,20.15857142857143,87.54285714285713
West,2013-10-21,2013-10-27,20,0.0,0.0,0.0,7.087142857142857,19.664285714285715,87.88142857142859
West,2013-10-28,2013-11-03,20,0.0,0.0,0.0,2.597142857142857,20.47,84.96000000000001
West,2013-11-04,2013-11-10,20,0.0,0.0,0.0,2.5442857142857145,20.36428571428571,81.05428571428571
West,2013-11-11,2013-11-17,20,0.0,0.0,0.0,8.415714285714285,19.99,87.55571428571429
West,2013-11-18,2013-11-24,20,0.0,0.0,0.0,2.2828571428571425,20.51142857142857,87.31285714285714
West,2013-11-25,2013-12-01,20,0.0,0.0,0.0,0.1385714285714285,20.83,82.37
West,2013-12-02,2013-12-08,20,0.0,0.0,0.0,3.752857142857143,20.852857142857143,83.97142857142856
West,2013-12-09,2013-12-15,20,0.0,0.0,0.0,0.6528571428571428,19.342857142857145,79.72142857142858
West,2013-12-16,2013-12-22,20,0.0,0.0,0.0,0.0042857142857142,18.53428571428572,68.37571428571428
West,2013-12-23,2013-12-29,20,0.0,0.0,0.0,0.3514285714285713,21.06714285714286,68.49142857142859
West,2013-12-30,2014-01-05,20,0.0,0.0,0.0,0.0014285714285714,20.01,62.93
West,2014-01-06,2014-01-12,20,0.0,1.0,0.0,0.0014285714285714,19.99857142857143,60.55285714285714
West,2014-01-13,2014-01-19,20,0.0,1.0,0.0,0.0942857142857142,21.03142857142857,63.91714285714287
West,2014-01-20,2014-01-26,20,0.0,0.0,0.0,0.11,21.342857142857135,59.67000000000001
West,2014-01-27,2014-02-02,20,0.0,0.0,0.0,0.0857142857142857,21.66857142857143,76.87571428571428
West,2014-02-03,2014-02-09,20,0.0,0.0,0.0,0.0042857142857142,21.638571428571428,58.95428571428572
West,2014-02-10,2014-02-16,20,0.0,0.0,0.0,0.3414285714285714,20.95,57.54714285714287
West,2014-02-17,2014-02-23,20,0.0,0.0,0.0,0.0,21.577142857142857,58.49
West,2014-02-24,2014-03-02,20,0.0,0.0,0.0,3.931428571428572,21.735714285714288,79.30999999999999
West,2014-03-03,2014-03-09,20,0.0,0.0,0.0,0.8328571428571429,21.77285714285714,77.35857142857142
West,2014-03-10,2014-03-16,20,0.0,0.0,0.0,2.801428571428571,22.184285714285718,69.51
West,2014-03-17,2014-03-23,20,0.0,0.0,0.0,0.7285714285714285,22.56,79.76714285714286
West,2014-03-24,2014-03-30,20,0.0,0.0,0.0,3.807142857142857,21.505714285714284,84.79285714285713
West,2014-03-31,2014-04-06,20,0.0,0.0,0.0,2.0428571428571427,22.32714285714286,81.2042857142857
West,2014-04-07,2014-04-13,20,0.0,0.0,0.0,3.077142857142857,21.66142857142857,84.86428571428571
West,2014-04-14,2014-04-20,20,0.0,0.0,0.0,6.234285714285713,21.79714285714286,83.8442857142857
West,2014-04-21,2014-04-27,20,0.0,0.0,0.0,6.611428571428571,21.53142857142857,86.01142857142858
West,2014-04-28,2014-05-04,20,0.0,0.0,0.0,6.175714285714284,21.55142857142857,85.81857142857143
West,2014-05-05,2014-05-11,20,0.0,0.0,0.0,6.821428571428572,21.501428571428573,85.92714285714285
West,2014-05-12,2014-05-18,20,0.0,0.0,0.0,3.8085714285714287,21.055714285714288,85.57714285714285
West,2014-05-19,2014-05-25,20,0.0,1.0,0.0,1.8085714285714285,21.84714285714286,83.33428571428571
West,2014-05-26,2014-06-01,20,0.0,1.0,0.0,4.178571428571428,21.562857142857144,85.10857142857142
West,2014-06-02,2014-06-08,20,0.0,0.0,0.0,5.142857142857143,21.447142857142858,83.98142857142857
West,2014-06-09,2014-06-15,20,0.0,0.0,0.0,5.311428571428571,21.36142857142857,85.03714285714287
West,2014-06-16,2014-06-22,20,0.0,0.0,0.0,4.852857142857142,21.662857142857145,82.94285714285714
West,2014-06-23,2014-06-29,20,0.0,0.0,0.0,4.1242857142857146,21.117142857142856,83.51
West,2014-06-30,2014-07-06,20,0.0,0.0,0.0,6.502857142857144,21.102857142857143,85.27857142857144
West,2014-07-07,2014-07-13,20,0.0,0.0,0.0,3.5871428571428576,20.74142857142857,85.01571428571428
West,2014-07-14,2014-07-20,20,0.0,0.0,0.0,5.08,21.050000000000004,84.69142857142856
West,2014-07-21,2014-07-27,20,0.0,0.0,0.0,4.2942857142857145,20.45,86.25428571428571
West,2014-07-28,2014-08-03,20,0.0,0.0,0.0,4.062857142857143,20.532857142857143,87.69000000000001
West,2014-08-04,2014-08-10,20,0.0,0.0,0.0,8.165714285714285,20.012857142857143,87.74714285714288
West,2014-08-11,2014-08-17,20,0.0,0.0,0.0,10.105714285714283,19.99714285714285,88.27000000000001
West,2014-08-18,2014-08-24,20,0.0,0.0,0.0,7.802857142857143,19.777142857142856,86.13857142857144
West,2014-08-25,2014-08-31,20,0.0,1.0,0.0,10.22,20.32714285714286,87.62571428571427
West,2014-09-01,2014-09-07,20,0.0,0.0,0.0,8.532857142857143,19.574285714285715,87.75428571428573
West,2014-09-08,2014-09-14,20,0.0,0.0,0.0,9.462857142857144,20.31714285714286,87.08285714285715
West,2014-09-15,2014-09-21,20,0.0,0.0,0.0,6.234285714285714,19.85428571428572,87.51285714285714
West,2014-09-22,2014-09-28,20,0.0,0.0,0.0,11.487142857142857,19.955714285714286,87.88428571428572
West,2014-09-29,2014-10-05,20,0.0,0.0,0.0,5.961428571428571,20.102857142857143,86.85857142857142
West,2014-10-06,2014-10-12,20,0.0,0.0,0.0,3.698571428571429,20.65857142857143,86.11
West,2014-10-13,2014-10-19,20,0.0,0.0,0.0,3.658571428571429,20.69,87.33285714285715
West,2014-10-20,2014-10-26,20,0.0,0.0,0.0,6.504285714285714,20.485714285714288,86.71142857142857
West,2014-10-27,2014-11-02,20,0.0,0.0,0.0,8.034285714285714,20.17142857142857,88.49857142857142
West,2014-11-03,2014-11-09,20,0.0,0.0,0.0,5.187142857142857,20.72714285714285,86.4814285714286
West,2014-11-10,2014-11-16,20,0.0,0.0,0.0,1.8014285714285712,21.004285714285714,84.68857142857142
West,2014-11-17,2014-11-23,20,0.0,0.0,0.0,2.15,20.59857142857143,79.91571428571429
West,2014-11-24,2014-11-30,20,0.0,0.0,0.0,0.0542857142857142,20.69714285714286,78.55571428571429
West,2014-12-01,2014-12-07,20,0.0,0.0,0.0,0.3085714285714285,20.764285714285712,70.9057142857143
West,2014-12-08,2014-12-14,20,0.0,0.0,0.0,0.05,20.502857142857145,69.4742857142857
West,2014-12-15,2014-12-21,20,0.0,0.0,0.0,0.0,20.464285714285715,61.8842857142857
West,2014-12-22,2014-12-28,20,0.0,0.0,0.0,0.0,19.952857142857145,63.885714285714286
West,2014-12-29,2015-01-04,20,0.0,0.0,0.0,0.0014285714285714,19.974285714285717,62.15571428571428
West,2015-01-05,2015-01-11,20,0.0,0.0,0.0,0.0142857142857142,18.164285714285715,55.80428571428571
West,2015-01-12,2015-01-18,20,0.0,0.0,0.0,0.04,19.357142857142858,55.27
West,2015-01-19,2015-01-25,20,0.0,0.0,0.0,0.1714285714285714,21.275714285714287,57.65142857142858
West,2015-01-26,2015-02-01,20,0.0,0.0,0.0,0.0042857142857142,21.67714285714285,62.03714285714285
West,2015-02-02,2015-02-08,20,0.0,0.0,0.0,0.1971428571428571,22.255714285714284,68.76285714285714
West,2015-02-09,2015-02-15,20,0.0,0.0,0.0,0.2757142857142857,22.00142857142857,69.82714285714286
West,2015-02-16,2015-02-22,20,0.0,0.0,0.0,3.519999999999999,22.115714285714287,79.37571428571428
West,2015-02-23,2015-03-01,20,0.0,0.0,0.0,0.4871428571428571,21.498571428571427,70.21428571428571
West,2015-03-02,2015-03-08,20,0.0,1.0,0.0,1.5171428571428571,21.76,61.55714285714286
West,2015-03-09,2015-03-15,20,0.0,0.0,0.0,3.4971428571428573,22.75142857142857,74.13428571428571
West,2015-03-16,2015-03-22,20,0.0,0.0,0.0,2.912857142857143,22.19,81.98
West,2015-03-23,2015-03-29,20,0.0,0.0,0.0,4.342857142857143,22.08571428571429,83.64142857142858
West,2015-03-30,2015-04-05,20,0.0,0.0,0.0,5.028571428571428,21.44142857142857,74.03714285714285
West,2015-04-06,2015-04-12,20,0.0,0.0,0.0,6.888571428571429,21.58142857142857,85.07714285714285
West,2015-04-13,2015-04-19,20,0.0,0.0,0.0,0.6828571428571429,22.05,72.87142857142857
West,2015-04-20,2015-04-26,20,0.0,0.0,0.0,4.44,21.99571428571429,81.65714285714286
West,2015-04-27,2015-05-03,20,0.0,0.0,0.0,3.5985714285714283,22.10571428571429,82.14857142857144
West,2015-05-04,2015-05-10,20,0.0,0.0,0.0,6.268571428571429,21.65285714285714,83.78857142857143
West,2015-05-11,2015-05-17,20,0.0,0.0,0.0,9.015714285714283,21.65,85.43285714285715
West,2015-05-18,2015-05-24,20,0.0,0.0,0.0,6.069999999999999,21.72285714285714,86.06857142857143
West,2015-05-25,2015-05-31,20,0.0,0.0,0.0,7.548571428571429,21.927142857142854,85.02857142857144
West,2015-06-01,2015-06-07,20,0.0,0.0,0.0,20.39142857142857,21.31142857142857,86.36999999999999
West,2015-06-08,2015-06-14,20,0.0,0.0,0.0,3.0242857142857145,21.18142857142857,83.6857142857143
West,2015-06-15,2015-06-21,20,0.0,0.0,0.0,16.76714285714286,21.15714285714285,86.24571428571429
West,2015-06-22,2015-06-28,20,0.0,0.0,0.0,8.392857142857142,20.72571428571428,86.68714285714285
West,2015-06-29,2015-07-05,20,0.0,0.0,0.0,11.234285714285717,20.97714285714286,87.87142857142858
West,2015-07-06,2015-07-12,20,0.0,0.0,0.0,11.32142857142857,20.782857142857143,88.58000000000001
West,2015-07-13,2015-07-19,20,0.0,0.0,0.0,14.81,21.145714285714288,88.14714285714285
West,2015-07-20,2015-07-26,20,0.0,0.0,0.0,17.01142857142857,20.29,90.40142857142858
West,2015-07-27,2015-08-02,20,0.0,0.0,0.0,15.747142857142858,19.99857142857143,90.51
West,2015-08-03,2015-08-09,20,0.0,0.0,0.0,18.96,20.44,89.06285714285715
West,2015-08-10,2015-08-16,20,0.0,0.0,0.0,16.094285714285714,20.595714285714287,89.66142857142856
West,2015-08-17,2015-08-23,20,0.0,0.0,0.0,6.624285714285714,20.772857142857145,86.38857142857145
West,2015-08-24,2015-08-30,20,0.0,0.0,0.0,17.622857142857143,20.29714285714286,89.20285714285714
West,2015-08-31,2015-09-06,20,0.0,0.0,0.0,13.132857142857144,20.542857142857144,88.18857142857142
West,2015-09-07,2015-09-13,20,0.0,0.0,0.0,12.3,20.50142857142857,87.88857142857144
West,2015-09-14,2015-09-20,20,0.0,0.0,0.0,20.958571428571428,20.354285714285712,89.32714285714285
West,2015-09-21,2015-09-27,20,0.0,0.0,0.0,6.782857142857142,20.43857142857143,87.33428571428571
West,2015-09-28,2015-10-04,20,0.0,0.0,0.0,9.672857142857143,20.935714285714283,87.12857142857145
West,2015-10-05,2015-10-11,20,0.0,0.0,0.0,7.827142857142857,20.44428571428572,86.84142857142857
West,2015-10-12,2015-10-18,20,0.0,0.0,0.0,7.640000000000001,21.071428571428573,87.18428571428572
West,2015-10-19,2015-10-25,20,0.0,0.0,0.0,16.437142857142856,20.49714285714285,90.02285714285715
West,2015-10-26,2015-11-01,20,0.0,0.0,0.0,17.99857142857143,20.37,91.57
West,2015-11-02,2015-11-08,20,0.0,0.0,0.0,6.258571428571427,20.21142857142857,89.60571428571428
West,2015-11-09,2015-11-15,20,0.0,0.0,0.0,2.2771428571428567,20.652857142857147,84.30999999999999
West,2015-11-16,2015-11-22,20,0.0,0.0,0.0,0.0099999999999999,20.632857142857144,79.21571428571428
West,2015-11-23,2015-11-29,20,0.0,0.0,0.0,0.0128571428571428,21.012857142857143,74.51714285714286
West,2015-11-30,2015-12-06,20,0.0,0.0,0.0,0.3,19.602857142857143,72.69
West,2015-12-07,2015-12-13,20,0.0,0.0,0.0,0.01,19.291428571428572,69.0957142857143
West,2015-12-14,2015-12-20,20,0.0,0.0,0.0,1.9942857142857144,19.07571428571429,65.78
West,2015-12-21,2015-12-27,20,0.0,0.0,0.0,0.0028571428571428,18.918571428571425,64.69857142857144
West,2016-01-04,2016-01-10,20,0.0,0.0,0.0,0.1585714285714285,20.98,62.040000000000006
West,2016-01-11,2016-01-17,20,0.0,0.0,0.0,0.4271428571428571,21.17285714285714,57.71285714285714
West,2016-01-18,2016-01-24,20,0.0,0.0,0.0,0.0,21.147142857142853,57.83428571428571
West,2016-01-25,2016-01-31,20,0.0,0.0,0.0,0.4728571428571428,19.935714285714287,55.58285714285714
West,2016-02-01,2016-02-07,20,0.0,0.0,0.0,0.1214285714285714,21.25,55.44857142857143
West,2016-02-08,2016-02-14,20,0.0,0.0,0.0,0.1457142857142857,20.84,55.62571428571429
West,2016-02-15,2016-02-21,20,0.0,0.0,0.0,0.1942857142857143,22.384285714285717,60.71714285714286
West,2016-02-22,2016-02-28,20,0.0,0.0,0.0,0.1071428571428571,22.758571428571425,60.23142857142857
West,2016-02-29,2016-03-06,20,0.0,0.0,0.0,4.937142857142858,23.88714285714286,76.78999999999999
West,2016-03-07,2016-03-13,20,0.0,0.0,0.0,12.104285714285712,22.844285714285714,83.94857142857144
West,2016-03-14,2016-03-20,20,0.0,0.0,0.0,6.2700000000000005,22.737142857142857,79.74714285714286
West,2016-03-21,2016-03-27,20,0.0,0.0,0.0,11.991428571428573,22.72142857142857,85.20285714285716
West,2016-03-28,2016-04-03,20,0.0,0.0,0.0,5.287142857142858,23.58714285714285,79.12
West,2016-04-04,2016-04-10,20,0.0,0.0,0.0,6.977142857142856,22.58857142857143,83.78285714285714
West,2016-04-11,2016-04-17,20,0.0,0.0,0.0,9.428571428571429,22.50142857142857,87.13285714285715
West,2016-04-18,2016-04-24,20,0.0,0.0,0.0,5.258571428571428,22.472857142857144,82.59571428571428
West,2016-04-25,2016-05-01,20,0.0,0.0,0.0,10.131428571428572,22.352857142857147,84.9557142857143
West,2016-05-02,2016-05-08,20,0.0,0.0,0.0,3.5,22.03428571428572,86.49428571428572
West,2016-05-09,2016-05-15,20,0.0,0.0,0.0,10.777142857142858,21.885714285714283,87.13571428571429
West,2016-05-16,2016-05-22,20,0.0,0.0,0.0,23.897142857142857,21.74142857142857,88.97714285714285
West,2016-05-23,2016-05-29,20,0.0,0.0,0.0,11.752857142857142,21.382857142857144,86.0657142857143
West,2016-05-30,2016-06-05,20,0.0,0.0,0.0,10.234285714285717,21.512857142857143,86.48571428571428
West,2016-06-06,2016-06-12,20,0.0,0.0,0.0,10.154285714285717,21.39285714285714,87.26142857142857
West,2016-06-13,2016-06-19,20,0.0,0.0,0.0,14.634285714285715,20.077142857142857,88.50571428571428
West,2016-06-20,2016-06-26,20,0.0,0.0,0.0,16.21428571428571,20.015714285714285,87.37285714285714
West,2016-06-27,2016-07-03,20,0.0,0.0,0.0,11.925714285714283,20.81,89.13714285714286
West,2016-07-04,2016-07-10,20,0.0,0.0,0.0,14.897142857142857,20.81428571428572,88.99000000000001
West,2016-07-11,2016-07-17,20,0.0,0.0,0.0,10.552857142857144,19.875714285714285,90.74142857142856
West,2016-07-18,2016-07-24,20,0.0,0.0,0.0,11.461428571428572,19.964285714285715,90.67571428571428
West,2016-07-25,2016-07-31,20,0.0,0.0,0.0,9.452857142857145,20.30428571428572,88.6942857142857
West,2016-08-01,2016-08-07,20,0.0,0.0,0.0,18.16142857142857,20.34857142857143,91.54285714285712
West,2016-08-08,2016-08-14,20,0.0,0.0,0.0,14.138571428571428,20.164285714285715,90.98714285714286
West,2016-08-15,2016-08-21,20,0.0,0.0,0.0,14.664285714285713,20.56714285714286,89.68000000000002
West,2016-08-22,2016-08-28,20,0.0,0.0,0.0,16.544285714285714,19.822857142857146,90.97714285714288
West,2016-08-29,2016-09-04,20,0.0,0.0,0.0,14.467142857142855,20.184285714285718,89.37142857142858
West,2016-09-05,2016-09-11,20,0.0,0.0,0.0,17.667142857142856,20.78,88.10142857142856
West,2016-09-12,2016-09-18,20,0.0,0.0,0.0,17.76285714285714,20.19571428571428,89.61142857142856
West,2016-09-19,2016-09-25,20,0.0,0.0,0.0,9.717142857142855,20.142857142857142,89.60000000000001
West,2016-09-26,2016-10-02,20,0.0,0.0,0.0,16.99,20.592857142857135,90.02428571428572
West,2016-10-03,2016-10-09,20,0.0,0.0,0.0,13.945714285714288,20.618571428571425,89.75714285714287
West,2016-10-10,2016-10-16,20,0.0,0.0,0.0,12.1,20.551428571428573,88.38285714285713
West,2016-10-17,2016-10-23,20,0.0,0.0,0.0,11.081428571428573,20.574285714285715,88.58428571428571
West,2016-10-24,2016-10-30,20,0.0,0.0,0.0,6.609999999999999,20.27,88.98857142857143
West,2016-10-31,2016-11-06,20,0.0,0.0,0.0,3.3314285714285714,20.670000000000005,87.49285714285713
West,2016-11-07,2016-11-13,20,0.0,0.0,0.0,0.0728571428571428,20.74571428571429,78.9342857142857
West,2016-11-14,2016-11-20,20,0.0,0.0,0.0,0.3285714285714286,20.92428571428572,82.30714285714285
West,2016-11-21,2016-11-27,20,0.0,0.0,0.0,0.9314285714285716,21.342857142857145,82.17571428571429
West,2016-11-28,2016-12-04,20,0.0,0.0,0.0,0.1942857142857143,20.942857142857143,73.19714285714285
West,2016-12-05,2016-12-11,20,0.0,0.0,0.0,0.2371428571428571,20.685714285714287,78.91285714285713
West,2016-12-12,2016-12-18,20,0.0,0.0,0.0,0.0071428571428571,20.704285714285717,70.78999999999999
West,2016-12-19,2016-12-25,20,0.0,0.0,0.0,0.0971428571428571,20.46,67.70428571428572
West,2016-12-26,2017-01-01,20,0.0,0.0,0.0,0.1314285714285714,20.234285714285715,62.49714285714286
West,2017-01-02,2017-01-08,20,0.0,0.0,0.0,0.0142857142857142,20.34714285714286,61.42
West,2017-01-09,2017-01-15,20,0.0,0.0,0.0,0.0071428571428571,20.74571428571428,71.48571428571428
West,2017-01-16,2017-01-22,20,0.0,1.0,0.0,0.0,21.60571428571428,66.28999999999999
West,2017-01-23,2017-01-29,20,0.0,0.0,0.0,0.1428571428571428,21.82,74.25
West,2017-01-30,2017-02-05,20,0.0,0.0,0.0,0.2357142857142857,21.638571428571428,57.72428571428572
West,2017-02-06,2017-02-12,20,0.0,0.0,0.0,0.1114285714285714,21.484285714285715,56.051428571428566
West,2017-02-13,2017-02-19,20,0.0,0.0,0.0,0.0,21.012857142857143,57.36714285714287
West,2017-02-20,2017-02-26,20,0.0,0.0,0.0,0.0,22.082857142857144,56.142857142857146
West,2017-02-27,2017-03-05,20,0.0,0.0,0.0,0.0242857142857142,22.422857142857143,62.22571428571428
West,2017-03-06,2017-03-12,20,0.0,0.0,0.0,4.630000000000001,22.191428571428577,74.62571428571428
West,2017-03-13,2017-03-19,20,0.0,0.0,0.0,2.378571428571429,22.525714285714287,72.64571428571429
West,2017-03-20,2017-03-26,20,0.0,0.0,0.0,4.484285714285714,22.36,81.87714285714286
West,2017-03-27,2017-04-02,20,0.0,0.0,0.0,2.978571428571428,22.267142857142854,80.07714285714285
West,2017-04-03,2017-04-09,20,0.0,0.0,0.0,8.23857142857143,22.33,82.13571428571429
West,2017-04-10,2017-04-16,20,0.0,0.0,0.0,17.575714285714287,22.374285714285715,84.52285714285715
West,2017-04-17,2017-04-23,20,0.0,0.0,0.0,10.960000000000004,21.58428571428571,85.33714285714287
West,2017-04-24,2017-04-30,20,0.0,0.0,0.0,5.387142857142857,22.145714285714284,82.02428571428572
West,2017-05-01,2017-05-07,20,0.0,0.0,0.0,8.372857142857141,21.222857142857144,85.01142857142858
West,2017-05-08,2017-05-14,20,0.0,0.0,0.0,5.798571428571428,21.794285714285717,83.92999999999999
West,2017-05-15,2017-05-21,20,0.0,0.0,0.0,10.425714285714283,21.60857142857143,86.08857142857144
West,2017-05-22,2017-05-28,20,0.0,0.0,0.0,6.921428571428572,21.42571428571429,84.68000000000002
West,2017-05-29,2017-06-04,20,0.0,0.0,0.0,7.407142857142857,21.662857142857145,86.73571428571428
West,2017-06-05,2017-06-11,20,0.0,0.0,0.0,2.77,21.91,84.26142857142858
West,2017-06-12,2017-06-18,20,0.0,0.0,0.0,8.584285714285713,20.90285714285714,85.6957142857143
West,2017-06-19,2017-06-25,20,0.0,0.0,0.0,16.92571428571429,20.41857142857143,87.38857142857144
West,2017-06-26,2017-07-02,20,0.0,0.0,0.0,11.058571428571428,20.61428571428572,87.3157142857143
West,2017-07-03,2017-07-09,20,0.0,0.0,0.0,8.445714285714285,20.295714285714286,87.03285714285714
West,2017-07-10,2017-07-16,20,0.0,0.0,0.0,12.667142857142858,20.215714285714284,88.00857142857144
West,2017-07-17,2017-07-23,20,0.0,0.0,0.0,31.83428571428572,20.852857142857143,87.17999999999999
West,2017-07-24,2017-07-30,20,0.0,0.0,0.0,27.97142857142857,20.63142857142857,88.5357142857143
West,2017-07-31,2017-08-06,20,0.0,0.0,0.0,18.9,20.142857142857142,90.55428571428573
West,2017-08-07,2017-08-13,20,0.0,0.0,0.0,23.354285714285712,20.07857142857143,89.7957142857143
West,2017-08-14,2017-08-20,20,0.0,0.0,0.0,11.785714285714288,20.298571428571428,89.27571428571427
West,2017-08-21,2017-08-27,20,0.0,0.0,0.0,14.532857142857145,19.982857142857146,89.8457142857143
West,2017-08-28,2017-09-03,20,0.0,0.0,0.0,21.165714285714284,20.01285714285714,90.1742857142857
West,2017-09-04,2017-09-10,20,0.0,0.0,0.0,6.612857142857143,20.37142857142857,89.10000000000001
West,2017-09-11,2017-09-17,20,0.0,0.0,0.0,13.930000000000003,20.32428571428571,88.72142857142856
West,2017-09-18,2017-09-24,20,0.0,0.0,0.0,5.188571428571429,20.987142857142853,88.3442857142857
West,2017-09-25,2017-10-01,20,0.0,0.0,0.0,17.34857142857143,20.562857142857148,87.42285714285715
West,2017-10-02,2017-10-08,20,0.0,0.0,0.0,11.542857142857144,21.018571428571427,85.41714285714286
West,2017-10-09,2017-10-15,20,0.0,0.0,0.0,12.981428571428571,20.384285714285717,88.62714285714286
West,2017-10-16,2017-10-22,20,0.0,0.0,0.0,9.621428571428572,20.34142857142857,90.46714285714286
West,2017-10-23,2017-10-29,20,0.0,0.0,0.0,5.618571428571428,20.17142857142857,86.13714285714285
West,2017-10-30,2017-11-05,20,0.0,0.0,0.0,3.515714285714286,20.517142857142854,86.5442857142857
West,2017-11-06,2017-11-12,20,0.0,0.0,0.0,0.2871428571428571,20.395714285714284,82.27857142857144
West,2017-11-13,2017-11-19,20,0.0,0.0,0.0,4.477142857142857,21.198571428571427,86.87
West,2017-11-20,2017-11-26,20,0.0,0.0,0.0,4.0,20.474285714285717,80.02428571428572
West,2017-11-27,2017-12-03,20,0.0,0.0,0.0,0.0514285714285714,20.26571428571429,72.35714285714285
West,2017-12-04,2017-12-10,20,0.0,0.0,0.0,0.0,20.618571428571425,72.38714285714285
West,2017-12-11,2017-12-17,20,0.0,0.0,0.0,0.0057142857142857,20.965714285714284,73.34
West,2017-12-18,2017-12-24,20,0.0,0.0,0.0,0.0114285714285714,21.33714285714285,71.79571428571428
West,2017-12-25,2017-12-31,20,0.0,0.0,0.0,0.0,20.5,66.67857142857143
West,2018-01-01,2018-01-07,19,0.0,0.0,0.0,1.714285714285714,18.998571428571427,65.63714285714286
West,2018-01-01,2018-12-30,18,0.0,2.0,0.0,6.341758241758242,20.96686813186813,81.25456043956044
West,2018-01-08,2018-01-14,19,0.0,0.0,0.0,0.0357142857142857,20.15142857142857,63.45714285714286
West,2018-01-15,2018-01-21,19,0.0,0.0,0.0,0.0,20.231428571428573,56.66428571428571
West,2018-01-22,2018-01-28,19,0.0,0.0,0.0,0.0,20.38714285714286,55.96428571428571
West,2018-01-29,2018-02-04,19,0.0,0.0,0.0,0.2542857142857143,21.360000000000003,57.77285714285714
West,2018-02-05,2018-02-11,19,0.0,0.0,0.0,3.0800000000000005,22.46857142857143,69.38714285714285
West,2018-02-12,2018-02-18,19,0.0,0.0,0.0,2.551428571428571,22.464285714285715,72.37857142857143
West,2018-02-19,2018-02-25,19,0.0,0.0,0.0,2.4,22.37,78.68142857142857
West,2018-02-26,2018-03-04,19,0.0,0.0,0.0,2.745714285714286,21.735714285714288,80.40857142857143
West,2018-03-05,2018-03-11,19,0.0,0.0,0.0,5.121428571428571,21.85142857142857,79.86285714285714
West,2018-03-12,2018-03-18,19,0.0,0.0,0.0,4.561428571428571,22.442857142857147,82.39999999999999
West,2018-03-19,2018-03-25,19,0.0,0.0,0.0,3.07,21.551428571428573,83.80142857142857
West,2018-03-26,2018-04-01,19,0.0,0.0,0.0,1.884285714285714,22.42428571428572,77.46142857142856
West,2018-04-02,2018-04-08,19,0.0,0.0,0.0,4.197142857142857,21.97,83.36
West,2018-04-09,2018-04-15,19,0.0,0.0,0.0,7.057142857142857,21.82857142857143,84.10714285714286
West,2018-04-16,2018-04-22,19,0.0,0.0,0.0,3.815714285714285,21.74571428571428,84.35714285714286
West,2018-04-23,2018-04-29,19,0.0,0.0,0.0,4.501428571428571,21.74571428571429,85.57142857142857
West,2018-04-30,2018-05-06,19,0.0,0.0,0.0,3.127142857142857,22.454285714285717,83.13571428571429
West,2018-05-07,2018-05-13,19,0.0,0.0,0.0,8.885714285714286,21.67,85.71857142857142
West,2018-05-14,2018-05-20,19,0.0,0.0,0.0,6.457142857142857,21.524285714285718,84.66428571428573
West,2018-05-21,2018-05-27,19,0.0,0.0,0.0,7.175714285714286,21.645714285714288,84.84285714285714
West,2018-05-28,2018-06-03,19,0.0,0.0,0.0,9.167142857142858,21.49142857142857,86.65142857142857
West,2018-06-04,2018-06-10,19,0.0,0.0,0.0,3.291428571428572,21.788571428571423,84.80999999999999
West,2018-06-11,2018-06-17,19,0.0,0.0,0.0,5.234285714285714,21.942857142857143,82.72
West,2018-06-18,2018-06-24,19,0.0,0.0,0.0,23.652857142857147,19.694285714285712,89.84428571428569
West,2018-06-25,2018-07-01,19,0.0,0.0,0.0,18.71857142857143,20.07714285714286,88.67285714285715
West,2018-07-02,2018-07-08,19,0.0,0.0,0.0,10.152857142857142,20.74571428571429,87.29142857142858
West,2018-07-09,2018-07-15,19,0.0,0.0,0.0,5.015714285714286,20.67142857142857,84.86
West,2018-07-16,2018-07-22,19,0.0,0.0,0.0,20.54,20.27428571428572,88.47857142857143
West,2018-07-23,2018-07-29,19,0.0,4.0,0.0,18.67285714285714,20.10428571428572,90.66857142857144
West,2018-07-30,2018-08-05,19,0.0,0.0,0.0,4.688571428571429,20.302857142857142,87.41571428571426
West,2018-08-06,2018-08-12,19,0.0,0.0,0.0,11.864285714285714,20.812857142857144,85.73
West,2018-08-13,2018-08-19,19,0.0,0.0,0.0,7.49,20.50142857142857,87.07428571428571
West,2018-08-20,2018-08-26,18,0.0,0.0,0.0,8.414285714285715,19.76571428571429,90.07285714285716
West,2018-08-27,2018-09-02,19,0.0,0.0,0.0,18.27285714285714,20.052857142857142,87.59
West,2018-09-03,2018-09-09,19,0.0,0.0,0.0,12.96714285714286,20.117142857142856,90.05285714285715
West,2018-09-10,2018-09-16,19,0.0,0.0,0.0,9.55714285714286,20.18285714285714,86.10714285714286
West,2018-09-17,2018-09-23,19,0.0,0.0,0.0,5.338571428571428,20.80857142857143,85.90428571428572
West,2018-09-24,2018-09-30,19,0.0,0.0,0.0,8.362857142857143,20.48857142857143,87.88857142857144
West,2018-10-01,2018-10-07,19,0.0,0.0,0.0,9.255714285714287,20.60428571428572,87.55857142857141
West,2018-10-08,2018-10-14,19,0.0,0.0,0.0,16.374285714285715,20.51571428571429,89.34571428571428
West,2018-10-15,2018-10-21,19,0.0,0.0,0.0,6.118571428571428,20.49285714285714,88.88
West,2018-10-22,2018-10-28,19,0.0,0.0,0.0,5.624285714285714,20.03428571428572,88.69571428571427
West,2018-10-29,2018-11-04,19,0.0,0.0,0.0,9.672857142857142,20.517142857142854,88.66714285714285
West,2018-11-05,2018-11-11,19,0.0,0.0,0.0,7.185714285714285,20.65714285714285,88.18142857142857
West,2018-11-12,2018-11-18,19,0.0,0.0,0.0,0.7999999999999999,21.174285714285716,83.79714285714284
West,2018-11-19,2018-11-25,19,0.0,0.0,0.0,0.6071428571428571,21.16,80.37
West,2018-11-26,2018-12-02,19,0.0,0.0,0.0,0.0042857142857142,21.002857142857145,76.91999999999999
West,2018-12-10,2018-12-16,19,0.0,0.0,0.0,0.0,20.79,69.36
West,2018-12-17,2018-12-23,19,0.0,0.0,0.0,0.0,19.555714285714284,63.17428571428572
West,2018-12-24,2018-12-30,19,0.0,0.0,0.0,0.0728571428571428,20.33142857142857,68.24428571428572
West,2018-12-31,2019-01-06,19,0.0,0.0,0.0,0.0285714285714285,20.694285714285712,65.00571428571428
West,2018-12-31,2019-12-29,18,0.0,0.0,0.0,6.486565934065935,21.25508241758242,81.21065934065935
West,2019-01-07,2019-01-13,19,0.0,0.0,0.0,0.0071428571428571,20.874285714285715,62.93714285714285
West,2019-01-14,2019-01-20,19,0.0,0.0,0.0,0.0357142857142857,21.65,66.46142857142857
West,2019-01-21,2019-01-27,19,0.0,0.0,0.0,0.12,22.194285714285712,73.77857142857144
West,2019-01-28,2019-02-03,19,0.0,0.0,0.0,1.052857142857143,21.84714285714286,72.52000000000001
West,2019-02-04,2019-02-10,19,0.0,0.0,0.0,2.8057142857142856,22.294285714285717,65.73428571428572
West,2019-02-11,2019-02-17,19,0.0,0.0,0.0,0.0028571428571428,21.94,57.29857142857144
West,2019-02-18,2019-02-24,19,0.0,0.0,0.0,0.0,22.548571428571428,69.36857142857143
West,2019-02-25,2019-03-03,19,0.0,0.0,0.0,1.4642857142857146,22.08285714285714,76.73142857142857
West,2019-03-04,2019-03-10,19,0.0,0.0,0.0,1.4085714285714286,22.51571428571429,76.21142857142857
West,2019-03-11,2019-03-17,19,0.0,0.0,0.0,0.927142857142857,22.841428571428573,78.56428571428572
West,2019-03-18,2019-03-24,19,0.0,0.0,0.0,1.907142857142857,23.01,80.34285714285716
West,2019-05-13,2019-05-19,19,0.0,0.0,0.0,4.56,21.665714285714284,84.07571428571428
West,2021-10-25,2022-07-03,1,4.0,82.0,0.0,3.5864285714285717,21.91559523809524,73.19753968253968
West,2022-01-03,2022-07-03,1,0.0,78.0,0.0,4.384065934065935,22.085604395604395,71.95346153846154
West,2022-04-11,2022-04-17,1,0.0,0.0,0.0,2.2871428571428574,22.26142857142857,81.51285714285714
West,2022-04-18,2022-04-24,1,0.0,0.0,0.0,16.282857142857143,22.132857142857144,84.25428571428571
West,2022-04-25,2022-05-01,1,0.0,0.0,0.0,6.800000000000002,21.69428571428572,83.35142857142856
West,2022-05-02,2022-05-08,1,0.0,0.0,0.0,1.092857142857143,22.03714285714286,84.20714285714284
West,2022-05-09,2022-05-15,1,0.0,14.0,0.0,1.2928571428571427,22.26142857142857,82.92142857142856
West,2022-05-16,2022-05-22,1,0.0,14.0,0.0,10.57,21.47,84.64142857142858
West,2022-05-20,2022-06-02,1,0.0,15.0,0.0,11.690714285714288,21.18928571428572,84.75214285714287
West,2022-05-23,2022-05-29,1,0.0,0.0,0.0,15.104285714285712,21.367142857142856,83.44000000000001
West,2022-05-30,2022-06-05,1,0.0,20.0,0.0,3.712857142857143,21.02,85.79
West,2022-06-06,2022-06-12,1,0.0,0.0,0.0,1.4728571428571429,20.95142857142857,84.75571428571428
West,2022-06-13,2022-06-19,1,0.0,23.0,0.0,4.458571428571429,20.65857142857143,86.26714285714286
West,2022-06-20,2022-06-26,1,0.0,0.0,0.0,4.83,20.481428571428573,87.8257142857143
West,2022-06-27,2022-07-03,1,0.0,5.0,0.0,10.514285714285714,19.974285714285717,88.06714285714285
West,2022-08-29,2022-09-08,1,0.0,2.0,0.0,31.064545454545456,20.05,88.65727272727273
West,2022-09-16,2022-09-22,1,0.0,2.0,0.0,8.058571428571428,19.712857142857143,89.19285714285715
West,2022-10-07,2022-10-13,1,0.0,2.0,0.0,13.72,19.97,88.10000000000001
West,2022-10-28,2022-11-03,1,0.0,2.0,0.0,4.819999999999999,20.36,87.67857142857143
West,2022-11-18,2022-11-24,1,0.0,1.0,0.0,0.0442857142857142,20.06571428571428,78.60857142857144
West,2022-12-02,2022-12-08,1,0.0,2.0,0.0,0.16,20.867142857142856,78.25714285714285
