,Region,TL,TR,reporting_date,sCh,cCh,deaths,CFR
0,Adamaoua,2010-01-04,2010-01-10,2010-01-10,0,0,0,0.0
1,Adamaoua,2010-01-11,2010-01-17,2010-01-17,0,0,0,0.0
2,Adamaoua,2010-01-18,2010-01-24,2010-01-24,0,0,0,0.0
3,Adamaoua,2010-01-25,2010-01-31,2010-01-31,19,0,0,0.0
4,Adamaoua,2010-02-01,2010-02-07,2010-02-07,0,0,0,0.0
5,Adamaoua,2010-02-08,2010-02-14,2010-02-14,24,15,0,0.0
6,Adamaoua,2010-02-15,2010-02-21,2010-02-21,0,0,0,0.0
7,Adamaoua,2010-02-22,2010-02-28,2010-02-28,5,3,0,0.0
8,Adamaoua,2010-03-01,2010-03-07,2010-03-07,0,0,0,0.0
9,Adamaoua,2010-03-08,2010-03-14,2010-03-14,0,0,0,0.0
10,Adamaoua,2010-03-15,2010-03-21,2010-03-21,54,0,0,0.0
11,Adamaoua,2010-03-22,2010-03-28,2010-03-28,74,26,1,3.8461538461538463
12,Adamaoua,2010-03-29,2010-04-04,2010-04-04,0,0,0,0.0
13,Adamaoua,2010-04-05,2010-04-11,2010-04-11,156,46,1,2.1739130434782608
14,Adamaoua,2010-04-12,2010-04-18,2010-04-18,104,37,0,0.0
15,Adamaoua,2010-04-19,2010-04-25,2010-04-25,22,13,0,0.0
16,Adamaoua,2010-04-26,2010-05-02,2010-05-02,0,0,0,0.0
17,Adamaoua,2010-05-03,2010-05-09,2010-05-09,0,0,0,0.0
18,Adamaoua,2010-05-10,2010-05-16,2010-05-16,0,0,0,0.0
19,Adamaoua,2010-05-17,2010-05-23,2010-05-23,0,0,0,0.0
20,Adamaoua,2010-05-24,2010-05-30,2010-05-30,66,20,0,0.0
21,Adamaoua,2010-05-31,2010-06-06,2010-06-06,0,0,0,0.0
22,Adamaoua,2010-06-07,2010-06-13,2010-06-13,61,0,0,0.0
23,Adamaoua,2010-06-14,2010-06-20,2010-06-20,65,0,0,0.0
24,Adamaoua,2010-06-21,2010-06-27,2010-06-27,0,0,0,0.0
25,Adamaoua,2010-06-28,2010-07-04,2010-07-04,98,48,1,2.083333333333333
26,Adamaoua,2010-07-05,2010-07-11,2010-07-11,15,6,0,0.0
27,Adamaoua,2010-07-12,2010-07-18,2010-07-18,194,95,1,1.0526315789473684
28,Adamaoua,2010-07-19,2010-07-25,2010-07-25,23,0,0,0.0
29,Adamaoua,2010-07-26,2010-08-01,2010-08-01,0,0,0,0.0
30,Adamaoua,2010-08-02,2010-08-08,2010-08-08,107,39,1,2.564102564102564
31,Adamaoua,2010-08-09,2010-08-15,2010-08-15,0,0,0,0.0
32,Adamaoua,2010-08-16,2010-08-22,2010-08-22,0,0,0,0.0
33,Adamaoua,2010-08-23,2010-08-29,2010-08-29,53,5,0,0.0
34,Adamaoua,2010-08-30,2010-09-05,2010-09-05,0,0,0,0.0
35,Adamaoua,2010-09-06,2010-09-12,2010-09-12,48,25,1,4.0
36,Adamaoua,2010-09-13,2010-09-19,2010-09-19,13,6,0,0.0
37,Adamaoua,2010-09-20,2010-09-26,2010-09-26,19,9,0,0.0
38,Adamaoua,2010-09-27,2010-10-03,2010-10-03,31,0,0,0.0
39,Adamaoua,2010-10-04,2010-10-10,2010-10-10,0,0,0,0.0
40,Adamaoua,2010-10-11,2010-10-17,2010-10-17,0,0,0,0.0
41,Adamaoua,2010-10-18,2010-10-24,2010-10-24,0,0,0,0.0
42,Adamaoua,2010-10-25,2010-10-31,2010-10-31,23,8,0,0.0
43,Adamaoua,2010-11-01,2010-11-07,2010-11-07,36,19,0,0.0
44,Adamaoua,2010-11-08,2010-11-14,2010-11-14,0,0,0,0.0
45,Adamaoua,2010-11-15,2010-11-21,2010-11-21,49,24,1,4.166666666666666
46,Adamaoua,2010-11-22,2010-11-28,2010-11-28,0,0,0,0.0
47,Adamaoua,2010-11-29,2010-12-05,2010-12-05,41,0,0,0.0
48,Adamaoua,2010-12-06,2010-12-12,2010-12-12,26,13,0,0.0
49,Adamaoua,2010-12-13,2010-12-19,2010-12-19,0,0,0,0.0
50,Adamaoua,2010-12-20,2010-12-26,2010-12-26,0,0,0,0.0
51,Adamaoua,2010-12-27,2011-01-02,2011-01-02,23,6,0,0.0
52,Adamaoua,2011-01-01,2011-09-22,2011-09-22,197,72,4,5.555555555555555
53,Adamaoua,2011-01-03,2011-01-09,2011-01-09,34,16,0,0.0
54,Adamaoua,2011-01-10,2011-01-16,2011-01-16,48,0,0,0.0
55,Adamaoua,2011-01-17,2011-01-23,2011-01-23,26,8,0,0.0
56,Adamaoua,2011-01-24,2011-01-30,2011-01-30,0,0,0,0.0
57,Adamaoua,2011-01-31,2011-02-06,2011-02-06,0,0,0,0.0
58,Adamaoua,2011-02-07,2011-02-13,2011-02-13,0,0,0,0.0
59,Adamaoua,2011-02-14,2011-02-20,2011-02-20,0,0,0,0.0
60,Adamaoua,2011-02-21,2011-02-27,2011-02-27,0,0,0,0.0
61,Adamaoua,2011-02-28,2011-03-06,2011-03-06,0,0,0,0.0
62,Adamaoua,2011-03-07,2011-03-13,2011-03-13,0,0,0,0.0
63,Adamaoua,2011-03-14,2011-03-20,2011-03-20,49,16,0,0.0
64,Adamaoua,2011-03-21,2011-03-27,2011-03-27,7,3,0,0.0
65,Adamaoua,2011-03-28,2011-04-03,2011-04-03,23,14,0,0.0
66,Adamaoua,2011-04-04,2011-04-10,2011-04-10,0,0,0,0.0
67,Adamaoua,2011-04-11,2011-04-17,2011-04-17,43,13,0,0.0
68,Adamaoua,2011-04-18,2011-04-24,2011-04-24,101,15,0,0.0
69,Adamaoua,2011-04-25,2011-05-01,2011-05-01,56,17,1,5.88235294117647
70,Adamaoua,2011-05-02,2011-05-08,2011-05-08,0,0,0,0.0
71,Adamaoua,2011-05-09,2011-05-15,2011-05-15,70,13,0,0.0
72,Adamaoua,2011-05-16,2011-05-22,2011-05-22,0,0,0,0.0
73,Adamaoua,2011-05-23,2011-05-29,2011-05-29,34,0,0,0.0
74,Adamaoua,2011-05-30,2011-06-05,2011-06-05,87,31,1,3.225806451612903
75,Adamaoua,2011-06-06,2011-06-12,2011-06-12,41,18,0,0.0
76,Adamaoua,2011-06-13,2011-06-19,2011-06-19,68,0,0,0.0
77,Adamaoua,2011-06-20,2011-06-26,2011-06-26,44,26,1,3.8461538461538463
78,Adamaoua,2011-06-27,2011-07-03,2011-07-03,0,0,0,0.0
79,Adamaoua,2011-07-04,2011-07-10,2011-07-10,48,0,0,0.0
80,Adamaoua,2011-07-11,2011-07-17,2011-07-17,145,0,0,0.0
81,Adamaoua,2011-07-18,2011-07-24,2011-07-24,190,68,3,4.411764705882353
82,Adamaoua,2011-07-25,2011-07-31,2011-07-31,67,0,0,0.0
83,Adamaoua,2011-08-01,2011-08-07,2011-08-07,53,19,0,0.0
84,Adamaoua,2011-08-08,2011-08-14,2011-08-14,53,23,0,0.0
85,Adamaoua,2011-08-15,2011-08-21,2011-08-21,111,10,0,0.0
86,Adamaoua,2011-08-22,2011-08-28,2011-08-28,268,38,0,0.0
87,Adamaoua,2011-08-29,2011-09-04,2011-09-04,0,0,0,0.0
88,Adamaoua,2011-09-05,2011-09-11,2011-09-11,204,57,1,1.7543859649122806
89,Adamaoua,2011-09-12,2011-09-18,2011-09-18,118,13,0,0.0
90,Adamaoua,2011-09-19,2011-09-25,2011-09-25,22,12,0,0.0
91,Adamaoua,2011-09-26,2011-10-02,2011-10-02,225,96,1,1.0416666666666665
92,Adamaoua,2011-10-03,2011-10-09,2011-10-09,135,29,1,3.4482758620689653
93,Adamaoua,2011-10-10,2011-10-16,2011-10-16,67,23,0,0.0
94,Adamaoua,2011-10-17,2011-10-23,2011-10-23,129,39,0,0.0
95,Adamaoua,2011-10-24,2011-10-30,2011-10-30,0,0,0,0.0
96,Adamaoua,2011-10-31,2011-11-06,2011-11-06,0,0,0,0.0
97,Adamaoua,2011-11-07,2011-11-13,2011-11-13,91,15,0,0.0
98,Adamaoua,2011-11-14,2011-11-20,2011-11-20,0,0,0,0.0
99,Adamaoua,2011-11-21,2011-11-27,2011-11-27,51,32,0,0.0
100,Adamaoua,2011-11-28,2011-12-04,2011-12-04,0,0,0,0.0
101,Adamaoua,2011-12-05,2011-12-11,2011-12-11,0,0,0,0.0
102,Adamaoua,2011-12-12,2011-12-18,2011-12-18,0,0,0,0.0
103,Adamaoua,2011-12-19,2011-12-25,2011-12-25,49,17,0,0.0
104,Adamaoua,2011-12-26,2012-01-01,2012-01-01,0,0,0,0.0
105,Adamaoua,2012-01-02,2012-01-08,2012-01-08,28,0,0,0.0
106,Adamaoua,2012-01-09,2012-01-15,2012-01-15,2,1,0,0.0
107,Adamaoua,2012-01-16,2012-01-22,2012-01-22,155,0,0,0.0
108,Adamaoua,2012-01-23,2012-01-29,2012-01-29,58,21,0,0.0
109,Adamaoua,2012-01-30,2012-02-05,2012-02-05,75,41,1,2.4390243902439024
110,Adamaoua,2012-02-06,2012-02-12,2012-02-12,65,0,0,0.0
111,Adamaoua,2012-02-13,2012-02-19,2012-02-19,24,14,0,0.0
112,Adamaoua,2012-02-20,2012-02-26,2012-02-26,0,0,0,0.0
113,Adamaoua,2012-02-27,2012-03-04,2012-03-04,88,50,1,2.0
114,Adamaoua,2012-03-05,2012-03-11,2012-03-11,64,33,0,0.0
115,Adamaoua,2012-03-12,2012-03-18,2012-03-18,0,0,0,0.0
116,Adamaoua,2012-03-19,2012-03-25,2012-03-25,0,0,0,0.0
117,Adamaoua,2012-03-26,2012-04-01,2012-04-01,276,115,3,2.608695652173913
118,Adamaoua,2012-04-02,2012-04-08,2012-04-08,96,54,1,1.8518518518518516
119,Adamaoua,2012-04-09,2012-04-15,2012-04-15,106,51,1,1.9607843137254901
120,Adamaoua,2012-04-16,2012-04-22,2012-04-22,0,0,0,0.0
121,Adamaoua,2012-04-23,2012-04-29,2012-04-29,0,0,0,0.0
122,Adamaoua,2012-04-30,2012-05-06,2012-05-06,29,9,0,0.0
123,Adamaoua,2012-05-07,2012-05-13,2012-05-13,171,97,1,1.0309278350515463
124,Adamaoua,2012-05-14,2012-05-20,2012-05-20,327,183,5,2.73224043715847
125,Adamaoua,2012-05-21,2012-05-27,2012-05-27,0,0,0,0.0
126,Adamaoua,2012-05-28,2012-06-03,2012-06-03,30,19,0,0.0
127,Adamaoua,2012-06-04,2012-06-10,2012-06-10,0,0,0,0.0
128,Adamaoua,2012-06-11,2012-06-17,2012-06-17,25,13,0,0.0
129,Adamaoua,2012-06-18,2012-06-24,2012-06-24,0,0,0,0.0
130,Adamaoua,2012-06-25,2012-07-01,2012-07-01,182,90,1,1.1111111111111112
131,Adamaoua,2012-07-02,2012-07-08,2012-07-08,0,0,0,0.0
132,Adamaoua,2012-07-09,2012-07-15,2012-07-15,5,2,0,0.0
133,Adamaoua,2012-07-16,2012-07-22,2012-07-22,44,0,0,0.0
134,Adamaoua,2012-07-23,2012-07-29,2012-07-29,37,10,0,0.0
135,Adamaoua,2012-07-30,2012-08-05,2012-08-05,228,81,2,2.4691358024691357
136,Adamaoua,2012-08-06,2012-08-12,2012-08-12,0,0,0,0.0
137,Adamaoua,2012-08-13,2012-08-19,2012-08-19,0,0,0,0.0
138,Adamaoua,2012-08-20,2012-08-26,2012-08-26,0,0,0,0.0
139,Adamaoua,2012-08-27,2012-09-02,2012-09-02,57,30,0,0.0
140,Adamaoua,2012-09-03,2012-09-09,2012-09-09,0,0,0,0.0
141,Adamaoua,2012-09-10,2012-09-16,2012-09-16,108,28,1,3.571428571428571
142,Adamaoua,2012-09-17,2012-09-23,2012-09-23,68,45,1,2.2222222222222223
143,Adamaoua,2012-09-24,2012-09-30,2012-09-30,0,0,0,0.0
144,Adamaoua,2012-10-01,2012-10-07,2012-10-07,0,0,0,0.0
145,Adamaoua,2012-10-08,2012-10-14,2012-10-14,114,47,0,0.0
146,Adamaoua,2012-10-15,2012-10-21,2012-10-21,231,50,1,2.0
147,Adamaoua,2012-10-22,2012-10-28,2012-10-28,47,0,0,0.0
148,Adamaoua,2012-10-29,2012-11-04,2012-11-04,120,25,0,0.0
149,Adamaoua,2012-11-05,2012-11-11,2012-11-11,0,0,0,0.0
150,Adamaoua,2012-11-12,2012-11-18,2012-11-18,0,0,0,0.0
151,Adamaoua,2012-11-19,2012-11-25,2012-11-25,0,0,0,0.0
152,Adamaoua,2012-11-26,2012-12-02,2012-12-02,0,0,0,0.0
153,Adamaoua,2012-12-03,2012-12-09,2012-12-09,47,7,1,14.285714285714285
154,Adamaoua,2012-12-10,2012-12-16,2012-12-16,30,17,0,0.0
155,Adamaoua,2012-12-17,2012-12-23,2012-12-23,54,17,0,0.0
156,Adamaoua,2012-12-24,2012-12-30,2012-12-30,32,0,0,0.0
157,Adamaoua,2012-12-31,2013-01-06,2013-01-06,32,0,0,0.0
158,Adamaoua,2013-01-07,2013-01-13,2013-01-13,0,0,0,0.0
159,Adamaoua,2013-01-14,2013-01-20,2013-01-20,40,17,0,0.0
160,Adamaoua,2013-01-21,2013-01-27,2013-01-27,43,17,0,0.0
161,Adamaoua,2013-01-28,2013-02-03,2013-02-03,53,26,0,0.0
162,Adamaoua,2013-02-04,2013-02-10,2013-02-10,0,0,0,0.0
163,Adamaoua,2013-02-11,2013-02-17,2013-02-17,0,0,0,0.0
164,Adamaoua,2013-02-18,2013-02-24,2013-02-24,2,0,0,0.0
165,Adamaoua,2013-02-25,2013-03-03,2013-03-03,0,0,0,0.0
166,Adamaoua,2013-03-04,2013-03-10,2013-03-10,62,0,0,0.0
167,Adamaoua,2013-03-11,2013-03-17,2013-03-17,0,0,0,0.0
168,Adamaoua,2013-03-18,2013-03-24,2013-03-24,103,60,1,1.6666666666666667
169,Adamaoua,2013-03-25,2013-03-31,2013-03-31,35,9,0,0.0
170,Adamaoua,2013-04-01,2013-04-07,2013-04-07,0,0,0,0.0
171,Adamaoua,2013-04-08,2013-04-14,2013-04-14,0,0,0,0.0
172,Adamaoua,2013-04-15,2013-04-21,2013-04-21,43,0,0,0.0
173,Adamaoua,2013-04-22,2013-04-28,2013-04-28,152,96,2,2.083333333333333
174,Adamaoua,2013-04-29,2013-05-05,2013-05-05,0,0,0,0.0
175,Adamaoua,2013-05-06,2013-05-12,2013-05-12,23,0,0,0.0
176,Adamaoua,2013-05-13,2013-05-19,2013-05-19,135,46,1,2.1739130434782608
177,Adamaoua,2013-05-20,2013-05-26,2013-05-26,0,0,0,0.0
178,Adamaoua,2013-05-27,2013-06-02,2013-06-02,0,0,0,0.0
179,Adamaoua,2013-06-03,2013-06-09,2013-06-09,60,16,0,0.0
180,Adamaoua,2013-06-10,2013-06-16,2013-06-16,33,0,0,0.0
181,Adamaoua,2013-06-17,2013-06-23,2013-06-23,101,18,0,0.0
182,Adamaoua,2013-06-24,2013-06-30,2013-06-30,92,60,0,0.0
183,Adamaoua,2013-07-01,2013-07-07,2013-07-07,103,15,0,0.0
184,Adamaoua,2013-07-08,2013-07-14,2013-07-14,0,0,0,0.0
185,Adamaoua,2013-07-15,2013-07-21,2013-07-21,0,0,0,0.0
186,Adamaoua,2013-07-22,2013-07-28,2013-07-28,21,11,0,0.0
187,Adamaoua,2013-07-29,2013-08-04,2013-08-04,33,1,0,0.0
188,Adamaoua,2013-08-05,2013-08-11,2013-08-11,96,0,1,0.0
189,Adamaoua,2013-08-12,2013-08-18,2013-08-18,134,75,1,1.3333333333333335
190,Adamaoua,2013-08-19,2013-08-25,2013-08-25,0,0,0,0.0
191,Adamaoua,2013-08-26,2013-09-01,2013-09-01,0,0,0,0.0
192,Adamaoua,2013-09-02,2013-09-08,2013-09-08,0,0,0,0.0
193,Adamaoua,2013-09-09,2013-09-15,2013-09-15,40,25,0,0.0
194,Adamaoua,2013-09-16,2013-09-22,2013-09-22,145,60,1,1.6666666666666667
195,Adamaoua,2013-09-23,2013-09-29,2013-09-29,0,0,0,0.0
196,Adamaoua,2013-09-30,2013-10-06,2013-10-06,185,0,0,0.0
197,Adamaoua,2013-10-07,2013-10-13,2013-10-13,0,0,0,0.0
198,Adamaoua,2013-10-14,2013-10-20,2013-10-20,36,21,1,4.761904761904762
199,Adamaoua,2013-10-21,2013-10-27,2013-10-27,0,0,0,0.0
200,Adamaoua,2013-10-28,2013-11-03,2013-11-03,76,6,0,0.0
201,Adamaoua,2013-11-04,2013-11-10,2013-11-10,0,0,0,0.0
202,Adamaoua,2013-11-11,2013-11-17,2013-11-17,25,13,0,0.0
203,Adamaoua,2013-11-18,2013-11-24,2013-11-24,0,0,0,0.0
204,Adamaoua,2013-11-25,2013-12-01,2013-12-01,0,0,0,0.0
205,Adamaoua,2013-12-02,2013-12-08,2013-12-08,90,0,0,0.0
206,Adamaoua,2013-12-09,2013-12-15,2013-12-15,22,0,0,0.0
207,Adamaoua,2013-12-16,2013-12-22,2013-12-22,0,0,0,0.0
208,Adamaoua,2013-12-23,2013-12-29,2013-12-29,0,0,0,0.0
209,Adamaoua,2013-12-30,2014-01-05,2014-01-05,116,40,1,2.5
210,Adamaoua,2014-01-06,2014-01-12,2014-01-12,0,0,0,0.0
211,Adamaoua,2014-01-13,2014-01-19,2014-01-19,0,0,0,0.0
212,Adamaoua,2014-01-20,2014-01-26,2014-01-26,78,24,0,0.0
213,Adamaoua,2014-01-27,2014-02-02,2014-02-02,0,0,0,0.0
214,Adamaoua,2014-02-03,2014-02-09,2014-02-09,0,0,0,0.0
215,Adamaoua,2014-02-10,2014-02-16,2014-02-16,95,0,0,0.0
216,Adamaoua,2014-02-17,2014-02-23,2014-02-23,32,17,0,0.0
217,Adamaoua,2014-02-24,2014-03-02,2014-03-02,76,39,0,0.0
218,Adamaoua,2014-03-03,2014-03-09,2014-03-09,128,38,1,2.631578947368421
219,Adamaoua,2014-03-10,2014-03-16,2014-03-16,54,17,0,0.0
220,Adamaoua,2014-03-17,2014-03-23,2014-03-23,102,31,0,0.0
221,Adamaoua,2014-03-24,2014-03-30,2014-03-30,0,0,0,0.0
222,Adamaoua,2014-03-31,2014-04-06,2014-04-06,0,0,0,0.0
223,Adamaoua,2014-04-07,2014-04-13,2014-04-13,24,0,0,0.0
224,Adamaoua,2014-04-14,2014-04-20,2014-04-20,0,0,0,0.0
225,Adamaoua,2014-04-21,2014-04-27,2014-04-27,0,0,0,0.0
226,Adamaoua,2014-04-28,2014-05-04,2014-05-04,96,22,1,4.545454545454546
227,Adamaoua,2014-05-05,2014-05-11,2014-05-11,54,32,0,0.0
228,Adamaoua,2014-05-12,2014-05-18,2014-05-18,196,45,1,2.2222222222222223
229,Adamaoua,2014-05-19,2014-05-25,2014-05-25,0,0,0,0.0
230,Adamaoua,2014-05-26,2014-06-01,2014-06-01,0,0,0,0.0
231,Adamaoua,2014-06-02,2014-06-08,2014-06-08,0,0,0,0.0
232,Adamaoua,2014-06-09,2014-06-15,2014-06-15,30,14,0,0.0
233,Adamaoua,2014-06-16,2014-06-22,2014-06-22,185,66,1,1.5151515151515151
234,Adamaoua,2014-06-23,2014-06-29,2014-06-29,62,0,0,0.0
235,Adamaoua,2014-06-30,2014-07-06,2014-07-06,0,0,0,0.0
236,Adamaoua,2014-07-07,2014-07-13,2014-07-13,0,0,0,0.0
237,Adamaoua,2014-07-14,2014-07-20,2014-07-20,9,5,0,0.0
238,Adamaoua,2014-07-21,2014-07-27,2014-07-27,0,0,0,0.0
239,Adamaoua,2014-07-28,2014-08-03,2014-08-03,0,0,0,0.0
240,Adamaoua,2014-08-04,2014-08-10,2014-08-10,0,0,0,0.0
241,Adamaoua,2014-08-11,2014-08-17,2014-08-17,40,10,0,0.0
242,Adamaoua,2014-08-18,2014-08-24,2014-08-24,0,0,0,0.0
243,Adamaoua,2014-08-25,2014-08-31,2014-08-31,0,0,0,0.0
244,Adamaoua,2014-09-01,2014-09-07,2014-09-07,122,21,0,0.0
245,Adamaoua,2014-09-08,2014-09-14,2014-09-14,58,25,1,4.0
246,Adamaoua,2014-09-15,2014-09-21,2014-09-21,46,0,0,0.0
247,Adamaoua,2014-09-22,2014-09-28,2014-09-28,0,0,0,0.0
248,Adamaoua,2014-09-29,2014-10-05,2014-10-05,26,0,0,0.0
249,Adamaoua,2014-10-06,2014-10-12,2014-10-12,25,15,0,0.0
250,Adamaoua,2014-10-13,2014-10-19,2014-10-19,0,0,0,0.0
251,Adamaoua,2014-10-20,2014-10-26,2014-10-26,0,0,0,0.0
252,Adamaoua,2014-10-27,2014-11-02,2014-11-02,136,0,0,0.0
253,Adamaoua,2014-11-03,2014-11-09,2014-11-09,0,0,0,0.0
254,Adamaoua,2014-11-10,2014-11-16,2014-11-16,0,0,0,0.0
255,Adamaoua,2014-11-17,2014-11-23,2014-11-23,0,0,0,0.0
256,Adamaoua,2014-11-24,2014-11-30,2014-11-30,14,5,0,0.0
257,Adamaoua,2014-12-01,2014-12-07,2014-12-07,25,0,0,0.0
258,Adamaoua,2014-12-08,2014-12-14,2014-12-14,189,65,1,1.5384615384615385
259,Adamaoua,2014-12-15,2014-12-21,2014-12-21,0,0,0,0.0
260,Adamaoua,2014-12-22,2014-12-28,2014-12-28,0,0,0,0.0
261,Adamaoua,2014-12-29,2015-01-04,2015-01-04,139,40,1,2.5
262,Adamaoua,2015-01-05,2015-01-11,2015-01-11,56,14,0,0.0
263,Adamaoua,2015-01-12,2015-01-18,2015-01-18,230,60,2,3.3333333333333335
264,Adamaoua,2015-01-19,2015-01-25,2015-01-25,44,0,1,0.0
265,Adamaoua,2015-01-26,2015-02-01,2015-02-01,15,0,0,0.0
266,Adamaoua,2015-02-02,2015-02-08,2015-02-08,39,0,0,0.0
267,Adamaoua,2015-02-09,2015-02-15,2015-02-15,0,0,0,0.0
268,Adamaoua,2015-02-16,2015-02-22,2015-02-22,26,0,0,0.0
269,Adamaoua,2015-02-23,2015-03-01,2015-03-01,0,0,0,0.0
270,Adamaoua,2015-03-02,2015-03-08,2015-03-08,0,0,0,0.0
271,Adamaoua,2015-03-09,2015-03-15,2015-03-15,0,0,0,0.0
272,Adamaoua,2015-03-16,2015-03-22,2015-03-22,53,22,0,0.0
273,Adamaoua,2015-03-23,2015-03-29,2015-03-29,0,0,0,0.0
274,Adamaoua,2015-03-30,2015-04-05,2015-04-05,0,0,0,0.0
275,Adamaoua,2015-04-06,2015-04-12,2015-04-12,47,19,0,0.0
276,Adamaoua,2015-04-13,2015-04-19,2015-04-19,0,0,0,0.0
277,Adamaoua,2015-04-20,2015-04-26,2015-04-26,0,0,0,0.0
278,Adamaoua,2015-04-27,2015-05-03,2015-05-03,0,0,0,0.0
279,Adamaoua,2015-05-04,2015-05-10,2015-05-10,0,0,0,0.0
280,Adamaoua,2015-05-11,2015-05-17,2015-05-17,29,0,0,0.0
281,Adamaoua,2015-05-18,2015-05-24,2015-05-24,0,0,0,0.0
282,Adamaoua,2015-05-25,2015-05-31,2015-05-31,97,40,0,0.0
283,Adamaoua,2015-06-01,2015-06-07,2015-06-07,0,0,0,0.0
284,Adamaoua,2015-06-08,2015-06-14,2015-06-14,0,0,0,0.0
285,Adamaoua,2015-06-15,2015-06-21,2015-06-21,39,21,0,0.0
286,Adamaoua,2015-06-22,2015-06-28,2015-06-28,0,0,0,0.0
287,Adamaoua,2015-06-29,2015-07-05,2015-07-05,0,0,0,0.0
288,Adamaoua,2015-07-06,2015-07-12,2015-07-12,44,0,0,0.0
289,Adamaoua,2015-07-13,2015-07-19,2015-07-19,0,0,0,0.0
290,Adamaoua,2015-07-20,2015-07-26,2015-07-26,102,46,1,2.1739130434782608
291,Adamaoua,2015-07-27,2015-08-02,2015-08-02,38,20,0,0.0
292,Adamaoua,2015-08-03,2015-08-09,2015-08-09,5,1,0,0.0
293,Adamaoua,2015-08-10,2015-08-16,2015-08-16,43,17,0,0.0
294,Adamaoua,2015-08-17,2015-08-23,2015-08-23,104,66,2,3.0303030303030303
295,Adamaoua,2015-08-24,2015-08-30,2015-08-30,116,46,1,2.1739130434782608
296,Adamaoua,2015-08-31,2015-09-06,2015-09-06,170,100,1,1.0
297,Adamaoua,2015-09-07,2015-09-13,2015-09-13,79,42,0,0.0
298,Adamaoua,2015-09-14,2015-09-20,2015-09-20,0,0,0,0.0
299,Adamaoua,2015-09-21,2015-09-27,2015-09-27,75,24,0,0.0
300,Adamaoua,2015-09-28,2015-10-04,2015-10-04,0,0,0,0.0
301,Adamaoua,2015-10-05,2015-10-11,2015-10-11,91,50,0,0.0
302,Adamaoua,2015-10-12,2015-10-18,2015-10-18,55,15,0,0.0
303,Adamaoua,2015-10-19,2015-10-25,2015-10-25,75,0,1,0.0
304,Adamaoua,2015-10-26,2015-11-01,2015-11-01,22,0,0,0.0
305,Adamaoua,2015-11-02,2015-11-08,2015-11-08,122,31,0,0.0
306,Adamaoua,2015-11-09,2015-11-15,2015-11-15,37,0,0,0.0
307,Adamaoua,2015-11-16,2015-11-22,2015-11-22,52,0,0,0.0
308,Adamaoua,2015-11-23,2015-11-29,2015-11-29,0,0,0,0.0
309,Adamaoua,2015-11-30,2015-12-06,2015-12-06,0,0,0,0.0
310,Adamaoua,2015-12-07,2015-12-13,2015-12-13,35,0,0,0.0
311,Adamaoua,2015-12-14,2015-12-20,2015-12-20,0,0,0,0.0
312,Adamaoua,2015-12-21,2015-12-27,2015-12-27,0,0,0,0.0
313,Adamaoua,2016-01-04,2016-01-10,2016-01-10,38,22,0,0.0
314,Adamaoua,2016-01-11,2016-01-17,2016-01-17,15,3,0,0.0
315,Adamaoua,2016-01-18,2016-01-24,2016-01-24,0,0,0,0.0
316,Adamaoua,2016-01-25,2016-01-31,2016-01-31,0,0,0,0.0
317,Adamaoua,2016-02-01,2016-02-07,2016-02-07,23,6,0,0.0
318,Adamaoua,2016-02-08,2016-02-14,2016-02-14,0,0,0,0.0
319,Adamaoua,2016-02-15,2016-02-21,2016-02-21,0,0,0,0.0
320,Adamaoua,2016-02-22,2016-02-28,2016-02-28,10,4,0,0.0
321,Adamaoua,2016-02-29,2016-03-06,2016-03-06,76,37,1,2.7027027027027026
322,Adamaoua,2016-03-07,2016-03-13,2016-03-13,235,125,2,1.6
323,Adamaoua,2016-03-14,2016-03-20,2016-03-20,0,0,0,0.0
324,Adamaoua,2016-03-21,2016-03-27,2016-03-27,29,8,0,0.0
325,Adamaoua,2016-03-28,2016-04-03,2016-04-03,0,0,0,0.0
326,Adamaoua,2016-04-04,2016-04-10,2016-04-10,0,0,0,0.0
327,Adamaoua,2016-04-11,2016-04-17,2016-04-17,54,30,1,3.3333333333333335
328,Adamaoua,2016-04-18,2016-04-24,2016-04-24,0,0,0,0.0
329,Adamaoua,2016-04-25,2016-05-01,2016-05-01,0,0,0,0.0
330,Adamaoua,2016-05-02,2016-05-08,2016-05-08,250,79,3,3.79746835443038
331,Adamaoua,2016-05-09,2016-05-15,2016-05-15,82,32,1,3.125
332,Adamaoua,2016-05-16,2016-05-22,2016-05-22,36,0,0,0.0
333,Adamaoua,2016-05-23,2016-05-29,2016-05-29,0,0,0,0.0
334,Adamaoua,2016-05-30,2016-06-05,2016-06-05,27,11,0,0.0
335,Adamaoua,2016-06-06,2016-06-12,2016-06-12,84,28,0,0.0
336,Adamaoua,2016-06-13,2016-06-19,2016-06-19,0,0,0,0.0
337,Adamaoua,2016-06-20,2016-06-26,2016-06-26,76,38,1,2.631578947368421
338,Adamaoua,2016-06-27,2016-07-03,2016-07-03,0,0,0,0.0
339,Adamaoua,2016-07-04,2016-07-10,2016-07-10,0,0,0,0.0
340,Adamaoua,2016-07-11,2016-07-17,2016-07-17,38,23,1,4.3478260869565215
341,Adamaoua,2016-07-18,2016-07-24,2016-07-24,0,0,0,0.0
342,Adamaoua,2016-07-25,2016-07-31,2016-07-31,0,0,0,0.0
343,Adamaoua,2016-08-01,2016-08-07,2016-08-07,0,0,0,0.0
344,Adamaoua,2016-08-08,2016-08-14,2016-08-14,65,0,0,0.0
345,Adamaoua,2016-08-15,2016-08-21,2016-08-21,0,0,0,0.0
346,Adamaoua,2016-08-22,2016-08-28,2016-08-28,0,0,0,0.0
347,Adamaoua,2016-08-29,2016-09-04,2016-09-04,48,0,0,0.0
348,Adamaoua,2016-09-05,2016-09-11,2016-09-11,0,0,0,0.0
349,Adamaoua,2016-09-12,2016-09-18,2016-09-18,150,97,3,3.0927835051546393
350,Adamaoua,2016-09-19,2016-09-25,2016-09-25,105,33,0,0.0
351,Adamaoua,2016-09-26,2016-10-02,2016-10-02,106,3,0,0.0
352,Adamaoua,2016-10-03,2016-10-09,2016-10-09,112,0,0,0.0
353,Adamaoua,2016-10-10,2016-10-16,2016-10-16,40,21,0,0.0
354,Adamaoua,2016-10-17,2016-10-23,2016-10-23,101,0,0,0.0
355,Adamaoua,2016-10-24,2016-10-30,2016-10-30,0,0,0,0.0
356,Adamaoua,2016-10-31,2016-11-06,2016-11-06,0,0,0,0.0
357,Adamaoua,2016-11-07,2016-11-13,2016-11-13,0,0,0,0.0
358,Adamaoua,2016-11-14,2016-11-20,2016-11-20,34,19,0,0.0
359,Adamaoua,2016-11-21,2016-11-27,2016-11-27,0,0,0,0.0
360,Adamaoua,2016-11-28,2016-12-04,2016-12-04,16,10,0,0.0
361,Adamaoua,2016-12-05,2016-12-11,2016-12-11,40,13,0,0.0
362,Adamaoua,2016-12-12,2016-12-18,2016-12-18,0,0,0,0.0
363,Adamaoua,2016-12-19,2016-12-25,2016-12-25,0,0,0,0.0
364,Adamaoua,2016-12-26,2017-01-01,2017-01-01,8,0,0,0.0
365,Adamaoua,2017-01-02,2017-01-08,2017-01-08,17,0,0,0.0
366,Adamaoua,2017-01-09,2017-01-15,2017-01-15,41,17,0,0.0
367,Adamaoua,2017-01-16,2017-01-22,2017-01-22,27,0,0,0.0
368,Adamaoua,2017-01-23,2017-01-29,2017-01-29,0,0,0,0.0
369,Adamaoua,2017-01-30,2017-02-05,2017-02-05,57,0,0,0.0
370,Adamaoua,2017-02-06,2017-02-12,2017-02-12,128,12,0,0.0
371,Adamaoua,2017-02-13,2017-02-19,2017-02-19,0,0,0,0.0
372,Adamaoua,2017-02-20,2017-02-26,2017-02-26,78,35,1,2.857142857142857
373,Adamaoua,2017-02-27,2017-03-05,2017-03-05,79,29,0,0.0
374,Adamaoua,2017-03-06,2017-03-12,2017-03-12,63,0,0,0.0
375,Adamaoua,2017-03-13,2017-03-19,2017-03-19,39,14,0,0.0
376,Adamaoua,2017-03-20,2017-03-26,2017-03-26,26,17,0,0.0
377,Adamaoua,2017-03-27,2017-04-02,2017-04-02,1,1,0,0.0
378,Adamaoua,2017-04-03,2017-04-09,2017-04-09,32,13,0,0.0
379,Adamaoua,2017-04-10,2017-04-16,2017-04-16,0,0,0,0.0
380,Adamaoua,2017-04-17,2017-04-23,2017-04-23,70,0,0,0.0
381,Adamaoua,2017-04-24,2017-04-30,2017-04-30,0,0,0,0.0
382,Adamaoua,2017-05-01,2017-05-07,2017-05-07,17,0,0,0.0
383,Adamaoua,2017-05-08,2017-05-14,2017-05-14,91,10,0,0.0
384,Adamaoua,2017-05-15,2017-05-21,2017-05-21,0,0,0,0.0
385,Adamaoua,2017-05-22,2017-05-28,2017-05-28,0,0,0,0.0
386,Adamaoua,2017-05-29,2017-06-04,2017-06-04,102,45,2,4.444444444444445
387,Adamaoua,2017-06-05,2017-06-11,2017-06-11,131,72,1,1.3888888888888888
388,Adamaoua,2017-06-12,2017-06-18,2017-06-18,0,0,0,0.0
389,Adamaoua,2017-06-19,2017-06-25,2017-06-25,0,0,0,0.0
390,Adamaoua,2017-06-26,2017-07-02,2017-07-02,127,68,1,1.4705882352941175
391,Adamaoua,2017-07-03,2017-07-09,2017-07-09,31,14,0,0.0
392,Adamaoua,2017-07-10,2017-07-16,2017-07-16,0,0,0,0.0
393,Adamaoua,2017-07-17,2017-07-23,2017-07-23,0,0,0,0.0
394,Adamaoua,2017-07-24,2017-07-30,2017-07-30,27,16,0,0.0
395,Adamaoua,2017-07-31,2017-08-06,2017-08-06,134,79,1,1.2658227848101267
396,Adamaoua,2017-08-07,2017-08-13,2017-08-13,0,0,0,0.0
397,Adamaoua,2017-08-14,2017-08-20,2017-08-20,123,24,0,0.0
398,Adamaoua,2017-08-21,2017-08-27,2017-08-27,90,48,1,2.083333333333333
399,Adamaoua,2017-08-28,2017-09-03,2017-09-03,0,0,0,0.0
400,Adamaoua,2017-09-04,2017-09-10,2017-09-10,32,13,0,0.0
401,Adamaoua,2017-09-11,2017-09-17,2017-09-17,164,61,0,0.0
402,Adamaoua,2017-09-18,2017-09-24,2017-09-24,36,13,0,0.0
403,Adamaoua,2017-09-25,2017-10-01,2017-10-01,15,8,0,0.0
404,Adamaoua,2017-10-02,2017-10-08,2017-10-08,40,19,0,0.0
405,Adamaoua,2017-10-09,2017-10-15,2017-10-15,0,0,0,0.0
406,Adamaoua,2017-10-16,2017-10-22,2017-10-22,117,37,0,0.0
407,Adamaoua,2017-10-23,2017-10-29,2017-10-29,33,10,0,0.0
408,Adamaoua,2017-10-30,2017-11-05,2017-11-05,20,4,0,0.0
409,Adamaoua,2017-11-06,2017-11-12,2017-11-12,32,0,0,0.0
410,Adamaoua,2017-11-13,2017-11-19,2017-11-19,56,17,0,0.0
411,Adamaoua,2017-11-20,2017-11-26,2017-11-26,0,0,0,0.0
412,Adamaoua,2017-11-27,2017-12-03,2017-12-03,41,10,0,0.0
413,Adamaoua,2017-12-04,2017-12-10,2017-12-10,43,18,0,0.0
414,Adamaoua,2017-12-11,2017-12-17,2017-12-17,0,0,0,0.0
415,Adamaoua,2017-12-18,2017-12-24,2017-12-24,0,0,0,0.0
416,Adamaoua,2017-12-25,2017-12-31,2017-12-31,19,9,0,0.0
417,Adamaoua,2018-01-01,2018-01-07,2018-01-07,62,20,0,0.0
418,Adamaoua,2018-01-01,2018-12-30,2018-12-30,0,0,0,0.0
419,Adamaoua,2018-01-08,2018-01-14,2018-01-14,0,0,0,0.0
420,Adamaoua,2018-01-15,2018-01-21,2018-01-21,0,0,0,0.0
421,Adamaoua,2018-01-22,2018-01-28,2018-01-28,0,0,0,0.0
422,Adamaoua,2018-01-29,2018-02-04,2018-02-04,52,20,0,0.0
423,Adamaoua,2018-02-05,2018-02-11,2018-02-11,0,0,0,0.0
424,Adamaoua,2018-02-12,2018-02-18,2018-02-18,12,0,0,0.0
425,Adamaoua,2018-02-19,2018-02-25,2018-02-25,0,0,0,0.0
426,Adamaoua,2018-02-26,2018-03-04,2018-03-04,27,15,0,0.0
427,Adamaoua,2018-03-05,2018-03-11,2018-03-11,0,0,0,0.0
428,Adamaoua,2018-03-12,2018-03-18,2018-03-18,0,0,0,0.0
429,Adamaoua,2018-03-19,2018-03-25,2018-03-25,25,0,0,0.0
430,Adamaoua,2018-03-26,2018-04-01,2018-04-01,0,0,0,0.0
431,Adamaoua,2018-04-02,2018-04-08,2018-04-08,0,0,0,0.0
432,Adamaoua,2018-04-09,2018-04-15,2018-04-15,38,0,0,0.0
433,Adamaoua,2018-04-16,2018-04-22,2018-04-22,0,0,0,0.0
434,Adamaoua,2018-04-23,2018-04-29,2018-04-29,0,0,0,0.0
435,Adamaoua,2018-04-30,2018-05-06,2018-05-06,0,0,0,0.0
436,Adamaoua,2018-05-07,2018-05-13,2018-05-13,77,24,0,0.0
437,Adamaoua,2018-05-14,2018-05-20,2018-05-20,70,28,1,3.571428571428571
438,Adamaoua,2018-05-21,2018-05-27,2018-05-27,0,0,0,0.0
439,Adamaoua,2018-05-28,2018-06-03,2018-06-03,0,0,0,0.0
440,Adamaoua,2018-06-04,2018-06-10,2018-06-10,0,0,0,0.0
441,Adamaoua,2018-06-11,2018-06-17,2018-06-17,68,22,0,0.0
442,Adamaoua,2018-06-18,2018-06-24,2018-06-24,0,0,0,0.0
443,Adamaoua,2018-06-25,2018-07-01,2018-07-01,0,0,0,0.0
444,Adamaoua,2018-07-02,2018-07-08,2018-07-08,0,0,0,0.0
445,Adamaoua,2018-07-09,2018-07-15,2018-07-15,0,0,0,0.0
446,Adamaoua,2018-07-16,2018-07-22,2018-07-22,9,0,0,0.0
447,Adamaoua,2018-07-23,2018-07-29,2018-07-29,0,0,0,0.0
448,Adamaoua,2018-07-30,2018-08-05,2018-08-05,0,0,0,0.0
449,Adamaoua,2018-08-06,2018-08-12,2018-08-12,0,0,0,0.0
450,Adamaoua,2018-08-13,2018-08-19,2018-08-19,0,0,0,0.0
451,Adamaoua,2018-08-20,2018-08-26,2018-08-26,44,0,0,0.0
452,Adamaoua,2018-08-27,2018-09-02,2018-09-02,0,0,0,0.0
453,Adamaoua,2018-09-03,2018-09-09,2018-09-09,73,0,0,0.0
454,Adamaoua,2018-09-10,2018-09-16,2018-09-16,0,0,0,0.0
455,Adamaoua,2018-09-17,2018-09-23,2018-09-23,0,0,0,0.0
456,Adamaoua,2018-09-24,2018-09-30,2018-09-30,57,38,0,0.0
457,Adamaoua,2018-10-01,2018-10-07,2018-10-07,0,0,0,0.0
458,Adamaoua,2018-10-08,2018-10-14,2018-10-14,21,12,0,0.0
459,Adamaoua,2018-10-15,2018-10-21,2018-10-21,189,94,1,1.0638297872340425
460,Adamaoua,2018-10-22,2018-10-28,2018-10-28,57,23,0,0.0
461,Adamaoua,2018-10-29,2018-11-04,2018-11-04,0,0,0,0.0
462,Adamaoua,2018-11-05,2018-11-11,2018-11-11,15,6,0,0.0
463,Adamaoua,2018-11-12,2018-11-18,2018-11-18,70,0,0,0.0
464,Adamaoua,2018-11-19,2018-11-25,2018-11-25,33,16,0,0.0
465,Adamaoua,2018-11-26,2018-12-02,2018-12-02,0,0,0,0.0
466,Adamaoua,2018-12-10,2018-12-16,2018-12-16,0,0,0,0.0
467,Adamaoua,2018-12-17,2018-12-23,2018-12-23,0,0,0,0.0
468,Adamaoua,2018-12-24,2018-12-30,2018-12-30,0,0,0,0.0
469,Adamaoua,2018-12-31,2019-01-06,2019-01-06,78,43,1,2.3255813953488373
470,Adamaoua,2018-12-31,2019-12-29,2019-12-29,0,0,0,0.0
471,Adamaoua,2019-01-07,2019-01-13,2019-01-13,0,0,0,0.0
472,Adamaoua,2019-01-14,2019-01-20,2019-01-20,0,0,0,0.0
473,Adamaoua,2019-01-21,2019-01-27,2019-01-27,0,0,0,0.0
474,Adamaoua,2019-01-28,2019-02-03,2019-02-03,0,0,0,0.0
475,Adamaoua,2019-02-04,2019-02-10,2019-02-10,0,0,0,0.0
476,Adamaoua,2019-02-11,2019-02-17,2019-02-17,0,0,0,0.0
477,Adamaoua,2019-02-18,2019-02-24,2019-02-24,7,0,0,0.0
478,Adamaoua,2019-02-25,2019-03-03,2019-03-03,97,43,1,2.3255813953488373
479,Adamaoua,2019-03-04,2019-03-10,2019-03-10,31,12,0,0.0
480,Adamaoua,2019-03-11,2019-03-17,2019-03-17,0,0,0,0.0
481,Adamaoua,2019-03-18,2019-03-24,2019-03-24,49,23,0,0.0
482,Adamaoua,2019-05-13,2019-05-19,2019-05-19,0,0,0,0.0
483,Centre,2010-01-04,2010-01-10,2010-01-10,118,0,0,0.0
484,Centre,2010-01-11,2010-01-17,2010-01-17,54,31,0,0.0
485,Centre,2010-01-18,2010-01-24,2010-01-24,0,0,0,0.0
486,Centre,2010-01-25,2010-01-31,2010-01-31,93,55,1,1.8181818181818181
487,Centre,2010-02-01,2010-02-07,2010-02-07,0,0,0,0.0
488,Centre,2010-02-08,2010-02-14,2010-02-14,103,42,0,0.0
489,Centre,2010-02-15,2010-02-21,2010-02-21,10,0,0,0.0
490,Centre,2010-02-22,2010-02-28,2010-02-28,66,14,0,0.0
491,Centre,2010-03-01,2010-03-07,2010-03-07,208,100,1,1.0
492,Centre,2010-03-08,2010-03-14,2010-03-14,147,48,1,2.083333333333333
493,Centre,2010-03-15,2010-03-21,2010-03-21,64,36,0,0.0
494,Centre,2010-03-22,2010-03-28,2010-03-28,24,12,0,0.0
495,Centre,2010-03-29,2010-04-04,2010-04-04,107,17,0,0.0
496,Centre,2010-04-05,2010-04-11,2010-04-11,346,70,1,1.4285714285714286
497,Centre,2010-04-12,2010-04-18,2010-04-18,210,32,1,3.125
498,Centre,2010-04-19,2010-04-25,2010-04-25,0,0,0,0.0
499,Centre,2010-04-26,2010-05-02,2010-05-02,346,163,3,1.8404907975460123
500,Centre,2010-05-03,2010-05-09,2010-05-09,170,73,1,1.36986301369863
501,Centre,2010-05-10,2010-05-16,2010-05-16,447,112,1,0.8928571428571428
502,Centre,2010-05-17,2010-05-23,2010-05-23,329,153,3,1.9607843137254901
503,Centre,2010-05-24,2010-05-30,2010-05-30,285,127,1,0.7874015748031495
504,Centre,2010-05-31,2010-06-06,2010-06-06,77,17,0,0.0
505,Centre,2010-06-07,2010-06-13,2010-06-13,177,81,1,1.2345679012345678
506,Centre,2010-06-14,2010-06-20,2010-06-20,374,138,3,2.1739130434782608
507,Centre,2010-06-21,2010-06-27,2010-06-27,384,130,2,1.5384615384615385
508,Centre,2010-06-28,2010-07-04,2010-07-04,200,100,0,0.0
509,Centre,2010-07-05,2010-07-11,2010-07-11,297,168,3,1.7857142857142856
510,Centre,2010-07-12,2010-07-18,2010-07-18,213,126,3,2.380952380952381
511,Centre,2010-07-19,2010-07-25,2010-07-25,215,100,2,2.0
512,Centre,2010-07-26,2010-08-01,2010-08-01,202,85,2,2.3529411764705883
513,Centre,2010-08-02,2010-08-08,2010-08-08,381,102,2,1.9607843137254901
514,Centre,2010-08-09,2010-08-15,2010-08-15,112,10,0,0.0
515,Centre,2010-08-16,2010-08-22,2010-08-22,703,338,6,1.7751479289940828
516,Centre,2010-08-23,2010-08-29,2010-08-29,144,55,0,0.0
517,Centre,2010-08-30,2010-09-05,2010-09-05,143,40,0,0.0
518,Centre,2010-09-06,2010-09-12,2010-09-12,202,18,1,5.555555555555555
519,Centre,2010-09-13,2010-09-19,2010-09-19,169,20,0,0.0
520,Centre,2010-09-20,2010-09-26,2010-09-26,662,301,7,2.3255813953488373
521,Centre,2010-09-27,2010-10-03,2010-10-03,403,130,2,1.5384615384615385
522,Centre,2010-10-04,2010-10-10,2010-10-10,383,51,1,1.9607843137254901
523,Centre,2010-10-11,2010-10-17,2010-10-17,156,28,0,0.0
524,Centre,2010-10-18,2010-10-24,2010-10-24,575,129,2,1.550387596899225
525,Centre,2010-10-25,2010-10-31,2010-10-31,555,234,7,2.9914529914529915
526,Centre,2010-11-01,2010-11-07,2010-11-07,76,22,0,0.0
527,Centre,2010-11-08,2010-11-14,2010-11-14,198,18,0,0.0
528,Centre,2010-11-15,2010-11-21,2010-11-21,126,44,0,0.0
529,Centre,2010-11-22,2010-11-28,2010-11-28,83,39,1,2.564102564102564
530,Centre,2010-11-29,2010-12-05,2010-12-05,247,60,1,1.6666666666666667
531,Centre,2010-12-06,2010-12-12,2010-12-12,117,19,0,0.0
532,Centre,2010-12-13,2010-12-19,2010-12-19,19,5,0,0.0
533,Centre,2010-12-20,2010-12-26,2010-12-26,0,0,0,0.0
534,Centre,2010-12-27,2011-01-02,2011-01-02,58,20,0,0.0
535,Centre,2011-01-01,2011-09-22,2011-09-22,3822,1120,51,4.553571428571428
536,Centre,2011-01-03,2011-01-09,2011-01-09,35,12,0,0.0
537,Centre,2011-01-10,2011-01-16,2011-01-16,117,43,0,0.0
538,Centre,2011-01-17,2011-01-23,2011-01-23,41,21,0,0.0
539,Centre,2011-01-24,2011-01-30,2011-01-30,102,12,0,0.0
540,Centre,2011-01-31,2011-02-06,2011-02-06,61,20,0,0.0
541,Centre,2011-02-07,2011-02-13,2011-02-13,38,0,0,0.0
542,Centre,2011-02-14,2011-02-20,2011-02-20,105,13,1,7.6923076923076925
543,Centre,2011-02-21,2011-02-27,2011-02-27,294,150,3,2.0
544,Centre,2011-02-28,2011-03-06,2011-03-06,307,131,3,2.2900763358778624
545,Centre,2011-03-07,2011-03-13,2011-03-13,205,72,1,1.3888888888888888
546,Centre,2011-03-14,2011-03-20,2011-03-20,274,72,2,2.7777777777777777
547,Centre,2011-03-21,2011-03-27,2011-03-27,654,276,9,3.260869565217391
548,Centre,2011-03-28,2011-04-03,2011-04-03,594,150,2,1.3333333333333335
549,Centre,2011-04-04,2011-04-10,2011-04-10,644,195,4,2.051282051282051
550,Centre,2011-04-11,2011-04-17,2011-04-17,764,202,4,1.9801980198019802
551,Centre,2011-04-18,2011-04-24,2011-04-24,765,257,4,1.556420233463035
552,Centre,2011-04-25,2011-05-01,2011-05-01,373,77,1,1.2987012987012987
553,Centre,2011-05-02,2011-05-08,2011-05-08,520,141,2,1.4184397163120568
554,Centre,2011-05-09,2011-05-15,2011-05-15,319,108,1,0.9259259259259258
555,Centre,2011-05-16,2011-05-22,2011-05-22,540,147,3,2.0408163265306123
556,Centre,2011-05-23,2011-05-29,2011-05-29,547,195,3,1.5384615384615385
557,Centre,2011-05-30,2011-06-05,2011-06-05,727,133,4,3.007518796992481
558,Centre,2011-06-06,2011-06-12,2011-06-12,204,54,1,1.8518518518518516
559,Centre,2011-06-13,2011-06-19,2011-06-19,479,142,4,2.8169014084507045
560,Centre,2011-06-20,2011-06-26,2011-06-26,617,201,3,1.4925373134328357
561,Centre,2011-06-27,2011-07-03,2011-07-03,117,66,0,0.0
562,Centre,2011-07-04,2011-07-10,2011-07-10,646,282,5,1.773049645390071
563,Centre,2011-07-11,2011-07-17,2011-07-17,545,179,4,2.2346368715083798
564,Centre,2011-07-18,2011-07-24,2011-07-24,664,338,7,2.0710059171597637
565,Centre,2011-07-25,2011-07-31,2011-07-31,425,89,0,0.0
566,Centre,2011-08-01,2011-08-07,2011-08-07,799,75,2,2.666666666666667
567,Centre,2011-08-08,2011-08-14,2011-08-14,1222,658,11,1.6717325227963524
568,Centre,2011-08-15,2011-08-21,2011-08-21,319,165,4,2.4242424242424243
569,Centre,2011-08-22,2011-08-28,2011-08-28,336,125,3,2.4
570,Centre,2011-08-29,2011-09-04,2011-09-04,659,242,3,1.2396694214876034
571,Centre,2011-09-05,2011-09-11,2011-09-11,802,168,3,1.7857142857142856
572,Centre,2011-09-12,2011-09-18,2011-09-18,1179,487,9,1.8480492813141685
573,Centre,2011-09-19,2011-09-25,2011-09-25,583,205,5,2.4390243902439024
574,Centre,2011-09-26,2011-10-02,2011-10-02,514,142,2,1.4084507042253522
575,Centre,2011-10-03,2011-10-09,2011-10-09,810,269,9,3.3457249070631967
576,Centre,2011-10-10,2011-10-16,2011-10-16,882,248,6,2.4193548387096775
577,Centre,2011-10-17,2011-10-23,2011-10-23,597,206,6,2.912621359223301
578,Centre,2011-10-24,2011-10-30,2011-10-30,574,246,5,2.0325203252032518
579,Centre,2011-10-31,2011-11-06,2011-11-06,327,123,2,1.6260162601626018
580,Centre,2011-11-07,2011-11-13,2011-11-13,280,77,3,3.896103896103896
581,Centre,2011-11-14,2011-11-20,2011-11-20,341,151,3,1.9867549668874174
582,Centre,2011-11-21,2011-11-27,2011-11-27,224,65,0,0.0
583,Centre,2011-11-28,2011-12-04,2011-12-04,43,22,0,0.0
584,Centre,2011-12-05,2011-12-11,2011-12-11,45,1,0,0.0
585,Centre,2011-12-12,2011-12-18,2011-12-18,169,81,2,2.4691358024691357
586,Centre,2011-12-19,2011-12-25,2011-12-25,83,43,0,0.0
587,Centre,2011-12-26,2012-01-01,2012-01-01,49,0,0,0.0
588,Centre,2012-01-02,2012-01-08,2012-01-08,10,0,0,0.0
589,Centre,2012-01-09,2012-01-15,2012-01-15,68,28,0,0.0
590,Centre,2012-01-16,2012-01-22,2012-01-22,191,8,0,0.0
591,Centre,2012-01-23,2012-01-29,2012-01-29,27,4,0,0.0
592,Centre,2012-01-30,2012-02-05,2012-02-05,153,76,1,1.3157894736842104
593,Centre,2012-02-06,2012-02-12,2012-02-12,71,18,0,0.0
594,Centre,2012-02-13,2012-02-19,2012-02-19,276,128,2,1.5625
595,Centre,2012-02-20,2012-02-26,2012-02-26,84,41,1,2.4390243902439024
596,Centre,2012-02-27,2012-03-04,2012-03-04,165,36,0,0.0
597,Centre,2012-03-05,2012-03-11,2012-03-11,77,25,0,0.0
598,Centre,2012-03-12,2012-03-18,2012-03-18,186,43,0,0.0
599,Centre,2012-03-19,2012-03-25,2012-03-25,133,26,0,0.0
600,Centre,2012-03-26,2012-04-01,2012-04-01,188,59,1,1.694915254237288
601,Centre,2012-04-02,2012-04-08,2012-04-08,259,64,1,1.5625
602,Centre,2012-04-09,2012-04-15,2012-04-15,80,7,0,0.0
603,Centre,2012-04-16,2012-04-22,2012-04-22,224,83,1,1.2048192771084338
604,Centre,2012-04-23,2012-04-29,2012-04-29,243,85,2,2.3529411764705883
605,Centre,2012-04-30,2012-05-06,2012-05-06,123,67,2,2.9850746268656714
606,Centre,2012-05-07,2012-05-13,2012-05-13,69,34,0,0.0
607,Centre,2012-05-14,2012-05-20,2012-05-20,115,65,2,3.076923076923077
608,Centre,2012-05-21,2012-05-27,2012-05-27,304,63,1,1.5873015873015872
609,Centre,2012-05-28,2012-06-03,2012-06-03,212,102,2,1.9607843137254901
610,Centre,2012-06-04,2012-06-10,2012-06-10,72,33,0,0.0
611,Centre,2012-06-11,2012-06-17,2012-06-17,629,258,6,2.3255813953488373
612,Centre,2012-06-18,2012-06-24,2012-06-24,159,19,0,0.0
613,Centre,2012-06-25,2012-07-01,2012-07-01,251,87,2,2.2988505747126435
614,Centre,2012-07-02,2012-07-08,2012-07-08,229,0,0,0.0
615,Centre,2012-07-09,2012-07-15,2012-07-15,133,16,0,0.0
616,Centre,2012-07-16,2012-07-22,2012-07-22,124,12,0,0.0
617,Centre,2012-07-23,2012-07-29,2012-07-29,199,64,1,1.5625
618,Centre,2012-07-30,2012-08-05,2012-08-05,185,95,1,1.0526315789473684
619,Centre,2012-08-06,2012-08-12,2012-08-12,150,84,1,1.1904761904761905
620,Centre,2012-08-13,2012-08-19,2012-08-19,574,144,5,3.4722222222222223
621,Centre,2012-08-20,2012-08-26,2012-08-26,123,52,1,1.9230769230769231
622,Centre,2012-08-27,2012-09-02,2012-09-02,156,65,1,1.5384615384615385
623,Centre,2012-09-03,2012-09-09,2012-09-09,283,87,1,1.1494252873563218
624,Centre,2012-09-10,2012-09-16,2012-09-16,437,162,1,0.6172839506172839
625,Centre,2012-09-17,2012-09-23,2012-09-23,192,97,2,2.0618556701030926
626,Centre,2012-09-24,2012-09-30,2012-09-30,242,126,3,2.380952380952381
627,Centre,2012-10-01,2012-10-07,2012-10-07,225,63,0,0.0
628,Centre,2012-10-08,2012-10-14,2012-10-14,316,141,1,0.7092198581560284
629,Centre,2012-10-15,2012-10-21,2012-10-21,117,11,0,0.0
630,Centre,2012-10-22,2012-10-28,2012-10-28,328,156,2,1.282051282051282
631,Centre,2012-10-29,2012-11-04,2012-11-04,139,47,1,2.127659574468085
632,Centre,2012-11-05,2012-11-11,2012-11-11,290,121,1,0.8264462809917356
633,Centre,2012-11-12,2012-11-18,2012-11-18,45,26,0,0.0
634,Centre,2012-11-19,2012-11-25,2012-11-25,0,0,0,0.0
635,Centre,2012-11-26,2012-12-02,2012-12-02,252,100,2,2.0
636,Centre,2012-12-03,2012-12-09,2012-12-09,85,14,0,0.0
637,Centre,2012-12-10,2012-12-16,2012-12-16,2,1,0,0.0
638,Centre,2012-12-17,2012-12-23,2012-12-23,147,69,1,1.4492753623188406
639,Centre,2012-12-24,2012-12-30,2012-12-30,157,39,1,2.564102564102564
640,Centre,2012-12-31,2013-01-06,2013-01-06,162,90,0,0.0
641,Centre,2013-01-07,2013-01-13,2013-01-13,83,35,0,0.0
642,Centre,2013-01-14,2013-01-20,2013-01-20,30,19,0,0.0
643,Centre,2013-01-21,2013-01-27,2013-01-27,102,28,0,0.0
644,Centre,2013-01-28,2013-02-03,2013-02-03,126,55,0,0.0
645,Centre,2013-02-04,2013-02-10,2013-02-10,171,79,0,0.0
646,Centre,2013-02-11,2013-02-17,2013-02-17,24,0,0,0.0
647,Centre,2013-02-18,2013-02-24,2013-02-24,8,4,0,0.0
648,Centre,2013-02-25,2013-03-03,2013-03-03,173,31,0,0.0
649,Centre,2013-03-04,2013-03-10,2013-03-10,71,35,1,2.857142857142857
650,Centre,2013-03-11,2013-03-17,2013-03-17,172,0,0,0.0
651,Centre,2013-03-18,2013-03-24,2013-03-24,114,37,1,2.7027027027027026
652,Centre,2013-03-25,2013-03-31,2013-03-31,50,24,0,0.0
653,Centre,2013-04-01,2013-04-07,2013-04-07,174,44,1,2.272727272727273
654,Centre,2013-04-08,2013-04-14,2013-04-14,202,28,0,0.0
655,Centre,2013-04-15,2013-04-21,2013-04-21,131,28,0,0.0
656,Centre,2013-04-22,2013-04-28,2013-04-28,57,30,1,3.3333333333333335
657,Centre,2013-04-29,2013-05-05,2013-05-05,168,58,1,1.7241379310344827
658,Centre,2013-05-06,2013-05-12,2013-05-12,67,42,1,2.380952380952381
659,Centre,2013-05-13,2013-05-19,2013-05-19,400,70,0,0.0
660,Centre,2013-05-20,2013-05-26,2013-05-26,55,19,0,0.0
661,Centre,2013-05-27,2013-06-02,2013-06-02,163,74,1,1.3513513513513513
662,Centre,2013-06-03,2013-06-09,2013-06-09,375,109,4,3.669724770642202
663,Centre,2013-06-10,2013-06-16,2013-06-16,94,32,1,3.125
664,Centre,2013-06-17,2013-06-23,2013-06-23,81,28,1,3.571428571428571
665,Centre,2013-06-24,2013-06-30,2013-06-30,497,292,12,4.10958904109589
666,Centre,2013-07-01,2013-07-07,2013-07-07,0,0,0,0.0
667,Centre,2013-07-08,2013-07-14,2013-07-14,243,87,1,1.1494252873563218
668,Centre,2013-07-15,2013-07-21,2013-07-21,306,68,1,1.4705882352941175
669,Centre,2013-07-22,2013-07-28,2013-07-28,274,98,1,1.0204081632653061
670,Centre,2013-07-29,2013-08-04,2013-08-04,323,180,4,2.2222222222222223
671,Centre,2013-08-05,2013-08-11,2013-08-11,91,43,1,2.3255813953488373
672,Centre,2013-08-12,2013-08-18,2013-08-18,224,135,2,1.4814814814814816
673,Centre,2013-08-19,2013-08-25,2013-08-25,341,126,2,1.5873015873015872
674,Centre,2013-08-26,2013-09-01,2013-09-01,263,108,1,0.9259259259259258
675,Centre,2013-09-02,2013-09-08,2013-09-08,149,49,0,0.0
676,Centre,2013-09-09,2013-09-15,2013-09-15,485,98,2,2.0408163265306123
677,Centre,2013-09-16,2013-09-22,2013-09-22,476,232,4,1.7241379310344827
678,Centre,2013-09-23,2013-09-29,2013-09-29,265,107,3,2.803738317757009
679,Centre,2013-09-30,2013-10-06,2013-10-06,262,99,3,3.0303030303030303
680,Centre,2013-10-07,2013-10-13,2013-10-13,263,117,1,0.8547008547008548
681,Centre,2013-10-14,2013-10-20,2013-10-20,324,127,3,2.3622047244094486
682,Centre,2013-10-21,2013-10-27,2013-10-27,115,0,0,0.0
683,Centre,2013-10-28,2013-11-03,2013-11-03,53,21,1,4.761904761904762
684,Centre,2013-11-04,2013-11-10,2013-11-10,126,0,0,0.0
685,Centre,2013-11-11,2013-11-17,2013-11-17,534,195,4,2.051282051282051
686,Centre,2013-11-18,2013-11-24,2013-11-24,162,48,1,2.083333333333333
687,Centre,2013-11-25,2013-12-01,2013-12-01,232,78,1,1.282051282051282
688,Centre,2013-12-02,2013-12-08,2013-12-08,164,62,0,0.0
689,Centre,2013-12-09,2013-12-15,2013-12-15,102,4,0,0.0
690,Centre,2013-12-16,2013-12-22,2013-12-22,47,10,0,0.0
691,Centre,2013-12-23,2013-12-29,2013-12-29,61,22,0,0.0
692,Centre,2013-12-30,2014-01-05,2014-01-05,51,20,0,0.0
693,Centre,2014-01-06,2014-01-12,2014-01-12,17,6,0,0.0
694,Centre,2014-01-13,2014-01-19,2014-01-19,191,64,1,1.5625
695,Centre,2014-01-20,2014-01-26,2014-01-26,265,149,3,2.013422818791946
696,Centre,2014-01-27,2014-02-02,2014-02-02,9,5,0,0.0
697,Centre,2014-02-03,2014-02-09,2014-02-09,95,41,1,2.4390243902439024
698,Centre,2014-02-10,2014-02-16,2014-02-16,58,32,1,3.125
699,Centre,2014-02-17,2014-02-23,2014-02-23,13,0,0,0.0
700,Centre,2014-02-24,2014-03-02,2014-03-02,121,36,0,0.0
701,Centre,2014-03-03,2014-03-09,2014-03-09,156,65,0,0.0
702,Centre,2014-03-10,2014-03-16,2014-03-16,447,198,3,1.5151515151515151
703,Centre,2014-03-17,2014-03-23,2014-03-23,252,101,2,1.9801980198019802
704,Centre,2014-03-24,2014-03-30,2014-03-30,92,55,0,0.0
705,Centre,2014-03-31,2014-04-06,2014-04-06,264,84,2,2.380952380952381
706,Centre,2014-04-07,2014-04-13,2014-04-13,53,10,0,0.0
707,Centre,2014-04-14,2014-04-20,2014-04-20,76,30,0,0.0
708,Centre,2014-04-21,2014-04-27,2014-04-27,43,12,0,0.0
709,Centre,2014-04-28,2014-05-04,2014-05-04,229,85,2,2.3529411764705883
710,Centre,2014-05-05,2014-05-11,2014-05-11,124,49,1,2.0408163265306123
711,Centre,2014-05-12,2014-05-18,2014-05-18,161,74,1,1.3513513513513513
712,Centre,2014-05-19,2014-05-25,2014-05-25,119,46,0,0.0
713,Centre,2014-05-26,2014-06-01,2014-06-01,270,122,1,0.819672131147541
714,Centre,2014-06-02,2014-06-08,2014-06-08,259,131,3,2.2900763358778624
715,Centre,2014-06-09,2014-06-15,2014-06-15,123,22,0,0.0
716,Centre,2014-06-16,2014-06-22,2014-06-22,460,200,3,1.5
717,Centre,2014-06-23,2014-06-29,2014-06-29,165,0,0,0.0
718,Centre,2014-06-30,2014-07-06,2014-07-06,78,17,0,0.0
719,Centre,2014-07-07,2014-07-13,2014-07-13,39,13,0,0.0
720,Centre,2014-07-14,2014-07-20,2014-07-20,244,145,1,0.6896551724137931
721,Centre,2014-07-21,2014-07-27,2014-07-27,155,61,0,0.0
722,Centre,2014-07-28,2014-08-03,2014-08-03,356,93,1,1.0752688172043012
723,Centre,2014-08-04,2014-08-10,2014-08-10,175,83,1,1.2048192771084338
724,Centre,2014-08-11,2014-08-17,2014-08-17,217,124,1,0.8064516129032258
725,Centre,2014-08-18,2014-08-24,2014-08-24,189,62,1,1.6129032258064515
726,Centre,2014-08-25,2014-08-31,2014-08-31,336,129,3,2.3255813953488373
727,Centre,2014-09-01,2014-09-07,2014-09-07,282,90,2,2.2222222222222223
728,Centre,2014-09-08,2014-09-14,2014-09-14,107,37,0,0.0
729,Centre,2014-09-15,2014-09-21,2014-09-21,45,0,0,0.0
730,Centre,2014-09-22,2014-09-28,2014-09-28,33,19,0,0.0
731,Centre,2014-09-29,2014-10-05,2014-10-05,186,85,1,1.1764705882352942
732,Centre,2014-10-06,2014-10-12,2014-10-12,475,61,2,3.278688524590164
733,Centre,2014-10-13,2014-10-19,2014-10-19,365,133,2,1.5037593984962405
734,Centre,2014-10-20,2014-10-26,2014-10-26,141,71,2,2.8169014084507045
735,Centre,2014-10-27,2014-11-02,2014-11-02,408,172,7,4.069767441860465
736,Centre,2014-11-03,2014-11-09,2014-11-09,384,106,3,2.8301886792452833
737,Centre,2014-11-10,2014-11-16,2014-11-16,106,37,1,2.7027027027027026
738,Centre,2014-11-17,2014-11-23,2014-11-23,97,42,0,0.0
739,Centre,2014-11-24,2014-11-30,2014-11-30,108,30,2,6.666666666666667
740,Centre,2014-12-01,2014-12-07,2014-12-07,72,27,0,0.0
741,Centre,2014-12-08,2014-12-14,2014-12-14,113,22,0,0.0
742,Centre,2014-12-15,2014-12-21,2014-12-21,129,44,0,0.0
743,Centre,2014-12-22,2014-12-28,2014-12-28,91,12,0,0.0
744,Centre,2014-12-29,2015-01-04,2015-01-04,0,0,0,0.0
745,Centre,2015-01-05,2015-01-11,2015-01-11,0,0,0,0.0
746,Centre,2015-01-12,2015-01-18,2015-01-18,39,0,0,0.0
747,Centre,2015-01-19,2015-01-25,2015-01-25,95,57,1,1.7543859649122806
748,Centre,2015-01-26,2015-02-01,2015-02-01,19,5,0,0.0
749,Centre,2015-02-02,2015-02-08,2015-02-08,11,0,0,0.0
750,Centre,2015-02-09,2015-02-15,2015-02-15,272,111,2,1.8018018018018018
751,Centre,2015-02-16,2015-02-22,2015-02-22,158,48,1,2.083333333333333
752,Centre,2015-02-23,2015-03-01,2015-03-01,30,3,0,0.0
753,Centre,2015-03-02,2015-03-08,2015-03-08,39,0,0,0.0
754,Centre,2015-03-09,2015-03-15,2015-03-15,139,43,0,0.0
755,Centre,2015-03-16,2015-03-22,2015-03-22,92,0,0,0.0
756,Centre,2015-03-23,2015-03-29,2015-03-29,176,40,0,0.0
757,Centre,2015-03-30,2015-04-05,2015-04-05,259,89,2,2.247191011235955
758,Centre,2015-04-06,2015-04-12,2015-04-12,366,85,2,2.3529411764705883
759,Centre,2015-04-13,2015-04-19,2015-04-19,102,19,0,0.0
760,Centre,2015-04-20,2015-04-26,2015-04-26,328,46,1,2.1739130434782608
761,Centre,2015-04-27,2015-05-03,2015-05-03,442,85,3,3.5294117647058822
762,Centre,2015-05-04,2015-05-10,2015-05-10,280,103,2,1.9417475728155338
763,Centre,2015-05-11,2015-05-17,2015-05-17,110,0,0,0.0
764,Centre,2015-05-18,2015-05-24,2015-05-24,59,30,0,0.0
765,Centre,2015-05-25,2015-05-31,2015-05-31,312,60,2,3.3333333333333335
766,Centre,2015-06-01,2015-06-07,2015-06-07,503,150,3,2.0
767,Centre,2015-06-08,2015-06-14,2015-06-14,499,28,1,3.571428571428571
768,Centre,2015-06-15,2015-06-21,2015-06-21,165,46,1,2.1739130434782608
769,Centre,2015-06-22,2015-06-28,2015-06-28,295,149,4,2.684563758389262
770,Centre,2015-06-29,2015-07-05,2015-07-05,116,0,0,0.0
771,Centre,2015-07-06,2015-07-12,2015-07-12,209,137,2,1.4598540145985401
772,Centre,2015-07-13,2015-07-19,2015-07-19,242,90,3,3.3333333333333335
773,Centre,2015-07-20,2015-07-26,2015-07-26,51,0,0,0.0
774,Centre,2015-07-27,2015-08-02,2015-08-02,613,92,0,0.0
775,Centre,2015-08-03,2015-08-09,2015-08-09,105,61,1,1.639344262295082
776,Centre,2015-08-10,2015-08-16,2015-08-16,120,47,1,2.127659574468085
777,Centre,2015-08-17,2015-08-23,2015-08-23,130,32,2,6.25
778,Centre,2015-08-24,2015-08-30,2015-08-30,245,94,1,1.0638297872340425
779,Centre,2015-08-31,2015-09-06,2015-09-06,340,20,0,0.0
780,Centre,2015-09-07,2015-09-13,2015-09-13,0,0,0,0.0
781,Centre,2015-09-14,2015-09-20,2015-09-20,80,42,1,2.380952380952381
782,Centre,2015-09-21,2015-09-27,2015-09-27,344,65,2,3.076923076923077
783,Centre,2015-09-28,2015-10-04,2015-10-04,166,78,1,1.282051282051282
784,Centre,2015-10-05,2015-10-11,2015-10-11,434,115,1,0.8695652173913043
785,Centre,2015-10-12,2015-10-18,2015-10-18,253,90,3,3.3333333333333335
786,Centre,2015-10-19,2015-10-25,2015-10-25,284,165,3,1.8181818181818181
787,Centre,2015-10-26,2015-11-01,2015-11-01,287,119,1,0.8403361344537815
788,Centre,2015-11-02,2015-11-08,2015-11-08,182,85,1,1.1764705882352942
789,Centre,2015-11-09,2015-11-15,2015-11-15,103,5,0,0.0
790,Centre,2015-11-16,2015-11-22,2015-11-22,0,0,0,0.0
791,Centre,2015-11-23,2015-11-29,2015-11-29,103,13,0,0.0
792,Centre,2015-11-30,2015-12-06,2015-12-06,42,0,0,0.0
793,Centre,2015-12-07,2015-12-13,2015-12-13,41,18,0,0.0
794,Centre,2015-12-14,2015-12-20,2015-12-20,0,0,0,0.0
795,Centre,2015-12-21,2015-12-27,2015-12-27,18,0,0,0.0
796,Centre,2016-01-04,2016-01-10,2016-01-10,53,18,0,0.0
797,Centre,2016-01-11,2016-01-17,2016-01-17,125,35,2,5.714285714285714
798,Centre,2016-01-18,2016-01-24,2016-01-24,99,21,0,0.0
799,Centre,2016-01-25,2016-01-31,2016-01-31,127,3,0,0.0
800,Centre,2016-02-01,2016-02-07,2016-02-07,102,34,0,0.0
801,Centre,2016-02-08,2016-02-14,2016-02-14,104,28,0,0.0
802,Centre,2016-02-15,2016-02-21,2016-02-21,0,0,0,0.0
803,Centre,2016-02-22,2016-02-28,2016-02-28,19,0,0,0.0
804,Centre,2016-02-29,2016-03-06,2016-03-06,97,41,1,2.4390243902439024
805,Centre,2016-03-07,2016-03-13,2016-03-13,262,57,0,0.0
806,Centre,2016-03-14,2016-03-20,2016-03-20,248,122,4,3.278688524590164
807,Centre,2016-03-21,2016-03-27,2016-03-27,402,129,1,0.7751937984496124
808,Centre,2016-03-28,2016-04-03,2016-04-03,152,35,0,0.0
809,Centre,2016-04-04,2016-04-10,2016-04-10,274,73,2,2.73972602739726
810,Centre,2016-04-11,2016-04-17,2016-04-17,458,203,5,2.4630541871921183
811,Centre,2016-04-18,2016-04-24,2016-04-24,330,71,1,1.4084507042253522
812,Centre,2016-04-25,2016-05-01,2016-05-01,197,67,3,4.477611940298507
813,Centre,2016-05-02,2016-05-08,2016-05-08,343,124,1,0.8064516129032258
814,Centre,2016-05-09,2016-05-15,2016-05-15,258,120,2,1.6666666666666667
815,Centre,2016-05-16,2016-05-22,2016-05-22,685,250,5,2.0
816,Centre,2016-05-23,2016-05-29,2016-05-29,87,52,1,1.9230769230769231
817,Centre,2016-05-30,2016-06-05,2016-06-05,251,46,1,2.1739130434782608
818,Centre,2016-06-06,2016-06-12,2016-06-12,685,212,8,3.7735849056603774
819,Centre,2016-06-13,2016-06-19,2016-06-19,232,150,4,2.666666666666667
820,Centre,2016-06-20,2016-06-26,2016-06-26,120,31,0,0.0
821,Centre,2016-06-27,2016-07-03,2016-07-03,184,41,1,2.4390243902439024
822,Centre,2016-07-04,2016-07-10,2016-07-10,60,0,0,0.0
823,Centre,2016-07-11,2016-07-17,2016-07-17,431,195,8,4.102564102564102
824,Centre,2016-07-18,2016-07-24,2016-07-24,156,72,2,2.7777777777777777
825,Centre,2016-07-25,2016-07-31,2016-07-31,205,87,2,2.2988505747126435
826,Centre,2016-08-01,2016-08-07,2016-08-07,536,184,2,1.0869565217391304
827,Centre,2016-08-08,2016-08-14,2016-08-14,408,19,0,0.0
828,Centre,2016-08-15,2016-08-21,2016-08-21,80,39,0,0.0
829,Centre,2016-08-22,2016-08-28,2016-08-28,579,143,4,2.797202797202797
830,Centre,2016-08-29,2016-09-04,2016-09-04,300,128,2,1.5625
831,Centre,2016-09-05,2016-09-11,2016-09-11,175,64,1,1.5625
832,Centre,2016-09-12,2016-09-18,2016-09-18,422,140,5,3.571428571428571
833,Centre,2016-09-19,2016-09-25,2016-09-25,83,0,0,0.0
834,Centre,2016-09-26,2016-10-02,2016-10-02,507,74,1,1.3513513513513513
835,Centre,2016-10-03,2016-10-09,2016-10-09,245,110,2,1.8181818181818181
836,Centre,2016-10-10,2016-10-16,2016-10-16,226,46,0,0.0
837,Centre,2016-10-17,2016-10-23,2016-10-23,416,98,1,1.0204081632653061
838,Centre,2016-10-24,2016-10-30,2016-10-30,46,19,1,5.263157894736842
839,Centre,2016-10-31,2016-11-06,2016-11-06,333,85,3,3.5294117647058822
840,Centre,2016-11-07,2016-11-13,2016-11-13,111,6,0,0.0
841,Centre,2016-11-14,2016-11-20,2016-11-20,50,8,0,0.0
842,Centre,2016-11-21,2016-11-27,2016-11-27,289,60,2,3.3333333333333335
843,Centre,2016-11-28,2016-12-04,2016-12-04,79,19,0,0.0
844,Centre,2016-12-05,2016-12-11,2016-12-11,58,8,0,0.0
845,Centre,2016-12-12,2016-12-18,2016-12-18,82,22,0,0.0
846,Centre,2016-12-19,2016-12-25,2016-12-25,236,94,2,2.127659574468085
847,Centre,2016-12-26,2017-01-01,2017-01-01,113,30,1,3.3333333333333335
848,Centre,2017-01-02,2017-01-08,2017-01-08,83,4,0,0.0
849,Centre,2017-01-09,2017-01-15,2017-01-15,10,4,0,0.0
850,Centre,2017-01-16,2017-01-22,2017-01-22,107,31,1,3.225806451612903
851,Centre,2017-01-23,2017-01-29,2017-01-29,16,4,0,0.0
852,Centre,2017-01-30,2017-02-05,2017-02-05,131,71,1,1.4084507042253522
853,Centre,2017-02-06,2017-02-12,2017-02-12,219,43,0,0.0
854,Centre,2017-02-13,2017-02-19,2017-02-19,124,38,1,2.631578947368421
855,Centre,2017-02-20,2017-02-26,2017-02-26,112,0,1,0.0
856,Centre,2017-02-27,2017-03-05,2017-03-05,63,17,0,0.0
857,Centre,2017-03-06,2017-03-12,2017-03-12,0,0,0,0.0
858,Centre,2017-03-13,2017-03-19,2017-03-19,155,15,0,0.0
859,Centre,2017-03-20,2017-03-26,2017-03-26,82,19,0,0.0
860,Centre,2017-03-27,2017-04-02,2017-04-02,72,41,1,2.4390243902439024
861,Centre,2017-04-03,2017-04-09,2017-04-09,32,17,0,0.0
862,Centre,2017-04-10,2017-04-16,2017-04-16,315,116,1,0.8620689655172413
863,Centre,2017-04-17,2017-04-23,2017-04-23,89,34,1,2.941176470588235
864,Centre,2017-04-24,2017-04-30,2017-04-30,90,25,1,4.0
865,Centre,2017-05-01,2017-05-07,2017-05-07,191,68,3,4.411764705882353
866,Centre,2017-05-08,2017-05-14,2017-05-14,195,93,1,1.0752688172043012
867,Centre,2017-05-15,2017-05-21,2017-05-21,341,94,2,2.127659574468085
868,Centre,2017-05-22,2017-05-28,2017-05-28,279,104,1,0.9615384615384616
869,Centre,2017-05-29,2017-06-04,2017-06-04,374,146,1,0.684931506849315
870,Centre,2017-06-05,2017-06-11,2017-06-11,162,79,1,1.2658227848101267
871,Centre,2017-06-12,2017-06-18,2017-06-18,37,0,0,0.0
872,Centre,2017-06-19,2017-06-25,2017-06-25,57,27,0,0.0
873,Centre,2017-06-26,2017-07-02,2017-07-02,416,162,2,1.2345679012345678
874,Centre,2017-07-03,2017-07-09,2017-07-09,90,35,1,2.857142857142857
875,Centre,2017-07-10,2017-07-16,2017-07-16,296,48,0,0.0
876,Centre,2017-07-17,2017-07-23,2017-07-23,549,298,4,1.342281879194631
877,Centre,2017-07-24,2017-07-30,2017-07-30,339,145,2,1.3793103448275863
878,Centre,2017-07-31,2017-08-06,2017-08-06,398,202,2,0.9900990099009901
879,Centre,2017-08-07,2017-08-13,2017-08-13,160,66,1,1.5151515151515151
880,Centre,2017-08-14,2017-08-20,2017-08-20,84,40,0,0.0
881,Centre,2017-08-21,2017-08-27,2017-08-27,305,115,2,1.7391304347826086
882,Centre,2017-08-28,2017-09-03,2017-09-03,178,79,2,2.5316455696202533
883,Centre,2017-09-04,2017-09-10,2017-09-10,224,57,2,3.508771929824561
884,Centre,2017-09-11,2017-09-17,2017-09-17,476,219,3,1.36986301369863
885,Centre,2017-09-18,2017-09-24,2017-09-24,154,0,0,0.0
886,Centre,2017-09-25,2017-10-01,2017-10-01,224,15,0,0.0
887,Centre,2017-10-02,2017-10-08,2017-10-08,426,159,3,1.8867924528301887
888,Centre,2017-10-09,2017-10-15,2017-10-15,249,129,1,0.7751937984496124
889,Centre,2017-10-16,2017-10-22,2017-10-22,401,86,2,2.3255813953488373
890,Centre,2017-10-23,2017-10-29,2017-10-29,162,16,0,0.0
891,Centre,2017-10-30,2017-11-05,2017-11-05,0,0,0,0.0
892,Centre,2017-11-06,2017-11-12,2017-11-12,211,76,2,2.631578947368421
893,Centre,2017-11-13,2017-11-19,2017-11-19,251,87,1,1.1494252873563218
894,Centre,2017-11-20,2017-11-26,2017-11-26,74,35,1,2.857142857142857
895,Centre,2017-11-27,2017-12-03,2017-12-03,22,14,0,0.0
896,Centre,2017-12-04,2017-12-10,2017-12-10,71,0,0,0.0
897,Centre,2017-12-11,2017-12-17,2017-12-17,3,0,0,0.0
898,Centre,2017-12-18,2017-12-24,2017-12-24,26,0,0,0.0
899,Centre,2017-12-25,2017-12-31,2017-12-31,63,26,0,0.0
900,Centre,2018-01-01,2018-01-07,2018-01-07,75,37,0,0.0
901,Centre,2018-01-01,2018-12-30,2018-12-30,257,102,1,0.9803921568627451
902,Centre,2018-01-08,2018-01-14,2018-01-14,57,8,0,0.0
903,Centre,2018-01-15,2018-01-21,2018-01-21,60,14,0,0.0
904,Centre,2018-01-22,2018-01-28,2018-01-28,40,23,0,0.0
905,Centre,2018-01-29,2018-02-04,2018-02-04,28,8,0,0.0
906,Centre,2018-02-05,2018-02-11,2018-02-11,74,31,0,0.0
907,Centre,2018-02-12,2018-02-18,2018-02-18,55,16,0,0.0
908,Centre,2018-02-19,2018-02-25,2018-02-25,18,0,0,0.0
909,Centre,2018-02-26,2018-03-04,2018-03-04,328,188,3,1.5957446808510638
910,Centre,2018-03-05,2018-03-11,2018-03-11,271,117,3,2.564102564102564
911,Centre,2018-03-12,2018-03-18,2018-03-18,191,66,1,1.5151515151515151
912,Centre,2018-03-19,2018-03-25,2018-03-25,120,39,0,0.0
913,Centre,2018-03-26,2018-04-01,2018-04-01,116,65,1,1.5384615384615385
914,Centre,2018-04-02,2018-04-08,2018-04-08,40,20,1,5.0
915,Centre,2018-04-09,2018-04-15,2018-04-15,128,58,1,1.7241379310344827
916,Centre,2018-04-16,2018-04-22,2018-04-22,282,61,1,1.639344262295082
917,Centre,2018-04-23,2018-04-29,2018-04-29,185,75,1,1.3333333333333335
918,Centre,2018-04-30,2018-05-06,2018-05-06,230,75,1,1.3333333333333335
919,Centre,2018-05-07,2018-05-13,2018-05-13,403,104,2,1.9230769230769231
920,Centre,2018-05-14,2018-05-20,2018-05-20,156,80,0,0.0
921,Centre,2018-05-21,2018-05-27,2018-05-27,0,0,0,0.0
922,Centre,2018-05-28,2018-06-03,2018-06-03,456,139,1,0.7194244604316548
923,Centre,2018-06-04,2018-06-10,2018-06-10,97,66,3,4.545454545454546
924,Centre,2018-06-11,2018-06-17,2018-06-17,93,12,0,0.0
925,Centre,2018-06-18,2018-06-24,2018-06-24,124,52,0,0.0
926,Centre,2018-06-25,2018-07-01,2018-07-01,227,55,0,0.0
927,Centre,2018-07-02,2018-07-08,2018-07-08,207,87,1,1.1494252873563218
928,Centre,2018-07-09,2018-07-15,2018-07-15,225,22,0,0.0
929,Centre,2018-07-16,2018-07-22,2018-07-22,460,208,2,0.9615384615384616
930,Centre,2018-07-23,2018-07-29,2018-07-29,456,204,3,1.4705882352941175
931,Centre,2018-07-30,2018-08-05,2018-08-05,752,214,4,1.8691588785046727
932,Centre,2018-08-06,2018-08-12,2018-08-12,15,9,0,0.0
933,Centre,2018-08-13,2018-08-19,2018-08-19,299,122,2,1.639344262295082
934,Centre,2018-08-20,2018-08-26,2018-08-26,111,53,0,0.0
935,Centre,2018-08-27,2018-09-02,2018-09-02,364,175,5,2.857142857142857
936,Centre,2018-09-03,2018-09-09,2018-09-09,107,13,0,0.0
937,Centre,2018-09-10,2018-09-16,2018-09-16,229,41,0,0.0
938,Centre,2018-09-17,2018-09-23,2018-09-23,74,13,0,0.0
939,Centre,2018-09-24,2018-09-30,2018-09-30,124,9,0,0.0
940,Centre,2018-10-01,2018-10-07,2018-10-07,203,82,2,2.4390243902439024
941,Centre,2018-10-08,2018-10-14,2018-10-14,330,108,2,1.8518518518518516
942,Centre,2018-10-15,2018-10-21,2018-10-21,269,0,0,0.0
943,Centre,2018-10-22,2018-10-28,2018-10-28,235,14,0,0.0
944,Centre,2018-10-29,2018-11-04,2018-11-04,312,128,2,1.5625
945,Centre,2018-11-05,2018-11-11,2018-11-11,0,0,0,0.0
946,Centre,2018-11-12,2018-11-18,2018-11-18,126,81,2,2.4691358024691357
947,Centre,2018-11-19,2018-11-25,2018-11-25,21,0,0,0.0
948,Centre,2018-11-26,2018-12-02,2018-12-02,88,42,0,0.0
949,Centre,2018-12-03,2018-12-09,2018-12-09,0,0,0,0.0
950,Centre,2018-12-10,2018-12-16,2018-12-16,20,12,0,0.0
951,Centre,2018-12-17,2018-12-23,2018-12-23,0,0,0,0.0
952,Centre,2018-12-24,2018-12-30,2018-12-30,101,11,0,0.0
953,Centre,2018-12-31,2019-01-06,2019-01-06,68,36,1,2.7777777777777777
954,Centre,2018-12-31,2019-12-29,2019-12-29,26,10,0,0.0
955,Centre,2019-01-07,2019-01-13,2019-01-13,23,10,0,0.0
956,Centre,2019-01-14,2019-01-20,2019-01-20,0,0,0,0.0
957,Centre,2019-01-21,2019-01-27,2019-01-27,38,14,0,0.0
958,Centre,2019-01-28,2019-02-03,2019-02-03,243,87,1,1.1494252873563218
959,Centre,2019-02-04,2019-02-10,2019-02-10,49,17,0,0.0
960,Centre,2019-02-11,2019-02-17,2019-02-17,14,0,1,0.0
961,Centre,2019-02-18,2019-02-24,2019-02-24,0,0,0,0.0
962,Centre,2019-02-25,2019-03-03,2019-03-03,46,2,0,0.0
963,Centre,2019-03-04,2019-03-10,2019-03-10,235,36,1,2.7777777777777777
964,Centre,2019-03-11,2019-03-17,2019-03-17,55,15,0,0.0
965,Centre,2019-03-18,2019-03-24,2019-03-24,19,0,0,0.0
966,Centre,2019-05-13,2019-05-19,2019-05-19,72,0,0,0.0
967,Centre,2020-02-10,2020-06-19,2020-06-19,15,7,0,0.0
968,Centre,2020-02-10,2020-07-13,2020-07-13,93,0,0,0.0
969,Centre,2020-02-10,2020-07-24,2020-07-24,0,0,0,0.0
970,Centre,2020-02-10,2020-07-28,2020-07-28,48,0,0,0.0
971,Centre,2020-02-10,2020-07-29,2020-07-29,29,0,0,0.0
972,Centre,2020-02-10,2020-08-10,2020-08-10,139,0,0,0.0
973,Centre,2020-02-10,2020-08-30,2020-08-30,15,4,0,0.0
974,Centre,2020-02-10,2020-11-06,2020-11-06,0,0,0,0.0
975,East,2010-01-04,2010-01-10,2010-01-10,122,37,1,2.7027027027027026
976,East,2010-01-11,2010-01-17,2010-01-17,176,21,0,0.0
977,East,2010-01-18,2010-01-24,2010-01-24,14,0,0,0.0
978,East,2010-01-25,2010-01-31,2010-01-31,27,17,0,0.0
979,East,2010-02-01,2010-02-07,2010-02-07,0,0,0,0.0
980,East,2010-02-08,2010-02-14,2010-02-14,0,0,0,0.0
981,East,2010-02-15,2010-02-21,2010-02-21,0,0,0,0.0
982,East,2010-02-22,2010-02-28,2010-02-28,0,0,0,0.0
983,East,2010-03-01,2010-03-07,2010-03-07,47,28,0,0.0
984,East,2010-03-08,2010-03-14,2010-03-14,0,0,0,0.0
985,East,2010-03-15,2010-03-21,2010-03-21,186,63,1,1.5873015873015872
986,East,2010-03-22,2010-03-28,2010-03-28,0,0,0,0.0
987,East,2010-03-29,2010-04-04,2010-04-04,32,0,1,0.0
988,East,2010-04-05,2010-04-11,2010-04-11,214,87,0,0.0
989,East,2010-04-12,2010-04-18,2010-04-18,0,0,0,0.0
990,East,2010-04-19,2010-04-25,2010-04-25,31,0,0,0.0
991,East,2010-04-26,2010-05-02,2010-05-02,184,0,0,0.0
992,East,2010-05-03,2010-05-09,2010-05-09,236,68,1,1.4705882352941175
993,East,2010-05-10,2010-05-16,2010-05-16,50,0,0,0.0
994,East,2010-05-17,2010-05-23,2010-05-23,101,51,2,3.9215686274509802
995,East,2010-05-24,2010-05-30,2010-05-30,0,0,0,0.0
996,East,2010-05-31,2010-06-06,2010-06-06,52,0,0,0.0
997,East,2010-06-07,2010-06-13,2010-06-13,0,0,0,0.0
998,East,2010-06-14,2010-06-20,2010-06-20,0,0,0,0.0
999,East,2010-06-21,2010-06-27,2010-06-27,58,21,1,4.761904761904762
1000,East,2010-06-28,2010-07-04,2010-07-04,62,0,0,0.0
1001,East,2010-07-05,2010-07-11,2010-07-11,84,0,0,0.0
1002,East,2010-07-12,2010-07-18,2010-07-18,74,35,0,0.0
1003,East,2010-07-19,2010-07-25,2010-07-25,72,0,0,0.0
1004,East,2010-07-26,2010-08-01,2010-08-01,56,15,0,0.0
1005,East,2010-08-02,2010-08-08,2010-08-08,0,0,0,0.0
1006,East,2010-08-09,2010-08-15,2010-08-15,121,50,0,0.0
1007,East,2010-08-16,2010-08-22,2010-08-22,4,2,0,0.0
1008,East,2010-08-23,2010-08-29,2010-08-29,0,0,0,0.0
1009,East,2010-08-30,2010-09-05,2010-09-05,54,0,0,0.0
1010,East,2010-09-06,2010-09-12,2010-09-12,102,37,1,2.7027027027027026
1011,East,2010-09-13,2010-09-19,2010-09-19,90,34,0,0.0
1012,East,2010-09-20,2010-09-26,2010-09-26,0,0,0,0.0
1013,East,2010-09-27,2010-10-03,2010-10-03,181,76,3,3.9473684210526314
1014,East,2010-10-04,2010-10-10,2010-10-10,35,12,0,0.0
1015,East,2010-10-11,2010-10-17,2010-10-17,31,19,0,0.0
1016,East,2010-10-18,2010-10-24,2010-10-24,1,0,0,0.0
1017,East,2010-10-25,2010-10-31,2010-10-31,173,111,2,1.8018018018018018
1018,East,2010-11-01,2010-11-07,2010-11-07,103,20,0,0.0
1019,East,2010-11-08,2010-11-14,2010-11-14,83,49,1,2.0408163265306123
1020,East,2010-11-15,2010-11-21,2010-11-21,29,17,0,0.0
1021,East,2010-11-22,2010-11-28,2010-11-28,0,0,0,0.0
1022,East,2010-11-29,2010-12-05,2010-12-05,0,0,0,0.0
1023,East,2010-12-06,2010-12-12,2010-12-12,0,0,0,0.0
1024,East,2010-12-13,2010-12-19,2010-12-19,0,0,0,0.0
1025,East,2010-12-20,2010-12-26,2010-12-26,56,0,0,0.0
1026,East,2010-12-27,2011-01-02,2011-01-02,10,4,0,0.0
1027,East,2011-01-01,2011-09-22,2011-09-22,0,0,0,0.0
1028,East,2011-01-03,2011-01-09,2011-01-09,46,0,0,0.0
1029,East,2011-01-10,2011-01-16,2011-01-16,36,6,0,0.0
1030,East,2011-01-17,2011-01-23,2011-01-23,0,0,0,0.0
1031,East,2011-01-24,2011-01-30,2011-01-30,17,0,0,0.0
1032,East,2011-01-31,2011-02-06,2011-02-06,57,0,0,0.0
1033,East,2011-02-07,2011-02-13,2011-02-13,16,9,0,0.0
1034,East,2011-02-14,2011-02-20,2011-02-20,32,15,0,0.0
1035,East,2011-02-21,2011-02-27,2011-02-27,36,0,0,0.0
1036,East,2011-02-28,2011-03-06,2011-03-06,80,31,1,3.225806451612903
1037,East,2011-03-07,2011-03-13,2011-03-13,62,0,0,0.0
1038,East,2011-03-14,2011-03-20,2011-03-20,0,0,0,0.0
1039,East,2011-03-21,2011-03-27,2011-03-27,0,0,0,0.0
1040,East,2011-03-28,2011-04-03,2011-04-03,23,15,0,0.0
1041,East,2011-04-04,2011-04-10,2011-04-10,0,0,0,0.0
1042,East,2011-04-11,2011-04-17,2011-04-17,0,0,0,0.0
1043,East,2011-04-18,2011-04-24,2011-04-24,104,43,0,0.0
1044,East,2011-04-25,2011-05-01,2011-05-01,60,20,0,0.0
1045,East,2011-05-02,2011-05-08,2011-05-08,150,94,1,1.0638297872340425
1046,East,2011-05-09,2011-05-15,2011-05-15,60,0,0,0.0
1047,East,2011-05-16,2011-05-22,2011-05-22,119,12,0,0.0
1048,East,2011-05-23,2011-05-29,2011-05-29,94,39,1,2.564102564102564
1049,East,2011-05-30,2011-06-05,2011-06-05,167,49,0,0.0
1050,East,2011-06-06,2011-06-12,2011-06-12,66,15,1,6.666666666666667
1051,East,2011-06-13,2011-06-19,2011-06-19,0,0,0,0.0
1052,East,2011-06-20,2011-06-26,2011-06-26,27,16,0,0.0
1053,East,2011-06-27,2011-07-03,2011-07-03,0,0,0,0.0
1054,East,2011-07-04,2011-07-10,2011-07-10,127,44,1,2.272727272727273
1055,East,2011-07-11,2011-07-17,2011-07-17,44,0,0,0.0
1056,East,2011-07-18,2011-07-24,2011-07-24,0,0,0,0.0
1057,East,2011-07-25,2011-07-31,2011-07-31,122,0,0,0.0
1058,East,2011-08-01,2011-08-07,2011-08-07,0,0,0,0.0
1059,East,2011-08-08,2011-08-14,2011-08-14,44,0,0,0.0
1060,East,2011-08-15,2011-08-21,2011-08-21,166,33,0,0.0
1061,East,2011-08-22,2011-08-28,2011-08-28,32,10,0,0.0
1062,East,2011-08-29,2011-09-04,2011-09-04,180,85,3,3.5294117647058822
1063,East,2011-09-05,2011-09-11,2011-09-11,82,29,0,0.0
1064,East,2011-09-12,2011-09-18,2011-09-18,0,0,0,0.0
1065,East,2011-09-19,2011-09-25,2011-09-25,86,46,1,2.1739130434782608
1066,East,2011-09-26,2011-10-02,2011-10-02,0,0,0,0.0
1067,East,2011-10-03,2011-10-09,2011-10-09,157,21,1,4.761904761904762
1068,East,2011-10-08,2011-10-09,2011-10-09,35,10,0,0.0
1069,East,2011-10-10,2011-10-16,2011-10-16,263,128,2,1.5625
1070,East,2011-10-17,2011-10-23,2011-10-23,123,77,1,1.2987012987012987
1071,East,2011-10-24,2011-10-30,2011-10-30,198,45,0,0.0
1072,East,2011-10-31,2011-11-06,2011-11-06,87,37,1,2.7027027027027026
1073,East,2011-11-07,2011-11-13,2011-11-13,101,30,0,0.0
1074,East,2011-11-14,2011-11-20,2011-11-20,33,6,0,0.0
1075,East,2011-11-21,2011-11-27,2011-11-27,49,0,0,0.0
1076,East,2011-11-28,2011-12-04,2011-12-04,34,12,0,0.0
1077,East,2011-12-05,2011-12-11,2011-12-11,0,0,0,0.0
1078,East,2011-12-12,2011-12-18,2011-12-18,0,0,0,0.0
1079,East,2011-12-19,2011-12-25,2011-12-25,12,8,0,0.0
1080,East,2011-12-26,2012-01-01,2012-01-01,57,13,0,0.0
1081,East,2012-01-02,2012-01-08,2012-01-08,32,11,0,0.0
1082,East,2012-01-09,2012-01-15,2012-01-15,90,29,1,3.4482758620689653
1083,East,2012-01-16,2012-01-22,2012-01-22,0,0,0,0.0
1084,East,2012-01-23,2012-01-29,2012-01-29,0,0,0,0.0
1085,East,2012-01-30,2012-02-05,2012-02-05,19,0,0,0.0
1086,East,2012-02-06,2012-02-12,2012-02-12,9,2,0,0.0
1087,East,2012-02-13,2012-02-19,2012-02-19,0,0,0,0.0
1088,East,2012-02-20,2012-02-26,2012-02-26,107,36,0,0.0
1089,East,2012-02-27,2012-03-04,2012-03-04,86,41,1,2.4390243902439024
1090,East,2012-03-05,2012-03-11,2012-03-11,9,4,0,0.0
1091,East,2012-03-12,2012-03-18,2012-03-18,179,44,1,2.272727272727273
1092,East,2012-03-19,2012-03-25,2012-03-25,28,0,0,0.0
1093,East,2012-03-26,2012-04-01,2012-04-01,0,0,0,0.0
1094,East,2012-04-02,2012-04-08,2012-04-08,75,22,0,0.0
1095,East,2012-04-09,2012-04-15,2012-04-15,0,0,0,0.0
1096,East,2012-04-16,2012-04-22,2012-04-22,44,0,0,0.0
1097,East,2012-04-23,2012-04-29,2012-04-29,266,141,1,0.7092198581560284
1098,East,2012-04-30,2012-05-06,2012-05-06,186,37,0,0.0
1099,East,2012-05-07,2012-05-13,2012-05-13,256,71,1,1.4084507042253522
1100,East,2012-05-14,2012-05-20,2012-05-20,170,0,0,0.0
1101,East,2012-05-21,2012-05-27,2012-05-27,69,17,0,0.0
1102,East,2012-05-28,2012-06-03,2012-06-03,100,4,0,0.0
1103,East,2012-06-04,2012-06-10,2012-06-10,41,0,0,0.0
1104,East,2012-06-11,2012-06-17,2012-06-17,46,26,1,3.8461538461538463
1105,East,2012-06-18,2012-06-24,2012-06-24,225,50,1,2.0
1106,East,2012-06-25,2012-07-01,2012-07-01,313,119,2,1.680672268907563
1107,East,2012-07-02,2012-07-08,2012-07-08,389,0,0,0.0
1108,East,2012-07-09,2012-07-15,2012-07-15,0,0,0,0.0
1109,East,2012-07-16,2012-07-22,2012-07-22,0,0,0,0.0
1110,East,2012-07-23,2012-07-29,2012-07-29,37,17,0,0.0
1111,East,2012-07-30,2012-08-05,2012-08-05,71,0,0,0.0
1112,East,2012-08-06,2012-08-12,2012-08-12,0,0,0,0.0
1113,East,2012-08-13,2012-08-19,2012-08-19,62,0,0,0.0
1114,East,2012-08-20,2012-08-26,2012-08-26,138,80,1,1.25
1115,East,2012-08-27,2012-09-02,2012-09-02,395,116,3,2.586206896551724
1116,East,2012-09-03,2012-09-09,2012-09-09,350,153,4,2.6143790849673203
1117,East,2012-09-10,2012-09-16,2012-09-16,87,38,1,2.631578947368421
1118,East,2012-09-17,2012-09-23,2012-09-23,43,17,0,0.0
1119,East,2012-09-24,2012-09-30,2012-09-30,47,20,0,0.0
1120,East,2012-10-01,2012-10-07,2012-10-07,0,0,0,0.0
1121,East,2012-10-08,2012-10-14,2012-10-14,62,26,0,0.0
1122,East,2012-10-15,2012-10-21,2012-10-21,116,57,0,0.0
1123,East,2012-10-22,2012-10-28,2012-10-28,260,141,2,1.4184397163120568
1124,East,2012-10-29,2012-11-04,2012-11-04,86,30,0,0.0
1125,East,2012-11-05,2012-11-11,2012-11-11,132,12,0,0.0
1126,East,2012-11-12,2012-11-18,2012-11-18,86,33,0,0.0
1127,East,2012-11-19,2012-11-25,2012-11-25,0,0,0,0.0
1128,East,2012-11-26,2012-12-02,2012-12-02,13,5,0,0.0
1129,East,2012-12-03,2012-12-09,2012-12-09,12,0,0,0.0
1130,East,2012-12-10,2012-12-16,2012-12-16,0,0,0,0.0
1131,East,2012-12-17,2012-12-23,2012-12-23,27,11,0,0.0
1132,East,2012-12-24,2012-12-30,2012-12-30,0,0,0,0.0
1133,East,2012-12-31,2013-01-06,2013-01-06,8,5,0,0.0
1134,East,2013-01-07,2013-01-13,2013-01-13,0,0,0,0.0
1135,East,2013-01-14,2013-01-20,2013-01-20,26,0,0,0.0
1136,East,2013-01-21,2013-01-27,2013-01-27,0,0,0,0.0
1137,East,2013-01-28,2013-02-03,2013-02-03,11,0,0,0.0
1138,East,2013-02-04,2013-02-10,2013-02-10,27,0,0,0.0
1139,East,2013-02-11,2013-02-17,2013-02-17,0,0,0,0.0
1140,East,2013-02-18,2013-02-24,2013-02-24,23,0,0,0.0
1141,East,2013-02-25,2013-03-03,2013-03-03,53,17,0,0.0
1142,East,2013-03-04,2013-03-10,2013-03-10,77,0,0,0.0
1143,East,2013-03-11,2013-03-17,2013-03-17,23,0,0,0.0
1144,East,2013-03-18,2013-03-24,2013-03-24,54,0,0,0.0
1145,East,2013-03-25,2013-03-31,2013-03-31,0,0,0,0.0
1146,East,2013-04-01,2013-04-07,2013-04-07,44,17,0,0.0
1147,East,2013-04-08,2013-04-14,2013-04-14,176,0,1,0.0
1148,East,2013-04-15,2013-04-21,2013-04-21,109,16,0,0.0
1149,East,2013-04-22,2013-04-28,2013-04-28,22,0,0,0.0
1150,East,2013-04-29,2013-05-05,2013-05-05,0,0,0,0.0
1151,East,2013-05-06,2013-05-12,2013-05-12,61,0,0,0.0
1152,East,2013-05-13,2013-05-19,2013-05-19,0,0,0,0.0
1153,East,2013-05-20,2013-05-26,2013-05-26,19,5,0,0.0
1154,East,2013-05-27,2013-06-02,2013-06-02,0,0,0,0.0
1155,East,2013-06-03,2013-06-09,2013-06-09,37,0,0,0.0
1156,East,2013-06-10,2013-06-16,2013-06-16,0,0,0,0.0
1157,East,2013-06-17,2013-06-23,2013-06-23,62,27,1,3.7037037037037033
1158,East,2013-06-24,2013-06-30,2013-06-30,32,18,0,0.0
1159,East,2013-07-01,2013-07-07,2013-07-07,76,37,1,2.7027027027027026
1160,East,2013-07-08,2013-07-14,2013-07-14,289,171,2,1.1695906432748537
1161,East,2013-07-15,2013-07-21,2013-07-21,86,34,0,0.0
1162,East,2013-07-22,2013-07-28,2013-07-28,0,0,0,0.0
1163,East,2013-07-29,2013-08-04,2013-08-04,71,0,0,0.0
1164,East,2013-08-05,2013-08-11,2013-08-11,0,0,0,0.0
1165,East,2013-08-12,2013-08-18,2013-08-18,67,37,0,0.0
1166,East,2013-08-19,2013-08-25,2013-08-25,0,0,0,0.0
1167,East,2013-08-26,2013-09-01,2013-09-01,344,62,2,3.225806451612903
1168,East,2013-09-02,2013-09-08,2013-09-08,0,0,0,0.0
1169,East,2013-09-09,2013-09-15,2013-09-15,69,22,0,0.0
1170,East,2013-09-16,2013-09-22,2013-09-22,56,33,1,3.0303030303030303
1171,East,2013-09-23,2013-09-29,2013-09-29,56,25,1,4.0
1172,East,2013-09-30,2013-10-06,2013-10-06,0,0,0,0.0
1173,East,2013-10-07,2013-10-13,2013-10-13,0,0,0,0.0
1174,East,2013-10-14,2013-10-20,2013-10-20,237,81,1,1.2345679012345678
1175,East,2013-10-21,2013-10-27,2013-10-27,133,60,1,1.6666666666666667
1176,East,2013-10-28,2013-11-03,2013-11-03,23,10,0,0.0
1177,East,2013-11-04,2013-11-10,2013-11-10,21,5,0,0.0
1178,East,2013-11-11,2013-11-17,2013-11-17,60,0,0,0.0
1179,East,2013-11-18,2013-11-24,2013-11-24,70,13,0,0.0
1180,East,2013-11-25,2013-12-01,2013-12-01,65,18,0,0.0
1181,East,2013-12-02,2013-12-08,2013-12-08,53,26,1,3.8461538461538463
1182,East,2013-12-09,2013-12-15,2013-12-15,67,25,0,0.0
1183,East,2013-12-16,2013-12-22,2013-12-22,67,20,0,0.0
1184,East,2013-12-23,2013-12-29,2013-12-29,125,60,1,1.6666666666666667
1185,East,2013-12-30,2014-01-05,2014-01-05,0,0,0,0.0
1186,East,2014-01-06,2014-01-12,2014-01-12,0,0,0,0.0
1187,East,2014-01-13,2014-01-19,2014-01-19,0,0,0,0.0
1188,East,2014-01-20,2014-01-26,2014-01-26,19,7,0,0.0
1189,East,2014-01-27,2014-02-02,2014-02-02,76,35,0,0.0
1190,East,2014-02-03,2014-02-09,2014-02-09,110,1,0,0.0
1191,East,2014-02-10,2014-02-16,2014-02-16,0,0,0,0.0
1192,East,2014-02-17,2014-02-23,2014-02-23,40,0,0,0.0
1193,East,2014-02-24,2014-03-02,2014-03-02,183,59,0,0.0
1194,East,2014-03-03,2014-03-09,2014-03-09,0,0,0,0.0
1195,East,2014-03-10,2014-03-16,2014-03-16,351,139,1,0.7194244604316548
1196,East,2014-03-17,2014-03-23,2014-03-23,0,0,0,0.0
1197,East,2014-03-24,2014-03-30,2014-03-30,59,18,0,0.0
1198,East,2014-03-31,2014-04-06,2014-04-06,63,24,0,0.0
1199,East,2014-04-07,2014-04-13,2014-04-13,30,8,0,0.0
1200,East,2014-04-14,2014-04-20,2014-04-20,242,132,3,2.272727272727273
1201,East,2014-04-21,2014-04-27,2014-04-27,4,0,0,0.0
1202,East,2014-04-28,2014-05-04,2014-05-04,37,17,0,0.0
1203,East,2014-05-05,2014-05-11,2014-05-11,0,0,0,0.0
1204,East,2014-05-12,2014-05-18,2014-05-18,174,85,4,4.705882352941177
1205,East,2014-05-19,2014-05-25,2014-05-25,79,13,0,0.0
1206,East,2014-05-26,2014-06-01,2014-06-01,0,0,0,0.0
1207,East,2014-06-02,2014-06-08,2014-06-08,201,97,1,1.0309278350515463
1208,East,2014-06-09,2014-06-15,2014-06-15,145,35,1,2.857142857142857
1209,East,2014-06-16,2014-06-22,2014-06-22,0,0,0,0.0
1210,East,2014-06-23,2014-06-29,2014-06-29,40,17,1,5.88235294117647
1211,East,2014-06-30,2014-07-06,2014-07-06,64,33,0,0.0
1212,East,2014-07-07,2014-07-13,2014-07-13,79,0,0,0.0
1213,East,2014-07-14,2014-07-20,2014-07-20,87,50,1,2.0
1214,East,2014-07-21,2014-07-27,2014-07-27,23,14,0,0.0
1215,East,2014-07-28,2014-08-03,2014-08-03,364,235,2,0.851063829787234
1216,East,2014-08-04,2014-08-10,2014-08-10,0,0,0,0.0
1217,East,2014-08-11,2014-08-17,2014-08-17,0,0,0,0.0
1218,East,2014-08-18,2014-08-24,2014-08-24,91,34,0,0.0
1219,East,2014-08-25,2014-08-31,2014-08-31,163,38,0,0.0
1220,East,2014-09-01,2014-09-07,2014-09-07,0,0,0,0.0
1221,East,2014-09-08,2014-09-14,2014-09-14,321,31,1,3.225806451612903
1222,East,2014-09-15,2014-09-21,2014-09-21,72,16,0,0.0
1223,East,2014-09-22,2014-09-28,2014-09-28,354,109,2,1.834862385321101
1224,East,2014-09-29,2014-10-05,2014-10-05,325,114,2,1.7543859649122806
1225,East,2014-10-06,2014-10-12,2014-10-12,64,39,0,0.0
1226,East,2014-10-13,2014-10-19,2014-10-19,38,12,0,0.0
1227,East,2014-10-20,2014-10-26,2014-10-26,272,55,0,0.0
1228,East,2014-10-27,2014-11-02,2014-11-02,164,63,1,1.5873015873015872
1229,East,2014-11-03,2014-11-09,2014-11-09,170,35,1,2.857142857142857
1230,East,2014-11-10,2014-11-16,2014-11-16,57,10,0,0.0
1231,East,2014-11-17,2014-11-23,2014-11-23,0,0,0,0.0
1232,East,2014-11-24,2014-11-30,2014-11-30,73,15,0,0.0
1233,East,2014-12-01,2014-12-07,2014-12-07,0,0,0,0.0
1234,East,2014-12-08,2014-12-14,2014-12-14,0,0,0,0.0
1235,East,2014-12-15,2014-12-21,2014-12-21,26,0,0,0.0
1236,East,2014-12-22,2014-12-28,2014-12-28,0,0,0,0.0
1237,East,2014-12-29,2015-01-04,2015-01-04,17,0,0,0.0
1238,East,2015-01-05,2015-01-11,2015-01-11,43,5,0,0.0
1239,East,2015-01-12,2015-01-18,2015-01-18,16,7,0,0.0
1240,East,2015-01-19,2015-01-25,2015-01-25,34,15,0,0.0
1241,East,2015-01-26,2015-02-01,2015-02-01,16,0,0,0.0
1242,East,2015-02-02,2015-02-08,2015-02-08,0,0,0,0.0
1243,East,2015-02-09,2015-02-15,2015-02-15,0,0,0,0.0
1244,East,2015-02-16,2015-02-22,2015-02-22,0,0,0,0.0
1245,East,2015-02-23,2015-03-01,2015-03-01,23,0,0,0.0
1246,East,2015-03-02,2015-03-08,2015-03-08,13,0,0,0.0
1247,East,2015-03-09,2015-03-15,2015-03-15,18,9,0,0.0
1248,East,2015-03-16,2015-03-22,2015-03-22,122,61,1,1.639344262295082
1249,East,2015-03-23,2015-03-29,2015-03-29,37,19,0,0.0
1250,East,2015-03-30,2015-04-05,2015-04-05,90,45,1,2.2222222222222223
1251,East,2015-04-06,2015-04-12,2015-04-12,209,94,2,2.127659574468085
1252,East,2015-04-13,2015-04-19,2015-04-19,19,12,0,0.0
1253,East,2015-04-20,2015-04-26,2015-04-26,61,0,0,0.0
1254,East,2015-04-27,2015-05-03,2015-05-03,88,0,0,0.0
1255,East,2015-05-04,2015-05-10,2015-05-10,61,10,0,0.0
1256,East,2015-05-11,2015-05-17,2015-05-17,0,0,0,0.0
1257,East,2015-05-18,2015-05-24,2015-05-24,266,171,4,2.3391812865497075
1258,East,2015-05-25,2015-05-31,2015-05-31,191,53,1,1.8867924528301887
1259,East,2015-06-01,2015-06-07,2015-06-07,127,0,0,0.0
1260,East,2015-06-08,2015-06-14,2015-06-14,21,5,0,0.0
1261,East,2015-06-15,2015-06-21,2015-06-21,299,120,2,1.6666666666666667
1262,East,2015-06-22,2015-06-28,2015-06-28,105,0,0,0.0
1263,East,2015-06-29,2015-07-05,2015-07-05,0,0,0,0.0
1264,East,2015-07-06,2015-07-12,2015-07-12,3,2,0,0.0
1265,East,2015-07-13,2015-07-19,2015-07-19,22,0,1,0.0
1266,East,2015-07-20,2015-07-26,2015-07-26,18,11,0,0.0
1267,East,2015-07-27,2015-08-02,2015-08-02,301,84,2,2.380952380952381
1268,East,2015-08-03,2015-08-09,2015-08-09,75,7,0,0.0
1269,East,2015-08-10,2015-08-16,2015-08-16,0,0,0,0.0
1270,East,2015-08-17,2015-08-23,2015-08-23,178,42,0,0.0
1271,East,2015-08-24,2015-08-30,2015-08-30,0,0,0,0.0
1272,East,2015-08-31,2015-09-06,2015-09-06,50,0,0,0.0
1273,East,2015-09-07,2015-09-13,2015-09-13,98,0,0,0.0
1274,East,2015-09-14,2015-09-20,2015-09-20,71,47,1,2.127659574468085
1275,East,2015-09-21,2015-09-27,2015-09-27,82,0,0,0.0
1276,East,2015-09-28,2015-10-04,2015-10-04,0,0,0,0.0
1277,East,2015-10-05,2015-10-11,2015-10-11,208,37,1,2.7027027027027026
1278,East,2015-10-12,2015-10-18,2015-10-18,83,33,0,0.0
1279,East,2015-10-19,2015-10-25,2015-10-25,206,42,0,0.0
1280,East,2015-10-26,2015-11-01,2015-11-01,0,0,0,0.0
1281,East,2015-11-02,2015-11-08,2015-11-08,0,0,0,0.0
1282,East,2015-11-09,2015-11-15,2015-11-15,216,26,1,3.8461538461538463
1283,East,2015-11-16,2015-11-22,2015-11-22,9,4,0,0.0
1284,East,2015-11-23,2015-11-29,2015-11-29,0,0,0,0.0
1285,East,2015-11-30,2015-12-06,2015-12-06,32,8,0,0.0
1286,East,2015-12-07,2015-12-13,2015-12-13,0,0,0,0.0
1287,East,2015-12-14,2015-12-20,2015-12-20,23,10,0,0.0
1288,East,2015-12-21,2015-12-27,2015-12-27,62,24,0,0.0
1289,East,2016-01-04,2016-01-10,2016-01-10,0,0,0,0.0
1290,East,2016-01-11,2016-01-17,2016-01-17,0,0,0,0.0
1291,East,2016-01-18,2016-01-24,2016-01-24,0,0,0,0.0
1292,East,2016-01-25,2016-01-31,2016-01-31,12,5,0,0.0
1293,East,2016-02-01,2016-02-07,2016-02-07,80,21,1,4.761904761904762
1294,East,2016-02-08,2016-02-14,2016-02-14,7,4,0,0.0
1295,East,2016-02-15,2016-02-21,2016-02-21,43,15,0,0.0
1296,East,2016-02-22,2016-02-28,2016-02-28,0,0,0,0.0
1297,East,2016-02-29,2016-03-06,2016-03-06,30,8,0,0.0
1298,East,2016-03-07,2016-03-13,2016-03-13,53,28,1,3.571428571428571
1299,East,2016-03-14,2016-03-20,2016-03-20,45,24,1,4.166666666666666
1300,East,2016-03-21,2016-03-27,2016-03-27,82,27,1,3.7037037037037033
1301,East,2016-03-28,2016-04-03,2016-04-03,69,36,0,0.0
1302,East,2016-04-04,2016-04-10,2016-04-10,3,0,0,0.0
1303,East,2016-04-11,2016-04-17,2016-04-17,93,27,1,3.7037037037037033
1304,East,2016-04-18,2016-04-24,2016-04-24,69,42,1,2.380952380952381
1305,East,2016-04-25,2016-05-01,2016-05-01,47,25,0,0.0
1306,East,2016-05-02,2016-05-08,2016-05-08,56,6,0,0.0
1307,East,2016-05-09,2016-05-15,2016-05-15,0,0,0,0.0
1308,East,2016-05-16,2016-05-22,2016-05-22,13,8,0,0.0
1309,East,2016-05-23,2016-05-29,2016-05-29,176,0,0,0.0
1310,East,2016-05-30,2016-06-05,2016-06-05,158,91,2,2.197802197802198
1311,East,2016-06-06,2016-06-12,2016-06-12,0,0,0,0.0
1312,East,2016-06-13,2016-06-19,2016-06-19,136,65,0,0.0
1313,East,2016-06-20,2016-06-26,2016-06-26,81,32,0,0.0
1314,East,2016-06-27,2016-07-03,2016-07-03,0,0,0,0.0
1315,East,2016-07-04,2016-07-10,2016-07-10,42,18,0,0.0
1316,East,2016-07-11,2016-07-17,2016-07-17,59,0,0,0.0
1317,East,2016-07-18,2016-07-24,2016-07-24,110,17,0,0.0
1318,East,2016-07-25,2016-07-31,2016-07-31,25,9,0,0.0
1319,East,2016-08-01,2016-08-07,2016-08-07,0,0,0,0.0
1320,East,2016-08-08,2016-08-14,2016-08-14,21,8,0,0.0
1321,East,2016-08-15,2016-08-21,2016-08-21,54,13,0,0.0
1322,East,2016-08-22,2016-08-28,2016-08-28,97,0,0,0.0
1323,East,2016-08-29,2016-09-04,2016-09-04,124,72,0,0.0
1324,East,2016-09-05,2016-09-11,2016-09-11,0,0,0,0.0
1325,East,2016-09-12,2016-09-18,2016-09-18,410,143,3,2.097902097902098
1326,East,2016-09-19,2016-09-25,2016-09-25,40,10,0,0.0
1327,East,2016-09-26,2016-10-02,2016-10-02,324,156,3,1.9230769230769231
1328,East,2016-10-03,2016-10-09,2016-10-09,98,20,0,0.0
1329,East,2016-10-10,2016-10-16,2016-10-16,62,0,0,0.0
1330,East,2016-10-17,2016-10-23,2016-10-23,157,52,1,1.9230769230769231
1331,East,2016-10-24,2016-10-30,2016-10-30,0,0,0,0.0
1332,East,2016-10-31,2016-11-06,2016-11-06,184,0,0,0.0
1333,East,2016-11-07,2016-11-13,2016-11-13,0,0,0,0.0
1334,East,2016-11-14,2016-11-20,2016-11-20,57,13,0,0.0
1335,East,2016-11-21,2016-11-27,2016-11-27,0,0,0,0.0
1336,East,2016-11-28,2016-12-04,2016-12-04,34,0,0,0.0
1337,East,2016-12-05,2016-12-11,2016-12-11,0,0,0,0.0
1338,East,2016-12-12,2016-12-18,2016-12-18,0,0,0,0.0
1339,East,2016-12-19,2016-12-25,2016-12-25,0,0,0,0.0
1340,East,2016-12-26,2017-01-01,2017-01-01,37,0,0,0.0
1341,East,2017-01-02,2017-01-08,2017-01-08,0,0,0,0.0
1342,East,2017-01-09,2017-01-15,2017-01-15,0,0,0,0.0
1343,East,2017-01-16,2017-01-22,2017-01-22,0,0,0,0.0
1344,East,2017-01-23,2017-01-29,2017-01-29,0,0,0,0.0
1345,East,2017-01-30,2017-02-05,2017-02-05,0,0,0,0.0
1346,East,2017-02-06,2017-02-12,2017-02-12,16,0,0,0.0
1347,East,2017-02-13,2017-02-19,2017-02-19,0,0,0,0.0
1348,East,2017-02-20,2017-02-26,2017-02-26,13,3,0,0.0
1349,East,2017-02-27,2017-03-05,2017-03-05,13,0,0,0.0
1350,East,2017-03-06,2017-03-12,2017-03-12,109,38,1,2.631578947368421
1351,East,2017-03-13,2017-03-19,2017-03-19,0,0,0,0.0
1352,East,2017-03-20,2017-03-26,2017-03-26,0,0,0,0.0
1353,East,2017-03-27,2017-04-02,2017-04-02,148,23,0,0.0
1354,East,2017-04-03,2017-04-09,2017-04-09,0,0,0,0.0
1355,East,2017-04-10,2017-04-16,2017-04-16,19,7,0,0.0
1356,East,2017-04-17,2017-04-23,2017-04-23,28,10,0,0.0
1357,East,2017-04-24,2017-04-30,2017-04-30,35,0,0,0.0
1358,East,2017-05-01,2017-05-07,2017-05-07,80,50,1,2.0
1359,East,2017-05-08,2017-05-14,2017-05-14,162,44,1,2.272727272727273
1360,East,2017-05-15,2017-05-21,2017-05-21,86,29,0,0.0
1361,East,2017-05-22,2017-05-28,2017-05-28,130,22,0,0.0
1362,East,2017-05-29,2017-06-04,2017-06-04,0,0,0,0.0
1363,East,2017-06-05,2017-06-11,2017-06-11,71,45,0,0.0
1364,East,2017-06-12,2017-06-18,2017-06-18,0,0,0,0.0
1365,East,2017-06-19,2017-06-25,2017-06-25,0,0,0,0.0
1366,East,2017-06-26,2017-07-02,2017-07-02,67,38,1,2.631578947368421
1367,East,2017-07-03,2017-07-09,2017-07-09,204,98,2,2.0408163265306123
1368,East,2017-07-10,2017-07-16,2017-07-16,31,14,0,0.0
1369,East,2017-07-17,2017-07-23,2017-07-23,181,109,1,0.9174311926605505
1370,East,2017-07-24,2017-07-30,2017-07-30,75,0,0,0.0
1371,East,2017-07-31,2017-08-06,2017-08-06,416,123,3,2.4390243902439024
1372,East,2017-08-07,2017-08-13,2017-08-13,0,0,0,0.0
1373,East,2017-08-14,2017-08-20,2017-08-20,0,0,0,0.0
1374,East,2017-08-21,2017-08-27,2017-08-27,0,0,0,0.0
1375,East,2017-08-28,2017-09-03,2017-09-03,71,0,0,0.0
1376,East,2017-09-04,2017-09-10,2017-09-10,67,31,0,0.0
1377,East,2017-09-11,2017-09-17,2017-09-17,142,13,0,0.0
1378,East,2017-09-18,2017-09-24,2017-09-24,391,164,2,1.2195121951219512
1379,East,2017-09-25,2017-10-01,2017-10-01,205,0,0,0.0
1380,East,2017-10-02,2017-10-08,2017-10-08,362,29,1,3.4482758620689653
1381,East,2017-10-09,2017-10-15,2017-10-15,252,109,2,1.834862385321101
1382,East,2017-10-16,2017-10-22,2017-10-22,3,1,0,0.0
1383,East,2017-10-23,2017-10-29,2017-10-29,60,0,0,0.0
1384,East,2017-10-30,2017-11-05,2017-11-05,37,17,0,0.0
1385,East,2017-11-06,2017-11-12,2017-11-12,0,0,0,0.0
1386,East,2017-11-13,2017-11-19,2017-11-19,0,0,0,0.0
1387,East,2017-11-20,2017-11-26,2017-11-26,31,9,0,0.0
1388,East,2017-11-27,2017-12-03,2017-12-03,0,0,0,0.0
1389,East,2017-12-04,2017-12-10,2017-12-10,40,22,0,0.0
1390,East,2017-12-11,2017-12-17,2017-12-17,0,0,0,0.0
1391,East,2017-12-18,2017-12-24,2017-12-24,130,51,1,1.9607843137254901
1392,East,2017-12-25,2017-12-31,2017-12-31,0,0,0,0.0
1393,East,2018-01-01,2018-01-07,2018-01-07,8,5,0,0.0
1394,East,2018-01-01,2018-12-30,2018-12-30,51,21,0,0.0
1395,East,2018-01-08,2018-01-14,2018-01-14,36,15,0,0.0
1396,East,2018-01-15,2018-01-21,2018-01-21,0,0,0,0.0
1397,East,2018-01-22,2018-01-28,2018-01-28,0,0,0,0.0
1398,East,2018-01-29,2018-02-04,2018-02-04,30,12,0,0.0
1399,East,2018-02-05,2018-02-11,2018-02-11,31,12,0,0.0
1400,East,2018-02-12,2018-02-18,2018-02-18,29,6,0,0.0
1401,East,2018-02-19,2018-02-25,2018-02-25,44,12,0,0.0
1402,East,2018-02-26,2018-03-04,2018-03-04,0,0,0,0.0
1403,East,2018-03-05,2018-03-11,2018-03-11,34,17,0,0.0
1404,East,2018-03-12,2018-03-18,2018-03-18,155,50,0,0.0
1405,East,2018-03-19,2018-03-25,2018-03-25,0,0,0,0.0
1406,East,2018-03-26,2018-04-01,2018-04-01,75,33,0,0.0
1407,East,2018-04-02,2018-04-08,2018-04-08,120,6,0,0.0
1408,East,2018-04-09,2018-04-15,2018-04-15,38,20,0,0.0
1409,East,2018-04-16,2018-04-22,2018-04-22,47,23,0,0.0
1410,East,2018-04-23,2018-04-29,2018-04-29,61,35,0,0.0
1411,East,2018-04-30,2018-05-06,2018-05-06,111,62,1,1.6129032258064515
1412,East,2018-05-07,2018-05-13,2018-05-13,282,84,3,3.571428571428571
1413,East,2018-05-14,2018-05-20,2018-05-20,205,78,1,1.282051282051282
1414,East,2018-05-21,2018-05-27,2018-05-27,92,35,0,0.0
1415,East,2018-05-28,2018-06-03,2018-06-03,84,18,0,0.0
1416,East,2018-06-04,2018-06-10,2018-06-10,0,0,0,0.0
1417,East,2018-06-11,2018-06-17,2018-06-17,36,0,0,0.0
1418,East,2018-06-18,2018-06-24,2018-06-24,96,52,3,5.769230769230769
1419,East,2018-06-25,2018-07-01,2018-07-01,364,117,4,3.418803418803419
1420,East,2018-07-02,2018-07-08,2018-07-08,255,169,4,2.366863905325444
1421,East,2018-07-09,2018-07-15,2018-07-15,236,0,0,0.0
1422,East,2018-07-16,2018-07-22,2018-07-22,0,0,0,0.0
1423,East,2018-07-23,2018-07-29,2018-07-29,255,100,2,2.0
1424,East,2018-07-30,2018-08-05,2018-08-05,50,0,0,0.0
1425,East,2018-08-06,2018-08-12,2018-08-12,87,36,0,0.0
1426,East,2018-08-13,2018-08-19,2018-08-19,0,0,0,0.0
1427,East,2018-08-20,2018-08-26,2018-08-26,230,145,1,0.6896551724137931
1428,East,2018-08-27,2018-09-02,2018-09-02,91,53,1,1.8867924528301887
1429,East,2018-09-03,2018-09-09,2018-09-09,117,46,1,2.1739130434782608
1430,East,2018-09-10,2018-09-16,2018-09-16,84,56,0,0.0
1431,East,2018-09-17,2018-09-23,2018-09-23,64,38,1,2.631578947368421
1432,East,2018-09-24,2018-09-30,2018-09-30,0,0,0,0.0
1433,East,2018-10-01,2018-10-07,2018-10-07,36,15,0,0.0
1434,East,2018-10-08,2018-10-14,2018-10-14,77,23,1,4.3478260869565215
1435,East,2018-10-15,2018-10-21,2018-10-21,5,0,0,0.0
1436,East,2018-10-22,2018-10-28,2018-10-28,130,19,0,0.0
1437,East,2018-10-29,2018-11-04,2018-11-04,10,0,0,0.0
1438,East,2018-11-05,2018-11-11,2018-11-11,0,0,0,0.0
1439,East,2018-11-12,2018-11-18,2018-11-18,59,25,0,0.0
1440,East,2018-11-19,2018-11-25,2018-11-25,120,16,0,0.0
1441,East,2018-11-26,2018-12-02,2018-12-02,0,0,0,0.0
1442,East,2018-12-10,2018-12-16,2018-12-16,0,0,0,0.0
1443,East,2018-12-17,2018-12-23,2018-12-23,44,18,0,0.0
1444,East,2018-12-24,2018-12-30,2018-12-30,0,0,0,0.0
1445,East,2018-12-31,2019-01-06,2019-01-06,0,0,0,0.0
1446,East,2018-12-31,2019-12-29,2019-12-29,12,0,0,0.0
1447,East,2019-01-07,2019-01-13,2019-01-13,0,0,0,0.0
1448,East,2019-01-14,2019-01-20,2019-01-20,14,4,0,0.0
1449,East,2019-01-21,2019-01-27,2019-01-27,0,0,0,0.0
1450,East,2019-01-28,2019-02-03,2019-02-03,75,35,0,0.0
1451,East,2019-02-04,2019-02-10,2019-02-10,43,0,0,0.0
1452,East,2019-02-11,2019-02-17,2019-02-17,13,0,0,0.0
1453,East,2019-02-18,2019-02-24,2019-02-24,0,0,0,0.0
1454,East,2019-02-25,2019-03-03,2019-03-03,40,18,0,0.0
1455,East,2019-03-04,2019-03-10,2019-03-10,30,0,0,0.0
1456,East,2019-03-11,2019-03-17,2019-03-17,0,0,0,0.0
1457,East,2019-03-18,2019-03-24,2019-03-24,0,0,0,0.0
1458,East,2019-05-13,2019-05-19,2019-05-19,33,9,0,0.0
1459,Far North,2010-01-04,2010-01-10,2010-01-10,186,43,0,0.0
1460,Far North,2010-01-11,2010-01-17,2010-01-17,62,31,0,0.0
1461,Far North,2010-01-18,2010-01-24,2010-01-24,73,35,0,0.0
1462,Far North,2010-01-25,2010-01-31,2010-01-31,0,0,0,0.0
1463,Far North,2010-02-01,2010-02-07,2010-02-07,49,4,0,0.0
1464,Far North,2010-02-08,2010-02-14,2010-02-14,57,31,0,0.0
1465,Far North,2010-02-15,2010-02-21,2010-02-21,111,25,1,4.0
1466,Far North,2010-02-22,2010-02-28,2010-02-28,138,34,1,2.941176470588235
1467,Far North,2010-03-01,2010-03-07,2010-03-07,98,30,0,0.0
1468,Far North,2010-03-08,2010-03-14,2010-03-14,127,29,0,0.0
1469,Far North,2010-03-15,2010-03-21,2010-03-21,373,163,8,4.9079754601226995
1470,Far North,2010-03-22,2010-03-28,2010-03-28,92,24,0,0.0
1471,Far North,2010-03-29,2010-04-04,2010-04-04,100,25,1,4.0
1472,Far North,2010-04-05,2010-04-11,2010-04-11,92,26,0,0.0
1473,Far North,2010-04-12,2010-04-18,2010-04-18,287,140,2,1.4285714285714286
1474,Far North,2010-04-19,2010-04-25,2010-04-25,189,26,1,3.8461538461538463
1475,Far North,2010-04-26,2010-05-02,2010-05-02,620,25,0,0.0
1476,Far North,2010-05-03,2010-05-09,2010-05-09,211,78,2,2.564102564102564
1477,Far North,2010-05-10,2010-05-16,2010-05-16,280,92,2,2.1739130434782608
1478,Far North,2010-05-17,2010-05-23,2010-05-23,335,41,0,0.0
1479,Far North,2010-05-24,2010-05-30,2010-05-30,503,119,6,5.042016806722689
1480,Far North,2010-05-31,2010-06-06,2010-06-06,565,256,8,3.125
1481,Far North,2010-06-07,2010-06-13,2010-06-13,402,243,8,3.292181069958848
1482,Far North,2010-06-14,2010-06-20,2010-06-20,218,82,3,3.6585365853658534
1483,Far North,2010-06-21,2010-06-27,2010-06-27,476,212,5,2.358490566037736
1484,Far North,2010-06-28,2010-07-04,2010-07-04,464,203,8,3.9408866995073892
1485,Far North,2010-07-05,2010-07-11,2010-07-11,664,221,8,3.619909502262444
1486,Far North,2010-07-12,2010-07-18,2010-07-18,1164,460,11,2.391304347826087
1487,Far North,2010-07-19,2010-07-25,2010-07-25,1142,353,12,3.39943342776204
1488,Far North,2010-07-26,2010-08-01,2010-08-01,651,104,3,2.8846153846153846
1489,Far North,2010-08-02,2010-08-08,2010-08-08,1310,360,23,6.388888888888888
1490,Far North,2010-08-09,2010-08-15,2010-08-15,1364,366,15,4.098360655737705
1491,Far North,2010-08-16,2010-08-22,2010-08-22,1413,444,25,5.63063063063063
1492,Far North,2010-08-23,2010-08-29,2010-08-29,1302,425,24,5.647058823529412
1493,Far North,2010-08-30,2010-09-05,2010-09-05,1224,451,20,4.434589800443459
1494,Far North,2010-09-06,2010-09-12,2010-09-12,1167,454,24,5.286343612334802
1495,Far North,2010-09-13,2010-09-19,2010-09-19,1434,537,16,2.97951582867784
1496,Far North,2010-09-20,2010-09-26,2010-09-26,1032,366,10,2.73224043715847
1497,Far North,2010-09-27,2010-10-03,2010-10-03,1294,481,13,2.7027027027027026
1498,Far North,2010-10-04,2010-10-10,2010-10-10,1276,292,10,3.4246575342465753
1499,Far North,2010-10-11,2010-10-17,2010-10-17,667,281,12,4.270462633451958
1500,Far North,2010-10-18,2010-10-24,2010-10-24,1041,515,10,1.9417475728155338
1501,Far North,2010-10-25,2010-10-31,2010-10-31,891,417,9,2.158273381294964
1502,Far North,2010-11-01,2010-11-07,2010-11-07,521,101,4,3.9603960396039604
1503,Far North,2010-11-08,2010-11-14,2010-11-14,428,160,3,1.875
1504,Far North,2010-11-15,2010-11-21,2010-11-21,388,114,3,2.631578947368421
1505,Far North,2010-11-22,2010-11-28,2010-11-28,457,182,4,2.197802197802198
1506,Far North,2010-11-29,2010-12-05,2010-12-05,229,72,2,2.7777777777777777
1507,Far North,2010-12-06,2010-12-12,2010-12-12,236,75,2,2.666666666666667
1508,Far North,2010-12-13,2010-12-19,2010-12-19,119,44,0,0.0
1509,Far North,2010-12-20,2010-12-26,2010-12-26,149,21,0,0.0
1510,Far North,2010-12-27,2011-01-02,2011-01-02,119,2,0,0.0
1511,Far North,2011-01-01,2011-09-22,2011-09-22,4086,1532,86,5.613577023498695
1512,Far North,2011-01-03,2011-01-09,2011-01-09,117,57,1,1.7543859649122806
1513,Far North,2011-01-10,2011-01-16,2011-01-16,105,22,0,0.0
1514,Far North,2011-01-17,2011-01-23,2011-01-23,118,37,1,2.7027027027027026
1515,Far North,2011-01-24,2011-01-30,2011-01-30,4,1,0,0.0
1516,Far North,2011-01-31,2011-02-06,2011-02-06,473,181,3,1.6574585635359116
1517,Far North,2011-02-07,2011-02-13,2011-02-13,0,0,0,0.0
1518,Far North,2011-02-14,2011-02-20,2011-02-20,177,56,2,3.571428571428571
1519,Far North,2011-02-21,2011-02-27,2011-02-27,226,67,2,2.9850746268656714
1520,Far North,2011-02-28,2011-03-06,2011-03-06,100,38,1,2.631578947368421
1521,Far North,2011-03-07,2011-03-13,2011-03-13,194,0,0,0.0
1522,Far North,2011-03-14,2011-03-20,2011-03-20,230,141,3,2.127659574468085
1523,Far North,2011-03-21,2011-03-27,2011-03-27,212,93,1,1.0752688172043012
1524,Far North,2011-03-28,2011-04-03,2011-04-03,225,70,1,1.4285714285714286
1525,Far North,2011-04-04,2011-04-10,2011-04-10,281,57,1,1.7543859649122806
1526,Far North,2011-04-11,2011-04-17,2011-04-17,119,46,0,0.0
1527,Far North,2011-04-18,2011-04-24,2011-04-24,227,0,0,0.0
1528,Far North,2011-04-25,2011-05-01,2011-05-01,118,0,0,0.0
1529,Far North,2011-05-02,2011-05-08,2011-05-08,279,122,4,3.278688524590164
1530,Far North,2011-05-09,2011-05-15,2011-05-15,473,192,4,2.083333333333333
1531,Far North,2011-05-16,2011-05-22,2011-05-22,482,194,4,2.0618556701030926
1532,Far North,2011-05-23,2011-05-29,2011-05-29,496,71,1,1.4084507042253522
1533,Far North,2011-05-30,2011-06-05,2011-06-05,409,142,2,1.4084507042253522
1534,Far North,2011-06-06,2011-06-12,2011-06-12,451,96,1,1.0416666666666665
1535,Far North,2011-06-13,2011-06-19,2011-06-19,244,38,2,5.263157894736842
1536,Far North,2011-06-20,2011-06-26,2011-06-26,625,251,5,1.9920318725099602
1537,Far North,2011-06-27,2011-07-03,2011-07-03,873,221,6,2.7149321266968327
1538,Far North,2011-07-04,2011-07-10,2011-07-10,770,272,7,2.5735294117647056
1539,Far North,2011-07-11,2011-07-17,2011-07-17,1112,168,7,4.166666666666666
1540,Far North,2011-07-18,2011-07-24,2011-07-24,575,156,5,3.205128205128205
1541,Far North,2011-07-25,2011-07-31,2011-07-31,650,236,7,2.9661016949152543
1542,Far North,2011-08-01,2011-08-07,2011-08-07,1012,364,15,4.1208791208791204
1543,Far North,2011-08-08,2011-08-14,2011-08-14,1545,695,16,2.302158273381295
1544,Far North,2011-08-15,2011-08-21,2011-08-21,1053,381,7,1.837270341207349
1545,Far North,2011-08-22,2011-08-28,2011-08-28,1539,437,9,2.059496567505721
1546,Far North,2011-08-29,2011-09-04,2011-09-04,1138,227,8,3.524229074889868
1547,Far North,2011-09-05,2011-09-11,2011-09-11,1497,531,10,1.8832391713747645
1548,Far North,2011-09-12,2011-09-18,2011-09-18,1440,577,14,2.4263431542461005
1549,Far North,2011-09-19,2011-09-25,2011-09-25,843,300,10,3.3333333333333335
1550,Far North,2011-09-26,2011-10-02,2011-10-02,746,283,8,2.8268551236749118
1551,Far North,2011-10-03,2011-10-09,2011-10-09,664,212,4,1.8867924528301887
1552,Far North,2011-10-10,2011-10-16,2011-10-16,750,245,5,2.0408163265306123
1553,Far North,2011-10-17,2011-10-23,2011-10-23,451,129,2,1.550387596899225
1554,Far North,2011-10-24,2011-10-30,2011-10-30,244,95,2,2.1052631578947367
1555,Far North,2011-10-31,2011-11-06,2011-11-06,297,90,2,2.2222222222222223
1556,Far North,2011-11-07,2011-11-13,2011-11-13,320,100,1,1.0
1557,Far North,2011-11-14,2011-11-20,2011-11-20,162,43,0,0.0
1558,Far North,2011-11-21,2011-11-27,2011-11-27,67,35,0,0.0
1559,Far North,2011-11-28,2011-12-04,2011-12-04,22,0,0,0.0
1560,Far North,2011-12-05,2011-12-11,2011-12-11,208,84,1,1.1904761904761905
1561,Far North,2011-12-12,2011-12-18,2011-12-18,65,23,0,0.0
1562,Far North,2011-12-19,2011-12-25,2011-12-25,49,0,0,0.0
1563,Far North,2011-12-26,2012-01-01,2012-01-01,78,23,0,0.0
1564,Far North,2012-01-02,2012-01-08,2012-01-08,0,0,0,0.0
1565,Far North,2012-01-09,2012-01-15,2012-01-15,0,0,0,0.0
1566,Far North,2012-01-16,2012-01-22,2012-01-22,328,86,2,2.3255813953488373
1567,Far North,2012-01-23,2012-01-29,2012-01-29,70,28,1,3.571428571428571
1568,Far North,2012-01-30,2012-02-05,2012-02-05,234,18,0,0.0
1569,Far North,2012-02-06,2012-02-12,2012-02-12,44,21,0,0.0
1570,Far North,2012-02-13,2012-02-19,2012-02-19,121,62,0,0.0
1571,Far North,2012-02-20,2012-02-26,2012-02-26,124,9,0,0.0
1572,Far North,2012-02-27,2012-03-04,2012-03-04,0,0,0,0.0
1573,Far North,2012-03-05,2012-03-11,2012-03-11,66,13,0,0.0
1574,Far North,2012-03-12,2012-03-18,2012-03-18,227,32,0,0.0
1575,Far North,2012-03-19,2012-03-25,2012-03-25,0,0,0,0.0
1576,Far North,2012-03-26,2012-04-01,2012-04-01,147,20,0,0.0
1577,Far North,2012-04-02,2012-04-08,2012-04-08,121,59,1,1.694915254237288
1578,Far North,2012-04-09,2012-04-15,2012-04-15,170,61,1,1.639344262295082
1579,Far North,2012-04-16,2012-04-22,2012-04-22,237,69,1,1.4492753623188406
1580,Far North,2012-04-23,2012-04-29,2012-04-29,28,10,0,0.0
1581,Far North,2012-04-30,2012-05-06,2012-05-06,118,29,1,3.4482758620689653
1582,Far North,2012-05-07,2012-05-13,2012-05-13,195,69,1,1.4492753623188406
1583,Far North,2012-05-14,2012-05-20,2012-05-20,63,37,0,0.0
1584,Far North,2012-05-21,2012-05-27,2012-05-27,286,90,2,2.2222222222222223
1585,Far North,2012-05-28,2012-06-03,2012-06-03,299,68,0,0.0
1586,Far North,2012-06-04,2012-06-10,2012-06-10,349,122,1,0.819672131147541
1587,Far North,2012-06-11,2012-06-17,2012-06-17,223,131,3,2.2900763358778624
1588,Far North,2012-06-18,2012-06-24,2012-06-24,79,34,1,2.941176470588235
1589,Far North,2012-06-25,2012-07-01,2012-07-01,267,153,6,3.9215686274509802
1590,Far North,2012-07-02,2012-07-08,2012-07-08,326,134,2,1.4925373134328357
1591,Far North,2012-07-09,2012-07-15,2012-07-15,219,107,2,1.8691588785046727
1592,Far North,2012-07-16,2012-07-22,2012-07-22,164,48,1,2.083333333333333
1593,Far North,2012-07-23,2012-07-29,2012-07-29,231,43,1,2.3255813953488373
1594,Far North,2012-07-30,2012-08-05,2012-08-05,271,108,1,0.9259259259259258
1595,Far North,2012-08-06,2012-08-12,2012-08-12,132,85,2,2.3529411764705883
1596,Far North,2012-08-13,2012-08-19,2012-08-19,325,132,3,2.272727272727273
1597,Far North,2012-08-20,2012-08-26,2012-08-26,283,76,2,2.631578947368421
1598,Far North,2012-08-27,2012-09-02,2012-09-02,187,0,0,0.0
1599,Far North,2012-09-03,2012-09-09,2012-09-09,106,31,0,0.0
1600,Far North,2012-09-10,2012-09-16,2012-09-16,442,76,2,2.631578947368421
1601,Far North,2012-09-17,2012-09-23,2012-09-23,160,42,0,0.0
1602,Far North,2012-09-24,2012-09-30,2012-09-30,146,15,0,0.0
1603,Far North,2012-10-01,2012-10-07,2012-10-07,525,125,3,2.4
1604,Far North,2012-10-08,2012-10-14,2012-10-14,294,19,0,0.0
1605,Far North,2012-10-15,2012-10-21,2012-10-21,275,86,1,1.1627906976744187
1606,Far North,2012-10-22,2012-10-28,2012-10-28,205,11,0,0.0
1607,Far North,2012-10-29,2012-11-04,2012-11-04,336,153,2,1.3071895424836601
1608,Far North,2012-11-05,2012-11-11,2012-11-11,43,12,0,0.0
1609,Far North,2012-11-12,2012-11-18,2012-11-18,66,15,1,6.666666666666667
1610,Far North,2012-11-19,2012-11-25,2012-11-25,190,84,0,0.0
1611,Far North,2012-11-26,2012-12-02,2012-12-02,78,15,0,0.0
1612,Far North,2012-12-03,2012-12-09,2012-12-09,117,55,0,0.0
1613,Far North,2012-12-10,2012-12-16,2012-12-16,76,41,0,0.0
1614,Far North,2012-12-17,2012-12-23,2012-12-23,70,0,0,0.0
1615,Far North,2012-12-24,2012-12-30,2012-12-30,68,25,0,0.0
1616,Far North,2012-12-31,2013-01-06,2013-01-06,107,24,0,0.0
1617,Far North,2013-01-07,2013-01-13,2013-01-13,0,0,0,0.0
1618,Far North,2013-01-14,2013-01-20,2013-01-20,125,51,2,3.9215686274509802
1619,Far North,2013-01-21,2013-01-27,2013-01-27,0,0,0,0.0
1620,Far North,2013-01-28,2013-02-03,2013-02-03,116,9,0,0.0
1621,Far North,2013-02-04,2013-02-10,2013-02-10,191,46,2,4.3478260869565215
1622,Far North,2013-02-11,2013-02-17,2013-02-17,61,0,0,0.0
1623,Far North,2013-02-18,2013-02-24,2013-02-24,31,20,0,0.0
1624,Far North,2013-02-25,2013-03-03,2013-03-03,208,41,0,0.0
1625,Far North,2013-03-04,2013-03-10,2013-03-10,177,43,1,2.3255813953488373
1626,Far North,2013-03-11,2013-03-17,2013-03-17,109,20,0,0.0
1627,Far North,2013-03-18,2013-03-24,2013-03-24,52,12,0,0.0
1628,Far North,2013-03-25,2013-03-31,2013-03-31,78,25,1,4.0
1629,Far North,2013-04-01,2013-04-07,2013-04-07,177,49,0,0.0
1630,Far North,2013-04-08,2013-04-14,2013-04-14,284,130,2,1.5384615384615385
1631,Far North,2013-04-15,2013-04-21,2013-04-21,195,50,1,2.0
1632,Far North,2013-04-22,2013-04-28,2013-04-28,107,0,0,0.0
1633,Far North,2013-04-29,2013-05-05,2013-05-05,151,49,1,2.0408163265306123
1634,Far North,2013-05-06,2013-05-12,2013-05-12,435,59,1,1.694915254237288
1635,Far North,2013-05-13,2013-05-19,2013-05-19,306,73,1,1.36986301369863
1636,Far North,2013-05-20,2013-05-26,2013-05-26,307,44,1,2.272727272727273
1637,Far North,2013-05-27,2013-06-02,2013-06-02,402,109,2,1.834862385321101
1638,Far North,2013-06-03,2013-06-09,2013-06-09,60,31,1,3.225806451612903
1639,Far North,2013-06-10,2013-06-16,2013-06-16,460,172,3,1.744186046511628
1640,Far North,2013-06-17,2013-06-23,2013-06-23,195,70,1,1.4285714285714286
1641,Far North,2013-06-24,2013-06-30,2013-06-30,307,78,2,2.564102564102564
1642,Far North,2013-07-01,2013-07-07,2013-07-07,454,212,2,0.9433962264150944
1643,Far North,2013-07-08,2013-07-14,2013-07-14,676,126,3,2.380952380952381
1644,Far North,2013-07-15,2013-07-21,2013-07-21,285,14,0,0.0
1645,Far North,2013-07-22,2013-07-28,2013-07-28,602,251,6,2.3904382470119523
1646,Far North,2013-07-29,2013-08-04,2013-08-04,74,22,0,0.0
1647,Far North,2013-08-05,2013-08-11,2013-08-11,47,13,0,0.0
1648,Far North,2013-08-12,2013-08-18,2013-08-18,398,144,2,1.3888888888888888
1649,Far North,2013-08-19,2013-08-25,2013-08-25,148,92,1,1.0869565217391304
1650,Far North,2013-08-26,2013-09-01,2013-09-01,130,46,1,2.1739130434782608
1651,Far North,2013-09-02,2013-09-08,2013-09-08,278,30,1,3.3333333333333335
1652,Far North,2013-09-09,2013-09-15,2013-09-15,228,103,1,0.9708737864077669
1653,Far North,2013-09-16,2013-09-22,2013-09-22,110,36,0,0.0
1654,Far North,2013-09-23,2013-09-29,2013-09-29,147,84,0,0.0
1655,Far North,2013-09-30,2013-10-06,2013-10-06,83,48,1,2.083333333333333
1656,Far North,2013-10-07,2013-10-13,2013-10-13,197,59,3,5.084745762711865
1657,Far North,2013-10-14,2013-10-20,2013-10-20,198,65,1,1.5384615384615385
1658,Far North,2013-10-21,2013-10-27,2013-10-27,463,122,3,2.459016393442623
1659,Far North,2013-10-28,2013-11-03,2013-11-03,0,0,0,0.0
1660,Far North,2013-11-04,2013-11-10,2013-11-10,65,31,1,3.225806451612903
1661,Far North,2013-11-11,2013-11-17,2013-11-17,75,41,1,2.4390243902439024
1662,Far North,2013-11-18,2013-11-24,2013-11-24,313,113,1,0.8849557522123894
1663,Far North,2013-11-25,2013-12-01,2013-12-01,158,35,0,0.0
1664,Far North,2013-12-02,2013-12-08,2013-12-08,43,3,0,0.0
1665,Far North,2013-12-09,2013-12-15,2013-12-15,89,39,1,2.564102564102564
1666,Far North,2013-12-16,2013-12-22,2013-12-22,86,40,0,0.0
1667,Far North,2013-12-23,2013-12-29,2013-12-29,57,15,0,0.0
1668,Far North,2013-12-30,2014-01-05,2014-01-05,13,4,0,0.0
1669,Far North,2014-01-06,2014-01-12,2014-01-12,0,0,0,0.0
1670,Far North,2014-01-13,2014-01-19,2014-01-19,107,5,0,0.0
1671,Far North,2014-01-20,2014-01-26,2014-01-26,21,13,0,0.0
1672,Far North,2014-01-27,2014-02-02,2014-02-02,0,0,0,0.0
1673,Far North,2014-02-03,2014-02-09,2014-02-09,102,32,0,0.0
1674,Far North,2014-02-10,2014-02-16,2014-02-16,130,47,1,2.127659574468085
1675,Far North,2014-02-17,2014-02-23,2014-02-23,215,114,1,0.8771929824561403
1676,Far North,2014-02-24,2014-03-02,2014-03-02,139,59,1,1.694915254237288
1677,Far North,2014-03-03,2014-03-09,2014-03-09,151,65,2,3.076923076923077
1678,Far North,2014-03-10,2014-03-16,2014-03-16,17,0,0,0.0
1679,Far North,2014-03-17,2014-03-23,2014-03-23,78,34,2,5.88235294117647
1680,Far North,2014-03-24,2014-03-30,2014-03-30,16,5,0,0.0
1681,Far North,2014-03-31,2014-04-06,2014-04-06,0,0,0,0.0
1682,Far North,2014-04-07,2014-04-13,2014-04-13,115,42,1,2.380952380952381
1683,Far North,2014-04-14,2014-04-20,2014-04-20,241,57,0,0.0
1684,Far North,2014-04-21,2014-04-27,2014-04-27,160,59,1,1.694915254237288
1685,Far North,2014-04-24,2014-07-24,2014-07-24,1692,104,5,4.807692307692308
1686,Far North,2014-04-28,2014-05-04,2014-05-04,438,84,1,1.1904761904761905
1687,Far North,2014-05-05,2014-05-11,2014-05-11,769,154,4,2.5974025974025974
1688,Far North,2014-05-12,2014-05-18,2014-05-18,216,35,1,2.857142857142857
1689,Far North,2014-05-19,2014-05-25,2014-05-25,415,201,3,1.4925373134328357
1690,Far North,2014-05-26,2014-06-01,2014-06-01,524,154,3,1.948051948051948
1691,Far North,2014-06-02,2014-06-08,2014-06-08,515,137,2,1.4598540145985401
1692,Far North,2014-06-09,2014-06-15,2014-06-15,854,399,7,1.7543859649122806
1693,Far North,2014-06-16,2014-06-22,2014-06-22,163,10,0,0.0
1694,Far North,2014-06-23,2014-06-29,2014-06-29,490,130,1,0.7692307692307693
1695,Far North,2014-06-30,2014-07-06,2014-07-06,873,246,9,3.6585365853658534
1696,Far North,2014-07-07,2014-07-13,2014-07-13,941,355,11,3.0985915492957745
1697,Far North,2014-07-14,2014-07-20,2014-07-20,283,8,0,0.0
1698,Far North,2014-07-21,2014-07-27,2014-07-27,838,337,8,2.3738872403560833
1699,Far North,2014-07-25,2014-08-12,2014-08-12,440,135,6,4.444444444444445
1700,Far North,2014-07-28,2014-08-03,2014-08-03,701,297,9,3.0303030303030303
1701,Far North,2014-08-04,2014-08-10,2014-08-10,1177,265,6,2.2641509433962264
1702,Far North,2014-08-11,2014-08-17,2014-08-17,715,156,2,1.282051282051282
1703,Far North,2014-08-18,2014-08-24,2014-08-24,578,164,4,2.4390243902439024
1704,Far North,2014-08-25,2014-08-31,2014-08-31,1117,407,7,1.71990171990172
1705,Far North,2014-09-01,2014-09-07,2014-09-07,747,252,4,1.5873015873015872
1706,Far North,2014-09-08,2014-09-14,2014-09-14,424,52,2,3.8461538461538463
1707,Far North,2014-09-15,2014-09-21,2014-09-21,422,141,6,4.25531914893617
1708,Far North,2014-09-22,2014-09-28,2014-09-28,665,260,8,3.076923076923077
1709,Far North,2014-09-29,2014-10-05,2014-10-05,1068,376,7,1.8617021276595744
1710,Far North,2014-10-06,2014-10-12,2014-10-12,298,84,4,4.761904761904762
1711,Far North,2014-10-13,2014-10-19,2014-10-19,673,333,10,3.003003003003003
1712,Far North,2014-10-20,2014-10-26,2014-10-26,454,208,8,3.8461538461538463
1713,Far North,2014-10-27,2014-11-02,2014-11-02,645,136,5,3.6764705882352944
1714,Far North,2014-11-03,2014-11-09,2014-11-09,505,160,4,2.5
1715,Far North,2014-11-10,2014-11-16,2014-11-16,287,49,0,0.0
1716,Far North,2014-11-17,2014-11-23,2014-11-23,163,51,0,0.0
1717,Far North,2014-11-24,2014-11-30,2014-11-30,268,141,2,1.4184397163120568
1718,Far North,2014-12-01,2014-12-07,2014-12-07,133,47,0,0.0
1719,Far North,2014-12-08,2014-12-14,2014-12-14,65,31,0,0.0
1720,Far North,2014-12-15,2014-12-21,2014-12-21,64,33,0,0.0
1721,Far North,2014-12-22,2014-12-28,2014-12-28,117,43,1,2.3255813953488373
1722,Far North,2014-12-29,2015-01-04,2015-01-04,16,9,0,0.0
1723,Far North,2015-01-05,2015-01-11,2015-01-11,92,40,0,0.0
1724,Far North,2015-01-12,2015-01-18,2015-01-18,46,19,0,0.0
1725,Far North,2015-01-19,2015-01-25,2015-01-25,136,35,0,0.0
1726,Far North,2015-01-26,2015-02-01,2015-02-01,291,102,1,0.9803921568627451
1727,Far North,2015-02-02,2015-02-08,2015-02-08,59,32,1,3.125
1728,Far North,2015-02-09,2015-02-15,2015-02-15,103,50,1,2.0
1729,Far North,2015-02-16,2015-02-22,2015-02-22,42,0,0,0.0
1730,Far North,2015-02-23,2015-03-01,2015-03-01,42,0,0,0.0
1731,Far North,2015-03-02,2015-03-08,2015-03-08,145,67,1,1.4925373134328357
1732,Far North,2015-03-09,2015-03-15,2015-03-15,0,0,0,0.0
1733,Far North,2015-03-16,2015-03-22,2015-03-22,37,0,0,0.0
1734,Far North,2015-03-23,2015-03-29,2015-03-29,256,108,2,1.8518518518518516
1735,Far North,2015-03-30,2015-04-05,2015-04-05,229,24,0,0.0
1736,Far North,2015-04-06,2015-04-12,2015-04-12,85,36,0,0.0
1737,Far North,2015-04-13,2015-04-19,2015-04-19,83,0,0,0.0
1738,Far North,2015-04-20,2015-04-26,2015-04-26,11,0,0,0.0
1739,Far North,2015-04-27,2015-05-03,2015-05-03,209,0,0,0.0
1740,Far North,2015-05-04,2015-05-10,2015-05-10,138,22,0,0.0
1741,Far North,2015-05-11,2015-05-17,2015-05-17,100,55,0,0.0
1742,Far North,2015-05-18,2015-05-24,2015-05-24,345,86,1,1.1627906976744187
1743,Far North,2015-05-25,2015-05-31,2015-05-31,693,236,5,2.11864406779661
1744,Far North,2015-06-01,2015-06-07,2015-06-07,414,118,2,1.694915254237288
1745,Far North,2015-06-08,2015-06-14,2015-06-14,214,85,2,2.3529411764705883
1746,Far North,2015-06-15,2015-06-21,2015-06-21,0,0,0,0.0
1747,Far North,2015-06-22,2015-06-28,2015-06-28,406,75,3,4.0
1748,Far North,2015-06-29,2015-07-05,2015-07-05,453,68,2,2.941176470588235
1749,Far North,2015-07-06,2015-07-12,2015-07-12,368,164,5,3.048780487804878
1750,Far North,2015-07-13,2015-07-19,2015-07-19,224,91,3,3.296703296703297
1751,Far North,2015-07-20,2015-07-26,2015-07-26,168,71,1,1.4084507042253522
1752,Far North,2015-07-27,2015-08-02,2015-08-02,433,131,1,0.7633587786259541
1753,Far North,2015-08-03,2015-08-09,2015-08-09,308,97,2,2.0618556701030926
1754,Far North,2015-08-10,2015-08-16,2015-08-16,593,177,3,1.694915254237288
1755,Far North,2015-08-17,2015-08-23,2015-08-23,284,109,1,0.9174311926605505
1756,Far North,2015-08-24,2015-08-30,2015-08-30,636,205,8,3.902439024390244
1757,Far North,2015-08-31,2015-09-06,2015-09-06,167,72,0,0.0
1758,Far North,2015-09-07,2015-09-13,2015-09-13,199,64,0,0.0
1759,Far North,2015-09-14,2015-09-20,2015-09-20,432,227,3,1.3215859030837005
1760,Far North,2015-09-21,2015-09-27,2015-09-27,87,30,0,0.0
1761,Far North,2015-09-28,2015-10-04,2015-10-04,253,49,0,0.0
1762,Far North,2015-10-05,2015-10-11,2015-10-11,471,216,4,1.8518518518518516
1763,Far North,2015-10-12,2015-10-18,2015-10-18,160,57,1,1.7543859649122806
1764,Far North,2015-10-19,2015-10-25,2015-10-25,34,20,0,0.0
1765,Far North,2015-10-26,2015-11-01,2015-11-01,68,13,0,0.0
1766,Far North,2015-11-02,2015-11-08,2015-11-08,272,121,3,2.479338842975207
1767,Far North,2015-11-09,2015-11-15,2015-11-15,27,0,0,0.0
1768,Far North,2015-11-16,2015-11-22,2015-11-22,21,5,0,0.0
1769,Far North,2015-11-23,2015-11-29,2015-11-29,206,35,2,5.714285714285714
1770,Far North,2015-11-30,2015-12-06,2015-12-06,41,14,0,0.0
1771,Far North,2015-12-07,2015-12-13,2015-12-13,111,49,1,2.0408163265306123
1772,Far North,2015-12-14,2015-12-20,2015-12-20,14,7,0,0.0
1773,Far North,2015-12-21,2015-12-27,2015-12-27,58,11,0,0.0
1774,Far North,2016-01-04,2016-01-10,2016-01-10,0,0,0,0.0
1775,Far North,2016-01-11,2016-01-17,2016-01-17,172,53,1,1.8867924528301887
1776,Far North,2016-01-18,2016-01-24,2016-01-24,3,2,0,0.0
1777,Far North,2016-01-25,2016-01-31,2016-01-31,17,6,0,0.0
1778,Far North,2016-02-01,2016-02-07,2016-02-07,218,24,0,0.0
1779,Far North,2016-02-08,2016-02-14,2016-02-14,102,36,0,0.0
1780,Far North,2016-02-15,2016-02-21,2016-02-21,112,31,0,0.0
1781,Far North,2016-02-22,2016-02-28,2016-02-28,97,24,0,0.0
1782,Far North,2016-02-29,2016-03-06,2016-03-06,188,84,0,0.0
1783,Far North,2016-03-07,2016-03-13,2016-03-13,67,27,0,0.0
1784,Far North,2016-03-14,2016-03-20,2016-03-20,490,192,2,1.0416666666666665
1785,Far North,2016-03-21,2016-03-27,2016-03-27,62,6,0,0.0
1786,Far North,2016-03-28,2016-04-03,2016-04-03,0,0,0,0.0
1787,Far North,2016-04-04,2016-04-10,2016-04-10,86,33,1,3.0303030303030303
1788,Far North,2016-04-11,2016-04-17,2016-04-17,90,36,0,0.0
1789,Far North,2016-04-18,2016-04-24,2016-04-24,29,11,0,0.0
1790,Far North,2016-04-25,2016-05-01,2016-05-01,138,33,0,0.0
1791,Far North,2016-05-02,2016-05-08,2016-05-08,459,240,5,2.083333333333333
1792,Far North,2016-05-09,2016-05-15,2016-05-15,416,34,0,0.0
1793,Far North,2016-05-16,2016-05-22,2016-05-22,524,117,2,1.7094017094017095
1794,Far North,2016-05-23,2016-05-29,2016-05-29,381,140,1,0.7142857142857143
1795,Far North,2016-05-30,2016-06-05,2016-06-05,21,7,0,0.0
1796,Far North,2016-06-06,2016-06-12,2016-06-12,222,0,0,0.0
1797,Far North,2016-06-13,2016-06-19,2016-06-19,0,0,0,0.0
1798,Far North,2016-06-20,2016-06-26,2016-06-26,288,135,4,2.9629629629629632
1799,Far North,2016-06-27,2016-07-03,2016-07-03,113,42,1,2.380952380952381
1800,Far North,2016-07-04,2016-07-10,2016-07-10,638,379,10,2.638522427440633
1801,Far North,2016-07-11,2016-07-17,2016-07-17,186,89,2,2.247191011235955
1802,Far North,2016-07-18,2016-07-24,2016-07-24,250,141,3,2.127659574468085
1803,Far North,2016-07-25,2016-07-31,2016-07-31,406,186,7,3.763440860215054
1804,Far North,2016-08-01,2016-08-07,2016-08-07,404,182,3,1.6483516483516485
1805,Far North,2016-08-08,2016-08-14,2016-08-14,208,96,2,2.083333333333333
1806,Far North,2016-08-15,2016-08-21,2016-08-21,462,232,8,3.4482758620689653
1807,Far North,2016-08-22,2016-08-28,2016-08-28,202,116,2,1.7241379310344827
1808,Far North,2016-08-29,2016-09-04,2016-09-04,157,23,1,4.3478260869565215
1809,Far North,2016-09-05,2016-09-11,2016-09-11,535,227,3,1.3215859030837005
1810,Far North,2016-09-12,2016-09-18,2016-09-18,963,443,8,1.805869074492099
1811,Far North,2016-09-19,2016-09-25,2016-09-25,423,116,2,1.7241379310344827
1812,Far North,2016-09-26,2016-10-02,2016-10-02,562,125,0,0.0
1813,Far North,2016-10-03,2016-10-09,2016-10-09,325,134,4,2.9850746268656714
1814,Far North,2016-10-10,2016-10-16,2016-10-16,27,0,0,0.0
1815,Far North,2016-10-17,2016-10-23,2016-10-23,289,37,1,2.7027027027027026
1816,Far North,2016-10-24,2016-10-30,2016-10-30,255,37,0,0.0
1817,Far North,2016-10-31,2016-11-06,2016-11-06,0,0,0,0.0
1818,Far North,2016-11-07,2016-11-13,2016-11-13,48,0,0,0.0
1819,Far North,2016-11-14,2016-11-20,2016-11-20,290,82,0,0.0
1820,Far North,2016-11-21,2016-11-27,2016-11-27,50,21,1,4.761904761904762
1821,Far North,2016-11-28,2016-12-04,2016-12-04,0,0,0,0.0
1822,Far North,2016-12-05,2016-12-11,2016-12-11,69,13,0,0.0
1823,Far North,2016-12-12,2016-12-18,2016-12-18,51,5,0,0.0
1824,Far North,2016-12-19,2016-12-25,2016-12-25,64,4,0,0.0
1825,Far North,2016-12-26,2017-01-01,2017-01-01,0,0,0,0.0
1826,Far North,2017-01-02,2017-01-08,2017-01-08,0,0,0,0.0
1827,Far North,2017-01-09,2017-01-15,2017-01-15,228,25,0,0.0
1828,Far North,2017-01-16,2017-01-22,2017-01-22,189,26,0,0.0
1829,Far North,2017-01-23,2017-01-29,2017-01-29,134,64,3,4.6875
1830,Far North,2017-01-30,2017-02-05,2017-02-05,0,0,0,0.0
1831,Far North,2017-02-06,2017-02-12,2017-02-12,93,0,0,0.0
1832,Far North,2017-02-13,2017-02-19,2017-02-19,33,12,0,0.0
1833,Far North,2017-02-20,2017-02-26,2017-02-26,195,28,0,0.0
1834,Far North,2017-02-27,2017-03-05,2017-03-05,48,22,0,0.0
1835,Far North,2017-03-06,2017-03-12,2017-03-12,124,55,1,1.8181818181818181
1836,Far North,2017-03-13,2017-03-19,2017-03-19,86,12,0,0.0
1837,Far North,2017-03-20,2017-03-26,2017-03-26,250,69,1,1.4492753623188406
1838,Far North,2017-03-27,2017-04-02,2017-04-02,0,0,0,0.0
1839,Far North,2017-04-03,2017-04-09,2017-04-09,0,0,0,0.0
1840,Far North,2017-04-10,2017-04-16,2017-04-16,318,94,1,1.0638297872340425
1841,Far North,2017-04-17,2017-04-23,2017-04-23,75,35,0,0.0
1842,Far North,2017-04-24,2017-04-30,2017-04-30,98,45,1,2.2222222222222223
1843,Far North,2017-05-01,2017-05-07,2017-05-07,138,43,2,4.651162790697675
1844,Far North,2017-05-08,2017-05-14,2017-05-14,58,29,0,0.0
1845,Far North,2017-05-15,2017-05-21,2017-05-21,126,3,0,0.0
1846,Far North,2017-05-22,2017-05-28,2017-05-28,136,58,1,1.7241379310344827
1847,Far North,2017-05-29,2017-06-04,2017-06-04,815,321,5,1.557632398753894
1848,Far North,2017-06-05,2017-06-11,2017-06-11,122,15,0,0.0
1849,Far North,2017-06-12,2017-06-18,2017-06-18,808,157,1,0.6369426751592357
1850,Far North,2017-06-19,2017-06-25,2017-06-25,431,175,2,1.1428571428571428
1851,Far North,2017-06-26,2017-07-02,2017-07-02,261,122,1,0.819672131147541
1852,Far North,2017-07-03,2017-07-09,2017-07-09,273,127,2,1.574803149606299
1853,Far North,2017-07-10,2017-07-16,2017-07-16,308,100,2,2.0
1854,Far North,2017-07-17,2017-07-23,2017-07-23,230,58,1,1.7241379310344827
1855,Far North,2017-07-24,2017-07-30,2017-07-30,385,106,3,2.8301886792452833
1856,Far North,2017-07-31,2017-08-06,2017-08-06,1032,465,8,1.7204301075268817
1857,Far North,2017-08-07,2017-08-13,2017-08-13,389,192,4,2.083333333333333
1858,Far North,2017-08-14,2017-08-20,2017-08-20,71,45,1,2.2222222222222223
1859,Far North,2017-08-21,2017-08-27,2017-08-27,331,98,1,1.0204081632653061
1860,Far North,2017-08-28,2017-09-03,2017-09-03,355,202,2,0.9900990099009901
1861,Far North,2017-09-04,2017-09-10,2017-09-10,44,24,1,4.166666666666666
1862,Far North,2017-09-11,2017-09-17,2017-09-17,207,131,2,1.5267175572519083
1863,Far North,2017-09-18,2017-09-24,2017-09-24,480,201,2,0.9950248756218906
1864,Far North,2017-09-25,2017-10-01,2017-10-01,296,98,2,2.0408163265306123
1865,Far North,2017-10-02,2017-10-08,2017-10-08,0,0,0,0.0
1866,Far North,2017-10-09,2017-10-15,2017-10-15,703,258,7,2.7131782945736433
1867,Far North,2017-10-16,2017-10-22,2017-10-22,252,47,0,0.0
1868,Far North,2017-10-23,2017-10-29,2017-10-29,170,38,1,2.631578947368421
1869,Far North,2017-10-30,2017-11-05,2017-11-05,437,78,2,2.564102564102564
1870,Far North,2017-11-06,2017-11-12,2017-11-12,101,46,0,0.0
1871,Far North,2017-11-13,2017-11-19,2017-11-19,106,21,0,0.0
1872,Far North,2017-11-20,2017-11-26,2017-11-26,60,20,0,0.0
1873,Far North,2017-11-27,2017-12-03,2017-12-03,46,21,0,0.0
1874,Far North,2017-12-04,2017-12-10,2017-12-10,58,17,0,0.0
1875,Far North,2017-12-11,2017-12-17,2017-12-17,31,7,0,0.0
1876,Far North,2017-12-18,2017-12-24,2017-12-24,150,67,1,1.4925373134328357
1877,Far North,2017-12-25,2017-12-31,2017-12-31,185,66,1,1.5151515151515151
1878,Far North,2018-01-01,2018-01-07,2018-01-07,153,21,0,0.0
1879,Far North,2018-01-01,2018-12-30,2018-12-30,64,7,0,0.0
1880,Far North,2018-01-08,2018-01-14,2018-01-14,49,12,0,0.0
1881,Far North,2018-01-15,2018-01-21,2018-01-21,68,0,0,0.0
1882,Far North,2018-01-22,2018-01-28,2018-01-28,70,29,0,0.0
1883,Far North,2018-01-29,2018-02-04,2018-02-04,42,15,1,6.666666666666667
1884,Far North,2018-02-05,2018-02-11,2018-02-11,60,0,0,0.0
1885,Far North,2018-02-12,2018-02-18,2018-02-18,60,0,0,0.0
1886,Far North,2018-02-19,2018-02-25,2018-02-25,0,0,0,0.0
1887,Far North,2018-02-26,2018-03-04,2018-03-04,169,53,0,0.0
1888,Far North,2018-03-05,2018-03-11,2018-03-11,64,18,0,0.0
1889,Far North,2018-03-12,2018-03-18,2018-03-18,53,12,0,0.0
1890,Far North,2018-03-19,2018-03-25,2018-03-25,248,100,1,1.0
1891,Far North,2018-03-26,2018-04-01,2018-04-01,252,22,1,4.545454545454546
1892,Far North,2018-04-02,2018-04-08,2018-04-08,39,0,0,0.0
1893,Far North,2018-04-09,2018-04-15,2018-04-15,0,0,0,0.0
1894,Far North,2018-04-16,2018-04-22,2018-04-22,124,8,0,0.0
1895,Far North,2018-04-23,2018-04-29,2018-04-29,368,141,3,2.127659574468085
1896,Far North,2018-04-30,2018-05-06,2018-05-06,203,115,1,0.8695652173913043
1897,Far North,2018-05-07,2018-05-13,2018-05-13,413,65,2,3.076923076923077
1898,Far North,2018-05-14,2018-05-20,2018-05-20,330,82,2,2.4390243902439024
1899,Far North,2018-05-21,2018-05-27,2018-05-27,173,61,2,3.278688524590164
1900,Far North,2018-05-28,2018-06-03,2018-06-03,438,141,2,1.4184397163120568
1901,Far North,2018-06-04,2018-06-10,2018-06-10,326,107,2,1.8691588785046727
1902,Far North,2018-06-11,2018-06-17,2018-06-17,150,19,0,0.0
1903,Far North,2018-06-18,2018-06-24,2018-06-24,360,63,1,1.5873015873015872
1904,Far North,2018-06-25,2018-07-01,2018-07-01,64,24,1,4.166666666666666
1905,Far North,2018-07-02,2018-07-08,2018-07-08,413,74,1,1.3513513513513513
1906,Far North,2018-07-09,2018-07-15,2018-07-15,937,425,7,1.647058823529412
1907,Far North,2018-07-16,2018-07-22,2018-07-22,321,189,2,1.0582010582010581
1908,Far North,2018-07-23,2018-07-29,2018-07-29,155,31,0,0.0
1909,Far North,2018-07-30,2018-08-05,2018-08-05,0,0,0,0.0
1910,Far North,2018-08-06,2018-08-12,2018-08-12,891,413,9,2.1791767554479415
1911,Far North,2018-08-13,2018-08-19,2018-08-19,760,50,1,2.0
1912,Far North,2018-08-20,2018-08-26,2018-08-26,490,105,1,0.9523809523809524
1913,Far North,2018-08-27,2018-09-02,2018-09-02,444,137,3,2.18978102189781
1914,Far North,2018-09-03,2018-09-09,2018-09-09,81,52,1,1.9230769230769231
1915,Far North,2018-09-10,2018-09-16,2018-09-16,207,122,2,1.639344262295082
1916,Far North,2018-09-17,2018-09-23,2018-09-23,481,15,0,0.0
1917,Far North,2018-09-24,2018-09-30,2018-09-30,209,26,1,3.8461538461538463
1918,Far North,2018-10-01,2018-10-07,2018-10-07,171,42,1,2.380952380952381
1919,Far North,2018-10-04,2020-01-09,2020-01-09,629,0,0,0.0
1920,Far North,2018-10-04,2020-01-20,2020-01-20,629,0,0,0.0
1921,Far North,2018-10-04,2020-01-26,2020-01-26,855,420,27,6.428571428571428
1922,Far North,2018-10-08,2018-10-14,2018-10-14,130,47,1,2.127659574468085
1923,Far North,2018-10-15,2018-10-21,2018-10-21,251,67,0,0.0
1924,Far North,2018-10-22,2018-10-28,2018-10-28,257,128,2,1.5625
1925,Far North,2018-10-29,2018-11-04,2018-11-04,53,17,0,0.0
1926,Far North,2018-11-05,2018-11-11,2018-11-11,134,34,0,0.0
1927,Far North,2018-11-12,2018-11-18,2018-11-18,87,4,0,0.0
1928,Far North,2018-11-19,2018-11-25,2018-11-25,101,36,0,0.0
1929,Far North,2018-11-26,2018-12-02,2018-12-02,100,29,0,0.0
1930,Far North,2018-12-03,2018-12-09,2018-12-09,60,26,1,3.8461538461538463
1931,Far North,2018-12-10,2018-12-16,2018-12-16,34,10,0,0.0
1932,Far North,2018-12-17,2018-12-23,2018-12-23,84,18,0,0.0
1933,Far North,2018-12-24,2018-12-30,2018-12-30,0,0,0,0.0
1934,Far North,2018-12-31,2019-01-06,2019-01-06,78,21,0,0.0
1935,Far North,2018-12-31,2019-12-29,2019-12-29,365,75,1,1.3333333333333335
1936,Far North,2019-01-01,2019-12-31,2019-12-31,700,145,11,7.586206896551724
1937,Far North,2019-01-07,2019-01-13,2019-01-13,49,25,1,4.0
1938,Far North,2019-01-14,2019-01-20,2019-01-20,28,16,0,0.0
1939,Far North,2019-01-21,2019-01-27,2019-01-27,33,13,0,0.0
1940,Far North,2019-01-28,2019-02-03,2019-02-03,0,0,0,0.0
1941,Far North,2019-02-04,2019-02-10,2019-02-10,74,33,0,0.0
1942,Far North,2019-02-11,2019-02-17,2019-02-17,69,17,0,0.0
1943,Far North,2019-02-18,2019-02-24,2019-02-24,186,63,1,1.5873015873015872
1944,Far North,2019-02-25,2019-03-03,2019-03-03,86,17,0,0.0
1945,Far North,2019-03-04,2019-03-10,2019-03-10,67,11,0,0.0
1946,Far North,2019-03-11,2019-03-17,2019-03-17,184,97,3,3.0927835051546393
1947,Far North,2019-03-18,2019-03-24,2019-03-24,42,22,0,0.0
1948,Far North,2019-05-13,2019-05-19,2019-05-19,239,144,4,2.7777777777777777
1949,Far North,2019-07-01,2019-07-07,2019-07-07,0,0,0,0.0
1950,Far North,2019-07-08,2019-07-14,2019-07-14,46,29,0,0.0
1951,Far North,2019-07-15,2019-07-21,2019-07-21,97,0,0,0.0
1952,Far North,2019-07-22,2019-07-28,2019-07-28,78,29,1,3.4482758620689653
1953,Far North,2019-07-29,2019-08-04,2019-08-04,244,20,1,5.0
1954,Far North,2019-08-05,2019-08-11,2019-08-11,33,21,0,0.0
1955,Far North,2019-08-12,2019-08-18,2019-08-18,143,82,1,1.2195121951219512
1956,Far North,2019-08-19,2019-08-25,2019-08-25,222,119,3,2.5210084033613445
1957,Far North,2019-08-26,2019-09-01,2019-09-01,362,216,3,1.3888888888888888
1958,Far North,2019-09-02,2019-09-08,2019-09-08,188,63,1,1.5873015873015872
1959,Far North,2019-09-09,2019-09-15,2019-09-15,44,0,0,0.0
1960,Far North,2019-09-16,2019-09-22,2019-09-22,82,35,1,2.857142857142857
1961,Far North,2019-09-23,2019-09-29,2019-09-29,148,83,2,2.4096385542168677
1962,Far North,2019-09-30,2019-10-06,2019-10-06,0,0,0,0.0
1963,Far North,2019-10-07,2019-10-13,2019-10-13,464,192,3,1.5625
1964,Far North,2019-10-14,2019-10-20,2019-10-20,62,0,0,0.0
1965,Far North,2019-10-21,2019-10-27,2019-10-27,557,170,5,2.941176470588235
1966,Far North,2019-10-28,2019-11-03,2019-11-03,40,0,0,0.0
1967,Far North,2019-11-04,2019-11-10,2019-11-10,24,0,0,0.0
1968,Far North,2019-11-18,2019-11-24,2019-11-24,50,13,0,0.0
1969,Littoral,2010-01-04,2010-01-10,2010-01-10,103,12,0,0.0
1970,Littoral,2010-01-11,2010-01-17,2010-01-17,52,0,0,0.0
1971,Littoral,2010-01-18,2010-01-24,2010-01-24,70,0,0,0.0
1972,Littoral,2010-01-25,2010-01-31,2010-01-31,97,2,0,0.0
1973,Littoral,2010-02-01,2010-02-07,2010-02-07,246,52,1,1.9230769230769231
1974,Littoral,2010-02-08,2010-02-14,2010-02-14,116,63,1,1.5873015873015872
1975,Littoral,2010-02-15,2010-02-21,2010-02-21,155,0,0,0.0
1976,Littoral,2010-02-22,2010-02-28,2010-02-28,132,0,0,0.0
1977,Littoral,2010-03-01,2010-03-07,2010-03-07,150,36,0,0.0
1978,Littoral,2010-03-08,2010-03-14,2010-03-14,113,31,0,0.0
1979,Littoral,2010-03-15,2010-03-21,2010-03-21,54,19,0,0.0
1980,Littoral,2010-03-22,2010-03-28,2010-03-28,40,22,0,0.0
1981,Littoral,2010-03-29,2010-04-04,2010-04-04,0,0,0,0.0
1982,Littoral,2010-04-05,2010-04-11,2010-04-11,119,17,0,0.0
1983,Littoral,2010-04-12,2010-04-18,2010-04-18,62,30,0,0.0
1984,Littoral,2010-04-19,2010-04-25,2010-04-25,206,15,0,0.0
1985,Littoral,2010-04-26,2010-05-02,2010-05-02,392,108,2,1.8518518518518516
1986,Littoral,2010-05-03,2010-05-09,2010-05-09,2,1,0,0.0
1987,Littoral,2010-05-10,2010-05-16,2010-05-16,0,0,0,0.0
1988,Littoral,2010-05-17,2010-05-23,2010-05-23,152,2,0,0.0
1989,Littoral,2010-05-24,2010-05-30,2010-05-30,46,19,0,0.0
1990,Littoral,2010-05-31,2010-06-06,2010-06-06,56,26,0,0.0
1991,Littoral,2010-06-07,2010-06-13,2010-06-13,0,0,0,0.0
1992,Littoral,2010-06-14,2010-06-20,2010-06-20,25,13,0,0.0
1993,Littoral,2010-06-21,2010-06-27,2010-06-27,0,0,0,0.0
1994,Littoral,2010-06-28,2010-07-04,2010-07-04,86,60,0,0.0
1995,Littoral,2010-07-05,2010-07-11,2010-07-11,0,0,0,0.0
1996,Littoral,2010-07-12,2010-07-18,2010-07-18,66,45,1,2.2222222222222223
1997,Littoral,2010-07-19,2010-07-25,2010-07-25,842,196,6,3.061224489795918
1998,Littoral,2010-07-26,2010-08-01,2010-08-01,326,117,2,1.7094017094017095
1999,Littoral,2010-08-02,2010-08-08,2010-08-08,260,88,1,1.1363636363636365
2000,Littoral,2010-08-09,2010-08-15,2010-08-15,430,90,2,2.2222222222222223
2001,Littoral,2010-08-16,2010-08-22,2010-08-22,160,58,1,1.7241379310344827
2002,Littoral,2010-08-23,2010-08-29,2010-08-29,141,26,1,3.8461538461538463
2003,Littoral,2010-08-30,2010-09-05,2010-09-05,0,0,0,0.0
2004,Littoral,2010-09-06,2010-09-12,2010-09-12,532,176,3,1.7045454545454544
2005,Littoral,2010-09-13,2010-09-19,2010-09-19,193,50,1,2.0
2006,Littoral,2010-09-20,2010-09-26,2010-09-26,503,205,2,0.975609756097561
2007,Littoral,2010-09-27,2010-10-03,2010-10-03,549,122,2,1.639344262295082
2008,Littoral,2010-10-04,2010-10-10,2010-10-10,353,100,3,3.0
2009,Littoral,2010-10-11,2010-10-17,2010-10-17,262,75,5,6.666666666666667
2010,Littoral,2010-10-18,2010-10-24,2010-10-24,398,61,0,0.0
2011,Littoral,2010-10-25,2010-10-31,2010-10-31,283,103,1,0.9708737864077669
2012,Littoral,2010-11-01,2010-11-07,2010-11-07,533,267,11,4.119850187265917
2013,Littoral,2010-11-08,2010-11-14,2010-11-14,490,151,2,1.3245033112582782
2014,Littoral,2010-11-15,2010-11-21,2010-11-21,351,152,1,0.6578947368421052
2015,Littoral,2010-11-22,2010-11-28,2010-11-28,0,0,0,0.0
2016,Littoral,2010-11-29,2010-12-05,2010-12-05,39,21,0,0.0
2017,Littoral,2010-12-06,2010-12-12,2010-12-12,20,5,0,0.0
2018,Littoral,2010-12-13,2010-12-19,2010-12-19,0,0,0,0.0
2019,Littoral,2010-12-20,2010-12-26,2010-12-26,0,0,0,0.0
2020,Littoral,2010-12-27,2011-01-02,2011-01-02,24,11,0,0.0
2021,Littoral,2011-01-01,2011-09-22,2011-09-22,1632,648,23,3.5493827160493825
2022,Littoral,2011-01-03,2011-01-09,2011-01-09,162,47,1,2.127659574468085
2023,Littoral,2011-01-10,2011-01-16,2011-01-16,174,48,2,4.166666666666666
2024,Littoral,2011-01-17,2011-01-23,2011-01-23,201,28,1,3.571428571428571
2025,Littoral,2011-01-24,2011-01-30,2011-01-30,177,78,1,1.282051282051282
2026,Littoral,2011-01-31,2011-02-06,2011-02-06,328,101,3,2.9702970297029703
2027,Littoral,2011-02-07,2011-02-13,2011-02-13,222,99,2,2.0202020202020203
2028,Littoral,2011-02-14,2011-02-20,2011-02-20,405,100,1,1.0
2029,Littoral,2011-02-21,2011-02-27,2011-02-27,675,183,4,2.185792349726776
2030,Littoral,2011-02-28,2011-03-06,2011-03-06,382,155,2,1.2903225806451613
2031,Littoral,2011-03-07,2011-03-13,2011-03-13,387,149,4,2.684563758389262
2032,Littoral,2011-03-14,2011-03-20,2011-03-20,288,100,5,5.0
2033,Littoral,2011-03-21,2011-03-27,2011-03-27,301,52,0,0.0
2034,Littoral,2011-03-28,2011-04-03,2011-04-03,324,122,1,0.819672131147541
2035,Littoral,2011-04-04,2011-04-10,2011-04-10,378,157,4,2.547770700636943
2036,Littoral,2011-04-11,2011-04-17,2011-04-17,213,70,1,1.4285714285714286
2037,Littoral,2011-04-18,2011-04-24,2011-04-24,385,196,3,1.530612244897959
2038,Littoral,2011-04-25,2011-05-01,2011-05-01,311,79,1,1.2658227848101267
2039,Littoral,2011-05-02,2011-05-08,2011-05-08,371,159,3,1.8867924528301887
2040,Littoral,2011-05-09,2011-05-15,2011-05-15,284,55,1,1.8181818181818181
2041,Littoral,2011-05-16,2011-05-22,2011-05-22,156,0,0,0.0
2042,Littoral,2011-05-23,2011-05-29,2011-05-29,390,86,2,2.3255813953488373
2043,Littoral,2011-05-30,2011-06-05,2011-06-05,427,145,4,2.7586206896551726
2044,Littoral,2011-06-06,2011-06-12,2011-06-12,741,338,6,1.7751479289940828
2045,Littoral,2011-06-13,2011-06-19,2011-06-19,545,278,4,1.4388489208633095
2046,Littoral,2011-06-20,2011-06-26,2011-06-26,613,182,3,1.6483516483516485
2047,Littoral,2011-06-27,2011-07-03,2011-07-03,1338,479,10,2.0876826722338206
2048,Littoral,2011-07-04,2011-07-10,2011-07-10,528,191,3,1.5706806282722512
2049,Littoral,2011-07-11,2011-07-17,2011-07-17,457,194,5,2.5773195876288657
2050,Littoral,2011-07-18,2011-07-24,2011-07-24,301,69,1,1.4492753623188406
2051,Littoral,2011-07-25,2011-07-31,2011-07-31,633,188,4,2.127659574468085
2052,Littoral,2011-08-01,2011-08-07,2011-08-07,486,160,0,0.0
2053,Littoral,2011-08-08,2011-08-14,2011-08-14,594,114,2,1.7543859649122806
2054,Littoral,2011-08-15,2011-08-21,2011-08-21,723,184,2,1.0869565217391304
2055,Littoral,2011-08-22,2011-08-28,2011-08-28,534,158,3,1.89873417721519
2056,Littoral,2011-08-29,2011-09-04,2011-09-04,644,172,4,2.3255813953488373
2057,Littoral,2011-09-05,2011-09-11,2011-09-11,738,273,4,1.465201465201465
2058,Littoral,2011-09-12,2011-09-18,2011-09-18,477,155,4,2.5806451612903225
2059,Littoral,2011-09-19,2011-09-25,2011-09-25,538,139,5,3.597122302158273
2060,Littoral,2011-09-26,2011-10-02,2011-10-02,308,147,5,3.4013605442176873
2061,Littoral,2011-10-03,2011-10-09,2011-10-09,516,133,7,5.263157894736842
2062,Littoral,2011-10-10,2011-10-16,2011-10-16,1032,454,12,2.643171806167401
2063,Littoral,2011-10-17,2011-10-23,2011-10-23,655,207,4,1.932367149758454
2064,Littoral,2011-10-24,2011-10-30,2011-10-30,976,376,7,1.8617021276595744
2065,Littoral,2011-10-31,2011-11-06,2011-11-06,593,211,2,0.9478672985781991
2066,Littoral,2011-11-07,2011-11-13,2011-11-13,671,169,6,3.5502958579881656
2067,Littoral,2011-11-14,2011-11-20,2011-11-20,329,113,2,1.7699115044247788
2068,Littoral,2011-11-21,2011-11-27,2011-11-27,91,40,0,0.0
2069,Littoral,2011-11-28,2011-12-04,2011-12-04,185,82,1,1.2195121951219512
2070,Littoral,2011-12-05,2011-12-11,2011-12-11,123,51,1,1.9607843137254901
2071,Littoral,2011-12-12,2011-12-18,2011-12-18,234,41,2,4.878048780487805
2072,Littoral,2011-12-19,2011-12-25,2011-12-25,230,20,0,0.0
2073,Littoral,2011-12-26,2012-01-01,2012-01-01,126,40,2,5.0
2074,Littoral,2012-01-02,2012-01-08,2012-01-08,92,4,0,0.0
2075,Littoral,2012-01-09,2012-01-15,2012-01-15,166,44,1,2.272727272727273
2076,Littoral,2012-01-16,2012-01-22,2012-01-22,108,22,0,0.0
2077,Littoral,2012-01-23,2012-01-29,2012-01-29,201,85,2,2.3529411764705883
2078,Littoral,2012-01-30,2012-02-05,2012-02-05,246,64,2,3.125
2079,Littoral,2012-02-06,2012-02-12,2012-02-12,49,0,0,0.0
2080,Littoral,2012-02-13,2012-02-19,2012-02-19,165,46,1,2.1739130434782608
2081,Littoral,2012-02-20,2012-02-26,2012-02-26,24,0,0,0.0
2082,Littoral,2012-02-27,2012-03-04,2012-03-04,24,11,0,0.0
2083,Littoral,2012-03-05,2012-03-11,2012-03-11,88,23,1,4.3478260869565215
2084,Littoral,2012-03-12,2012-03-18,2012-03-18,156,57,0,0.0
2085,Littoral,2012-03-19,2012-03-25,2012-03-25,0,0,0,0.0
2086,Littoral,2012-03-26,2012-04-01,2012-04-01,123,70,1,1.4285714285714286
2087,Littoral,2012-04-02,2012-04-08,2012-04-08,32,14,0,0.0
2088,Littoral,2012-04-09,2012-04-15,2012-04-15,240,103,1,0.9708737864077669
2089,Littoral,2012-04-16,2012-04-22,2012-04-22,139,30,1,3.3333333333333335
2090,Littoral,2012-04-23,2012-04-29,2012-04-29,0,0,0,0.0
2091,Littoral,2012-04-30,2012-05-06,2012-05-06,368,63,1,1.5873015873015872
2092,Littoral,2012-05-07,2012-05-13,2012-05-13,128,40,1,2.5
2093,Littoral,2012-05-14,2012-05-20,2012-05-20,20,9,0,0.0
2094,Littoral,2012-05-21,2012-05-27,2012-05-27,48,32,0,0.0
2095,Littoral,2012-05-28,2012-06-03,2012-06-03,189,101,1,0.9900990099009901
2096,Littoral,2012-06-04,2012-06-10,2012-06-10,56,30,0,0.0
2097,Littoral,2012-06-11,2012-06-17,2012-06-17,159,33,1,3.0303030303030303
2098,Littoral,2012-06-18,2012-06-24,2012-06-24,219,85,2,2.3529411764705883
2099,Littoral,2012-06-25,2012-07-01,2012-07-01,291,91,3,3.296703296703297
2100,Littoral,2012-07-02,2012-07-08,2012-07-08,468,154,2,1.2987012987012987
2101,Littoral,2012-07-09,2012-07-15,2012-07-15,288,32,0,0.0
2102,Littoral,2012-07-16,2012-07-22,2012-07-22,316,142,3,2.112676056338028
2103,Littoral,2012-07-23,2012-07-29,2012-07-29,120,38,0,0.0
2104,Littoral,2012-07-30,2012-08-05,2012-08-05,270,54,1,1.8518518518518516
2105,Littoral,2012-08-06,2012-08-12,2012-08-12,227,36,0,0.0
2106,Littoral,2012-08-13,2012-08-19,2012-08-19,37,0,0,0.0
2107,Littoral,2012-08-20,2012-08-26,2012-08-26,76,35,1,2.857142857142857
2108,Littoral,2012-08-27,2012-09-02,2012-09-02,262,105,1,0.9523809523809524
2109,Littoral,2012-09-03,2012-09-09,2012-09-09,796,195,5,2.564102564102564
2110,Littoral,2012-09-10,2012-09-16,2012-09-16,0,0,0,0.0
2111,Littoral,2012-09-17,2012-09-23,2012-09-23,134,75,2,2.666666666666667
2112,Littoral,2012-09-24,2012-09-30,2012-09-30,131,64,0,0.0
2113,Littoral,2012-10-01,2012-10-07,2012-10-07,76,0,1,0.0
2114,Littoral,2012-10-08,2012-10-14,2012-10-14,306,120,1,0.8333333333333334
2115,Littoral,2012-10-15,2012-10-21,2012-10-21,335,154,2,1.2987012987012987
2116,Littoral,2012-10-22,2012-10-28,2012-10-28,154,69,1,1.4492753623188406
2117,Littoral,2012-10-29,2012-11-04,2012-11-04,149,75,2,2.666666666666667
2118,Littoral,2012-11-05,2012-11-11,2012-11-11,61,40,1,2.5
2119,Littoral,2012-11-12,2012-11-18,2012-11-18,97,16,0,0.0
2120,Littoral,2012-11-19,2012-11-25,2012-11-25,306,93,1,1.0752688172043012
2121,Littoral,2012-11-26,2012-12-02,2012-12-02,50,25,0,0.0
2122,Littoral,2012-12-03,2012-12-09,2012-12-09,128,25,0,0.0
2123,Littoral,2012-12-10,2012-12-16,2012-12-16,9,5,0,0.0
2124,Littoral,2012-12-17,2012-12-23,2012-12-23,0,0,0,0.0
2125,Littoral,2012-12-24,2012-12-30,2012-12-30,85,34,0,0.0
2126,Littoral,2012-12-31,2013-01-06,2013-01-06,0,0,0,0.0
2127,Littoral,2013-01-07,2013-01-13,2013-01-13,28,11,0,0.0
2128,Littoral,2013-01-14,2013-01-20,2013-01-20,89,47,0,0.0
2129,Littoral,2013-01-21,2013-01-27,2013-01-27,66,22,0,0.0
2130,Littoral,2013-01-28,2013-02-03,2013-02-03,62,15,0,0.0
2131,Littoral,2013-02-04,2013-02-10,2013-02-10,164,45,1,2.2222222222222223
2132,Littoral,2013-02-11,2013-02-17,2013-02-17,0,0,0,0.0
2133,Littoral,2013-02-18,2013-02-24,2013-02-24,104,7,0,0.0
2134,Littoral,2013-02-25,2013-03-03,2013-03-03,125,34,0,0.0
2135,Littoral,2013-03-04,2013-03-10,2013-03-10,184,14,0,0.0
2136,Littoral,2013-03-11,2013-03-17,2013-03-17,431,146,3,2.054794520547945
2137,Littoral,2013-03-18,2013-03-24,2013-03-24,78,46,1,2.1739130434782608
2138,Littoral,2013-03-25,2013-03-31,2013-03-31,196,86,1,1.1627906976744187
2139,Littoral,2013-04-01,2013-04-07,2013-04-07,36,17,0,0.0
2140,Littoral,2013-04-08,2013-04-14,2013-04-14,472,173,3,1.7341040462427744
2141,Littoral,2013-04-15,2013-04-21,2013-04-21,47,23,0,0.0
2142,Littoral,2013-04-22,2013-04-28,2013-04-28,254,96,2,2.083333333333333
2143,Littoral,2013-04-29,2013-05-05,2013-05-05,60,19,0,0.0
2144,Littoral,2013-05-06,2013-05-12,2013-05-12,159,76,1,1.3157894736842104
2145,Littoral,2013-05-13,2013-05-19,2013-05-19,177,72,1,1.3888888888888888
2146,Littoral,2013-05-20,2013-05-26,2013-05-26,292,164,3,1.8292682926829267
2147,Littoral,2013-05-27,2013-06-02,2013-06-02,80,47,0,0.0
2148,Littoral,2013-06-03,2013-06-09,2013-06-09,174,53,1,1.8867924528301887
2149,Littoral,2013-06-10,2013-06-16,2013-06-16,52,0,0,0.0
2150,Littoral,2013-06-17,2013-06-23,2013-06-23,886,511,10,1.9569471624266144
2151,Littoral,2013-06-24,2013-06-30,2013-06-30,119,73,2,2.73972602739726
2152,Littoral,2013-07-01,2013-07-07,2013-07-07,358,77,1,1.2987012987012987
2153,Littoral,2013-07-08,2013-07-14,2013-07-14,152,0,0,0.0
2154,Littoral,2013-07-15,2013-07-21,2013-07-21,51,26,0,0.0
2155,Littoral,2013-07-22,2013-07-28,2013-07-28,135,50,0,0.0
2156,Littoral,2013-07-29,2013-08-04,2013-08-04,121,71,2,2.8169014084507045
2157,Littoral,2013-08-05,2013-08-11,2013-08-11,0,0,0,0.0
2158,Littoral,2013-08-12,2013-08-18,2013-08-18,79,33,0,0.0
2159,Littoral,2013-08-19,2013-08-25,2013-08-25,158,40,0,0.0
2160,Littoral,2013-08-26,2013-09-01,2013-09-01,346,132,5,3.787878787878788
2161,Littoral,2013-09-02,2013-09-08,2013-09-08,26,0,0,0.0
2162,Littoral,2013-09-09,2013-09-15,2013-09-15,336,102,2,1.9607843137254901
2163,Littoral,2013-09-16,2013-09-22,2013-09-22,0,0,0,0.0
2164,Littoral,2013-09-23,2013-09-29,2013-09-29,588,309,4,1.2944983818770228
2165,Littoral,2013-09-30,2013-10-06,2013-10-06,352,101,2,1.9801980198019802
2166,Littoral,2013-10-07,2013-10-13,2013-10-13,0,0,0,0.0
2167,Littoral,2013-10-14,2013-10-20,2013-10-20,583,198,4,2.0202020202020203
2168,Littoral,2013-10-21,2013-10-27,2013-10-27,254,65,0,0.0
2169,Littoral,2013-10-28,2013-11-03,2013-11-03,140,30,0,0.0
2170,Littoral,2013-11-04,2013-11-10,2013-11-10,54,18,0,0.0
2171,Littoral,2013-11-11,2013-11-17,2013-11-17,636,97,2,2.0618556701030926
2172,Littoral,2013-11-18,2013-11-24,2013-11-24,418,75,3,4.0
2173,Littoral,2013-11-25,2013-12-01,2013-12-01,127,44,1,2.272727272727273
2174,Littoral,2013-12-02,2013-12-08,2013-12-08,220,96,0,0.0
2175,Littoral,2013-12-09,2013-12-15,2013-12-15,67,17,0,0.0
2176,Littoral,2013-12-16,2013-12-22,2013-12-22,10,4,0,0.0
2177,Littoral,2013-12-23,2013-12-29,2013-12-29,49,12,0,0.0
2178,Littoral,2013-12-30,2014-01-05,2014-01-05,188,65,1,1.5384615384615385
2179,Littoral,2014-01-06,2014-01-12,2014-01-12,100,46,0,0.0
2180,Littoral,2014-01-13,2014-01-19,2014-01-19,35,13,0,0.0
2181,Littoral,2014-01-20,2014-01-26,2014-01-26,53,23,0,0.0
2182,Littoral,2014-01-27,2014-02-02,2014-02-02,280,32,1,3.125
2183,Littoral,2014-02-03,2014-02-09,2014-02-09,89,35,2,5.714285714285714
2184,Littoral,2014-02-10,2014-02-16,2014-02-16,99,53,2,3.7735849056603774
2185,Littoral,2014-02-17,2014-02-23,2014-02-23,95,18,0,0.0
2186,Littoral,2014-02-24,2014-03-02,2014-03-02,122,53,1,1.8867924528301887
2187,Littoral,2014-03-03,2014-03-09,2014-03-09,124,55,0,0.0
2188,Littoral,2014-03-10,2014-03-16,2014-03-16,225,108,2,1.8518518518518516
2189,Littoral,2014-03-17,2014-03-23,2014-03-23,268,64,0,0.0
2190,Littoral,2014-03-24,2014-03-30,2014-03-30,188,49,1,2.0408163265306123
2191,Littoral,2014-03-31,2014-04-06,2014-04-06,171,69,1,1.4492753623188406
2192,Littoral,2014-04-07,2014-04-13,2014-04-13,225,63,1,1.5873015873015872
2193,Littoral,2014-04-14,2014-04-20,2014-04-20,0,0,0,0.0
2194,Littoral,2014-04-21,2014-04-27,2014-04-27,15,8,0,0.0
2195,Littoral,2014-04-28,2014-05-04,2014-05-04,1018,373,6,1.6085790884718498
2196,Littoral,2014-05-05,2014-05-11,2014-05-11,46,18,0,0.0
2197,Littoral,2014-05-12,2014-05-18,2014-05-18,68,28,0,0.0
2198,Littoral,2014-05-19,2014-05-25,2014-05-25,186,15,0,0.0
2199,Littoral,2014-05-26,2014-06-01,2014-06-01,198,104,5,4.807692307692308
2200,Littoral,2014-06-02,2014-06-08,2014-06-08,312,55,3,5.454545454545454
2201,Littoral,2014-06-09,2014-06-15,2014-06-15,168,67,1,1.4925373134328357
2202,Littoral,2014-06-16,2014-06-22,2014-06-22,192,27,1,3.7037037037037033
2203,Littoral,2014-06-23,2014-06-29,2014-06-29,188,104,2,1.9230769230769231
2204,Littoral,2014-06-30,2014-07-06,2014-07-06,452,278,5,1.7985611510791366
2205,Littoral,2014-07-07,2014-07-13,2014-07-13,55,0,0,0.0
2206,Littoral,2014-07-14,2014-07-20,2014-07-20,399,189,4,2.1164021164021163
2207,Littoral,2014-07-21,2014-07-27,2014-07-27,203,0,0,0.0
2208,Littoral,2014-07-28,2014-08-03,2014-08-03,171,32,1,3.125
2209,Littoral,2014-08-04,2014-08-10,2014-08-10,222,81,2,2.4691358024691357
2210,Littoral,2014-08-11,2014-08-17,2014-08-17,534,193,4,2.072538860103627
2211,Littoral,2014-08-18,2014-08-24,2014-08-24,305,151,2,1.3245033112582782
2212,Littoral,2014-08-25,2014-08-31,2014-08-31,196,96,5,5.208333333333334
2213,Littoral,2014-09-01,2014-09-07,2014-09-07,2,1,0,0.0
2214,Littoral,2014-09-08,2014-09-14,2014-09-14,325,135,3,2.2222222222222223
2215,Littoral,2014-09-15,2014-09-21,2014-09-21,212,64,1,1.5625
2216,Littoral,2014-09-22,2014-09-28,2014-09-28,256,133,2,1.5037593984962405
2217,Littoral,2014-09-29,2014-10-05,2014-10-05,59,18,0,0.0
2218,Littoral,2014-10-06,2014-10-12,2014-10-12,388,194,5,2.5773195876288657
2219,Littoral,2014-10-13,2014-10-19,2014-10-19,53,24,0,0.0
2220,Littoral,2014-10-20,2014-10-26,2014-10-26,259,71,1,1.4084507042253522
2221,Littoral,2014-10-27,2014-11-02,2014-11-02,0,0,0,0.0
2222,Littoral,2014-11-03,2014-11-09,2014-11-09,296,100,2,2.0
2223,Littoral,2014-11-10,2014-11-16,2014-11-16,59,0,0,0.0
2224,Littoral,2014-11-17,2014-11-23,2014-11-23,102,52,1,1.9230769230769231
2225,Littoral,2014-11-24,2014-11-30,2014-11-30,35,0,0,0.0
2226,Littoral,2014-12-01,2014-12-07,2014-12-07,28,14,0,0.0
2227,Littoral,2014-12-08,2014-12-14,2014-12-14,11,0,0,0.0
2228,Littoral,2014-12-15,2014-12-21,2014-12-21,49,7,0,0.0
2229,Littoral,2014-12-22,2014-12-28,2014-12-28,103,25,0,0.0
2230,Littoral,2014-12-29,2015-01-04,2015-01-04,27,15,0,0.0
2231,Littoral,2015-01-05,2015-01-11,2015-01-11,0,0,0,0.0
2232,Littoral,2015-01-12,2015-01-18,2015-01-18,77,18,0,0.0
2233,Littoral,2015-01-19,2015-01-25,2015-01-25,244,77,0,0.0
2234,Littoral,2015-01-26,2015-02-01,2015-02-01,63,26,1,3.8461538461538463
2235,Littoral,2015-02-02,2015-02-08,2015-02-08,28,0,0,0.0
2236,Littoral,2015-02-09,2015-02-15,2015-02-15,27,14,0,0.0
2237,Littoral,2015-02-16,2015-02-22,2015-02-22,77,0,0,0.0
2238,Littoral,2015-02-23,2015-03-01,2015-03-01,0,0,0,0.0
2239,Littoral,2015-03-02,2015-03-08,2015-03-08,78,27,0,0.0
2240,Littoral,2015-03-09,2015-03-15,2015-03-15,188,62,0,0.0
2241,Littoral,2015-03-16,2015-03-22,2015-03-22,0,0,0,0.0
2242,Littoral,2015-03-23,2015-03-29,2015-03-29,52,26,0,0.0
2243,Littoral,2015-03-30,2015-04-05,2015-04-05,133,66,1,1.5151515151515151
2244,Littoral,2015-04-06,2015-04-12,2015-04-12,83,38,0,0.0
2245,Littoral,2015-04-13,2015-04-19,2015-04-19,292,92,1,1.0869565217391304
2246,Littoral,2015-04-20,2015-04-26,2015-04-26,143,16,0,0.0
2247,Littoral,2015-04-27,2015-05-03,2015-05-03,28,0,0,0.0
2248,Littoral,2015-05-04,2015-05-10,2015-05-10,135,38,0,0.0
2249,Littoral,2015-05-11,2015-05-17,2015-05-17,317,74,0,0.0
2250,Littoral,2015-05-18,2015-05-24,2015-05-24,654,226,8,3.5398230088495577
2251,Littoral,2015-05-25,2015-05-31,2015-05-31,223,76,2,2.631578947368421
2252,Littoral,2015-06-01,2015-06-07,2015-06-07,88,21,0,0.0
2253,Littoral,2015-06-08,2015-06-14,2015-06-14,241,137,6,4.37956204379562
2254,Littoral,2015-06-15,2015-06-21,2015-06-21,219,117,3,2.564102564102564
2255,Littoral,2015-06-22,2015-06-28,2015-06-28,139,22,1,4.545454545454546
2256,Littoral,2015-06-29,2015-07-05,2015-07-05,161,69,1,1.4492753623188406
2257,Littoral,2015-07-06,2015-07-12,2015-07-12,545,47,2,4.25531914893617
2258,Littoral,2015-07-13,2015-07-19,2015-07-19,140,55,0,0.0
2259,Littoral,2015-07-20,2015-07-26,2015-07-26,382,232,3,1.293103448275862
2260,Littoral,2015-07-27,2015-08-02,2015-08-02,267,43,1,2.3255813953488373
2261,Littoral,2015-08-03,2015-08-09,2015-08-09,115,33,1,3.0303030303030303
2262,Littoral,2015-08-10,2015-08-16,2015-08-16,883,345,5,1.4492753623188406
2263,Littoral,2015-08-17,2015-08-23,2015-08-23,386,202,5,2.4752475247524752
2264,Littoral,2015-08-24,2015-08-30,2015-08-30,121,8,0,0.0
2265,Littoral,2015-08-31,2015-09-06,2015-09-06,82,42,1,2.380952380952381
2266,Littoral,2015-09-07,2015-09-13,2015-09-13,302,43,1,2.3255813953488373
2267,Littoral,2015-09-14,2015-09-20,2015-09-20,359,83,2,2.4096385542168677
2268,Littoral,2015-09-21,2015-09-27,2015-09-27,596,136,2,1.4705882352941175
2269,Littoral,2015-09-28,2015-10-04,2015-10-04,279,120,2,1.6666666666666667
2270,Littoral,2015-10-05,2015-10-11,2015-10-11,116,51,0,0.0
2271,Littoral,2015-10-12,2015-10-18,2015-10-18,421,232,3,1.293103448275862
2272,Littoral,2015-10-19,2015-10-25,2015-10-25,157,63,1,1.5873015873015872
2273,Littoral,2015-10-26,2015-11-01,2015-11-01,200,87,2,2.2988505747126435
2274,Littoral,2015-11-02,2015-11-08,2015-11-08,392,73,1,1.36986301369863
2275,Littoral,2015-11-09,2015-11-15,2015-11-15,146,70,1,1.4285714285714286
2276,Littoral,2015-11-16,2015-11-22,2015-11-22,74,11,0,0.0
2277,Littoral,2015-11-23,2015-11-29,2015-11-29,68,29,1,3.4482758620689653
2278,Littoral,2015-11-30,2015-12-06,2015-12-06,182,67,0,0.0
2279,Littoral,2015-12-07,2015-12-13,2015-12-13,27,0,0,0.0
2280,Littoral,2015-12-14,2015-12-20,2015-12-20,331,157,3,1.910828025477707
2281,Littoral,2015-12-21,2015-12-27,2015-12-27,0,0,0,0.0
2282,Littoral,2016-01-04,2016-01-10,2016-01-10,87,0,0,0.0
2283,Littoral,2016-01-11,2016-01-17,2016-01-17,76,10,0,0.0
2284,Littoral,2016-01-18,2016-01-24,2016-01-24,76,0,0,0.0
2285,Littoral,2016-01-25,2016-01-31,2016-01-31,0,0,0,0.0
2286,Littoral,2016-02-01,2016-02-07,2016-02-07,132,20,0,0.0
2287,Littoral,2016-02-08,2016-02-14,2016-02-14,188,43,1,2.3255813953488373
2288,Littoral,2016-02-15,2016-02-21,2016-02-21,152,79,2,2.5316455696202533
2289,Littoral,2016-02-22,2016-02-28,2016-02-28,275,18,0,0.0
2290,Littoral,2016-02-29,2016-03-06,2016-03-06,126,47,1,2.127659574468085
2291,Littoral,2016-03-07,2016-03-13,2016-03-13,0,0,0,0.0
2292,Littoral,2016-03-14,2016-03-20,2016-03-20,43,18,1,5.555555555555555
2293,Littoral,2016-03-21,2016-03-27,2016-03-27,413,186,2,1.0752688172043012
2294,Littoral,2016-03-28,2016-04-03,2016-04-03,111,52,1,1.9230769230769231
2295,Littoral,2016-04-04,2016-04-10,2016-04-10,261,21,0,0.0
2296,Littoral,2016-04-11,2016-04-17,2016-04-17,288,45,0,0.0
2297,Littoral,2016-04-18,2016-04-24,2016-04-24,91,40,1,2.5
2298,Littoral,2016-04-25,2016-05-01,2016-05-01,323,0,1,0.0
2299,Littoral,2016-05-02,2016-05-08,2016-05-08,81,38,1,2.631578947368421
2300,Littoral,2016-05-09,2016-05-15,2016-05-15,712,0,0,0.0
2301,Littoral,2016-05-16,2016-05-22,2016-05-22,530,131,4,3.0534351145038165
2302,Littoral,2016-05-23,2016-05-29,2016-05-29,358,110,3,2.727272727272727
2303,Littoral,2016-05-30,2016-06-05,2016-06-05,219,77,0,0.0
2304,Littoral,2016-06-06,2016-06-12,2016-06-12,427,127,0,0.0
2305,Littoral,2016-06-13,2016-06-19,2016-06-19,350,85,2,2.3529411764705883
2306,Littoral,2016-06-20,2016-06-26,2016-06-26,465,117,1,0.8547008547008548
2307,Littoral,2016-06-27,2016-07-03,2016-07-03,108,62,0,0.0
2308,Littoral,2016-07-04,2016-07-10,2016-07-10,210,48,0,0.0
2309,Littoral,2016-07-11,2016-07-17,2016-07-17,244,115,1,0.8695652173913043
2310,Littoral,2016-07-18,2016-07-24,2016-07-24,611,222,3,1.3513513513513513
2311,Littoral,2016-07-25,2016-07-31,2016-07-31,287,84,2,2.380952380952381
2312,Littoral,2016-08-01,2016-08-07,2016-08-07,517,247,3,1.214574898785425
2313,Littoral,2016-08-08,2016-08-14,2016-08-14,462,68,1,1.4705882352941175
2314,Littoral,2016-08-15,2016-08-21,2016-08-21,338,57,0,0.0
2315,Littoral,2016-08-22,2016-08-28,2016-08-28,474,82,1,1.2195121951219512
2316,Littoral,2016-08-29,2016-09-04,2016-09-04,324,158,4,2.5316455696202533
2317,Littoral,2016-09-05,2016-09-11,2016-09-11,312,152,2,1.3157894736842104
2318,Littoral,2016-09-12,2016-09-18,2016-09-18,177,92,2,2.1739130434782608
2319,Littoral,2016-09-19,2016-09-25,2016-09-25,437,302,5,1.6556291390728477
2320,Littoral,2016-09-26,2016-10-02,2016-10-02,110,56,1,1.7857142857142856
2321,Littoral,2016-10-03,2016-10-09,2016-10-09,112,61,1,1.639344262295082
2322,Littoral,2016-10-10,2016-10-16,2016-10-16,153,64,2,3.125
2323,Littoral,2016-10-17,2016-10-23,2016-10-23,221,30,1,3.3333333333333335
2324,Littoral,2016-10-24,2016-10-30,2016-10-30,269,88,2,2.272727272727273
2325,Littoral,2016-10-31,2016-11-06,2016-11-06,202,58,1,1.7241379310344827
2326,Littoral,2016-11-07,2016-11-13,2016-11-13,0,0,0,0.0
2327,Littoral,2016-11-14,2016-11-20,2016-11-20,359,0,0,0.0
2328,Littoral,2016-11-21,2016-11-27,2016-11-27,277,70,1,1.4285714285714286
2329,Littoral,2016-11-28,2016-12-04,2016-12-04,52,14,0,0.0
2330,Littoral,2016-12-05,2016-12-11,2016-12-11,88,26,1,3.8461538461538463
2331,Littoral,2016-12-12,2016-12-18,2016-12-18,290,26,0,0.0
2332,Littoral,2016-12-19,2016-12-25,2016-12-25,105,28,0,0.0
2333,Littoral,2016-12-26,2017-01-01,2017-01-01,61,10,0,0.0
2334,Littoral,2017-01-02,2017-01-08,2017-01-08,29,0,1,0.0
2335,Littoral,2017-01-09,2017-01-15,2017-01-15,45,17,0,0.0
2336,Littoral,2017-01-16,2017-01-22,2017-01-22,35,18,1,5.555555555555555
2337,Littoral,2017-01-23,2017-01-29,2017-01-29,78,3,0,0.0
2338,Littoral,2017-01-30,2017-02-05,2017-02-05,200,60,0,0.0
2339,Littoral,2017-02-06,2017-02-12,2017-02-12,329,85,0,0.0
2340,Littoral,2017-02-13,2017-02-19,2017-02-19,19,9,0,0.0
2341,Littoral,2017-02-20,2017-02-26,2017-02-26,54,20,0,0.0
2342,Littoral,2017-02-27,2017-03-05,2017-03-05,221,28,0,0.0
2343,Littoral,2017-03-06,2017-03-12,2017-03-12,95,0,0,0.0
2344,Littoral,2017-03-13,2017-03-19,2017-03-19,205,79,0,0.0
2345,Littoral,2017-03-20,2017-03-26,2017-03-26,104,43,0,0.0
2346,Littoral,2017-03-27,2017-04-02,2017-04-02,98,64,1,1.5625
2347,Littoral,2017-04-03,2017-04-09,2017-04-09,308,40,1,2.5
2348,Littoral,2017-04-10,2017-04-16,2017-04-16,141,59,2,3.389830508474576
2349,Littoral,2017-04-17,2017-04-23,2017-04-23,133,51,1,1.9607843137254901
2350,Littoral,2017-04-24,2017-04-30,2017-04-30,169,72,1,1.3888888888888888
2351,Littoral,2017-05-01,2017-05-07,2017-05-07,150,70,1,1.4285714285714286
2352,Littoral,2017-05-08,2017-05-14,2017-05-14,136,0,0,0.0
2353,Littoral,2017-05-15,2017-05-21,2017-05-21,0,0,0,0.0
2354,Littoral,2017-05-22,2017-05-28,2017-05-28,393,125,3,2.4
2355,Littoral,2017-05-29,2017-06-04,2017-06-04,263,102,2,1.9607843137254901
2356,Littoral,2017-06-05,2017-06-11,2017-06-11,140,54,1,1.8518518518518516
2357,Littoral,2017-06-12,2017-06-18,2017-06-18,573,335,9,2.6865671641791042
2358,Littoral,2017-06-19,2017-06-25,2017-06-25,252,132,2,1.5151515151515151
2359,Littoral,2017-06-26,2017-07-02,2017-07-02,558,221,3,1.3574660633484164
2360,Littoral,2017-07-03,2017-07-09,2017-07-09,135,65,1,1.5384615384615385
2361,Littoral,2017-07-10,2017-07-16,2017-07-16,264,73,2,2.73972602739726
2362,Littoral,2017-07-17,2017-07-23,2017-07-23,470,208,3,1.4423076923076923
2363,Littoral,2017-07-24,2017-07-30,2017-07-30,30,20,1,5.0
2364,Littoral,2017-07-31,2017-08-06,2017-08-06,84,34,1,2.941176470588235
2365,Littoral,2017-08-07,2017-08-13,2017-08-13,1074,484,9,1.859504132231405
2366,Littoral,2017-08-14,2017-08-20,2017-08-20,301,51,0,0.0
2367,Littoral,2017-08-21,2017-08-27,2017-08-27,277,93,1,1.0752688172043012
2368,Littoral,2017-08-28,2017-09-03,2017-09-03,765,417,6,1.4388489208633095
2369,Littoral,2017-09-04,2017-09-10,2017-09-10,466,200,3,1.5
2370,Littoral,2017-09-11,2017-09-17,2017-09-17,174,47,2,4.25531914893617
2371,Littoral,2017-09-18,2017-09-24,2017-09-24,639,94,3,3.1914893617021276
2372,Littoral,2017-09-25,2017-10-01,2017-10-01,93,39,1,2.564102564102564
2373,Littoral,2017-10-02,2017-10-08,2017-10-08,231,111,1,0.9009009009009009
2374,Littoral,2017-10-09,2017-10-15,2017-10-15,644,236,2,0.847457627118644
2375,Littoral,2017-10-16,2017-10-22,2017-10-22,523,114,1,0.8771929824561403
2376,Littoral,2017-10-23,2017-10-29,2017-10-29,183,101,1,0.9900990099009901
2377,Littoral,2017-10-30,2017-11-05,2017-11-05,0,0,0,0.0
2378,Littoral,2017-11-06,2017-11-12,2017-11-12,279,38,0,0.0
2379,Littoral,2017-11-13,2017-11-19,2017-11-19,185,97,3,3.0927835051546393
2380,Littoral,2017-11-20,2017-11-26,2017-11-26,153,35,1,2.857142857142857
2381,Littoral,2017-11-27,2017-12-03,2017-12-03,21,5,0,0.0
2382,Littoral,2017-12-04,2017-12-10,2017-12-10,12,0,0,0.0
2383,Littoral,2017-12-11,2017-12-17,2017-12-17,32,11,0,0.0
2384,Littoral,2017-12-18,2017-12-24,2017-12-24,72,6,0,0.0
2385,Littoral,2017-12-25,2017-12-31,2017-12-31,54,10,0,0.0
2386,Littoral,2018-01-01,2018-01-07,2018-01-07,55,14,0,0.0
2387,Littoral,2018-01-01,2018-12-30,2018-12-30,381,133,3,2.2556390977443606
2388,Littoral,2018-01-08,2018-01-14,2018-01-14,46,11,0,0.0
2389,Littoral,2018-01-15,2018-01-21,2018-01-21,41,21,0,0.0
2390,Littoral,2018-01-22,2018-01-28,2018-01-28,43,18,0,0.0
2391,Littoral,2018-01-29,2018-02-04,2018-02-04,17,0,0,0.0
2392,Littoral,2018-02-05,2018-02-11,2018-02-11,236,17,0,0.0
2393,Littoral,2018-02-12,2018-02-18,2018-02-18,1,1,0,0.0
2394,Littoral,2018-02-19,2018-02-25,2018-02-25,62,2,0,0.0
2395,Littoral,2018-02-26,2018-03-04,2018-03-04,147,49,0,0.0
2396,Littoral,2018-03-05,2018-03-11,2018-03-11,208,57,2,3.508771929824561
2397,Littoral,2018-03-12,2018-03-18,2018-03-18,88,0,0,0.0
2398,Littoral,2018-03-19,2018-03-25,2018-03-25,115,33,0,0.0
2399,Littoral,2018-03-26,2018-04-01,2018-04-01,129,51,0,0.0
2400,Littoral,2018-04-02,2018-04-08,2018-04-08,19,13,0,0.0
2401,Littoral,2018-04-09,2018-04-15,2018-04-15,208,62,0,0.0
2402,Littoral,2018-04-16,2018-04-22,2018-04-22,303,133,4,3.007518796992481
2403,Littoral,2018-04-23,2018-04-29,2018-04-29,0,0,0,0.0
2404,Littoral,2018-04-30,2018-05-06,2018-05-06,141,51,1,1.9607843137254901
2405,Littoral,2018-05-07,2018-05-13,2018-05-13,125,79,0,0.0
2406,Littoral,2018-05-14,2018-05-20,2018-05-20,240,101,3,2.9702970297029703
2407,Littoral,2018-05-21,2018-05-27,2018-05-27,217,86,1,1.1627906976744187
2408,Littoral,2018-05-28,2018-06-03,2018-06-03,207,65,2,3.076923076923077
2409,Littoral,2018-06-04,2018-06-10,2018-06-10,448,178,2,1.1235955056179776
2410,Littoral,2018-06-11,2018-06-17,2018-06-17,83,28,1,3.571428571428571
2411,Littoral,2018-06-18,2018-06-24,2018-06-24,70,0,0,0.0
2412,Littoral,2018-06-25,2018-07-01,2018-07-01,161,71,1,1.4084507042253522
2413,Littoral,2018-07-02,2018-07-08,2018-07-08,155,41,2,4.878048780487805
2414,Littoral,2018-07-09,2018-07-15,2018-07-15,33,0,0,0.0
2415,Littoral,2018-07-16,2018-07-22,2018-07-22,477,166,2,1.2048192771084338
2416,Littoral,2018-07-23,2018-07-29,2018-07-29,725,210,4,1.9047619047619049
2417,Littoral,2018-07-30,2018-08-05,2018-08-05,252,46,0,0.0
2418,Littoral,2018-08-06,2018-08-12,2018-08-12,240,33,1,3.0303030303030303
2419,Littoral,2018-08-13,2018-08-19,2018-08-19,205,65,1,1.5384615384615385
2420,Littoral,2018-08-20,2018-08-26,2018-08-26,200,86,2,2.3255813953488373
2421,Littoral,2018-08-27,2018-09-02,2018-09-02,696,325,4,1.2307692307692308
2422,Littoral,2018-09-03,2018-09-09,2018-09-09,287,167,5,2.9940119760479043
2423,Littoral,2018-09-10,2018-09-16,2018-09-16,123,51,0,0.0
2424,Littoral,2018-09-17,2018-09-23,2018-09-23,363,132,1,0.7575757575757576
2425,Littoral,2018-09-24,2018-09-30,2018-09-30,284,43,1,2.3255813953488373
2426,Littoral,2018-10-01,2018-10-07,2018-10-07,631,265,4,1.509433962264151
2427,Littoral,2018-10-08,2018-10-14,2018-10-14,776,224,5,2.232142857142857
2428,Littoral,2018-10-15,2018-10-21,2018-10-21,53,0,0,0.0
2429,Littoral,2018-10-22,2018-10-28,2018-10-28,124,65,1,1.5384615384615385
2430,Littoral,2018-10-29,2018-11-04,2018-11-04,272,116,2,1.7241379310344827
2431,Littoral,2018-11-05,2018-11-11,2018-11-11,185,16,0,0.0
2432,Littoral,2018-11-12,2018-11-18,2018-11-18,250,67,1,1.4925373134328357
2433,Littoral,2018-11-19,2018-11-25,2018-11-25,93,33,0,0.0
2434,Littoral,2018-11-26,2018-12-02,2018-12-02,234,124,2,1.6129032258064515
2435,Littoral,2018-12-10,2018-12-16,2018-12-16,29,12,0,0.0
2436,Littoral,2018-12-17,2018-12-23,2018-12-23,0,0,0,0.0
2437,Littoral,2018-12-24,2018-12-30,2018-12-30,20,5,0,0.0
2438,Littoral,2018-12-31,2019-01-06,2019-01-06,0,0,0,0.0
2439,Littoral,2018-12-31,2019-12-29,2019-12-29,157,35,0,0.0
2440,Littoral,2019-01-07,2019-01-13,2019-01-13,0,0,0,0.0
2441,Littoral,2019-01-14,2019-01-20,2019-01-20,0,0,0,0.0
2442,Littoral,2019-01-21,2019-01-27,2019-01-27,208,44,1,2.272727272727273
2443,Littoral,2019-01-28,2019-02-03,2019-02-03,0,0,0,0.0
2444,Littoral,2019-02-04,2019-02-10,2019-02-10,45,0,0,0.0
2445,Littoral,2019-02-11,2019-02-17,2019-02-17,0,0,0,0.0
2446,Littoral,2019-02-18,2019-02-24,2019-02-24,37,0,1,0.0
2447,Littoral,2019-02-25,2019-03-03,2019-03-03,99,24,1,4.166666666666666
2448,Littoral,2019-03-04,2019-03-10,2019-03-10,200,69,1,1.4492753623188406
2449,Littoral,2019-03-11,2019-03-17,2019-03-17,56,11,0,0.0
2450,Littoral,2019-03-18,2019-03-24,2019-03-24,125,47,1,2.127659574468085
2451,Littoral,2019-05-13,2019-05-19,2019-05-19,0,0,0,0.0
2452,Littoral,2020-01-01,2020-01-28,2020-01-28,53,26,2,7.6923076923076925
2453,Littoral,2020-01-04,2020-01-20,2020-01-20,28,0,0,0.0
2454,North,2010-01-04,2010-01-10,2010-01-10,85,44,0,0.0
2455,North,2010-01-11,2010-01-17,2010-01-17,61,24,0,0.0
2456,North,2010-01-18,2010-01-24,2010-01-24,86,36,0,0.0
2457,North,2010-01-25,2010-01-31,2010-01-31,0,0,0,0.0
2458,North,2010-02-01,2010-02-07,2010-02-07,0,0,0,0.0
2459,North,2010-02-08,2010-02-14,2010-02-14,86,30,0,0.0
2460,North,2010-02-15,2010-02-21,2010-02-21,121,37,0,0.0
2461,North,2010-02-22,2010-02-28,2010-02-28,40,21,0,0.0
2462,North,2010-03-01,2010-03-07,2010-03-07,0,0,0,0.0
2463,North,2010-03-08,2010-03-14,2010-03-14,31,17,0,0.0
2464,North,2010-03-15,2010-03-21,2010-03-21,0,0,0,0.0
2465,North,2010-03-22,2010-03-28,2010-03-28,56,14,2,14.285714285714285
2466,North,2010-03-29,2010-04-04,2010-04-04,21,0,0,0.0
2467,North,2010-04-05,2010-04-11,2010-04-11,22,0,1,0.0
2468,North,2010-04-12,2010-04-18,2010-04-18,145,47,1,2.127659574468085
2469,North,2010-04-19,2010-04-25,2010-04-25,239,24,1,4.166666666666666
2470,North,2010-04-26,2010-05-02,2010-05-02,121,13,0,0.0
2471,North,2010-05-03,2010-05-09,2010-05-09,120,64,1,1.5625
2472,North,2010-05-10,2010-05-16,2010-05-16,87,34,0,0.0
2473,North,2010-05-17,2010-05-23,2010-05-23,0,0,0,0.0
2474,North,2010-05-24,2010-05-30,2010-05-30,328,105,2,1.9047619047619049
2475,North,2010-05-31,2010-06-06,2010-06-06,364,163,2,1.2269938650306749
2476,North,2010-06-07,2010-06-13,2010-06-13,0,0,0,0.0
2477,North,2010-06-14,2010-06-20,2010-06-20,142,69,0,0.0
2478,North,2010-06-21,2010-06-27,2010-06-27,248,74,1,1.3513513513513513
2479,North,2010-06-28,2010-07-04,2010-07-04,0,0,0,0.0
2480,North,2010-07-05,2010-07-11,2010-07-11,133,0,0,0.0
2481,North,2010-07-12,2010-07-18,2010-07-18,435,157,3,1.910828025477707
2482,North,2010-07-19,2010-07-25,2010-07-25,374,30,0,0.0
2483,North,2010-07-26,2010-08-01,2010-08-01,41,21,0,0.0
2484,North,2010-08-02,2010-08-08,2010-08-08,92,27,0,0.0
2485,North,2010-08-09,2010-08-15,2010-08-15,347,121,0,0.0
2486,North,2010-08-16,2010-08-22,2010-08-22,443,42,1,2.380952380952381
2487,North,2010-08-23,2010-08-29,2010-08-29,255,119,2,1.680672268907563
2488,North,2010-08-30,2010-09-05,2010-09-05,571,95,3,3.1578947368421053
2489,North,2010-09-06,2010-09-12,2010-09-12,297,107,2,1.8691588785046727
2490,North,2010-09-13,2010-09-19,2010-09-19,215,102,1,0.9803921568627451
2491,North,2010-09-20,2010-09-26,2010-09-26,459,116,3,2.586206896551724
2492,North,2010-09-27,2010-10-03,2010-10-03,518,194,2,1.0309278350515463
2493,North,2010-10-04,2010-10-10,2010-10-10,232,103,2,1.9417475728155338
2494,North,2010-10-11,2010-10-17,2010-10-17,526,246,8,3.2520325203252036
2495,North,2010-10-18,2010-10-24,2010-10-24,73,16,0,0.0
2496,North,2010-10-25,2010-10-31,2010-10-31,106,56,1,1.7857142857142856
2497,North,2010-11-01,2010-11-07,2010-11-07,46,18,0,0.0
2498,North,2010-11-08,2010-11-14,2010-11-14,107,15,0,0.0
2499,North,2010-11-15,2010-11-21,2010-11-21,183,110,2,1.8181818181818181
2500,North,2010-11-22,2010-11-28,2010-11-28,86,39,1,2.564102564102564
2501,North,2010-11-29,2010-12-05,2010-12-05,27,0,0,0.0
2502,North,2010-12-06,2010-12-12,2010-12-12,83,37,0,0.0
2503,North,2010-12-13,2010-12-19,2010-12-19,85,0,0,0.0
2504,North,2010-12-20,2010-12-26,2010-12-26,27,17,0,0.0
2505,North,2010-12-27,2011-01-02,2011-01-02,18,6,0,0.0
2506,North,2011-01-01,2011-09-22,2011-09-22,3703,1266,97,7.661927330173776
2507,North,2011-01-03,2011-01-09,2011-01-09,0,0,0,0.0
2508,North,2011-01-10,2011-01-16,2011-01-16,52,10,0,0.0
2509,North,2011-01-17,2011-01-23,2011-01-23,43,22,0,0.0
2510,North,2011-01-24,2011-01-30,2011-01-30,29,13,1,7.6923076923076925
2511,North,2011-01-31,2011-02-06,2011-02-06,49,24,0,0.0
2512,North,2011-02-07,2011-02-13,2011-02-13,54,23,1,4.3478260869565215
2513,North,2011-02-14,2011-02-20,2011-02-20,0,0,0,0.0
2514,North,2011-02-21,2011-02-27,2011-02-27,49,0,0,0.0
2515,North,2011-02-28,2011-03-06,2011-03-06,0,0,0,0.0
2516,North,2011-03-07,2011-03-13,2011-03-13,19,9,0,0.0
2517,North,2011-03-14,2011-03-20,2011-03-20,11,6,0,0.0
2518,North,2011-03-21,2011-03-27,2011-03-27,30,9,0,0.0
2519,North,2011-03-28,2011-04-03,2011-04-03,20,9,0,0.0
2520,North,2011-04-04,2011-04-10,2011-04-10,139,78,0,0.0
2521,North,2011-04-11,2011-04-17,2011-04-17,33,9,0,0.0
2522,North,2011-04-18,2011-04-24,2011-04-24,96,32,0,0.0
2523,North,2011-04-25,2011-05-01,2011-05-01,31,15,1,6.666666666666667
2524,North,2011-05-02,2011-05-08,2011-05-08,92,16,0,0.0
2525,North,2011-05-09,2011-05-15,2011-05-15,447,150,7,4.666666666666667
2526,North,2011-05-16,2011-05-22,2011-05-22,224,74,3,4.054054054054054
2527,North,2011-05-23,2011-05-29,2011-05-29,511,160,6,3.75
2528,North,2011-05-30,2011-06-05,2011-06-05,596,141,7,4.964539007092199
2529,North,2011-06-06,2011-06-12,2011-06-12,630,105,2,1.9047619047619049
2530,North,2011-06-13,2011-06-19,2011-06-19,618,139,7,5.0359712230215825
2531,North,2011-06-20,2011-06-26,2011-06-26,594,165,6,3.6363636363636362
2532,North,2011-06-27,2011-07-03,2011-07-03,24,12,0,0.0
2533,North,2011-07-04,2011-07-10,2011-07-10,908,282,7,2.4822695035460995
2534,North,2011-07-11,2011-07-17,2011-07-17,808,294,8,2.7210884353741496
2535,North,2011-07-18,2011-07-24,2011-07-24,768,100,4,4.0
2536,North,2011-07-25,2011-07-31,2011-07-31,466,179,7,3.910614525139665
2537,North,2011-08-01,2011-08-07,2011-08-07,782,281,10,3.558718861209965
2538,North,2011-08-08,2011-08-14,2011-08-14,961,367,9,2.452316076294278
2539,North,2011-08-15,2011-08-21,2011-08-21,700,286,9,3.146853146853147
2540,North,2011-08-22,2011-08-28,2011-08-28,805,375,6,1.6
2541,North,2011-08-29,2011-09-04,2011-09-04,807,334,5,1.4970059880239521
2542,North,2011-09-05,2011-09-11,2011-09-11,619,279,9,3.225806451612903
2543,North,2011-09-12,2011-09-18,2011-09-18,677,187,6,3.2085561497326207
2544,North,2011-09-19,2011-09-25,2011-09-25,878,257,5,1.9455252918287937
2545,North,2011-09-26,2011-10-02,2011-10-02,500,92,2,2.1739130434782608
2546,North,2011-10-03,2011-10-09,2011-10-09,413,148,4,2.7027027027027026
2547,North,2011-10-10,2011-10-16,2011-10-16,505,222,4,1.8018018018018018
2548,North,2011-10-17,2011-10-23,2011-10-23,248,39,2,5.128205128205128
2549,North,2011-10-24,2011-10-30,2011-10-30,250,125,1,0.8
2550,North,2011-10-31,2011-11-06,2011-11-06,137,41,1,2.4390243902439024
2551,North,2011-11-07,2011-11-13,2011-11-13,201,58,1,1.7241379310344827
2552,North,2011-11-14,2011-11-20,2011-11-20,115,56,2,3.571428571428571
2553,North,2011-11-21,2011-11-27,2011-11-27,45,4,0,0.0
2554,North,2011-11-28,2011-12-04,2011-12-04,39,9,0,0.0
2555,North,2011-12-05,2011-12-11,2011-12-11,36,17,0,0.0
2556,North,2011-12-12,2011-12-18,2011-12-18,23,6,0,0.0
2557,North,2011-12-19,2011-12-25,2011-12-25,7,3,0,0.0
2558,North,2011-12-26,2012-01-01,2012-01-01,0,0,0,0.0
2559,North,2012-01-02,2012-01-08,2012-01-08,35,21,1,4.761904761904762
2560,North,2012-01-09,2012-01-15,2012-01-15,40,9,0,0.0
2561,North,2012-01-16,2012-01-22,2012-01-22,80,16,0,0.0
2562,North,2012-01-23,2012-01-29,2012-01-29,0,0,0,0.0
2563,North,2012-01-30,2012-02-05,2012-02-05,50,26,0,0.0
2564,North,2012-02-06,2012-02-12,2012-02-12,79,0,0,0.0
2565,North,2012-02-13,2012-02-19,2012-02-19,45,15,0,0.0
2566,North,2012-02-20,2012-02-26,2012-02-26,26,9,0,0.0
2567,North,2012-02-27,2012-03-04,2012-03-04,43,5,1,20.0
2568,North,2012-03-05,2012-03-11,2012-03-11,111,39,1,2.564102564102564
2569,North,2012-03-12,2012-03-18,2012-03-18,29,0,0,0.0
2570,North,2012-03-19,2012-03-25,2012-03-25,23,0,0,0.0
2571,North,2012-03-26,2012-04-01,2012-04-01,26,7,0,0.0
2572,North,2012-04-02,2012-04-08,2012-04-08,54,35,1,2.857142857142857
2573,North,2012-04-09,2012-04-15,2012-04-15,0,0,0,0.0
2574,North,2012-04-16,2012-04-22,2012-04-22,39,21,0,0.0
2575,North,2012-04-23,2012-04-29,2012-04-29,40,10,0,0.0
2576,North,2012-04-30,2012-05-06,2012-05-06,236,68,2,2.941176470588235
2577,North,2012-05-07,2012-05-13,2012-05-13,176,39,1,2.564102564102564
2578,North,2012-05-14,2012-05-20,2012-05-20,28,8,0,0.0
2579,North,2012-05-21,2012-05-27,2012-05-27,120,58,2,3.4482758620689653
2580,North,2012-05-28,2012-06-03,2012-06-03,163,52,1,1.9230769230769231
2581,North,2012-06-04,2012-06-10,2012-06-10,104,48,0,0.0
2582,North,2012-06-11,2012-06-17,2012-06-17,126,81,2,2.4691358024691357
2583,North,2012-06-18,2012-06-24,2012-06-24,19,8,0,0.0
2584,North,2012-06-25,2012-07-01,2012-07-01,95,25,0,0.0
2585,North,2012-07-02,2012-07-08,2012-07-08,52,31,0,0.0
2586,North,2012-07-09,2012-07-15,2012-07-15,147,56,1,1.7857142857142856
2587,North,2012-07-16,2012-07-22,2012-07-22,160,61,1,1.639344262295082
2588,North,2012-07-23,2012-07-29,2012-07-29,37,13,0,0.0
2589,North,2012-07-30,2012-08-05,2012-08-05,151,77,0,0.0
2590,North,2012-08-06,2012-08-12,2012-08-12,146,72,1,1.3888888888888888
2591,North,2012-08-13,2012-08-19,2012-08-19,0,0,0,0.0
2592,North,2012-08-20,2012-08-26,2012-08-26,715,15,0,0.0
2593,North,2012-08-27,2012-09-02,2012-09-02,185,59,2,3.389830508474576
2594,North,2012-09-03,2012-09-09,2012-09-09,0,0,0,0.0
2595,North,2012-09-10,2012-09-16,2012-09-16,42,25,1,4.0
2596,North,2012-09-17,2012-09-23,2012-09-23,0,0,0,0.0
2597,North,2012-09-24,2012-09-30,2012-09-30,0,0,0,0.0
2598,North,2012-10-01,2012-10-07,2012-10-07,36,0,0,0.0
2599,North,2012-10-08,2012-10-14,2012-10-14,148,72,1,1.3888888888888888
2600,North,2012-10-15,2012-10-21,2012-10-21,0,0,0,0.0
2601,North,2012-10-22,2012-10-28,2012-10-28,147,91,0,0.0
2602,North,2012-10-29,2012-11-04,2012-11-04,35,0,0,0.0
2603,North,2012-11-05,2012-11-11,2012-11-11,0,0,0,0.0
2604,North,2012-11-12,2012-11-18,2012-11-18,99,0,0,0.0
2605,North,2012-11-19,2012-11-25,2012-11-25,31,19,0,0.0
2606,North,2012-11-26,2012-12-02,2012-12-02,32,15,0,0.0
2607,North,2012-12-03,2012-12-09,2012-12-09,13,0,0,0.0
2608,North,2012-12-10,2012-12-16,2012-12-16,136,22,0,0.0
2609,North,2012-12-17,2012-12-23,2012-12-23,0,0,0,0.0
2610,North,2012-12-24,2012-12-30,2012-12-30,7,0,0,0.0
2611,North,2012-12-31,2013-01-06,2013-01-06,28,11,0,0.0
2612,North,2013-01-07,2013-01-13,2013-01-13,52,21,1,4.761904761904762
2613,North,2013-01-14,2013-01-20,2013-01-20,0,0,0,0.0
2614,North,2013-01-21,2013-01-27,2013-01-27,91,14,0,0.0
2615,North,2013-01-28,2013-02-03,2013-02-03,0,0,0,0.0
2616,North,2013-02-04,2013-02-10,2013-02-10,15,3,0,0.0
2617,North,2013-02-11,2013-02-17,2013-02-17,0,0,0,0.0
2618,North,2013-02-18,2013-02-24,2013-02-24,1,1,0,0.0
2619,North,2013-02-25,2013-03-03,2013-03-03,0,0,0,0.0
2620,North,2013-03-04,2013-03-10,2013-03-10,120,0,0,0.0
2621,North,2013-03-11,2013-03-17,2013-03-17,0,0,0,0.0
2622,North,2013-03-18,2013-03-24,2013-03-24,55,36,0,0.0
2623,North,2013-03-25,2013-03-31,2013-03-31,70,40,2,5.0
2624,North,2013-04-01,2013-04-07,2013-04-07,87,38,1,2.631578947368421
2625,North,2013-04-08,2013-04-14,2013-04-14,0,0,0,0.0
2626,North,2013-04-15,2013-04-21,2013-04-21,177,54,0,0.0
2627,North,2013-04-22,2013-04-28,2013-04-28,0,0,0,0.0
2628,North,2013-04-29,2013-05-05,2013-05-05,78,49,0,0.0
2629,North,2013-05-06,2013-05-12,2013-05-12,92,33,1,3.0303030303030303
2630,North,2013-05-13,2013-05-19,2013-05-19,422,96,2,2.083333333333333
2631,North,2013-05-20,2013-05-26,2013-05-26,45,0,0,0.0
2632,North,2013-05-27,2013-06-02,2013-06-02,56,0,0,0.0
2633,North,2013-06-03,2013-06-09,2013-06-09,0,0,0,0.0
2634,North,2013-06-10,2013-06-16,2013-06-16,134,53,1,1.8867924528301887
2635,North,2013-06-17,2013-06-23,2013-06-23,0,0,0,0.0
2636,North,2013-06-24,2013-06-30,2013-06-30,66,41,1,2.4390243902439024
2637,North,2013-07-01,2013-07-07,2013-07-07,97,35,0,0.0
2638,North,2013-07-08,2013-07-14,2013-07-14,331,75,1,1.3333333333333335
2639,North,2013-07-15,2013-07-21,2013-07-21,199,106,4,3.7735849056603774
2640,North,2013-07-22,2013-07-28,2013-07-28,15,0,0,0.0
2641,North,2013-07-29,2013-08-04,2013-08-04,90,0,0,0.0
2642,North,2013-08-05,2013-08-11,2013-08-11,465,52,1,1.9230769230769231
2643,North,2013-08-12,2013-08-18,2013-08-18,0,0,0,0.0
2644,North,2013-08-19,2013-08-25,2013-08-25,86,43,0,0.0
2645,North,2013-08-26,2013-09-01,2013-09-01,66,36,0,0.0
2646,North,2013-09-02,2013-09-08,2013-09-08,25,0,0,0.0
2647,North,2013-09-09,2013-09-15,2013-09-15,0,0,0,0.0
2648,North,2013-09-16,2013-09-22,2013-09-22,80,0,0,0.0
2649,North,2013-09-23,2013-09-29,2013-09-29,665,219,5,2.28310502283105
2650,North,2013-09-30,2013-10-06,2013-10-06,57,27,2,7.4074074074074066
2651,North,2013-10-07,2013-10-13,2013-10-13,199,0,0,0.0
2652,North,2013-10-14,2013-10-20,2013-10-20,42,26,0,0.0
2653,North,2013-10-21,2013-10-27,2013-10-27,124,37,1,2.7027027027027026
2654,North,2013-10-28,2013-11-03,2013-11-03,17,0,0,0.0
2655,North,2013-11-04,2013-11-10,2013-11-10,70,46,1,2.1739130434782608
2656,North,2013-11-11,2013-11-17,2013-11-17,42,25,1,4.0
2657,North,2013-11-18,2013-11-24,2013-11-24,96,41,0,0.0
2658,North,2013-11-25,2013-12-01,2013-12-01,0,0,0,0.0
2659,North,2013-12-02,2013-12-08,2013-12-08,0,0,0,0.0
2660,North,2013-12-09,2013-12-15,2013-12-15,4,2,0,0.0
2661,North,2013-12-16,2013-12-22,2013-12-22,41,13,0,0.0
2662,North,2013-12-23,2013-12-29,2013-12-29,9,0,0,0.0
2663,North,2013-12-30,2014-01-05,2014-01-05,52,17,0,0.0
2664,North,2014-01-01,2014-04-30,2014-04-30,16,9,0,0.0
2665,North,2014-01-06,2014-01-12,2014-01-12,0,0,0,0.0
2666,North,2014-01-13,2014-01-19,2014-01-19,0,0,0,0.0
2667,North,2014-01-20,2014-01-26,2014-01-26,24,6,0,0.0
2668,North,2014-01-27,2014-02-02,2014-02-02,45,15,0,0.0
2669,North,2014-02-03,2014-02-09,2014-02-09,49,21,0,0.0
2670,North,2014-02-10,2014-02-16,2014-02-16,184,59,0,0.0
2671,North,2014-02-17,2014-02-23,2014-02-23,0,0,0,0.0
2672,North,2014-02-24,2014-03-02,2014-03-02,65,20,0,0.0
2673,North,2014-03-03,2014-03-09,2014-03-09,36,14,0,0.0
2674,North,2014-03-10,2014-03-16,2014-03-16,18,7,0,0.0
2675,North,2014-03-17,2014-03-23,2014-03-23,133,38,0,0.0
2676,North,2014-03-24,2014-03-30,2014-03-30,181,34,0,0.0
2677,North,2014-03-31,2014-04-06,2014-04-06,153,61,0,0.0
2678,North,2014-04-07,2014-04-13,2014-04-13,0,0,0,0.0
2679,North,2014-04-14,2014-04-20,2014-04-20,34,23,0,0.0
2680,North,2014-04-21,2014-04-27,2014-04-27,234,63,1,1.5873015873015872
2681,North,2014-04-28,2014-05-04,2014-05-04,24,0,0,0.0
2682,North,2014-05-05,2014-05-11,2014-05-11,281,79,1,1.2658227848101267
2683,North,2014-05-12,2014-05-18,2014-05-18,22,9,0,0.0
2684,North,2014-05-19,2014-05-25,2014-05-25,34,15,0,0.0
2685,North,2014-05-26,2014-06-01,2014-06-01,596,337,5,1.483679525222552
2686,North,2014-06-02,2014-06-08,2014-06-08,80,16,0,0.0
2687,North,2014-06-09,2014-06-15,2014-06-15,92,41,0,0.0
2688,North,2014-06-16,2014-06-22,2014-06-22,100,58,1,1.7241379310344827
2689,North,2014-06-23,2014-06-29,2014-06-29,73,0,0,0.0
2690,North,2014-06-30,2014-07-06,2014-07-06,92,0,0,0.0
2691,North,2014-07-07,2014-07-13,2014-07-13,223,35,0,0.0
2692,North,2014-07-14,2014-07-20,2014-07-20,226,14,0,0.0
2693,North,2014-07-21,2014-07-27,2014-07-27,349,79,3,3.79746835443038
2694,North,2014-07-28,2014-08-03,2014-08-03,573,206,5,2.4271844660194173
2695,North,2014-08-04,2014-08-10,2014-08-10,545,221,4,1.809954751131222
2696,North,2014-08-11,2014-08-17,2014-08-17,614,242,5,2.066115702479339
2697,North,2014-08-18,2014-08-24,2014-08-24,267,71,2,2.8169014084507045
2698,North,2014-08-21,2014-11-05,2014-11-05,673,128,6,4.6875
2699,North,2014-08-25,2014-08-31,2014-08-31,591,194,5,2.5773195876288657
2700,North,2014-09-01,2014-09-07,2014-09-07,434,135,2,1.4814814814814816
2701,North,2014-09-08,2014-09-14,2014-09-14,133,48,2,4.166666666666666
2702,North,2014-09-15,2014-09-21,2014-09-21,529,188,6,3.1914893617021276
2703,North,2014-09-22,2014-09-28,2014-09-28,347,143,4,2.797202797202797
2704,North,2014-09-29,2014-10-05,2014-10-05,345,100,3,3.0
2705,North,2014-10-06,2014-10-12,2014-10-12,425,174,3,1.7241379310344827
2706,North,2014-10-13,2014-10-19,2014-10-19,341,67,2,2.9850746268656714
2707,North,2014-10-20,2014-10-26,2014-10-26,161,41,1,2.4390243902439024
2708,North,2014-10-27,2014-11-02,2014-11-02,168,39,0,0.0
2709,North,2014-11-03,2014-11-09,2014-11-09,100,28,1,3.571428571428571
2710,North,2014-11-10,2014-11-16,2014-11-16,52,5,0,0.0
2711,North,2014-11-17,2014-11-23,2014-11-23,81,23,1,4.3478260869565215
2712,North,2014-11-24,2014-11-30,2014-11-30,44,17,0,0.0
2713,North,2014-12-01,2014-12-07,2014-12-07,36,12,0,0.0
2714,North,2014-12-08,2014-12-14,2014-12-14,137,63,1,1.5873015873015872
2715,North,2014-12-15,2014-12-21,2014-12-21,5,3,0,0.0
2716,North,2014-12-22,2014-12-28,2014-12-28,28,10,0,0.0
2717,North,2014-12-29,2015-01-04,2015-01-04,75,0,0,0.0
2718,North,2015-01-05,2015-01-11,2015-01-11,0,0,0,0.0
2719,North,2015-01-12,2015-01-18,2015-01-18,0,0,0,0.0
2720,North,2015-01-19,2015-01-25,2015-01-25,0,0,0,0.0
2721,North,2015-01-26,2015-02-01,2015-02-01,37,10,0,0.0
2722,North,2015-02-02,2015-02-08,2015-02-08,0,0,0,0.0
2723,North,2015-02-09,2015-02-15,2015-02-15,11,4,0,0.0
2724,North,2015-02-16,2015-02-22,2015-02-22,51,20,0,0.0
2725,North,2015-02-23,2015-03-01,2015-03-01,0,0,0,0.0
2726,North,2015-03-02,2015-03-08,2015-03-08,51,26,0,0.0
2727,North,2015-03-09,2015-03-15,2015-03-15,40,22,1,4.545454545454546
2728,North,2015-03-16,2015-03-22,2015-03-22,159,5,0,0.0
2729,North,2015-03-23,2015-03-29,2015-03-29,116,64,2,3.125
2730,North,2015-03-30,2015-04-05,2015-04-05,84,28,0,0.0
2731,North,2015-04-06,2015-04-12,2015-04-12,0,0,0,0.0
2732,North,2015-04-13,2015-04-19,2015-04-19,57,24,0,0.0
2733,North,2015-04-20,2015-04-26,2015-04-26,64,17,0,0.0
2734,North,2015-04-27,2015-05-03,2015-05-03,0,0,0,0.0
2735,North,2015-05-04,2015-05-10,2015-05-10,0,0,0,0.0
2736,North,2015-05-11,2015-05-17,2015-05-17,0,0,0,0.0
2737,North,2015-05-18,2015-05-24,2015-05-24,73,21,1,4.761904761904762
2738,North,2015-05-25,2015-05-31,2015-05-31,182,49,1,2.0408163265306123
2739,North,2015-06-01,2015-06-07,2015-06-07,67,32,2,6.25
2740,North,2015-06-08,2015-06-14,2015-06-14,125,23,0,0.0
2741,North,2015-06-15,2015-06-21,2015-06-21,141,40,1,2.5
2742,North,2015-06-22,2015-06-28,2015-06-28,184,82,1,1.2195121951219512
2743,North,2015-06-29,2015-07-05,2015-07-05,27,17,0,0.0
2744,North,2015-07-06,2015-07-12,2015-07-12,0,0,0,0.0
2745,North,2015-07-13,2015-07-19,2015-07-19,93,42,1,2.380952380952381
2746,North,2015-07-20,2015-07-26,2015-07-26,154,48,2,4.166666666666666
2747,North,2015-07-27,2015-08-02,2015-08-02,291,136,2,1.4705882352941175
2748,North,2015-08-03,2015-08-09,2015-08-09,163,100,1,1.0
2749,North,2015-08-10,2015-08-16,2015-08-16,225,24,1,4.166666666666666
2750,North,2015-08-17,2015-08-23,2015-08-23,0,0,0,0.0
2751,North,2015-08-24,2015-08-30,2015-08-30,286,85,2,2.3529411764705883
2752,North,2015-08-31,2015-09-06,2015-09-06,375,113,4,3.5398230088495577
2753,North,2015-09-07,2015-09-13,2015-09-13,243,111,2,1.8018018018018018
2754,North,2015-09-14,2015-09-20,2015-09-20,681,218,3,1.3761467889908259
2755,North,2015-09-21,2015-09-27,2015-09-27,263,96,1,1.0416666666666665
2756,North,2015-09-28,2015-10-04,2015-10-04,247,76,2,2.631578947368421
2757,North,2015-10-05,2015-10-11,2015-10-11,293,145,4,2.7586206896551726
2758,North,2015-10-12,2015-10-18,2015-10-18,178,70,0,0.0
2759,North,2015-10-19,2015-10-25,2015-10-25,279,85,0,0.0
2760,North,2015-10-26,2015-11-01,2015-11-01,111,10,0,0.0
2761,North,2015-11-02,2015-11-08,2015-11-08,44,0,0,0.0
2762,North,2015-11-09,2015-11-15,2015-11-15,175,84,1,1.1904761904761905
2763,North,2015-11-16,2015-11-22,2015-11-22,241,0,0,0.0
2764,North,2015-11-23,2015-11-29,2015-11-29,77,14,0,0.0
2765,North,2015-11-30,2015-12-06,2015-12-06,116,34,1,2.941176470588235
2766,North,2015-12-07,2015-12-13,2015-12-13,4,1,0,0.0
2767,North,2015-12-14,2015-12-20,2015-12-20,96,44,1,2.272727272727273
2768,North,2015-12-21,2015-12-27,2015-12-27,33,3,0,0.0
2769,North,2016-01-04,2016-01-10,2016-01-10,0,0,0,0.0
2770,North,2016-01-11,2016-01-17,2016-01-17,0,0,0,0.0
2771,North,2016-01-18,2016-01-24,2016-01-24,0,0,0,0.0
2772,North,2016-01-25,2016-01-31,2016-01-31,0,0,0,0.0
2773,North,2016-02-01,2016-02-07,2016-02-07,0,0,0,0.0
2774,North,2016-02-08,2016-02-14,2016-02-14,0,0,0,0.0
2775,North,2016-02-15,2016-02-21,2016-02-21,0,0,0,0.0
2776,North,2016-02-22,2016-02-28,2016-02-28,68,44,0,0.0
2777,North,2016-02-29,2016-03-06,2016-03-06,213,111,3,2.7027027027027026
2778,North,2016-03-07,2016-03-13,2016-03-13,62,0,0,0.0
2779,North,2016-03-14,2016-03-20,2016-03-20,0,0,0,0.0
2780,North,2016-03-21,2016-03-27,2016-03-27,30,15,0,0.0
2781,North,2016-03-28,2016-04-03,2016-04-03,34,17,0,0.0
2782,North,2016-04-04,2016-04-10,2016-04-10,107,15,0,0.0
2783,North,2016-04-11,2016-04-17,2016-04-17,90,8,0,0.0
2784,North,2016-04-18,2016-04-24,2016-04-24,0,0,0,0.0
2785,North,2016-04-25,2016-05-01,2016-05-01,204,60,2,3.3333333333333335
2786,North,2016-05-02,2016-05-08,2016-05-08,63,0,0,0.0
2787,North,2016-05-09,2016-05-15,2016-05-15,183,72,1,1.3888888888888888
2788,North,2016-05-16,2016-05-22,2016-05-22,45,0,1,0.0
2789,North,2016-05-23,2016-05-29,2016-05-29,84,0,0,0.0
2790,North,2016-05-30,2016-06-05,2016-06-05,332,129,3,2.3255813953488373
2791,North,2016-06-06,2016-06-12,2016-06-12,29,18,0,0.0
2792,North,2016-06-13,2016-06-19,2016-06-19,73,18,0,0.0
2793,North,2016-06-20,2016-06-26,2016-06-26,27,0,0,0.0
2794,North,2016-06-27,2016-07-03,2016-07-03,72,0,0,0.0
2795,North,2016-07-04,2016-07-10,2016-07-10,321,105,1,0.9523809523809524
2796,North,2016-07-11,2016-07-17,2016-07-17,122,35,0,0.0
2797,North,2016-07-18,2016-07-24,2016-07-24,328,70,0,0.0
2798,North,2016-07-25,2016-07-31,2016-07-31,193,78,1,1.282051282051282
2799,North,2016-08-01,2016-08-07,2016-08-07,58,34,0,0.0
2800,North,2016-08-08,2016-08-14,2016-08-14,304,58,1,1.7241379310344827
2801,North,2016-08-15,2016-08-21,2016-08-21,31,17,0,0.0
2802,North,2016-08-22,2016-08-28,2016-08-28,185,67,1,1.4925373134328357
2803,North,2016-08-29,2016-09-04,2016-09-04,681,351,5,1.4245014245014245
2804,North,2016-09-05,2016-09-11,2016-09-11,313,80,3,3.75
2805,North,2016-09-12,2016-09-18,2016-09-18,165,34,1,2.941176470588235
2806,North,2016-09-19,2016-09-25,2016-09-25,66,37,0,0.0
2807,North,2016-09-26,2016-10-02,2016-10-02,149,86,1,1.1627906976744187
2808,North,2016-10-03,2016-10-09,2016-10-09,0,0,0,0.0
2809,North,2016-10-10,2016-10-16,2016-10-16,0,0,0,0.0
2810,North,2016-10-17,2016-10-23,2016-10-23,215,70,0,0.0
2811,North,2016-10-24,2016-10-30,2016-10-30,0,0,0,0.0
2812,North,2016-10-31,2016-11-06,2016-11-06,74,22,0,0.0
2813,North,2016-11-07,2016-11-13,2016-11-13,0,0,0,0.0
2814,North,2016-11-14,2016-11-20,2016-11-20,89,27,0,0.0
2815,North,2016-11-21,2016-11-27,2016-11-27,101,22,0,0.0
2816,North,2016-11-28,2016-12-04,2016-12-04,12,6,0,0.0
2817,North,2016-12-05,2016-12-11,2016-12-11,0,0,0,0.0
2818,North,2016-12-12,2016-12-18,2016-12-18,36,16,0,0.0
2819,North,2016-12-19,2016-12-25,2016-12-25,12,0,0,0.0
2820,North,2016-12-26,2017-01-01,2017-01-01,46,0,0,0.0
2821,North,2017-01-02,2017-01-08,2017-01-08,41,23,0,0.0
2822,North,2017-01-09,2017-01-15,2017-01-15,36,17,0,0.0
2823,North,2017-01-16,2017-01-22,2017-01-22,0,0,0,0.0
2824,North,2017-01-23,2017-01-29,2017-01-29,40,11,0,0.0
2825,North,2017-01-30,2017-02-05,2017-02-05,0,0,0,0.0
2826,North,2017-02-06,2017-02-12,2017-02-12,20,9,0,0.0
2827,North,2017-02-13,2017-02-19,2017-02-19,0,0,0,0.0
2828,North,2017-02-20,2017-02-26,2017-02-26,0,0,0,0.0
2829,North,2017-02-27,2017-03-05,2017-03-05,63,24,0,0.0
2830,North,2017-03-06,2017-03-12,2017-03-12,51,0,0,0.0
2831,North,2017-03-13,2017-03-19,2017-03-19,13,5,0,0.0
2832,North,2017-03-20,2017-03-26,2017-03-26,0,0,0,0.0
2833,North,2017-03-27,2017-04-02,2017-04-02,236,104,3,2.8846153846153846
2834,North,2017-04-03,2017-04-09,2017-04-09,1,0,0,0.0
2835,North,2017-04-10,2017-04-16,2017-04-16,0,0,0,0.0
2836,North,2017-04-17,2017-04-23,2017-04-23,14,0,0,0.0
2837,North,2017-04-24,2017-04-30,2017-04-30,56,18,0,0.0
2838,North,2017-05-01,2017-05-07,2017-05-07,88,55,1,1.8181818181818181
2839,North,2017-05-08,2017-05-14,2017-05-14,117,58,0,0.0
2840,North,2017-05-15,2017-05-21,2017-05-21,129,0,0,0.0
2841,North,2017-05-22,2017-05-28,2017-05-28,304,169,4,2.366863905325444
2842,North,2017-05-29,2017-06-04,2017-06-04,0,0,0,0.0
2843,North,2017-06-05,2017-06-11,2017-06-11,132,51,2,3.9215686274509802
2844,North,2017-06-12,2017-06-18,2017-06-18,327,122,2,1.639344262295082
2845,North,2017-06-19,2017-06-25,2017-06-25,90,32,0,0.0
2846,North,2017-06-26,2017-07-02,2017-07-02,342,50,0,0.0
2847,North,2017-07-03,2017-07-09,2017-07-09,158,37,0,0.0
2848,North,2017-07-10,2017-07-16,2017-07-16,106,0,0,0.0
2849,North,2017-07-17,2017-07-23,2017-07-23,0,0,0,0.0
2850,North,2017-07-24,2017-07-30,2017-07-30,208,120,3,2.5
2851,North,2017-07-31,2017-08-06,2017-08-06,452,181,2,1.1049723756906076
2852,North,2017-08-07,2017-08-13,2017-08-13,329,109,2,1.834862385321101
2853,North,2017-08-14,2017-08-20,2017-08-20,0,0,0,0.0
2854,North,2017-08-21,2017-08-27,2017-08-27,139,35,0,0.0
2855,North,2017-08-28,2017-09-03,2017-09-03,0,0,0,0.0
2856,North,2017-09-04,2017-09-10,2017-09-10,91,0,0,0.0
2857,North,2017-09-11,2017-09-17,2017-09-17,147,54,2,3.7037037037037033
2858,North,2017-09-18,2017-09-24,2017-09-24,71,44,1,2.272727272727273
2859,North,2017-09-25,2017-10-01,2017-10-01,111,44,0,0.0
2860,North,2017-10-02,2017-10-08,2017-10-08,60,17,0,0.0
2861,North,2017-10-09,2017-10-15,2017-10-15,131,46,1,2.1739130434782608
2862,North,2017-10-16,2017-10-22,2017-10-22,0,0,0,0.0
2863,North,2017-10-23,2017-10-29,2017-10-29,38,25,1,4.0
2864,North,2017-10-30,2017-11-05,2017-11-05,21,0,0,0.0
2865,North,2017-11-06,2017-11-12,2017-11-12,0,0,0,0.0
2866,North,2017-11-13,2017-11-19,2017-11-19,41,24,0,0.0
2867,North,2017-11-20,2017-11-26,2017-11-26,0,0,0,0.0
2868,North,2017-11-27,2017-12-03,2017-12-03,25,11,0,0.0
2869,North,2017-12-04,2017-12-10,2017-12-10,0,0,0,0.0
2870,North,2017-12-11,2017-12-17,2017-12-17,121,0,0,0.0
2871,North,2017-12-18,2017-12-24,2017-12-24,0,0,0,0.0
2872,North,2017-12-25,2017-12-31,2017-12-31,106,62,1,1.6129032258064515
2873,North,2018-01-01,2018-01-07,2018-01-07,21,0,0,0.0
2874,North,2018-01-01,2018-12-30,2018-12-30,517,147,1,0.6802721088435374
2875,North,2018-01-08,2018-01-14,2018-01-14,43,16,0,0.0
2876,North,2018-01-15,2018-01-21,2018-01-21,0,0,0,0.0
2877,North,2018-01-22,2018-01-28,2018-01-28,9,2,0,0.0
2878,North,2018-01-29,2018-02-04,2018-02-04,0,0,0,0.0
2879,North,2018-02-05,2018-02-11,2018-02-11,13,3,0,0.0
2880,North,2018-02-12,2018-02-18,2018-02-18,31,0,0,0.0
2881,North,2018-02-19,2018-02-25,2018-02-25,87,12,0,0.0
2882,North,2018-02-26,2018-03-04,2018-03-04,7,0,0,0.0
2883,North,2018-03-05,2018-03-11,2018-03-11,39,0,0,0.0
2884,North,2018-03-12,2018-03-18,2018-03-18,6,2,0,0.0
2885,North,2018-03-19,2018-03-25,2018-03-25,27,13,0,0.0
2886,North,2018-03-26,2018-04-01,2018-04-01,38,14,0,0.0
2887,North,2018-04-02,2018-04-08,2018-04-08,67,0,0,0.0
2888,North,2018-04-09,2018-04-15,2018-04-15,14,0,0,0.0
2889,North,2018-04-16,2018-04-22,2018-04-22,36,14,0,0.0
2890,North,2018-04-23,2018-04-29,2018-04-29,0,0,0,0.0
2891,North,2018-04-30,2018-05-06,2018-05-06,0,0,0,0.0
2892,North,2018-05-07,2018-05-13,2018-05-13,298,20,1,5.0
2893,North,2018-05-14,2018-05-20,2018-05-20,471,26,0,0.0
2894,North,2018-05-14,2018-07-08,2018-07-08,228,0,0,0.0
2895,North,2018-05-18,2018-05-21,2018-05-21,88,42,3,7.142857142857142
2896,North,2018-05-18,2018-05-24,2018-05-24,116,28,0,0.0
2897,North,2018-05-18,2018-06-27,2018-06-27,147,0,0,0.0
2898,North,2018-05-18,2020-01-09,2020-01-09,1212,515,41,7.961165048543689
2899,North,2018-05-18,2020-01-20,2020-01-20,1212,660,52,7.878787878787878
2900,North,2018-05-18,2020-01-26,2020-01-26,1212,680,54,7.941176470588235
2901,North,2018-05-21,2018-05-21,2018-05-21,57,29,0,0.0
2902,North,2018-05-21,2018-05-27,2018-05-27,4,1,0,0.0
2903,North,2018-05-28,2018-06-03,2018-06-03,56,22,0,0.0
2904,North,2018-06-04,2018-06-10,2018-06-10,113,33,0,0.0
2905,North,2018-06-11,2018-06-17,2018-06-17,281,6,0,0.0
2906,North,2018-06-18,2018-06-24,2018-06-24,0,0,0,0.0
2907,North,2018-06-25,2018-07-01,2018-07-01,129,56,3,5.357142857142857
2908,North,2018-06-27,2018-06-27,2018-06-27,116,0,0,0.0
2909,North,2018-07-02,2018-07-08,2018-07-08,580,124,3,2.4193548387096775
2910,North,2018-07-09,2018-07-15,2018-07-15,346,163,2,1.2269938650306749
2911,North,2018-07-16,2018-07-22,2018-07-22,151,82,2,2.4390243902439024
2912,North,2018-07-23,2018-07-29,2018-07-29,275,53,0,0.0
2913,North,2018-07-30,2018-08-05,2018-08-05,453,226,4,1.7699115044247788
2914,North,2018-08-06,2018-08-12,2018-08-12,334,118,2,1.694915254237288
2915,North,2018-08-13,2018-08-19,2018-08-19,305,77,0,0.0
2916,North,2018-08-20,2018-08-26,2018-08-26,740,272,2,0.7352941176470588
2917,North,2018-08-27,2018-09-02,2018-09-02,286,86,1,1.1627906976744187
2918,North,2018-09-03,2018-09-09,2018-09-09,465,170,4,2.3529411764705883
2919,North,2018-09-10,2018-09-16,2018-09-16,685,210,5,2.380952380952381
2920,North,2018-09-17,2018-09-23,2018-09-23,217,98,2,2.0408163265306123
2921,North,2018-09-24,2018-09-30,2018-09-30,495,82,1,1.2195121951219512
2922,North,2018-10-01,2018-10-07,2018-10-07,365,166,5,3.0120481927710845
2923,North,2018-10-08,2018-10-14,2018-10-14,439,133,2,1.5037593984962405
2924,North,2018-10-15,2018-10-21,2018-10-21,357,79,3,3.79746835443038
2925,North,2018-10-22,2018-10-28,2018-10-28,276,66,2,3.0303030303030303
2926,North,2018-10-29,2018-11-04,2018-11-04,219,80,1,1.25
2927,North,2018-11-05,2018-11-11,2018-11-11,299,155,3,1.935483870967742
2928,North,2018-11-12,2018-11-18,2018-11-18,189,89,1,1.1235955056179776
2929,North,2018-11-19,2018-11-25,2018-11-25,332,130,3,2.307692307692308
2930,North,2018-11-26,2018-12-02,2018-12-02,30,5,0,0.0
2931,North,2018-12-10,2018-12-16,2018-12-16,142,36,1,2.7777777777777777
2932,North,2018-12-17,2018-12-23,2018-12-23,29,0,0,0.0
2933,North,2018-12-24,2018-12-30,2018-12-30,19,6,0,0.0
2934,North,2018-12-31,2019-01-06,2019-01-06,27,7,0,0.0
2935,North,2018-12-31,2019-12-29,2019-12-29,476,196,4,2.0408163265306123
2936,North,2019-01-01,2019-12-31,2019-12-31,581,307,22,7.166123778501629
2937,North,2019-01-01,2020-01-26,2020-01-26,581,211,16,7.5829383886255926
2938,North,2019-01-07,2019-01-13,2019-01-13,42,20,0,0.0
2939,North,2019-01-14,2019-01-20,2019-01-20,39,6,0,0.0
2940,North,2019-01-21,2019-01-27,2019-01-27,0,0,0,0.0
2941,North,2019-01-28,2019-02-03,2019-02-03,28,18,0,0.0
2942,North,2019-02-04,2019-02-10,2019-02-10,17,9,0,0.0
2943,North,2019-02-11,2019-02-17,2019-02-17,80,23,0,0.0
2944,North,2019-02-18,2019-02-24,2019-02-24,33,0,0,0.0
2945,North,2019-02-25,2019-03-03,2019-03-03,255,16,0,0.0
2946,North,2019-03-04,2019-03-10,2019-03-10,104,29,1,3.4482758620689653
2947,North,2019-03-11,2019-03-17,2019-03-17,186,85,1,1.1764705882352942
2948,North,2019-03-18,2019-03-24,2019-03-24,240,74,0,0.0
2949,North,2019-03-25,2019-03-31,2019-03-31,98,48,1,2.083333333333333
2950,North,2019-04-01,2019-04-07,2019-04-07,59,33,0,0.0
2951,North,2019-04-08,2019-04-14,2019-04-14,61,28,0,0.0
2952,North,2019-04-15,2019-04-21,2019-04-21,0,0,0,0.0
2953,North,2019-04-22,2019-04-28,2019-04-28,125,48,0,0.0
2954,North,2019-04-29,2019-05-05,2019-05-05,54,17,0,0.0
2955,North,2019-05-01,2019-05-15,2019-05-15,207,0,0,0.0
2956,North,2019-05-06,2019-05-12,2019-05-12,0,0,0,0.0
2957,North,2019-05-13,2019-05-19,2019-05-19,135,92,2,2.1739130434782608
2958,North,2019-05-20,2019-05-26,2019-05-26,41,21,0,0.0
2959,North,2019-05-27,2019-06-02,2019-06-02,54,26,0,0.0
2960,North,2019-06-03,2019-06-09,2019-06-09,138,73,1,1.36986301369863
2961,North,2019-06-17,2019-06-23,2019-06-23,25,16,1,6.25
2962,North,2019-06-24,2019-06-30,2019-06-30,0,0,0,0.0
2963,North,2019-07-01,2019-07-07,2019-07-07,211,79,1,1.2658227848101267
2964,North,2019-07-08,2019-07-14,2019-07-14,166,88,1,1.1363636363636365
2965,North,2019-07-15,2019-07-21,2019-07-21,287,112,2,1.7857142857142856
2966,North,2019-07-22,2019-07-28,2019-07-28,200,60,0,0.0
2967,North,2019-07-29,2019-08-04,2019-08-04,187,17,0,0.0
2968,North,2019-08-05,2019-08-11,2019-08-11,281,132,1,0.7575757575757576
2969,North,2019-08-12,2019-08-18,2019-08-18,166,50,1,2.0
2970,North,2019-08-19,2019-08-25,2019-08-25,130,37,1,2.7027027027027026
2971,North,2019-08-26,2019-09-01,2019-09-01,441,0,0,0.0
2972,North,2019-09-02,2019-09-08,2019-09-08,231,99,3,3.0303030303030303
2973,North,2019-09-09,2019-09-15,2019-09-15,94,15,0,0.0
2974,North,2019-09-16,2019-09-22,2019-09-22,181,81,0,0.0
2975,North,2019-09-23,2019-09-29,2019-09-29,149,71,0,0.0
2976,North,2019-09-30,2019-10-06,2019-10-06,35,20,0,0.0
2977,North,2019-10-07,2019-10-13,2019-10-13,230,111,3,2.7027027027027026
2978,North,2019-10-28,2019-11-03,2019-11-03,383,40,0,0.0
2979,North,2019-11-11,2019-11-17,2019-11-17,157,75,1,1.3333333333333335
2980,North,2019-11-25,2019-12-01,2019-12-01,0,0,0,0.0
2981,North,2019-12-09,2019-12-15,2019-12-15,2,1,0,0.0
2982,North-West,2010-01-04,2010-01-10,2010-01-10,67,27,1,3.7037037037037033
2983,North-West,2010-01-11,2010-01-17,2010-01-17,16,0,0,0.0
2984,North-West,2010-01-18,2010-01-24,2010-01-24,11,6,0,0.0
2985,North-West,2010-01-25,2010-01-31,2010-01-31,0,0,0,0.0
2986,North-West,2010-02-01,2010-02-07,2010-02-07,0,0,0,0.0
2987,North-West,2010-02-08,2010-02-14,2010-02-14,0,0,0,0.0
2988,North-West,2010-02-15,2010-02-21,2010-02-21,13,0,0,0.0
2989,North-West,2010-02-22,2010-02-28,2010-02-28,15,4,0,0.0
2990,North-West,2010-03-01,2010-03-07,2010-03-07,88,0,0,0.0
2991,North-West,2010-03-08,2010-03-14,2010-03-14,106,33,0,0.0
2992,North-West,2010-03-15,2010-03-21,2010-03-21,339,35,0,0.0
2993,North-West,2010-03-22,2010-03-28,2010-03-28,3,0,0,0.0
2994,North-West,2010-03-29,2010-04-04,2010-04-04,60,15,0,0.0
2995,North-West,2010-04-05,2010-04-11,2010-04-11,59,18,0,0.0
2996,North-West,2010-04-12,2010-04-18,2010-04-18,191,79,1,1.2658227848101267
2997,North-West,2010-04-19,2010-04-25,2010-04-25,257,0,0,0.0
2998,North-West,2010-04-26,2010-05-02,2010-05-02,51,0,0,0.0
2999,North-West,2010-05-03,2010-05-09,2010-05-09,283,99,2,2.0202020202020203
3000,North-West,2010-05-10,2010-05-16,2010-05-16,178,82,1,1.2195121951219512
3001,North-West,2010-05-17,2010-05-23,2010-05-23,214,57,2,3.508771929824561
3002,North-West,2010-05-24,2010-05-30,2010-05-30,0,0,0,0.0
3003,North-West,2010-05-31,2010-06-06,2010-06-06,403,134,3,2.2388059701492535
3004,North-West,2010-06-07,2010-06-13,2010-06-13,0,0,0,0.0
3005,North-West,2010-06-14,2010-06-20,2010-06-20,94,23,1,4.3478260869565215
3006,North-West,2010-06-21,2010-06-27,2010-06-27,133,39,1,2.564102564102564
3007,North-West,2010-06-28,2010-07-04,2010-07-04,120,81,2,2.4691358024691357
3008,North-West,2010-07-05,2010-07-11,2010-07-11,46,25,0,0.0
3009,North-West,2010-07-12,2010-07-18,2010-07-18,93,0,0,0.0
3010,North-West,2010-07-19,2010-07-25,2010-07-25,345,100,2,2.0
3011,North-West,2010-07-26,2010-08-01,2010-08-01,85,48,1,2.083333333333333
3012,North-West,2010-08-02,2010-08-08,2010-08-08,379,100,1,1.0
3013,North-West,2010-08-09,2010-08-15,2010-08-15,91,30,0,0.0
3014,North-West,2010-08-16,2010-08-22,2010-08-22,0,0,0,0.0
3015,North-West,2010-08-23,2010-08-29,2010-08-29,242,60,1,1.6666666666666667
3016,North-West,2010-08-30,2010-09-05,2010-09-05,135,53,0,0.0
3017,North-West,2010-09-06,2010-09-12,2010-09-12,79,39,0,0.0
3018,North-West,2010-09-13,2010-09-19,2010-09-19,212,107,2,1.8691588785046727
3019,North-West,2010-09-20,2010-09-26,2010-09-26,106,62,2,3.225806451612903
3020,North-West,2010-09-27,2010-10-03,2010-10-03,0,0,0,0.0
3021,North-West,2010-10-04,2010-10-10,2010-10-10,212,97,1,1.0309278350515463
3022,North-West,2010-10-11,2010-10-17,2010-10-17,180,72,1,1.3888888888888888
3023,North-West,2010-10-18,2010-10-24,2010-10-24,55,24,0,0.0
3024,North-West,2010-10-25,2010-10-31,2010-10-31,480,91,1,1.098901098901099
3025,North-West,2010-11-01,2010-11-07,2010-11-07,20,0,0,0.0
3026,North-West,2010-11-08,2010-11-14,2010-11-14,0,0,0,0.0
3027,North-West,2010-11-15,2010-11-21,2010-11-21,0,0,0,0.0
3028,North-West,2010-11-22,2010-11-28,2010-11-28,0,0,0,0.0
3029,North-West,2010-11-29,2010-12-05,2010-12-05,19,5,0,0.0
3030,North-West,2010-12-06,2010-12-12,2010-12-12,0,0,0,0.0
3031,North-West,2010-12-13,2010-12-19,2010-12-19,0,0,0,0.0
3032,North-West,2010-12-20,2010-12-26,2010-12-26,18,0,0,0.0
3033,North-West,2010-12-27,2011-01-02,2011-01-02,0,0,0,0.0
3034,North-West,2011-01-01,2011-09-22,2011-09-22,498,255,10,3.9215686274509802
3035,North-West,2011-01-03,2011-01-09,2011-01-09,14,0,1,0.0
3036,North-West,2011-01-10,2011-01-16,2011-01-16,15,7,0,0.0
3037,North-West,2011-01-17,2011-01-23,2011-01-23,80,4,0,0.0
3038,North-West,2011-01-24,2011-01-30,2011-01-30,0,0,0,0.0
3039,North-West,2011-01-31,2011-02-06,2011-02-06,48,13,0,0.0
3040,North-West,2011-02-07,2011-02-13,2011-02-13,0,0,0,0.0
3041,North-West,2011-02-14,2011-02-20,2011-02-20,30,0,0,0.0
3042,North-West,2011-02-21,2011-02-27,2011-02-27,0,0,0,0.0
3043,North-West,2011-02-28,2011-03-06,2011-03-06,15,0,0,0.0
3044,North-West,2011-03-07,2011-03-13,2011-03-13,126,34,0,0.0
3045,North-West,2011-03-14,2011-03-20,2011-03-20,113,50,2,4.0
3046,North-West,2011-03-21,2011-03-27,2011-03-27,87,31,0,0.0
3047,North-West,2011-03-28,2011-04-03,2011-04-03,7,5,0,0.0
3048,North-West,2011-04-04,2011-04-10,2011-04-10,141,86,2,2.3255813953488373
3049,North-West,2011-04-11,2011-04-17,2011-04-17,0,0,0,0.0
3050,North-West,2011-04-18,2011-04-24,2011-04-24,108,31,1,3.225806451612903
3051,North-West,2011-04-25,2011-05-01,2011-05-01,247,106,3,2.8301886792452833
3052,North-West,2011-05-02,2011-05-08,2011-05-08,69,25,0,0.0
3053,North-West,2011-05-09,2011-05-15,2011-05-15,97,36,1,2.7777777777777777
3054,North-West,2011-05-16,2011-05-22,2011-05-22,173,80,1,1.25
3055,North-West,2011-05-23,2011-05-29,2011-05-29,79,30,1,3.3333333333333335
3056,North-West,2011-05-30,2011-06-05,2011-06-05,184,99,1,1.0101010101010102
3057,North-West,2011-06-06,2011-06-12,2011-06-12,143,62,0,0.0
3058,North-West,2011-06-13,2011-06-19,2011-06-19,186,80,2,2.5
3059,North-West,2011-06-20,2011-06-26,2011-06-26,228,72,2,2.7777777777777777
3060,North-West,2011-06-27,2011-07-03,2011-07-03,45,0,0,0.0
3061,North-West,2011-07-04,2011-07-10,2011-07-10,155,49,2,4.081632653061225
3062,North-West,2011-07-11,2011-07-17,2011-07-17,313,197,3,1.5228426395939088
3063,North-West,2011-07-18,2011-07-24,2011-07-24,334,65,0,0.0
3064,North-West,2011-07-25,2011-07-31,2011-07-31,105,40,1,2.5
3065,North-West,2011-08-01,2011-08-07,2011-08-07,0,0,0,0.0
3066,North-West,2011-08-08,2011-08-14,2011-08-14,69,38,1,2.631578947368421
3067,North-West,2011-08-15,2011-08-21,2011-08-21,105,0,0,0.0
3068,North-West,2011-08-22,2011-08-28,2011-08-28,357,81,1,1.2345679012345678
3069,North-West,2011-08-29,2011-09-04,2011-09-04,0,0,0,0.0
3070,North-West,2011-09-05,2011-09-11,2011-09-11,179,32,1,3.125
3071,North-West,2011-09-12,2011-09-18,2011-09-18,29,7,0,0.0
3072,North-West,2011-09-19,2011-09-25,2011-09-25,91,26,1,3.8461538461538463
3073,North-West,2011-09-26,2011-10-02,2011-10-02,215,34,0,0.0
3074,North-West,2011-10-03,2011-10-09,2011-10-09,21,9,0,0.0
3075,North-West,2011-10-10,2011-10-16,2011-10-16,141,11,0,0.0
3076,North-West,2011-10-17,2011-10-23,2011-10-23,106,29,0,0.0
3077,North-West,2011-10-24,2011-10-30,2011-10-30,73,39,1,2.564102564102564
3078,North-West,2011-10-31,2011-11-06,2011-11-06,212,91,1,1.098901098901099
3079,North-West,2011-11-07,2011-11-13,2011-11-13,0,0,0,0.0
3080,North-West,2011-11-14,2011-11-20,2011-11-20,55,16,0,0.0
3081,North-West,2011-11-21,2011-11-27,2011-11-27,0,0,0,0.0
3082,North-West,2011-11-28,2011-12-04,2011-12-04,5,0,0,0.0
3083,North-West,2011-12-05,2011-12-11,2011-12-11,0,0,0,0.0
3084,North-West,2011-12-12,2011-12-18,2011-12-18,0,0,0,0.0
3085,North-West,2011-12-19,2011-12-25,2011-12-25,0,0,0,0.0
3086,North-West,2011-12-26,2012-01-01,2012-01-01,0,0,0,0.0
3087,North-West,2012-01-02,2012-01-08,2012-01-08,28,0,0,0.0
3088,North-West,2012-01-09,2012-01-15,2012-01-15,66,29,0,0.0
3089,North-West,2012-01-16,2012-01-22,2012-01-22,19,4,0,0.0
3090,North-West,2012-01-23,2012-01-29,2012-01-29,0,0,0,0.0
3091,North-West,2012-01-30,2012-02-05,2012-02-05,0,0,0,0.0
3092,North-West,2012-02-06,2012-02-12,2012-02-12,0,0,0,0.0
3093,North-West,2012-02-13,2012-02-19,2012-02-19,39,0,0,0.0
3094,North-West,2012-02-20,2012-02-26,2012-02-26,13,4,0,0.0
3095,North-West,2012-02-27,2012-03-04,2012-03-04,0,0,0,0.0
3096,North-West,2012-03-05,2012-03-11,2012-03-11,10,3,0,0.0
3097,North-West,2012-03-12,2012-03-18,2012-03-18,0,0,0,0.0
3098,North-West,2012-03-19,2012-03-25,2012-03-25,0,0,0,0.0
3099,North-West,2012-03-26,2012-04-01,2012-04-01,15,9,0,0.0
3100,North-West,2012-04-02,2012-04-08,2012-04-08,60,26,0,0.0
3101,North-West,2012-04-09,2012-04-15,2012-04-15,0,0,0,0.0
3102,North-West,2012-04-16,2012-04-22,2012-04-22,82,0,0,0.0
3103,North-West,2012-04-23,2012-04-29,2012-04-29,56,0,0,0.0
3104,North-West,2012-04-30,2012-05-06,2012-05-06,202,102,1,0.9803921568627451
3105,North-West,2012-05-07,2012-05-13,2012-05-13,240,71,1,1.4084507042253522
3106,North-West,2012-05-14,2012-05-20,2012-05-20,0,0,0,0.0
3107,North-West,2012-05-21,2012-05-27,2012-05-27,0,0,0,0.0
3108,North-West,2012-05-28,2012-06-03,2012-06-03,487,96,2,2.083333333333333
3109,North-West,2012-06-04,2012-06-10,2012-06-10,122,64,1,1.5625
3110,North-West,2012-06-11,2012-06-17,2012-06-17,61,36,1,2.7777777777777777
3111,North-West,2012-06-18,2012-06-24,2012-06-24,27,0,0,0.0
3112,North-West,2012-06-25,2012-07-01,2012-07-01,98,0,0,0.0
3113,North-West,2012-07-02,2012-07-08,2012-07-08,367,139,2,1.4388489208633095
3114,North-West,2012-07-09,2012-07-15,2012-07-15,102,38,1,2.631578947368421
3115,North-West,2012-07-16,2012-07-22,2012-07-22,128,33,1,3.0303030303030303
3116,North-West,2012-07-23,2012-07-29,2012-07-29,184,53,1,1.8867924528301887
3117,North-West,2012-07-30,2012-08-05,2012-08-05,199,29,1,3.4482758620689653
3118,North-West,2012-08-06,2012-08-12,2012-08-12,167,15,0,0.0
3119,North-West,2012-08-13,2012-08-19,2012-08-19,58,36,1,2.7777777777777777
3120,North-West,2012-08-20,2012-08-26,2012-08-26,79,49,1,2.0408163265306123
3121,North-West,2012-08-27,2012-09-02,2012-09-02,396,223,5,2.242152466367713
3122,North-West,2012-09-03,2012-09-09,2012-09-09,197,74,3,4.054054054054054
3123,North-West,2012-09-10,2012-09-16,2012-09-16,275,119,1,0.8403361344537815
3124,North-West,2012-09-17,2012-09-23,2012-09-23,492,184,4,2.1739130434782608
3125,North-West,2012-09-24,2012-09-30,2012-09-30,448,238,6,2.5210084033613445
3126,North-West,2012-10-01,2012-10-07,2012-10-07,338,172,4,2.3255813953488373
3127,North-West,2012-10-08,2012-10-14,2012-10-14,0,0,0,0.0
3128,North-West,2012-10-15,2012-10-21,2012-10-21,114,30,1,3.3333333333333335
3129,North-West,2012-10-22,2012-10-28,2012-10-28,142,36,0,0.0
3130,North-West,2012-10-29,2012-11-04,2012-11-04,189,0,0,0.0
3131,North-West,2012-11-05,2012-11-11,2012-11-11,149,95,1,1.0526315789473684
3132,North-West,2012-11-12,2012-11-18,2012-11-18,24,11,0,0.0
3133,North-West,2012-11-19,2012-11-25,2012-11-25,34,10,0,0.0
3134,North-West,2012-11-26,2012-12-02,2012-12-02,21,11,0,0.0
3135,North-West,2012-12-03,2012-12-09,2012-12-09,85,27,0,0.0
3136,North-West,2012-12-10,2012-12-16,2012-12-16,21,5,0,0.0
3137,North-West,2012-12-17,2012-12-23,2012-12-23,22,0,0,0.0
3138,North-West,2012-12-24,2012-12-30,2012-12-30,52,9,0,0.0
3139,North-West,2012-12-31,2013-01-06,2013-01-06,56,14,0,0.0
3140,North-West,2013-01-07,2013-01-13,2013-01-13,43,26,0,0.0
3141,North-West,2013-01-14,2013-01-20,2013-01-20,0,0,0,0.0
3142,North-West,2013-01-21,2013-01-27,2013-01-27,0,0,0,0.0
3143,North-West,2013-01-28,2013-02-03,2013-02-03,50,27,1,3.7037037037037033
3144,North-West,2013-02-04,2013-02-10,2013-02-10,0,0,0,0.0
3145,North-West,2013-02-11,2013-02-17,2013-02-17,0,0,0,0.0
3146,North-West,2013-02-18,2013-02-24,2013-02-24,100,34,0,0.0
3147,North-West,2013-02-25,2013-03-03,2013-03-03,76,11,0,0.0
3148,North-West,2013-03-04,2013-03-10,2013-03-10,31,0,0,0.0
3149,North-West,2013-03-11,2013-03-17,2013-03-17,122,41,0,0.0
3150,North-West,2013-03-18,2013-03-24,2013-03-24,56,24,1,4.166666666666666
3151,North-West,2013-03-25,2013-03-31,2013-03-31,94,29,1,3.4482758620689653
3152,North-West,2013-04-01,2013-04-07,2013-04-07,0,0,0,0.0
3153,North-West,2013-04-08,2013-04-14,2013-04-14,169,29,0,0.0
3154,North-West,2013-04-15,2013-04-21,2013-04-21,80,31,0,0.0
3155,North-West,2013-04-22,2013-04-28,2013-04-28,111,30,0,0.0
3156,North-West,2013-04-29,2013-05-05,2013-05-05,36,0,0,0.0
3157,North-West,2013-05-06,2013-05-12,2013-05-12,288,106,2,1.8867924528301887
3158,North-West,2013-05-13,2013-05-19,2013-05-19,86,57,1,1.7543859649122806
3159,North-West,2013-05-20,2013-05-26,2013-05-26,363,132,3,2.272727272727273
3160,North-West,2013-05-27,2013-06-02,2013-06-02,259,107,2,1.8691588785046727
3161,North-West,2013-06-03,2013-06-09,2013-06-09,42,19,0,0.0
3162,North-West,2013-06-10,2013-06-16,2013-06-16,142,75,1,1.3333333333333335
3163,North-West,2013-06-17,2013-06-23,2013-06-23,325,140,3,2.142857142857143
3164,North-West,2013-06-24,2013-06-30,2013-06-30,92,32,1,3.125
3165,North-West,2013-07-01,2013-07-07,2013-07-07,74,32,1,3.125
3166,North-West,2013-07-08,2013-07-14,2013-07-14,102,57,1,1.7543859649122806
3167,North-West,2013-07-15,2013-07-21,2013-07-21,223,61,0,0.0
3168,North-West,2013-07-22,2013-07-28,2013-07-28,138,64,2,3.125
3169,North-West,2013-07-29,2013-08-04,2013-08-04,298,102,2,1.9607843137254901
3170,North-West,2013-08-05,2013-08-11,2013-08-11,0,0,0,0.0
3171,North-West,2013-08-12,2013-08-18,2013-08-18,0,0,0,0.0
3172,North-West,2013-08-19,2013-08-25,2013-08-25,336,140,1,0.7142857142857143
3173,North-West,2013-08-26,2013-09-01,2013-09-01,177,45,0,0.0
3174,North-West,2013-09-02,2013-09-08,2013-09-08,53,14,0,0.0
3175,North-West,2013-09-09,2013-09-15,2013-09-15,88,15,0,0.0
3176,North-West,2013-09-16,2013-09-22,2013-09-22,0,0,0,0.0
3177,North-West,2013-09-23,2013-09-29,2013-09-29,189,65,2,3.076923076923077
3178,North-West,2013-09-30,2013-10-06,2013-10-06,232,116,1,0.8620689655172413
3179,North-West,2013-10-07,2013-10-13,2013-10-13,115,29,0,0.0
3180,North-West,2013-10-14,2013-10-20,2013-10-20,48,27,0,0.0
3181,North-West,2013-10-21,2013-10-27,2013-10-27,87,55,1,1.8181818181818181
3182,North-West,2013-10-28,2013-11-03,2013-11-03,142,40,1,2.5
3183,North-West,2013-11-04,2013-11-10,2013-11-10,34,20,0,0.0
3184,North-West,2013-11-11,2013-11-17,2013-11-17,0,0,0,0.0
3185,North-West,2013-11-18,2013-11-24,2013-11-24,19,5,0,0.0
3186,North-West,2013-11-25,2013-12-01,2013-12-01,30,19,1,5.263157894736842
3187,North-West,2013-12-02,2013-12-08,2013-12-08,45,17,0,0.0
3188,North-West,2013-12-09,2013-12-15,2013-12-15,18,0,0,0.0
3189,North-West,2013-12-16,2013-12-22,2013-12-22,30,17,1,5.88235294117647
3190,North-West,2013-12-23,2013-12-29,2013-12-29,64,20,0,0.0
3191,North-West,2013-12-30,2014-01-05,2014-01-05,4,1,0,0.0
3192,North-West,2014-01-06,2014-01-12,2014-01-12,32,6,0,0.0
3193,North-West,2014-01-13,2014-01-19,2014-01-19,22,0,0,0.0
3194,North-West,2014-01-20,2014-01-26,2014-01-26,43,2,0,0.0
3195,North-West,2014-01-27,2014-02-02,2014-02-02,60,8,0,0.0
3196,North-West,2014-02-03,2014-02-09,2014-02-09,17,6,0,0.0
3197,North-West,2014-02-10,2014-02-16,2014-02-16,25,16,0,0.0
3198,North-West,2014-02-17,2014-02-23,2014-02-23,24,8,0,0.0
3199,North-West,2014-02-24,2014-03-02,2014-03-02,0,0,0,0.0
3200,North-West,2014-03-03,2014-03-09,2014-03-09,20,8,0,0.0
3201,North-West,2014-03-10,2014-03-16,2014-03-16,62,5,0,0.0
3202,North-West,2014-03-17,2014-03-23,2014-03-23,26,0,0,0.0
3203,North-West,2014-03-24,2014-03-30,2014-03-30,130,36,1,2.7777777777777777
3204,North-West,2014-03-31,2014-04-06,2014-04-06,58,31,2,6.451612903225806
3205,North-West,2014-04-07,2014-04-13,2014-04-13,54,18,0,0.0
3206,North-West,2014-04-14,2014-04-20,2014-04-20,242,124,4,3.225806451612903
3207,North-West,2014-04-21,2014-04-27,2014-04-27,62,37,0,0.0
3208,North-West,2014-04-28,2014-05-04,2014-05-04,74,31,2,6.451612903225806
3209,North-West,2014-05-05,2014-05-11,2014-05-11,103,62,0,0.0
3210,North-West,2014-05-12,2014-05-18,2014-05-18,116,30,1,3.3333333333333335
3211,North-West,2014-05-19,2014-05-25,2014-05-25,298,48,1,2.083333333333333
3212,North-West,2014-05-26,2014-06-01,2014-06-01,66,29,0,0.0
3213,North-West,2014-06-02,2014-06-08,2014-06-08,33,19,0,0.0
3214,North-West,2014-06-09,2014-06-15,2014-06-15,0,0,0,0.0
3215,North-West,2014-06-16,2014-06-22,2014-06-22,151,48,2,4.166666666666666
3216,North-West,2014-06-23,2014-06-29,2014-06-29,0,0,0,0.0
3217,North-West,2014-06-30,2014-07-06,2014-07-06,522,95,2,2.1052631578947367
3218,North-West,2014-07-07,2014-07-13,2014-07-13,112,0,0,0.0
3219,North-West,2014-07-14,2014-07-20,2014-07-20,0,0,0,0.0
3220,North-West,2014-07-21,2014-07-27,2014-07-27,252,12,0,0.0
3221,North-West,2014-07-28,2014-08-03,2014-08-03,185,79,1,1.2658227848101267
3222,North-West,2014-08-04,2014-08-10,2014-08-10,24,10,0,0.0
3223,North-West,2014-08-11,2014-08-17,2014-08-17,277,128,1,0.78125
3224,North-West,2014-08-18,2014-08-24,2014-08-24,166,65,0,0.0
3225,North-West,2014-08-25,2014-08-31,2014-08-31,239,63,1,1.5873015873015872
3226,North-West,2014-09-01,2014-09-07,2014-09-07,76,48,1,2.083333333333333
3227,North-West,2014-09-08,2014-09-14,2014-09-14,172,0,0,0.0
3228,North-West,2014-09-15,2014-09-21,2014-09-21,211,89,1,1.1235955056179776
3229,North-West,2014-09-22,2014-09-28,2014-09-28,363,146,3,2.054794520547945
3230,North-West,2014-09-29,2014-10-05,2014-10-05,74,20,0,0.0
3231,North-West,2014-10-06,2014-10-12,2014-10-12,112,48,1,2.083333333333333
3232,North-West,2014-10-13,2014-10-19,2014-10-19,0,0,0,0.0
3233,North-West,2014-10-20,2014-10-26,2014-10-26,150,10,0,0.0
3234,North-West,2014-10-27,2014-11-02,2014-11-02,91,46,1,2.1739130434782608
3235,North-West,2014-11-03,2014-11-09,2014-11-09,42,24,0,0.0
3236,North-West,2014-11-10,2014-11-16,2014-11-16,163,45,1,2.2222222222222223
3237,North-West,2014-11-17,2014-11-23,2014-11-23,49,6,0,0.0
3238,North-West,2014-11-24,2014-11-30,2014-11-30,17,0,0,0.0
3239,North-West,2014-12-01,2014-12-07,2014-12-07,24,10,0,0.0
3240,North-West,2014-12-08,2014-12-14,2014-12-14,122,30,0,0.0
3241,North-West,2014-12-15,2014-12-21,2014-12-21,32,9,0,0.0
3242,North-West,2014-12-22,2014-12-28,2014-12-28,107,16,0,0.0
3243,North-West,2014-12-29,2015-01-04,2015-01-04,2,1,0,0.0
3244,North-West,2015-01-05,2015-01-11,2015-01-11,112,0,0,0.0
3245,North-West,2015-01-12,2015-01-18,2015-01-18,0,0,0,0.0
3246,North-West,2015-01-19,2015-01-25,2015-01-25,19,6,0,0.0
3247,North-West,2015-01-26,2015-02-01,2015-02-01,34,9,0,0.0
3248,North-West,2015-02-02,2015-02-08,2015-02-08,80,10,0,0.0
3249,North-West,2015-02-09,2015-02-15,2015-02-15,85,21,1,4.761904761904762
3250,North-West,2015-02-16,2015-02-22,2015-02-22,52,0,0,0.0
3251,North-West,2015-02-23,2015-03-01,2015-03-01,146,38,0,0.0
3252,North-West,2015-03-02,2015-03-08,2015-03-08,102,21,0,0.0
3253,North-West,2015-03-09,2015-03-15,2015-03-15,10,0,0,0.0
3254,North-West,2015-03-16,2015-03-22,2015-03-22,79,42,0,0.0
3255,North-West,2015-03-23,2015-03-29,2015-03-29,18,5,0,0.0
3256,North-West,2015-03-30,2015-04-05,2015-04-05,110,59,0,0.0
3257,North-West,2015-04-06,2015-04-12,2015-04-12,102,0,0,0.0
3258,North-West,2015-04-13,2015-04-19,2015-04-19,0,0,0,0.0
3259,North-West,2015-04-20,2015-04-26,2015-04-26,17,0,0,0.0
3260,North-West,2015-04-27,2015-05-03,2015-05-03,45,29,0,0.0
3261,North-West,2015-05-04,2015-05-10,2015-05-10,123,65,0,0.0
3262,North-West,2015-05-11,2015-05-17,2015-05-17,47,30,0,0.0
3263,North-West,2015-05-18,2015-05-24,2015-05-24,127,22,0,0.0
3264,North-West,2015-05-25,2015-05-31,2015-05-31,49,0,0,0.0
3265,North-West,2015-06-01,2015-06-07,2015-06-07,241,84,1,1.1904761904761905
3266,North-West,2015-06-08,2015-06-14,2015-06-14,126,8,0,0.0
3267,North-West,2015-06-15,2015-06-21,2015-06-21,164,68,1,1.4705882352941175
3268,North-West,2015-06-22,2015-06-28,2015-06-28,73,23,0,0.0
3269,North-West,2015-06-29,2015-07-05,2015-07-05,155,0,0,0.0
3270,North-West,2015-07-06,2015-07-12,2015-07-12,153,18,0,0.0
3271,North-West,2015-07-13,2015-07-19,2015-07-19,0,0,0,0.0
3272,North-West,2015-07-20,2015-07-26,2015-07-26,0,0,0,0.0
3273,North-West,2015-07-27,2015-08-02,2015-08-02,855,372,7,1.881720430107527
3274,North-West,2015-08-03,2015-08-09,2015-08-09,0,0,0,0.0
3275,North-West,2015-08-10,2015-08-16,2015-08-16,135,61,1,1.639344262295082
3276,North-West,2015-08-17,2015-08-23,2015-08-23,58,14,0,0.0
3277,North-West,2015-08-24,2015-08-30,2015-08-30,102,59,1,1.694915254237288
3278,North-West,2015-08-31,2015-09-06,2015-09-06,550,126,4,3.1746031746031744
3279,North-West,2015-09-07,2015-09-13,2015-09-13,60,29,0,0.0
3280,North-West,2015-09-14,2015-09-20,2015-09-20,60,16,0,0.0
3281,North-West,2015-09-21,2015-09-27,2015-09-27,476,38,0,0.0
3282,North-West,2015-09-28,2015-10-04,2015-10-04,0,0,0,0.0
3283,North-West,2015-10-05,2015-10-11,2015-10-11,167,35,1,2.857142857142857
3284,North-West,2015-10-12,2015-10-18,2015-10-18,596,270,3,1.1111111111111112
3285,North-West,2015-10-19,2015-10-25,2015-10-25,461,157,7,4.45859872611465
3286,North-West,2015-10-26,2015-11-01,2015-11-01,243,81,0,0.0
3287,North-West,2015-11-02,2015-11-08,2015-11-08,181,35,0,0.0
3288,North-West,2015-11-09,2015-11-15,2015-11-15,64,0,0,0.0
3289,North-West,2015-11-16,2015-11-22,2015-11-22,47,0,0,0.0
3290,North-West,2015-11-23,2015-11-29,2015-11-29,41,10,0,0.0
3291,North-West,2015-11-30,2015-12-06,2015-12-06,3,0,0,0.0
3292,North-West,2015-12-07,2015-12-13,2015-12-13,65,0,0,0.0
3293,North-West,2015-12-14,2015-12-20,2015-12-20,0,0,0,0.0
3294,North-West,2015-12-21,2015-12-27,2015-12-27,0,0,0,0.0
3295,North-West,2016-01-04,2016-01-10,2016-01-10,0,0,0,0.0
3296,North-West,2016-01-11,2016-01-17,2016-01-17,0,0,0,0.0
3297,North-West,2016-01-18,2016-01-24,2016-01-24,21,12,0,0.0
3298,North-West,2016-01-25,2016-01-31,2016-01-31,60,26,0,0.0
3299,North-West,2016-02-01,2016-02-07,2016-02-07,0,0,0,0.0
3300,North-West,2016-02-08,2016-02-14,2016-02-14,9,0,0,0.0
3301,North-West,2016-02-15,2016-02-21,2016-02-21,0,0,0,0.0
3302,North-West,2016-02-22,2016-02-28,2016-02-28,27,9,0,0.0
3303,North-West,2016-02-29,2016-03-06,2016-03-06,171,23,0,0.0
3304,North-West,2016-03-07,2016-03-13,2016-03-13,59,27,0,0.0
3305,North-West,2016-03-14,2016-03-20,2016-03-20,193,98,2,2.0408163265306123
3306,North-West,2016-03-21,2016-03-27,2016-03-27,103,0,0,0.0
3307,North-West,2016-03-28,2016-04-03,2016-04-03,29,0,0,0.0
3308,North-West,2016-04-04,2016-04-10,2016-04-10,101,52,0,0.0
3309,North-West,2016-04-11,2016-04-17,2016-04-17,432,88,2,2.272727272727273
3310,North-West,2016-04-18,2016-04-24,2016-04-24,0,0,0,0.0
3311,North-West,2016-04-25,2016-05-01,2016-05-01,483,162,2,1.2345679012345678
3312,North-West,2016-05-02,2016-05-08,2016-05-08,43,14,0,0.0
3313,North-West,2016-05-09,2016-05-15,2016-05-15,22,6,0,0.0
3314,North-West,2016-05-16,2016-05-22,2016-05-22,375,157,1,0.6369426751592357
3315,North-West,2016-05-23,2016-05-29,2016-05-29,457,65,2,3.076923076923077
3316,North-West,2016-05-30,2016-06-05,2016-06-05,108,0,0,0.0
3317,North-West,2016-06-06,2016-06-12,2016-06-12,210,73,1,1.36986301369863
3318,North-West,2016-06-13,2016-06-19,2016-06-19,160,8,0,0.0
3319,North-West,2016-06-20,2016-06-26,2016-06-26,112,0,0,0.0
3320,North-West,2016-06-27,2016-07-03,2016-07-03,126,17,0,0.0
3321,North-West,2016-07-04,2016-07-10,2016-07-10,85,58,1,1.7241379310344827
3322,North-West,2016-07-11,2016-07-17,2016-07-17,179,46,0,0.0
3323,North-West,2016-07-18,2016-07-24,2016-07-24,0,0,0,0.0
3324,North-West,2016-07-25,2016-07-31,2016-07-31,355,138,3,2.1739130434782608
3325,North-West,2016-08-01,2016-08-07,2016-08-07,190,90,0,0.0
3326,North-West,2016-08-08,2016-08-14,2016-08-14,0,0,0,0.0
3327,North-West,2016-08-15,2016-08-21,2016-08-21,302,74,1,1.3513513513513513
3328,North-West,2016-08-22,2016-08-28,2016-08-28,581,0,0,0.0
3329,North-West,2016-08-29,2016-09-04,2016-09-04,182,82,2,2.4390243902439024
3330,North-West,2016-09-05,2016-09-11,2016-09-11,276,86,2,2.3255813953488373
3331,North-West,2016-09-12,2016-09-18,2016-09-18,260,110,1,0.9090909090909091
3332,North-West,2016-09-19,2016-09-25,2016-09-25,120,23,0,0.0
3333,North-West,2016-09-26,2016-10-02,2016-10-02,162,0,0,0.0
3334,North-West,2016-10-03,2016-10-09,2016-10-09,296,67,2,2.9850746268656714
3335,North-West,2016-10-10,2016-10-16,2016-10-16,375,58,0,0.0
3336,North-West,2016-10-17,2016-10-23,2016-10-23,331,126,3,2.380952380952381
3337,North-West,2016-10-24,2016-10-30,2016-10-30,112,19,0,0.0
3338,North-West,2016-10-31,2016-11-06,2016-11-06,115,16,0,0.0
3339,North-West,2016-11-07,2016-11-13,2016-11-13,0,0,0,0.0
3340,North-West,2016-11-14,2016-11-20,2016-11-20,80,37,0,0.0
3341,North-West,2016-11-21,2016-11-27,2016-11-27,0,0,0,0.0
3342,North-West,2016-11-28,2016-12-04,2016-12-04,37,14,0,0.0
3343,North-West,2016-12-05,2016-12-11,2016-12-11,31,0,0,0.0
3344,North-West,2016-12-12,2016-12-18,2016-12-18,0,0,0,0.0
3345,North-West,2016-12-19,2016-12-25,2016-12-25,70,23,1,4.3478260869565215
3346,North-West,2016-12-26,2017-01-01,2017-01-01,16,8,0,0.0
3347,North-West,2017-01-02,2017-01-08,2017-01-08,124,12,0,0.0
3348,North-West,2017-01-09,2017-01-15,2017-01-15,0,0,0,0.0
3349,North-West,2017-01-16,2017-01-22,2017-01-22,43,0,0,0.0
3350,North-West,2017-01-23,2017-01-29,2017-01-29,8,0,0,0.0
3351,North-West,2017-01-30,2017-02-05,2017-02-05,32,12,0,0.0
3352,North-West,2017-02-06,2017-02-12,2017-02-12,19,0,0,0.0
3353,North-West,2017-02-13,2017-02-19,2017-02-19,41,14,0,0.0
3354,North-West,2017-02-20,2017-02-26,2017-02-26,30,12,0,0.0
3355,North-West,2017-02-27,2017-03-05,2017-03-05,56,23,0,0.0
3356,North-West,2017-03-06,2017-03-12,2017-03-12,145,43,0,0.0
3357,North-West,2017-03-13,2017-03-19,2017-03-19,16,7,0,0.0
3358,North-West,2017-03-20,2017-03-26,2017-03-26,0,0,0,0.0
3359,North-West,2017-03-27,2017-04-02,2017-04-02,17,0,0,0.0
3360,North-West,2017-04-03,2017-04-09,2017-04-09,0,0,0,0.0
3361,North-West,2017-04-10,2017-04-16,2017-04-16,106,11,0,0.0
3362,North-West,2017-04-17,2017-04-23,2017-04-23,51,24,0,0.0
3363,North-West,2017-04-24,2017-04-30,2017-04-30,29,14,1,7.142857142857142
3364,North-West,2017-05-01,2017-05-07,2017-05-07,495,148,3,2.027027027027027
3365,North-West,2017-05-08,2017-05-14,2017-05-14,0,0,0,0.0
3366,North-West,2017-05-15,2017-05-21,2017-05-21,249,57,0,0.0
3367,North-West,2017-05-22,2017-05-28,2017-05-28,187,90,3,3.3333333333333335
3368,North-West,2017-05-29,2017-06-04,2017-06-04,26,3,0,0.0
3369,North-West,2017-06-05,2017-06-11,2017-06-11,100,34,1,2.941176470588235
3370,North-West,2017-06-12,2017-06-18,2017-06-18,134,76,2,2.631578947368421
3371,North-West,2017-06-19,2017-06-25,2017-06-25,71,15,0,0.0
3372,North-West,2017-06-26,2017-07-02,2017-07-02,243,127,2,1.574803149606299
3373,North-West,2017-07-03,2017-07-09,2017-07-09,370,58,1,1.7241379310344827
3374,North-West,2017-07-10,2017-07-16,2017-07-16,213,56,1,1.7857142857142856
3375,North-West,2017-07-17,2017-07-23,2017-07-23,157,27,1,3.7037037037037033
3376,North-West,2017-07-24,2017-07-30,2017-07-30,224,27,0,0.0
3377,North-West,2017-07-31,2017-08-06,2017-08-06,41,0,0,0.0
3378,North-West,2017-08-07,2017-08-13,2017-08-13,645,274,7,2.5547445255474455
3379,North-West,2017-08-14,2017-08-20,2017-08-20,489,292,5,1.7123287671232876
3380,North-West,2017-08-21,2017-08-27,2017-08-27,61,34,0,0.0
3381,North-West,2017-08-28,2017-09-03,2017-09-03,356,120,3,2.5
3382,North-West,2017-09-04,2017-09-10,2017-09-10,351,38,1,2.631578947368421
3383,North-West,2017-09-11,2017-09-17,2017-09-17,120,24,1,4.166666666666666
3384,North-West,2017-09-18,2017-09-24,2017-09-24,93,57,2,3.508771929824561
3385,North-West,2017-09-25,2017-10-01,2017-10-01,279,85,2,2.3529411764705883
3386,North-West,2017-10-02,2017-10-08,2017-10-08,87,0,0,0.0
3387,North-West,2017-10-09,2017-10-15,2017-10-15,202,94,2,2.127659574468085
3388,North-West,2017-10-16,2017-10-22,2017-10-22,58,0,0,0.0
3389,North-West,2017-10-23,2017-10-29,2017-10-29,51,0,0,0.0
3390,North-West,2017-10-30,2017-11-05,2017-11-05,58,15,0,0.0
3391,North-West,2017-11-06,2017-11-12,2017-11-12,0,0,0,0.0
3392,North-West,2017-11-13,2017-11-19,2017-11-19,42,20,0,0.0
3393,North-West,2017-11-20,2017-11-26,2017-11-26,55,4,0,0.0
3394,North-West,2017-11-27,2017-12-03,2017-12-03,20,8,0,0.0
3395,North-West,2017-12-04,2017-12-10,2017-12-10,83,10,0,0.0
3396,North-West,2017-12-11,2017-12-17,2017-12-17,24,5,0,0.0
3397,North-West,2017-12-18,2017-12-24,2017-12-24,0,0,0,0.0
3398,North-West,2017-12-25,2017-12-31,2017-12-31,0,0,0,0.0
3399,North-West,2018-01-01,2018-01-07,2018-01-07,17,11,0,0.0
3400,North-West,2018-01-01,2018-12-30,2018-12-30,320,135,2,1.4814814814814816
3401,North-West,2018-01-08,2018-01-14,2018-01-14,0,0,0,0.0
3402,North-West,2018-01-15,2018-01-21,2018-01-21,41,16,0,0.0
3403,North-West,2018-01-22,2018-01-28,2018-01-28,61,34,0,0.0
3404,North-West,2018-01-29,2018-02-04,2018-02-04,56,31,0,0.0
3405,North-West,2018-02-05,2018-02-11,2018-02-11,44,0,0,0.0
3406,North-West,2018-02-12,2018-02-18,2018-02-18,37,23,0,0.0
3407,North-West,2018-02-19,2018-02-25,2018-02-25,0,0,0,0.0
3408,North-West,2018-02-26,2018-03-04,2018-03-04,66,0,0,0.0
3409,North-West,2018-03-05,2018-03-11,2018-03-11,41,0,1,0.0
3410,North-West,2018-03-12,2018-03-18,2018-03-18,120,59,1,1.694915254237288
3411,North-West,2018-03-19,2018-03-25,2018-03-25,0,0,0,0.0
3412,North-West,2018-03-26,2018-04-01,2018-04-01,22,6,0,0.0
3413,North-West,2018-04-02,2018-04-08,2018-04-08,230,96,4,4.166666666666666
3414,North-West,2018-04-09,2018-04-15,2018-04-15,1,0,0,0.0
3415,North-West,2018-04-16,2018-04-22,2018-04-22,0,0,0,0.0
3416,North-West,2018-04-23,2018-04-29,2018-04-29,0,0,0,0.0
3417,North-West,2018-04-30,2018-05-06,2018-05-06,34,0,1,0.0
3418,North-West,2018-05-07,2018-05-13,2018-05-13,34,0,0,0.0
3419,North-West,2018-05-14,2018-05-20,2018-05-20,26,17,0,0.0
3420,North-West,2018-05-21,2018-05-27,2018-05-27,99,53,1,1.8867924528301887
3421,North-West,2018-05-28,2018-06-03,2018-06-03,0,0,0,0.0
3422,North-West,2018-06-04,2018-06-10,2018-06-10,0,0,0,0.0
3423,North-West,2018-06-11,2018-06-17,2018-06-17,199,47,1,2.127659574468085
3424,North-West,2018-06-18,2018-06-24,2018-06-24,301,0,0,0.0
3425,North-West,2018-06-25,2018-07-01,2018-07-01,0,0,0,0.0
3426,North-West,2018-07-02,2018-07-08,2018-07-08,0,0,0,0.0
3427,North-West,2018-07-09,2018-07-15,2018-07-15,0,0,0,0.0
3428,North-West,2018-07-16,2018-07-22,2018-07-22,210,105,1,0.9523809523809524
3429,North-West,2018-07-23,2018-07-29,2018-07-29,116,29,1,3.4482758620689653
3430,North-West,2018-07-30,2018-08-05,2018-08-05,53,16,0,0.0
3431,North-West,2018-08-06,2018-08-12,2018-08-12,104,53,1,1.8867924528301887
3432,North-West,2018-08-13,2018-08-19,2018-08-19,50,13,0,0.0
3433,North-West,2018-08-20,2018-08-26,2018-08-26,0,0,0,0.0
3434,North-West,2018-08-27,2018-09-02,2018-09-02,0,0,0,0.0
3435,North-West,2018-09-03,2018-09-09,2018-09-09,245,115,0,0.0
3436,North-West,2018-09-10,2018-09-16,2018-09-16,0,0,0,0.0
3437,North-West,2018-09-17,2018-09-23,2018-09-23,172,39,0,0.0
3438,North-West,2018-09-24,2018-09-30,2018-09-30,0,0,0,0.0
3439,North-West,2018-10-01,2018-10-07,2018-10-07,0,0,0,0.0
3440,North-West,2018-10-08,2018-10-14,2018-10-14,0,0,0,0.0
3441,North-West,2018-10-15,2018-10-21,2018-10-21,69,32,0,0.0
3442,North-West,2018-10-22,2018-10-28,2018-10-28,259,72,2,2.7777777777777777
3443,North-West,2018-10-29,2018-11-04,2018-11-04,34,19,0,0.0
3444,North-West,2018-11-05,2018-11-11,2018-11-11,73,42,0,0.0
3445,North-West,2018-11-12,2018-11-18,2018-11-18,15,5,0,0.0
3446,North-West,2018-11-19,2018-11-25,2018-11-25,19,6,0,0.0
3447,North-West,2018-11-26,2018-12-02,2018-12-02,17,0,0,0.0
3448,North-West,2018-12-10,2018-12-16,2018-12-16,51,0,0,0.0
3449,North-West,2018-12-17,2018-12-23,2018-12-23,0,0,0,0.0
3450,North-West,2018-12-24,2018-12-30,2018-12-30,2,1,0,0.0
3451,North-West,2018-12-31,2019-01-06,2019-01-06,0,0,0,0.0
3452,North-West,2018-12-31,2019-12-29,2019-12-29,0,0,0,0.0
3453,North-West,2019-01-07,2019-01-13,2019-01-13,27,7,0,0.0
3454,North-West,2019-01-14,2019-01-20,2019-01-20,0,0,0,0.0
3455,North-West,2019-01-21,2019-01-27,2019-01-27,41,22,0,0.0
3456,North-West,2019-01-28,2019-02-03,2019-02-03,7,4,0,0.0
3457,North-West,2019-02-04,2019-02-10,2019-02-10,56,33,0,0.0
3458,North-West,2019-02-11,2019-02-17,2019-02-17,26,12,0,0.0
3459,North-West,2019-02-18,2019-02-24,2019-02-24,24,0,0,0.0
3460,North-West,2019-02-25,2019-03-03,2019-03-03,53,0,0,0.0
3461,North-West,2019-03-04,2019-03-10,2019-03-10,0,0,0,0.0
3462,North-West,2019-03-11,2019-03-17,2019-03-17,43,13,0,0.0
3463,North-West,2019-03-18,2019-03-24,2019-03-24,0,0,0,0.0
3464,North-West,2019-05-13,2019-05-19,2019-05-19,287,195,6,3.076923076923077
3465,South,2010-01-04,2010-01-10,2010-01-10,0,0,0,0.0
3466,South,2010-01-11,2010-01-17,2010-01-17,0,0,0,0.0
3467,South,2010-01-18,2010-01-24,2010-01-24,0,0,0,0.0
3468,South,2010-01-25,2010-01-31,2010-01-31,0,0,0,0.0
3469,South,2010-02-01,2010-02-07,2010-02-07,0,0,0,0.0
3470,South,2010-02-08,2010-02-14,2010-02-14,0,0,0,0.0
3471,South,2010-02-15,2010-02-21,2010-02-21,48,12,0,0.0
3472,South,2010-02-22,2010-02-28,2010-02-28,0,0,0,0.0
3473,South,2010-03-01,2010-03-07,2010-03-07,0,0,0,0.0
3474,South,2010-03-08,2010-03-14,2010-03-14,26,6,0,0.0
3475,South,2010-03-15,2010-03-21,2010-03-21,19,6,0,0.0
3476,South,2010-03-22,2010-03-28,2010-03-28,0,0,0,0.0
3477,South,2010-03-29,2010-04-04,2010-04-04,0,0,0,0.0
3478,South,2010-04-05,2010-04-11,2010-04-11,69,29,1,3.4482758620689653
3479,South,2010-04-12,2010-04-18,2010-04-18,82,38,1,2.631578947368421
3480,South,2010-04-19,2010-04-25,2010-04-25,62,25,1,4.0
3481,South,2010-04-26,2010-05-02,2010-05-02,0,0,0,0.0
3482,South,2010-05-03,2010-05-09,2010-05-09,0,0,0,0.0
3483,South,2010-05-10,2010-05-16,2010-05-16,0,0,0,0.0
3484,South,2010-05-17,2010-05-23,2010-05-23,60,29,1,3.4482758620689653
3485,South,2010-05-24,2010-05-30,2010-05-30,0,0,0,0.0
3486,South,2010-05-31,2010-06-06,2010-06-06,0,0,0,0.0
3487,South,2010-06-07,2010-06-13,2010-06-13,0,0,0,0.0
3488,South,2010-06-14,2010-06-20,2010-06-20,0,0,0,0.0
3489,South,2010-06-21,2010-06-27,2010-06-27,0,0,0,0.0
3490,South,2010-06-28,2010-07-04,2010-07-04,29,1,0,0.0
3491,South,2010-07-05,2010-07-11,2010-07-11,0,0,0,0.0
3492,South,2010-07-12,2010-07-18,2010-07-18,0,0,0,0.0
3493,South,2010-07-19,2010-07-25,2010-07-25,24,16,0,0.0
3494,South,2010-07-26,2010-08-01,2010-08-01,30,0,0,0.0
3495,South,2010-08-02,2010-08-08,2010-08-08,98,0,0,0.0
3496,South,2010-08-09,2010-08-15,2010-08-15,35,18,0,0.0
3497,South,2010-08-16,2010-08-22,2010-08-22,0,0,0,0.0
3498,South,2010-08-23,2010-08-29,2010-08-29,0,0,0,0.0
3499,South,2010-08-30,2010-09-05,2010-09-05,0,0,0,0.0
3500,South,2010-09-06,2010-09-12,2010-09-12,0,0,0,0.0
3501,South,2010-09-13,2010-09-19,2010-09-19,109,10,0,0.0
3502,South,2010-09-20,2010-09-26,2010-09-26,141,50,1,2.0
3503,South,2010-09-27,2010-10-03,2010-10-03,0,0,0,0.0
3504,South,2010-10-04,2010-10-10,2010-10-10,35,8,0,0.0
3505,South,2010-10-11,2010-10-17,2010-10-17,40,0,0,0.0
3506,South,2010-10-18,2010-10-24,2010-10-24,40,22,0,0.0
3507,South,2010-10-25,2010-10-31,2010-10-31,119,0,0,0.0
3508,South,2010-11-01,2010-11-07,2010-11-07,93,27,1,3.7037037037037033
3509,South,2010-11-08,2010-11-14,2010-11-14,58,21,0,0.0
3510,South,2010-11-15,2010-11-21,2010-11-21,36,9,0,0.0
3511,South,2010-11-22,2010-11-28,2010-11-28,0,0,0,0.0
3512,South,2010-11-29,2010-12-05,2010-12-05,0,0,0,0.0
3513,South,2010-12-06,2010-12-12,2010-12-12,63,9,0,0.0
3514,South,2010-12-13,2010-12-19,2010-12-19,12,5,0,0.0
3515,South,2010-12-20,2010-12-26,2010-12-26,0,0,0,0.0
3516,South,2010-12-27,2011-01-02,2011-01-02,0,0,0,0.0
3517,South,2011-01-01,2011-09-22,2011-09-22,254,72,2,2.7777777777777777
3518,South,2011-01-03,2011-01-09,2011-01-09,0,0,0,0.0
3519,South,2011-01-10,2011-01-16,2011-01-16,94,30,1,3.3333333333333335
3520,South,2011-01-17,2011-01-23,2011-01-23,18,10,0,0.0
3521,South,2011-01-24,2011-01-30,2011-01-30,0,0,0,0.0
3522,South,2011-01-31,2011-02-06,2011-02-06,0,0,0,0.0
3523,South,2011-02-07,2011-02-13,2011-02-13,0,0,0,0.0
3524,South,2011-02-14,2011-02-20,2011-02-20,207,55,0,0.0
3525,South,2011-02-21,2011-02-27,2011-02-27,9,3,0,0.0
3526,South,2011-02-28,2011-03-06,2011-03-06,0,0,0,0.0
3527,South,2011-03-07,2011-03-13,2011-03-13,38,21,0,0.0
3528,South,2011-03-14,2011-03-20,2011-03-20,0,0,0,0.0
3529,South,2011-03-21,2011-03-27,2011-03-27,0,0,0,0.0
3530,South,2011-03-28,2011-04-03,2011-04-03,84,27,0,0.0
3531,South,2011-04-04,2011-04-10,2011-04-10,322,140,1,0.7142857142857143
3532,South,2011-04-11,2011-04-17,2011-04-17,135,61,2,3.278688524590164
3533,South,2011-04-18,2011-04-24,2011-04-24,105,52,1,1.9230769230769231
3534,South,2011-04-25,2011-05-01,2011-05-01,133,71,2,2.8169014084507045
3535,South,2011-05-02,2011-05-08,2011-05-08,51,25,1,4.0
3536,South,2011-05-09,2011-05-15,2011-05-15,0,0,0,0.0
3537,South,2011-05-16,2011-05-22,2011-05-22,0,0,0,0.0
3538,South,2011-05-23,2011-05-29,2011-05-29,78,29,0,0.0
3539,South,2011-05-30,2011-06-05,2011-06-05,0,0,0,0.0
3540,South,2011-06-06,2011-06-12,2011-06-12,0,0,0,0.0
3541,South,2011-06-13,2011-06-19,2011-06-19,0,0,0,0.0
3542,South,2011-06-20,2011-06-26,2011-06-26,104,33,0,0.0
3543,South,2011-06-27,2011-07-03,2011-07-03,31,17,0,0.0
3544,South,2011-07-04,2011-07-10,2011-07-10,0,0,0,0.0
3545,South,2011-07-11,2011-07-17,2011-07-17,0,0,0,0.0
3546,South,2011-07-18,2011-07-24,2011-07-24,0,0,0,0.0
3547,South,2011-07-25,2011-07-31,2011-07-31,22,14,0,0.0
3548,South,2011-08-01,2011-08-07,2011-08-07,93,28,1,3.571428571428571
3549,South,2011-08-08,2011-08-14,2011-08-14,0,0,0,0.0
3550,South,2011-08-15,2011-08-21,2011-08-21,68,36,0,0.0
3551,South,2011-08-22,2011-08-28,2011-08-28,46,28,1,3.571428571428571
3552,South,2011-08-29,2011-09-04,2011-09-04,102,62,1,1.6129032258064515
3553,South,2011-09-05,2011-09-11,2011-09-11,0,0,0,0.0
3554,South,2011-09-12,2011-09-18,2011-09-18,117,51,0,0.0
3555,South,2011-09-19,2011-09-25,2011-09-25,148,35,0,0.0
3556,South,2011-09-26,2011-10-02,2011-10-02,205,52,2,3.8461538461538463
3557,South,2011-10-03,2011-10-09,2011-10-09,53,29,0,0.0
3558,South,2011-10-10,2011-10-16,2011-10-16,414,111,3,2.7027027027027026
3559,South,2011-10-17,2011-10-23,2011-10-23,37,18,0,0.0
3560,South,2011-10-24,2011-10-30,2011-10-30,25,0,0,0.0
3561,South,2011-10-31,2011-11-06,2011-11-06,0,0,0,0.0
3562,South,2011-11-07,2011-11-13,2011-11-13,65,0,0,0.0
3563,South,2011-11-14,2011-11-20,2011-11-20,0,0,0,0.0
3564,South,2011-11-21,2011-11-27,2011-11-27,0,0,0,0.0
3565,South,2011-11-28,2011-12-04,2011-12-04,0,0,0,0.0
3566,South,2011-12-05,2011-12-11,2011-12-11,0,0,0,0.0
3567,South,2011-12-12,2011-12-18,2011-12-18,0,0,0,0.0
3568,South,2011-12-19,2011-12-25,2011-12-25,0,0,0,0.0
3569,South,2011-12-26,2012-01-01,2012-01-01,9,4,0,0.0
3570,South,2012-01-02,2012-01-08,2012-01-08,22,11,0,0.0
3571,South,2012-01-09,2012-01-15,2012-01-15,92,34,1,2.941176470588235
3572,South,2012-01-16,2012-01-22,2012-01-22,0,0,0,0.0
3573,South,2012-01-23,2012-01-29,2012-01-29,0,0,0,0.0
3574,South,2012-01-30,2012-02-05,2012-02-05,0,0,0,0.0
3575,South,2012-02-06,2012-02-12,2012-02-12,0,0,0,0.0
3576,South,2012-02-13,2012-02-19,2012-02-19,70,36,0,0.0
3577,South,2012-02-20,2012-02-26,2012-02-26,46,18,0,0.0
3578,South,2012-02-27,2012-03-04,2012-03-04,20,0,0,0.0
3579,South,2012-03-05,2012-03-11,2012-03-11,0,0,0,0.0
3580,South,2012-03-12,2012-03-18,2012-03-18,70,0,0,0.0
3581,South,2012-03-19,2012-03-25,2012-03-25,42,0,0,0.0
3582,South,2012-03-26,2012-04-01,2012-04-01,0,0,0,0.0
3583,South,2012-04-02,2012-04-08,2012-04-08,34,16,0,0.0
3584,South,2012-04-09,2012-04-15,2012-04-15,92,16,0,0.0
3585,South,2012-04-16,2012-04-22,2012-04-22,154,81,0,0.0
3586,South,2012-04-23,2012-04-29,2012-04-29,0,0,0,0.0
3587,South,2012-04-30,2012-05-06,2012-05-06,82,0,0,0.0
3588,South,2012-05-07,2012-05-13,2012-05-13,73,0,0,0.0
3589,South,2012-05-14,2012-05-20,2012-05-20,9,3,0,0.0
3590,South,2012-05-21,2012-05-27,2012-05-27,250,43,1,2.3255813953488373
3591,South,2012-05-28,2012-06-03,2012-06-03,0,0,0,0.0
3592,South,2012-06-04,2012-06-10,2012-06-10,61,33,0,0.0
3593,South,2012-06-11,2012-06-17,2012-06-17,70,8,0,0.0
3594,South,2012-06-18,2012-06-24,2012-06-24,97,0,0,0.0
3595,South,2012-06-25,2012-07-01,2012-07-01,183,113,5,4.424778761061947
3596,South,2012-07-02,2012-07-08,2012-07-08,0,0,0,0.0
3597,South,2012-07-09,2012-07-15,2012-07-15,19,11,0,0.0
3598,South,2012-07-16,2012-07-22,2012-07-22,0,0,0,0.0
3599,South,2012-07-23,2012-07-29,2012-07-29,98,60,1,1.6666666666666667
3600,South,2012-07-30,2012-08-05,2012-08-05,80,40,0,0.0
3601,South,2012-08-06,2012-08-12,2012-08-12,106,0,0,0.0
3602,South,2012-08-13,2012-08-19,2012-08-19,97,36,2,5.555555555555555
3603,South,2012-08-20,2012-08-26,2012-08-26,50,0,0,0.0
3604,South,2012-08-27,2012-09-02,2012-09-02,186,100,0,0.0
3605,South,2012-09-03,2012-09-09,2012-09-09,114,35,1,2.857142857142857
3606,South,2012-09-10,2012-09-16,2012-09-16,0,0,0,0.0
3607,South,2012-09-17,2012-09-23,2012-09-23,29,11,0,0.0
3608,South,2012-09-24,2012-09-30,2012-09-30,97,23,1,4.3478260869565215
3609,South,2012-10-01,2012-10-07,2012-10-07,137,86,1,1.1627906976744187
3610,South,2012-10-08,2012-10-14,2012-10-14,0,0,0,0.0
3611,South,2012-10-15,2012-10-21,2012-10-21,0,0,0,0.0
3612,South,2012-10-22,2012-10-28,2012-10-28,181,98,2,2.0408163265306123
3613,South,2012-10-29,2012-11-04,2012-11-04,150,56,1,1.7857142857142856
3614,South,2012-11-05,2012-11-11,2012-11-11,0,0,0,0.0
3615,South,2012-11-12,2012-11-18,2012-11-18,0,0,0,0.0
3616,South,2012-11-19,2012-11-25,2012-11-25,55,35,1,2.857142857142857
3617,South,2012-11-26,2012-12-02,2012-12-02,125,40,1,2.5
3618,South,2012-12-03,2012-12-09,2012-12-09,0,0,0,0.0
3619,South,2012-12-10,2012-12-16,2012-12-16,0,0,0,0.0
3620,South,2012-12-17,2012-12-23,2012-12-23,43,27,0,0.0
3621,South,2012-12-24,2012-12-30,2012-12-30,7,2,0,0.0
3622,South,2012-12-31,2013-01-06,2013-01-06,0,0,0,0.0
3623,South,2013-01-07,2013-01-13,2013-01-13,37,21,1,4.761904761904762
3624,South,2013-01-14,2013-01-20,2013-01-20,0,0,0,0.0
3625,South,2013-01-21,2013-01-27,2013-01-27,38,1,0,0.0
3626,South,2013-01-28,2013-02-03,2013-02-03,15,6,0,0.0
3627,South,2013-02-04,2013-02-10,2013-02-10,0,0,0,0.0
3628,South,2013-02-11,2013-02-17,2013-02-17,0,0,0,0.0
3629,South,2013-02-18,2013-02-24,2013-02-24,20,10,0,0.0
3630,South,2013-02-25,2013-03-03,2013-03-03,51,31,0,0.0
3631,South,2013-03-04,2013-03-10,2013-03-10,124,62,1,1.6129032258064515
3632,South,2013-03-11,2013-03-17,2013-03-17,0,0,0,0.0
3633,South,2013-03-18,2013-03-24,2013-03-24,23,8,0,0.0
3634,South,2013-03-25,2013-03-31,2013-03-31,358,131,3,2.2900763358778624
3635,South,2013-04-01,2013-04-07,2013-04-07,111,64,0,0.0
3636,South,2013-04-08,2013-04-14,2013-04-14,44,13,0,0.0
3637,South,2013-04-15,2013-04-21,2013-04-21,42,10,0,0.0
3638,South,2013-04-22,2013-04-28,2013-04-28,119,26,0,0.0
3639,South,2013-04-29,2013-05-05,2013-05-05,0,0,0,0.0
3640,South,2013-05-06,2013-05-12,2013-05-12,0,0,0,0.0
3641,South,2013-05-13,2013-05-19,2013-05-19,55,0,0,0.0
3642,South,2013-05-20,2013-05-26,2013-05-26,0,0,0,0.0
3643,South,2013-05-27,2013-06-02,2013-06-02,0,0,0,0.0
3644,South,2013-06-03,2013-06-09,2013-06-09,0,0,0,0.0
3645,South,2013-06-10,2013-06-16,2013-06-16,98,0,0,0.0
3646,South,2013-06-17,2013-06-23,2013-06-23,56,13,0,0.0
3647,South,2013-06-24,2013-06-30,2013-06-30,78,19,0,0.0
3648,South,2013-07-01,2013-07-07,2013-07-07,152,0,0,0.0
3649,South,2013-07-08,2013-07-14,2013-07-14,35,0,0,0.0
3650,South,2013-07-15,2013-07-21,2013-07-21,62,0,0,0.0
3651,South,2013-07-22,2013-07-28,2013-07-28,80,0,1,0.0
3652,South,2013-07-29,2013-08-04,2013-08-04,0,0,0,0.0
3653,South,2013-08-05,2013-08-11,2013-08-11,47,27,0,0.0
3654,South,2013-08-12,2013-08-18,2013-08-18,0,0,0,0.0
3655,South,2013-08-19,2013-08-25,2013-08-25,31,20,0,0.0
3656,South,2013-08-26,2013-09-01,2013-09-01,155,17,0,0.0
3657,South,2013-09-02,2013-09-08,2013-09-08,0,0,0,0.0
3658,South,2013-09-09,2013-09-15,2013-09-15,0,0,0,0.0
3659,South,2013-09-16,2013-09-22,2013-09-22,144,29,1,3.4482758620689653
3660,South,2013-09-23,2013-09-29,2013-09-29,258,0,0,0.0
3661,South,2013-09-30,2013-10-06,2013-10-06,75,0,0,0.0
3662,South,2013-10-07,2013-10-13,2013-10-13,0,0,0,0.0
3663,South,2013-10-14,2013-10-20,2013-10-20,37,22,0,0.0
3664,South,2013-10-21,2013-10-27,2013-10-27,81,28,1,3.571428571428571
3665,South,2013-10-28,2013-11-03,2013-11-03,67,36,0,0.0
3666,South,2013-11-04,2013-11-10,2013-11-10,36,24,0,0.0
3667,South,2013-11-11,2013-11-17,2013-11-17,78,53,2,3.7735849056603774
3668,South,2013-11-18,2013-11-24,2013-11-24,0,0,0,0.0
3669,South,2013-11-25,2013-12-01,2013-12-01,0,0,0,0.0
3670,South,2013-12-02,2013-12-08,2013-12-08,0,0,0,0.0
3671,South,2013-12-09,2013-12-15,2013-12-15,26,13,0,0.0
3672,South,2013-12-16,2013-12-22,2013-12-22,41,24,1,4.166666666666666
3673,South,2013-12-23,2013-12-29,2013-12-29,0,0,0,0.0
3674,South,2013-12-30,2014-01-05,2014-01-05,0,0,0,0.0
3675,South,2014-01-06,2014-01-12,2014-01-12,52,13,0,0.0
3676,South,2014-01-13,2014-01-19,2014-01-19,0,0,0,0.0
3677,South,2014-01-20,2014-01-26,2014-01-26,23,14,0,0.0
3678,South,2014-01-27,2014-02-02,2014-02-02,77,30,0,0.0
3679,South,2014-02-03,2014-02-09,2014-02-09,150,0,0,0.0
3680,South,2014-02-10,2014-02-16,2014-02-16,30,0,0,0.0
3681,South,2014-02-17,2014-02-23,2014-02-23,0,0,0,0.0
3682,South,2014-02-24,2014-03-02,2014-03-02,0,0,0,0.0
3683,South,2014-03-03,2014-03-09,2014-03-09,57,0,0,0.0
3684,South,2014-03-10,2014-03-16,2014-03-16,30,20,0,0.0
3685,South,2014-03-17,2014-03-23,2014-03-23,0,0,0,0.0
3686,South,2014-03-24,2014-03-30,2014-03-30,30,11,0,0.0
3687,South,2014-03-31,2014-04-06,2014-04-06,180,76,2,2.631578947368421
3688,South,2014-04-07,2014-04-13,2014-04-13,0,0,0,0.0
3689,South,2014-04-14,2014-04-20,2014-04-20,95,58,2,3.4482758620689653
3690,South,2014-04-21,2014-04-27,2014-04-27,0,0,0,0.0
3691,South,2014-04-28,2014-05-04,2014-05-04,200,15,0,0.0
3692,South,2014-05-05,2014-05-11,2014-05-11,66,0,0,0.0
3693,South,2014-05-12,2014-05-18,2014-05-18,63,30,0,0.0
3694,South,2014-05-19,2014-05-25,2014-05-25,0,0,0,0.0
3695,South,2014-05-26,2014-06-01,2014-06-01,35,11,0,0.0
3696,South,2014-06-02,2014-06-08,2014-06-08,54,31,1,3.225806451612903
3697,South,2014-06-09,2014-06-15,2014-06-15,0,0,0,0.0
3698,South,2014-06-16,2014-06-22,2014-06-22,20,11,0,0.0
3699,South,2014-06-23,2014-06-29,2014-06-29,27,8,0,0.0
3700,South,2014-06-30,2014-07-06,2014-07-06,15,0,0,0.0
3701,South,2014-07-07,2014-07-13,2014-07-13,34,11,0,0.0
3702,South,2014-07-14,2014-07-20,2014-07-20,133,50,1,2.0
3703,South,2014-07-21,2014-07-27,2014-07-27,1,1,0,0.0
3704,South,2014-07-28,2014-08-03,2014-08-03,146,31,0,0.0
3705,South,2014-08-04,2014-08-10,2014-08-10,0,0,0,0.0
3706,South,2014-08-11,2014-08-17,2014-08-17,0,0,0,0.0
3707,South,2014-08-18,2014-08-24,2014-08-24,64,23,1,4.3478260869565215
3708,South,2014-08-25,2014-08-31,2014-08-31,25,10,0,0.0
3709,South,2014-09-01,2014-09-07,2014-09-07,49,5,0,0.0
3710,South,2014-09-08,2014-09-14,2014-09-14,249,126,2,1.5873015873015872
3711,South,2014-09-15,2014-09-21,2014-09-21,12,0,0,0.0
3712,South,2014-09-22,2014-09-28,2014-09-28,151,9,0,0.0
3713,South,2014-09-29,2014-10-05,2014-10-05,0,0,0,0.0
3714,South,2014-10-06,2014-10-12,2014-10-12,0,0,0,0.0
3715,South,2014-10-13,2014-10-19,2014-10-19,195,55,1,1.8181818181818181
3716,South,2014-10-20,2014-10-26,2014-10-26,68,29,1,3.4482758620689653
3717,South,2014-10-27,2014-11-02,2014-11-02,67,10,0,0.0
3718,South,2014-11-03,2014-11-09,2014-11-09,0,0,0,0.0
3719,South,2014-11-10,2014-11-16,2014-11-16,42,11,0,0.0
3720,South,2014-11-17,2014-11-23,2014-11-23,0,0,0,0.0
3721,South,2014-11-24,2014-11-30,2014-11-30,0,0,0,0.0
3722,South,2014-12-01,2014-12-07,2014-12-07,41,19,0,0.0
3723,South,2014-12-08,2014-12-14,2014-12-14,0,0,0,0.0
3724,South,2014-12-15,2014-12-21,2014-12-21,0,0,0,0.0
3725,South,2014-12-22,2014-12-28,2014-12-28,0,0,0,0.0
3726,South,2014-12-29,2015-01-04,2015-01-04,0,0,0,0.0
3727,South,2015-01-05,2015-01-11,2015-01-11,0,0,0,0.0
3728,South,2015-01-12,2015-01-18,2015-01-18,62,0,0,0.0
3729,South,2015-01-19,2015-01-25,2015-01-25,25,0,0,0.0
3730,South,2015-01-26,2015-02-01,2015-02-01,4,2,0,0.0
3731,South,2015-02-02,2015-02-08,2015-02-08,0,0,0,0.0
3732,South,2015-02-09,2015-02-15,2015-02-15,0,0,0,0.0
3733,South,2015-02-16,2015-02-22,2015-02-22,39,15,0,0.0
3734,South,2015-02-23,2015-03-01,2015-03-01,143,23,0,0.0
3735,South,2015-03-02,2015-03-08,2015-03-08,0,0,0,0.0
3736,South,2015-03-09,2015-03-15,2015-03-15,85,37,0,0.0
3737,South,2015-03-16,2015-03-22,2015-03-22,26,0,0,0.0
3738,South,2015-03-23,2015-03-29,2015-03-29,284,148,3,2.027027027027027
3739,South,2015-03-30,2015-04-05,2015-04-05,77,22,1,4.545454545454546
3740,South,2015-04-06,2015-04-12,2015-04-12,0,0,0,0.0
3741,South,2015-04-13,2015-04-19,2015-04-19,0,0,0,0.0
3742,South,2015-04-20,2015-04-26,2015-04-26,0,0,0,0.0
3743,South,2015-04-27,2015-05-03,2015-05-03,114,37,1,2.7027027027027026
3744,South,2015-05-04,2015-05-10,2015-05-10,274,54,1,1.8518518518518516
3745,South,2015-05-11,2015-05-17,2015-05-17,0,0,0,0.0
3746,South,2015-05-18,2015-05-24,2015-05-24,155,28,0,0.0
3747,South,2015-05-25,2015-05-31,2015-05-31,11,7,0,0.0
3748,South,2015-06-01,2015-06-07,2015-06-07,96,35,0,0.0
3749,South,2015-06-08,2015-06-14,2015-06-14,0,0,0,0.0
3750,South,2015-06-15,2015-06-21,2015-06-21,52,31,1,3.225806451612903
3751,South,2015-06-22,2015-06-28,2015-06-28,232,0,0,0.0
3752,South,2015-06-29,2015-07-05,2015-07-05,20,0,0,0.0
3753,South,2015-07-06,2015-07-12,2015-07-12,118,61,0,0.0
3754,South,2015-07-13,2015-07-19,2015-07-19,118,6,0,0.0
3755,South,2015-07-20,2015-07-26,2015-07-26,0,0,0,0.0
3756,South,2015-07-27,2015-08-02,2015-08-02,81,43,1,2.3255813953488373
3757,South,2015-08-03,2015-08-09,2015-08-09,6,0,0,0.0
3758,South,2015-08-10,2015-08-16,2015-08-16,0,0,0,0.0
3759,South,2015-08-17,2015-08-23,2015-08-23,1,1,0,0.0
3760,South,2015-08-24,2015-08-30,2015-08-30,156,56,0,0.0
3761,South,2015-08-31,2015-09-06,2015-09-06,0,0,0,0.0
3762,South,2015-09-07,2015-09-13,2015-09-13,93,30,1,3.3333333333333335
3763,South,2015-09-14,2015-09-20,2015-09-20,38,17,0,0.0
3764,South,2015-09-21,2015-09-27,2015-09-27,0,0,0,0.0
3765,South,2015-09-28,2015-10-04,2015-10-04,0,0,0,0.0
3766,South,2015-10-05,2015-10-11,2015-10-11,87,8,0,0.0
3767,South,2015-10-12,2015-10-18,2015-10-18,1,1,0,0.0
3768,South,2015-10-19,2015-10-25,2015-10-25,189,37,0,0.0
3769,South,2015-10-26,2015-11-01,2015-11-01,0,0,0,0.0
3770,South,2015-11-02,2015-11-08,2015-11-08,110,0,0,0.0
3771,South,2015-11-09,2015-11-15,2015-11-15,141,78,1,1.282051282051282
3772,South,2015-11-16,2015-11-22,2015-11-22,97,25,0,0.0
3773,South,2015-11-23,2015-11-29,2015-11-29,159,10,0,0.0
3774,South,2015-11-30,2015-12-06,2015-12-06,0,0,0,0.0
3775,South,2015-12-07,2015-12-13,2015-12-13,0,0,0,0.0
3776,South,2015-12-14,2015-12-20,2015-12-20,0,0,0,0.0
3777,South,2015-12-21,2015-12-27,2015-12-27,0,0,0,0.0
3778,South,2016-01-04,2016-01-10,2016-01-10,72,32,0,0.0
3779,South,2016-01-11,2016-01-17,2016-01-17,0,0,0,0.0
3780,South,2016-01-18,2016-01-24,2016-01-24,13,4,0,0.0
3781,South,2016-01-25,2016-01-31,2016-01-31,0,0,0,0.0
3782,South,2016-02-01,2016-02-07,2016-02-07,25,0,0,0.0
3783,South,2016-02-08,2016-02-14,2016-02-14,25,6,0,0.0
3784,South,2016-02-15,2016-02-21,2016-02-21,0,0,0,0.0
3785,South,2016-02-22,2016-02-28,2016-02-28,19,6,0,0.0
3786,South,2016-02-29,2016-03-06,2016-03-06,0,0,0,0.0
3787,South,2016-03-07,2016-03-13,2016-03-13,0,0,0,0.0
3788,South,2016-03-14,2016-03-20,2016-03-20,0,0,0,0.0
3789,South,2016-03-21,2016-03-27,2016-03-27,82,56,2,3.571428571428571
3790,South,2016-03-28,2016-04-03,2016-04-03,99,66,1,1.5151515151515151
3791,South,2016-04-04,2016-04-10,2016-04-10,211,0,0,0.0
3792,South,2016-04-11,2016-04-17,2016-04-17,77,0,0,0.0
3793,South,2016-04-18,2016-04-24,2016-04-24,0,0,0,0.0
3794,South,2016-04-25,2016-05-01,2016-05-01,0,0,0,0.0
3795,South,2016-05-02,2016-05-08,2016-05-08,104,47,1,2.127659574468085
3796,South,2016-05-09,2016-05-15,2016-05-15,0,0,0,0.0
3797,South,2016-05-16,2016-05-22,2016-05-22,86,0,0,0.0
3798,South,2016-05-23,2016-05-29,2016-05-29,319,77,1,1.2987012987012987
3799,South,2016-05-30,2016-06-05,2016-06-05,69,45,1,2.2222222222222223
3800,South,2016-06-06,2016-06-12,2016-06-12,0,0,0,0.0
3801,South,2016-06-13,2016-06-19,2016-06-19,95,27,1,3.7037037037037033
3802,South,2016-06-20,2016-06-26,2016-06-26,260,118,1,0.847457627118644
3803,South,2016-06-27,2016-07-03,2016-07-03,27,0,0,0.0
3804,South,2016-07-04,2016-07-10,2016-07-10,32,11,0,0.0
3805,South,2016-07-11,2016-07-17,2016-07-17,55,20,1,5.0
3806,South,2016-07-18,2016-07-24,2016-07-24,0,0,0,0.0
3807,South,2016-07-25,2016-07-31,2016-07-31,0,0,0,0.0
3808,South,2016-08-01,2016-08-07,2016-08-07,151,24,0,0.0
3809,South,2016-08-08,2016-08-14,2016-08-14,14,4,0,0.0
3810,South,2016-08-15,2016-08-21,2016-08-21,100,17,0,0.0
3811,South,2016-08-22,2016-08-28,2016-08-28,0,0,0,0.0
3812,South,2016-08-29,2016-09-04,2016-09-04,107,50,1,2.0
3813,South,2016-09-05,2016-09-11,2016-09-11,263,89,1,1.1235955056179776
3814,South,2016-09-12,2016-09-18,2016-09-18,63,36,1,2.7777777777777777
3815,South,2016-09-19,2016-09-25,2016-09-25,110,59,1,1.694915254237288
3816,South,2016-09-26,2016-10-02,2016-10-02,0,0,0,0.0
3817,South,2016-10-03,2016-10-09,2016-10-09,51,0,0,0.0
3818,South,2016-10-10,2016-10-16,2016-10-16,0,0,0,0.0
3819,South,2016-10-17,2016-10-23,2016-10-23,0,0,0,0.0
3820,South,2016-10-24,2016-10-30,2016-10-30,10,5,0,0.0
3821,South,2016-10-31,2016-11-06,2016-11-06,118,24,1,4.166666666666666
3822,South,2016-11-07,2016-11-13,2016-11-13,41,14,0,0.0
3823,South,2016-11-14,2016-11-20,2016-11-20,5,0,0,0.0
3824,South,2016-11-21,2016-11-27,2016-11-27,0,0,0,0.0
3825,South,2016-11-28,2016-12-04,2016-12-04,0,0,0,0.0
3826,South,2016-12-05,2016-12-11,2016-12-11,86,18,0,0.0
3827,South,2016-12-12,2016-12-18,2016-12-18,0,0,0,0.0
3828,South,2016-12-19,2016-12-25,2016-12-25,0,0,0,0.0
3829,South,2016-12-26,2017-01-01,2017-01-01,0,0,0,0.0
3830,South,2017-01-02,2017-01-08,2017-01-08,0,0,0,0.0
3831,South,2017-01-09,2017-01-15,2017-01-15,0,0,0,0.0
3832,South,2017-01-16,2017-01-22,2017-01-22,43,22,1,4.545454545454546
3833,South,2017-01-23,2017-01-29,2017-01-29,0,0,0,0.0
3834,South,2017-01-30,2017-02-05,2017-02-05,73,0,0,0.0
3835,South,2017-02-06,2017-02-12,2017-02-12,0,0,0,0.0
3836,South,2017-02-13,2017-02-19,2017-02-19,37,24,0,0.0
3837,South,2017-02-20,2017-02-26,2017-02-26,0,0,0,0.0
3838,South,2017-02-27,2017-03-05,2017-03-05,0,0,0,0.0
3839,South,2017-03-06,2017-03-12,2017-03-12,0,0,0,0.0
3840,South,2017-03-13,2017-03-19,2017-03-19,0,0,0,0.0
3841,South,2017-03-20,2017-03-26,2017-03-26,84,42,0,0.0
3842,South,2017-03-27,2017-04-02,2017-04-02,162,54,1,1.8518518518518516
3843,South,2017-04-03,2017-04-09,2017-04-09,0,0,0,0.0
3844,South,2017-04-10,2017-04-16,2017-04-16,49,18,0,0.0
3845,South,2017-04-17,2017-04-23,2017-04-23,0,0,0,0.0
3846,South,2017-04-24,2017-04-30,2017-04-30,0,0,0,0.0
3847,South,2017-05-01,2017-05-07,2017-05-07,0,0,0,0.0
3848,South,2017-05-08,2017-05-14,2017-05-14,0,0,0,0.0
3849,South,2017-05-15,2017-05-21,2017-05-21,188,125,3,2.4
3850,South,2017-05-22,2017-05-28,2017-05-28,128,70,1,1.4285714285714286
3851,South,2017-05-29,2017-06-04,2017-06-04,0,0,0,0.0
3852,South,2017-06-05,2017-06-11,2017-06-11,73,19,0,0.0
3853,South,2017-06-12,2017-06-18,2017-06-18,62,20,0,0.0
3854,South,2017-06-19,2017-06-25,2017-06-25,0,0,0,0.0
3855,South,2017-06-26,2017-07-02,2017-07-02,17,6,0,0.0
3856,South,2017-07-03,2017-07-09,2017-07-09,0,0,0,0.0
3857,South,2017-07-10,2017-07-16,2017-07-16,84,48,0,0.0
3858,South,2017-07-17,2017-07-23,2017-07-23,0,0,0,0.0
3859,South,2017-07-24,2017-07-30,2017-07-30,118,0,0,0.0
3860,South,2017-07-31,2017-08-06,2017-08-06,28,18,0,0.0
3861,South,2017-08-07,2017-08-13,2017-08-13,0,0,0,0.0
3862,South,2017-08-14,2017-08-20,2017-08-20,30,10,0,0.0
3863,South,2017-08-21,2017-08-27,2017-08-27,153,46,1,2.1739130434782608
3864,South,2017-08-28,2017-09-03,2017-09-03,0,0,0,0.0
3865,South,2017-09-04,2017-09-10,2017-09-10,44,11,0,0.0
3866,South,2017-09-11,2017-09-17,2017-09-17,82,47,1,2.127659574468085
3867,South,2017-09-18,2017-09-24,2017-09-24,53,25,0,0.0
3868,South,2017-09-25,2017-10-01,2017-10-01,0,0,0,0.0
3869,South,2017-10-02,2017-10-08,2017-10-08,112,54,1,1.8518518518518516
3870,South,2017-10-09,2017-10-15,2017-10-15,82,29,1,3.4482758620689653
3871,South,2017-10-16,2017-10-22,2017-10-22,191,58,1,1.7241379310344827
3872,South,2017-10-23,2017-10-29,2017-10-29,75,26,0,0.0
3873,South,2017-10-30,2017-11-05,2017-11-05,126,45,1,2.2222222222222223
3874,South,2017-11-06,2017-11-12,2017-11-12,0,0,0,0.0
3875,South,2017-11-13,2017-11-19,2017-11-19,41,14,0,0.0
3876,South,2017-11-20,2017-11-26,2017-11-26,0,0,0,0.0
3877,South,2017-11-27,2017-12-03,2017-12-03,0,0,0,0.0
3878,South,2017-12-04,2017-12-10,2017-12-10,20,5,0,0.0
3879,South,2017-12-11,2017-12-17,2017-12-17,4,1,0,0.0
3880,South,2017-12-18,2017-12-24,2017-12-24,6,0,0,0.0
3881,South,2017-12-25,2017-12-31,2017-12-31,74,26,1,3.8461538461538463
3882,South,2018-01-01,2018-01-07,2018-01-07,22,9,0,0.0
3883,South,2018-01-01,2018-12-30,2018-12-30,42,16,1,6.25
3884,South,2018-01-08,2018-01-14,2018-01-14,0,0,0,0.0
3885,South,2018-01-15,2018-01-21,2018-01-21,0,0,0,0.0
3886,South,2018-01-22,2018-01-28,2018-01-28,0,0,0,0.0
3887,South,2018-01-29,2018-02-04,2018-02-04,0,0,0,0.0
3888,South,2018-02-05,2018-02-11,2018-02-11,0,0,0,0.0
3889,South,2018-02-12,2018-02-18,2018-02-18,33,0,0,0.0
3890,South,2018-02-19,2018-02-25,2018-02-25,0,0,0,0.0
3891,South,2018-02-26,2018-03-04,2018-03-04,0,0,0,0.0
3892,South,2018-03-05,2018-03-11,2018-03-11,0,0,0,0.0
3893,South,2018-03-12,2018-03-18,2018-03-18,0,0,0,0.0
3894,South,2018-03-19,2018-03-25,2018-03-25,32,15,0,0.0
3895,South,2018-03-26,2018-04-01,2018-04-01,0,0,0,0.0
3896,South,2018-04-02,2018-04-08,2018-04-08,0,0,0,0.0
3897,South,2018-04-09,2018-04-15,2018-04-15,0,0,0,0.0
3898,South,2018-04-16,2018-04-22,2018-04-22,44,15,0,0.0
3899,South,2018-04-23,2018-04-29,2018-04-29,119,1,0,0.0
3900,South,2018-04-30,2018-05-06,2018-05-06,0,0,0,0.0
3901,South,2018-05-07,2018-05-13,2018-05-13,1,0,0,0.0
3902,South,2018-05-14,2018-05-20,2018-05-20,265,0,0,0.0
3903,South,2018-05-21,2018-05-27,2018-05-27,0,0,0,0.0
3904,South,2018-05-28,2018-06-03,2018-06-03,0,0,0,0.0
3905,South,2018-06-04,2018-06-10,2018-06-10,44,15,0,0.0
3906,South,2018-06-11,2018-06-17,2018-06-17,61,37,1,2.7027027027027026
3907,South,2018-06-18,2018-06-24,2018-06-24,36,0,0,0.0
3908,South,2018-06-25,2018-07-01,2018-07-01,0,0,0,0.0
3909,South,2018-07-02,2018-07-08,2018-07-08,0,0,0,0.0
3910,South,2018-07-09,2018-07-15,2018-07-15,0,0,0,0.0
3911,South,2018-07-16,2018-07-22,2018-07-22,41,16,0,0.0
3912,South,2018-07-23,2018-07-29,2018-07-29,0,0,0,0.0
3913,South,2018-07-30,2018-08-05,2018-08-05,0,0,0,0.0
3914,South,2018-08-06,2018-08-12,2018-08-12,0,0,0,0.0
3915,South,2018-08-13,2018-08-19,2018-08-19,74,0,0,0.0
3916,South,2018-08-20,2018-08-26,2018-08-26,0,0,0,0.0
3917,South,2018-08-27,2018-09-02,2018-09-02,14,0,0,0.0
3918,South,2018-09-03,2018-09-09,2018-09-09,0,0,0,0.0
3919,South,2018-09-10,2018-09-16,2018-09-16,0,0,0,0.0
3920,South,2018-09-17,2018-09-23,2018-09-23,122,18,0,0.0
3921,South,2018-09-24,2018-09-30,2018-09-30,0,0,0,0.0
3922,South,2018-10-01,2018-10-07,2018-10-07,106,47,1,2.127659574468085
3923,South,2018-10-08,2018-10-14,2018-10-14,0,0,0,0.0
3924,South,2018-10-15,2018-10-21,2018-10-21,0,0,0,0.0
3925,South,2018-10-22,2018-10-28,2018-10-28,76,17,0,0.0
3926,South,2018-10-29,2018-11-04,2018-11-04,89,16,0,0.0
3927,South,2018-11-05,2018-11-11,2018-11-11,0,0,0,0.0
3928,South,2018-11-12,2018-11-18,2018-11-18,0,0,0,0.0
3929,South,2018-11-19,2018-11-25,2018-11-25,62,7,0,0.0
3930,South,2018-11-26,2018-12-02,2018-12-02,0,0,0,0.0
3931,South,2018-12-10,2018-12-16,2018-12-16,35,0,0,0.0
3932,South,2018-12-17,2018-12-23,2018-12-23,0,0,0,0.0
3933,South,2018-12-24,2018-12-30,2018-12-30,0,0,0,0.0
3934,South,2018-12-31,2019-01-06,2019-01-06,0,0,0,0.0
3935,South,2018-12-31,2019-12-29,2019-12-29,0,0,0,0.0
3936,South,2019-01-07,2019-01-13,2019-01-13,0,0,0,0.0
3937,South,2019-01-14,2019-01-20,2019-01-20,24,15,0,0.0
3938,South,2019-01-21,2019-01-27,2019-01-27,0,0,0,0.0
3939,South,2019-01-28,2019-02-03,2019-02-03,0,0,0,0.0
3940,South,2019-02-04,2019-02-10,2019-02-10,33,8,0,0.0
3941,South,2019-02-11,2019-02-17,2019-02-17,29,0,1,0.0
3942,South,2019-02-18,2019-02-24,2019-02-24,0,0,0,0.0
3943,South,2019-02-25,2019-03-03,2019-03-03,0,0,0,0.0
3944,South,2019-03-04,2019-03-10,2019-03-10,39,9,0,0.0
3945,South,2019-03-11,2019-03-17,2019-03-17,27,16,0,0.0
3946,South,2019-03-18,2019-03-24,2019-03-24,32,9,0,0.0
3947,South,2019-05-13,2019-05-19,2019-05-19,0,0,0,0.0
3948,South,2020-05-01,2020-10-18,2020-10-18,780,195,15,7.6923076923076925
3949,South,2020-05-01,2020-12-16,2020-12-16,53,25,0,0.0
3950,South-West,2010-01-04,2010-01-10,2010-01-10,368,93,1,1.0752688172043012
3951,South-West,2010-01-11,2010-01-17,2010-01-17,66,19,0,0.0
3952,South-West,2010-01-18,2010-01-24,2010-01-24,62,26,0,0.0
3953,South-West,2010-01-25,2010-01-31,2010-01-31,110,20,0,0.0
3954,South-West,2010-02-01,2010-02-07,2010-02-07,259,78,2,2.564102564102564
3955,South-West,2010-02-08,2010-02-14,2010-02-14,68,28,1,3.571428571428571
3956,South-West,2010-02-15,2010-02-21,2010-02-21,145,58,0,0.0
3957,South-West,2010-02-22,2010-02-28,2010-02-28,66,41,1,2.4390243902439024
3958,South-West,2010-03-01,2010-03-07,2010-03-07,21,8,0,0.0
3959,South-West,2010-03-08,2010-03-14,2010-03-14,0,0,0,0.0
3960,South-West,2010-03-15,2010-03-21,2010-03-21,47,15,0,0.0
3961,South-West,2010-03-22,2010-03-28,2010-03-28,0,0,0,0.0
3962,South-West,2010-03-29,2010-04-04,2010-04-04,102,15,0,0.0
3963,South-West,2010-04-05,2010-04-11,2010-04-11,135,41,1,2.4390243902439024
3964,South-West,2010-04-12,2010-04-18,2010-04-18,131,0,0,0.0
3965,South-West,2010-04-19,2010-04-25,2010-04-25,117,50,0,0.0
3966,South-West,2010-04-26,2010-05-02,2010-05-02,0,0,0,0.0
3967,South-West,2010-05-03,2010-05-09,2010-05-09,43,13,0,0.0
3968,South-West,2010-05-10,2010-05-16,2010-05-16,149,59,0,0.0
3969,South-West,2010-05-17,2010-05-23,2010-05-23,412,53,1,1.8867924528301887
3970,South-West,2010-05-24,2010-05-30,2010-05-30,112,11,0,0.0
3971,South-West,2010-05-31,2010-06-06,2010-06-06,30,13,0,0.0
3972,South-West,2010-06-07,2010-06-13,2010-06-13,301,34,0,0.0
3973,South-West,2010-06-14,2010-06-20,2010-06-20,114,64,1,1.5625
3974,South-West,2010-06-21,2010-06-27,2010-06-27,402,84,1,1.1904761904761905
3975,South-West,2010-06-28,2010-07-04,2010-07-04,0,0,0,0.0
3976,South-West,2010-07-05,2010-07-11,2010-07-11,102,52,1,1.9230769230769231
3977,South-West,2010-07-12,2010-07-18,2010-07-18,77,0,0,0.0
3978,South-West,2010-07-19,2010-07-25,2010-07-25,298,97,3,3.0927835051546393
3979,South-West,2010-07-26,2010-08-01,2010-08-01,269,76,1,1.3157894736842104
3980,South-West,2010-08-02,2010-08-08,2010-08-08,285,51,0,0.0
3981,South-West,2010-08-09,2010-08-15,2010-08-15,145,65,1,1.5384615384615385
3982,South-West,2010-08-16,2010-08-22,2010-08-22,121,72,2,2.7777777777777777
3983,South-West,2010-08-23,2010-08-29,2010-08-29,43,0,0,0.0
3984,South-West,2010-08-30,2010-09-05,2010-09-05,549,221,5,2.262443438914027
3985,South-West,2010-09-06,2010-09-12,2010-09-12,79,42,0,0.0
3986,South-West,2010-09-13,2010-09-19,2010-09-19,37,18,0,0.0
3987,South-West,2010-09-20,2010-09-26,2010-09-26,25,10,0,0.0
3988,South-West,2010-09-27,2010-10-03,2010-10-03,56,0,1,0.0
3989,South-West,2010-10-04,2010-10-10,2010-10-10,0,0,0,0.0
3990,South-West,2010-10-11,2010-10-17,2010-10-17,303,112,1,0.8928571428571428
3991,South-West,2010-10-18,2010-10-24,2010-10-24,187,0,0,0.0
3992,South-West,2010-10-25,2010-10-31,2010-10-31,358,95,2,2.1052631578947367
3993,South-West,2010-11-01,2010-11-07,2010-11-07,243,83,1,1.2048192771084338
3994,South-West,2010-11-08,2010-11-14,2010-11-14,133,62,2,3.225806451612903
3995,South-West,2010-11-15,2010-11-21,2010-11-21,43,0,0,0.0
3996,South-West,2010-11-22,2010-11-28,2010-11-28,54,26,1,3.8461538461538463
3997,South-West,2010-11-29,2010-12-05,2010-12-05,231,96,3,3.125
3998,South-West,2010-12-06,2010-12-12,2010-12-12,221,75,2,2.666666666666667
3999,South-West,2010-12-13,2010-12-19,2010-12-19,130,45,1,2.2222222222222223
4000,South-West,2010-12-20,2010-12-26,2010-12-26,218,67,1,1.4925373134328357
4001,South-West,2010-12-27,2011-01-02,2011-01-02,173,27,0,0.0
4002,South-West,2011-01-01,2011-09-22,2011-09-22,2166,1154,26,2.2530329289428077
4003,South-West,2011-01-03,2011-01-09,2011-01-09,101,21,0,0.0
4004,South-West,2011-01-10,2011-01-16,2011-01-16,102,21,1,4.761904761904762
4005,South-West,2011-01-17,2011-01-23,2011-01-23,161,76,0,0.0
4006,South-West,2011-01-24,2011-01-30,2011-01-30,131,49,1,2.0408163265306123
4007,South-West,2011-01-31,2011-02-06,2011-02-06,192,47,0,0.0
4008,South-West,2011-02-07,2011-02-13,2011-02-13,203,63,0,0.0
4009,South-West,2011-02-14,2011-02-20,2011-02-20,233,72,1,1.3888888888888888
4010,South-West,2011-02-21,2011-02-27,2011-02-27,156,70,1,1.4285714285714286
4011,South-West,2011-02-28,2011-03-06,2011-03-06,282,110,3,2.727272727272727
4012,South-West,2011-03-07,2011-03-13,2011-03-13,177,80,0,0.0
4013,South-West,2011-03-14,2011-03-20,2011-03-20,181,62,1,1.6129032258064515
4014,South-West,2011-03-21,2011-03-27,2011-03-27,144,36,0,0.0
4015,South-West,2011-03-28,2011-04-03,2011-04-03,270,77,1,1.2987012987012987
4016,South-West,2011-04-04,2011-04-10,2011-04-10,376,51,2,3.9215686274509802
4017,South-West,2011-04-11,2011-04-17,2011-04-17,168,93,3,3.225806451612903
4018,South-West,2011-04-18,2011-04-24,2011-04-24,253,94,5,5.319148936170213
4019,South-West,2011-04-25,2011-05-01,2011-05-01,329,105,3,2.857142857142857
4020,South-West,2011-05-02,2011-05-08,2011-05-08,346,50,1,2.0
4021,South-West,2011-05-09,2011-05-15,2011-05-15,487,211,5,2.3696682464454977
4022,South-West,2011-05-16,2011-05-22,2011-05-22,383,151,2,1.3245033112582782
4023,South-West,2011-05-23,2011-05-29,2011-05-29,547,141,4,2.8368794326241136
4024,South-West,2011-05-30,2011-06-05,2011-06-05,434,186,1,0.5376344086021506
4025,South-West,2011-06-06,2011-06-12,2011-06-12,411,178,4,2.247191011235955
4026,South-West,2011-06-13,2011-06-19,2011-06-19,384,194,3,1.5463917525773196
4027,South-West,2011-06-20,2011-06-26,2011-06-26,462,240,5,2.083333333333333
4028,South-West,2011-06-27,2011-07-03,2011-07-03,581,193,5,2.5906735751295336
4029,South-West,2011-07-04,2011-07-10,2011-07-10,388,63,1,1.5873015873015872
4030,South-West,2011-07-11,2011-07-17,2011-07-17,268,124,2,1.6129032258064515
4031,South-West,2011-07-18,2011-07-24,2011-07-24,337,112,3,2.6785714285714284
4032,South-West,2011-07-25,2011-07-31,2011-07-31,229,50,0,0.0
4033,South-West,2011-08-01,2011-08-07,2011-08-07,485,321,7,2.1806853582554515
4034,South-West,2011-08-08,2011-08-14,2011-08-14,370,189,2,1.0582010582010581
4035,South-West,2011-08-15,2011-08-21,2011-08-21,371,147,2,1.3605442176870748
4036,South-West,2011-08-22,2011-08-28,2011-08-28,200,0,0,0.0
4037,South-West,2011-08-29,2011-09-04,2011-09-04,258,53,0,0.0
4038,South-West,2011-09-05,2011-09-11,2011-09-11,450,141,1,0.7092198581560284
4039,South-West,2011-09-12,2011-09-18,2011-09-18,541,191,5,2.6178010471204187
4040,South-West,2011-09-19,2011-09-25,2011-09-25,345,63,2,3.1746031746031744
4041,South-West,2011-09-26,2011-10-02,2011-10-02,516,43,1,2.3255813953488373
4042,South-West,2011-10-03,2011-10-09,2011-10-09,192,0,1,0.0
4043,South-West,2011-10-10,2011-10-16,2011-10-16,25,8,0,0.0
4044,South-West,2011-10-17,2011-10-23,2011-10-23,218,107,1,0.9345794392523363
4045,South-West,2011-10-24,2011-10-30,2011-10-30,47,0,0,0.0
4046,South-West,2011-10-31,2011-11-06,2011-11-06,28,0,0,0.0
4047,South-West,2011-11-07,2011-11-13,2011-11-13,16,10,0,0.0
4048,South-West,2011-11-14,2011-11-20,2011-11-20,76,43,0,0.0
4049,South-West,2011-11-21,2011-11-27,2011-11-27,66,23,1,4.3478260869565215
4050,South-West,2011-11-28,2011-12-04,2011-12-04,107,51,1,1.9607843137254901
4051,South-West,2011-12-05,2011-12-11,2011-12-11,56,16,0,0.0
4052,South-West,2011-12-12,2011-12-18,2011-12-18,48,2,0,0.0
4053,South-West,2011-12-19,2011-12-25,2011-12-25,82,4,0,0.0
4054,South-West,2011-12-26,2012-01-01,2012-01-01,19,8,0,0.0
4055,South-West,2012-01-02,2012-01-08,2012-01-08,45,11,0,0.0
4056,South-West,2012-01-09,2012-01-15,2012-01-15,0,0,0,0.0
4057,South-West,2012-01-16,2012-01-22,2012-01-22,0,0,0,0.0
4058,South-West,2012-01-23,2012-01-29,2012-01-29,270,63,0,0.0
4059,South-West,2012-01-30,2012-02-05,2012-02-05,24,0,0,0.0
4060,South-West,2012-02-06,2012-02-12,2012-02-12,141,59,1,1.694915254237288
4061,South-West,2012-02-13,2012-02-19,2012-02-19,0,0,0,0.0
4062,South-West,2012-02-20,2012-02-26,2012-02-26,193,89,0,0.0
4063,South-West,2012-02-27,2012-03-04,2012-03-04,62,25,0,0.0
4064,South-West,2012-03-05,2012-03-11,2012-03-11,48,7,0,0.0
4065,South-West,2012-03-12,2012-03-18,2012-03-18,0,0,0,0.0
4066,South-West,2012-03-19,2012-03-25,2012-03-25,28,10,0,0.0
4067,South-West,2012-03-26,2012-04-01,2012-04-01,135,0,0,0.0
4068,South-West,2012-04-02,2012-04-08,2012-04-08,47,19,0,0.0
4069,South-West,2012-04-09,2012-04-15,2012-04-15,35,11,0,0.0
4070,South-West,2012-04-16,2012-04-22,2012-04-22,5,2,0,0.0
4071,South-West,2012-04-23,2012-04-29,2012-04-29,56,0,0,0.0
4072,South-West,2012-04-30,2012-05-06,2012-05-06,92,7,0,0.0
4073,South-West,2012-05-07,2012-05-13,2012-05-13,153,28,2,7.142857142857142
4074,South-West,2012-05-14,2012-05-20,2012-05-20,136,53,0,0.0
4075,South-West,2012-05-21,2012-05-27,2012-05-27,74,42,0,0.0
4076,South-West,2012-05-28,2012-06-03,2012-06-03,782,280,6,2.142857142857143
4077,South-West,2012-06-04,2012-06-10,2012-06-10,108,0,0,0.0
4078,South-West,2012-06-11,2012-06-17,2012-06-17,124,60,1,1.6666666666666667
4079,South-West,2012-06-18,2012-06-24,2012-06-24,525,263,6,2.2813688212927756
4080,South-West,2012-06-25,2012-07-01,2012-07-01,0,0,0,0.0
4081,South-West,2012-07-02,2012-07-08,2012-07-08,241,61,0,0.0
4082,South-West,2012-07-09,2012-07-15,2012-07-15,276,172,4,2.3255813953488373
4083,South-West,2012-07-16,2012-07-22,2012-07-22,115,13,0,0.0
4084,South-West,2012-07-23,2012-07-29,2012-07-29,80,0,0,0.0
4085,South-West,2012-07-30,2012-08-05,2012-08-05,486,281,7,2.491103202846975
4086,South-West,2012-08-06,2012-08-12,2012-08-12,98,36,1,2.7777777777777777
4087,South-West,2012-08-13,2012-08-19,2012-08-19,60,0,0,0.0
4088,South-West,2012-08-20,2012-08-26,2012-08-26,83,50,1,2.0
4089,South-West,2012-08-27,2012-09-02,2012-09-02,215,88,2,2.272727272727273
4090,South-West,2012-09-03,2012-09-09,2012-09-09,109,53,1,1.8867924528301887
4091,South-West,2012-09-10,2012-09-16,2012-09-16,30,11,0,0.0
4092,South-West,2012-09-17,2012-09-23,2012-09-23,23,0,0,0.0
4093,South-West,2012-09-24,2012-09-30,2012-09-30,359,165,4,2.4242424242424243
4094,South-West,2012-10-01,2012-10-07,2012-10-07,241,95,2,2.1052631578947367
4095,South-West,2012-10-08,2012-10-14,2012-10-14,250,78,1,1.282051282051282
4096,South-West,2012-10-15,2012-10-21,2012-10-21,373,164,4,2.4390243902439024
4097,South-West,2012-10-22,2012-10-28,2012-10-28,455,118,4,3.389830508474576
4098,South-West,2012-10-29,2012-11-04,2012-11-04,344,224,2,0.8928571428571428
4099,South-West,2012-11-05,2012-11-11,2012-11-11,148,99,4,4.040404040404041
4100,South-West,2012-11-12,2012-11-18,2012-11-18,142,13,0,0.0
4101,South-West,2012-11-19,2012-11-25,2012-11-25,75,33,0,0.0
4102,South-West,2012-11-26,2012-12-02,2012-12-02,0,0,0,0.0
4103,South-West,2012-12-03,2012-12-09,2012-12-09,83,39,0,0.0
4104,South-West,2012-12-10,2012-12-16,2012-12-16,63,13,0,0.0
4105,South-West,2012-12-17,2012-12-23,2012-12-23,45,0,0,0.0
4106,South-West,2012-12-24,2012-12-30,2012-12-30,0,0,0,0.0
4107,South-West,2012-12-31,2013-01-06,2013-01-06,22,10,0,0.0
4108,South-West,2013-01-07,2013-01-13,2013-01-13,23,7,0,0.0
4109,South-West,2013-01-14,2013-01-20,2013-01-20,14,6,0,0.0
4110,South-West,2013-01-21,2013-01-27,2013-01-27,213,78,2,2.564102564102564
4111,South-West,2013-01-28,2013-02-03,2013-02-03,41,10,0,0.0
4112,South-West,2013-02-04,2013-02-10,2013-02-10,169,57,1,1.7543859649122806
4113,South-West,2013-02-11,2013-02-17,2013-02-17,101,46,3,6.521739130434782
4114,South-West,2013-02-18,2013-02-24,2013-02-24,96,33,1,3.0303030303030303
4115,South-West,2013-02-25,2013-03-03,2013-03-03,15,5,0,0.0
4116,South-West,2013-03-04,2013-03-10,2013-03-10,0,0,0,0.0
4117,South-West,2013-03-11,2013-03-17,2013-03-17,186,58,0,0.0
4118,South-West,2013-03-18,2013-03-24,2013-03-24,128,44,0,0.0
4119,South-West,2013-03-25,2013-03-31,2013-03-31,22,11,0,0.0
4120,South-West,2013-04-01,2013-04-07,2013-04-07,331,38,0,0.0
4121,South-West,2013-04-08,2013-04-14,2013-04-14,432,125,1,0.8
4122,South-West,2013-04-15,2013-04-21,2013-04-21,206,65,2,3.076923076923077
4123,South-West,2013-04-22,2013-04-28,2013-04-28,103,41,1,2.4390243902439024
4124,South-West,2013-04-29,2013-05-05,2013-05-05,174,66,2,3.0303030303030303
4125,South-West,2013-05-06,2013-05-12,2013-05-12,39,13,0,0.0
4126,South-West,2013-05-13,2013-05-19,2013-05-19,395,185,4,2.1621621621621623
4127,South-West,2013-05-20,2013-05-26,2013-05-26,150,0,0,0.0
4128,South-West,2013-05-27,2013-06-02,2013-06-02,344,150,2,1.3333333333333335
4129,South-West,2013-06-03,2013-06-09,2013-06-09,351,135,2,1.4814814814814816
4130,South-West,2013-06-10,2013-06-16,2013-06-16,89,39,1,2.564102564102564
4131,South-West,2013-06-17,2013-06-23,2013-06-23,162,15,0,0.0
4132,South-West,2013-06-24,2013-06-30,2013-06-30,107,51,1,1.9607843137254901
4133,South-West,2013-07-01,2013-07-07,2013-07-07,0,0,0,0.0
4134,South-West,2013-07-08,2013-07-14,2013-07-14,411,199,3,1.507537688442211
4135,South-West,2013-07-15,2013-07-21,2013-07-21,84,33,0,0.0
4136,South-West,2013-07-22,2013-07-28,2013-07-28,169,93,2,2.1505376344086025
4137,South-West,2013-07-29,2013-08-04,2013-08-04,320,114,1,0.8771929824561403
4138,South-West,2013-08-05,2013-08-11,2013-08-11,261,55,1,1.8181818181818181
4139,South-West,2013-08-12,2013-08-18,2013-08-18,219,120,3,2.5
4140,South-West,2013-08-19,2013-08-25,2013-08-25,180,29,0,0.0
4141,South-West,2013-08-26,2013-09-01,2013-09-01,687,150,4,2.666666666666667
4142,South-West,2013-09-02,2013-09-08,2013-09-08,61,19,0,0.0
4143,South-West,2013-09-09,2013-09-15,2013-09-15,137,30,0,0.0
4144,South-West,2013-09-16,2013-09-22,2013-09-22,328,171,3,1.7543859649122806
4145,South-West,2013-09-23,2013-09-29,2013-09-29,687,325,7,2.1538461538461537
4146,South-West,2013-09-30,2013-10-06,2013-10-06,0,0,0,0.0
4147,South-West,2013-10-07,2013-10-13,2013-10-13,297,0,1,0.0
4148,South-West,2013-10-14,2013-10-20,2013-10-20,229,117,3,2.564102564102564
4149,South-West,2013-10-21,2013-10-27,2013-10-27,358,170,3,1.7647058823529411
4150,South-West,2013-10-28,2013-11-03,2013-11-03,0,0,0,0.0
4151,South-West,2013-11-04,2013-11-10,2013-11-10,164,55,1,1.8181818181818181
4152,South-West,2013-11-11,2013-11-17,2013-11-17,851,340,7,2.0588235294117645
4153,South-West,2013-11-18,2013-11-24,2013-11-24,29,15,0,0.0
4154,South-West,2013-11-25,2013-12-01,2013-12-01,129,0,0,0.0
4155,South-West,2013-12-02,2013-12-08,2013-12-08,123,46,1,2.1739130434782608
4156,South-West,2013-12-09,2013-12-15,2013-12-15,44,24,0,0.0
4157,South-West,2013-12-16,2013-12-22,2013-12-22,143,55,0,0.0
4158,South-West,2013-12-23,2013-12-29,2013-12-29,25,9,0,0.0
4159,South-West,2013-12-30,2014-01-05,2014-01-05,0,0,0,0.0
4160,South-West,2014-01-06,2014-01-12,2014-01-12,121,41,0,0.0
4161,South-West,2014-01-13,2014-01-19,2014-01-19,15,0,0,0.0
4162,South-West,2014-01-20,2014-01-26,2014-01-26,0,0,0,0.0
4163,South-West,2014-01-27,2014-02-02,2014-02-02,174,36,0,0.0
4164,South-West,2014-02-03,2014-02-09,2014-02-09,31,10,0,0.0
4165,South-West,2014-02-10,2014-02-16,2014-02-16,131,47,0,0.0
4166,South-West,2014-02-17,2014-02-23,2014-02-23,51,12,0,0.0
4167,South-West,2014-02-24,2014-03-02,2014-03-02,264,94,0,0.0
4168,South-West,2014-03-03,2014-03-09,2014-03-09,11,5,0,0.0
4169,South-West,2014-03-10,2014-03-16,2014-03-16,184,81,0,0.0
4170,South-West,2014-03-17,2014-03-23,2014-03-23,65,18,0,0.0
4171,South-West,2014-03-24,2014-03-30,2014-03-30,108,13,0,0.0
4172,South-West,2014-03-31,2014-04-06,2014-04-06,30,12,0,0.0
4173,South-West,2014-04-07,2014-04-13,2014-04-13,9,0,0,0.0
4174,South-West,2014-04-14,2014-04-20,2014-04-20,77,36,1,2.7777777777777777
4175,South-West,2014-04-21,2014-04-27,2014-04-27,260,111,1,0.9009009009009009
4176,South-West,2014-04-28,2014-05-04,2014-05-04,148,0,1,0.0
4177,South-West,2014-05-05,2014-05-11,2014-05-11,0,0,0,0.0
4178,South-West,2014-05-12,2014-05-18,2014-05-18,0,0,0,0.0
4179,South-West,2014-05-19,2014-05-25,2014-05-25,132,43,0,0.0
4180,South-West,2014-05-26,2014-06-01,2014-06-01,72,9,0,0.0
4181,South-West,2014-06-02,2014-06-08,2014-06-08,60,40,1,2.5
4182,South-West,2014-06-09,2014-06-15,2014-06-15,179,75,2,2.666666666666667
4183,South-West,2014-06-16,2014-06-22,2014-06-22,368,5,0,0.0
4184,South-West,2014-06-23,2014-06-29,2014-06-29,100,39,0,0.0
4185,South-West,2014-06-30,2014-07-06,2014-07-06,575,249,3,1.2048192771084338
4186,South-West,2014-07-07,2014-07-13,2014-07-13,516,21,0,0.0
4187,South-West,2014-07-14,2014-07-20,2014-07-20,166,82,2,2.4390243902439024
4188,South-West,2014-07-21,2014-07-27,2014-07-27,94,0,0,0.0
4189,South-West,2014-07-28,2014-08-03,2014-08-03,92,56,1,1.7857142857142856
4190,South-West,2014-08-04,2014-08-10,2014-08-10,281,95,2,2.1052631578947367
4191,South-West,2014-08-11,2014-08-17,2014-08-17,123,73,1,1.36986301369863
4192,South-West,2014-08-18,2014-08-24,2014-08-24,90,28,0,0.0
4193,South-West,2014-08-25,2014-08-31,2014-08-31,87,42,1,2.380952380952381
4194,South-West,2014-09-01,2014-09-07,2014-09-07,192,20,0,0.0
4195,South-West,2014-09-08,2014-09-14,2014-09-14,92,38,0,0.0
4196,South-West,2014-09-15,2014-09-21,2014-09-21,0,0,0,0.0
4197,South-West,2014-09-22,2014-09-28,2014-09-28,94,17,0,0.0
4198,South-West,2014-09-29,2014-10-05,2014-10-05,493,237,4,1.6877637130801686
4199,South-West,2014-10-06,2014-10-12,2014-10-12,106,26,1,3.8461538461538463
4200,South-West,2014-10-13,2014-10-19,2014-10-19,517,150,2,1.3333333333333335
4201,South-West,2014-10-20,2014-10-26,2014-10-26,109,61,1,1.639344262295082
4202,South-West,2014-10-27,2014-11-02,2014-11-02,0,0,0,0.0
4203,South-West,2014-11-03,2014-11-09,2014-11-09,37,16,0,0.0
4204,South-West,2014-11-10,2014-11-16,2014-11-16,60,0,0,0.0
4205,South-West,2014-11-17,2014-11-23,2014-11-23,34,12,0,0.0
4206,South-West,2014-11-24,2014-11-30,2014-11-30,126,15,0,0.0
4207,South-West,2014-12-01,2014-12-07,2014-12-07,72,39,0,0.0
4208,South-West,2014-12-08,2014-12-14,2014-12-14,0,0,0,0.0
4209,South-West,2014-12-15,2014-12-21,2014-12-21,70,31,0,0.0
4210,South-West,2014-12-22,2014-12-28,2014-12-28,85,7,0,0.0
4211,South-West,2014-12-29,2015-01-04,2015-01-04,64,36,1,2.7777777777777777
4212,South-West,2015-01-05,2015-01-11,2015-01-11,30,13,0,0.0
4213,South-West,2015-01-12,2015-01-18,2015-01-18,44,18,0,0.0
4214,South-West,2015-01-19,2015-01-25,2015-01-25,6,0,0,0.0
4215,South-West,2015-01-26,2015-02-01,2015-02-01,33,18,0,0.0
4216,South-West,2015-02-02,2015-02-08,2015-02-08,108,6,0,0.0
4217,South-West,2015-02-09,2015-02-15,2015-02-15,64,26,0,0.0
4218,South-West,2015-02-16,2015-02-22,2015-02-22,69,38,1,2.631578947368421
4219,South-West,2015-02-23,2015-03-01,2015-03-01,324,108,2,1.8518518518518516
4220,South-West,2015-03-02,2015-03-08,2015-03-08,160,38,1,2.631578947368421
4221,South-West,2015-03-09,2015-03-15,2015-03-15,0,0,0,0.0
4222,South-West,2015-03-16,2015-03-22,2015-03-22,50,22,0,0.0
4223,South-West,2015-03-23,2015-03-29,2015-03-29,162,38,0,0.0
4224,South-West,2015-03-30,2015-04-05,2015-04-05,67,24,0,0.0
4225,South-West,2015-04-06,2015-04-12,2015-04-12,105,57,1,1.7543859649122806
4226,South-West,2015-04-13,2015-04-19,2015-04-19,264,102,4,3.9215686274509802
4227,South-West,2015-04-20,2015-04-26,2015-04-26,0,0,0,0.0
4228,South-West,2015-04-27,2015-05-03,2015-05-03,0,0,0,0.0
4229,South-West,2015-05-04,2015-05-10,2015-05-10,142,0,0,0.0
4230,South-West,2015-05-11,2015-05-17,2015-05-17,150,0,0,0.0
4231,South-West,2015-05-18,2015-05-24,2015-05-24,151,84,4,4.761904761904762
4232,South-West,2015-05-25,2015-05-31,2015-05-31,105,36,1,2.7777777777777777
4233,South-West,2015-06-01,2015-06-07,2015-06-07,0,0,0,0.0
4234,South-West,2015-06-08,2015-06-14,2015-06-14,374,186,3,1.6129032258064515
4235,South-West,2015-06-15,2015-06-21,2015-06-21,126,44,1,2.272727272727273
4236,South-West,2015-06-22,2015-06-28,2015-06-28,206,72,1,1.3888888888888888
4237,South-West,2015-06-29,2015-07-05,2015-07-05,124,57,1,1.7543859649122806
4238,South-West,2015-07-06,2015-07-12,2015-07-12,104,61,1,1.639344262295082
4239,South-West,2015-07-13,2015-07-19,2015-07-19,328,159,2,1.257861635220126
4240,South-West,2015-07-20,2015-07-26,2015-07-26,304,156,2,1.282051282051282
4241,South-West,2015-07-27,2015-08-02,2015-08-02,123,35,1,2.857142857142857
4242,South-West,2015-08-03,2015-08-09,2015-08-09,168,60,0,0.0
4243,South-West,2015-08-10,2015-08-16,2015-08-16,90,25,0,0.0
4244,South-West,2015-08-17,2015-08-23,2015-08-23,659,342,6,1.7543859649122806
4245,South-West,2015-08-24,2015-08-30,2015-08-30,319,0,0,0.0
4246,South-West,2015-08-31,2015-09-06,2015-09-06,60,0,0,0.0
4247,South-West,2015-09-07,2015-09-13,2015-09-13,116,28,0,0.0
4248,South-West,2015-09-14,2015-09-20,2015-09-20,254,83,0,0.0
4249,South-West,2015-09-21,2015-09-27,2015-09-27,121,48,1,2.083333333333333
4250,South-West,2015-09-28,2015-10-04,2015-10-04,0,0,0,0.0
4251,South-West,2015-10-05,2015-10-11,2015-10-11,336,103,3,2.912621359223301
4252,South-West,2015-10-12,2015-10-18,2015-10-18,223,124,3,2.4193548387096775
4253,South-West,2015-10-19,2015-10-25,2015-10-25,182,64,0,0.0
4254,South-West,2015-10-26,2015-11-01,2015-11-01,315,56,1,1.7857142857142856
4255,South-West,2015-11-02,2015-11-08,2015-11-08,2,1,0,0.0
4256,South-West,2015-11-09,2015-11-15,2015-11-15,187,60,0,0.0
4257,South-West,2015-11-16,2015-11-22,2015-11-22,115,22,0,0.0
4258,South-West,2015-11-23,2015-11-29,2015-11-29,9,0,0,0.0
4259,South-West,2015-11-30,2015-12-06,2015-12-06,17,9,0,0.0
4260,South-West,2015-12-07,2015-12-13,2015-12-13,0,0,0,0.0
4261,South-West,2015-12-14,2015-12-20,2015-12-20,144,20,0,0.0
4262,South-West,2015-12-21,2015-12-27,2015-12-27,0,0,0,0.0
4263,South-West,2016-01-04,2016-01-10,2016-01-10,0,0,0,0.0
4264,South-West,2016-01-11,2016-01-17,2016-01-17,0,0,0,0.0
4265,South-West,2016-01-18,2016-01-24,2016-01-24,0,0,0,0.0
4266,South-West,2016-01-25,2016-01-31,2016-01-31,0,0,0,0.0
4267,South-West,2016-02-01,2016-02-07,2016-02-07,33,11,0,0.0
4268,South-West,2016-02-08,2016-02-14,2016-02-14,0,0,0,0.0
4269,South-West,2016-02-15,2016-02-21,2016-02-21,0,0,0,0.0
4270,South-West,2016-02-22,2016-02-28,2016-02-28,0,0,0,0.0
4271,South-West,2016-02-29,2016-03-06,2016-03-06,12,3,0,0.0
4272,South-West,2016-03-07,2016-03-13,2016-03-13,167,92,2,2.1739130434782608
4273,South-West,2016-03-14,2016-03-20,2016-03-20,183,64,1,1.5625
4274,South-West,2016-03-21,2016-03-27,2016-03-27,142,32,1,3.125
4275,South-West,2016-03-28,2016-04-03,2016-04-03,225,104,1,0.9615384615384616
4276,South-West,2016-04-04,2016-04-10,2016-04-10,194,39,0,0.0
4277,South-West,2016-04-11,2016-04-17,2016-04-17,248,89,1,1.1235955056179776
4278,South-West,2016-04-18,2016-04-24,2016-04-24,199,89,1,1.1235955056179776
4279,South-West,2016-04-25,2016-05-01,2016-05-01,154,48,0,0.0
4280,South-West,2016-05-02,2016-05-08,2016-05-08,299,116,5,4.310344827586207
4281,South-West,2016-05-09,2016-05-15,2016-05-15,77,0,0,0.0
4282,South-West,2016-05-16,2016-05-22,2016-05-22,206,87,2,2.2988505747126435
4283,South-West,2016-05-23,2016-05-29,2016-05-29,97,37,1,2.7027027027027026
4284,South-West,2016-05-30,2016-06-05,2016-06-05,105,39,0,0.0
4285,South-West,2016-06-06,2016-06-12,2016-06-12,574,163,5,3.067484662576687
4286,South-West,2016-06-13,2016-06-19,2016-06-19,286,136,1,0.7352941176470588
4287,South-West,2016-06-20,2016-06-26,2016-06-26,61,18,0,0.0
4288,South-West,2016-06-27,2016-07-03,2016-07-03,77,40,1,2.5
4289,South-West,2016-07-04,2016-07-10,2016-07-10,371,236,9,3.8135593220338984
4290,South-West,2016-07-11,2016-07-17,2016-07-17,338,167,1,0.5988023952095809
4291,South-West,2016-07-18,2016-07-24,2016-07-24,509,56,1,1.7857142857142856
4292,South-West,2016-07-25,2016-07-31,2016-07-31,636,146,3,2.054794520547945
4293,South-West,2016-08-01,2016-08-07,2016-08-07,473,251,6,2.3904382470119523
4294,South-West,2016-08-08,2016-08-14,2016-08-14,219,119,2,1.680672268907563
4295,South-West,2016-08-15,2016-08-21,2016-08-21,522,240,6,2.5
4296,South-West,2016-08-22,2016-08-28,2016-08-28,153,72,1,1.3888888888888888
4297,South-West,2016-08-29,2016-09-04,2016-09-04,68,26,1,3.8461538461538463
4298,South-West,2016-09-05,2016-09-11,2016-09-11,455,238,3,1.2605042016806722
4299,South-West,2016-09-12,2016-09-18,2016-09-18,224,61,1,1.639344262295082
4300,South-West,2016-09-19,2016-09-25,2016-09-25,340,169,4,2.366863905325444
4301,South-West,2016-09-26,2016-10-02,2016-10-02,282,124,1,0.8064516129032258
4302,South-West,2016-10-03,2016-10-09,2016-10-09,308,128,3,2.34375
4303,South-West,2016-10-10,2016-10-16,2016-10-16,2,1,0,0.0
4304,South-West,2016-10-17,2016-10-23,2016-10-23,154,26,0,0.0
4305,South-West,2016-10-24,2016-10-30,2016-10-30,214,70,1,1.4285714285714286
4306,South-West,2016-10-31,2016-11-06,2016-11-06,210,96,0,0.0
4307,South-West,2016-11-07,2016-11-13,2016-11-13,43,22,0,0.0
4308,South-West,2016-11-14,2016-11-20,2016-11-20,51,25,0,0.0
4309,South-West,2016-11-21,2016-11-27,2016-11-27,24,12,0,0.0
4310,South-West,2016-11-28,2016-12-04,2016-12-04,0,0,0,0.0
4311,South-West,2016-12-05,2016-12-11,2016-12-11,41,17,0,0.0
4312,South-West,2016-12-12,2016-12-18,2016-12-18,57,0,0,0.0
4313,South-West,2016-12-19,2016-12-25,2016-12-25,32,12,0,0.0
4314,South-West,2016-12-26,2017-01-01,2017-01-01,48,24,0,0.0
4315,South-West,2017-01-02,2017-01-08,2017-01-08,41,13,0,0.0
4316,South-West,2017-01-09,2017-01-15,2017-01-15,116,5,0,0.0
4317,South-West,2017-01-16,2017-01-22,2017-01-22,0,0,0,0.0
4318,South-West,2017-01-23,2017-01-29,2017-01-29,51,25,0,0.0
4319,South-West,2017-01-30,2017-02-05,2017-02-05,0,0,0,0.0
4320,South-West,2017-02-06,2017-02-12,2017-02-12,0,0,0,0.0
4321,South-West,2017-02-13,2017-02-19,2017-02-19,24,0,0,0.0
4322,South-West,2017-02-20,2017-02-26,2017-02-26,59,27,1,3.7037037037037033
4323,South-West,2017-02-27,2017-03-05,2017-03-05,0,0,0,0.0
4324,South-West,2017-03-06,2017-03-12,2017-03-12,98,14,0,0.0
4325,South-West,2017-03-13,2017-03-19,2017-03-19,101,36,0,0.0
4326,South-West,2017-03-20,2017-03-26,2017-03-26,200,40,1,2.5
4327,South-West,2017-03-27,2017-04-02,2017-04-02,116,59,1,1.694915254237288
4328,South-West,2017-04-03,2017-04-09,2017-04-09,55,14,0,0.0
4329,South-West,2017-04-10,2017-04-16,2017-04-16,85,38,0,0.0
4330,South-West,2017-04-17,2017-04-23,2017-04-23,142,39,0,0.0
4331,South-West,2017-04-24,2017-04-30,2017-04-30,0,0,0,0.0
4332,South-West,2017-05-01,2017-05-07,2017-05-07,0,0,0,0.0
4333,South-West,2017-05-08,2017-05-14,2017-05-14,88,21,0,0.0
4334,South-West,2017-05-15,2017-05-21,2017-05-21,221,88,2,2.272727272727273
4335,South-West,2017-05-22,2017-05-28,2017-05-28,222,74,2,2.7027027027027026
4336,South-West,2017-05-29,2017-06-04,2017-06-04,0,0,0,0.0
4337,South-West,2017-06-05,2017-06-11,2017-06-11,297,75,1,1.3333333333333335
4338,South-West,2017-06-12,2017-06-18,2017-06-18,68,33,0,0.0
4339,South-West,2017-06-19,2017-06-25,2017-06-25,173,87,3,3.4482758620689653
4340,South-West,2017-06-26,2017-07-02,2017-07-02,94,26,1,3.8461538461538463
4341,South-West,2017-07-03,2017-07-09,2017-07-09,207,112,2,1.7857142857142856
4342,South-West,2017-07-10,2017-07-16,2017-07-16,516,136,4,2.941176470588235
4343,South-West,2017-07-17,2017-07-23,2017-07-23,133,35,0,0.0
4344,South-West,2017-07-24,2017-07-30,2017-07-30,762,163,4,2.4539877300613497
4345,South-West,2017-07-31,2017-08-06,2017-08-06,126,54,0,0.0
4346,South-West,2017-08-07,2017-08-13,2017-08-13,142,49,0,0.0
4347,South-West,2017-08-14,2017-08-20,2017-08-20,601,296,3,1.0135135135135136
4348,South-West,2017-08-21,2017-08-27,2017-08-27,225,85,3,3.5294117647058822
4349,South-West,2017-08-28,2017-09-03,2017-09-03,84,56,1,1.7857142857142856
4350,South-West,2017-09-04,2017-09-10,2017-09-10,507,235,6,2.553191489361702
4351,South-West,2017-09-11,2017-09-17,2017-09-17,100,59,2,3.389830508474576
4352,South-West,2017-09-18,2017-09-24,2017-09-24,637,358,7,1.9553072625698324
4353,South-West,2017-09-25,2017-10-01,2017-10-01,0,0,0,0.0
4354,South-West,2017-10-02,2017-10-08,2017-10-08,463,229,4,1.7467248908296942
4355,South-West,2017-10-09,2017-10-15,2017-10-15,308,26,1,3.8461538461538463
4356,South-West,2017-10-16,2017-10-22,2017-10-22,36,18,0,0.0
4357,South-West,2017-10-23,2017-10-29,2017-10-29,63,0,0,0.0
4358,South-West,2017-10-30,2017-11-05,2017-11-05,0,0,0,0.0
4359,South-West,2017-11-06,2017-11-12,2017-11-12,0,0,0,0.0
4360,South-West,2017-11-13,2017-11-19,2017-11-19,0,0,0,0.0
4361,South-West,2017-11-20,2017-11-26,2017-11-26,74,40,1,2.5
4362,South-West,2017-11-27,2017-12-03,2017-12-03,0,0,0,0.0
4363,South-West,2017-12-04,2017-12-10,2017-12-10,0,0,0,0.0
4364,South-West,2017-12-11,2017-12-17,2017-12-17,39,18,0,0.0
4365,South-West,2017-12-18,2017-12-24,2017-12-24,198,64,1,1.5625
4366,South-West,2017-12-25,2017-12-31,2017-12-31,37,14,0,0.0
4367,South-West,2018-01-01,2018-01-07,2018-01-07,0,0,0,0.0
4368,South-West,2018-01-01,2018-12-30,2018-12-30,111,21,0,0.0
4369,South-West,2018-01-08,2018-01-14,2018-01-14,0,0,0,0.0
4370,South-West,2018-01-15,2018-01-21,2018-01-21,12,0,0,0.0
4371,South-West,2018-01-22,2018-01-28,2018-01-28,24,7,0,0.0
4372,South-West,2018-01-29,2018-02-04,2018-02-04,21,0,0,0.0
4373,South-West,2018-02-05,2018-02-11,2018-02-11,0,0,0,0.0
4374,South-West,2018-02-12,2018-02-18,2018-02-18,153,37,0,0.0
4375,South-West,2018-02-19,2018-02-25,2018-02-25,38,18,0,0.0
4376,South-West,2018-02-26,2018-03-04,2018-03-04,148,0,0,0.0
4377,South-West,2018-03-05,2018-03-11,2018-03-11,0,0,0,0.0
4378,South-West,2018-03-12,2018-03-18,2018-03-18,164,41,1,2.4390243902439024
4379,South-West,2018-03-19,2018-03-25,2018-03-25,141,49,1,2.0408163265306123
4380,South-West,2018-03-26,2018-04-01,2018-04-01,76,0,0,0.0
4381,South-West,2018-04-02,2018-04-08,2018-04-08,118,52,2,3.8461538461538463
4382,South-West,2018-04-09,2018-04-15,2018-04-15,0,0,0,0.0
4383,South-West,2018-04-16,2018-04-22,2018-04-22,25,7,0,0.0
4384,South-West,2018-04-23,2018-04-29,2018-04-29,57,0,0,0.0
4385,South-West,2018-04-30,2018-05-06,2018-05-06,83,35,1,2.857142857142857
4386,South-West,2018-05-07,2018-05-13,2018-05-13,138,65,2,3.076923076923077
4387,South-West,2018-05-14,2018-05-20,2018-05-20,24,7,0,0.0
4388,South-West,2018-05-18,2020-01-20,2020-01-20,380,251,16,6.374501992031872
4389,South-West,2018-05-21,2018-05-27,2018-05-27,0,0,0,0.0
4390,South-West,2018-05-28,2018-06-03,2018-06-03,418,138,2,1.4492753623188406
4391,South-West,2018-06-04,2018-06-10,2018-06-10,114,61,2,3.278688524590164
4392,South-West,2018-06-11,2018-06-17,2018-06-17,201,0,0,0.0
4393,South-West,2018-06-18,2018-06-24,2018-06-24,89,22,0,0.0
4394,South-West,2018-06-25,2018-07-01,2018-07-01,93,35,0,0.0
4395,South-West,2018-07-02,2018-07-08,2018-07-08,68,39,0,0.0
4396,South-West,2018-07-09,2018-07-15,2018-07-15,88,39,0,0.0
4397,South-West,2018-07-16,2018-07-22,2018-07-22,214,101,4,3.9603960396039604
4398,South-West,2018-07-23,2018-07-29,2018-07-29,150,32,1,3.125
4399,South-West,2018-07-30,2018-08-05,2018-08-05,0,0,0,0.0
4400,South-West,2018-08-06,2018-08-12,2018-08-12,0,0,0,0.0
4401,South-West,2018-08-13,2018-08-19,2018-08-19,0,0,0,0.0
4402,South-West,2018-08-20,2018-08-26,2018-08-26,57,16,0,0.0
4403,South-West,2018-08-27,2018-09-02,2018-09-02,180,105,2,1.9047619047619049
4404,South-West,2018-09-03,2018-09-09,2018-09-09,0,0,0,0.0
4405,South-West,2018-09-10,2018-09-16,2018-09-16,0,0,0,0.0
4406,South-West,2018-09-17,2018-09-23,2018-09-23,297,134,1,0.7462686567164178
4407,South-West,2018-09-24,2018-09-30,2018-09-30,0,0,0,0.0
4408,South-West,2018-10-01,2018-10-07,2018-10-07,93,0,0,0.0
4409,South-West,2018-10-08,2018-10-14,2018-10-14,112,0,0,0.0
4410,South-West,2018-10-15,2018-10-21,2018-10-21,32,8,0,0.0
4411,South-West,2018-10-22,2018-10-28,2018-10-28,12,6,0,0.0
4412,South-West,2018-10-29,2018-11-04,2018-11-04,9,0,0,0.0
4413,South-West,2018-11-05,2018-11-11,2018-11-11,87,38,1,2.631578947368421
4414,South-West,2018-11-12,2018-11-18,2018-11-18,46,25,1,4.0
4415,South-West,2018-11-19,2018-11-25,2018-11-25,51,12,0,0.0
4416,South-West,2018-11-26,2018-12-02,2018-12-02,0,0,0,0.0
4417,South-West,2018-12-10,2018-12-16,2018-12-16,0,0,0,0.0
4418,South-West,2018-12-17,2018-12-23,2018-12-23,78,34,0,0.0
4419,South-West,2018-12-24,2018-12-30,2018-12-30,0,0,0,0.0
4420,South-West,2018-12-31,2019-01-06,2019-01-06,50,7,0,0.0
4421,South-West,2018-12-31,2019-12-29,2019-12-29,41,0,1,0.0
4422,South-West,2019-01-07,2019-01-13,2019-01-13,0,0,0,0.0
4423,South-West,2019-01-14,2019-01-20,2019-01-20,71,35,1,2.857142857142857
4424,South-West,2019-01-21,2019-01-27,2019-01-27,238,155,2,1.2903225806451613
4425,South-West,2019-01-28,2019-02-03,2019-02-03,0,0,0,0.0
4426,South-West,2019-02-04,2019-02-10,2019-02-10,25,14,0,0.0
4427,South-West,2019-02-11,2019-02-17,2019-02-17,0,0,0,0.0
4428,South-West,2019-02-18,2019-02-24,2019-02-24,0,0,0,0.0
4429,South-West,2019-02-25,2019-03-03,2019-03-03,90,34,0,0.0
4430,South-West,2019-03-04,2019-03-10,2019-03-10,126,25,0,0.0
4431,South-West,2019-03-11,2019-03-17,2019-03-17,0,0,0,0.0
4432,South-West,2019-03-18,2019-03-24,2019-03-24,79,39,1,2.564102564102564
4433,South-West,2019-05-13,2019-05-19,2019-05-19,0,0,0,0.0
4434,South-West,2019-11-04,2019-11-10,2019-11-10,32,16,1,6.25
4435,South-West,2019-11-11,2019-11-17,2019-11-17,100,0,0,0.0
4436,South-West,2019-11-11,2020-01-09,2020-01-09,376,4,0,0.0
4437,South-West,2019-11-11,2020-05-18,2020-05-18,0,0,0,0.0
4438,South-West,2019-11-11,2020-09-20,2020-09-20,39,26,1,3.8461538461538463
4439,South-West,2019-11-11,2020-09-27,2020-09-27,182,35,2,5.714285714285714
4440,South-West,2019-11-18,2019-11-24,2019-11-24,106,0,1,0.0
4441,South-West,2019-11-25,2019-12-01,2019-12-01,0,0,0,0.0
4442,South-West,2019-12-01,2019-12-07,2019-12-07,120,0,0,0.0
4443,South-West,2019-12-02,2019-12-08,2019-12-08,32,20,0,0.0
4444,South-West,2019-12-09,2019-12-15,2019-12-15,120,37,1,2.7027027027027026
4445,South-West,2019-12-16,2019-12-22,2019-12-22,60,0,0,0.0
4446,South-West,2019-12-23,2019-12-29,2019-12-29,47,30,0,0.0
4447,South-West,2020-01-01,2020-01-28,2020-01-28,362,140,11,7.857142857142857
4448,South-West,2020-01-04,2020-01-20,2020-01-20,17,6,0,0.0
4449,South-West,2020-09-11,2020-09-11,2020-09-11,0,0,0,0.0
4450,South-West,2020-09-11,2020-09-23,2020-09-23,47,0,0,0.0
4451,South-West,2020-09-12,2020-09-12,2020-09-12,0,0,0,0.0
4452,South-West,2020-09-13,2020-09-13,2020-09-13,0,0,0,0.0
4453,South-West,2020-09-14,2020-09-14,2020-09-14,85,43,1,2.3255813953488373
4454,South-West,2020-09-15,2020-09-15,2020-09-15,126,69,0,0.0
4455,South-West,2020-09-15,2020-09-17,2020-09-17,74,42,0,0.0
4456,South-West,2020-09-16,2020-09-16,2020-09-16,33,13,0,0.0
4457,South-West,2020-09-17,2020-09-17,2020-09-17,104,25,0,0.0
4458,South-West,2020-09-18,2020-09-18,2020-09-18,0,0,0,0.0
4459,South-West,2020-09-19,2020-09-19,2020-09-19,0,0,0,0.0
4460,South-West,2020-09-20,2020-09-20,2020-09-20,0,0,0,0.0
4461,South-West,2020-09-21,2020-09-21,2020-09-21,0,0,0,0.0
4462,South-West,2020-09-22,2020-09-22,2020-09-22,0,0,0,0.0
4463,South-West,2020-09-23,2020-09-23,2020-09-23,0,0,0,0.0
4464,West,2010-01-04,2010-01-10,2010-01-10,0,0,0,0.0
4465,West,2010-01-11,2010-01-17,2010-01-17,51,22,0,0.0
4466,West,2010-01-18,2010-01-24,2010-01-24,6,0,0,0.0
4467,West,2010-01-25,2010-01-31,2010-01-31,0,0,0,0.0
4468,West,2010-02-01,2010-02-07,2010-02-07,79,26,0,0.0
4469,West,2010-02-08,2010-02-14,2010-02-14,24,0,0,0.0
4470,West,2010-02-15,2010-02-21,2010-02-21,45,20,0,0.0
4471,West,2010-02-22,2010-02-28,2010-02-28,0,0,0,0.0
4472,West,2010-03-01,2010-03-07,2010-03-07,10,5,0,0.0
4473,West,2010-03-08,2010-03-14,2010-03-14,71,31,1,3.225806451612903
4474,West,2010-03-15,2010-03-21,2010-03-21,148,47,1,2.127659574468085
4475,West,2010-03-22,2010-03-28,2010-03-28,45,28,0,0.0
4476,West,2010-03-29,2010-04-04,2010-04-04,74,22,0,0.0
4477,West,2010-04-05,2010-04-11,2010-04-11,183,43,0,0.0
4478,West,2010-04-12,2010-04-18,2010-04-18,83,17,0,0.0
4479,West,2010-04-19,2010-04-25,2010-04-25,180,47,1,2.127659574468085
4480,West,2010-04-26,2010-05-02,2010-05-02,0,0,0,0.0
4481,West,2010-05-03,2010-05-09,2010-05-09,54,34,1,2.941176470588235
4482,West,2010-05-10,2010-05-16,2010-05-16,90,33,0,0.0
4483,West,2010-05-17,2010-05-23,2010-05-23,39,0,0,0.0
4484,West,2010-05-24,2010-05-30,2010-05-30,158,76,2,2.631578947368421
4485,West,2010-05-31,2010-06-06,2010-06-06,0,0,0,0.0
4486,West,2010-06-07,2010-06-13,2010-06-13,19,0,0,0.0
4487,West,2010-06-14,2010-06-20,2010-06-20,315,100,3,3.0
4488,West,2010-06-21,2010-06-27,2010-06-27,256,105,1,0.9523809523809524
4489,West,2010-06-28,2010-07-04,2010-07-04,62,34,1,2.941176470588235
4490,West,2010-07-05,2010-07-11,2010-07-11,214,63,2,3.1746031746031744
4491,West,2010-07-12,2010-07-18,2010-07-18,185,43,1,2.3255813953488373
4492,West,2010-07-19,2010-07-25,2010-07-25,94,52,0,0.0
4493,West,2010-07-26,2010-08-01,2010-08-01,59,22,0,0.0
4494,West,2010-08-02,2010-08-08,2010-08-08,288,111,2,1.8018018018018018
4495,West,2010-08-09,2010-08-15,2010-08-15,0,0,0,0.0
4496,West,2010-08-16,2010-08-22,2010-08-22,70,43,1,2.3255813953488373
4497,West,2010-08-23,2010-08-29,2010-08-29,0,0,0,0.0
4498,West,2010-08-30,2010-09-05,2010-09-05,256,61,1,1.639344262295082
4499,West,2010-09-06,2010-09-12,2010-09-12,55,0,0,0.0
4500,West,2010-09-13,2010-09-19,2010-09-19,0,0,0,0.0
4501,West,2010-09-20,2010-09-26,2010-09-26,60,32,0,0.0
4502,West,2010-09-27,2010-10-03,2010-10-03,162,0,0,0.0
4503,West,2010-10-04,2010-10-10,2010-10-10,62,0,0,0.0
4504,West,2010-10-11,2010-10-17,2010-10-17,106,49,0,0.0
4505,West,2010-10-18,2010-10-24,2010-10-24,579,127,4,3.149606299212598
4506,West,2010-10-25,2010-10-31,2010-10-31,263,99,1,1.0101010101010102
4507,West,2010-11-01,2010-11-07,2010-11-07,121,61,0,0.0
4508,West,2010-11-08,2010-11-14,2010-11-14,156,26,1,3.8461538461538463
4509,West,2010-11-15,2010-11-21,2010-11-21,264,137,3,2.18978102189781
4510,West,2010-11-22,2010-11-28,2010-11-28,56,33,1,3.0303030303030303
4511,West,2010-11-29,2010-12-05,2010-12-05,21,9,0,0.0
4512,West,2010-12-06,2010-12-12,2010-12-12,0,0,0,0.0
4513,West,2010-12-13,2010-12-19,2010-12-19,0,0,0,0.0
4514,West,2010-12-20,2010-12-26,2010-12-26,75,17,1,5.88235294117647
4515,West,2010-12-27,2011-01-02,2011-01-02,0,0,0,0.0
4516,West,2011-01-01,2011-09-22,2011-09-22,1753,846,58,6.8557919621749415
4517,West,2011-01-03,2011-01-09,2011-01-09,0,0,0,0.0
4518,West,2011-01-10,2011-01-16,2011-01-16,0,0,0,0.0
4519,West,2011-01-17,2011-01-23,2011-01-23,57,22,0,0.0
4520,West,2011-01-24,2011-01-30,2011-01-30,43,17,1,5.88235294117647
4521,West,2011-01-31,2011-02-06,2011-02-06,9,5,0,0.0
4522,West,2011-02-07,2011-02-13,2011-02-13,54,9,0,0.0
4523,West,2011-02-14,2011-02-20,2011-02-20,38,8,0,0.0
4524,West,2011-02-21,2011-02-27,2011-02-27,79,15,0,0.0
4525,West,2011-02-28,2011-03-06,2011-03-06,240,39,1,2.564102564102564
4526,West,2011-03-07,2011-03-13,2011-03-13,168,56,1,1.7857142857142856
4527,West,2011-03-14,2011-03-20,2011-03-20,189,35,1,2.857142857142857
4528,West,2011-03-21,2011-03-27,2011-03-27,243,46,0,0.0
4529,West,2011-03-28,2011-04-03,2011-04-03,195,90,1,1.1111111111111112
4530,West,2011-04-04,2011-04-10,2011-04-10,109,25,0,0.0
4531,West,2011-04-11,2011-04-17,2011-04-17,230,69,1,1.4492753623188406
4532,West,2011-04-18,2011-04-24,2011-04-24,157,31,1,3.225806451612903
4533,West,2011-04-25,2011-05-01,2011-05-01,603,298,5,1.6778523489932886
4534,West,2011-05-02,2011-05-08,2011-05-08,288,71,3,4.225352112676056
4535,West,2011-05-09,2011-05-15,2011-05-15,304,120,4,3.3333333333333335
4536,West,2011-05-16,2011-05-22,2011-05-22,377,88,5,5.681818181818182
4537,West,2011-05-23,2011-05-29,2011-05-29,441,65,3,4.615384615384616
4538,West,2011-05-30,2011-06-05,2011-06-05,312,146,2,1.36986301369863
4539,West,2011-06-06,2011-06-12,2011-06-12,211,26,0,0.0
4540,West,2011-06-13,2011-06-19,2011-06-19,354,54,1,1.8518518518518516
4541,West,2011-06-20,2011-06-26,2011-06-26,343,20,2,10.0
4542,West,2011-06-27,2011-07-03,2011-07-03,395,188,3,1.5957446808510638
4543,West,2011-07-04,2011-07-10,2011-07-10,191,64,3,4.6875
4544,West,2011-07-11,2011-07-17,2011-07-17,411,49,1,2.0408163265306123
4545,West,2011-07-18,2011-07-24,2011-07-24,714,360,7,1.9444444444444444
4546,West,2011-07-25,2011-07-31,2011-07-31,309,27,1,3.7037037037037033
4547,West,2011-08-01,2011-08-07,2011-08-07,410,83,2,2.4096385542168677
4548,West,2011-08-08,2011-08-14,2011-08-14,379,124,1,0.8064516129032258
4549,West,2011-08-15,2011-08-21,2011-08-21,131,1,0,0.0
4550,West,2011-08-22,2011-08-28,2011-08-28,192,62,1,1.6129032258064515
4551,West,2011-08-29,2011-09-04,2011-09-04,127,10,0,0.0
4552,West,2011-09-05,2011-09-11,2011-09-11,78,14,0,0.0
4553,West,2011-09-12,2011-09-18,2011-09-18,208,72,2,2.7777777777777777
4554,West,2011-09-19,2011-09-25,2011-09-25,162,28,2,7.142857142857142
4555,West,2011-09-26,2011-10-02,2011-10-02,266,82,2,2.4390243902439024
4556,West,2011-10-03,2011-10-09,2011-10-09,179,66,1,1.5151515151515151
4557,West,2011-10-10,2011-10-16,2011-10-16,152,66,0,0.0
4558,West,2011-10-17,2011-10-23,2011-10-23,279,174,3,1.7241379310344827
4559,West,2011-10-24,2011-10-30,2011-10-30,227,99,3,3.0303030303030303
4560,West,2011-10-31,2011-11-06,2011-11-06,160,50,0,0.0
4561,West,2011-11-07,2011-11-13,2011-11-13,45,14,0,0.0
4562,West,2011-11-14,2011-11-20,2011-11-20,93,11,1,9.090909090909092
4563,West,2011-11-21,2011-11-27,2011-11-27,66,5,0,0.0
4564,West,2011-11-28,2011-12-04,2011-12-04,52,20,0,0.0
4565,West,2011-12-05,2011-12-11,2011-12-11,42,0,0,0.0
4566,West,2011-12-12,2011-12-18,2011-12-18,60,21,0,0.0
4567,West,2011-12-19,2011-12-25,2011-12-25,17,5,0,0.0
4568,West,2011-12-26,2012-01-01,2012-01-01,29,0,0,0.0
4569,West,2012-01-02,2012-01-08,2012-01-08,0,0,0,0.0
4570,West,2012-01-09,2012-01-15,2012-01-15,0,0,0,0.0
4571,West,2012-01-16,2012-01-22,2012-01-22,0,0,0,0.0
4572,West,2012-01-23,2012-01-29,2012-01-29,35,11,0,0.0
4573,West,2012-01-30,2012-02-05,2012-02-05,13,5,0,0.0
4574,West,2012-02-06,2012-02-12,2012-02-12,46,18,0,0.0
4575,West,2012-02-13,2012-02-19,2012-02-19,18,0,0,0.0
4576,West,2012-02-20,2012-02-26,2012-02-26,0,0,0,0.0
4577,West,2012-02-27,2012-03-04,2012-03-04,55,15,0,0.0
4578,West,2012-03-05,2012-03-11,2012-03-11,76,17,0,0.0
4579,West,2012-03-12,2012-03-18,2012-03-18,183,63,1,1.5873015873015872
4580,West,2012-03-19,2012-03-25,2012-03-25,26,6,0,0.0
4581,West,2012-03-26,2012-04-01,2012-04-01,0,0,0,0.0
4582,West,2012-04-02,2012-04-08,2012-04-08,132,65,1,1.5384615384615385
4583,West,2012-04-09,2012-04-15,2012-04-15,77,32,0,0.0
4584,West,2012-04-16,2012-04-22,2012-04-22,39,9,0,0.0
4585,West,2012-04-23,2012-04-29,2012-04-29,20,9,0,0.0
4586,West,2012-04-30,2012-05-06,2012-05-06,224,106,1,0.9433962264150944
4587,West,2012-05-07,2012-05-13,2012-05-13,108,45,1,2.2222222222222223
4588,West,2012-05-14,2012-05-20,2012-05-20,69,14,0,0.0
4589,West,2012-05-21,2012-05-27,2012-05-27,0,0,0,0.0
4590,West,2012-05-28,2012-06-03,2012-06-03,0,0,0,0.0
4591,West,2012-06-04,2012-06-10,2012-06-10,113,31,1,3.225806451612903
4592,West,2012-06-11,2012-06-17,2012-06-17,61,36,1,2.7777777777777777
4593,West,2012-06-18,2012-06-24,2012-06-24,404,134,3,2.2388059701492535
4594,West,2012-06-25,2012-07-01,2012-07-01,51,27,0,0.0
4595,West,2012-07-02,2012-07-08,2012-07-08,55,36,0,0.0
4596,West,2012-07-09,2012-07-15,2012-07-15,0,0,0,0.0
4597,West,2012-07-16,2012-07-22,2012-07-22,155,0,0,0.0
4598,West,2012-07-23,2012-07-29,2012-07-29,56,30,0,0.0
4599,West,2012-07-30,2012-08-05,2012-08-05,403,219,5,2.28310502283105
4600,West,2012-08-06,2012-08-12,2012-08-12,225,109,3,2.7522935779816518
4601,West,2012-08-13,2012-08-19,2012-08-19,170,94,4,4.25531914893617
4602,West,2012-08-20,2012-08-26,2012-08-26,187,42,1,2.380952380952381
4603,West,2012-08-27,2012-09-02,2012-09-02,110,50,0,0.0
4604,West,2012-09-03,2012-09-09,2012-09-09,146,57,1,1.7543859649122806
4605,West,2012-09-10,2012-09-16,2012-09-16,121,78,1,1.282051282051282
4606,West,2012-09-17,2012-09-23,2012-09-23,203,48,1,2.083333333333333
4607,West,2012-09-24,2012-09-30,2012-09-30,212,58,1,1.7241379310344827
4608,West,2012-10-01,2012-10-07,2012-10-07,48,13,0,0.0
4609,West,2012-10-08,2012-10-14,2012-10-14,272,96,2,2.083333333333333
4610,West,2012-10-15,2012-10-21,2012-10-21,103,41,0,0.0
4611,West,2012-10-22,2012-10-28,2012-10-28,42,0,1,0.0
4612,West,2012-10-29,2012-11-04,2012-11-04,221,126,2,1.5873015873015872
4613,West,2012-11-05,2012-11-11,2012-11-11,154,18,1,5.555555555555555
4614,West,2012-11-12,2012-11-18,2012-11-18,9,0,0,0.0
4615,West,2012-11-19,2012-11-25,2012-11-25,0,0,0,0.0
4616,West,2012-11-26,2012-12-02,2012-12-02,70,16,1,6.25
4617,West,2012-12-03,2012-12-09,2012-12-09,36,9,0,0.0
4618,West,2012-12-10,2012-12-16,2012-12-16,60,8,0,0.0
4619,West,2012-12-17,2012-12-23,2012-12-23,21,8,0,0.0
4620,West,2012-12-24,2012-12-30,2012-12-30,0,0,0,0.0
4621,West,2012-12-31,2013-01-06,2013-01-06,0,0,0,0.0
4622,West,2013-01-07,2013-01-13,2013-01-13,0,0,0,0.0
4623,West,2013-01-14,2013-01-20,2013-01-20,31,0,0,0.0
4624,West,2013-01-21,2013-01-27,2013-01-27,22,0,0,0.0
4625,West,2013-01-28,2013-02-03,2013-02-03,37,21,0,0.0
4626,West,2013-02-04,2013-02-10,2013-02-10,0,0,0,0.0
4627,West,2013-02-11,2013-02-17,2013-02-17,13,6,0,0.0
4628,West,2013-02-18,2013-02-24,2013-02-24,26,0,0,0.0
4629,West,2013-02-25,2013-03-03,2013-03-03,111,32,1,3.125
4630,West,2013-03-04,2013-03-10,2013-03-10,30,10,0,0.0
4631,West,2013-03-11,2013-03-17,2013-03-17,85,41,1,2.4390243902439024
4632,West,2013-03-18,2013-03-24,2013-03-24,0,0,0,0.0
4633,West,2013-03-25,2013-03-31,2013-03-31,12,3,0,0.0
4634,West,2013-04-01,2013-04-07,2013-04-07,49,14,0,0.0
4635,West,2013-04-08,2013-04-14,2013-04-14,0,0,0,0.0
4636,West,2013-04-15,2013-04-21,2013-04-21,59,0,0,0.0
4637,West,2013-04-22,2013-04-28,2013-04-28,0,0,0,0.0
4638,West,2013-04-29,2013-05-05,2013-05-05,170,56,0,0.0
4639,West,2013-05-06,2013-05-12,2013-05-12,361,39,1,2.564102564102564
4640,West,2013-05-13,2013-05-19,2013-05-19,253,75,1,1.3333333333333335
4641,West,2013-05-20,2013-05-26,2013-05-26,64,34,1,2.941176470588235
4642,West,2013-05-27,2013-06-02,2013-06-02,126,86,2,2.3255813953488373
4643,West,2013-06-03,2013-06-09,2013-06-09,0,0,0,0.0
4644,West,2013-06-10,2013-06-16,2013-06-16,88,18,0,0.0
4645,West,2013-06-17,2013-06-23,2013-06-23,57,32,1,3.125
4646,West,2013-06-24,2013-06-30,2013-06-30,149,30,1,3.3333333333333335
4647,West,2013-07-01,2013-07-07,2013-07-07,149,26,1,3.8461538461538463
4648,West,2013-07-08,2013-07-14,2013-07-14,185,0,0,0.0
4649,West,2013-07-15,2013-07-21,2013-07-21,0,0,0,0.0
4650,West,2013-07-22,2013-07-28,2013-07-28,175,56,1,1.7857142857142856
4651,West,2013-07-29,2013-08-04,2013-08-04,172,109,2,1.834862385321101
4652,West,2013-08-05,2013-08-11,2013-08-11,93,0,0,0.0
4653,West,2013-08-12,2013-08-18,2013-08-18,101,23,0,0.0
4654,West,2013-08-19,2013-08-25,2013-08-25,99,32,2,6.25
4655,West,2013-08-26,2013-09-01,2013-09-01,310,86,3,3.488372093023256
4656,West,2013-09-02,2013-09-08,2013-09-08,0,0,0,0.0
4657,West,2013-09-09,2013-09-15,2013-09-15,188,36,0,0.0
4658,West,2013-09-16,2013-09-22,2013-09-22,38,0,0,0.0
4659,West,2013-09-23,2013-09-29,2013-09-29,169,77,3,3.896103896103896
4660,West,2013-09-30,2013-10-06,2013-10-06,0,0,0,0.0
4661,West,2013-10-07,2013-10-13,2013-10-13,43,7,0,0.0
4662,West,2013-10-14,2013-10-20,2013-10-20,378,163,1,0.6134969325153374
4663,West,2013-10-21,2013-10-27,2013-10-27,96,0,0,0.0
4664,West,2013-10-28,2013-11-03,2013-11-03,47,22,0,0.0
4665,West,2013-11-04,2013-11-10,2013-11-10,0,0,0,0.0
4666,West,2013-11-11,2013-11-17,2013-11-17,0,0,0,0.0
4667,West,2013-11-18,2013-11-24,2013-11-24,68,24,0,0.0
4668,West,2013-11-25,2013-12-01,2013-12-01,1,1,0,0.0
4669,West,2013-12-02,2013-12-08,2013-12-08,51,26,1,3.8461538461538463
4670,West,2013-12-09,2013-12-15,2013-12-15,119,50,1,2.0
4671,West,2013-12-16,2013-12-22,2013-12-22,42,7,0,0.0
4672,West,2013-12-23,2013-12-29,2013-12-29,0,0,0,0.0
4673,West,2013-12-30,2014-01-05,2014-01-05,9,6,0,0.0
4674,West,2014-01-06,2014-01-12,2014-01-12,64,28,0,0.0
4675,West,2014-01-13,2014-01-19,2014-01-19,16,9,0,0.0
4676,West,2014-01-20,2014-01-26,2014-01-26,36,5,0,0.0
4677,West,2014-01-27,2014-02-02,2014-02-02,0,0,0,0.0
4678,West,2014-02-03,2014-02-09,2014-02-09,61,22,0,0.0
4679,West,2014-02-10,2014-02-16,2014-02-16,0,0,0,0.0
4680,West,2014-02-17,2014-02-23,2014-02-23,31,17,0,0.0
4681,West,2014-02-24,2014-03-02,2014-03-02,66,32,0,0.0
4682,West,2014-03-03,2014-03-09,2014-03-09,0,0,0,0.0
4683,West,2014-03-10,2014-03-16,2014-03-16,120,69,2,2.898550724637681
4684,West,2014-03-17,2014-03-23,2014-03-23,5,0,0,0.0
4685,West,2014-03-24,2014-03-30,2014-03-30,0,0,0,0.0
4686,West,2014-03-31,2014-04-06,2014-04-06,112,45,0,0.0
4687,West,2014-04-07,2014-04-13,2014-04-13,49,23,0,0.0
4688,West,2014-04-14,2014-04-20,2014-04-20,15,0,0,0.0
4689,West,2014-04-21,2014-04-27,2014-04-27,265,84,2,2.380952380952381
4690,West,2014-04-28,2014-05-04,2014-05-04,209,71,0,0.0
4691,West,2014-05-05,2014-05-11,2014-05-11,141,75,1,1.3333333333333335
4692,West,2014-05-12,2014-05-18,2014-05-18,0,0,0,0.0
4693,West,2014-05-19,2014-05-25,2014-05-25,120,0,0,0.0
4694,West,2014-05-26,2014-06-01,2014-06-01,288,125,2,1.6
4695,West,2014-06-02,2014-06-08,2014-06-08,64,25,0,0.0
4696,West,2014-06-09,2014-06-15,2014-06-15,0,0,0,0.0
4697,West,2014-06-16,2014-06-22,2014-06-22,0,0,0,0.0
4698,West,2014-06-23,2014-06-29,2014-06-29,151,0,0,0.0
4699,West,2014-06-30,2014-07-06,2014-07-06,73,43,2,4.651162790697675
4700,West,2014-07-07,2014-07-13,2014-07-13,12,6,0,0.0
4701,West,2014-07-14,2014-07-20,2014-07-20,144,27,1,3.7037037037037033
4702,West,2014-07-21,2014-07-27,2014-07-27,23,0,0,0.0
4703,West,2014-07-28,2014-08-03,2014-08-03,16,8,0,0.0
4704,West,2014-08-04,2014-08-10,2014-08-10,263,142,4,2.8169014084507045
4705,West,2014-08-11,2014-08-17,2014-08-17,107,36,1,2.7777777777777777
4706,West,2014-08-18,2014-08-24,2014-08-24,0,0,0,0.0
4707,West,2014-08-25,2014-08-31,2014-08-31,281,106,1,0.9433962264150944
4708,West,2014-09-01,2014-09-07,2014-09-07,0,0,0,0.0
4709,West,2014-09-08,2014-09-14,2014-09-14,45,28,0,0.0
4710,West,2014-09-15,2014-09-21,2014-09-21,76,0,0,0.0
4711,West,2014-09-22,2014-09-28,2014-09-28,175,48,1,2.083333333333333
4712,West,2014-09-29,2014-10-05,2014-10-05,0,0,0,0.0
4713,West,2014-10-06,2014-10-12,2014-10-12,81,39,0,0.0
4714,West,2014-10-13,2014-10-19,2014-10-19,109,16,0,0.0
4715,West,2014-10-20,2014-10-26,2014-10-26,187,55,0,0.0
4716,West,2014-10-27,2014-11-02,2014-11-02,159,79,2,2.5316455696202533
4717,West,2014-11-03,2014-11-09,2014-11-09,51,29,1,3.4482758620689653
4718,West,2014-11-10,2014-11-16,2014-11-16,24,13,0,0.0
4719,West,2014-11-17,2014-11-23,2014-11-23,0,0,0,0.0
4720,West,2014-11-24,2014-11-30,2014-11-30,12,6,0,0.0
4721,West,2014-12-01,2014-12-07,2014-12-07,11,0,0,0.0
4722,West,2014-12-08,2014-12-14,2014-12-14,0,0,0,0.0
4723,West,2014-12-15,2014-12-21,2014-12-21,48,14,0,0.0
4724,West,2014-12-22,2014-12-28,2014-12-28,0,0,0,0.0
4725,West,2014-12-29,2015-01-04,2015-01-04,31,18,1,5.555555555555555
4726,West,2015-01-05,2015-01-11,2015-01-11,0,0,0,0.0
4727,West,2015-01-12,2015-01-18,2015-01-18,0,0,0,0.0
4728,West,2015-01-19,2015-01-25,2015-01-25,44,0,0,0.0
4729,West,2015-01-26,2015-02-01,2015-02-01,7,2,0,0.0
4730,West,2015-02-02,2015-02-08,2015-02-08,0,0,0,0.0
4731,West,2015-02-09,2015-02-15,2015-02-15,0,0,0,0.0
4732,West,2015-02-16,2015-02-22,2015-02-22,0,0,0,0.0
4733,West,2015-02-23,2015-03-01,2015-03-01,35,17,0,0.0
4734,West,2015-03-02,2015-03-08,2015-03-08,18,10,0,0.0
4735,West,2015-03-09,2015-03-15,2015-03-15,0,0,0,0.0
4736,West,2015-03-16,2015-03-22,2015-03-22,58,16,0,0.0
4737,West,2015-03-23,2015-03-29,2015-03-29,144,59,2,3.389830508474576
4738,West,2015-03-30,2015-04-05,2015-04-05,64,38,0,0.0
4739,West,2015-04-06,2015-04-12,2015-04-12,85,33,1,3.0303030303030303
4740,West,2015-04-13,2015-04-19,2015-04-19,25,12,0,0.0
4741,West,2015-04-20,2015-04-26,2015-04-26,18,7,0,0.0
4742,West,2015-04-27,2015-05-03,2015-05-03,84,0,1,0.0
4743,West,2015-05-04,2015-05-10,2015-05-10,124,26,0,0.0
4744,West,2015-05-11,2015-05-17,2015-05-17,33,0,0,0.0
4745,West,2015-05-18,2015-05-24,2015-05-24,102,66,1,1.5151515151515151
4746,West,2015-05-25,2015-05-31,2015-05-31,300,64,1,1.5625
4747,West,2015-06-01,2015-06-07,2015-06-07,267,16,0,0.0
4748,West,2015-06-08,2015-06-14,2015-06-14,31,17,0,0.0
4749,West,2015-06-15,2015-06-21,2015-06-21,106,38,0,0.0
4750,West,2015-06-22,2015-06-28,2015-06-28,98,61,1,1.639344262295082
4751,West,2015-06-29,2015-07-05,2015-07-05,137,35,0,0.0
4752,West,2015-07-06,2015-07-12,2015-07-12,154,64,1,1.5625
4753,West,2015-07-13,2015-07-19,2015-07-19,139,67,1,1.4925373134328357
4754,West,2015-07-20,2015-07-26,2015-07-26,90,0,0,0.0
4755,West,2015-07-27,2015-08-02,2015-08-02,525,219,10,4.5662100456621
4756,West,2015-08-03,2015-08-09,2015-08-09,140,18,1,5.555555555555555
4757,West,2015-08-10,2015-08-16,2015-08-16,0,0,0,0.0
4758,West,2015-08-17,2015-08-23,2015-08-23,196,74,1,1.3513513513513513
4759,West,2015-08-24,2015-08-30,2015-08-30,75,0,0,0.0
4760,West,2015-08-31,2015-09-06,2015-09-06,80,0,0,0.0
4761,West,2015-09-07,2015-09-13,2015-09-13,166,62,0,0.0
4762,West,2015-09-14,2015-09-20,2015-09-20,71,25,1,4.0
4763,West,2015-09-21,2015-09-27,2015-09-27,87,0,0,0.0
4764,West,2015-09-28,2015-10-04,2015-10-04,131,48,0,0.0
4765,West,2015-10-05,2015-10-11,2015-10-11,153,26,0,0.0
4766,West,2015-10-12,2015-10-18,2015-10-18,412,125,1,0.8
4767,West,2015-10-19,2015-10-25,2015-10-25,521,250,5,2.0
4768,West,2015-10-26,2015-11-01,2015-11-01,207,85,3,3.5294117647058822
4769,West,2015-11-02,2015-11-08,2015-11-08,396,52,1,1.9230769230769231
4770,West,2015-11-09,2015-11-15,2015-11-15,20,8,0,0.0
4771,West,2015-11-16,2015-11-22,2015-11-22,56,18,0,0.0
4772,West,2015-11-23,2015-11-29,2015-11-29,64,0,0,0.0
4773,West,2015-11-30,2015-12-06,2015-12-06,70,0,0,0.0
4774,West,2015-12-07,2015-12-13,2015-12-13,0,0,0,0.0
4775,West,2015-12-14,2015-12-20,2015-12-20,22,0,0,0.0
4776,West,2015-12-21,2015-12-27,2015-12-27,0,0,0,0.0
4777,West,2016-01-04,2016-01-10,2016-01-10,26,11,0,0.0
4778,West,2016-01-11,2016-01-17,2016-01-17,40,16,0,0.0
4779,West,2016-01-18,2016-01-24,2016-01-24,29,0,1,0.0
4780,West,2016-01-25,2016-01-31,2016-01-31,58,10,0,0.0
4781,West,2016-02-01,2016-02-07,2016-02-07,0,0,0,0.0
4782,West,2016-02-08,2016-02-14,2016-02-14,20,4,0,0.0
4783,West,2016-02-15,2016-02-21,2016-02-21,8,0,0,0.0
4784,West,2016-02-22,2016-02-28,2016-02-28,0,0,0,0.0
4785,West,2016-02-29,2016-03-06,2016-03-06,103,21,0,0.0
4786,West,2016-03-07,2016-03-13,2016-03-13,54,6,0,0.0
4787,West,2016-03-14,2016-03-20,2016-03-20,75,20,0,0.0
4788,West,2016-03-21,2016-03-27,2016-03-27,48,0,0,0.0
4789,West,2016-03-28,2016-04-03,2016-04-03,67,0,0,0.0
4790,West,2016-04-04,2016-04-10,2016-04-10,55,19,0,0.0
4791,West,2016-04-11,2016-04-17,2016-04-17,84,25,0,0.0
4792,West,2016-04-18,2016-04-24,2016-04-24,37,10,0,0.0
4793,West,2016-04-25,2016-05-01,2016-05-01,230,74,1,1.3513513513513513
4794,West,2016-05-02,2016-05-08,2016-05-08,0,0,0,0.0
4795,West,2016-05-09,2016-05-15,2016-05-15,122,16,0,0.0
4796,West,2016-05-16,2016-05-22,2016-05-22,172,38,1,2.631578947368421
4797,West,2016-05-23,2016-05-29,2016-05-29,230,58,1,1.7241379310344827
4798,West,2016-05-30,2016-06-05,2016-06-05,293,40,0,0.0
4799,West,2016-06-06,2016-06-12,2016-06-12,118,0,0,0.0
4800,West,2016-06-13,2016-06-19,2016-06-19,473,98,2,2.0408163265306123
4801,West,2016-06-20,2016-06-26,2016-06-26,319,74,2,2.7027027027027026
4802,West,2016-06-27,2016-07-03,2016-07-03,274,64,1,1.5625
4803,West,2016-07-04,2016-07-10,2016-07-10,107,16,0,0.0
4804,West,2016-07-11,2016-07-17,2016-07-17,180,108,4,3.7037037037037033
4805,West,2016-07-18,2016-07-24,2016-07-24,100,31,0,0.0
4806,West,2016-07-25,2016-07-31,2016-07-31,148,16,0,0.0
4807,West,2016-08-01,2016-08-07,2016-08-07,503,192,3,1.5625
4808,West,2016-08-08,2016-08-14,2016-08-14,52,0,0,0.0
4809,West,2016-08-15,2016-08-21,2016-08-21,278,58,0,0.0
4810,West,2016-08-22,2016-08-28,2016-08-28,167,0,0,0.0
4811,West,2016-08-29,2016-09-04,2016-09-04,118,45,1,2.2222222222222223
4812,West,2016-09-05,2016-09-11,2016-09-11,184,76,1,1.3157894736842104
4813,West,2016-09-12,2016-09-18,2016-09-18,322,159,4,2.515723270440252
4814,West,2016-09-19,2016-09-25,2016-09-25,229,36,1,2.7777777777777777
4815,West,2016-09-26,2016-10-02,2016-10-02,153,72,2,2.7777777777777777
4816,West,2016-10-03,2016-10-09,2016-10-09,140,42,1,2.380952380952381
4817,West,2016-10-10,2016-10-16,2016-10-16,0,0,0,0.0
4818,West,2016-10-17,2016-10-23,2016-10-23,211,80,4,5.0
4819,West,2016-10-24,2016-10-30,2016-10-30,119,32,1,3.125
4820,West,2016-10-31,2016-11-06,2016-11-06,73,22,0,0.0
4821,West,2016-11-07,2016-11-13,2016-11-13,16,5,0,0.0
4822,West,2016-11-14,2016-11-20,2016-11-20,174,25,0,0.0
4823,West,2016-11-21,2016-11-27,2016-11-27,0,0,0,0.0
4824,West,2016-11-28,2016-12-04,2016-12-04,45,8,0,0.0
4825,West,2016-12-05,2016-12-11,2016-12-11,40,22,1,4.545454545454546
4826,West,2016-12-12,2016-12-18,2016-12-18,2,1,0,0.0
4827,West,2016-12-19,2016-12-25,2016-12-25,0,0,0,0.0
4828,West,2016-12-26,2017-01-01,2017-01-01,0,0,0,0.0
4829,West,2017-01-02,2017-01-08,2017-01-08,0,0,0,0.0
4830,West,2017-01-09,2017-01-15,2017-01-15,9,3,0,0.0
4831,West,2017-01-16,2017-01-22,2017-01-22,30,10,0,0.0
4832,West,2017-01-23,2017-01-29,2017-01-29,33,13,0,0.0
4833,West,2017-01-30,2017-02-05,2017-02-05,7,3,0,0.0
4834,West,2017-02-06,2017-02-12,2017-02-12,51,6,0,0.0
4835,West,2017-02-13,2017-02-19,2017-02-19,11,2,0,0.0
4836,West,2017-02-20,2017-02-26,2017-02-26,15,3,0,0.0
4837,West,2017-02-27,2017-03-05,2017-03-05,25,0,0,0.0
4838,West,2017-03-06,2017-03-12,2017-03-12,0,0,0,0.0
4839,West,2017-03-13,2017-03-19,2017-03-19,21,5,0,0.0
4840,West,2017-03-20,2017-03-26,2017-03-26,26,0,0,0.0
4841,West,2017-03-27,2017-04-02,2017-04-02,0,0,0,0.0
4842,West,2017-04-03,2017-04-09,2017-04-09,0,0,0,0.0
4843,West,2017-04-10,2017-04-16,2017-04-16,183,54,0,0.0
4844,West,2017-04-17,2017-04-23,2017-04-23,143,47,0,0.0
4845,West,2017-04-24,2017-04-30,2017-04-30,39,12,0,0.0
4846,West,2017-05-01,2017-05-07,2017-05-07,166,94,2,2.127659574468085
4847,West,2017-05-08,2017-05-14,2017-05-14,132,27,0,0.0
4848,West,2017-05-15,2017-05-21,2017-05-21,224,18,1,5.555555555555555
4849,West,2017-05-22,2017-05-28,2017-05-28,182,5,0,0.0
4850,West,2017-05-29,2017-06-04,2017-06-04,214,51,2,3.9215686274509802
4851,West,2017-06-05,2017-06-11,2017-06-11,43,19,0,0.0
4852,West,2017-06-12,2017-06-18,2017-06-18,92,0,0,0.0
4853,West,2017-06-19,2017-06-25,2017-06-25,115,36,1,2.7777777777777777
4854,West,2017-06-26,2017-07-02,2017-07-02,151,22,0,0.0
4855,West,2017-07-03,2017-07-09,2017-07-09,332,171,3,1.7543859649122806
4856,West,2017-07-10,2017-07-16,2017-07-16,86,53,3,5.660377358490567
4857,West,2017-07-17,2017-07-23,2017-07-23,211,98,2,2.0408163265306123
4858,West,2017-07-24,2017-07-30,2017-07-30,123,12,0,0.0
4859,West,2017-07-31,2017-08-06,2017-08-06,334,49,2,4.081632653061225
4860,West,2017-08-07,2017-08-13,2017-08-13,175,74,0,0.0
4861,West,2017-08-14,2017-08-20,2017-08-20,255,99,0,0.0
4862,West,2017-08-21,2017-08-27,2017-08-27,56,15,0,0.0
4863,West,2017-08-28,2017-09-03,2017-09-03,0,0,0,0.0
4864,West,2017-09-04,2017-09-10,2017-09-10,364,179,4,2.2346368715083798
4865,West,2017-09-11,2017-09-17,2017-09-17,75,36,1,2.7777777777777777
4866,West,2017-09-18,2017-09-24,2017-09-24,49,21,0,0.0
4867,West,2017-09-25,2017-10-01,2017-10-01,55,34,0,0.0
4868,West,2017-10-02,2017-10-08,2017-10-08,206,79,2,2.5316455696202533
4869,West,2017-10-09,2017-10-15,2017-10-15,154,33,0,0.0
4870,West,2017-10-16,2017-10-22,2017-10-22,199,37,2,5.405405405405405
4871,West,2017-10-23,2017-10-29,2017-10-29,33,0,0,0.0
4872,West,2017-10-30,2017-11-05,2017-11-05,21,0,0,0.0
4873,West,2017-11-06,2017-11-12,2017-11-12,48,6,0,0.0
4874,West,2017-11-13,2017-11-19,2017-11-19,43,10,0,0.0
4875,West,2017-11-20,2017-11-26,2017-11-26,72,25,0,0.0
4876,West,2017-11-27,2017-12-03,2017-12-03,0,0,0,0.0
4877,West,2017-12-04,2017-12-10,2017-12-10,32,15,0,0.0
4878,West,2017-12-11,2017-12-17,2017-12-17,0,0,0,0.0
4879,West,2017-12-18,2017-12-24,2017-12-24,42,20,1,5.0
4880,West,2017-12-25,2017-12-31,2017-12-31,12,7,0,0.0
4881,West,2018-01-01,2018-01-07,2018-01-07,23,0,0,0.0
4882,West,2018-01-01,2018-12-30,2018-12-30,72,42,0,0.0
4883,West,2018-01-08,2018-01-14,2018-01-14,0,0,0,0.0
4884,West,2018-01-15,2018-01-21,2018-01-21,0,0,0,0.0
4885,West,2018-01-22,2018-01-28,2018-01-28,13,3,0,0.0
4886,West,2018-01-29,2018-02-04,2018-02-04,157,12,0,0.0
4887,West,2018-02-05,2018-02-11,2018-02-11,37,22,0,0.0
4888,West,2018-02-12,2018-02-18,2018-02-18,28,8,0,0.0
4889,West,2018-02-19,2018-02-25,2018-02-25,13,0,0,0.0
4890,West,2018-02-26,2018-03-04,2018-03-04,0,0,0,0.0
4891,West,2018-03-05,2018-03-11,2018-03-11,192,84,1,1.1904761904761905
4892,West,2018-03-12,2018-03-18,2018-03-18,154,83,2,2.4096385542168677
4893,West,2018-03-19,2018-03-25,2018-03-25,0,0,0,0.0
4894,West,2018-03-26,2018-04-01,2018-04-01,70,0,0,0.0
4895,West,2018-04-02,2018-04-08,2018-04-08,0,0,0,0.0
4896,West,2018-04-09,2018-04-15,2018-04-15,45,0,0,0.0
4897,West,2018-04-16,2018-04-22,2018-04-22,21,13,0,0.0
4898,West,2018-04-23,2018-04-29,2018-04-29,0,0,0,0.0
4899,West,2018-04-30,2018-05-06,2018-05-06,59,4,0,0.0
4900,West,2018-05-07,2018-05-13,2018-05-13,138,64,1,1.5625
4901,West,2018-05-14,2018-05-20,2018-05-20,0,0,0,0.0
4902,West,2018-05-21,2018-05-27,2018-05-27,217,32,1,3.125
4903,West,2018-05-28,2018-06-03,2018-06-03,67,41,0,0.0
4904,West,2018-06-04,2018-06-10,2018-06-10,77,22,1,4.545454545454546
4905,West,2018-06-11,2018-06-17,2018-06-17,0,0,0,0.0
4906,West,2018-06-18,2018-06-24,2018-06-24,167,97,3,3.0927835051546393
4907,West,2018-06-25,2018-07-01,2018-07-01,108,21,0,0.0
4908,West,2018-07-02,2018-07-08,2018-07-08,31,21,1,4.761904761904762
4909,West,2018-07-09,2018-07-15,2018-07-15,256,79,2,2.5316455696202533
4910,West,2018-07-16,2018-07-22,2018-07-22,0,0,0,0.0
4911,West,2018-07-23,2018-07-29,2018-07-29,148,87,1,1.1494252873563218
4912,West,2018-07-30,2018-08-05,2018-08-05,49,24,1,4.166666666666666
4913,West,2018-08-06,2018-08-12,2018-08-12,46,0,0,0.0
4914,West,2018-08-13,2018-08-19,2018-08-19,136,44,1,2.272727272727273
4915,West,2018-08-20,2018-08-26,2018-08-26,100,46,1,2.1739130434782608
4916,West,2018-08-27,2018-09-02,2018-09-02,113,46,1,2.1739130434782608
4917,West,2018-09-03,2018-09-09,2018-09-09,192,54,1,1.8518518518518516
4918,West,2018-09-10,2018-09-16,2018-09-16,64,0,0,0.0
4919,West,2018-09-17,2018-09-23,2018-09-23,200,91,0,0.0
4920,West,2018-09-24,2018-09-30,2018-09-30,182,103,2,1.9417475728155338
4921,West,2018-10-01,2018-10-07,2018-10-07,0,0,0,0.0
4922,West,2018-10-08,2018-10-14,2018-10-14,148,74,1,1.3513513513513513
4923,West,2018-10-15,2018-10-21,2018-10-21,147,46,1,2.1739130434782608
4924,West,2018-10-22,2018-10-28,2018-10-28,0,0,0,0.0
4925,West,2018-10-29,2018-11-04,2018-11-04,56,25,0,0.0
4926,West,2018-11-05,2018-11-11,2018-11-11,46,15,0,0.0
4927,West,2018-11-12,2018-11-18,2018-11-18,50,21,1,4.761904761904762
4928,West,2018-11-19,2018-11-25,2018-11-25,51,17,0,0.0
4929,West,2018-11-26,2018-12-02,2018-12-02,0,0,0,0.0
4930,West,2018-12-10,2018-12-16,2018-12-16,44,16,0,0.0
4931,West,2018-12-17,2018-12-23,2018-12-23,77,6,0,0.0
4932,West,2018-12-24,2018-12-30,2018-12-30,14,0,0,0.0
4933,West,2018-12-31,2019-01-06,2019-01-06,0,0,0,0.0
4934,West,2018-12-31,2019-12-29,2019-12-29,0,0,0,0.0
4935,West,2019-01-07,2019-01-13,2019-01-13,19,0,0,0.0
4936,West,2019-01-14,2019-01-20,2019-01-20,0,0,0,0.0
4937,West,2019-01-21,2019-01-27,2019-01-27,40,0,0,0.0
4938,West,2019-01-28,2019-02-03,2019-02-03,35,13,0,0.0
4939,West,2019-02-04,2019-02-10,2019-02-10,31,11,0,0.0
4940,West,2019-02-11,2019-02-17,2019-02-17,57,31,0,0.0
4941,West,2019-02-18,2019-02-24,2019-02-24,16,0,0,0.0
4942,West,2019-02-25,2019-03-03,2019-03-03,80,32,1,3.125
4943,West,2019-03-04,2019-03-10,2019-03-10,0,0,0,0.0
4944,West,2019-03-11,2019-03-17,2019-03-17,0,0,0,0.0
4945,West,2019-03-18,2019-03-24,2019-03-24,112,29,0,0.0
4946,West,2019-05-13,2019-05-19,2019-05-19,386,150,3,2.0
4947,West,2022-05-20,2022-06-02,2022-06-02,0,0,0,0.0
