Index,Location,TL,TR,deaths,sCh,cCh,CFR,reporting_date,source_index,source,confidence_weight,processing_notes,source_database,delete_flag,region_en,region_fr
85719,AFR::CMR,2020-01-01,2020-09-30,79.0,1848.0,63.0,4.3,2020-09-30,28,JHU Cholera Database (UID: 21144),0.95,"Converted from JHU database. Primary: True, Phantom: False - JHU reported 1848 cases, 79 deaths",JHU,0,,
85720,AFR::CMR,2018-05-18,2018-11-02,48.0,745.0,53.0,6.4,2018-11-02,18,WHO AFRO Surveillance Report (UID: 21027),0.97,"Converted from JHU database. Primary: True, Phantom: False - JHU reported 745 cases, 48 deaths",JHU,0,,
85729,AFR::CMR,2018-05-18,2018-07-05,3.0,20.0,4.0,15.0,2018-07-05,38,WHO AFRO Surveillance Report (UID: 20926),0.97,"Converted from JHU database. Primary: True, Phantom: False - JHU reported 20 cases, 3 deaths",JHU,0,,
85745,AFR::CMR,2010-05-06,2010-12-31,657.0,10759.0,,6.1,2010-12-31,34,JHU Cholera Database (UID: 182),0.95,"Converted from JHU database. Primary: True, Phantom: False - JHU reported 10759 cases, 657 deaths",JHU,0,,
85756,AFR::CMR,2011-01-01,2011-09-22,636.0,17121.0,,3.7,2011-09-22,34,JHU Cholera Database (UID: 182),0.95,"Converted from JHU database. Primary: True, Phantom: False - JHU reported 17121 cases, 636 deaths",JHU,0,,
85767,AFR::CMR,2010-05-03,2010-05-09,3.0,23.0,,13.0,2010-05-09,34,JHU Cholera Database (UID: 182),0.95,"Converted from JHU database. Primary: True, Phantom: False - JHU reported 23 cases, 3 deaths",JHU,0,,
85768,AFR::CMR,2010-05-10,2010-05-16,0.0,31.0,,0.0,2010-05-16,34,JHU Cholera Database (UID: 182),0.95,"Converted from JHU database. Primary: True, Phantom: False - JHU reported 31 cases, 0 deaths",JHU,0,,
85769,AFR::CMR,2010-05-17,2010-05-23,0.0,11.0,,0.0,2010-05-23,34,JHU Cholera Database (UID: 182),0.95,"Converted from JHU database. Primary: True, Phantom: False - JHU reported 11 cases, 0 deaths",JHU,0,,
85770,AFR::CMR,2010-05-24,2010-05-30,5.0,11.0,,45.5,2010-05-30,34,JHU Cholera Database (UID: 182),0.95,"Converted from JHU database. Primary: True, Phantom: False - JHU reported 11 cases, 5 deaths",JHU,0,,
85771,AFR::CMR,2010-05-31,2010-06-06,2.0,23.0,,8.7,2010-06-06,34,JHU Cholera Database (UID: 182),0.95,"Converted from JHU database. Primary: True, Phantom: False - JHU reported 23 cases, 2 deaths",JHU,0,,
85772,AFR::CMR,2010-06-07,2010-06-13,8.0,23.0,,34.8,2010-06-13,34,JHU Cholera Database (UID: 182),0.95,"Converted from JHU database. Primary: True, Phantom: False - JHU reported 23 cases, 8 deaths",JHU,0,,
85773,AFR::CMR,2010-06-14,2010-06-20,2.0,54.0,,3.7,2010-06-20,34,JHU Cholera Database (UID: 182),0.95,"Converted from JHU database. Primary: True, Phantom: False - JHU reported 54 cases, 2 deaths",JHU,0,,
85774,AFR::CMR,2010-06-21,2010-06-27,5.0,123.0,,4.1,2010-06-27,34,JHU Cholera Database (UID: 182),0.95,"Converted from JHU database. Primary: True, Phantom: False - JHU reported 123 cases, 5 deaths",JHU,0,,
85775,AFR::CMR,2010-06-28,2010-07-04,11.0,189.0,,5.8,2010-07-04,34,JHU Cholera Database (UID: 182),0.95,"Converted from JHU database. Primary: True, Phantom: False - JHU reported 189 cases, 11 deaths",JHU,0,,
85776,AFR::CMR,2010-07-05,2010-07-11,18.0,170.0,,10.6,2010-07-11,34,JHU Cholera Database (UID: 182),0.95,"Converted from JHU database. Primary: True, Phantom: False - JHU reported 170 cases, 18 deaths",JHU,0,,
85777,AFR::CMR,2010-07-12,2010-07-18,18.0,286.0,,6.3,2010-07-18,34,JHU Cholera Database (UID: 182),0.95,"Converted from JHU database. Primary: True, Phantom: False - JHU reported 286 cases, 18 deaths",JHU,0,,
85778,AFR::CMR,2010-07-19,2010-07-25,22.0,297.0,,7.4,2010-07-25,34,JHU Cholera Database (UID: 182),0.95,"Converted from JHU database. Primary: True, Phantom: False - JHU reported 297 cases, 22 deaths",JHU,0,,
85779,AFR::CMR,2010-07-26,2010-08-01,27.0,440.0,,6.1,2010-08-01,34,JHU Cholera Database (UID: 182),0.95,"Converted from JHU database. Primary: True, Phantom: False - JHU reported 440 cases, 27 deaths",JHU,0,,
85780,AFR::CMR,2010-08-02,2010-08-08,48.0,588.0,,8.2,2010-08-08,34,JHU Cholera Database (UID: 182),0.95,"Converted from JHU database. Primary: True, Phantom: False - JHU reported 588 cases, 48 deaths",JHU,0,,
85781,AFR::CMR,2010-08-09,2010-08-15,51.0,742.0,,6.9,2010-08-15,34,JHU Cholera Database (UID: 182),0.95,"Converted from JHU database. Primary: True, Phantom: False - JHU reported 742 cases, 51 deaths",JHU,0,,
85782,AFR::CMR,2010-08-16,2010-08-22,45.0,785.0,,5.7,2010-08-22,34,JHU Cholera Database (UID: 182),0.95,"Converted from JHU database. Primary: True, Phantom: False - JHU reported 785 cases, 45 deaths",JHU,0,,
85783,AFR::CMR,2010-08-23,2010-08-29,56.0,939.0,,6.0,2010-08-29,34,JHU Cholera Database (UID: 182),0.95,"Converted from JHU database. Primary: True, Phantom: False - JHU reported 939 cases, 56 deaths",JHU,0,,
85784,AFR::CMR,2010-08-30,2010-09-05,57.0,916.0,,6.2,2010-09-05,34,JHU Cholera Database (UID: 182),0.95,"Converted from JHU database. Primary: True, Phantom: False - JHU reported 916 cases, 57 deaths",JHU,0,,
85785,AFR::CMR,2010-09-06,2010-09-12,43.0,789.0,,5.4,2010-09-12,34,JHU Cholera Database (UID: 182),0.95,"Converted from JHU database. Primary: True, Phantom: False - JHU reported 789 cases, 43 deaths",JHU,0,,
85786,AFR::CMR,2010-09-13,2010-09-19,42.0,730.0,,5.8,2010-09-19,34,JHU Cholera Database (UID: 182),0.95,"Converted from JHU database. Primary: True, Phantom: False - JHU reported 730 cases, 42 deaths",JHU,0,,
85787,AFR::CMR,2010-09-20,2010-09-26,39.0,576.0,,6.8,2010-09-26,34,JHU Cholera Database (UID: 182),0.95,"Converted from JHU database. Primary: True, Phantom: False - JHU reported 576 cases, 39 deaths",JHU,0,,
85788,AFR::CMR,2010-09-27,2010-10-03,16.0,394.0,,4.1,2010-10-03,34,JHU Cholera Database (UID: 182),0.95,"Converted from JHU database. Primary: True, Phantom: False - JHU reported 394 cases, 16 deaths",JHU,0,,
85789,AFR::CMR,2010-10-04,2010-10-10,20.0,336.0,,6.0,2010-10-10,34,JHU Cholera Database (UID: 182),0.95,"Converted from JHU database. Primary: True, Phantom: False - JHU reported 336 cases, 20 deaths",JHU,0,,
85790,AFR::CMR,2010-10-11,2010-10-17,21.0,251.0,,8.4,2010-10-17,34,JHU Cholera Database (UID: 182),0.95,"Converted from JHU database. Primary: True, Phantom: False - JHU reported 251 cases, 21 deaths",JHU,0,,
85791,AFR::CMR,2010-10-18,2010-10-24,12.0,239.0,,5.0,2010-10-24,34,JHU Cholera Database (UID: 182),0.95,"Converted from JHU database. Primary: True, Phantom: False - JHU reported 239 cases, 12 deaths",JHU,0,,
85792,AFR::CMR,2010-10-25,2010-10-31,11.0,255.0,,4.3,2010-10-31,34,JHU Cholera Database (UID: 182),0.95,"Converted from JHU database. Primary: True, Phantom: False - JHU reported 255 cases, 11 deaths",JHU,0,,
85793,AFR::CMR,2010-11-01,2010-11-07,8.0,147.0,,5.4,2010-11-07,34,JHU Cholera Database (UID: 182),0.95,"Converted from JHU database. Primary: True, Phantom: False - JHU reported 147 cases, 8 deaths",JHU,0,,
85794,AFR::CMR,2010-11-08,2010-11-14,10.0,193.0,,5.2,2010-11-14,34,JHU Cholera Database (UID: 182),0.95,"Converted from JHU database. Primary: True, Phantom: False - JHU reported 193 cases, 10 deaths",JHU,0,,
85795,AFR::CMR,2010-11-15,2010-11-21,7.0,185.0,,3.8,2010-11-21,34,JHU Cholera Database (UID: 182),0.95,"Converted from JHU database. Primary: True, Phantom: False - JHU reported 185 cases, 7 deaths",JHU,0,,
85796,AFR::CMR,2010-11-22,2010-11-28,6.0,193.0,,3.1,2010-11-28,34,JHU Cholera Database (UID: 182),0.95,"Converted from JHU database. Primary: True, Phantom: False - JHU reported 193 cases, 6 deaths",JHU,0,,
85797,AFR::CMR,2010-11-29,2010-12-05,5.0,174.0,,2.9,2010-12-05,34,JHU Cholera Database (UID: 182),0.95,"Converted from JHU database. Primary: True, Phantom: False - JHU reported 174 cases, 5 deaths",JHU,0,,
85798,AFR::CMR,2010-12-06,2010-12-12,6.0,135.0,,4.4,2010-12-12,34,JHU Cholera Database (UID: 182),0.95,"Converted from JHU database. Primary: True, Phantom: False - JHU reported 135 cases, 6 deaths",JHU,0,,
85799,AFR::CMR,2010-12-13,2010-12-19,3.0,123.0,,2.4,2010-12-19,34,JHU Cholera Database (UID: 182),0.95,"Converted from JHU database. Primary: True, Phantom: False - JHU reported 123 cases, 3 deaths",JHU,0,,
85800,AFR::CMR,2010-12-20,2010-12-26,9.0,135.0,,6.7,2010-12-26,34,JHU Cholera Database (UID: 182),0.95,"Converted from JHU database. Primary: True, Phantom: False - JHU reported 135 cases, 9 deaths",JHU,0,,
85801,AFR::CMR,2010-12-27,2011-01-02,7.0,185.0,,3.8,2011-01-02,34,JHU Cholera Database (UID: 182),0.95,"Converted from JHU database. Primary: True, Phantom: False - JHU reported 185 cases, 7 deaths",JHU,0,,
85802,AFR::CMR,2011-01-03,2011-01-09,3.0,135.0,,2.2,2011-01-09,34,JHU Cholera Database (UID: 182),0.95,"Converted from JHU database. Primary: True, Phantom: False - JHU reported 135 cases, 3 deaths",JHU,0,,
85803,AFR::CMR,2011-01-10,2011-01-16,4.0,100.0,,4.0,2011-01-16,34,JHU Cholera Database (UID: 182),0.95,"Converted from JHU database. Primary: True, Phantom: False - JHU reported 100 cases, 4 deaths",JHU,0,,
85804,AFR::CMR,2011-01-17,2011-01-23,4.0,143.0,,2.8,2011-01-23,34,JHU Cholera Database (UID: 182),0.95,"Converted from JHU database. Primary: True, Phantom: False - JHU reported 143 cases, 4 deaths",JHU,0,,
85805,AFR::CMR,2011-01-24,2011-01-30,4.0,131.0,,3.1,2011-01-30,34,JHU Cholera Database (UID: 182),0.95,"Converted from JHU database. Primary: True, Phantom: False - JHU reported 131 cases, 4 deaths",JHU,0,,
85806,AFR::CMR,2011-01-31,2011-02-06,2.0,154.0,,1.3,2011-02-06,34,JHU Cholera Database (UID: 182),0.95,"Converted from JHU database. Primary: True, Phantom: False - JHU reported 154 cases, 2 deaths",JHU,0,,
85807,AFR::CMR,2011-02-07,2011-02-13,5.0,166.0,,3.0,2011-02-13,34,JHU Cholera Database (UID: 182),0.95,"Converted from JHU database. Primary: True, Phantom: False - JHU reported 166 cases, 5 deaths",JHU,0,,
85808,AFR::CMR,2011-02-14,2011-02-20,4.0,178.0,,2.2,2011-02-20,34,JHU Cholera Database (UID: 182),0.95,"Converted from JHU database. Primary: True, Phantom: False - JHU reported 178 cases, 4 deaths",JHU,0,,
85809,AFR::CMR,2011-02-21,2011-02-27,4.0,178.0,,2.2,2011-02-27,34,JHU Cholera Database (UID: 182),0.95,"Converted from JHU database. Primary: True, Phantom: False - JHU reported 178 cases, 4 deaths",JHU,0,,
85810,AFR::CMR,2011-02-28,2011-03-06,6.0,197.0,,3.0,2011-03-06,34,JHU Cholera Database (UID: 182),0.95,"Converted from JHU database. Primary: True, Phantom: False - JHU reported 197 cases, 6 deaths",JHU,0,,
85811,AFR::CMR,2011-03-07,2011-03-13,15.0,197.0,,7.6,2011-03-13,34,JHU Cholera Database (UID: 182),0.95,"Converted from JHU database. Primary: True, Phantom: False - JHU reported 197 cases, 15 deaths",JHU,0,,
85812,AFR::CMR,2011-03-14,2011-03-20,20.0,297.0,,6.7,2011-03-20,34,JHU Cholera Database (UID: 182),0.95,"Converted from JHU database. Primary: True, Phantom: False - JHU reported 297 cases, 20 deaths",JHU,0,,
85813,AFR::CMR,2011-03-21,2011-03-27,16.0,495.0,,3.2,2011-03-27,34,JHU Cholera Database (UID: 182),0.95,"Converted from JHU database. Primary: True, Phantom: False - JHU reported 495 cases, 16 deaths",JHU,0,,
85814,AFR::CMR,2011-03-28,2011-04-03,14.0,406.0,,3.4,2011-04-03,34,JHU Cholera Database (UID: 182),0.95,"Converted from JHU database. Primary: True, Phantom: False - JHU reported 406 cases, 14 deaths",JHU,0,,
85815,AFR::CMR,2011-04-04,2011-04-10,11.0,429.0,,2.6,2011-04-10,34,JHU Cholera Database (UID: 182),0.95,"Converted from JHU database. Primary: True, Phantom: False - JHU reported 429 cases, 11 deaths",JHU,0,,
85816,AFR::CMR,2011-04-11,2011-04-17,5.0,375.0,,1.3,2011-04-17,34,JHU Cholera Database (UID: 182),0.95,"Converted from JHU database. Primary: True, Phantom: False - JHU reported 375 cases, 5 deaths",JHU,0,,
85817,AFR::CMR,2011-04-18,2011-04-24,15.0,537.0,,2.8,2011-04-24,34,JHU Cholera Database (UID: 182),0.95,"Converted from JHU database. Primary: True, Phantom: False - JHU reported 537 cases, 15 deaths",JHU,0,,
85818,AFR::CMR,2011-04-25,2011-05-01,16.0,557.0,,2.9,2011-05-01,34,JHU Cholera Database (UID: 182),0.95,"Converted from JHU database. Primary: True, Phantom: False - JHU reported 557 cases, 16 deaths",JHU,0,,
85819,AFR::CMR,2011-05-02,2011-05-08,19.0,545.0,,3.5,2011-05-08,34,JHU Cholera Database (UID: 182),0.95,"Converted from JHU database. Primary: True, Phantom: False - JHU reported 545 cases, 19 deaths",JHU,0,,
85820,AFR::CMR,2011-05-09,2011-05-15,22.0,669.0,,3.3,2011-05-15,34,JHU Cholera Database (UID: 182),0.95,"Converted from JHU database. Primary: True, Phantom: False - JHU reported 669 cases, 22 deaths",JHU,0,,
85821,AFR::CMR,2011-05-16,2011-05-22,9.0,444.0,,2.0,2011-05-22,34,JHU Cholera Database (UID: 182),0.95,"Converted from JHU database. Primary: True, Phantom: False - JHU reported 444 cases, 9 deaths",JHU,0,,
85822,AFR::CMR,2011-05-23,2011-05-29,19.0,522.0,,3.6,2011-05-29,34,JHU Cholera Database (UID: 182),0.95,"Converted from JHU database. Primary: True, Phantom: False - JHU reported 522 cases, 19 deaths",JHU,0,,
85823,AFR::CMR,2011-05-30,2011-06-05,23.0,464.0,,5.0,2011-06-05,34,JHU Cholera Database (UID: 182),0.95,"Converted from JHU database. Primary: True, Phantom: False - JHU reported 464 cases, 23 deaths",JHU,0,,
85824,AFR::CMR,2011-06-06,2011-06-12,12.0,375.0,,3.2,2011-06-12,34,JHU Cholera Database (UID: 182),0.95,"Converted from JHU database. Primary: True, Phantom: False - JHU reported 375 cases, 12 deaths",JHU,0,,
85825,AFR::CMR,2011-06-13,2011-06-19,21.0,460.0,,4.6,2011-06-19,34,JHU Cholera Database (UID: 182),0.95,"Converted from JHU database. Primary: True, Phantom: False - JHU reported 460 cases, 21 deaths",JHU,0,,
85826,AFR::CMR,2011-06-20,2011-06-26,21.0,394.0,,5.3,2011-06-26,34,JHU Cholera Database (UID: 182),0.95,"Converted from JHU database. Primary: True, Phantom: False - JHU reported 394 cases, 21 deaths",JHU,0,,
85827,AFR::CMR,2011-06-27,2011-07-03,7.0,255.0,,2.7,2011-07-03,34,JHU Cholera Database (UID: 182),0.95,"Converted from JHU database. Primary: True, Phantom: False - JHU reported 255 cases, 7 deaths",JHU,0,,
85828,AFR::CMR,2011-07-04,2011-07-10,18.0,580.0,,3.1,2011-07-10,34,JHU Cholera Database (UID: 182),0.95,"Converted from JHU database. Primary: True, Phantom: False - JHU reported 580 cases, 18 deaths",JHU,0,,
85829,AFR::CMR,2011-07-11,2011-07-17,26.0,665.0,,3.9,2011-07-17,34,JHU Cholera Database (UID: 182),0.95,"Converted from JHU database. Primary: True, Phantom: False - JHU reported 665 cases, 26 deaths",JHU,0,,
85830,AFR::CMR,2011-07-18,2011-07-24,33.0,580.0,,5.7,2011-07-24,34,JHU Cholera Database (UID: 182),0.95,"Converted from JHU database. Primary: True, Phantom: False - JHU reported 580 cases, 33 deaths",JHU,0,,
85831,AFR::CMR,2011-07-25,2011-07-31,25.0,595.0,,4.2,2011-07-31,34,JHU Cholera Database (UID: 182),0.95,"Converted from JHU database. Primary: True, Phantom: False - JHU reported 595 cases, 25 deaths",JHU,0,,
85832,AFR::CMR,2011-08-01,2011-08-07,54.0,715.0,,7.6,2011-08-07,34,JHU Cholera Database (UID: 182),0.95,"Converted from JHU database. Primary: True, Phantom: False - JHU reported 715 cases, 54 deaths",JHU,0,,
85833,AFR::CMR,2011-08-08,2011-08-14,21.0,518.0,,4.1,2011-08-14,34,JHU Cholera Database (UID: 182),0.95,"Converted from JHU database. Primary: True, Phantom: False - JHU reported 518 cases, 21 deaths",JHU,0,,
85834,AFR::CMR,2011-08-15,2011-08-21,31.0,816.0,,3.8,2011-08-21,34,JHU Cholera Database (UID: 182),0.95,"Converted from JHU database. Primary: True, Phantom: False - JHU reported 816 cases, 31 deaths",JHU,0,,
85835,AFR::CMR,2011-08-22,2011-08-28,25.0,909.0,,2.8,2011-08-28,34,JHU Cholera Database (UID: 182),0.95,"Converted from JHU database. Primary: True, Phantom: False - JHU reported 909 cases, 25 deaths",JHU,0,,
85836,AFR::CMR,2011-08-29,2011-09-04,41.0,731.0,,5.6,2011-09-04,34,JHU Cholera Database (UID: 182),0.95,"Converted from JHU database. Primary: True, Phantom: False - JHU reported 731 cases, 41 deaths",JHU,0,,
85837,AFR::CMR,2011-09-05,2011-09-11,14.0,487.0,,2.9,2011-09-11,34,JHU Cholera Database (UID: 182),0.95,"Converted from JHU database. Primary: True, Phantom: False - JHU reported 487 cases, 14 deaths",JHU,0,,
85838,AFR::CMR,2011-09-12,2011-09-18,19.0,541.0,,3.5,2011-09-18,34,JHU Cholera Database (UID: 182),0.95,"Converted from JHU database. Primary: True, Phantom: False - JHU reported 541 cases, 19 deaths",JHU,0,,
85839,AFR::CMR,2011-09-19,2011-09-25,15.0,696.0,,2.2,2011-09-25,34,JHU Cholera Database (UID: 182),0.95,"Converted from JHU database. Primary: True, Phantom: False - JHU reported 696 cases, 15 deaths",JHU,0,,
85971,AFR::CMR,2018-05-18,2018-07-08,4.0,38.0,5.0,10.5,2018-07-08,31,WHO AFRO Surveillance Report (UID: 20927),0.97,"Converted from JHU database. Primary: True, Phantom: False - JHU reported 38 cases, 4 deaths",JHU,0,,
85972,AFR::CMR,2018-07-02,2018-07-08,1.0,19.0,,5.3,2018-07-08,31,WHO AFRO Surveillance Report (UID: 20927),0.97,"Converted from JHU database. Primary: True, Phantom: False - JHU reported 19 cases, 1 deaths",JHU,0,,
85973,AFR::CMR,2018-06-25,2018-07-01,2.0,15.0,,13.3,2018-07-01,31,WHO AFRO Surveillance Report (UID: 20927),0.97,"Converted from JHU database. Primary: True, Phantom: False - JHU reported 15 cases, 2 deaths",JHU,0,,
85978,AFR::CMR,2018-05-14,2018-05-20,,2.0,,,2018-05-20,31,WHO AFRO Surveillance Report (UID: 20927),0.97,"Converted from JHU database. Primary: True, Phantom: False - JHU reported 2 cases",JHU,0,,
85979,AFR::CMR,2018-05-21,2018-05-27,,1.0,,,2018-05-27,31,WHO AFRO Surveillance Report (UID: 20927),0.97,"Converted from JHU database. Primary: True, Phantom: False - JHU reported 1 cases",JHU,0,,
85980,AFR::CMR,2018-05-28,2018-06-03,,0.0,,,2018-06-03,31,WHO AFRO Surveillance Report (UID: 20927),0.97,"Converted from JHU database. Primary: True, Phantom: False - JHU reported 0 cases",JHU,0,,
85981,AFR::CMR,2018-06-04,2018-06-10,,1.0,,,2018-06-10,31,WHO AFRO Surveillance Report (UID: 20927),0.97,"Converted from JHU database. Primary: True, Phantom: False - JHU reported 1 cases",JHU,0,,
85982,AFR::CMR,2018-06-11,2018-06-17,,0.0,,,2018-06-17,31,WHO AFRO Surveillance Report (UID: 20927),0.97,"Converted from JHU database. Primary: True, Phantom: False - JHU reported 0 cases",JHU,0,,
85983,AFR::CMR,2018-06-18,2018-06-24,,0.0,,,2018-06-24,31,WHO AFRO Surveillance Report (UID: 20927),0.97,"Converted from JHU database. Primary: True, Phantom: False - JHU reported 0 cases",JHU,0,,
85986,AFR::CMR,2010-05-01,2010-08-26,297.0,,,,2010-08-26,43,JHU Cholera Database (UID: 960),0.95,"Converted from JHU database. Primary: True, Phantom: False - JHU reported 297 deaths",JHU,0,,
85988,AFR::CMR,2018-11-18,2018-11-23,,11.0,,,2018-11-23,17,WHO AFRO Surveillance Report (UID: 21036),0.97,"Converted from JHU database. Primary: True, Phantom: False - JHU reported 11 cases",JHU,0,,
86077,AFR::CMR,2018-05-18,2018-10-29,43.0,645.0,53.0,6.7,2018-10-29,23,WHO AFRO Surveillance Report (UID: 21021),0.97,"Converted from JHU database. Primary: True, Phantom: False - JHU reported 645 cases, 43 deaths",JHU,0,,
86078,AFR::CMR,2018-10-23,2018-10-29,3.0,44.0,,6.8,2018-10-29,23,WHO AFRO Surveillance Report (UID: 21021),0.97,"Converted from JHU database. Primary: True, Phantom: False - JHU reported 44 cases, 3 deaths",JHU,0,,
86083,AFR::CMR,2018-05-18,2018-09-24,31.0,367.0,37.0,8.4,2018-09-24,25,WHO AFRO Surveillance Report (UID: 20990),0.97,"Converted from JHU database. Primary: True, Phantom: False - JHU reported 367 cases, 31 deaths",JHU,0,,
86085,AFR::CMR,2018-09-07,2018-09-24,11.0,116.0,,9.5,2018-09-24,25,WHO AFRO Surveillance Report (UID: 20990),0.97,"Converted from JHU database. Primary: True, Phantom: False - JHU reported 116 cases, 11 deaths",JHU,0,,
86112,AFR::CMR,2018-05-18,2018-07-31,11.0,120.0,14.0,9.2,2018-07-31,10,WHO AFRO Surveillance Report (UID: 20947),0.97,"Converted from JHU database. Primary: True, Phantom: False - JHU reported 120 cases, 11 deaths",JHU,0,,
86115,AFR::CMR,2018-05-18,2018-08-09,12.0,161.0,17.0,7.5,2018-08-09,21,WHO AFRO Surveillance Report (UID: 20953),0.97,"Converted from JHU database. Primary: True, Phantom: False - JHU reported 161 cases, 12 deaths",JHU,0,,
86116,AFR::CMR,2018-08-06,2018-08-12,,4.0,,,2018-08-12,21,WHO AFRO Surveillance Report (UID: 20953),0.97,"Converted from JHU database. Primary: True, Phantom: False - JHU reported 4 cases",JHU,0,,
86119,AFR::CMR,2018-05-18,2018-08-12,,101.0,,,2018-08-12,21,WHO AFRO Surveillance Report (UID: 20953),0.97,"Converted from JHU database. Primary: True, Phantom: False - JHU reported 101 cases",JHU,0,,
86130,AFR::CMR,2015-01-01,2015-01-07,,0.0,,,2015-01-07,2,JHU Cholera Database (UID: 5103),0.95,"Converted from JHU database. Primary: True, Phantom: False - JHU reported 0 cases",JHU,0,,
86131,AFR::CMR,2015-01-01,2015-12-28,5.0,,,,2015-12-28,2,JHU Cholera Database (UID: 5103),0.95,"Converted from JHU database. Primary: True, Phantom: False - JHU reported 5 deaths",JHU,0,,
86132,AFR::CMR,2015-01-08,2015-01-14,,0.0,,,2015-01-14,2,JHU Cholera Database (UID: 5103),0.95,"Converted from JHU database. Primary: True, Phantom: False - JHU reported 0 cases",JHU,0,,
86133,AFR::CMR,2015-01-15,2015-01-21,,0.0,,,2015-01-21,2,JHU Cholera Database (UID: 5103),0.95,"Converted from JHU database. Primary: True, Phantom: False - JHU reported 0 cases",JHU,0,,
86134,AFR::CMR,2015-01-22,2015-01-28,,0.0,,,2015-01-28,2,JHU Cholera Database (UID: 5103),0.95,"Converted from JHU database. Primary: True, Phantom: False - JHU reported 0 cases",JHU,0,,
86135,AFR::CMR,2015-01-29,2015-02-04,,0.0,,,2015-02-04,2,JHU Cholera Database (UID: 5103),0.95,"Converted from JHU database. Primary: True, Phantom: False - JHU reported 0 cases",JHU,0,,
86136,AFR::CMR,2015-02-05,2015-03-11,,0.0,,,2015-03-11,2,JHU Cholera Database (UID: 5103),0.95,"Converted from JHU database. Primary: True, Phantom: False - JHU reported 0 cases",JHU,0,,
86137,AFR::CMR,2015-03-12,2015-03-18,,0.0,,,2015-03-18,2,JHU Cholera Database (UID: 5103),0.95,"Converted from JHU database. Primary: True, Phantom: False - JHU reported 0 cases",JHU,0,,
86138,AFR::CMR,2015-03-19,2015-03-25,,1.0,,,2015-03-25,2,JHU Cholera Database (UID: 5103),0.95,"Converted from JHU database. Primary: True, Phantom: False - JHU reported 1 cases",JHU,0,,
86139,AFR::CMR,2015-03-26,2015-04-01,,0.0,,,2015-04-01,2,JHU Cholera Database (UID: 5103),0.95,"Converted from JHU database. Primary: True, Phantom: False - JHU reported 0 cases",JHU,0,,
86140,AFR::CMR,2015-04-02,2015-04-08,,1.0,,,2015-04-08,2,JHU Cholera Database (UID: 5103),0.95,"Converted from JHU database. Primary: True, Phantom: False - JHU reported 1 cases",JHU,0,,
86141,AFR::CMR,2015-04-09,2015-04-15,,0.0,,,2015-04-15,2,JHU Cholera Database (UID: 5103),0.95,"Converted from JHU database. Primary: True, Phantom: False - JHU reported 0 cases",JHU,0,,
86142,AFR::CMR,2015-04-16,2015-04-22,,0.0,,,2015-04-22,2,JHU Cholera Database (UID: 5103),0.95,"Converted from JHU database. Primary: True, Phantom: False - JHU reported 0 cases",JHU,0,,
86143,AFR::CMR,2015-04-23,2015-04-29,,0.0,,,2015-04-29,2,JHU Cholera Database (UID: 5103),0.95,"Converted from JHU database. Primary: True, Phantom: False - JHU reported 0 cases",JHU,0,,
86144,AFR::CMR,2015-04-30,2015-05-06,,0.0,,,2015-05-06,2,JHU Cholera Database (UID: 5103),0.95,"Converted from JHU database. Primary: True, Phantom: False - JHU reported 0 cases",JHU,0,,
86145,AFR::CMR,2015-05-07,2015-05-13,,0.0,,,2015-05-13,2,JHU Cholera Database (UID: 5103),0.95,"Converted from JHU database. Primary: True, Phantom: False - JHU reported 0 cases",JHU,0,,
86146,AFR::CMR,2015-05-14,2015-05-20,,0.0,,,2015-05-20,2,JHU Cholera Database (UID: 5103),0.95,"Converted from JHU database. Primary: True, Phantom: False - JHU reported 0 cases",JHU,0,,
86147,AFR::CMR,2015-05-21,2015-05-27,,0.0,,,2015-05-27,2,JHU Cholera Database (UID: 5103),0.95,"Converted from JHU database. Primary: True, Phantom: False - JHU reported 0 cases",JHU,0,,
86148,AFR::CMR,2015-05-28,2015-06-03,,0.0,,,2015-06-03,2,JHU Cholera Database (UID: 5103),0.95,"Converted from JHU database. Primary: True, Phantom: False - JHU reported 0 cases",JHU,0,,
86149,AFR::CMR,2015-06-04,2015-06-10,,0.0,,,2015-06-10,2,JHU Cholera Database (UID: 5103),0.95,"Converted from JHU database. Primary: True, Phantom: False - JHU reported 0 cases",JHU,0,,
86150,AFR::CMR,2015-06-11,2015-06-17,,0.0,,,2015-06-17,2,JHU Cholera Database (UID: 5103),0.95,"Converted from JHU database. Primary: True, Phantom: False - JHU reported 0 cases",JHU,0,,
86151,AFR::CMR,2015-06-18,2015-06-24,,1.0,,,2015-06-24,2,JHU Cholera Database (UID: 5103),0.95,"Converted from JHU database. Primary: True, Phantom: False - JHU reported 1 cases",JHU,0,,
86152,AFR::CMR,2015-06-25,2015-07-01,,0.0,,,2015-07-01,2,JHU Cholera Database (UID: 5103),0.95,"Converted from JHU database. Primary: True, Phantom: False - JHU reported 0 cases",JHU,0,,
86153,AFR::CMR,2015-07-02,2015-07-08,,0.0,,,2015-07-08,2,JHU Cholera Database (UID: 5103),0.95,"Converted from JHU database. Primary: True, Phantom: False - JHU reported 0 cases",JHU,0,,
86154,AFR::CMR,2015-07-09,2015-07-15,,3.0,,,2015-07-15,2,JHU Cholera Database (UID: 5103),0.95,"Converted from JHU database. Primary: True, Phantom: False - JHU reported 3 cases",JHU,0,,
86155,AFR::CMR,2015-07-16,2015-07-22,,0.0,,,2015-07-22,2,JHU Cholera Database (UID: 5103),0.95,"Converted from JHU database. Primary: True, Phantom: False - JHU reported 0 cases",JHU,0,,
86156,AFR::CMR,2015-07-23,2015-07-29,,0.0,,,2015-07-29,2,JHU Cholera Database (UID: 5103),0.95,"Converted from JHU database. Primary: True, Phantom: False - JHU reported 0 cases",JHU,0,,
86157,AFR::CMR,2015-07-30,2015-08-05,,1.0,,,2015-08-05,2,JHU Cholera Database (UID: 5103),0.95,"Converted from JHU database. Primary: True, Phantom: False - JHU reported 1 cases",JHU,0,,
86158,AFR::CMR,2015-08-06,2015-08-12,,0.0,,,2015-08-12,2,JHU Cholera Database (UID: 5103),0.95,"Converted from JHU database. Primary: True, Phantom: False - JHU reported 0 cases",JHU,0,,
86159,AFR::CMR,2015-08-13,2015-08-19,,2.0,,,2015-08-19,2,JHU Cholera Database (UID: 5103),0.95,"Converted from JHU database. Primary: True, Phantom: False - JHU reported 2 cases",JHU,0,,
86160,AFR::CMR,2015-08-20,2015-08-26,,3.0,,,2015-08-26,2,JHU Cholera Database (UID: 5103),0.95,"Converted from JHU database. Primary: True, Phantom: False - JHU reported 3 cases",JHU,0,,
86161,AFR::CMR,2015-08-27,2015-09-02,,1.0,,,2015-09-02,2,JHU Cholera Database (UID: 5103),0.95,"Converted from JHU database. Primary: True, Phantom: False - JHU reported 1 cases",JHU,0,,
86162,AFR::CMR,2015-09-03,2015-09-09,,0.0,,,2015-09-09,2,JHU Cholera Database (UID: 5103),0.95,"Converted from JHU database. Primary: True, Phantom: False - JHU reported 0 cases",JHU,0,,
86163,AFR::CMR,2015-09-10,2015-09-16,,4.0,,,2015-09-16,2,JHU Cholera Database (UID: 5103),0.95,"Converted from JHU database. Primary: True, Phantom: False - JHU reported 4 cases",JHU,0,,
86164,AFR::CMR,2015-09-17,2015-09-23,,3.0,,,2015-09-23,2,JHU Cholera Database (UID: 5103),0.95,"Converted from JHU database. Primary: True, Phantom: False - JHU reported 3 cases",JHU,0,,
86165,AFR::CMR,2015-09-24,2015-09-30,,3.0,,,2015-09-30,2,JHU Cholera Database (UID: 5103),0.95,"Converted from JHU database. Primary: True, Phantom: False - JHU reported 3 cases",JHU,0,,
86166,AFR::CMR,2015-10-01,2015-10-07,,2.0,,,2015-10-07,2,JHU Cholera Database (UID: 5103),0.95,"Converted from JHU database. Primary: True, Phantom: False - JHU reported 2 cases",JHU,0,,
86167,AFR::CMR,2015-10-08,2015-10-14,,0.0,,,2015-10-14,2,JHU Cholera Database (UID: 5103),0.95,"Converted from JHU database. Primary: True, Phantom: False - JHU reported 0 cases",JHU,0,,
86168,AFR::CMR,2015-10-15,2015-10-21,,1.0,,,2015-10-21,2,JHU Cholera Database (UID: 5103),0.95,"Converted from JHU database. Primary: True, Phantom: False - JHU reported 1 cases",JHU,0,,
86169,AFR::CMR,2015-10-22,2015-10-28,,17.0,,,2015-10-28,2,JHU Cholera Database (UID: 5103),0.95,"Converted from JHU database. Primary: True, Phantom: False - JHU reported 17 cases",JHU,0,,
86170,AFR::CMR,2015-10-29,2015-11-04,,11.0,,,2015-11-04,2,JHU Cholera Database (UID: 5103),0.95,"Converted from JHU database. Primary: True, Phantom: False - JHU reported 11 cases",JHU,0,,
86171,AFR::CMR,2015-11-05,2015-11-11,,7.0,,,2015-11-11,2,JHU Cholera Database (UID: 5103),0.95,"Converted from JHU database. Primary: True, Phantom: False - JHU reported 7 cases",JHU,0,,
86172,AFR::CMR,2015-11-12,2015-11-18,,5.0,,,2015-11-18,2,JHU Cholera Database (UID: 5103),0.95,"Converted from JHU database. Primary: True, Phantom: False - JHU reported 5 cases",JHU,0,,
86173,AFR::CMR,2015-11-19,2015-11-25,,10.0,,,2015-11-25,2,JHU Cholera Database (UID: 5103),0.95,"Converted from JHU database. Primary: True, Phantom: False - JHU reported 10 cases",JHU,0,,
86174,AFR::CMR,2015-11-26,2015-12-02,,2.0,,,2015-12-02,2,JHU Cholera Database (UID: 5103),0.95,"Converted from JHU database. Primary: True, Phantom: False - JHU reported 2 cases",JHU,0,,
86175,AFR::CMR,2015-12-03,2015-12-09,,5.0,,,2015-12-09,2,JHU Cholera Database (UID: 5103),0.95,"Converted from JHU database. Primary: True, Phantom: False - JHU reported 5 cases",JHU,0,,
86176,AFR::CMR,2015-12-10,2015-12-16,,30.0,,,2015-12-16,2,JHU Cholera Database (UID: 5103),0.95,"Converted from JHU database. Primary: True, Phantom: False - JHU reported 30 cases",JHU,0,,
86177,AFR::CMR,2015-12-17,2015-12-23,,3.0,,,2015-12-23,2,JHU Cholera Database (UID: 5103),0.95,"Converted from JHU database. Primary: True, Phantom: False - JHU reported 3 cases",JHU,0,,
86178,AFR::CMR,2015-12-24,2015-12-30,,4.0,,,2015-12-30,2,JHU Cholera Database (UID: 5103),0.95,"Converted from JHU database. Primary: True, Phantom: False - JHU reported 4 cases",JHU,0,,
86179,AFR::CMR,2015-12-31,2016-01-06,,0.0,,,2016-01-06,2,JHU Cholera Database (UID: 5103),0.95,"Converted from JHU database. Primary: True, Phantom: False - JHU reported 0 cases",JHU,0,,
86180,AFR::CMR,2016-01-01,2016-12-28,1.0,,,,2016-12-28,2,JHU Cholera Database (UID: 5103),0.95,"Converted from JHU database. Primary: True, Phantom: False - JHU reported 1 deaths",JHU,0,,
86181,AFR::CMR,2016-01-07,2016-01-13,,0.0,,,2016-01-13,2,JHU Cholera Database (UID: 5103),0.95,"Converted from JHU database. Primary: True, Phantom: False - JHU reported 0 cases",JHU,0,,
86182,AFR::CMR,2016-01-14,2016-01-20,,0.0,,,2016-01-20,2,JHU Cholera Database (UID: 5103),0.95,"Converted from JHU database. Primary: True, Phantom: False - JHU reported 0 cases",JHU,0,,
86183,AFR::CMR,2016-01-21,2016-01-27,,0.0,,,2016-01-27,2,JHU Cholera Database (UID: 5103),0.95,"Converted from JHU database. Primary: True, Phantom: False - JHU reported 0 cases",JHU,0,,
86184,AFR::CMR,2016-01-28,2016-02-03,,0.0,,,2016-02-03,2,JHU Cholera Database (UID: 5103),0.95,"Converted from JHU database. Primary: True, Phantom: False - JHU reported 0 cases",JHU,0,,
86185,AFR::CMR,2016-02-04,2016-02-10,,0.0,,,2016-02-10,2,JHU Cholera Database (UID: 5103),0.95,"Converted from JHU database. Primary: True, Phantom: False - JHU reported 0 cases",JHU,0,,
86186,AFR::CMR,2016-02-11,2016-02-17,,0.0,,,2016-02-17,2,JHU Cholera Database (UID: 5103),0.95,"Converted from JHU database. Primary: True, Phantom: False - JHU reported 0 cases",JHU,0,,
86187,AFR::CMR,2016-02-18,2016-02-24,,0.0,,,2016-02-24,2,JHU Cholera Database (UID: 5103),0.95,"Converted from JHU database. Primary: True, Phantom: False - JHU reported 0 cases",JHU,0,,
86188,AFR::CMR,2016-02-25,2016-03-02,,0.0,,,2016-03-02,2,JHU Cholera Database (UID: 5103),0.95,"Converted from JHU database. Primary: True, Phantom: False - JHU reported 0 cases",JHU,0,,
86189,AFR::CMR,2016-03-03,2016-03-09,,0.0,,,2016-03-09,2,JHU Cholera Database (UID: 5103),0.95,"Converted from JHU database. Primary: True, Phantom: False - JHU reported 0 cases",JHU,0,,
86190,AFR::CMR,2016-03-10,2016-03-16,,0.0,,,2016-03-16,2,JHU Cholera Database (UID: 5103),0.95,"Converted from JHU database. Primary: True, Phantom: False - JHU reported 0 cases",JHU,0,,
86191,AFR::CMR,2016-03-17,2016-03-23,,0.0,,,2016-03-23,2,JHU Cholera Database (UID: 5103),0.95,"Converted from JHU database. Primary: True, Phantom: False - JHU reported 0 cases",JHU,0,,
86192,AFR::CMR,2016-03-24,2016-03-30,,0.0,,,2016-03-30,2,JHU Cholera Database (UID: 5103),0.95,"Converted from JHU database. Primary: True, Phantom: False - JHU reported 0 cases",JHU,0,,
86193,AFR::CMR,2016-03-31,2016-04-06,,0.0,,,2016-04-06,2,JHU Cholera Database (UID: 5103),0.95,"Converted from JHU database. Primary: True, Phantom: False - JHU reported 0 cases",JHU,0,,
86194,AFR::CMR,2016-04-07,2016-04-13,,0.0,,,2016-04-13,2,JHU Cholera Database (UID: 5103),0.95,"Converted from JHU database. Primary: True, Phantom: False - JHU reported 0 cases",JHU,0,,
86195,AFR::CMR,2016-04-14,2016-04-20,,0.0,,,2016-04-20,2,JHU Cholera Database (UID: 5103),0.95,"Converted from JHU database. Primary: True, Phantom: False - JHU reported 0 cases",JHU,0,,
86196,AFR::CMR,2016-04-21,2016-04-27,,0.0,,,2016-04-27,2,JHU Cholera Database (UID: 5103),0.95,"Converted from JHU database. Primary: True, Phantom: False - JHU reported 0 cases",JHU,0,,
86197,AFR::CMR,2016-04-28,2016-05-04,,1.0,,,2016-05-04,2,JHU Cholera Database (UID: 5103),0.95,"Converted from JHU database. Primary: True, Phantom: False - JHU reported 1 cases",JHU,0,,
86198,AFR::CMR,2016-05-05,2016-05-11,,0.0,,,2016-05-11,2,JHU Cholera Database (UID: 5103),0.95,"Converted from JHU database. Primary: True, Phantom: False - JHU reported 0 cases",JHU,0,,
86199,AFR::CMR,2016-05-12,2016-05-18,,0.0,,,2016-05-18,2,JHU Cholera Database (UID: 5103),0.95,"Converted from JHU database. Primary: True, Phantom: False - JHU reported 0 cases",JHU,0,,
86200,AFR::CMR,2016-05-19,2016-05-25,,0.0,,,2016-05-25,2,JHU Cholera Database (UID: 5103),0.95,"Converted from JHU database. Primary: True, Phantom: False - JHU reported 0 cases",JHU,0,,
86201,AFR::CMR,2016-05-26,2016-06-01,,0.0,,,2016-06-01,2,JHU Cholera Database (UID: 5103),0.95,"Converted from JHU database. Primary: True, Phantom: False - JHU reported 0 cases",JHU,0,,
86202,AFR::CMR,2016-06-02,2016-06-08,,0.0,,,2016-06-08,2,JHU Cholera Database (UID: 5103),0.95,"Converted from JHU database. Primary: True, Phantom: False - JHU reported 0 cases",JHU,0,,
86203,AFR::CMR,2016-06-09,2016-06-15,,0.0,,,2016-06-15,2,JHU Cholera Database (UID: 5103),0.95,"Converted from JHU database. Primary: True, Phantom: False - JHU reported 0 cases",JHU,0,,
86204,AFR::CMR,2016-06-16,2016-06-22,,0.0,,,2016-06-22,2,JHU Cholera Database (UID: 5103),0.95,"Converted from JHU database. Primary: True, Phantom: False - JHU reported 0 cases",JHU,0,,
86205,AFR::CMR,2016-06-23,2016-06-29,,0.0,,,2016-06-29,2,JHU Cholera Database (UID: 5103),0.95,"Converted from JHU database. Primary: True, Phantom: False - JHU reported 0 cases",JHU,0,,
86206,AFR::CMR,2016-06-30,2016-07-06,,0.0,,,2016-07-06,2,JHU Cholera Database (UID: 5103),0.95,"Converted from JHU database. Primary: True, Phantom: False - JHU reported 0 cases",JHU,0,,
86207,AFR::CMR,2016-07-07,2016-07-13,,0.0,,,2016-07-13,2,JHU Cholera Database (UID: 5103),0.95,"Converted from JHU database. Primary: True, Phantom: False - JHU reported 0 cases",JHU,0,,
86208,AFR::CMR,2016-07-14,2016-07-20,,1.0,,,2016-07-20,2,JHU Cholera Database (UID: 5103),0.95,"Converted from JHU database. Primary: True, Phantom: False - JHU reported 1 cases",JHU,0,,
86209,AFR::CMR,2016-07-21,2016-07-27,,0.0,,,2016-07-27,2,JHU Cholera Database (UID: 5103),0.95,"Converted from JHU database. Primary: True, Phantom: False - JHU reported 0 cases",JHU,0,,
86210,AFR::CMR,2016-07-28,2016-08-03,,2.0,,,2016-08-03,2,JHU Cholera Database (UID: 5103),0.95,"Converted from JHU database. Primary: True, Phantom: False - JHU reported 2 cases",JHU,0,,
86211,AFR::CMR,2016-08-04,2016-08-10,,2.0,,,2016-08-10,2,JHU Cholera Database (UID: 5103),0.95,"Converted from JHU database. Primary: True, Phantom: False - JHU reported 2 cases",JHU,0,,
86212,AFR::CMR,2016-08-11,2016-08-17,,0.0,,,2016-08-17,2,JHU Cholera Database (UID: 5103),0.95,"Converted from JHU database. Primary: True, Phantom: False - JHU reported 0 cases",JHU,0,,
86213,AFR::CMR,2016-08-18,2016-08-24,,5.0,,,2016-08-24,2,JHU Cholera Database (UID: 5103),0.95,"Converted from JHU database. Primary: True, Phantom: False - JHU reported 5 cases",JHU,0,,
86214,AFR::CMR,2016-08-25,2016-08-31,,0.0,,,2016-08-31,2,JHU Cholera Database (UID: 5103),0.95,"Converted from JHU database. Primary: True, Phantom: False - JHU reported 0 cases",JHU,0,,
86215,AFR::CMR,2016-09-01,2016-09-07,,0.0,,,2016-09-07,2,JHU Cholera Database (UID: 5103),0.95,"Converted from JHU database. Primary: True, Phantom: False - JHU reported 0 cases",JHU,0,,
86216,AFR::CMR,2016-09-08,2016-09-14,,0.0,,,2016-09-14,2,JHU Cholera Database (UID: 5103),0.95,"Converted from JHU database. Primary: True, Phantom: False - JHU reported 0 cases",JHU,0,,
86217,AFR::CMR,2016-09-15,2016-09-21,,1.0,,,2016-09-21,2,JHU Cholera Database (UID: 5103),0.95,"Converted from JHU database. Primary: True, Phantom: False - JHU reported 1 cases",JHU,0,,
86218,AFR::CMR,2016-09-22,2016-09-28,,0.0,,,2016-09-28,2,JHU Cholera Database (UID: 5103),0.95,"Converted from JHU database. Primary: True, Phantom: False - JHU reported 0 cases",JHU,0,,
86219,AFR::CMR,2016-09-29,2016-10-05,,0.0,,,2016-10-05,2,JHU Cholera Database (UID: 5103),0.95,"Converted from JHU database. Primary: True, Phantom: False - JHU reported 0 cases",JHU,0,,
86220,AFR::CMR,2016-10-06,2016-10-12,,0.0,,,2016-10-12,2,JHU Cholera Database (UID: 5103),0.95,"Converted from JHU database. Primary: True, Phantom: False - JHU reported 0 cases",JHU,0,,
86221,AFR::CMR,2016-10-13,2016-10-19,,0.0,,,2016-10-19,2,JHU Cholera Database (UID: 5103),0.95,"Converted from JHU database. Primary: True, Phantom: False - JHU reported 0 cases",JHU,0,,
86222,AFR::CMR,2016-10-20,2016-10-26,,1.0,,,2016-10-26,2,JHU Cholera Database (UID: 5103),0.95,"Converted from JHU database. Primary: True, Phantom: False - JHU reported 1 cases",JHU,0,,
86223,AFR::CMR,2016-10-27,2016-11-02,,0.0,,,2016-11-02,2,JHU Cholera Database (UID: 5103),0.95,"Converted from JHU database. Primary: True, Phantom: False - JHU reported 0 cases",JHU,0,,
86224,AFR::CMR,2016-11-03,2016-11-09,,0.0,,,2016-11-09,2,JHU Cholera Database (UID: 5103),0.95,"Converted from JHU database. Primary: True, Phantom: False - JHU reported 0 cases",JHU,0,,
86225,AFR::CMR,2016-11-10,2016-11-16,,2.0,,,2016-11-16,2,JHU Cholera Database (UID: 5103),0.95,"Converted from JHU database. Primary: True, Phantom: False - JHU reported 2 cases",JHU,0,,
86226,AFR::CMR,2016-11-17,2016-11-23,,0.0,,,2016-11-23,2,JHU Cholera Database (UID: 5103),0.95,"Converted from JHU database. Primary: True, Phantom: False - JHU reported 0 cases",JHU,0,,
86227,AFR::CMR,2016-11-24,2016-11-30,,32.0,,,2016-11-30,2,JHU Cholera Database (UID: 5103),0.95,"Converted from JHU database. Primary: True, Phantom: False - JHU reported 32 cases",JHU,0,,
86228,AFR::CMR,2016-12-01,2016-12-07,,27.0,,,2016-12-07,2,JHU Cholera Database (UID: 5103),0.95,"Converted from JHU database. Primary: True, Phantom: False - JHU reported 27 cases",JHU,0,,
86229,AFR::CMR,2016-12-08,2016-12-14,,0.0,,,2016-12-14,2,JHU Cholera Database (UID: 5103),0.95,"Converted from JHU database. Primary: True, Phantom: False - JHU reported 0 cases",JHU,0,,
86230,AFR::CMR,2016-12-15,2016-12-21,,0.0,,,2016-12-21,2,JHU Cholera Database (UID: 5103),0.95,"Converted from JHU database. Primary: True, Phantom: False - JHU reported 0 cases",JHU,0,,
86231,AFR::CMR,2016-12-22,2016-12-28,,0.0,,,2016-12-28,2,JHU Cholera Database (UID: 5103),0.95,"Converted from JHU database. Primary: True, Phantom: False - JHU reported 0 cases",JHU,0,,
86232,AFR::CMR,2018-01-01,2018-01-07,,0.0,,,2018-01-07,2,JHU Cholera Database (UID: 5103),0.95,"Converted from JHU database. Primary: True, Phantom: False - JHU reported 0 cases",JHU,0,,
86233,AFR::CMR,2018-01-08,2018-01-14,,0.0,,,2018-01-14,2,JHU Cholera Database (UID: 5103),0.95,"Converted from JHU database. Primary: True, Phantom: False - JHU reported 0 cases",JHU,0,,
86234,AFR::CMR,2018-01-15,2018-01-21,,0.0,,,2018-01-21,2,JHU Cholera Database (UID: 5103),0.95,"Converted from JHU database. Primary: True, Phantom: False - JHU reported 0 cases",JHU,0,,
86235,AFR::CMR,2018-01-22,2018-01-28,,2.0,,,2018-01-28,2,JHU Cholera Database (UID: 5103),0.95,"Converted from JHU database. Primary: True, Phantom: False - JHU reported 2 cases",JHU,0,,
86236,AFR::CMR,2018-01-29,2018-02-04,,0.0,,,2018-02-04,2,JHU Cholera Database (UID: 5103),0.95,"Converted from JHU database. Primary: True, Phantom: False - JHU reported 0 cases",JHU,0,,
86237,AFR::CMR,2018-02-05,2018-02-11,,0.0,,,2018-02-11,2,JHU Cholera Database (UID: 5103),0.95,"Converted from JHU database. Primary: True, Phantom: False - JHU reported 0 cases",JHU,0,,
86238,AFR::CMR,2018-02-12,2018-02-18,,0.0,,,2018-02-18,2,JHU Cholera Database (UID: 5103),0.95,"Converted from JHU database. Primary: True, Phantom: False - JHU reported 0 cases",JHU,0,,
86239,AFR::CMR,2018-02-19,2018-02-25,,0.0,,,2018-02-25,2,JHU Cholera Database (UID: 5103),0.95,"Converted from JHU database. Primary: True, Phantom: False - JHU reported 0 cases",JHU,0,,
86240,AFR::CMR,2018-02-26,2018-03-04,,0.0,,,2018-03-04,2,JHU Cholera Database (UID: 5103),0.95,"Converted from JHU database. Primary: True, Phantom: False - JHU reported 0 cases",JHU,0,,
86241,AFR::CMR,2018-03-05,2018-03-11,,0.0,,,2018-03-11,2,JHU Cholera Database (UID: 5103),0.95,"Converted from JHU database. Primary: True, Phantom: False - JHU reported 0 cases",JHU,0,,
86242,AFR::CMR,2018-03-12,2018-03-18,,1.0,,,2018-03-18,2,JHU Cholera Database (UID: 5103),0.95,"Converted from JHU database. Primary: True, Phantom: False - JHU reported 1 cases",JHU,0,,
86243,AFR::CMR,2018-03-19,2018-03-25,,0.0,,,2018-03-25,2,JHU Cholera Database (UID: 5103),0.95,"Converted from JHU database. Primary: True, Phantom: False - JHU reported 0 cases",JHU,0,,
86244,AFR::CMR,2018-03-26,2018-04-01,,4.0,,,2018-04-01,2,JHU Cholera Database (UID: 5103),0.95,"Converted from JHU database. Primary: True, Phantom: False - JHU reported 4 cases",JHU,0,,
86245,AFR::CMR,2018-04-02,2018-04-08,,3.0,,,2018-04-08,2,JHU Cholera Database (UID: 5103),0.95,"Converted from JHU database. Primary: True, Phantom: False - JHU reported 3 cases",JHU,0,,
86246,AFR::CMR,2018-04-09,2018-04-15,,0.0,,,2018-04-15,2,JHU Cholera Database (UID: 5103),0.95,"Converted from JHU database. Primary: True, Phantom: False - JHU reported 0 cases",JHU,0,,
86247,AFR::CMR,2018-04-16,2018-04-22,,1.0,,,2018-04-22,2,JHU Cholera Database (UID: 5103),0.95,"Converted from JHU database. Primary: True, Phantom: False - JHU reported 1 cases",JHU,0,,
86248,AFR::CMR,2018-04-23,2018-04-29,,0.0,,,2018-04-29,2,JHU Cholera Database (UID: 5103),0.95,"Converted from JHU database. Primary: True, Phantom: False - JHU reported 0 cases",JHU,0,,
86249,AFR::CMR,2018-04-30,2018-05-06,,0.0,,,2018-05-06,2,JHU Cholera Database (UID: 5103),0.95,"Converted from JHU database. Primary: True, Phantom: False - JHU reported 0 cases",JHU,0,,
86250,AFR::CMR,2018-05-07,2018-05-13,,1.0,,,2018-05-13,2,JHU Cholera Database (UID: 5103),0.95,"Converted from JHU database. Primary: True, Phantom: False - JHU reported 1 cases",JHU,0,,
86259,AFR::CMR,2018-07-09,2018-07-15,,13.0,,,2018-07-15,2,JHU Cholera Database (UID: 5103),0.95,"Converted from JHU database. Primary: True, Phantom: False - JHU reported 13 cases",JHU,0,,
86260,AFR::CMR,2018-07-16,2018-07-22,,70.0,,,2018-07-22,2,JHU Cholera Database (UID: 5103),0.95,"Converted from JHU database. Primary: True, Phantom: False - JHU reported 70 cases",JHU,0,,
86261,AFR::CMR,2018-07-23,2018-07-29,,50.0,,,2018-07-29,2,JHU Cholera Database (UID: 5103),0.95,"Converted from JHU database. Primary: True, Phantom: False - JHU reported 50 cases",JHU,0,,
86262,AFR::CMR,2018-07-30,2018-08-05,,33.0,,,2018-08-05,2,JHU Cholera Database (UID: 5103),0.95,"Converted from JHU database. Primary: True, Phantom: False - JHU reported 33 cases",JHU,0,,
86264,AFR::CMR,2018-08-13,2018-08-19,,15.0,,,2018-08-19,2,JHU Cholera Database (UID: 5103),0.95,"Converted from JHU database. Primary: True, Phantom: False - JHU reported 15 cases",JHU,0,,
86265,AFR::CMR,2018-08-27,2018-09-02,,16.0,,,2018-09-02,2,JHU Cholera Database (UID: 5103),0.95,"Converted from JHU database. Primary: True, Phantom: False - JHU reported 16 cases",JHU,0,,
86266,AFR::CMR,2018-09-03,2018-09-09,,7.0,,,2018-09-09,2,JHU Cholera Database (UID: 5103),0.95,"Converted from JHU database. Primary: True, Phantom: False - JHU reported 7 cases",JHU,0,,
86267,AFR::CMR,2018-09-10,2018-09-16,,51.0,,,2018-09-16,2,JHU Cholera Database (UID: 5103),0.95,"Converted from JHU database. Primary: True, Phantom: False - JHU reported 51 cases",JHU,0,,
86268,AFR::CMR,2018-09-17,2018-09-23,,34.0,,,2018-09-23,2,JHU Cholera Database (UID: 5103),0.95,"Converted from JHU database. Primary: True, Phantom: False - JHU reported 34 cases",JHU,0,,
86269,AFR::CMR,2018-09-24,2018-09-30,,52.0,,,2018-09-30,2,JHU Cholera Database (UID: 5103),0.95,"Converted from JHU database. Primary: True, Phantom: False - JHU reported 52 cases",JHU,0,,
86270,AFR::CMR,2018-10-01,2018-10-07,,44.0,,,2018-10-07,2,JHU Cholera Database (UID: 5103),0.95,"Converted from JHU database. Primary: True, Phantom: False - JHU reported 44 cases",JHU,0,,
86271,AFR::CMR,2018-10-08,2018-10-14,,49.0,,,2018-10-14,2,JHU Cholera Database (UID: 5103),0.95,"Converted from JHU database. Primary: True, Phantom: False - JHU reported 49 cases",JHU,0,,
86272,AFR::CMR,2018-10-15,2018-10-21,,99.0,,,2018-10-21,2,JHU Cholera Database (UID: 5103),0.95,"Converted from JHU database. Primary: True, Phantom: False - JHU reported 99 cases",JHU,0,,
86273,AFR::CMR,2018-10-22,2018-10-28,,102.0,,,2018-10-28,2,JHU Cholera Database (UID: 5103),0.95,"Converted from JHU database. Primary: True, Phantom: False - JHU reported 102 cases",JHU,0,,
86274,AFR::CMR,2018-10-29,2018-11-04,,101.0,,,2018-11-04,2,JHU Cholera Database (UID: 5103),0.95,"Converted from JHU database. Primary: True, Phantom: False - JHU reported 101 cases",JHU,0,,
86275,AFR::CMR,2018-11-05,2018-11-11,,91.0,,,2018-11-11,2,JHU Cholera Database (UID: 5103),0.95,"Converted from JHU database. Primary: True, Phantom: False - JHU reported 91 cases",JHU,0,,
86276,AFR::CMR,2018-11-12,2018-11-18,,51.0,,,2018-11-18,2,JHU Cholera Database (UID: 5103),0.95,"Converted from JHU database. Primary: True, Phantom: False - JHU reported 51 cases",JHU,0,,
86277,AFR::CMR,2018-11-19,2018-11-25,,30.0,,,2018-11-25,2,JHU Cholera Database (UID: 5103),0.95,"Converted from JHU database. Primary: True, Phantom: False - JHU reported 30 cases",JHU,0,,
86278,AFR::CMR,2018-11-26,2018-12-02,,11.0,,,2018-12-02,2,JHU Cholera Database (UID: 5103),0.95,"Converted from JHU database. Primary: True, Phantom: False - JHU reported 11 cases",JHU,0,,
86279,AFR::CMR,2018-12-03,2018-12-09,,2.0,,,2018-12-09,2,JHU Cholera Database (UID: 5103),0.95,"Converted from JHU database. Primary: True, Phantom: False - JHU reported 2 cases",JHU,0,,
86280,AFR::CMR,2018-12-10,2018-12-16,,0.0,,,2018-12-16,2,JHU Cholera Database (UID: 5103),0.95,"Converted from JHU database. Primary: True, Phantom: False - JHU reported 0 cases",JHU,0,,
86281,AFR::CMR,2018-12-17,2018-12-23,,1.0,,,2018-12-23,2,JHU Cholera Database (UID: 5103),0.95,"Converted from JHU database. Primary: True, Phantom: False - JHU reported 1 cases",JHU,0,,
86282,AFR::CMR,2018-12-24,2018-12-30,,0.0,,,2018-12-30,2,JHU Cholera Database (UID: 5103),0.95,"Converted from JHU database. Primary: True, Phantom: False - JHU reported 0 cases",JHU,0,,
86283,AFR::CMR,2018-12-31,2019-01-06,0.0,2.0,,0.0,2019-01-06,2,JHU Cholera Database (UID: 5103),0.95,"Converted from JHU database. Primary: True, Phantom: False - JHU reported 2 cases, 0 deaths",JHU,0,,
86284,AFR::CMR,2019-01-07,2019-01-13,0.0,2.0,,0.0,2019-01-13,2,JHU Cholera Database (UID: 5103),0.95,"Converted from JHU database. Primary: True, Phantom: False - JHU reported 2 cases, 0 deaths",JHU,0,,
86285,AFR::CMR,2019-01-14,2019-01-20,0.0,1.0,,0.0,2019-01-20,2,JHU Cholera Database (UID: 5103),0.95,"Converted from JHU database. Primary: True, Phantom: False - JHU reported 1 cases, 0 deaths",JHU,0,,
86286,AFR::CMR,2019-01-21,2019-01-27,0.0,1.0,,0.0,2019-01-27,2,JHU Cholera Database (UID: 5103),0.95,"Converted from JHU database. Primary: True, Phantom: False - JHU reported 1 cases, 0 deaths",JHU,0,,
86287,AFR::CMR,2019-01-28,2019-02-03,0.0,1.0,,0.0,2019-02-03,2,JHU Cholera Database (UID: 5103),0.95,"Converted from JHU database. Primary: True, Phantom: False - JHU reported 1 cases, 0 deaths",JHU,0,,
86288,AFR::CMR,2019-02-04,2019-02-10,0.0,0.0,,,2019-02-10,2,JHU Cholera Database (UID: 5103),0.95,"Converted from JHU database. Primary: True, Phantom: False - JHU reported 0 cases, 0 deaths",JHU,0,,
86289,AFR::CMR,2019-02-11,2019-02-17,0.0,0.0,,,2019-02-17,2,JHU Cholera Database (UID: 5103),0.95,"Converted from JHU database. Primary: True, Phantom: False - JHU reported 0 cases, 0 deaths",JHU,0,,
86290,AFR::CMR,2019-02-18,2019-02-24,0.0,2.0,,0.0,2019-02-24,2,JHU Cholera Database (UID: 5103),0.95,"Converted from JHU database. Primary: True, Phantom: False - JHU reported 2 cases, 0 deaths",JHU,0,,
86291,AFR::CMR,2019-02-25,2019-03-03,0.0,4.0,,0.0,2019-03-03,2,JHU Cholera Database (UID: 5103),0.95,"Converted from JHU database. Primary: True, Phantom: False - JHU reported 4 cases, 0 deaths",JHU,0,,
86292,AFR::CMR,2019-03-04,2019-03-10,0.0,8.0,,0.0,2019-03-10,2,JHU Cholera Database (UID: 5103),0.95,"Converted from JHU database. Primary: True, Phantom: False - JHU reported 8 cases, 0 deaths",JHU,0,,
86293,AFR::CMR,2019-03-11,2019-03-17,0.0,18.0,,0.0,2019-03-17,2,JHU Cholera Database (UID: 5103),0.95,"Converted from JHU database. Primary: True, Phantom: False - JHU reported 18 cases, 0 deaths",JHU,0,,
86294,AFR::CMR,2019-03-18,2019-03-24,1.0,5.0,,20.0,2019-03-24,2,JHU Cholera Database (UID: 5103),0.95,"Converted from JHU database. Primary: True, Phantom: False - JHU reported 5 cases, 1 deaths",JHU,0,,
86295,AFR::CMR,2019-03-25,2019-03-31,,8.0,,,2019-03-31,2,JHU Cholera Database (UID: 5103),0.95,"Converted from JHU database. Primary: True, Phantom: False - JHU reported 8 cases",JHU,0,,
86296,AFR::CMR,2019-04-01,2019-04-07,,1.0,,,2019-04-07,2,JHU Cholera Database (UID: 5103),0.95,"Converted from JHU database. Primary: True, Phantom: False - JHU reported 1 cases",JHU,0,,
86297,AFR::CMR,2019-04-08,2019-04-14,,3.0,,,2019-04-14,2,JHU Cholera Database (UID: 5103),0.95,"Converted from JHU database. Primary: True, Phantom: False - JHU reported 3 cases",JHU,0,,
86298,AFR::CMR,2019-04-15,2019-04-21,,1.0,,,2019-04-21,2,JHU Cholera Database (UID: 5103),0.95,"Converted from JHU database. Primary: True, Phantom: False - JHU reported 1 cases",JHU,0,,
86299,AFR::CMR,2019-04-22,2019-04-28,,7.0,,,2019-04-28,2,JHU Cholera Database (UID: 5103),0.95,"Converted from JHU database. Primary: True, Phantom: False - JHU reported 7 cases",JHU,0,,
86300,AFR::CMR,2019-04-29,2019-05-05,,5.0,,,2019-05-05,2,JHU Cholera Database (UID: 5103),0.95,"Converted from JHU database. Primary: True, Phantom: False - JHU reported 5 cases",JHU,0,,
86301,AFR::CMR,2019-05-06,2019-05-12,,2.0,,,2019-05-12,2,JHU Cholera Database (UID: 5103),0.95,"Converted from JHU database. Primary: True, Phantom: False - JHU reported 2 cases",JHU,0,,
86302,AFR::CMR,2019-05-13,2019-05-19,,0.0,,,2019-05-19,2,JHU Cholera Database (UID: 5103),0.95,"Converted from JHU database. Primary: True, Phantom: False - JHU reported 0 cases",JHU,0,,
86303,AFR::CMR,2019-05-20,2019-05-26,,3.0,,,2019-05-26,2,JHU Cholera Database (UID: 5103),0.95,"Converted from JHU database. Primary: True, Phantom: False - JHU reported 3 cases",JHU,0,,
86304,AFR::CMR,2019-05-27,2019-06-02,,6.0,,,2019-06-02,2,JHU Cholera Database (UID: 5103),0.95,"Converted from JHU database. Primary: True, Phantom: False - JHU reported 6 cases",JHU,0,,
86305,AFR::CMR,2019-06-03,2019-06-09,,6.0,,,2019-06-09,2,JHU Cholera Database (UID: 5103),0.95,"Converted from JHU database. Primary: True, Phantom: False - JHU reported 6 cases",JHU,0,,
86306,AFR::CMR,2019-06-17,2019-06-23,7.0,7.0,,100.0,2019-06-23,2,JHU Cholera Database (UID: 5103),0.95,"Converted from JHU database. Primary: True, Phantom: False - JHU reported 7 cases, 7 deaths",JHU,0,,
86307,AFR::CMR,2019-06-24,2019-06-30,,26.0,,,2019-06-30,2,JHU Cholera Database (UID: 5103),0.95,"Converted from JHU database. Primary: True, Phantom: False - JHU reported 26 cases",JHU,0,,
86308,AFR::CMR,2019-07-01,2019-07-07,6.0,23.0,,26.1,2019-07-07,2,JHU Cholera Database (UID: 5103),0.95,"Converted from JHU database. Primary: True, Phantom: False - JHU reported 23 cases, 6 deaths",JHU,0,,
86309,AFR::CMR,2019-07-08,2019-07-14,,21.0,,,2019-07-14,2,JHU Cholera Database (UID: 5103),0.95,"Converted from JHU database. Primary: True, Phantom: False - JHU reported 21 cases",JHU,0,,
86310,AFR::CMR,2019-07-15,2019-07-21,,29.0,,,2019-07-21,2,JHU Cholera Database (UID: 5103),0.95,"Converted from JHU database. Primary: True, Phantom: False - JHU reported 29 cases",JHU,0,,
86311,AFR::CMR,2019-07-22,2019-07-28,1.0,43.0,,2.3,2019-07-28,2,JHU Cholera Database (UID: 5103),0.95,"Converted from JHU database. Primary: True, Phantom: False - JHU reported 43 cases, 1 deaths",JHU,0,,
86312,AFR::CMR,2019-07-29,2019-08-04,1.0,35.0,,2.9,2019-08-04,2,JHU Cholera Database (UID: 5103),0.95,"Converted from JHU database. Primary: True, Phantom: False - JHU reported 35 cases, 1 deaths",JHU,0,,
86313,AFR::CMR,2019-08-05,2019-08-11,1.0,33.0,,3.0,2019-08-11,2,JHU Cholera Database (UID: 5103),0.95,"Converted from JHU database. Primary: True, Phantom: False - JHU reported 33 cases, 1 deaths",JHU,0,,
86314,AFR::CMR,2019-08-12,2019-08-18,,28.0,,,2019-08-18,2,JHU Cholera Database (UID: 5103),0.95,"Converted from JHU database. Primary: True, Phantom: False - JHU reported 28 cases",JHU,0,,
86315,AFR::CMR,2019-08-19,2019-08-25,,10.0,,,2019-08-25,2,JHU Cholera Database (UID: 5103),0.95,"Converted from JHU database. Primary: True, Phantom: False - JHU reported 10 cases",JHU,0,,
86316,AFR::CMR,2019-08-26,2019-09-01,,32.0,,,2019-09-01,2,JHU Cholera Database (UID: 5103),0.95,"Converted from JHU database. Primary: True, Phantom: False - JHU reported 32 cases",JHU,0,,
86317,AFR::CMR,2019-09-02,2019-09-08,5.0,32.0,,15.6,2019-09-08,2,JHU Cholera Database (UID: 5103),0.95,"Converted from JHU database. Primary: True, Phantom: False - JHU reported 32 cases, 5 deaths",JHU,0,,
86318,AFR::CMR,2019-09-09,2019-09-15,,16.0,,,2019-09-15,2,JHU Cholera Database (UID: 5103),0.95,"Converted from JHU database. Primary: True, Phantom: False - JHU reported 16 cases",JHU,0,,
86319,AFR::CMR,2019-09-16,2019-09-22,,20.0,,,2019-09-22,2,JHU Cholera Database (UID: 5103),0.95,"Converted from JHU database. Primary: True, Phantom: False - JHU reported 20 cases",JHU,0,,
86320,AFR::CMR,2019-09-23,2019-09-29,2.0,28.0,,7.1,2019-09-29,2,JHU Cholera Database (UID: 5103),0.95,"Converted from JHU database. Primary: True, Phantom: False - JHU reported 28 cases, 2 deaths",JHU,0,,
86321,AFR::CMR,2019-09-30,2019-10-06,,10.0,,,2019-10-06,2,JHU Cholera Database (UID: 5103),0.95,"Converted from JHU database. Primary: True, Phantom: False - JHU reported 10 cases",JHU,0,,
86322,AFR::CMR,2019-10-07,2019-10-13,,42.0,,,2019-10-13,2,JHU Cholera Database (UID: 5103),0.95,"Converted from JHU database. Primary: True, Phantom: False - JHU reported 42 cases",JHU,0,,
86323,AFR::CMR,2019-10-14,2019-10-20,,6.0,,,2019-10-20,2,JHU Cholera Database (UID: 5103),0.95,"Converted from JHU database. Primary: True, Phantom: False - JHU reported 6 cases",JHU,0,,
86324,AFR::CMR,2019-10-21,2019-10-27,,31.0,,,2019-10-27,2,JHU Cholera Database (UID: 5103),0.95,"Converted from JHU database. Primary: True, Phantom: False - JHU reported 31 cases",JHU,0,,
86325,AFR::CMR,2019-10-28,2019-11-03,,17.0,,,2019-11-03,2,JHU Cholera Database (UID: 5103),0.95,"Converted from JHU database. Primary: True, Phantom: False - JHU reported 17 cases",JHU,0,,
86326,AFR::CMR,2019-11-04,2019-11-10,1.0,6.0,,16.7,2019-11-10,2,JHU Cholera Database (UID: 5103),0.95,"Converted from JHU database. Primary: True, Phantom: False - JHU reported 6 cases, 1 deaths",JHU,0,,
86327,AFR::CMR,2019-11-11,2019-11-17,5.0,101.0,,5.0,2019-11-17,2,JHU Cholera Database (UID: 5103),0.95,"Converted from JHU database. Primary: True, Phantom: False - JHU reported 101 cases, 5 deaths",JHU,0,,
86328,AFR::CMR,2019-11-18,2019-11-24,5.0,37.0,,13.5,2019-11-24,2,JHU Cholera Database (UID: 5103),0.95,"Converted from JHU database. Primary: True, Phantom: False - JHU reported 37 cases, 5 deaths",JHU,0,,
86329,AFR::CMR,2019-11-25,2019-12-01,3.0,70.0,,4.3,2019-12-01,2,JHU Cholera Database (UID: 5103),0.95,"Converted from JHU database. Primary: True, Phantom: False - JHU reported 70 cases, 3 deaths",JHU,0,,
86330,AFR::CMR,2019-12-02,2019-12-08,,29.0,,,2019-12-08,2,JHU Cholera Database (UID: 5103),0.95,"Converted from JHU database. Primary: True, Phantom: False - JHU reported 29 cases",JHU,0,,
86331,AFR::CMR,2019-12-09,2019-12-15,,125.0,,,2019-12-15,2,JHU Cholera Database (UID: 5103),0.95,"Converted from JHU database. Primary: True, Phantom: False - JHU reported 125 cases",JHU,0,,
86332,AFR::CMR,2019-12-16,2019-12-22,2.0,60.0,,3.3,2019-12-22,2,JHU Cholera Database (UID: 5103),0.95,"Converted from JHU database. Primary: True, Phantom: False - JHU reported 60 cases, 2 deaths",JHU,0,,
86333,AFR::CMR,2019-12-23,2019-12-29,,47.0,,,2019-12-29,2,JHU Cholera Database (UID: 5103),0.95,"Converted from JHU database. Primary: True, Phantom: False - JHU reported 47 cases",JHU,0,,
86334,AFR::CMR,2021-01-04,2021-01-10,,0.0,,,2021-01-10,2,JHU Cholera Database (UID: 5103),0.95,"Converted from JHU database. Primary: True, Phantom: False - JHU reported 0 cases",JHU,0,,
86335,AFR::CMR,2021-01-04,2021-07-04,1.0,10.0,,10.0,2021-07-04,2,JHU Cholera Database (UID: 5103),0.95,"Converted from JHU database. Primary: True, Phantom: False - JHU reported 10 cases, 1 deaths",JHU,0,,
86336,AFR::CMR,2021-01-11,2021-01-17,,0.0,,,2021-01-17,2,JHU Cholera Database (UID: 5103),0.95,"Converted from JHU database. Primary: True, Phantom: False - JHU reported 0 cases",JHU,0,,
86337,AFR::CMR,2021-01-18,2021-01-24,,0.0,,,2021-01-24,2,JHU Cholera Database (UID: 5103),0.95,"Converted from JHU database. Primary: True, Phantom: False - JHU reported 0 cases",JHU,0,,
86338,AFR::CMR,2021-01-25,2021-01-31,,10.0,,,2021-01-31,2,JHU Cholera Database (UID: 5103),0.95,"Converted from JHU database. Primary: True, Phantom: False - JHU reported 10 cases",JHU,0,,
86339,AFR::CMR,2021-02-01,2021-02-07,,0.0,,,2021-02-07,2,JHU Cholera Database (UID: 5103),0.95,"Converted from JHU database. Primary: True, Phantom: False - JHU reported 0 cases",JHU,0,,
86340,AFR::CMR,2021-02-08,2021-02-14,,0.0,,,2021-02-14,2,JHU Cholera Database (UID: 5103),0.95,"Converted from JHU database. Primary: True, Phantom: False - JHU reported 0 cases",JHU,0,,
86341,AFR::CMR,2021-02-15,2021-02-21,,10.0,,,2021-02-21,2,JHU Cholera Database (UID: 5103),0.95,"Converted from JHU database. Primary: True, Phantom: False - JHU reported 10 cases",JHU,0,,
86342,AFR::CMR,2021-02-22,2021-02-28,,10.0,,,2021-02-28,2,JHU Cholera Database (UID: 5103),0.95,"Converted from JHU database. Primary: True, Phantom: False - JHU reported 10 cases",JHU,0,,
86343,AFR::CMR,2021-03-01,2021-03-07,,0.0,,,2021-03-07,2,JHU Cholera Database (UID: 5103),0.95,"Converted from JHU database. Primary: True, Phantom: False - JHU reported 0 cases",JHU,0,,
86344,AFR::CMR,2021-03-08,2021-03-14,,0.0,,,2021-03-14,2,JHU Cholera Database (UID: 5103),0.95,"Converted from JHU database. Primary: True, Phantom: False - JHU reported 0 cases",JHU,0,,
86345,AFR::CMR,2021-03-15,2021-03-21,,0.0,,,2021-03-21,2,JHU Cholera Database (UID: 5103),0.95,"Converted from JHU database. Primary: True, Phantom: False - JHU reported 0 cases",JHU,0,,
86346,AFR::CMR,2021-03-22,2021-03-28,,0.0,,,2021-03-28,2,JHU Cholera Database (UID: 5103),0.95,"Converted from JHU database. Primary: True, Phantom: False - JHU reported 0 cases",JHU,0,,
86347,AFR::CMR,2021-03-29,2021-04-04,,0.0,,,2021-04-04,2,JHU Cholera Database (UID: 5103),0.95,"Converted from JHU database. Primary: True, Phantom: False - JHU reported 0 cases",JHU,0,,
86348,AFR::CMR,2021-04-05,2021-04-11,,0.0,,,2021-04-11,2,JHU Cholera Database (UID: 5103),0.95,"Converted from JHU database. Primary: True, Phantom: False - JHU reported 0 cases",JHU,0,,
86349,AFR::CMR,2021-04-12,2021-04-18,,0.0,,,2021-04-18,2,JHU Cholera Database (UID: 5103),0.95,"Converted from JHU database. Primary: True, Phantom: False - JHU reported 0 cases",JHU,0,,
86350,AFR::CMR,2021-04-19,2021-04-25,,0.0,,,2021-04-25,2,JHU Cholera Database (UID: 5103),0.95,"Converted from JHU database. Primary: True, Phantom: False - JHU reported 0 cases",JHU,0,,
86351,AFR::CMR,2021-04-26,2021-05-02,,0.0,,,2021-05-02,2,JHU Cholera Database (UID: 5103),0.95,"Converted from JHU database. Primary: True, Phantom: False - JHU reported 0 cases",JHU,0,,
86352,AFR::CMR,2021-05-03,2021-05-09,,0.0,,,2021-05-09,2,JHU Cholera Database (UID: 5103),0.95,"Converted from JHU database. Primary: True, Phantom: False - JHU reported 0 cases",JHU,0,,
86353,AFR::CMR,2021-05-10,2021-05-16,,0.0,,,2021-05-16,2,JHU Cholera Database (UID: 5103),0.95,"Converted from JHU database. Primary: True, Phantom: False - JHU reported 0 cases",JHU,0,,
86354,AFR::CMR,2021-05-17,2021-05-23,,0.0,,,2021-05-23,2,JHU Cholera Database (UID: 5103),0.95,"Converted from JHU database. Primary: True, Phantom: False - JHU reported 0 cases",JHU,0,,
86355,AFR::CMR,2021-05-24,2021-05-30,,0.0,,,2021-05-30,2,JHU Cholera Database (UID: 5103),0.95,"Converted from JHU database. Primary: True, Phantom: False - JHU reported 0 cases",JHU,0,,
86356,AFR::CMR,2021-05-31,2021-06-06,,0.0,,,2021-06-06,2,JHU Cholera Database (UID: 5103),0.95,"Converted from JHU database. Primary: True, Phantom: False - JHU reported 0 cases",JHU,0,,
86357,AFR::CMR,2021-06-07,2021-06-13,,0.0,,,2021-06-13,2,JHU Cholera Database (UID: 5103),0.95,"Converted from JHU database. Primary: True, Phantom: False - JHU reported 0 cases",JHU,0,,
86358,AFR::CMR,2021-06-14,2021-06-20,,0.0,,,2021-06-20,2,JHU Cholera Database (UID: 5103),0.95,"Converted from JHU database. Primary: True, Phantom: False - JHU reported 0 cases",JHU,0,,
86359,AFR::CMR,2021-06-21,2021-06-27,,0.0,,,2021-06-27,2,JHU Cholera Database (UID: 5103),0.95,"Converted from JHU database. Primary: True, Phantom: False - JHU reported 0 cases",JHU,0,,
86360,AFR::CMR,2021-06-28,2021-07-04,,0.0,,,2021-07-04,2,JHU Cholera Database (UID: 5103),0.95,"Converted from JHU database. Primary: True, Phantom: False - JHU reported 0 cases",JHU,0,,
86361,AFR::CMR,2021-07-05,2021-07-11,,0.0,,,2021-07-11,2,JHU Cholera Database (UID: 5103),0.95,"Converted from JHU database. Primary: True, Phantom: False - JHU reported 0 cases",JHU,0,,
86362,AFR::CMR,2021-07-12,2021-07-18,,10.0,,,2021-07-18,2,JHU Cholera Database (UID: 5103),0.95,"Converted from JHU database. Primary: True, Phantom: False - JHU reported 10 cases",JHU,0,,
86363,AFR::CMR,2021-07-19,2021-07-25,,0.0,,,2021-07-25,2,JHU Cholera Database (UID: 5103),0.95,"Converted from JHU database. Primary: True, Phantom: False - JHU reported 0 cases",JHU,0,,
86364,AFR::CMR,2021-07-26,2021-08-01,,0.0,,,2021-08-01,2,JHU Cholera Database (UID: 5103),0.95,"Converted from JHU database. Primary: True, Phantom: False - JHU reported 0 cases",JHU,0,,
86365,AFR::CMR,2021-08-02,2021-08-08,,0.0,,,2021-08-08,2,JHU Cholera Database (UID: 5103),0.95,"Converted from JHU database. Primary: True, Phantom: False - JHU reported 0 cases",JHU,0,,
86366,AFR::CMR,2021-08-09,2021-08-15,,0.0,,,2021-08-15,2,JHU Cholera Database (UID: 5103),0.95,"Converted from JHU database. Primary: True, Phantom: False - JHU reported 0 cases",JHU,0,,
86367,AFR::CMR,2021-08-16,2021-08-22,,0.0,,,2021-08-22,2,JHU Cholera Database (UID: 5103),0.95,"Converted from JHU database. Primary: True, Phantom: False - JHU reported 0 cases",JHU,0,,
86368,AFR::CMR,2021-08-23,2021-08-29,,0.0,,,2021-08-29,2,JHU Cholera Database (UID: 5103),0.95,"Converted from JHU database. Primary: True, Phantom: False - JHU reported 0 cases",JHU,0,,
86369,AFR::CMR,2021-08-30,2021-09-05,,0.0,,,2021-09-05,2,JHU Cholera Database (UID: 5103),0.95,"Converted from JHU database. Primary: True, Phantom: False - JHU reported 0 cases",JHU,0,,
86370,AFR::CMR,2021-09-06,2021-09-12,,2.0,,,2021-09-12,2,JHU Cholera Database (UID: 5103),0.95,"Converted from JHU database. Primary: True, Phantom: False - JHU reported 2 cases",JHU,0,,
86371,AFR::CMR,2021-09-13,2021-09-19,,10.0,,,2021-09-19,2,JHU Cholera Database (UID: 5103),0.95,"Converted from JHU database. Primary: True, Phantom: False - JHU reported 10 cases",JHU,0,,
86372,AFR::CMR,2021-09-20,2021-09-26,,0.0,,,2021-09-26,2,JHU Cholera Database (UID: 5103),0.95,"Converted from JHU database. Primary: True, Phantom: False - JHU reported 0 cases",JHU,0,,
86373,AFR::CMR,2021-09-27,2021-10-03,,0.0,,,2021-10-03,2,JHU Cholera Database (UID: 5103),0.95,"Converted from JHU database. Primary: True, Phantom: False - JHU reported 0 cases",JHU,0,,
86374,AFR::CMR,2021-10-04,2021-10-10,,0.0,,,2021-10-10,2,JHU Cholera Database (UID: 5103),0.95,"Converted from JHU database. Primary: True, Phantom: False - JHU reported 0 cases",JHU,0,,
86375,AFR::CMR,2021-10-11,2021-10-17,,10.0,,,2021-10-17,2,JHU Cholera Database (UID: 5103),0.95,"Converted from JHU database. Primary: True, Phantom: False - JHU reported 10 cases",JHU,0,,
86376,AFR::CMR,2021-10-18,2021-10-24,,10.0,,,2021-10-24,2,JHU Cholera Database (UID: 5103),0.95,"Converted from JHU database. Primary: True, Phantom: False - JHU reported 10 cases",JHU,0,,
86377,AFR::CMR,2021-10-25,2021-10-31,,10.0,,,2021-10-31,2,JHU Cholera Database (UID: 5103),0.95,"Converted from JHU database. Primary: True, Phantom: False - JHU reported 10 cases",JHU,0,,
86378,AFR::CMR,2021-11-01,2021-11-07,,84.0,,,2021-11-07,2,JHU Cholera Database (UID: 5103),0.95,"Converted from JHU database. Primary: True, Phantom: False - JHU reported 84 cases",JHU,0,,
86379,AFR::CMR,2021-11-08,2021-11-14,,34.0,,,2021-11-14,2,JHU Cholera Database (UID: 5103),0.95,"Converted from JHU database. Primary: True, Phantom: False - JHU reported 34 cases",JHU,0,,
86380,AFR::CMR,2021-11-15,2021-11-21,,30.0,,,2021-11-21,2,JHU Cholera Database (UID: 5103),0.95,"Converted from JHU database. Primary: True, Phantom: False - JHU reported 30 cases",JHU,0,,
86381,AFR::CMR,2021-11-22,2021-11-28,,20.0,,,2021-11-28,2,JHU Cholera Database (UID: 5103),0.95,"Converted from JHU database. Primary: True, Phantom: False - JHU reported 20 cases",JHU,0,,
86382,AFR::CMR,2021-11-29,2021-12-05,,30.0,,,2021-12-05,2,JHU Cholera Database (UID: 5103),0.95,"Converted from JHU database. Primary: True, Phantom: False - JHU reported 30 cases",JHU,0,,
86383,AFR::CMR,2021-12-06,2021-12-12,,108.0,,,2021-12-12,2,JHU Cholera Database (UID: 5103),0.95,"Converted from JHU database. Primary: True, Phantom: False - JHU reported 108 cases",JHU,0,,
86384,AFR::CMR,2021-12-13,2021-12-19,,64.0,,,2021-12-19,2,JHU Cholera Database (UID: 5103),0.95,"Converted from JHU database. Primary: True, Phantom: False - JHU reported 64 cases",JHU,0,,
86385,AFR::CMR,2021-12-20,2021-12-26,,230.0,,,2021-12-26,2,JHU Cholera Database (UID: 5103),0.95,"Converted from JHU database. Primary: True, Phantom: False - JHU reported 230 cases",JHU,0,,
86386,AFR::CMR,2021-12-27,2022-01-02,,192.0,,,2022-01-02,2,JHU Cholera Database (UID: 5103),0.95,"Converted from JHU database. Primary: True, Phantom: False - JHU reported 192 cases",JHU,0,,
86387,AFR::CMR,2022-01-03,2022-01-09,,94.0,,,2022-01-09,2,JHU Cholera Database (UID: 5103),0.95,"Converted from JHU database. Primary: True, Phantom: False - JHU reported 94 cases",JHU,0,,
86388,AFR::CMR,2022-01-03,2023-01-01,303.0,14029.0,,2.2,2023-01-01,2,JHU Cholera Database (UID: 5103),0.95,"Converted from JHU database. Primary: True, Phantom: False - JHU reported 14029 cases, 303 deaths",JHU,0,,
86389,AFR::CMR,2022-01-10,2022-01-16,,128.0,,,2022-01-16,2,JHU Cholera Database (UID: 5103),0.95,"Converted from JHU database. Primary: True, Phantom: False - JHU reported 128 cases",JHU,0,,
86390,AFR::CMR,2022-01-17,2022-01-23,,128.0,,,2022-01-23,2,JHU Cholera Database (UID: 5103),0.95,"Converted from JHU database. Primary: True, Phantom: False - JHU reported 128 cases",JHU,0,,
86391,AFR::CMR,2022-01-24,2022-01-30,,182.0,,,2022-01-30,2,JHU Cholera Database (UID: 5103),0.95,"Converted from JHU database. Primary: True, Phantom: False - JHU reported 182 cases",JHU,0,,
86392,AFR::CMR,2022-01-31,2022-02-06,,236.0,,,2022-02-06,2,JHU Cholera Database (UID: 5103),0.95,"Converted from JHU database. Primary: True, Phantom: False - JHU reported 236 cases",JHU,0,,
86393,AFR::CMR,2022-02-07,2022-02-13,,128.0,,,2022-02-13,2,JHU Cholera Database (UID: 5103),0.95,"Converted from JHU database. Primary: True, Phantom: False - JHU reported 128 cases",JHU,0,,
86394,AFR::CMR,2022-02-14,2022-02-20,,148.0,,,2022-02-20,2,JHU Cholera Database (UID: 5103),0.95,"Converted from JHU database. Primary: True, Phantom: False - JHU reported 148 cases",JHU,0,,
86395,AFR::CMR,2022-02-21,2022-02-27,,231.0,,,2022-02-27,2,JHU Cholera Database (UID: 5103),0.95,"Converted from JHU database. Primary: True, Phantom: False - JHU reported 231 cases",JHU,0,,
86396,AFR::CMR,2022-02-28,2022-03-06,,192.0,,,2022-03-06,2,JHU Cholera Database (UID: 5103),0.95,"Converted from JHU database. Primary: True, Phantom: False - JHU reported 192 cases",JHU,0,,
86397,AFR::CMR,2022-03-07,2022-03-13,,212.0,,,2022-03-13,2,JHU Cholera Database (UID: 5103),0.95,"Converted from JHU database. Primary: True, Phantom: False - JHU reported 212 cases",JHU,0,,
86398,AFR::CMR,2022-03-14,2022-03-20,,556.0,,,2022-03-20,2,JHU Cholera Database (UID: 5103),0.95,"Converted from JHU database. Primary: True, Phantom: False - JHU reported 556 cases",JHU,0,,
86399,AFR::CMR,2022-03-21,2022-03-27,,1403.0,,,2022-03-27,2,JHU Cholera Database (UID: 5103),0.95,"Converted from JHU database. Primary: True, Phantom: False - JHU reported 1403 cases",JHU,0,,
86400,AFR::CMR,2022-03-28,2022-04-03,,994.0,,,2022-04-03,2,JHU Cholera Database (UID: 5103),0.95,"Converted from JHU database. Primary: True, Phantom: False - JHU reported 994 cases",JHU,0,,
86401,AFR::CMR,2022-04-04,2022-04-10,,665.0,,,2022-04-10,2,JHU Cholera Database (UID: 5103),0.95,"Converted from JHU database. Primary: True, Phantom: False - JHU reported 665 cases",JHU,0,,
86402,AFR::CMR,2022-04-11,2022-04-17,,610.0,,,2022-04-17,2,JHU Cholera Database (UID: 5103),0.95,"Converted from JHU database. Primary: True, Phantom: False - JHU reported 610 cases",JHU,0,,
86403,AFR::CMR,2022-04-18,2022-04-24,,492.0,,,2022-04-24,2,JHU Cholera Database (UID: 5103),0.95,"Converted from JHU database. Primary: True, Phantom: False - JHU reported 492 cases",JHU,0,,
86404,AFR::CMR,2022-04-25,2022-05-01,,458.0,,,2022-05-01,2,JHU Cholera Database (UID: 5103),0.95,"Converted from JHU database. Primary: True, Phantom: False - JHU reported 458 cases",JHU,0,,
86405,AFR::CMR,2022-05-02,2022-05-08,,409.0,,,2022-05-08,2,JHU Cholera Database (UID: 5103),0.95,"Converted from JHU database. Primary: True, Phantom: False - JHU reported 409 cases",JHU,0,,
86406,AFR::CMR,2022-05-09,2022-05-15,,320.0,,,2022-05-15,2,JHU Cholera Database (UID: 5103),0.95,"Converted from JHU database. Primary: True, Phantom: False - JHU reported 320 cases",JHU,0,,
86407,AFR::CMR,2022-05-16,2022-05-22,,271.0,,,2022-05-22,2,JHU Cholera Database (UID: 5103),0.95,"Converted from JHU database. Primary: True, Phantom: False - JHU reported 271 cases",JHU,0,,
86408,AFR::CMR,2022-05-23,2022-05-29,,463.0,,,2022-05-29,2,JHU Cholera Database (UID: 5103),0.95,"Converted from JHU database. Primary: True, Phantom: False - JHU reported 463 cases",JHU,0,,
86409,AFR::CMR,2022-05-30,2022-06-05,,330.0,,,2022-06-05,2,JHU Cholera Database (UID: 5103),0.95,"Converted from JHU database. Primary: True, Phantom: False - JHU reported 330 cases",JHU,0,,
86410,AFR::CMR,2022-06-06,2022-06-12,,266.0,,,2022-06-12,2,JHU Cholera Database (UID: 5103),0.95,"Converted from JHU database. Primary: True, Phantom: False - JHU reported 266 cases",JHU,0,,
86411,AFR::CMR,2022-06-13,2022-06-19,,217.0,,,2022-06-19,2,JHU Cholera Database (UID: 5103),0.95,"Converted from JHU database. Primary: True, Phantom: False - JHU reported 217 cases",JHU,0,,
86412,AFR::CMR,2022-06-20,2022-06-26,,236.0,,,2022-06-26,2,JHU Cholera Database (UID: 5103),0.95,"Converted from JHU database. Primary: True, Phantom: False - JHU reported 236 cases",JHU,0,,
86413,AFR::CMR,2022-06-27,2022-07-03,,310.0,,,2022-07-03,2,JHU Cholera Database (UID: 5103),0.95,"Converted from JHU database. Primary: True, Phantom: False - JHU reported 310 cases",JHU,0,,
86414,AFR::CMR,2022-07-04,2022-07-10,,158.0,,,2022-07-10,2,JHU Cholera Database (UID: 5103),0.95,"Converted from JHU database. Primary: True, Phantom: False - JHU reported 158 cases",JHU,0,,
86415,AFR::CMR,2022-07-11,2022-07-17,,158.0,,,2022-07-17,2,JHU Cholera Database (UID: 5103),0.95,"Converted from JHU database. Primary: True, Phantom: False - JHU reported 158 cases",JHU,0,,
86416,AFR::CMR,2022-07-18,2022-07-24,,182.0,,,2022-07-24,2,JHU Cholera Database (UID: 5103),0.95,"Converted from JHU database. Primary: True, Phantom: False - JHU reported 182 cases",JHU,0,,
86417,AFR::CMR,2022-07-25,2022-07-31,,246.0,,,2022-07-31,2,JHU Cholera Database (UID: 5103),0.95,"Converted from JHU database. Primary: True, Phantom: False - JHU reported 246 cases",JHU,0,,
86418,AFR::CMR,2022-08-01,2022-08-07,,226.0,,,2022-08-07,2,JHU Cholera Database (UID: 5103),0.95,"Converted from JHU database. Primary: True, Phantom: False - JHU reported 226 cases",JHU,0,,
86419,AFR::CMR,2022-08-08,2022-08-14,,172.0,,,2022-08-14,2,JHU Cholera Database (UID: 5103),0.95,"Converted from JHU database. Primary: True, Phantom: False - JHU reported 172 cases",JHU,0,,
86420,AFR::CMR,2022-08-15,2022-08-21,,340.0,,,2022-08-21,2,JHU Cholera Database (UID: 5103),0.95,"Converted from JHU database. Primary: True, Phantom: False - JHU reported 340 cases",JHU,0,,
86421,AFR::CMR,2022-08-22,2022-08-28,,399.0,,,2022-08-28,2,JHU Cholera Database (UID: 5103),0.95,"Converted from JHU database. Primary: True, Phantom: False - JHU reported 399 cases",JHU,0,,
86422,AFR::CMR,2022-08-29,2022-09-04,,276.0,,,2022-09-04,2,JHU Cholera Database (UID: 5103),0.95,"Converted from JHU database. Primary: True, Phantom: False - JHU reported 276 cases",JHU,0,,
86423,AFR::CMR,2022-09-05,2022-09-11,,300.0,,,2022-09-11,2,JHU Cholera Database (UID: 5103),0.95,"Converted from JHU database. Primary: True, Phantom: False - JHU reported 300 cases",JHU,0,,
86424,AFR::CMR,2022-09-12,2022-09-18,,256.0,,,2022-09-18,2,JHU Cholera Database (UID: 5103),0.95,"Converted from JHU database. Primary: True, Phantom: False - JHU reported 256 cases",JHU,0,,
86425,AFR::CMR,2022-09-19,2022-09-25,,271.0,,,2022-09-25,2,JHU Cholera Database (UID: 5103),0.95,"Converted from JHU database. Primary: True, Phantom: False - JHU reported 271 cases",JHU,0,,
86426,AFR::CMR,2022-09-26,2022-10-02,,207.0,,,2022-10-02,2,JHU Cholera Database (UID: 5103),0.95,"Converted from JHU database. Primary: True, Phantom: False - JHU reported 207 cases",JHU,0,,
86427,AFR::CMR,2022-10-03,2022-10-09,,290.0,,,2022-10-09,2,JHU Cholera Database (UID: 5103),0.95,"Converted from JHU database. Primary: True, Phantom: False - JHU reported 290 cases",JHU,0,,
86428,AFR::CMR,2022-10-10,2022-10-16,,225.0,,,2022-10-16,2,JHU Cholera Database (UID: 5103),0.95,"Converted from JHU database. Primary: True, Phantom: False - JHU reported 225 cases",JHU,0,,
86429,AFR::CMR,2022-10-17,2022-10-23,,161.0,,,2022-10-23,2,JHU Cholera Database (UID: 5103),0.95,"Converted from JHU database. Primary: True, Phantom: False - JHU reported 161 cases",JHU,0,,
86430,AFR::CMR,2022-10-24,2022-10-30,,128.0,,,2022-10-30,2,JHU Cholera Database (UID: 5103),0.95,"Converted from JHU database. Primary: True, Phantom: False - JHU reported 128 cases",JHU,0,,
86431,AFR::CMR,2022-10-31,2022-11-06,,165.0,,,2022-11-06,2,JHU Cholera Database (UID: 5103),0.95,"Converted from JHU database. Primary: True, Phantom: False - JHU reported 165 cases",JHU,0,,
86432,AFR::CMR,2022-11-07,2022-11-13,,98.0,,,2022-11-13,2,JHU Cholera Database (UID: 5103),0.95,"Converted from JHU database. Primary: True, Phantom: False - JHU reported 98 cases",JHU,0,,
86433,AFR::CMR,2022-11-14,2022-11-20,,73.0,,,2022-11-20,2,JHU Cholera Database (UID: 5103),0.95,"Converted from JHU database. Primary: True, Phantom: False - JHU reported 73 cases",JHU,0,,
86434,AFR::CMR,2022-11-21,2022-11-27,,83.0,,,2022-11-27,2,JHU Cholera Database (UID: 5103),0.95,"Converted from JHU database. Primary: True, Phantom: False - JHU reported 83 cases",JHU,0,,
86435,AFR::CMR,2022-11-28,2022-12-04,,14.0,,,2022-12-04,2,JHU Cholera Database (UID: 5103),0.95,"Converted from JHU database. Primary: True, Phantom: False - JHU reported 14 cases",JHU,0,,
86436,AFR::CMR,2022-12-05,2022-12-11,,22.0,,,2022-12-11,2,JHU Cholera Database (UID: 5103),0.95,"Converted from JHU database. Primary: True, Phantom: False - JHU reported 22 cases",JHU,0,,
86437,AFR::CMR,2022-12-12,2022-12-18,,10.0,,,2022-12-18,2,JHU Cholera Database (UID: 5103),0.95,"Converted from JHU database. Primary: True, Phantom: False - JHU reported 10 cases",JHU,0,,
86438,AFR::CMR,2022-12-19,2022-12-25,,54.0,,,2022-12-25,2,JHU Cholera Database (UID: 5103),0.95,"Converted from JHU database. Primary: True, Phantom: False - JHU reported 54 cases",JHU,0,,
86439,AFR::CMR,2022-12-26,2023-01-01,,26.0,,,2023-01-01,2,JHU Cholera Database (UID: 5103),0.95,"Converted from JHU database. Primary: True, Phantom: False - JHU reported 26 cases",JHU,0,,
96892,AFR::CMR,2018-12-07,2018-12-14,,0.0,,,2018-12-14,46,WHO AFRO Surveillance Report (UID: 21050),0.97,"Converted from JHU database. Primary: True, Phantom: False - JHU reported 0 cases",JHU,0,,
96901,AFR::CMR,2018-05-18,2019-05-15,64.0,1060.0,97.0,6.0,2019-05-15,37,WHO AFRO Surveillance Report (UID: 20439),0.97,"Converted from JHU database. Primary: True, Phantom: False - JHU reported 1060 cases, 64 deaths",JHU,0,,
96903,AFR::CMR,2019-03-01,2019-03-31,,5.0,5.0,,2019-03-31,37,WHO AFRO Surveillance Report (UID: 20439),0.97,"Converted from JHU database. Primary: True, Phantom: False - JHU reported 5 cases",JHU,0,,
96904,AFR::CMR,2010-04-01,2010-10-25,559.0,8528.0,,6.6,2010-10-25,32,JHU Cholera Database (UID: 20607),0.95,"Converted from JHU database. Primary: True, Phantom: False - JHU reported 8528 cases, 559 deaths",JHU,0,,
96908,AFR::CMR,2018-05-18,2018-07-26,11.0,140.0,11.0,7.9,2018-07-26,14,WHO AFRO Surveillance Report (UID: 20940),0.97,"Converted from JHU database. Primary: True, Phantom: False - JHU reported 140 cases, 11 deaths",JHU,0,,
96912,AFR::CMR,2018-05-18,2018-09-17,27.0,310.0,33.0,8.7,2018-09-17,45,WHO AFRO Surveillance Report (UID: 20983),0.97,"Converted from JHU database. Primary: True, Phantom: False - JHU reported 310 cases, 27 deaths",JHU,0,,
96917,AFR::CMR,2011-01-01,2011-08-31,554.0,14730.0,,3.8,2011-08-31,29,JHU Cholera Database (UID: 20570),0.95,"Converted from JHU database. Primary: True, Phantom: False - JHU reported 14730 cases, 554 deaths",JHU,0,,
97477,AFR::CMR,2018-05-18,2018-09-03,20.0,251.0,23.0,8.0,2018-09-03,11,WHO AFRO Surveillance Report (UID: 20974),0.97,"Converted from JHU database. Primary: True, Phantom: False - JHU reported 251 cases, 20 deaths",JHU,0,,
97478,AFR::CMR,2018-08-10,2018-09-03,9.0,90.0,,10.0,2018-09-03,11,WHO AFRO Surveillance Report (UID: 20974),0.97,"Converted from JHU database. Primary: True, Phantom: False - JHU reported 90 cases, 9 deaths",JHU,0,,
97479,AFR::CMR,2018-08-31,2018-09-03,3.0,16.0,,18.8,2018-09-03,11,WHO AFRO Surveillance Report (UID: 20974),0.97,"Converted from JHU database. Primary: True, Phantom: False - JHU reported 16 cases, 3 deaths",JHU,0,,
97487,AFR::CMR,1971-01-01,1971-12-31,336.0,2167.0,,15.5,1971-12-31,48,WHO Annual Cholera Report (UID: 307),1.0,"Converted from JHU database. Primary: True, Phantom: False - JHU reported 2167 cases, 336 deaths",JHU,0,,
97488,AFR::CMR,1972-01-01,1972-12-31,27.0,362.0,,7.5,1972-12-31,48,WHO Annual Cholera Report (UID: 307),1.0,"Converted from JHU database. Primary: True, Phantom: False - JHU reported 362 cases, 27 deaths",JHU,0,,
97489,AFR::CMR,1973-01-01,1973-12-31,16.0,206.0,,7.8,1973-12-31,48,WHO Annual Cholera Report (UID: 307),1.0,"Converted from JHU database. Primary: True, Phantom: False - JHU reported 206 cases, 16 deaths",JHU,0,,
97490,AFR::CMR,1974-01-01,1974-12-31,16.0,83.0,,19.3,1974-12-31,48,WHO Annual Cholera Report (UID: 307),1.0,"Converted from JHU database. Primary: True, Phantom: False - JHU reported 83 cases, 16 deaths",JHU,0,,
97491,AFR::CMR,1975-01-01,1975-12-31,0.0,3.0,,0.0,1975-12-31,48,WHO Annual Cholera Report (UID: 307),1.0,"Converted from JHU database. Primary: True, Phantom: False - JHU reported 3 cases, 0 deaths",JHU,0,,
97492,AFR::CMR,1976-01-01,1976-12-31,27.0,135.0,,20.0,1976-12-31,48,WHO Annual Cholera Report (UID: 307),1.0,"Converted from JHU database. Primary: True, Phantom: False - JHU reported 135 cases, 27 deaths",JHU,0,,
97493,AFR::CMR,1978-01-01,1978-12-31,0.0,3.0,,0.0,1978-12-31,48,WHO Annual Cholera Report (UID: 307),1.0,"Converted from JHU database. Primary: True, Phantom: False - JHU reported 3 cases, 0 deaths",JHU,0,,
97494,AFR::CMR,1979-01-01,1979-12-31,4.0,16.0,,25.0,1979-12-31,48,WHO Annual Cholera Report (UID: 307),1.0,"Converted from JHU database. Primary: True, Phantom: False - JHU reported 16 cases, 4 deaths",JHU,0,,
97495,AFR::CMR,1980-01-01,1980-12-31,23.0,229.0,,10.0,1980-12-31,48,WHO Annual Cholera Report (UID: 307),1.0,"Converted from JHU database. Primary: True, Phantom: False - JHU reported 229 cases, 23 deaths",JHU,0,,
97496,AFR::CMR,1981-01-01,1981-12-31,17.0,243.0,,7.0,1981-12-31,48,WHO Annual Cholera Report (UID: 307),1.0,"Converted from JHU database. Primary: True, Phantom: False - JHU reported 243 cases, 17 deaths",JHU,0,,
97497,AFR::CMR,1982-01-01,1982-12-31,3.0,5.0,,60.0,1982-12-31,48,WHO Annual Cholera Report (UID: 307),1.0,"Converted from JHU database. Primary: True, Phantom: False - JHU reported 5 cases, 3 deaths",JHU,0,,
97498,AFR::CMR,1983-01-01,1983-12-31,18.0,55.0,,32.7,1983-12-31,48,WHO Annual Cholera Report (UID: 307),1.0,"Converted from JHU database. Primary: True, Phantom: False - JHU reported 55 cases, 18 deaths",JHU,0,,
97499,AFR::CMR,1984-01-01,1984-12-31,60.0,392.0,,15.3,1984-12-31,48,WHO Annual Cholera Report (UID: 307),1.0,"Converted from JHU database. Primary: True, Phantom: False - JHU reported 392 cases, 60 deaths",JHU,0,,
97500,AFR::CMR,1985-01-01,1985-12-31,103.0,1158.0,,8.9,1985-12-31,48,WHO Annual Cholera Report (UID: 307),1.0,"Converted from JHU database. Primary: True, Phantom: False - JHU reported 1158 cases, 103 deaths",JHU,0,,
97501,AFR::CMR,1986-01-01,1986-12-31,12.0,165.0,,7.3,1986-12-31,48,WHO Annual Cholera Report (UID: 307),1.0,"Converted from JHU database. Primary: True, Phantom: False - JHU reported 165 cases, 12 deaths",JHU,0,,
97502,AFR::CMR,1987-01-01,1987-12-31,6.0,94.0,,6.4,1987-12-31,48,WHO Annual Cholera Report (UID: 307),1.0,"Converted from JHU database. Primary: True, Phantom: False - JHU reported 94 cases, 6 deaths",JHU,0,,
97503,AFR::CMR,1988-01-01,1988-12-31,0.0,4.0,,0.0,1988-12-31,48,WHO Annual Cholera Report (UID: 307),1.0,"Converted from JHU database. Primary: True, Phantom: False - JHU reported 4 cases, 0 deaths",JHU,0,,
97504,AFR::CMR,1989-01-01,1989-12-31,2.0,4.0,,50.0,1989-12-31,48,WHO Annual Cholera Report (UID: 307),1.0,"Converted from JHU database. Primary: True, Phantom: False - JHU reported 4 cases, 2 deaths",JHU,0,,
97505,AFR::CMR,1990-01-01,1990-12-31,0.0,16.0,,0.0,1990-12-31,48,WHO Annual Cholera Report (UID: 307),1.0,"Converted from JHU database. Primary: True, Phantom: False - JHU reported 16 cases, 0 deaths",JHU,0,,
97506,AFR::CMR,1991-01-01,1991-12-31,491.0,4026.0,,12.2,1991-12-31,48,WHO Annual Cholera Report (UID: 307),1.0,"Converted from JHU database. Primary: True, Phantom: False - JHU reported 4026 cases, 491 deaths",JHU,0,,
97507,AFR::CMR,1992-01-01,1992-12-31,66.0,1268.0,,5.2,1992-12-31,48,WHO Annual Cholera Report (UID: 307),1.0,"Converted from JHU database. Primary: True, Phantom: False - JHU reported 1268 cases, 66 deaths",JHU,0,,
97508,AFR::CMR,1993-01-01,1993-12-31,19.0,648.0,,2.9,1993-12-31,48,WHO Annual Cholera Report (UID: 307),1.0,"Converted from JHU database. Primary: True, Phantom: False - JHU reported 648 cases, 19 deaths",JHU,0,,
97509,AFR::CMR,1994-01-01,1994-12-31,61.0,527.0,,11.6,1994-12-31,48,WHO Annual Cholera Report (UID: 307),1.0,"Converted from JHU database. Primary: True, Phantom: False - JHU reported 527 cases, 61 deaths",JHU,0,,
97510,AFR::CMR,1995-01-01,1995-12-31,21.0,615.0,,3.4,1995-12-31,48,WHO Annual Cholera Report (UID: 307),1.0,"Converted from JHU database. Primary: True, Phantom: False - JHU reported 615 cases, 21 deaths",JHU,0,,
97511,AFR::CMR,1996-01-01,1996-12-31,485.0,5796.0,1773.0,8.4,1996-12-31,48,WHO Annual Cholera Report (UID: 307),1.0,"Converted from JHU database. Primary: True, Phantom: False - JHU reported 5796 cases, 485 deaths",JHU,0,,
97512,AFR::CMR,1997-01-01,1997-12-31,180.0,1709.0,,10.5,1997-12-31,48,WHO Annual Cholera Report (UID: 307),1.0,"Converted from JHU database. Primary: True, Phantom: False - JHU reported 1709 cases, 180 deaths",JHU,0,,
97513,AFR::CMR,1998-01-01,1998-12-31,316.0,4603.0,,6.9,1998-12-31,48,WHO Annual Cholera Report (UID: 307),1.0,"Converted from JHU database. Primary: True, Phantom: False - JHU reported 4603 cases, 316 deaths",JHU,0,,
97514,AFR::CMR,1999-01-01,1999-12-31,35.0,1584.0,,2.2,1999-12-31,48,WHO Annual Cholera Report (UID: 307),1.0,"Converted from JHU database. Primary: True, Phantom: False - JHU reported 1584 cases, 35 deaths",JHU,0,,
97515,AFR::CMR,2000-01-01,2000-12-31,29.0,123.0,,23.6,2000-12-31,48,WHO Annual Cholera Report (UID: 307),1.0,"Converted from JHU database. Primary: True, Phantom: False - JHU reported 123 cases, 29 deaths",JHU,0,,
97516,AFR::CMR,2001-01-01,2001-12-31,7.0,259.0,,2.7,2001-12-31,48,WHO Annual Cholera Report (UID: 307),1.0,"Converted from JHU database. Primary: True, Phantom: False - JHU reported 259 cases, 7 deaths",JHU,0,,
97517,AFR::CMR,2002-01-01,2002-12-31,8.0,66.0,,12.1,2002-12-31,48,WHO Annual Cholera Report (UID: 307),1.0,"Converted from JHU database. Primary: True, Phantom: False - JHU reported 66 cases, 8 deaths",JHU,0,,
97518,AFR::CMR,2003-01-01,2003-12-31,36.0,207.0,,17.4,2003-12-31,48,WHO Annual Cholera Report (UID: 307),1.0,"Converted from JHU database. Primary: True, Phantom: False - JHU reported 207 cases, 36 deaths",JHU,0,,
97519,AFR::CMR,2004-01-01,2004-12-31,137.0,8005.0,,1.7,2004-12-31,48,WHO Annual Cholera Report (UID: 307),1.0,"Converted from JHU database. Primary: True, Phantom: False - JHU reported 8005 cases, 137 deaths",JHU,0,,
97520,AFR::CMR,2005-01-01,2005-12-31,110.0,2847.0,,3.9,2005-12-31,48,WHO Annual Cholera Report (UID: 307),1.0,"Converted from JHU database. Primary: True, Phantom: False - JHU reported 2847 cases, 110 deaths",JHU,0,,
97521,AFR::CMR,2006-01-01,2006-12-31,35.0,922.0,,3.8,2006-12-31,48,WHO Annual Cholera Report (UID: 307),1.0,"Converted from JHU database. Primary: True, Phantom: False - JHU reported 922 cases, 35 deaths",JHU,0,,
97522,AFR::CMR,2007-01-01,2007-12-31,1.0,10.0,,10.0,2007-12-31,48,WHO Annual Cholera Report (UID: 307),1.0,"Converted from JHU database. Primary: True, Phantom: False - JHU reported 10 cases, 1 deaths",JHU,0,,
97523,AFR::CMR,2008-01-01,2008-12-31,0.0,0.0,,,2008-12-31,48,WHO Annual Cholera Report (UID: 307),1.0,"Converted from JHU database. Primary: True, Phantom: False - JHU reported 0 cases, 0 deaths",JHU,0,,
97524,AFR::CMR,2009-01-01,2009-12-31,89.0,804.0,,11.1,2009-12-31,48,WHO Annual Cholera Report (UID: 307),1.0,"Converted from JHU database. Primary: True, Phantom: False - JHU reported 804 cases, 89 deaths",JHU,0,,
97525,AFR::CMR,2010-01-01,2010-12-31,657.0,10759.0,,6.1,2010-12-31,48,WHO Annual Cholera Report (UID: 307),1.0,"Converted from JHU database. Primary: True, Phantom: False - JHU reported 10759 cases, 657 deaths",JHU,0,,
97526,AFR::CMR,2011-01-01,2011-12-31,783.0,22433.0,,3.5,2011-12-31,48,WHO Annual Cholera Report (UID: 307),1.0,"Converted from JHU database. Primary: True, Phantom: False - JHU reported 22433 cases, 783 deaths",JHU,0,,
97527,AFR::CMR,2012-01-01,2012-12-31,5.0,363.0,,1.4,2012-12-31,48,WHO Annual Cholera Report (UID: 307),1.0,"Converted from JHU database. Primary: True, Phantom: False - JHU reported 363 cases, 5 deaths",JHU,0,,
97528,AFR::CMR,2013-01-01,2013-12-31,0.0,29.0,,0.0,2013-12-31,48,WHO Annual Cholera Report (UID: 307),1.0,"Converted from JHU database. Primary: True, Phantom: False - JHU reported 29 cases, 0 deaths",JHU,0,,
97529,AFR::CMR,2014-01-01,2014-12-31,184.0,3355.0,,5.5,2014-12-31,48,WHO Annual Cholera Report (UID: 307),1.0,"Converted from JHU database. Primary: True, Phantom: False - JHU reported 3355 cases, 184 deaths",JHU,0,,
97530,AFR::CMR,2015-01-01,2015-12-31,6.0,124.0,,4.8,2015-12-31,48,WHO Annual Cholera Report (UID: 307),1.0,"Converted from JHU database. Primary: True, Phantom: False - JHU reported 124 cases, 6 deaths",JHU,0,,
97531,AFR::CMR,2017-01-01,2017-12-31,0.0,22.0,,0.0,2017-12-31,48,WHO Annual Cholera Report (UID: 307),1.0,"Converted from JHU database. Primary: True, Phantom: False - JHU reported 22 cases, 0 deaths",JHU,0,,
97532,AFR::CMR,2018-01-01,2018-12-31,58.0,1052.0,,5.5,2018-12-31,48,WHO Annual Cholera Report (UID: 307),1.0,"Converted from JHU database. Primary: True, Phantom: False - JHU reported 1052 cases, 58 deaths",JHU,0,,
97533,AFR::CMR,2019-01-01,2019-12-31,93.0,1840.0,,5.1,2019-12-31,48,WHO Annual Cholera Report (UID: 307),1.0,"Converted from JHU database. Primary: True, Phantom: False - JHU reported 1840 cases, 93 deaths",JHU,0,,
97534,AFR::CMR,2020-01-01,2020-12-31,73.0,1890.0,,3.9,2020-12-31,48,WHO Annual Cholera Report (UID: 307),1.0,"Converted from JHU database. Primary: True, Phantom: False - JHU reported 1890 cases, 73 deaths",JHU,0,,
97535,AFR::CMR,2021-01-01,2021-12-31,23.0,728.0,,3.2,2021-12-31,48,WHO Annual Cholera Report (UID: 307),1.0,"Converted from JHU database. Primary: True, Phantom: False - JHU reported 728 cases, 23 deaths",JHU,0,,
97536,AFR::CMR,2022-01-01,2022-12-31,279.0,14431.0,,1.9,2022-12-31,48,WHO Annual Cholera Report (UID: 307),1.0,"Converted from JHU database. Primary: True, Phantom: False - JHU reported 14431 cases, 279 deaths",JHU,0,,
97541,AFR::CMR,2023-01-01,2023-12-31,209.0,6470.0,4984.0,3.2,2023-12-31,48,WHO Annual Cholera Report (UID: 307),1.0,"Converted from JHU database. Primary: True, Phantom: False - JHU reported 6470 cases, 209 deaths",JHU,0,,
97548,AFR::CMR,2018-05-18,2018-10-16,36.0,507.0,46.0,7.1,2018-10-16,24,WHO AFRO Surveillance Report (UID: 21010),0.97,"Converted from JHU database. Primary: True, Phantom: False - JHU reported 507 cases, 36 deaths",JHU,0,,
97823,AFR::CMR,2019-06-10,2019-06-16,0.0,0.0,,,2019-06-16,13,UNICEF Country Programme Report (UID: 20734),0.9,"Converted from JHU database. Primary: True, Phantom: False - JHU reported 0 cases, 0 deaths",JHU,0,,
183617,AFR::CMR,2018-05-18,2018-10-23,40.0,600.0,51.0,6.7,2018-10-23,20,WHO AFRO Surveillance Report (UID: 21017),0.97,"Converted from JHU database. Primary: True, Phantom: False - JHU reported 600 cases, 40 deaths",JHU,0,,
183618,AFR::CMR,2018-05-18,2018-05-18,,3.0,,,2018-05-18,20,WHO AFRO Surveillance Report (UID: 21017),0.97,"Converted from JHU database. Primary: True, Phantom: False - JHU reported 3 cases",JHU,0,,
183626,AFR::CMR,2018-05-13,2018-05-13,0.0,0.0,,,2018-05-13,20,WHO AFRO Surveillance Report (UID: 21017),0.97,"Converted from JHU database. Primary: True, Phantom: False - JHU reported 0 cases, 0 deaths",JHU,0,,
183627,AFR::CMR,2018-05-14,2018-05-14,0.0,0.0,,,2018-05-14,20,WHO AFRO Surveillance Report (UID: 21017),0.97,"Converted from JHU database. Primary: True, Phantom: False - JHU reported 0 cases, 0 deaths",JHU,0,,
183628,AFR::CMR,2018-05-15,2018-05-15,0.0,0.0,,,2018-05-15,20,WHO AFRO Surveillance Report (UID: 21017),0.97,"Converted from JHU database. Primary: True, Phantom: False - JHU reported 0 cases, 0 deaths",JHU,0,,
183629,AFR::CMR,2018-05-16,2018-05-16,0.0,0.0,,,2018-05-16,20,WHO AFRO Surveillance Report (UID: 21017),0.97,"Converted from JHU database. Primary: True, Phantom: False - JHU reported 0 cases, 0 deaths",JHU,0,,
183630,AFR::CMR,2018-05-17,2018-05-17,0.0,0.0,,,2018-05-17,20,WHO AFRO Surveillance Report (UID: 21017),0.97,"Converted from JHU database. Primary: True, Phantom: False - JHU reported 0 cases, 0 deaths",JHU,0,,
183632,AFR::CMR,2018-05-19,2018-05-19,0.0,0.0,,,2018-05-19,20,WHO AFRO Surveillance Report (UID: 21017),0.97,"Converted from JHU database. Primary: True, Phantom: False - JHU reported 0 cases, 0 deaths",JHU,0,,
183633,AFR::CMR,2018-05-20,2018-05-20,0.0,0.0,,,2018-05-20,20,WHO AFRO Surveillance Report (UID: 21017),0.97,"Converted from JHU database. Primary: True, Phantom: False - JHU reported 0 cases, 0 deaths",JHU,0,,
183634,AFR::CMR,2018-05-21,2018-05-21,0.0,1.0,,0.0,2018-05-21,20,WHO AFRO Surveillance Report (UID: 21017),0.97,"Converted from JHU database. Primary: True, Phantom: False - JHU reported 1 cases, 0 deaths",JHU,0,,
183635,AFR::CMR,2018-05-22,2018-05-22,0.0,0.0,,,2018-05-22,20,WHO AFRO Surveillance Report (UID: 21017),0.97,"Converted from JHU database. Primary: True, Phantom: False - JHU reported 0 cases, 0 deaths",JHU,0,,
183636,AFR::CMR,2018-05-23,2018-05-23,0.0,0.0,,,2018-05-23,20,WHO AFRO Surveillance Report (UID: 21017),0.97,"Converted from JHU database. Primary: True, Phantom: False - JHU reported 0 cases, 0 deaths",JHU,0,,
183637,AFR::CMR,2018-05-24,2018-05-24,0.0,0.0,,,2018-05-24,20,WHO AFRO Surveillance Report (UID: 21017),0.97,"Converted from JHU database. Primary: True, Phantom: False - JHU reported 0 cases, 0 deaths",JHU,0,,
183638,AFR::CMR,2018-05-25,2018-05-25,0.0,0.0,,,2018-05-25,20,WHO AFRO Surveillance Report (UID: 21017),0.97,"Converted from JHU database. Primary: True, Phantom: False - JHU reported 0 cases, 0 deaths",JHU,0,,
183639,AFR::CMR,2018-05-26,2018-05-26,0.0,0.0,,,2018-05-26,20,WHO AFRO Surveillance Report (UID: 21017),0.97,"Converted from JHU database. Primary: True, Phantom: False - JHU reported 0 cases, 0 deaths",JHU,0,,
183640,AFR::CMR,2018-05-27,2018-05-27,0.0,0.0,,,2018-05-27,20,WHO AFRO Surveillance Report (UID: 21017),0.97,"Converted from JHU database. Primary: True, Phantom: False - JHU reported 0 cases, 0 deaths",JHU,0,,
183641,AFR::CMR,2018-05-28,2018-05-28,0.0,0.0,,,2018-05-28,20,WHO AFRO Surveillance Report (UID: 21017),0.97,"Converted from JHU database. Primary: True, Phantom: False - JHU reported 0 cases, 0 deaths",JHU,0,,
183642,AFR::CMR,2018-05-29,2018-05-29,0.0,0.0,,,2018-05-29,20,WHO AFRO Surveillance Report (UID: 21017),0.97,"Converted from JHU database. Primary: True, Phantom: False - JHU reported 0 cases, 0 deaths",JHU,0,,
183643,AFR::CMR,2018-05-30,2018-05-30,0.0,0.0,,,2018-05-30,20,WHO AFRO Surveillance Report (UID: 21017),0.97,"Converted from JHU database. Primary: True, Phantom: False - JHU reported 0 cases, 0 deaths",JHU,0,,
183644,AFR::CMR,2018-05-31,2018-05-31,0.0,0.0,,,2018-05-31,20,WHO AFRO Surveillance Report (UID: 21017),0.97,"Converted from JHU database. Primary: True, Phantom: False - JHU reported 0 cases, 0 deaths",JHU,0,,
183645,AFR::CMR,2018-06-01,2018-06-01,0.0,0.0,,,2018-06-01,20,WHO AFRO Surveillance Report (UID: 21017),0.97,"Converted from JHU database. Primary: True, Phantom: False - JHU reported 0 cases, 0 deaths",JHU,0,,
183646,AFR::CMR,2018-06-02,2018-06-02,0.0,0.0,,,2018-06-02,20,WHO AFRO Surveillance Report (UID: 21017),0.97,"Converted from JHU database. Primary: True, Phantom: False - JHU reported 0 cases, 0 deaths",JHU,0,,
183647,AFR::CMR,2018-06-03,2018-06-03,0.0,0.0,,,2018-06-03,20,WHO AFRO Surveillance Report (UID: 21017),0.97,"Converted from JHU database. Primary: True, Phantom: False - JHU reported 0 cases, 0 deaths",JHU,0,,
183648,AFR::CMR,2018-06-04,2018-06-04,0.0,0.0,,,2018-06-04,20,WHO AFRO Surveillance Report (UID: 21017),0.97,"Converted from JHU database. Primary: True, Phantom: False - JHU reported 0 cases, 0 deaths",JHU,0,,
183649,AFR::CMR,2018-06-05,2018-06-05,0.0,0.0,,,2018-06-05,20,WHO AFRO Surveillance Report (UID: 21017),0.97,"Converted from JHU database. Primary: True, Phantom: False - JHU reported 0 cases, 0 deaths",JHU,0,,
183650,AFR::CMR,2018-06-06,2018-06-06,0.0,0.0,,,2018-06-06,20,WHO AFRO Surveillance Report (UID: 21017),0.97,"Converted from JHU database. Primary: True, Phantom: False - JHU reported 0 cases, 0 deaths",JHU,0,,
183651,AFR::CMR,2018-06-07,2018-06-07,0.0,0.0,,,2018-06-07,20,WHO AFRO Surveillance Report (UID: 21017),0.97,"Converted from JHU database. Primary: True, Phantom: False - JHU reported 0 cases, 0 deaths",JHU,0,,
183652,AFR::CMR,2018-06-08,2018-06-08,0.0,1.0,,0.0,2018-06-08,20,WHO AFRO Surveillance Report (UID: 21017),0.97,"Converted from JHU database. Primary: True, Phantom: False - JHU reported 1 cases, 0 deaths",JHU,0,,
183653,AFR::CMR,2018-06-09,2018-06-09,0.0,0.0,,,2018-06-09,20,WHO AFRO Surveillance Report (UID: 21017),0.97,"Converted from JHU database. Primary: True, Phantom: False - JHU reported 0 cases, 0 deaths",JHU,0,,
183654,AFR::CMR,2018-06-10,2018-06-10,0.0,0.0,,,2018-06-10,20,WHO AFRO Surveillance Report (UID: 21017),0.97,"Converted from JHU database. Primary: True, Phantom: False - JHU reported 0 cases, 0 deaths",JHU,0,,
183655,AFR::CMR,2018-06-11,2018-06-11,0.0,0.0,,,2018-06-11,20,WHO AFRO Surveillance Report (UID: 21017),0.97,"Converted from JHU database. Primary: True, Phantom: False - JHU reported 0 cases, 0 deaths",JHU,0,,
183656,AFR::CMR,2018-06-12,2018-06-12,0.0,0.0,,,2018-06-12,20,WHO AFRO Surveillance Report (UID: 21017),0.97,"Converted from JHU database. Primary: True, Phantom: False - JHU reported 0 cases, 0 deaths",JHU,0,,
183657,AFR::CMR,2018-06-13,2018-06-13,0.0,0.0,,,2018-06-13,20,WHO AFRO Surveillance Report (UID: 21017),0.97,"Converted from JHU database. Primary: True, Phantom: False - JHU reported 0 cases, 0 deaths",JHU,0,,
183658,AFR::CMR,2018-06-14,2018-06-14,0.0,0.0,,,2018-06-14,20,WHO AFRO Surveillance Report (UID: 21017),0.97,"Converted from JHU database. Primary: True, Phantom: False - JHU reported 0 cases, 0 deaths",JHU,0,,
183659,AFR::CMR,2018-06-15,2018-06-15,0.0,0.0,,,2018-06-15,20,WHO AFRO Surveillance Report (UID: 21017),0.97,"Converted from JHU database. Primary: True, Phantom: False - JHU reported 0 cases, 0 deaths",JHU,0,,
183660,AFR::CMR,2018-06-16,2018-06-16,0.0,0.0,,,2018-06-16,20,WHO AFRO Surveillance Report (UID: 21017),0.97,"Converted from JHU database. Primary: True, Phantom: False - JHU reported 0 cases, 0 deaths",JHU,0,,
183661,AFR::CMR,2018-06-17,2018-06-17,0.0,0.0,,,2018-06-17,20,WHO AFRO Surveillance Report (UID: 21017),0.97,"Converted from JHU database. Primary: True, Phantom: False - JHU reported 0 cases, 0 deaths",JHU,0,,
183662,AFR::CMR,2018-06-18,2018-06-18,0.0,0.0,,,2018-06-18,20,WHO AFRO Surveillance Report (UID: 21017),0.97,"Converted from JHU database. Primary: True, Phantom: False - JHU reported 0 cases, 0 deaths",JHU,0,,
183663,AFR::CMR,2018-06-19,2018-06-19,0.0,0.0,,,2018-06-19,20,WHO AFRO Surveillance Report (UID: 21017),0.97,"Converted from JHU database. Primary: True, Phantom: False - JHU reported 0 cases, 0 deaths",JHU,0,,
183664,AFR::CMR,2018-06-20,2018-06-20,0.0,0.0,,,2018-06-20,20,WHO AFRO Surveillance Report (UID: 21017),0.97,"Converted from JHU database. Primary: True, Phantom: False - JHU reported 0 cases, 0 deaths",JHU,0,,
183665,AFR::CMR,2018-06-21,2018-06-21,0.0,0.0,,,2018-06-21,20,WHO AFRO Surveillance Report (UID: 21017),0.97,"Converted from JHU database. Primary: True, Phantom: False - JHU reported 0 cases, 0 deaths",JHU,0,,
183666,AFR::CMR,2018-06-22,2018-06-22,0.0,0.0,,,2018-06-22,20,WHO AFRO Surveillance Report (UID: 21017),0.97,"Converted from JHU database. Primary: True, Phantom: False - JHU reported 0 cases, 0 deaths",JHU,0,,
183667,AFR::CMR,2018-06-23,2018-06-23,0.0,0.0,,,2018-06-23,20,WHO AFRO Surveillance Report (UID: 21017),0.97,"Converted from JHU database. Primary: True, Phantom: False - JHU reported 0 cases, 0 deaths",JHU,0,,
183668,AFR::CMR,2018-06-24,2018-06-24,0.0,0.0,,,2018-06-24,20,WHO AFRO Surveillance Report (UID: 21017),0.97,"Converted from JHU database. Primary: True, Phantom: False - JHU reported 0 cases, 0 deaths",JHU,0,,
183669,AFR::CMR,2018-06-25,2018-06-25,0.0,0.0,,,2018-06-25,20,WHO AFRO Surveillance Report (UID: 21017),0.97,"Converted from JHU database. Primary: True, Phantom: False - JHU reported 0 cases, 0 deaths",JHU,0,,
183670,AFR::CMR,2018-06-26,2018-06-26,0.0,0.0,,,2018-06-26,20,WHO AFRO Surveillance Report (UID: 21017),0.97,"Converted from JHU database. Primary: True, Phantom: False - JHU reported 0 cases, 0 deaths",JHU,0,,
183671,AFR::CMR,2018-06-27,2018-06-27,2.0,5.0,,40.0,2018-06-27,20,WHO AFRO Surveillance Report (UID: 21017),0.97,"Converted from JHU database. Primary: True, Phantom: False - JHU reported 5 cases, 2 deaths",JHU,0,,
183672,AFR::CMR,2018-06-28,2018-06-28,0.0,3.0,,0.0,2018-06-28,20,WHO AFRO Surveillance Report (UID: 21017),0.97,"Converted from JHU database. Primary: True, Phantom: False - JHU reported 3 cases, 0 deaths",JHU,0,,
183673,AFR::CMR,2018-06-29,2018-06-29,1.0,5.0,,20.0,2018-06-29,20,WHO AFRO Surveillance Report (UID: 21017),0.97,"Converted from JHU database. Primary: True, Phantom: False - JHU reported 5 cases, 1 deaths",JHU,0,,
183674,AFR::CMR,2018-06-30,2018-06-30,0.0,1.0,,0.0,2018-06-30,20,WHO AFRO Surveillance Report (UID: 21017),0.97,"Converted from JHU database. Primary: True, Phantom: False - JHU reported 1 cases, 0 deaths",JHU,0,,
183675,AFR::CMR,2018-07-01,2018-07-01,1.0,5.0,,20.0,2018-07-01,20,WHO AFRO Surveillance Report (UID: 21017),0.97,"Converted from JHU database. Primary: True, Phantom: False - JHU reported 5 cases, 1 deaths",JHU,0,,
183676,AFR::CMR,2018-07-02,2018-07-02,1.0,2.0,,50.0,2018-07-02,20,WHO AFRO Surveillance Report (UID: 21017),0.97,"Converted from JHU database. Primary: True, Phantom: False - JHU reported 2 cases, 1 deaths",JHU,0,,
183677,AFR::CMR,2018-07-03,2018-07-03,0.0,0.0,,,2018-07-03,20,WHO AFRO Surveillance Report (UID: 21017),0.97,"Converted from JHU database. Primary: True, Phantom: False - JHU reported 0 cases, 0 deaths",JHU,0,,
183678,AFR::CMR,2018-07-04,2018-07-04,0.0,3.0,,0.0,2018-07-04,20,WHO AFRO Surveillance Report (UID: 21017),0.97,"Converted from JHU database. Primary: True, Phantom: False - JHU reported 3 cases, 0 deaths",JHU,0,,
183679,AFR::CMR,2018-07-05,2018-07-05,0.0,3.0,,0.0,2018-07-05,20,WHO AFRO Surveillance Report (UID: 21017),0.97,"Converted from JHU database. Primary: True, Phantom: False - JHU reported 3 cases, 0 deaths",JHU,0,,
183680,AFR::CMR,2018-07-06,2018-07-06,0.0,0.0,,,2018-07-06,20,WHO AFRO Surveillance Report (UID: 21017),0.97,"Converted from JHU database. Primary: True, Phantom: False - JHU reported 0 cases, 0 deaths",JHU,0,,
183681,AFR::CMR,2018-07-07,2018-07-07,0.0,4.0,,0.0,2018-07-07,20,WHO AFRO Surveillance Report (UID: 21017),0.97,"Converted from JHU database. Primary: True, Phantom: False - JHU reported 4 cases, 0 deaths",JHU,0,,
183682,AFR::CMR,2018-07-08,2018-07-08,0.0,3.0,,0.0,2018-07-08,20,WHO AFRO Surveillance Report (UID: 21017),0.97,"Converted from JHU database. Primary: True, Phantom: False - JHU reported 3 cases, 0 deaths",JHU,0,,
183683,AFR::CMR,2018-07-09,2018-07-09,0.0,0.0,,,2018-07-09,20,WHO AFRO Surveillance Report (UID: 21017),0.97,"Converted from JHU database. Primary: True, Phantom: False - JHU reported 0 cases, 0 deaths",JHU,0,,
183684,AFR::CMR,2018-07-10,2018-07-10,0.0,2.0,,0.0,2018-07-10,20,WHO AFRO Surveillance Report (UID: 21017),0.97,"Converted from JHU database. Primary: True, Phantom: False - JHU reported 2 cases, 0 deaths",JHU,0,,
183685,AFR::CMR,2018-07-11,2018-07-11,0.0,0.0,,,2018-07-11,20,WHO AFRO Surveillance Report (UID: 21017),0.97,"Converted from JHU database. Primary: True, Phantom: False - JHU reported 0 cases, 0 deaths",JHU,0,,
183686,AFR::CMR,2018-07-12,2018-07-12,0.0,2.0,,0.0,2018-07-12,20,WHO AFRO Surveillance Report (UID: 21017),0.97,"Converted from JHU database. Primary: True, Phantom: False - JHU reported 2 cases, 0 deaths",JHU,0,,
183687,AFR::CMR,2018-07-13,2018-07-13,1.0,2.0,,50.0,2018-07-13,20,WHO AFRO Surveillance Report (UID: 21017),0.97,"Converted from JHU database. Primary: True, Phantom: False - JHU reported 2 cases, 1 deaths",JHU,0,,
183688,AFR::CMR,2018-07-14,2018-07-14,0.0,2.0,,0.0,2018-07-14,20,WHO AFRO Surveillance Report (UID: 21017),0.97,"Converted from JHU database. Primary: True, Phantom: False - JHU reported 2 cases, 0 deaths",JHU,0,,
183689,AFR::CMR,2018-07-15,2018-07-15,0.0,1.0,,0.0,2018-07-15,20,WHO AFRO Surveillance Report (UID: 21017),0.97,"Converted from JHU database. Primary: True, Phantom: False - JHU reported 1 cases, 0 deaths",JHU,0,,
183690,AFR::CMR,2018-07-16,2018-07-16,0.0,2.0,,0.0,2018-07-16,20,WHO AFRO Surveillance Report (UID: 21017),0.97,"Converted from JHU database. Primary: True, Phantom: False - JHU reported 2 cases, 0 deaths",JHU,0,,
183691,AFR::CMR,2018-07-17,2018-07-17,1.0,5.0,,20.0,2018-07-17,20,WHO AFRO Surveillance Report (UID: 21017),0.97,"Converted from JHU database. Primary: True, Phantom: False - JHU reported 5 cases, 1 deaths",JHU,0,,
183692,AFR::CMR,2018-07-18,2018-07-18,1.0,0.0,,,2018-07-18,20,WHO AFRO Surveillance Report (UID: 21017),0.97,"Converted from JHU database. Primary: True, Phantom: False - JHU reported 0 cases, 1 deaths",JHU,0,,
183693,AFR::CMR,2018-07-19,2018-07-19,1.0,3.0,,33.3,2018-07-19,20,WHO AFRO Surveillance Report (UID: 21017),0.97,"Converted from JHU database. Primary: True, Phantom: False - JHU reported 3 cases, 1 deaths",JHU,0,,
183694,AFR::CMR,2018-07-20,2018-07-20,0.0,4.0,,0.0,2018-07-20,20,WHO AFRO Surveillance Report (UID: 21017),0.97,"Converted from JHU database. Primary: True, Phantom: False - JHU reported 4 cases, 0 deaths",JHU,0,,
183695,AFR::CMR,2018-07-21,2018-07-21,0.0,2.0,,0.0,2018-07-21,20,WHO AFRO Surveillance Report (UID: 21017),0.97,"Converted from JHU database. Primary: True, Phantom: False - JHU reported 2 cases, 0 deaths",JHU,0,,
183696,AFR::CMR,2018-07-22,2018-07-22,0.0,1.0,,0.0,2018-07-22,20,WHO AFRO Surveillance Report (UID: 21017),0.97,"Converted from JHU database. Primary: True, Phantom: False - JHU reported 1 cases, 0 deaths",JHU,0,,
183697,AFR::CMR,2018-07-23,2018-07-23,0.0,3.0,,0.0,2018-07-23,20,WHO AFRO Surveillance Report (UID: 21017),0.97,"Converted from JHU database. Primary: True, Phantom: False - JHU reported 3 cases, 0 deaths",JHU,0,,
183698,AFR::CMR,2018-07-24,2018-07-24,0.0,4.0,,0.0,2018-07-24,20,WHO AFRO Surveillance Report (UID: 21017),0.97,"Converted from JHU database. Primary: True, Phantom: False - JHU reported 4 cases, 0 deaths",JHU,0,,
183699,AFR::CMR,2018-07-25,2018-07-25,0.0,3.0,,0.0,2018-07-25,20,WHO AFRO Surveillance Report (UID: 21017),0.97,"Converted from JHU database. Primary: True, Phantom: False - JHU reported 3 cases, 0 deaths",JHU,0,,
183700,AFR::CMR,2018-07-26,2018-07-26,0.0,0.0,,,2018-07-26,20,WHO AFRO Surveillance Report (UID: 21017),0.97,"Converted from JHU database. Primary: True, Phantom: False - JHU reported 0 cases, 0 deaths",JHU,0,,
183701,AFR::CMR,2018-07-27,2018-07-27,1.0,3.0,,33.3,2018-07-27,20,WHO AFRO Surveillance Report (UID: 21017),0.97,"Converted from JHU database. Primary: True, Phantom: False - JHU reported 3 cases, 1 deaths",JHU,0,,
183702,AFR::CMR,2018-07-28,2018-07-28,0.0,2.0,,0.0,2018-07-28,20,WHO AFRO Surveillance Report (UID: 21017),0.97,"Converted from JHU database. Primary: True, Phantom: False - JHU reported 2 cases, 0 deaths",JHU,0,,
183703,AFR::CMR,2018-07-29,2018-07-29,0.0,4.0,,0.0,2018-07-29,20,WHO AFRO Surveillance Report (UID: 21017),0.97,"Converted from JHU database. Primary: True, Phantom: False - JHU reported 4 cases, 0 deaths",JHU,0,,
183704,AFR::CMR,2018-07-30,2018-07-30,0.0,3.0,,0.0,2018-07-30,20,WHO AFRO Surveillance Report (UID: 21017),0.97,"Converted from JHU database. Primary: True, Phantom: False - JHU reported 3 cases, 0 deaths",JHU,0,,
183705,AFR::CMR,2018-07-31,2018-07-31,0.0,2.0,,0.0,2018-07-31,20,WHO AFRO Surveillance Report (UID: 21017),0.97,"Converted from JHU database. Primary: True, Phantom: False - JHU reported 2 cases, 0 deaths",JHU,0,,
183706,AFR::CMR,2018-08-01,2018-08-01,0.0,1.0,,0.0,2018-08-01,20,WHO AFRO Surveillance Report (UID: 21017),0.97,"Converted from JHU database. Primary: True, Phantom: False - JHU reported 1 cases, 0 deaths",JHU,0,,
183707,AFR::CMR,2018-08-02,2018-08-02,0.0,1.0,,0.0,2018-08-02,20,WHO AFRO Surveillance Report (UID: 21017),0.97,"Converted from JHU database. Primary: True, Phantom: False - JHU reported 1 cases, 0 deaths",JHU,0,,
183708,AFR::CMR,2018-08-03,2018-08-03,0.0,1.0,,0.0,2018-08-03,20,WHO AFRO Surveillance Report (UID: 21017),0.97,"Converted from JHU database. Primary: True, Phantom: False - JHU reported 1 cases, 0 deaths",JHU,0,,
183709,AFR::CMR,2018-08-04,2018-08-04,0.0,4.0,,0.0,2018-08-04,20,WHO AFRO Surveillance Report (UID: 21017),0.97,"Converted from JHU database. Primary: True, Phantom: False - JHU reported 4 cases, 0 deaths",JHU,0,,
183710,AFR::CMR,2018-08-05,2018-08-05,0.0,1.0,,0.0,2018-08-05,20,WHO AFRO Surveillance Report (UID: 21017),0.97,"Converted from JHU database. Primary: True, Phantom: False - JHU reported 1 cases, 0 deaths",JHU,0,,
183711,AFR::CMR,2018-08-06,2018-08-06,0.0,3.0,,0.0,2018-08-06,20,WHO AFRO Surveillance Report (UID: 21017),0.97,"Converted from JHU database. Primary: True, Phantom: False - JHU reported 3 cases, 0 deaths",JHU,0,,
183712,AFR::CMR,2018-08-07,2018-08-07,0.0,1.0,,0.0,2018-08-07,20,WHO AFRO Surveillance Report (UID: 21017),0.97,"Converted from JHU database. Primary: True, Phantom: False - JHU reported 1 cases, 0 deaths",JHU,0,,
183713,AFR::CMR,2018-08-08,2018-08-08,1.0,4.0,,25.0,2018-08-08,20,WHO AFRO Surveillance Report (UID: 21017),0.97,"Converted from JHU database. Primary: True, Phantom: False - JHU reported 4 cases, 1 deaths",JHU,0,,
183714,AFR::CMR,2018-08-09,2018-08-09,0.0,0.0,,,2018-08-09,20,WHO AFRO Surveillance Report (UID: 21017),0.97,"Converted from JHU database. Primary: True, Phantom: False - JHU reported 0 cases, 0 deaths",JHU,0,,
183715,AFR::CMR,2018-08-10,2018-08-10,0.0,4.0,,0.0,2018-08-10,20,WHO AFRO Surveillance Report (UID: 21017),0.97,"Converted from JHU database. Primary: True, Phantom: False - JHU reported 4 cases, 0 deaths",JHU,0,,
183716,AFR::CMR,2018-08-11,2018-08-11,1.0,4.0,,25.0,2018-08-11,20,WHO AFRO Surveillance Report (UID: 21017),0.97,"Converted from JHU database. Primary: True, Phantom: False - JHU reported 4 cases, 1 deaths",JHU,0,,
183717,AFR::CMR,2018-08-12,2018-08-12,0.0,2.0,,0.0,2018-08-12,20,WHO AFRO Surveillance Report (UID: 21017),0.97,"Converted from JHU database. Primary: True, Phantom: False - JHU reported 2 cases, 0 deaths",JHU,0,,
183718,AFR::CMR,2018-08-13,2018-08-13,1.0,3.0,,33.3,2018-08-13,20,WHO AFRO Surveillance Report (UID: 21017),0.97,"Converted from JHU database. Primary: True, Phantom: False - JHU reported 3 cases, 1 deaths",JHU,0,,
183719,AFR::CMR,2018-08-14,2018-08-14,0.0,4.0,,0.0,2018-08-14,20,WHO AFRO Surveillance Report (UID: 21017),0.97,"Converted from JHU database. Primary: True, Phantom: False - JHU reported 4 cases, 0 deaths",JHU,0,,
183720,AFR::CMR,2018-08-15,2018-08-15,0.0,3.0,,0.0,2018-08-15,20,WHO AFRO Surveillance Report (UID: 21017),0.97,"Converted from JHU database. Primary: True, Phantom: False - JHU reported 3 cases, 0 deaths",JHU,0,,
183721,AFR::CMR,2018-08-16,2018-08-16,0.0,5.0,,0.0,2018-08-16,20,WHO AFRO Surveillance Report (UID: 21017),0.97,"Converted from JHU database. Primary: True, Phantom: False - JHU reported 5 cases, 0 deaths",JHU,0,,
183722,AFR::CMR,2018-08-17,2018-08-17,0.0,3.0,,0.0,2018-08-17,20,WHO AFRO Surveillance Report (UID: 21017),0.97,"Converted from JHU database. Primary: True, Phantom: False - JHU reported 3 cases, 0 deaths",JHU,0,,
183723,AFR::CMR,2018-08-18,2018-08-18,0.0,5.0,,0.0,2018-08-18,20,WHO AFRO Surveillance Report (UID: 21017),0.97,"Converted from JHU database. Primary: True, Phantom: False - JHU reported 5 cases, 0 deaths",JHU,0,,
183724,AFR::CMR,2018-08-19,2018-08-19,0.0,2.0,,0.0,2018-08-19,20,WHO AFRO Surveillance Report (UID: 21017),0.97,"Converted from JHU database. Primary: True, Phantom: False - JHU reported 2 cases, 0 deaths",JHU,0,,
183725,AFR::CMR,2018-08-20,2018-08-20,0.0,0.0,,,2018-08-20,20,WHO AFRO Surveillance Report (UID: 21017),0.97,"Converted from JHU database. Primary: True, Phantom: False - JHU reported 0 cases, 0 deaths",JHU,0,,
183726,AFR::CMR,2018-08-21,2018-08-21,1.0,5.0,,20.0,2018-08-21,20,WHO AFRO Surveillance Report (UID: 21017),0.97,"Converted from JHU database. Primary: True, Phantom: False - JHU reported 5 cases, 1 deaths",JHU,0,,
183727,AFR::CMR,2018-08-22,2018-08-22,0.0,2.0,,0.0,2018-08-22,20,WHO AFRO Surveillance Report (UID: 21017),0.97,"Converted from JHU database. Primary: True, Phantom: False - JHU reported 2 cases, 0 deaths",JHU,0,,
183728,AFR::CMR,2018-08-23,2018-08-23,0.0,4.0,,0.0,2018-08-23,20,WHO AFRO Surveillance Report (UID: 21017),0.97,"Converted from JHU database. Primary: True, Phantom: False - JHU reported 4 cases, 0 deaths",JHU,0,,
183729,AFR::CMR,2018-08-24,2018-08-24,0.0,4.0,,0.0,2018-08-24,20,WHO AFRO Surveillance Report (UID: 21017),0.97,"Converted from JHU database. Primary: True, Phantom: False - JHU reported 4 cases, 0 deaths",JHU,0,,
183730,AFR::CMR,2018-08-25,2018-08-25,0.0,7.0,,0.0,2018-08-25,20,WHO AFRO Surveillance Report (UID: 21017),0.97,"Converted from JHU database. Primary: True, Phantom: False - JHU reported 7 cases, 0 deaths",JHU,0,,
183731,AFR::CMR,2018-08-26,2018-08-26,1.0,0.0,,,2018-08-26,20,WHO AFRO Surveillance Report (UID: 21017),0.97,"Converted from JHU database. Primary: True, Phantom: False - JHU reported 0 cases, 1 deaths",JHU,0,,
183732,AFR::CMR,2018-08-27,2018-08-27,0.0,2.0,,0.0,2018-08-27,20,WHO AFRO Surveillance Report (UID: 21017),0.97,"Converted from JHU database. Primary: True, Phantom: False - JHU reported 2 cases, 0 deaths",JHU,0,,
183733,AFR::CMR,2018-08-28,2018-08-28,2.0,5.0,,40.0,2018-08-28,20,WHO AFRO Surveillance Report (UID: 21017),0.97,"Converted from JHU database. Primary: True, Phantom: False - JHU reported 5 cases, 2 deaths",JHU,0,,
183734,AFR::CMR,2018-08-29,2018-08-29,2.0,8.0,,25.0,2018-08-29,20,WHO AFRO Surveillance Report (UID: 21017),0.97,"Converted from JHU database. Primary: True, Phantom: False - JHU reported 8 cases, 2 deaths",JHU,0,,
183735,AFR::CMR,2018-08-30,2018-08-30,0.0,2.0,,0.0,2018-08-30,20,WHO AFRO Surveillance Report (UID: 21017),0.97,"Converted from JHU database. Primary: True, Phantom: False - JHU reported 2 cases, 0 deaths",JHU,0,,
183736,AFR::CMR,2018-08-31,2018-08-31,0.0,3.0,,0.0,2018-08-31,20,WHO AFRO Surveillance Report (UID: 21017),0.97,"Converted from JHU database. Primary: True, Phantom: False - JHU reported 3 cases, 0 deaths",JHU,0,,
183737,AFR::CMR,2018-09-01,2018-09-01,1.0,0.0,,,2018-09-01,20,WHO AFRO Surveillance Report (UID: 21017),0.97,"Converted from JHU database. Primary: True, Phantom: False - JHU reported 0 cases, 1 deaths",JHU,0,,
183738,AFR::CMR,2018-09-02,2018-09-02,0.0,0.0,,,2018-09-02,20,WHO AFRO Surveillance Report (UID: 21017),0.97,"Converted from JHU database. Primary: True, Phantom: False - JHU reported 0 cases, 0 deaths",JHU,0,,
183739,AFR::CMR,2018-09-03,2018-09-03,0.0,0.0,,,2018-09-03,20,WHO AFRO Surveillance Report (UID: 21017),0.97,"Converted from JHU database. Primary: True, Phantom: False - JHU reported 0 cases, 0 deaths",JHU,0,,
183740,AFR::CMR,2018-09-04,2018-09-04,0.0,2.0,,0.0,2018-09-04,20,WHO AFRO Surveillance Report (UID: 21017),0.97,"Converted from JHU database. Primary: True, Phantom: False - JHU reported 2 cases, 0 deaths",JHU,0,,
183741,AFR::CMR,2018-09-05,2018-09-05,0.0,3.0,,0.0,2018-09-05,20,WHO AFRO Surveillance Report (UID: 21017),0.97,"Converted from JHU database. Primary: True, Phantom: False - JHU reported 3 cases, 0 deaths",JHU,0,,
183742,AFR::CMR,2018-09-06,2018-09-06,0.0,1.0,,0.0,2018-09-06,20,WHO AFRO Surveillance Report (UID: 21017),0.97,"Converted from JHU database. Primary: True, Phantom: False - JHU reported 1 cases, 0 deaths",JHU,0,,
183743,AFR::CMR,2018-09-07,2018-09-07,1.0,6.0,,16.7,2018-09-07,20,WHO AFRO Surveillance Report (UID: 21017),0.97,"Converted from JHU database. Primary: True, Phantom: False - JHU reported 6 cases, 1 deaths",JHU,0,,
183744,AFR::CMR,2018-09-08,2018-09-08,0.0,8.0,,0.0,2018-09-08,20,WHO AFRO Surveillance Report (UID: 21017),0.97,"Converted from JHU database. Primary: True, Phantom: False - JHU reported 8 cases, 0 deaths",JHU,0,,
183745,AFR::CMR,2018-09-09,2018-09-09,0.0,4.0,,0.0,2018-09-09,20,WHO AFRO Surveillance Report (UID: 21017),0.97,"Converted from JHU database. Primary: True, Phantom: False - JHU reported 4 cases, 0 deaths",JHU,0,,
183746,AFR::CMR,2018-09-10,2018-09-10,0.0,1.0,,0.0,2018-09-10,20,WHO AFRO Surveillance Report (UID: 21017),0.97,"Converted from JHU database. Primary: True, Phantom: False - JHU reported 1 cases, 0 deaths",JHU,0,,
183747,AFR::CMR,2018-09-11,2018-09-11,1.0,5.0,,20.0,2018-09-11,20,WHO AFRO Surveillance Report (UID: 21017),0.97,"Converted from JHU database. Primary: True, Phantom: False - JHU reported 5 cases, 1 deaths",JHU,0,,
183748,AFR::CMR,2018-09-12,2018-09-12,2.0,14.0,,14.3,2018-09-12,20,WHO AFRO Surveillance Report (UID: 21017),0.97,"Converted from JHU database. Primary: True, Phantom: False - JHU reported 14 cases, 2 deaths",JHU,0,,
183749,AFR::CMR,2018-09-13,2018-09-13,0.0,6.0,,0.0,2018-09-13,20,WHO AFRO Surveillance Report (UID: 21017),0.97,"Converted from JHU database. Primary: True, Phantom: False - JHU reported 6 cases, 0 deaths",JHU,0,,
183750,AFR::CMR,2018-09-14,2018-09-14,0.0,11.0,,0.0,2018-09-14,20,WHO AFRO Surveillance Report (UID: 21017),0.97,"Converted from JHU database. Primary: True, Phantom: False - JHU reported 11 cases, 0 deaths",JHU,0,,
183751,AFR::CMR,2018-09-15,2018-09-15,1.0,7.0,,14.3,2018-09-15,20,WHO AFRO Surveillance Report (UID: 21017),0.97,"Converted from JHU database. Primary: True, Phantom: False - JHU reported 7 cases, 1 deaths",JHU,0,,
183752,AFR::CMR,2018-09-16,2018-09-16,0.0,2.0,,0.0,2018-09-16,20,WHO AFRO Surveillance Report (UID: 21017),0.97,"Converted from JHU database. Primary: True, Phantom: False - JHU reported 2 cases, 0 deaths",JHU,0,,
183753,AFR::CMR,2018-09-17,2018-09-17,0.0,0.0,,,2018-09-17,20,WHO AFRO Surveillance Report (UID: 21017),0.97,"Converted from JHU database. Primary: True, Phantom: False - JHU reported 0 cases, 0 deaths",JHU,0,,
183754,AFR::CMR,2018-09-18,2018-09-18,0.0,5.0,,0.0,2018-09-18,20,WHO AFRO Surveillance Report (UID: 21017),0.97,"Converted from JHU database. Primary: True, Phantom: False - JHU reported 5 cases, 0 deaths",JHU,0,,
183755,AFR::CMR,2018-09-19,2018-09-19,1.0,4.0,,25.0,2018-09-19,20,WHO AFRO Surveillance Report (UID: 21017),0.97,"Converted from JHU database. Primary: True, Phantom: False - JHU reported 4 cases, 1 deaths",JHU,0,,
183756,AFR::CMR,2018-09-20,2018-09-20,1.0,4.0,,25.0,2018-09-20,20,WHO AFRO Surveillance Report (UID: 21017),0.97,"Converted from JHU database. Primary: True, Phantom: False - JHU reported 4 cases, 1 deaths",JHU,0,,
183757,AFR::CMR,2018-09-21,2018-09-21,0.0,6.0,,0.0,2018-09-21,20,WHO AFRO Surveillance Report (UID: 21017),0.97,"Converted from JHU database. Primary: True, Phantom: False - JHU reported 6 cases, 0 deaths",JHU,0,,
183758,AFR::CMR,2018-09-22,2018-09-22,2.0,14.0,,14.3,2018-09-22,20,WHO AFRO Surveillance Report (UID: 21017),0.97,"Converted from JHU database. Primary: True, Phantom: False - JHU reported 14 cases, 2 deaths",JHU,0,,
183759,AFR::CMR,2018-09-23,2018-09-23,0.0,6.0,,0.0,2018-09-23,20,WHO AFRO Surveillance Report (UID: 21017),0.97,"Converted from JHU database. Primary: True, Phantom: False - JHU reported 6 cases, 0 deaths",JHU,0,,
183760,AFR::CMR,2018-09-24,2018-09-24,0.0,9.0,,0.0,2018-09-24,20,WHO AFRO Surveillance Report (UID: 21017),0.97,"Converted from JHU database. Primary: True, Phantom: False - JHU reported 9 cases, 0 deaths",JHU,0,,
183761,AFR::CMR,2018-09-25,2018-09-25,0.0,10.0,,0.0,2018-09-25,20,WHO AFRO Surveillance Report (UID: 21017),0.97,"Converted from JHU database. Primary: True, Phantom: False - JHU reported 10 cases, 0 deaths",JHU,0,,
183762,AFR::CMR,2018-09-26,2018-09-26,0.0,2.0,,0.0,2018-09-26,20,WHO AFRO Surveillance Report (UID: 21017),0.97,"Converted from JHU database. Primary: True, Phantom: False - JHU reported 2 cases, 0 deaths",JHU,0,,
183763,AFR::CMR,2018-09-27,2018-09-27,0.0,10.0,,0.0,2018-09-27,20,WHO AFRO Surveillance Report (UID: 21017),0.97,"Converted from JHU database. Primary: True, Phantom: False - JHU reported 10 cases, 0 deaths",JHU,0,,
183764,AFR::CMR,2018-09-28,2018-09-28,0.0,10.0,,0.0,2018-09-28,20,WHO AFRO Surveillance Report (UID: 21017),0.97,"Converted from JHU database. Primary: True, Phantom: False - JHU reported 10 cases, 0 deaths",JHU,0,,
183765,AFR::CMR,2018-09-29,2018-09-29,0.0,3.0,,0.0,2018-09-29,20,WHO AFRO Surveillance Report (UID: 21017),0.97,"Converted from JHU database. Primary: True, Phantom: False - JHU reported 3 cases, 0 deaths",JHU,0,,
183766,AFR::CMR,2018-09-30,2018-09-30,0.0,5.0,,0.0,2018-09-30,20,WHO AFRO Surveillance Report (UID: 21017),0.97,"Converted from JHU database. Primary: True, Phantom: False - JHU reported 5 cases, 0 deaths",JHU,0,,
183767,AFR::CMR,2018-10-01,2018-10-01,0.0,6.0,,0.0,2018-10-01,20,WHO AFRO Surveillance Report (UID: 21017),0.97,"Converted from JHU database. Primary: True, Phantom: False - JHU reported 6 cases, 0 deaths",JHU,0,,
183768,AFR::CMR,2018-10-02,2018-10-02,0.0,4.0,,0.0,2018-10-02,20,WHO AFRO Surveillance Report (UID: 21017),0.97,"Converted from JHU database. Primary: True, Phantom: False - JHU reported 4 cases, 0 deaths",JHU,0,,
183769,AFR::CMR,2018-10-03,2018-10-03,0.0,7.0,,0.0,2018-10-03,20,WHO AFRO Surveillance Report (UID: 21017),0.97,"Converted from JHU database. Primary: True, Phantom: False - JHU reported 7 cases, 0 deaths",JHU,0,,
183770,AFR::CMR,2018-10-04,2018-10-04,0.0,3.0,,0.0,2018-10-04,20,WHO AFRO Surveillance Report (UID: 21017),0.97,"Converted from JHU database. Primary: True, Phantom: False - JHU reported 3 cases, 0 deaths",JHU,0,,
183771,AFR::CMR,2018-10-05,2018-10-05,0.0,4.0,,0.0,2018-10-05,20,WHO AFRO Surveillance Report (UID: 21017),0.97,"Converted from JHU database. Primary: True, Phantom: False - JHU reported 4 cases, 0 deaths",JHU,0,,
183772,AFR::CMR,2018-10-06,2018-10-06,0.0,7.0,,0.0,2018-10-06,20,WHO AFRO Surveillance Report (UID: 21017),0.97,"Converted from JHU database. Primary: True, Phantom: False - JHU reported 7 cases, 0 deaths",JHU,0,,
183773,AFR::CMR,2018-10-07,2018-10-07,1.0,9.0,,11.1,2018-10-07,20,WHO AFRO Surveillance Report (UID: 21017),0.97,"Converted from JHU database. Primary: True, Phantom: False - JHU reported 9 cases, 1 deaths",JHU,0,,
183774,AFR::CMR,2018-10-08,2018-10-08,0.0,4.0,,0.0,2018-10-08,20,WHO AFRO Surveillance Report (UID: 21017),0.97,"Converted from JHU database. Primary: True, Phantom: False - JHU reported 4 cases, 0 deaths",JHU,0,,
183775,AFR::CMR,2018-10-09,2018-10-09,0.0,3.0,,0.0,2018-10-09,20,WHO AFRO Surveillance Report (UID: 21017),0.97,"Converted from JHU database. Primary: True, Phantom: False - JHU reported 3 cases, 0 deaths",JHU,0,,
183776,AFR::CMR,2018-10-10,2018-10-10,0.0,5.0,,0.0,2018-10-10,20,WHO AFRO Surveillance Report (UID: 21017),0.97,"Converted from JHU database. Primary: True, Phantom: False - JHU reported 5 cases, 0 deaths",JHU,0,,
183777,AFR::CMR,2018-10-11,2018-10-11,2.0,13.0,,15.4,2018-10-11,20,WHO AFRO Surveillance Report (UID: 21017),0.97,"Converted from JHU database. Primary: True, Phantom: False - JHU reported 13 cases, 2 deaths",JHU,0,,
183778,AFR::CMR,2018-10-12,2018-10-12,0.0,8.0,,0.0,2018-10-12,20,WHO AFRO Surveillance Report (UID: 21017),0.97,"Converted from JHU database. Primary: True, Phantom: False - JHU reported 8 cases, 0 deaths",JHU,0,,
183779,AFR::CMR,2018-10-13,2018-10-13,0.0,5.0,,0.0,2018-10-13,20,WHO AFRO Surveillance Report (UID: 21017),0.97,"Converted from JHU database. Primary: True, Phantom: False - JHU reported 5 cases, 0 deaths",JHU,0,,
183780,AFR::CMR,2018-10-14,2018-10-14,1.0,6.0,,16.7,2018-10-14,20,WHO AFRO Surveillance Report (UID: 21017),0.97,"Converted from JHU database. Primary: True, Phantom: False - JHU reported 6 cases, 1 deaths",JHU,0,,
183781,AFR::CMR,2018-10-15,2018-10-15,0.0,19.0,,0.0,2018-10-15,20,WHO AFRO Surveillance Report (UID: 21017),0.97,"Converted from JHU database. Primary: True, Phantom: False - JHU reported 19 cases, 0 deaths",JHU,0,,
183782,AFR::CMR,2018-10-16,2018-10-16,0.0,21.0,,0.0,2018-10-16,20,WHO AFRO Surveillance Report (UID: 21017),0.97,"Converted from JHU database. Primary: True, Phantom: False - JHU reported 21 cases, 0 deaths",JHU,0,,
183783,AFR::CMR,2018-10-17,2018-10-17,1.0,12.0,,8.3,2018-10-17,20,WHO AFRO Surveillance Report (UID: 21017),0.97,"Converted from JHU database. Primary: True, Phantom: False - JHU reported 12 cases, 1 deaths",JHU,0,,
183784,AFR::CMR,2018-10-18,2018-10-18,0.0,10.0,,0.0,2018-10-18,20,WHO AFRO Surveillance Report (UID: 21017),0.97,"Converted from JHU database. Primary: True, Phantom: False - JHU reported 10 cases, 0 deaths",JHU,0,,
183785,AFR::CMR,2018-10-19,2018-10-19,0.0,3.0,,0.0,2018-10-19,20,WHO AFRO Surveillance Report (UID: 21017),0.97,"Converted from JHU database. Primary: True, Phantom: False - JHU reported 3 cases, 0 deaths",JHU,0,,
183786,AFR::CMR,2018-10-20,2018-10-20,0.0,5.0,,0.0,2018-10-20,20,WHO AFRO Surveillance Report (UID: 21017),0.97,"Converted from JHU database. Primary: True, Phantom: False - JHU reported 5 cases, 0 deaths",JHU,0,,
183787,AFR::CMR,2018-10-21,2018-10-21,0.0,5.0,,0.0,2018-10-21,20,WHO AFRO Surveillance Report (UID: 21017),0.97,"Converted from JHU database. Primary: True, Phantom: False - JHU reported 5 cases, 0 deaths",JHU,0,,
183788,AFR::CMR,2018-10-22,2018-10-22,0.0,0.0,,,2018-10-22,20,WHO AFRO Surveillance Report (UID: 21017),0.97,"Converted from JHU database. Primary: True, Phantom: False - JHU reported 0 cases, 0 deaths",JHU,0,,
183794,AFR::CMR,2018-05-18,2018-06-27,0.0,7.0,2.0,0.0,2018-06-27,26,WHO AFRO Surveillance Report (UID: 20916),0.97,"Converted from JHU database. Primary: True, Phantom: False - JHU reported 7 cases, 0 deaths",JHU,0,,
183800,AFR::CMR,2021-10-01,2023-09-10,484.0,20460.0,,2.4,2023-09-10,22,JHU Cholera Database (UID: 21407),0.95,"Converted from JHU database. Primary: True, Phantom: False - JHU reported 20460 cases, 484 deaths",JHU,0,,
183801,AFR::CMR,2021-10-01,2023-08-13,475.0,19860.0,,2.4,2023-08-13,22,JHU Cholera Database (UID: 21407),0.95,"Converted from JHU database. Primary: True, Phantom: False - JHU reported 19860 cases, 475 deaths",JHU,0,,
183802,AFR::CMR,2021-10-01,2023-07-09,463.0,19395.0,,2.4,2023-07-09,22,JHU Cholera Database (UID: 21407),0.95,"Converted from JHU database. Primary: True, Phantom: False - JHU reported 19395 cases, 463 deaths",JHU,0,,
183803,AFR::CMR,2021-10-01,2023-05-14,374.0,16859.0,,2.2,2023-05-14,22,JHU Cholera Database (UID: 21407),0.95,"Converted from JHU database. Primary: True, Phantom: False - JHU reported 16859 cases, 374 deaths",JHU,0,,
183804,AFR::CMR,2021-10-01,2023-04-16,312.0,15394.0,,2.0,2023-04-16,22,JHU Cholera Database (UID: 21407),0.95,"Converted from JHU database. Primary: True, Phantom: False - JHU reported 15394 cases, 312 deaths",JHU,0,,
183805,AFR::CMR,2021-10-01,2023-03-12,311.0,15309.0,,2.0,2023-03-12,22,JHU Cholera Database (UID: 21407),0.95,"Converted from JHU database. Primary: True, Phantom: False - JHU reported 15309 cases, 311 deaths",JHU,0,,
183806,AFR::CMR,2021-10-01,2023-06-12,450.0,19087.0,,2.4,2023-06-12,22,JHU Cholera Database (UID: 21407),0.95,"Converted from JHU database. Primary: True, Phantom: False - JHU reported 19087 cases, 450 deaths",JHU,0,,
183807,AFR::CMR,2024-01-01,2024-11-24,81.0,50.0,,162.0,2024-11-24,22,JHU Cholera Database (UID: 21407),0.95,"Converted from JHU database. Primary: True, Phantom: False - JHU reported 50 cases, 81 deaths",JHU,0,,
183808,AFR::CMR,2024-10-28,2024-11-24,32.0,1.0,,3200.0,2024-11-24,22,JHU Cholera Database (UID: 21407),0.95,"Converted from JHU database. Primary: True, Phantom: False - JHU reported 1 cases, 32 deaths",JHU,0,,
183809,AFR::CMR,2024-01-01,2024-10-27,49.0,0.0,,,2024-10-27,22,JHU Cholera Database (UID: 21407),0.95,"Converted from JHU database. Primary: True, Phantom: False - JHU reported 0 cases, 49 deaths",JHU,0,,
183810,AFR::CMR,2024-01-01,2024-09-29,49.0,0.0,,,2024-09-29,22,JHU Cholera Database (UID: 21407),0.95,"Converted from JHU database. Primary: True, Phantom: False - JHU reported 0 cases, 49 deaths",JHU,0,,
183811,AFR::CMR,2024-01-01,2024-08-25,49.0,0.0,,,2024-08-25,22,JHU Cholera Database (UID: 21407),0.95,"Converted from JHU database. Primary: True, Phantom: False - JHU reported 0 cases, 49 deaths",JHU,0,,
183813,AFR::CMR,2014-01-01,2014-04-30,,19.0,,,2014-04-30,42,JHU Cholera Database (UID: 819),0.95,"Converted from JHU database. Primary: True, Phantom: False - JHU reported 19 cases",JHU,0,,
183829,AFR::CMR,2011-01-01,2011-08-15,379.0,10582.0,,3.6,2011-08-15,30,JHU Cholera Database (UID: 20532),0.95,"Converted from JHU database. Primary: True, Phantom: False - JHU reported 10582 cases, 379 deaths",JHU,0,,
232164,AFR::CMR,2018-05-18,2018-11-09,54.0,863.0,53.0,6.3,2018-11-09,8,WHO AFRO Surveillance Report (UID: 21029),0.97,"Converted from JHU database. Primary: True, Phantom: False - JHU reported 863 cases, 54 deaths",JHU,0,,
